key,source_record_id,value
K1:32C726X12W,ChEMBL:drug_warning:3866,"{""assertedBy"": ""ChEMBL 37 drug_warning"", ""chemblMoleculeId"": ""CHEMBL1256696"", ""country"": ""United States"", ""parentChemblMoleculeId"": ""CHEMBL73234"", ""reason"": ""FDA’s determination that carbetapentane citrate has not been shown to be effective at the over-the-counter (OTC) doses stated in the exempting regulation."", ""reasonClass"": null, ""reasonTerm"": ""lack of efficacy"", ""references"": [""https://www.govinfo.gov/content/pkg/FR-2007-11-30/pdf/E7-23207.pdf""], ""year"": 2007}"
HOLD:existing:cisapride,ChEMBL:drug_warning:3886,"{""assertedBy"": ""ChEMBL 37 drug_warning"", ""chemblMoleculeId"": ""CHEMBL1200788"", ""country"": ""Armenia; Brunei; Mauritius; Bhutan; United Kingdom; Philippines; United States; Oman; Canada; Singapore; Germany; Bahrain; Turkey; Cuba; Japan"", ""parentChemblMoleculeId"": ""CHEMBL1729"", ""reason"": ""Serious cardiac arrhythmias (e.g. ventricular tachycardia, torsades de pointes, and ventricular fibrillation) and sudden cardiac deaths"", ""reasonClass"": ""cardiotoxicity"", ""reasonTerm"": ""torsades de pointes"", ""references"": [""https://healthycanadians.gc.ca/recall-alert-rappel-avis/hc-sc/2000/14309a-eng.php""], ""year"": 2000}"
K1:UVL329170W,ChEMBL:drug_warning:3886,"{""assertedBy"": ""ChEMBL 37 drug_warning"", ""chemblMoleculeId"": ""CHEMBL1200788"", ""country"": ""Armenia; Brunei; Mauritius; Bhutan; United Kingdom; Philippines; United States; Oman; Canada; Singapore; Germany; Bahrain; Turkey; Cuba; Japan"", ""parentChemblMoleculeId"": ""CHEMBL1729"", ""reason"": ""Serious cardiac arrhythmias (e.g. ventricular tachycardia, torsades de pointes, and ventricular fibrillation) and sudden cardiac deaths"", ""reasonClass"": ""cardiotoxicity"", ""reasonTerm"": ""torsades de pointes"", ""references"": [""https://healthycanadians.gc.ca/recall-alert-rappel-avis/hc-sc/2000/14309a-eng.php""], ""year"": 2000}"
K2:DCSUBABJRXZOMT-UHFFFAOYSA-N,ChEMBL:drug_warning:3886,"{""assertedBy"": ""ChEMBL 37 drug_warning"", ""chemblMoleculeId"": ""CHEMBL1200788"", ""country"": ""Armenia; Brunei; Mauritius; Bhutan; United Kingdom; Philippines; United States; Oman; Canada; Singapore; Germany; Bahrain; Turkey; Cuba; Japan"", ""parentChemblMoleculeId"": ""CHEMBL1729"", ""reason"": ""Serious cardiac arrhythmias (e.g. ventricular tachycardia, torsades de pointes, and ventricular fibrillation) and sudden cardiac deaths"", ""reasonClass"": ""cardiotoxicity"", ""reasonTerm"": ""torsades de pointes"", ""references"": [""https://healthycanadians.gc.ca/recall-alert-rappel-avis/hc-sc/2000/14309a-eng.php""], ""year"": 2000}"
HOLD:existing:cisapride,ChEMBL:drug_warning:3887,"{""assertedBy"": ""ChEMBL 37 drug_warning"", ""chemblMoleculeId"": ""CHEMBL1200788"", ""country"": ""Armenia; Brunei; Mauritius; Bhutan; United Kingdom; Philippines; United States; Oman; Canada; Singapore; Germany; Bahrain; Turkey; Cuba; Japan"", ""parentChemblMoleculeId"": ""CHEMBL1729"", ""reason"": ""Rare but serious cardiac adverse effects; Adverse cardiac events published by the FDA.; Serious cardiovascular adverse effects"", ""reasonClass"": ""cardiotoxicity"", ""reasonTerm"": ""cardiotoxicity"", ""references"": [""https://www.who.int/publications/i/item/EDM-QSM-2001.3""], ""year"": 2000}"
K1:UVL329170W,ChEMBL:drug_warning:3887,"{""assertedBy"": ""ChEMBL 37 drug_warning"", ""chemblMoleculeId"": ""CHEMBL1200788"", ""country"": ""Armenia; Brunei; Mauritius; Bhutan; United Kingdom; Philippines; United States; Oman; Canada; Singapore; Germany; Bahrain; Turkey; Cuba; Japan"", ""parentChemblMoleculeId"": ""CHEMBL1729"", ""reason"": ""Rare but serious cardiac adverse effects; Adverse cardiac events published by the FDA.; Serious cardiovascular adverse effects"", ""reasonClass"": ""cardiotoxicity"", ""reasonTerm"": ""cardiotoxicity"", ""references"": [""https://www.who.int/publications/i/item/EDM-QSM-2001.3""], ""year"": 2000}"
K2:DCSUBABJRXZOMT-UHFFFAOYSA-N,ChEMBL:drug_warning:3887,"{""assertedBy"": ""ChEMBL 37 drug_warning"", ""chemblMoleculeId"": ""CHEMBL1200788"", ""country"": ""Armenia; Brunei; Mauritius; Bhutan; United Kingdom; Philippines; United States; Oman; Canada; Singapore; Germany; Bahrain; Turkey; Cuba; Japan"", ""parentChemblMoleculeId"": ""CHEMBL1729"", ""reason"": ""Rare but serious cardiac adverse effects; Adverse cardiac events published by the FDA.; Serious cardiovascular adverse effects"", ""reasonClass"": ""cardiotoxicity"", ""reasonTerm"": ""cardiotoxicity"", ""references"": [""https://www.who.int/publications/i/item/EDM-QSM-2001.3""], ""year"": 2000}"
K1:5B1UZF65WW,ChEMBL:drug_warning:3888,"{""assertedBy"": ""ChEMBL 37 drug_warning"", ""chemblMoleculeId"": ""CHEMBL2104136"", ""country"": ""United Kingdom"", ""parentChemblMoleculeId"": ""CHEMBL1615350"", ""reason"": ""Hepatotoxicity"", ""reasonClass"": ""hepatotoxicity"", ""reasonTerm"": ""hepatotoxicity"", ""references"": [""https://doi.org/10.1177/009286150103500134""], ""year"": 1982}"
K1:864P0921DW,ChEMBL:drug_warning:3889,"{""assertedBy"": ""ChEMBL 37 drug_warning"", ""chemblMoleculeId"": ""CHEMBL3181947"", ""country"": ""United States; Saudi Arabia"", ""parentChemblMoleculeId"": ""CHEMBL1077"", ""reason"": ""Severe hepatitis and liver failure (some requiring transplantation); Hepatic Failure; Off-Label Abuse"", ""reasonClass"": ""drug misuse"", ""reasonTerm"": null, ""references"": [""https://doi.org/10.1177/009286150103500134""], ""year"": 1998}"
K1:2DS058H2CF,ChEMBL:drug_warning:3895,"{""assertedBy"": ""ChEMBL 37 drug_warning"", ""chemblMoleculeId"": ""CHEMBL2106217"", ""country"": ""France; China; United States"", ""parentChemblMoleculeId"": ""CHEMBL87493"", ""reason"": ""Valvulopathy"", ""reasonClass"": ""cardiotoxicity"", ""reasonTerm"": ""heart valve disease"", ""references"": [""https://www.govinfo.gov/content/pkg/FR-1998-10-08/html/98-26923.htm""], ""year"": 1997}"
K1:953A94Y45B,ChEMBL:drug_warning:3895,"{""assertedBy"": ""ChEMBL 37 drug_warning"", ""chemblMoleculeId"": ""CHEMBL2106217"", ""country"": ""France; China; United States"", ""parentChemblMoleculeId"": ""CHEMBL87493"", ""reason"": ""Valvulopathy"", ""reasonClass"": ""cardiotoxicity"", ""reasonTerm"": ""heart valve disease"", ""references"": [""https://www.govinfo.gov/content/pkg/FR-1998-10-08/html/98-26923.htm""], ""year"": 1997}"
K1:E35R3G56OV,ChEMBL:drug_warning:3895,"{""assertedBy"": ""ChEMBL 37 drug_warning"", ""chemblMoleculeId"": ""CHEMBL2106217"", ""country"": ""France; China; United States"", ""parentChemblMoleculeId"": ""CHEMBL87493"", ""reason"": ""Valvulopathy"", ""reasonClass"": ""cardiotoxicity"", ""reasonTerm"": ""heart valve disease"", ""references"": [""https://www.govinfo.gov/content/pkg/FR-1998-10-08/html/98-26923.htm""], ""year"": 1997}"
K1:883G6DMT63,ChEMBL:drug_warning:3904,"{""assertedBy"": ""ChEMBL 37 drug_warning"", ""chemblMoleculeId"": ""CHEMBL1697751"", ""country"": ""France"", ""parentChemblMoleculeId"": ""CHEMBL1740513"", ""reason"": ""Hepatotoxicity"", ""reasonClass"": ""hepatotoxicity"", ""reasonTerm"": ""drug-induced liver injury"", ""references"": [""https://www.un.org/esa/coordination/CL12.pdf"", ""https://doi.org/10.1177/009286150103500134""], ""year"": 1983}"
K1:P2I6R8W6UA,ChEMBL:drug_warning:3912,"{""assertedBy"": ""ChEMBL 37 drug_warning"", ""chemblMoleculeId"": ""CHEMBL3188576"", ""country"": ""Philippines; Dominican Republic; United States"", ""parentChemblMoleculeId"": ""CHEMBL1950576"", ""reason"": ""Neuropsychiatric Reaction"", ""reasonClass"": ""psychiatric toxicity"", ""reasonTerm"": ""ABNORMALITY OF MENTAL FUNCTION"", ""references"": [""https://doi.org/10.1177/009286150103500134""], ""year"": 1970}"
K1:17EC19951N,ChEMBL:drug_warning:3920,"{""assertedBy"": ""ChEMBL 37 drug_warning"", ""chemblMoleculeId"": ""CHEMBL3183453"", ""country"": ""United States"", ""parentChemblMoleculeId"": ""CHEMBL36506"", ""reason"": ""Relatively common skin reactions; Jaundice; Hepatic failure; Blood dyscrasias (neutropenia, anemia, and thrombocytopenia)"", ""reasonClass"": ""hepatotoxicity"", ""reasonTerm"": ""hepatotoxicity"", ""references"": [""https://www.govinfo.gov/content/pkg/FR-2014-07-02/pdf/2014-15371.pdf""], ""year"": 2009}"
K1:PH34873A38,ChEMBL:drug_warning:3932,"{""assertedBy"": ""ChEMBL 37 drug_warning"", ""chemblMoleculeId"": ""CHEMBL1712842"", ""country"": ""United States"", ""parentChemblMoleculeId"": ""CHEMBL395110"", ""reason"": ""associated with granulocytopenia, granulocytosis, paralytic ileus, urinary retention, seizures, hypotension, and jaundice"", ""reasonClass"": ""vascular toxicity"", ""reasonTerm"": ""hypotension"", ""references"": [""https://www.govinfo.gov/content/pkg/FR-1998-10-08/html/98-26923.htm""], ""year"": 1970}"
K1:PH34873A38,ChEMBL:drug_warning:3933,"{""assertedBy"": ""ChEMBL 37 drug_warning"", ""chemblMoleculeId"": ""CHEMBL1712842"", ""country"": ""United States"", ""parentChemblMoleculeId"": ""CHEMBL395110"", ""reason"": ""associated with granulocytopenia, granulocytosis, paralytic ileus, urinary retention, seizures, hypotension, and jaundice"", ""reasonClass"": ""gastrointestinal toxicity"", ""reasonTerm"": ""Paralytic ileus"", ""references"": [""https://www.govinfo.gov/content/pkg/FR-1998-10-08/html/98-26923.htm""], ""year"": 1970}"
K1:PH34873A38,ChEMBL:drug_warning:3934,"{""assertedBy"": ""ChEMBL 37 drug_warning"", ""chemblMoleculeId"": ""CHEMBL1712842"", ""country"": ""United States"", ""parentChemblMoleculeId"": ""CHEMBL395110"", ""reason"": ""associated with granulocytopenia, granulocytosis, paralytic ileus, urinary retention, seizures, hypotension, and jaundice"", ""reasonClass"": ""neurotoxicity"", ""reasonTerm"": ""Seizure"", ""references"": [""https://www.govinfo.gov/content/pkg/FR-1998-10-08/html/98-26923.htm""], ""year"": 1970}"
K1:PH34873A38,ChEMBL:drug_warning:3935,"{""assertedBy"": ""ChEMBL 37 drug_warning"", ""chemblMoleculeId"": ""CHEMBL1712842"", ""country"": ""United States"", ""parentChemblMoleculeId"": ""CHEMBL395110"", ""reason"": ""associated with granulocytopenia, granulocytosis, paralytic ileus, urinary retention, seizures, hypotension, and jaundice"", ""reasonClass"": ""nephrotoxicity"", ""reasonTerm"": ""Urinary retention"", ""references"": [""https://www.govinfo.gov/content/pkg/FR-1998-10-08/html/98-26923.htm""], ""year"": 1970}"
K1:2K5E83H3LL,ChEMBL:drug_warning:3941,"{""assertedBy"": ""ChEMBL 37 drug_warning"", ""chemblMoleculeId"": ""CHEMBL3989830"", ""country"": ""India; European Union; Hong Kong; United States; New Zealand; Canada; Indonesia; Egypt; Guatemala; Australia"", ""parentChemblMoleculeId"": ""CHEMBL1419"", ""reason"": ""cardiovascular events, such as heart attack, stroke and cardiac arrest"", ""reasonClass"": ""neurotoxicity"", ""reasonTerm"": ""stroke"", ""references"": [""http://wayback.archive-it.org/7993/20170111132935/http://www.fda.gov/Safety/MedWatch/SafetyInformation/SafetyAlertsforHumanMedicalProducts/ucm228830.htm"", ""http://www.healthycanadians.gc.ca/recall-alert-rappel-avis/hc-sc/2010/13438a-eng.php"", ""http://europepmc.org/abstract/MED/21574210"", ""https://www.govinfo.gov/content/pkg/FR-2014-07-02/pdf/2014-15371.pdf"", ""https://www.ema.europa.eu/en/medicines/human/referrals/sibutramine#:~:text=The%20Agency\""s%20Committee%20for%20Medicinal,should%20be%20suspended%20throughout%20Europe."", ""http://www.info.gov.hk/gia/general/201011/02/P201011020204.htm"", ""https://web.archive.org/web/20120723055422/http://pib.nic.in/newsite/erelease.aspx?relid=70841"", ""http://www.medsafe.govt.nz/hot/media/2010/SibutramineOct2010.asp""], ""year"": 2010}"
K1:WV5EC51866,ChEMBL:drug_warning:3941,"{""assertedBy"": ""ChEMBL 37 drug_warning"", ""chemblMoleculeId"": ""CHEMBL3989830"", ""country"": ""India; European Union; Hong Kong; United States; New Zealand; Canada; Indonesia; Egypt; Guatemala; Australia"", ""parentChemblMoleculeId"": ""CHEMBL1419"", ""reason"": ""cardiovascular events, such as heart attack, stroke and cardiac arrest"", ""reasonClass"": ""neurotoxicity"", ""reasonTerm"": ""stroke"", ""references"": [""http://wayback.archive-it.org/7993/20170111132935/http://www.fda.gov/Safety/MedWatch/SafetyInformation/SafetyAlertsforHumanMedicalProducts/ucm228830.htm"", ""http://www.healthycanadians.gc.ca/recall-alert-rappel-avis/hc-sc/2010/13438a-eng.php"", ""http://europepmc.org/abstract/MED/21574210"", ""https://www.govinfo.gov/content/pkg/FR-2014-07-02/pdf/2014-15371.pdf"", ""https://www.ema.europa.eu/en/medicines/human/referrals/sibutramine#:~:text=The%20Agency\""s%20Committee%20for%20Medicinal,should%20be%20suspended%20throughout%20Europe."", ""http://www.info.gov.hk/gia/general/201011/02/P201011020204.htm"", ""https://web.archive.org/web/20120723055422/http://pib.nic.in/newsite/erelease.aspx?relid=70841"", ""http://www.medsafe.govt.nz/hot/media/2010/SibutramineOct2010.asp""], ""year"": 2010}"
K1:2K5E83H3LL,ChEMBL:drug_warning:3943,"{""assertedBy"": ""ChEMBL 37 drug_warning"", ""chemblMoleculeId"": ""CHEMBL3989830"", ""country"": ""India; European Union; Hong Kong; United States; New Zealand; Canada; Indonesia; Egypt; Guatemala; Australia"", ""parentChemblMoleculeId"": ""CHEMBL1419"", ""reason"": ""cardiovascular events, such as heart attack, stroke and cardiac arrest"", ""reasonClass"": ""cardiotoxicity"", ""reasonTerm"": ""cardiac arrest"", ""references"": [""http://www.info.gov.hk/gia/general/201011/02/P201011020204.htm"", ""https://www.ema.europa.eu/en/medicines/human/referrals/sibutramine#:~:text=The%20Agency\""s%20Committee%20for%20Medicinal,should%20be%20suspended%20throughout%20Europe."", ""http://www.healthycanadians.gc.ca/recall-alert-rappel-avis/hc-sc/2010/13438a-eng.php"", ""https://web.archive.org/web/20120723055422/http://pib.nic.in/newsite/erelease.aspx?relid=70841"", ""http://europepmc.org/abstract/MED/21574210"", ""https://www.govinfo.gov/content/pkg/FR-2014-07-02/pdf/2014-15371.pdf"", ""http://wayback.archive-it.org/7993/20170111132935/http://www.fda.gov/Safety/MedWatch/SafetyInformation/SafetyAlertsforHumanMedicalProducts/ucm228830.htm"", ""http://www.medsafe.govt.nz/hot/media/2010/SibutramineOct2010.asp""], ""year"": 2010}"
K1:WV5EC51866,ChEMBL:drug_warning:3943,"{""assertedBy"": ""ChEMBL 37 drug_warning"", ""chemblMoleculeId"": ""CHEMBL3989830"", ""country"": ""India; European Union; Hong Kong; United States; New Zealand; Canada; Indonesia; Egypt; Guatemala; Australia"", ""parentChemblMoleculeId"": ""CHEMBL1419"", ""reason"": ""cardiovascular events, such as heart attack, stroke and cardiac arrest"", ""reasonClass"": ""cardiotoxicity"", ""reasonTerm"": ""cardiac arrest"", ""references"": [""http://www.info.gov.hk/gia/general/201011/02/P201011020204.htm"", ""https://www.ema.europa.eu/en/medicines/human/referrals/sibutramine#:~:text=The%20Agency\""s%20Committee%20for%20Medicinal,should%20be%20suspended%20throughout%20Europe."", ""http://www.healthycanadians.gc.ca/recall-alert-rappel-avis/hc-sc/2010/13438a-eng.php"", ""https://web.archive.org/web/20120723055422/http://pib.nic.in/newsite/erelease.aspx?relid=70841"", ""http://europepmc.org/abstract/MED/21574210"", ""https://www.govinfo.gov/content/pkg/FR-2014-07-02/pdf/2014-15371.pdf"", ""http://wayback.archive-it.org/7993/20170111132935/http://www.fda.gov/Safety/MedWatch/SafetyInformation/SafetyAlertsforHumanMedicalProducts/ucm228830.htm"", ""http://www.medsafe.govt.nz/hot/media/2010/SibutramineOct2010.asp""], ""year"": 2010}"
K1:1WZ12GTT67,ChEMBL:drug_warning:3956,"{""assertedBy"": ""ChEMBL 37 drug_warning"", ""chemblMoleculeId"": ""CHEMBL2107495"", ""country"": ""Worldwide"", ""parentChemblMoleculeId"": ""CHEMBL277100"", ""reason"": ""associated with hypoglycemia in elderly patients, as well as a constellation of multisystem organ involvement characterized by hemolytic anemia, frequently associated with renal failure, markedly abnormal liver tests, and coagulopathy"", ""reasonClass"": ""hematological toxicity"", ""reasonTerm"": ""hemolytic anemia"", ""references"": [""https://www.govinfo.gov/content/pkg/FR-1998-10-08/html/98-26923.htm""], ""year"": 1992}"
K1:1WZ12GTT67,ChEMBL:drug_warning:3957,"{""assertedBy"": ""ChEMBL 37 drug_warning"", ""chemblMoleculeId"": ""CHEMBL2107495"", ""country"": ""Worldwide"", ""parentChemblMoleculeId"": ""CHEMBL277100"", ""reason"": ""associated with hypoglycemia in elderly patients, as well as a constellation of multisystem organ involvement characterized by hemolytic anemia, frequently associated with renal failure, markedly abnormal liver tests, and coagulopathy"", ""reasonClass"": ""metabolic toxicity"", ""reasonTerm"": ""Hypoglycemia"", ""references"": [""https://www.govinfo.gov/content/pkg/FR-1998-10-08/html/98-26923.htm""], ""year"": 1992}"
K1:1WZ12GTT67,ChEMBL:drug_warning:3958,"{""assertedBy"": ""ChEMBL 37 drug_warning"", ""chemblMoleculeId"": ""CHEMBL2107495"", ""country"": ""Worldwide"", ""parentChemblMoleculeId"": ""CHEMBL277100"", ""reason"": ""hypoglycaemia, haemolytic anaemia, renal failure, hepatitis and anaphylactic reactions"", ""reasonClass"": ""hematological toxicity"", ""reasonTerm"": ""hemolytic anemia"", ""references"": [""https://www.un.org/esa/coordination/CL12.pdf""], ""year"": 1992}"
K1:822G987U9J,ChEMBL:drug_warning:3972,"{""assertedBy"": ""ChEMBL 37 drug_warning"", ""chemblMoleculeId"": ""CHEMBL3989403"", ""country"": ""Worldwide"", ""parentChemblMoleculeId"": ""CHEMBL19490"", ""reason"": ""Anaphylactic reactions and non_fatal allergic reactions"", ""reasonClass"": ""immune system toxicity"", ""reasonTerm"": ""anaphylaxis"", ""references"": [""https://doi.org/10.1177/009286150103500134"", ""https://www.govinfo.gov/content/pkg/FR-1998-10-08/html/98-26923.htm"", ""http://europepmc.org/abstract/MED/21574210""], ""year"": 1983}"
K1:458VC51857,ChEMBL:drug_warning:3973,"{""assertedBy"": ""ChEMBL 37 drug_warning"", ""chemblMoleculeId"": ""CHEMBL1516474"", ""country"": ""United States; Australia; Canada"", ""parentChemblMoleculeId"": ""CHEMBL76370"", ""reason"": ""Cardiovascular ischemic events occurring in Zelnorm-treated patients included myocardial infarction, stroke, and unstable angina pectoris"", ""reasonClass"": ""neurotoxicity"", ""reasonTerm"": ""stroke"", ""references"": [""https://healthycanadians.gc.ca/recall-alert-rappel-avis/hc-sc/2007/14486a-eng.php""], ""year"": 2007}"
K1:E35R3G56OV,ChEMBL:drug_warning:3987,"{""assertedBy"": ""ChEMBL 37 drug_warning"", ""chemblMoleculeId"": ""CHEMBL1887891"", ""country"": ""Malaysia; India; European Union; United Kingdom; Saudi Arabia; United States; Canada; France; Brazil; Lithuania; Morocco"", ""parentChemblMoleculeId"": ""CHEMBL248702"", ""reason"": ""Rare, but potentially fatal pulmonary artery hypertension"", ""reasonClass"": ""respiratory toxicity"", ""reasonTerm"": ""pulmonary arterial hypertension"", ""references"": [""https://www.un.org/esa/coordination/CL12.pdf""], ""year"": 1997}"
K1:822G987U9J,ChEMBL:drug_warning:3995,"{""assertedBy"": ""ChEMBL 37 drug_warning"", ""chemblMoleculeId"": ""CHEMBL3989403"", ""country"": ""Worldwide"", ""parentChemblMoleculeId"": ""CHEMBL19490"", ""reason"": ""Anaphylactic reactions and non_fatal allergic reactions"", ""reasonClass"": ""immune system toxicity"", ""reasonTerm"": ""drug allergy"", ""references"": [""https://doi.org/10.1177/009286150103500134"", ""http://europepmc.org/abstract/MED/21574210"", ""https://www.govinfo.gov/content/pkg/FR-1998-10-08/html/98-26923.htm""], ""year"": 1983}"
K1:2880D3468G,ChEMBL:drug_warning:3998,"{""assertedBy"": ""ChEMBL 37 drug_warning"", ""chemblMoleculeId"": ""CHEMBL1770"", ""country"": ""Vietnam; China"", ""parentChemblMoleculeId"": ""CHEMBL1454"", ""reason"": ""Adverse effects that cause encephalitis and mortality"", ""reasonClass"": ""neurotoxicity"", ""reasonTerm"": ""Encephalitis"", ""references"": [""https://www.un.org/esa/coordination/CL12.pdf""], ""year"": 2000}"
K1:D9GM7FH652,ChEMBL:drug_warning:4025,"{""assertedBy"": ""ChEMBL 37 drug_warning"", ""chemblMoleculeId"": ""CHEMBL1201619"", ""country"": ""United States"", ""parentChemblMoleculeId"": ""CHEMBL1201619"", ""reason"": ""Increased mortality"", ""reasonClass"": null, ""reasonTerm"": ""dead"", ""references"": [""https://www.fda.gov/drugs/postmarket-drug-safety-information-patients-and-providers/aprotinin-injection-marketed-trasylol-information"", ""http://europepmc.org/abstract/MED/21574210""], ""year"": 2007}"
K1:864P0921DW,ChEMBL:drug_warning:4035,"{""assertedBy"": ""ChEMBL 37 drug_warning"", ""chemblMoleculeId"": ""CHEMBL3181947"", ""country"": ""United States; Saudi Arabia"", ""parentChemblMoleculeId"": ""CHEMBL1077"", ""reason"": ""Severe hepatitis and liver failure (some requiring transplantation); Hepatic Failure; Off-Label Abuse"", ""reasonClass"": ""hepatotoxicity"", ""reasonTerm"": ""drug-induced liver injury"", ""references"": [""http://europepmc.org/abstract/MED/21574210"", ""https://www.govinfo.gov/content/pkg/FR-2014-07-02/pdf/2014-15371.pdf"", ""https://doi.org/10.1177/009286150103500134""], ""year"": 1998}"
HOLD:existing:cisapride,ChEMBL:drug_warning:4037,"{""assertedBy"": ""ChEMBL 37 drug_warning"", ""chemblMoleculeId"": ""CHEMBL1200788"", ""country"": ""Armenia; Brunei; Mauritius; Bhutan; United Kingdom; Philippines; United States; Oman; Canada; Singapore; Germany; Bahrain; Turkey; Cuba; Japan"", ""parentChemblMoleculeId"": ""CHEMBL1729"", ""reason"": ""Serious cardiac arrhythmias (e.g. ventricular tachycardia, torsades de pointes, and ventricular fibrillation) and sudden cardiac deaths"", ""reasonClass"": ""cardiotoxicity"", ""reasonTerm"": ""ventricular fibrillation"", ""references"": [""https://healthycanadians.gc.ca/recall-alert-rappel-avis/hc-sc/2000/14309a-eng.php""], ""year"": 2000}"
K1:UVL329170W,ChEMBL:drug_warning:4037,"{""assertedBy"": ""ChEMBL 37 drug_warning"", ""chemblMoleculeId"": ""CHEMBL1200788"", ""country"": ""Armenia; Brunei; Mauritius; Bhutan; United Kingdom; Philippines; United States; Oman; Canada; Singapore; Germany; Bahrain; Turkey; Cuba; Japan"", ""parentChemblMoleculeId"": ""CHEMBL1729"", ""reason"": ""Serious cardiac arrhythmias (e.g. ventricular tachycardia, torsades de pointes, and ventricular fibrillation) and sudden cardiac deaths"", ""reasonClass"": ""cardiotoxicity"", ""reasonTerm"": ""ventricular fibrillation"", ""references"": [""https://healthycanadians.gc.ca/recall-alert-rappel-avis/hc-sc/2000/14309a-eng.php""], ""year"": 2000}"
K2:DCSUBABJRXZOMT-UHFFFAOYSA-N,ChEMBL:drug_warning:4037,"{""assertedBy"": ""ChEMBL 37 drug_warning"", ""chemblMoleculeId"": ""CHEMBL1200788"", ""country"": ""Armenia; Brunei; Mauritius; Bhutan; United Kingdom; Philippines; United States; Oman; Canada; Singapore; Germany; Bahrain; Turkey; Cuba; Japan"", ""parentChemblMoleculeId"": ""CHEMBL1729"", ""reason"": ""Serious cardiac arrhythmias (e.g. ventricular tachycardia, torsades de pointes, and ventricular fibrillation) and sudden cardiac deaths"", ""reasonClass"": ""cardiotoxicity"", ""reasonTerm"": ""ventricular fibrillation"", ""references"": [""https://healthycanadians.gc.ca/recall-alert-rappel-avis/hc-sc/2000/14309a-eng.php""], ""year"": 2000}"
K1:5B1UZF65WW,ChEMBL:drug_warning:4038,"{""assertedBy"": ""ChEMBL 37 drug_warning"", ""chemblMoleculeId"": ""CHEMBL2104136"", ""country"": ""United Kingdom"", ""parentChemblMoleculeId"": ""CHEMBL1615350"", ""reason"": ""Hepatotoxicity"", ""reasonClass"": ""hepatotoxicity"", ""reasonTerm"": ""drug-induced liver injury"", ""references"": [""https://doi.org/10.1177/009286150103500134""], ""year"": 1982}"
K1:864P0921DW,ChEMBL:drug_warning:4042,"{""assertedBy"": ""ChEMBL 37 drug_warning"", ""chemblMoleculeId"": ""CHEMBL3181947"", ""country"": ""United States; Saudi Arabia"", ""parentChemblMoleculeId"": ""CHEMBL1077"", ""reason"": ""Severe hepatitis and liver failure (some requiring transplantation); Hepatic Failure; Off-Label Abuse"", ""reasonClass"": ""hepatotoxicity"", ""reasonTerm"": ""hepatotoxicity"", ""references"": [""https://doi.org/10.1177/009286150103500134"", ""http://europepmc.org/abstract/MED/21574210"", ""https://www.govinfo.gov/content/pkg/FR-2014-07-02/pdf/2014-15371.pdf""], ""year"": 1998}"
K1:864P0921DW,ChEMBL:drug_warning:4044,"{""assertedBy"": ""ChEMBL 37 drug_warning"", ""chemblMoleculeId"": ""CHEMBL3181947"", ""country"": ""United States; Saudi Arabia"", ""parentChemblMoleculeId"": ""CHEMBL1077"", ""reason"": ""Severe hepatitis and liver failure (some requiring transplantation); Hepatic Failure; Off-Label Abuse"", ""reasonClass"": ""drug misuse"", ""reasonTerm"": ""drug misuse"", ""references"": [""https://www.govinfo.gov/content/pkg/FR-2014-07-02/pdf/2014-15371.pdf"", ""http://europepmc.org/abstract/MED/21574210""], ""year"": 1998}"
K1:P2I6R8W6UA,ChEMBL:drug_warning:4058,"{""assertedBy"": ""ChEMBL 37 drug_warning"", ""chemblMoleculeId"": ""CHEMBL3188576"", ""country"": ""Philippines; Dominican Republic; United States"", ""parentChemblMoleculeId"": ""CHEMBL1950576"", ""reason"": ""Neuropsychiatric Reaction"", ""reasonClass"": ""neurotoxicity"", ""reasonTerm"": ""ABNORMALITY OF MENTAL FUNCTION"", ""references"": [""https://doi.org/10.1177/009286150103500134""], ""year"": 1970}"
K1:00U7GX0NLM,ChEMBL:drug_warning:4060,"{""assertedBy"": ""ChEMBL 37 drug_warning"", ""chemblMoleculeId"": ""CHEMBL1364551"", ""country"": ""France"", ""parentChemblMoleculeId"": ""CHEMBL278819"", ""reason"": ""Convulsions"", ""reasonClass"": ""neurotoxicity"", ""reasonTerm"": ""Seizure"", ""references"": [""https://doi.org/10.1177/009286150103500134""], ""year"": 1996}"
K1:33RU150WUN,ChEMBL:drug_warning:4070,"{""assertedBy"": ""ChEMBL 37 drug_warning"", ""chemblMoleculeId"": ""CHEMBL1201535"", ""country"": ""Australia; Bhutan; Timor-Leste; South Korea; United States; Canada; Singapore; Malaysia; Brazil; Germany"", ""parentChemblMoleculeId"": ""CHEMBL61006"", ""reason"": ""Increased risk of hemorrhagic stroke"", ""reasonClass"": ""neurotoxicity"", ""reasonTerm"": ""hemorrhagic stroke"", ""references"": [""https://www.govinfo.gov/content/pkg/FR-2014-07-02/pdf/2014-15371.pdf""], ""year"": 1987}"
K1:57B9YG5Y1E,ChEMBL:drug_warning:4070,"{""assertedBy"": ""ChEMBL 37 drug_warning"", ""chemblMoleculeId"": ""CHEMBL1201535"", ""country"": ""Australia; Bhutan; Timor-Leste; South Korea; United States; Canada; Singapore; Malaysia; Brazil; Germany"", ""parentChemblMoleculeId"": ""CHEMBL61006"", ""reason"": ""Increased risk of hemorrhagic stroke"", ""reasonClass"": ""neurotoxicity"", ""reasonTerm"": ""hemorrhagic stroke"", ""references"": [""https://www.govinfo.gov/content/pkg/FR-2014-07-02/pdf/2014-15371.pdf""], ""year"": 1987}"
K1:7875H6443P,ChEMBL:drug_warning:4070,"{""assertedBy"": ""ChEMBL 37 drug_warning"", ""chemblMoleculeId"": ""CHEMBL1201535"", ""country"": ""Australia; Bhutan; Timor-Leste; South Korea; United States; Canada; Singapore; Malaysia; Brazil; Germany"", ""parentChemblMoleculeId"": ""CHEMBL61006"", ""reason"": ""Increased risk of hemorrhagic stroke"", ""reasonClass"": ""neurotoxicity"", ""reasonTerm"": ""hemorrhagic stroke"", ""references"": [""https://www.govinfo.gov/content/pkg/FR-2014-07-02/pdf/2014-15371.pdf""], ""year"": 1987}"
K2:DLNKOYKMWOXYQA-UHFFFAOYSA-N,ChEMBL:drug_warning:4070,"{""assertedBy"": ""ChEMBL 37 drug_warning"", ""chemblMoleculeId"": ""CHEMBL1201535"", ""country"": ""Australia; Bhutan; Timor-Leste; South Korea; United States; Canada; Singapore; Malaysia; Brazil; Germany"", ""parentChemblMoleculeId"": ""CHEMBL61006"", ""reason"": ""Increased risk of hemorrhagic stroke"", ""reasonClass"": ""neurotoxicity"", ""reasonTerm"": ""hemorrhagic stroke"", ""references"": [""https://www.govinfo.gov/content/pkg/FR-2014-07-02/pdf/2014-15371.pdf""], ""year"": 1987}"
K1:2K5E83H3LL,ChEMBL:drug_warning:4076,"{""assertedBy"": ""ChEMBL 37 drug_warning"", ""chemblMoleculeId"": ""CHEMBL3989830"", ""country"": ""India; European Union; Hong Kong; United States; New Zealand; Canada; Indonesia; Egypt; Guatemala; Australia"", ""parentChemblMoleculeId"": ""CHEMBL1419"", ""reason"": ""cardiovascular events, such as heart attack, stroke and cardiac arrest"", ""reasonClass"": ""cardiotoxicity"", ""reasonTerm"": ""myocardial infarction"", ""references"": [""http://www.medsafe.govt.nz/hot/media/2010/SibutramineOct2010.asp"", ""http://europepmc.org/abstract/MED/21574210"", ""http://www.info.gov.hk/gia/general/201011/02/P201011020204.htm"", ""https://www.ema.europa.eu/en/medicines/human/referrals/sibutramine#:~:text=The%20Agency\""s%20Committee%20for%20Medicinal,should%20be%20suspended%20throughout%20Europe."", ""https://web.archive.org/web/20120723055422/http://pib.nic.in/newsite/erelease.aspx?relid=70841"", ""http://wayback.archive-it.org/7993/20170111132935/http://www.fda.gov/Safety/MedWatch/SafetyInformation/SafetyAlertsforHumanMedicalProducts/ucm228830.htm"", ""http://www.healthycanadians.gc.ca/recall-alert-rappel-avis/hc-sc/2010/13438a-eng.php"", ""https://www.govinfo.gov/content/pkg/FR-2014-07-02/pdf/2014-15371.pdf""], ""year"": 2010}"
K1:WV5EC51866,ChEMBL:drug_warning:4076,"{""assertedBy"": ""ChEMBL 37 drug_warning"", ""chemblMoleculeId"": ""CHEMBL3989830"", ""country"": ""India; European Union; Hong Kong; United States; New Zealand; Canada; Indonesia; Egypt; Guatemala; Australia"", ""parentChemblMoleculeId"": ""CHEMBL1419"", ""reason"": ""cardiovascular events, such as heart attack, stroke and cardiac arrest"", ""reasonClass"": ""cardiotoxicity"", ""reasonTerm"": ""myocardial infarction"", ""references"": [""http://www.medsafe.govt.nz/hot/media/2010/SibutramineOct2010.asp"", ""http://europepmc.org/abstract/MED/21574210"", ""http://www.info.gov.hk/gia/general/201011/02/P201011020204.htm"", ""https://www.ema.europa.eu/en/medicines/human/referrals/sibutramine#:~:text=The%20Agency\""s%20Committee%20for%20Medicinal,should%20be%20suspended%20throughout%20Europe."", ""https://web.archive.org/web/20120723055422/http://pib.nic.in/newsite/erelease.aspx?relid=70841"", ""http://wayback.archive-it.org/7993/20170111132935/http://www.fda.gov/Safety/MedWatch/SafetyInformation/SafetyAlertsforHumanMedicalProducts/ucm228830.htm"", ""http://www.healthycanadians.gc.ca/recall-alert-rappel-avis/hc-sc/2010/13438a-eng.php"", ""https://www.govinfo.gov/content/pkg/FR-2014-07-02/pdf/2014-15371.pdf""], ""year"": 2010}"
K1:24MJ822NZ9,ChEMBL:drug_warning:4082,"{""assertedBy"": ""ChEMBL 37 drug_warning"", ""chemblMoleculeId"": ""CHEMBL1275"", ""country"": ""United States; Canada"", ""parentChemblMoleculeId"": ""CHEMBL531"", ""reason"": ""Valvulopathy"", ""reasonClass"": ""cardiotoxicity"", ""reasonTerm"": ""heart valve disease"", ""references"": [""https://healthycanadians.gc.ca/recall-alert-rappel-avis/hc-sc/2007/14469a-eng.php""], ""year"": 2007}"
K1:KU65374X44,ChEMBL:drug_warning:4083,"{""assertedBy"": ""ChEMBL 37 drug_warning"", ""chemblMoleculeId"": ""CHEMBL1334033"", ""country"": ""United Kingdom; Spain"", ""parentChemblMoleculeId"": ""CHEMBL75880"", ""reason"": ""Neurologic and Hepatic Toxicities"", ""reasonClass"": ""hepatotoxicity"", ""reasonTerm"": ""drug-induced liver injury"", ""references"": [""https://doi.org/10.1177/009286150103500134"", ""http://europepmc.org/abstract/MED/7628177""], ""year"": 1985}"
K1:KU65374X44,ChEMBL:drug_warning:4084,"{""assertedBy"": ""ChEMBL 37 drug_warning"", ""chemblMoleculeId"": ""CHEMBL1334033"", ""country"": ""United Kingdom; Spain"", ""parentChemblMoleculeId"": ""CHEMBL75880"", ""reason"": ""Neurologic and Hepatic Toxicities"", ""reasonClass"": ""hepatotoxicity"", ""reasonTerm"": ""hepatotoxicity"", ""references"": [""https://doi.org/10.1177/009286150103500134"", ""http://europepmc.org/abstract/MED/7628177""], ""year"": 1985}"
K1:1WZ12GTT67,ChEMBL:drug_warning:4091,"{""assertedBy"": ""ChEMBL 37 drug_warning"", ""chemblMoleculeId"": ""CHEMBL2107495"", ""country"": ""Worldwide"", ""parentChemblMoleculeId"": ""CHEMBL277100"", ""reason"": ""associated with hypoglycemia in elderly patients, as well as a constellation of multisystem organ involvement characterized by hemolytic anemia, frequently associated with renal failure, markedly abnormal liver tests, and coagulopathy"", ""reasonClass"": ""hepatotoxicity"", ""reasonTerm"": ""drug-induced liver injury"", ""references"": [""https://www.govinfo.gov/content/pkg/FR-1998-10-08/html/98-26923.htm""], ""year"": 1992}"
K1:1WZ12GTT67,ChEMBL:drug_warning:4092,"{""assertedBy"": ""ChEMBL 37 drug_warning"", ""chemblMoleculeId"": ""CHEMBL2107495"", ""country"": ""Worldwide"", ""parentChemblMoleculeId"": ""CHEMBL277100"", ""reason"": ""hypoglycaemia, haemolytic anaemia, renal failure, hepatitis and anaphylactic reactions"", ""reasonClass"": ""hepatotoxicity"", ""reasonTerm"": ""Hepatitis"", ""references"": [""https://www.un.org/esa/coordination/CL12.pdf""], ""year"": 1992}"
K1:458VC51857,ChEMBL:drug_warning:4111,"{""assertedBy"": ""ChEMBL 37 drug_warning"", ""chemblMoleculeId"": ""CHEMBL1516474"", ""country"": ""United States; Australia; Canada"", ""parentChemblMoleculeId"": ""CHEMBL76370"", ""reason"": ""Risk for heart attack, stroke, and unstable angina"", ""reasonClass"": ""cardiotoxicity"", ""reasonTerm"": ""angina unstable"", ""references"": [""https://www.govinfo.gov/content/pkg/FR-2014-07-02/pdf/2014-15371.pdf"", ""http://europepmc.org/abstract/MED/21574210""], ""year"": 2007}"
K1:R4KO0DY52L,ChEMBL:drug_warning:4148,"{""assertedBy"": ""ChEMBL 37 drug_warning"", ""chemblMoleculeId"": ""CHEMBL4297088"", ""country"": ""United States"", ""parentChemblMoleculeId"": ""CHEMBL790"", ""reason"": ""associated with chemical and thermal burns"", ""reasonClass"": ""dermatological toxicity"", ""reasonTerm"": ""caustic injury"", ""references"": [""https://www.govinfo.gov/content/pkg/FR-1998-10-08/html/98-26923.htm""], ""year"": 1984}"
K1:R4KO0DY52L,ChEMBL:drug_warning:4149,"{""assertedBy"": ""ChEMBL 37 drug_warning"", ""chemblMoleculeId"": ""CHEMBL4297088"", ""country"": ""United States"", ""parentChemblMoleculeId"": ""CHEMBL790"", ""reason"": ""associated with chemical and thermal burns"", ""reasonClass"": ""dermatological toxicity"", ""reasonTerm"": ""thermal burn"", ""references"": [""https://www.govinfo.gov/content/pkg/FR-1998-10-08/html/98-26923.htm""], ""year"": 1984}"
K1:864P0921DW,ChEMBL:drug_warning:4159,"{""assertedBy"": ""ChEMBL 37 drug_warning"", ""chemblMoleculeId"": ""CHEMBL3181947"", ""country"": ""United States; Saudi Arabia"", ""parentChemblMoleculeId"": ""CHEMBL1077"", ""reason"": ""Severe hepatitis and liver failure (some requiring transplantation); Hepatic Failure; Off-Label Abuse"", ""reasonClass"": ""hepatotoxicity"", ""reasonTerm"": ""Hepatic failure"", ""references"": [""http://europepmc.org/abstract/MED/21574210"", ""https://doi.org/10.1177/009286150103500134"", ""https://www.govinfo.gov/content/pkg/FR-2014-07-02/pdf/2014-15371.pdf""], ""year"": 1998}"
HOLD:existing:cisapride,ChEMBL:drug_warning:4162,"{""assertedBy"": ""ChEMBL 37 drug_warning"", ""chemblMoleculeId"": ""CHEMBL1200788"", ""country"": ""Armenia; Brunei; Mauritius; Bhutan; United Kingdom; Philippines; United States; Oman; Canada; Singapore; Germany; Bahrain; Turkey; Cuba; Japan"", ""parentChemblMoleculeId"": ""CHEMBL1729"", ""reason"": ""Documented reports on adverse events including deaths associated with its use; Rare but serious heart complications including arrhythmias and sudden death"", ""reasonClass"": null, ""reasonTerm"": ""dead"", ""references"": [""https://www.who.int/publications/i/item/EDM-QSM-2001.3""], ""year"": 2000}"
K1:UVL329170W,ChEMBL:drug_warning:4162,"{""assertedBy"": ""ChEMBL 37 drug_warning"", ""chemblMoleculeId"": ""CHEMBL1200788"", ""country"": ""Armenia; Brunei; Mauritius; Bhutan; United Kingdom; Philippines; United States; Oman; Canada; Singapore; Germany; Bahrain; Turkey; Cuba; Japan"", ""parentChemblMoleculeId"": ""CHEMBL1729"", ""reason"": ""Documented reports on adverse events including deaths associated with its use; Rare but serious heart complications including arrhythmias and sudden death"", ""reasonClass"": null, ""reasonTerm"": ""dead"", ""references"": [""https://www.who.int/publications/i/item/EDM-QSM-2001.3""], ""year"": 2000}"
K2:DCSUBABJRXZOMT-UHFFFAOYSA-N,ChEMBL:drug_warning:4162,"{""assertedBy"": ""ChEMBL 37 drug_warning"", ""chemblMoleculeId"": ""CHEMBL1200788"", ""country"": ""Armenia; Brunei; Mauritius; Bhutan; United Kingdom; Philippines; United States; Oman; Canada; Singapore; Germany; Bahrain; Turkey; Cuba; Japan"", ""parentChemblMoleculeId"": ""CHEMBL1729"", ""reason"": ""Documented reports on adverse events including deaths associated with its use; Rare but serious heart complications including arrhythmias and sudden death"", ""reasonClass"": null, ""reasonTerm"": ""dead"", ""references"": [""https://www.who.int/publications/i/item/EDM-QSM-2001.3""], ""year"": 2000}"
K1:PH34873A38,ChEMBL:drug_warning:4183,"{""assertedBy"": ""ChEMBL 37 drug_warning"", ""chemblMoleculeId"": ""CHEMBL1712842"", ""country"": ""United States"", ""parentChemblMoleculeId"": ""CHEMBL395110"", ""reason"": ""associated with granulocytopenia, granulocytosis, paralytic ileus, urinary retention, seizures, hypotension, and jaundice"", ""reasonClass"": ""hepatotoxicity"", ""reasonTerm"": ""drug-induced liver injury"", ""references"": [""https://www.govinfo.gov/content/pkg/FR-1998-10-08/html/98-26923.htm""], ""year"": 1970}"
K1:PH34873A38,ChEMBL:drug_warning:4184,"{""assertedBy"": ""ChEMBL 37 drug_warning"", ""chemblMoleculeId"": ""CHEMBL1712842"", ""country"": ""United States"", ""parentChemblMoleculeId"": ""CHEMBL395110"", ""reason"": ""associated with granulocytopenia, granulocytosis, paralytic ileus, urinary retention, seizures, hypotension, and jaundice"", ""reasonClass"": ""immune system toxicity"", ""reasonTerm"": ""Granulocytopenia"", ""references"": [""https://www.govinfo.gov/content/pkg/FR-1998-10-08/html/98-26923.htm""], ""year"": 1970}"
K2:WJIZVQNUJVMJAZ-UHFFFAOYSA-N,ChEMBL:drug_warning:4185,"{""assertedBy"": ""ChEMBL 37 drug_warning"", ""chemblMoleculeId"": ""CHEMBL3301670"", ""country"": ""Germany"", ""parentChemblMoleculeId"": ""CHEMBL3304486"", ""reason"": ""Multi-Organ Toxicities"", ""reasonClass"": null, ""reasonTerm"": ""Multiple Organ Failure"", ""references"": [""https://doi.org/10.1177/009286150103500134""], ""year"": 1986}"
K1:P2I6R8W6UA,ChEMBL:drug_warning:4186,"{""assertedBy"": ""ChEMBL 37 drug_warning"", ""chemblMoleculeId"": ""CHEMBL3188576"", ""country"": ""Philippines; Dominican Republic; United States"", ""parentChemblMoleculeId"": ""CHEMBL1950576"", ""reason"": ""associated with ototoxicity"", ""reasonClass"": ""ototoxicity"", ""reasonTerm"": ""ototoxicity"", ""references"": [""https://www.govinfo.gov/content/pkg/FR-1998-10-08/html/98-26923.htm""], ""year"": 1970}"
K1:17EC19951N,ChEMBL:drug_warning:4190,"{""assertedBy"": ""ChEMBL 37 drug_warning"", ""chemblMoleculeId"": ""CHEMBL3183453"", ""country"": ""United States"", ""parentChemblMoleculeId"": ""CHEMBL36506"", ""reason"": ""Relatively common skin reactions; Jaundice; Hepatic failure; Blood dyscrasias (neutropenia, anemia, and thrombocytopenia)"", ""reasonClass"": ""hematological toxicity"", ""reasonTerm"": ""anemia"", ""references"": [""https://www.govinfo.gov/content/pkg/FR-2014-07-02/pdf/2014-15371.pdf""], ""year"": 2009}"
K1:17EC19951N,ChEMBL:drug_warning:4191,"{""assertedBy"": ""ChEMBL 37 drug_warning"", ""chemblMoleculeId"": ""CHEMBL3183453"", ""country"": ""United States"", ""parentChemblMoleculeId"": ""CHEMBL36506"", ""reason"": ""Relatively common skin reactions; Jaundice; Hepatic failure; Blood dyscrasias (neutropenia, anemia, and thrombocytopenia)"", ""reasonClass"": ""dermatological toxicity"", ""reasonTerm"": ""skin reaction"", ""references"": [""https://www.govinfo.gov/content/pkg/FR-2014-07-02/pdf/2014-15371.pdf""], ""year"": 2009}"
K1:17EC19951N,ChEMBL:drug_warning:4192,"{""assertedBy"": ""ChEMBL 37 drug_warning"", ""chemblMoleculeId"": ""CHEMBL3183453"", ""country"": ""United States"", ""parentChemblMoleculeId"": ""CHEMBL36506"", ""reason"": ""Relatively common skin reactions; Jaundice; Hepatic failure; Blood dyscrasias (neutropenia, anemia, and thrombocytopenia)"", ""reasonClass"": ""hematological toxicity"", ""reasonTerm"": ""Thrombocytopenia"", ""references"": [""https://www.govinfo.gov/content/pkg/FR-2014-07-02/pdf/2014-15371.pdf""], ""year"": 2009}"
K1:24MJ822NZ9,ChEMBL:drug_warning:4198,"{""assertedBy"": ""ChEMBL 37 drug_warning"", ""chemblMoleculeId"": ""CHEMBL1275"", ""country"": ""United States; Canada"", ""parentChemblMoleculeId"": ""CHEMBL531"", ""reason"": ""Risk for heart valve damage"", ""reasonClass"": ""cardiotoxicity"", ""reasonTerm"": ""heart valve disease"", ""references"": [""http://europepmc.org/abstract/MED/21574210"", ""https://www.govinfo.gov/content/pkg/FR-2014-07-02/pdf/2014-15371.pdf""], ""year"": 2007}"
K1:PH34873A38,ChEMBL:drug_warning:4207,"{""assertedBy"": ""ChEMBL 37 drug_warning"", ""chemblMoleculeId"": ""CHEMBL1712842"", ""country"": ""United States"", ""parentChemblMoleculeId"": ""CHEMBL395110"", ""reason"": ""associated with granulocytopenia, granulocytosis, paralytic ileus, urinary retention, seizures, hypotension, and jaundice"", ""reasonClass"": ""immune system toxicity"", ""reasonTerm"": ""Granulocytosis"", ""references"": [""https://www.govinfo.gov/content/pkg/FR-1998-10-08/html/98-26923.htm""], ""year"": 1970}"
"COMBO:{K1:O9S4K2S25E,K1:S2F83W92TK}",ChEMBL:drug_warning:4219,"{""assertedBy"": ""ChEMBL 37 drug_warning"", ""chemblMoleculeId"": ""CHEMBL1237104"", ""country"": ""European Union; New Zealand; Canada; Iraq; United States"", ""parentChemblMoleculeId"": ""CHEMBL1213351"", ""reason"": ""Serious toxicity to the heart; increase the risk for serious abnormal heart rhythms."", ""reasonClass"": ""cardiotoxicity"", ""reasonTerm"": ""cardiac arrhythmia"", ""references"": [""https://www.govinfo.gov/content/pkg/FR-2014-07-02/pdf/2014-15371.pdf""], ""year"": 2009}"
K1:S2F83W92TK,ChEMBL:drug_warning:4219,"{""assertedBy"": ""ChEMBL 37 drug_warning"", ""chemblMoleculeId"": ""CHEMBL1237104"", ""country"": ""European Union; New Zealand; Canada; Iraq; United States"", ""parentChemblMoleculeId"": ""CHEMBL1213351"", ""reason"": ""Serious toxicity to the heart; increase the risk for serious abnormal heart rhythms."", ""reasonClass"": ""cardiotoxicity"", ""reasonTerm"": ""cardiac arrhythmia"", ""references"": [""https://www.govinfo.gov/content/pkg/FR-2014-07-02/pdf/2014-15371.pdf""], ""year"": 2009}"
K1:U75VZ9PK1J,ChEMBL:drug_warning:4219,"{""assertedBy"": ""ChEMBL 37 drug_warning"", ""chemblMoleculeId"": ""CHEMBL1237104"", ""country"": ""European Union; New Zealand; Canada; Iraq; United States"", ""parentChemblMoleculeId"": ""CHEMBL1213351"", ""reason"": ""Serious toxicity to the heart; increase the risk for serious abnormal heart rhythms."", ""reasonClass"": ""cardiotoxicity"", ""reasonTerm"": ""cardiac arrhythmia"", ""references"": [""https://www.govinfo.gov/content/pkg/FR-2014-07-02/pdf/2014-15371.pdf""], ""year"": 2009}"
K1:1WZ12GTT67,ChEMBL:drug_warning:4228,"{""assertedBy"": ""ChEMBL 37 drug_warning"", ""chemblMoleculeId"": ""CHEMBL2107495"", ""country"": ""Worldwide"", ""parentChemblMoleculeId"": ""CHEMBL277100"", ""reason"": ""Low blood sugar; hemolytic anemia; kidney, liver dysfunction; allergic reactions"", ""reasonClass"": ""hematological toxicity"", ""reasonTerm"": ""hemolytic anemia"", ""references"": [""http://europepmc.org/abstract/MED/21574210"", ""https://doi.org/10.1177/009286150103500134""], ""year"": 1992}"
K1:1WZ12GTT67,ChEMBL:drug_warning:4229,"{""assertedBy"": ""ChEMBL 37 drug_warning"", ""chemblMoleculeId"": ""CHEMBL2107495"", ""country"": ""Worldwide"", ""parentChemblMoleculeId"": ""CHEMBL277100"", ""reason"": ""Low blood sugar; hemolytic anemia; kidney, liver dysfunction; allergic reactions"", ""reasonClass"": ""metabolic toxicity"", ""reasonTerm"": ""Hypoglycemia"", ""references"": [""http://europepmc.org/abstract/MED/21574210"", ""https://doi.org/10.1177/009286150103500134""], ""year"": 1992}"
K1:1WZ12GTT67,ChEMBL:drug_warning:4231,"{""assertedBy"": ""ChEMBL 37 drug_warning"", ""chemblMoleculeId"": ""CHEMBL2107495"", ""country"": ""Worldwide"", ""parentChemblMoleculeId"": ""CHEMBL277100"", ""reason"": ""hypoglycaemia, haemolytic anaemia, renal failure, hepatitis and anaphylactic reactions"", ""reasonClass"": ""hepatotoxicity"", ""reasonTerm"": ""drug-induced liver injury"", ""references"": [""https://www.un.org/esa/coordination/CL12.pdf""], ""year"": 1992}"
K1:1WZ12GTT67,ChEMBL:drug_warning:4232,"{""assertedBy"": ""ChEMBL 37 drug_warning"", ""chemblMoleculeId"": ""CHEMBL2107495"", ""country"": ""Worldwide"", ""parentChemblMoleculeId"": ""CHEMBL277100"", ""reason"": ""hypoglycaemia, haemolytic anaemia, renal failure, hepatitis and anaphylactic reactions"", ""reasonClass"": ""nephrotoxicity"", ""reasonTerm"": ""kidney failure"", ""references"": [""https://www.un.org/esa/coordination/CL12.pdf""], ""year"": 1992}"
K1:458VC51857,ChEMBL:drug_warning:4251,"{""assertedBy"": ""ChEMBL 37 drug_warning"", ""chemblMoleculeId"": ""CHEMBL1516474"", ""country"": ""United States; Australia; Canada"", ""parentChemblMoleculeId"": ""CHEMBL76370"", ""reason"": ""Risk for heart attack, stroke, and unstable angina"", ""reasonClass"": ""cardiotoxicity"", ""reasonTerm"": ""stroke"", ""references"": [""https://www.govinfo.gov/content/pkg/FR-2014-07-02/pdf/2014-15371.pdf"", ""http://europepmc.org/abstract/MED/21574210""], ""year"": 2007}"
K1:I16QD7X297,ChEMBL:drug_warning:4272,"{""assertedBy"": ""ChEMBL 37 drug_warning"", ""chemblMoleculeId"": ""CHEMBL3989769"", ""country"": ""Bangladesh"", ""parentChemblMoleculeId"": ""CHEMBL3989751"", ""reason"": ""shown to cause malabsorption in children and to be of little or no therapeutic value."", ""reasonClass"": ""metabolic toxicity"", ""reasonTerm"": ""malabsorption syndrome"", ""references"": [""https://www.un.org/esa/coordination/CL12.pdf""], ""year"": 1982}"
HOLD:existing:cisapride,ChEMBL:drug_warning:4302,"{""assertedBy"": ""ChEMBL 37 drug_warning"", ""chemblMoleculeId"": ""CHEMBL1200788"", ""country"": ""Armenia; Brunei; Mauritius; Bhutan; United Kingdom; Philippines; United States; Oman; Canada; Singapore; Germany; Bahrain; Turkey; Cuba; Japan"", ""parentChemblMoleculeId"": ""CHEMBL1729"", ""reason"": ""Fatal arrhythmia"", ""reasonClass"": ""cardiotoxicity"", ""reasonTerm"": ""cardiac arrhythmia"", ""references"": [""http://europepmc.org/abstract/MED/21574210"", ""https://www.govinfo.gov/content/pkg/FR-2014-07-02/pdf/2014-15371.pdf""], ""year"": 2000}"
K1:UVL329170W,ChEMBL:drug_warning:4302,"{""assertedBy"": ""ChEMBL 37 drug_warning"", ""chemblMoleculeId"": ""CHEMBL1200788"", ""country"": ""Armenia; Brunei; Mauritius; Bhutan; United Kingdom; Philippines; United States; Oman; Canada; Singapore; Germany; Bahrain; Turkey; Cuba; Japan"", ""parentChemblMoleculeId"": ""CHEMBL1729"", ""reason"": ""Fatal arrhythmia"", ""reasonClass"": ""cardiotoxicity"", ""reasonTerm"": ""cardiac arrhythmia"", ""references"": [""http://europepmc.org/abstract/MED/21574210"", ""https://www.govinfo.gov/content/pkg/FR-2014-07-02/pdf/2014-15371.pdf""], ""year"": 2000}"
K2:DCSUBABJRXZOMT-UHFFFAOYSA-N,ChEMBL:drug_warning:4302,"{""assertedBy"": ""ChEMBL 37 drug_warning"", ""chemblMoleculeId"": ""CHEMBL1200788"", ""country"": ""Armenia; Brunei; Mauritius; Bhutan; United Kingdom; Philippines; United States; Oman; Canada; Singapore; Germany; Bahrain; Turkey; Cuba; Japan"", ""parentChemblMoleculeId"": ""CHEMBL1729"", ""reason"": ""Fatal arrhythmia"", ""reasonClass"": ""cardiotoxicity"", ""reasonTerm"": ""cardiac arrhythmia"", ""references"": [""http://europepmc.org/abstract/MED/21574210"", ""https://www.govinfo.gov/content/pkg/FR-2014-07-02/pdf/2014-15371.pdf""], ""year"": 2000}"
K1:E35R3G56OV,ChEMBL:drug_warning:4324,"{""assertedBy"": ""ChEMBL 37 drug_warning"", ""chemblMoleculeId"": ""CHEMBL1887891"", ""country"": ""Malaysia; India; European Union; United Kingdom; Saudi Arabia; United States; Canada; France; Brazil; Lithuania; Morocco"", ""parentChemblMoleculeId"": ""CHEMBL248702"", ""reason"": ""Cardiac valvular disease"", ""reasonClass"": ""cardiotoxicity"", ""reasonTerm"": ""heart valve disease"", ""references"": [""https://doi.org/10.1177/009286150103500134"", ""https://www.federalregister.gov/documents/2007/01/30/E7-1414/indevus-pharmaceuticals-inc-withdrawal-of-approval-of-a-new-drug-application""], ""year"": 1997}"
K1:2KL01R8ZV1,ChEMBL:drug_warning:4325,"{""assertedBy"": ""ChEMBL 37 drug_warning"", ""chemblMoleculeId"": ""CHEMBL346235"", ""country"": ""France; United States"", ""parentChemblMoleculeId"": ""CHEMBL1184360"", ""reason"": ""Neuropsychiatric Reaction"", ""reasonClass"": ""psychiatric toxicity"", ""reasonTerm"": ""ABNORMALITY OF MENTAL FUNCTION"", ""references"": [""https://doi.org/10.1177/009286150103500134""], ""year"": 1972}"
K1:27B90X776A,ChEMBL:drug_warning:4326,"{""assertedBy"": ""ChEMBL 37 drug_warning"", ""chemblMoleculeId"": ""CHEMBL1534525"", ""country"": ""Worldwide"", ""parentChemblMoleculeId"": ""CHEMBL45816"", ""reason"": ""potential to induce cardiac arrhythmias (including torsades de pointes) especially when taken concomitantly with other medications"", ""reasonClass"": null, ""reasonTerm"": ""drug interaction"", ""references"": [""https://www.un.org/esa/coordination/CL12.pdf""], ""year"": 1998}"
K1:17EC19951N,ChEMBL:drug_warning:4330,"{""assertedBy"": ""ChEMBL 37 drug_warning"", ""chemblMoleculeId"": ""CHEMBL3183453"", ""country"": ""United States"", ""parentChemblMoleculeId"": ""CHEMBL36506"", ""reason"": ""Relatively common skin reactions; Jaundice; Hepatic failure; Blood dyscrasias (neutropenia, anemia, and thrombocytopenia)"", ""reasonClass"": ""hepatotoxicity"", ""reasonTerm"": ""Hepatic failure"", ""references"": [""https://www.govinfo.gov/content/pkg/FR-2014-07-02/pdf/2014-15371.pdf""], ""year"": 2009}"
K1:17EC19951N,ChEMBL:drug_warning:4331,"{""assertedBy"": ""ChEMBL 37 drug_warning"", ""chemblMoleculeId"": ""CHEMBL3183453"", ""country"": ""United States"", ""parentChemblMoleculeId"": ""CHEMBL36506"", ""reason"": ""Relatively common skin reactions; Jaundice; Hepatic failure; Blood dyscrasias (neutropenia, anemia, and thrombocytopenia)"", ""reasonClass"": ""immune system toxicity"", ""reasonTerm"": ""neutropenia"", ""references"": [""https://www.govinfo.gov/content/pkg/FR-2014-07-02/pdf/2014-15371.pdf""], ""year"": 2009}"
K1:4GKD8U4RU8,ChEMBL:drug_warning:4333,"{""assertedBy"": ""ChEMBL 37 drug_warning"", ""chemblMoleculeId"": ""CHEMBL1568057"", ""country"": ""United Kingdom"", ""parentChemblMoleculeId"": ""CHEMBL776"", ""reason"": ""Significantly less efficacious than salbutamol and cardiac side effects, mainly palpitations and tachycardia because of its non-selectivity"", ""reasonClass"": ""cardiotoxicity"", ""reasonTerm"": ""Palpitations"", ""references"": [""https://www.gov.uk/drug-safety-update/orciprenaline-sulphate-alupent-withdrawal-due-to-unfavourable-benefit-risk-profile""], ""year"": 2009}"
K1:53QOG569E0,ChEMBL:drug_warning:4333,"{""assertedBy"": ""ChEMBL 37 drug_warning"", ""chemblMoleculeId"": ""CHEMBL1568057"", ""country"": ""United Kingdom"", ""parentChemblMoleculeId"": ""CHEMBL776"", ""reason"": ""Significantly less efficacious than salbutamol and cardiac side effects, mainly palpitations and tachycardia because of its non-selectivity"", ""reasonClass"": ""cardiotoxicity"", ""reasonTerm"": ""Palpitations"", ""references"": [""https://www.gov.uk/drug-safety-update/orciprenaline-sulphate-alupent-withdrawal-due-to-unfavourable-benefit-risk-profile""], ""year"": 2009}"
K1:A7D84513GV,ChEMBL:drug_warning:4335,"{""assertedBy"": ""ChEMBL 37 drug_warning"", ""chemblMoleculeId"": ""CHEMBL3989676"", ""country"": ""France; United States; United Kingdom; Germany; Sweden; Bangladesh; Ethiopia; Cyprus"", ""parentChemblMoleculeId"": ""CHEMBL1228"", ""reason"": ""Blood Dyscrasis; Steven Johnson Syndrome"", ""reasonClass"": ""hematological toxicity"", ""reasonTerm"": ""hematologic disease"", ""references"": [""https://doi.org/10.1177/009286150103500134""], ""year"": 1984}"
K1:A7D84513GV,ChEMBL:drug_warning:4336,"{""assertedBy"": ""ChEMBL 37 drug_warning"", ""chemblMoleculeId"": ""CHEMBL3989676"", ""country"": ""France; United States; United Kingdom; Germany; Sweden; Bangladesh; Ethiopia; Cyprus"", ""parentChemblMoleculeId"": ""CHEMBL1228"", ""reason"": ""Blood Dyscrasis; Steven Johnson Syndrome"", ""reasonClass"": ""dermatological toxicity"", ""reasonTerm"": ""Stevens-Johnson syndrome"", ""references"": [""https://doi.org/10.1177/009286150103500134""], ""year"": 1984}"
K1:I4744080IR,ChEMBL:drug_warning:4342,"{""assertedBy"": ""ChEMBL 37 drug_warning"", ""chemblMoleculeId"": ""CHEMBL971"", ""country"": ""Sweden; Norway"", ""parentChemblMoleculeId"": ""CHEMBL448"", ""reason"": ""Self-Poisonings"", ""reasonClass"": ""drug misuse"", ""reasonTerm"": ""poisoning"", ""references"": [""https://doi.org/10.1177/009286150103500134""], ""year"": 1980}"
K1:U7D0E1VOAM,ChEMBL:drug_warning:4342,"{""assertedBy"": ""ChEMBL 37 drug_warning"", ""chemblMoleculeId"": ""CHEMBL971"", ""country"": ""Sweden; Norway"", ""parentChemblMoleculeId"": ""CHEMBL448"", ""reason"": ""Self-Poisonings"", ""reasonClass"": ""drug misuse"", ""reasonTerm"": ""poisoning"", ""references"": [""https://doi.org/10.1177/009286150103500134""], ""year"": 1980}"
K1:184QRS62JD,ChEMBL:drug_warning:4350,"{""assertedBy"": ""ChEMBL 37 drug_warning"", ""chemblMoleculeId"": ""CHEMBL2107943"", ""country"": ""United Kingdom"", ""parentChemblMoleculeId"": ""CHEMBL2107943"", ""reason"": ""evidence of oculo-mucocutaneous syndrome"", ""reasonClass"": ""dermatological toxicity"", ""reasonTerm"": ""oculomucocutaneous syndrome"", ""references"": [""https://www.un.org/esa/coordination/CL12.pdf""], ""year"": 1977}"
K1:KU65374X44,ChEMBL:drug_warning:4358,"{""assertedBy"": ""ChEMBL 37 drug_warning"", ""chemblMoleculeId"": ""CHEMBL1334033"", ""country"": ""United Kingdom; Spain"", ""parentChemblMoleculeId"": ""CHEMBL75880"", ""reason"": ""Neurologic and Hepatic Toxicities"", ""reasonClass"": ""neurotoxicity"", ""reasonTerm"": ""neurotoxicity"", ""references"": [""http://europepmc.org/abstract/MED/7628177"", ""https://doi.org/10.1177/009286150103500134""], ""year"": 1985}"
K1:1WZ12GTT67,ChEMBL:drug_warning:4363,"{""assertedBy"": ""ChEMBL 37 drug_warning"", ""chemblMoleculeId"": ""CHEMBL2107495"", ""country"": ""Worldwide"", ""parentChemblMoleculeId"": ""CHEMBL277100"", ""reason"": ""Low blood sugar; hemolytic anemia; kidney, liver dysfunction; allergic reactions"", ""reasonClass"": ""nephrotoxicity"", ""reasonTerm"": ""kidney failure"", ""references"": [""http://europepmc.org/abstract/MED/21574210"", ""https://doi.org/10.1177/009286150103500134""], ""year"": 1992}"
K1:1WZ12GTT67,ChEMBL:drug_warning:4364,"{""assertedBy"": ""ChEMBL 37 drug_warning"", ""chemblMoleculeId"": ""CHEMBL2107495"", ""country"": ""Worldwide"", ""parentChemblMoleculeId"": ""CHEMBL277100"", ""reason"": ""associated with hypoglycemia in elderly patients, as well as a constellation of multisystem organ involvement characterized by hemolytic anemia, frequently associated with renal failure, markedly abnormal liver tests, and coagulopathy"", ""reasonClass"": ""hepatotoxicity"", ""reasonTerm"": ""hepatotoxicity"", ""references"": [""https://www.govinfo.gov/content/pkg/FR-1998-10-08/html/98-26923.htm""], ""year"": 1992}"
K1:1WZ12GTT67,ChEMBL:drug_warning:4365,"{""assertedBy"": ""ChEMBL 37 drug_warning"", ""chemblMoleculeId"": ""CHEMBL2107495"", ""country"": ""Worldwide"", ""parentChemblMoleculeId"": ""CHEMBL277100"", ""reason"": ""associated with hypoglycemia in elderly patients, as well as a constellation of multisystem organ involvement characterized by hemolytic anemia, frequently associated with renal failure, markedly abnormal liver tests, and coagulopathy"", ""reasonClass"": ""nephrotoxicity"", ""reasonTerm"": ""kidney failure"", ""references"": [""https://www.govinfo.gov/content/pkg/FR-1998-10-08/html/98-26923.htm""], ""year"": 1992}"
K1:1WZ12GTT67,ChEMBL:drug_warning:4366,"{""assertedBy"": ""ChEMBL 37 drug_warning"", ""chemblMoleculeId"": ""CHEMBL2107495"", ""country"": ""Worldwide"", ""parentChemblMoleculeId"": ""CHEMBL277100"", ""reason"": ""hypoglycaemia, haemolytic anaemia, renal failure, hepatitis and anaphylactic reactions"", ""reasonClass"": ""immune system toxicity"", ""reasonTerm"": ""anaphylaxis"", ""references"": [""https://www.un.org/esa/coordination/CL12.pdf""], ""year"": 1992}"
K3:CHEMBL2108765,ChEMBL:drug_warning:4375,"{""assertedBy"": ""ChEMBL 37 drug_warning"", ""chemblMoleculeId"": ""CHEMBL2108765"", ""country"": ""United Kingdom"", ""parentChemblMoleculeId"": ""CHEMBL2108765"", ""reason"": ""Higher mortality rate in neonates given pumactant"", ""reasonClass"": null, ""reasonTerm"": ""dead"", ""references"": [""https://www.who.int/publications/i/item/EDM-QSM-2001.3""], ""year"": 2000}"
K1:458VC51857,ChEMBL:drug_warning:4382,"{""assertedBy"": ""ChEMBL 37 drug_warning"", ""chemblMoleculeId"": ""CHEMBL1516474"", ""country"": ""United States; Australia; Canada"", ""parentChemblMoleculeId"": ""CHEMBL76370"", ""reason"": ""Cardiovascular ischemic events occurring in Zelnorm-treated patients included myocardial infarction, stroke, and unstable angina pectoris"", ""reasonClass"": ""cardiotoxicity"", ""reasonTerm"": ""stroke"", ""references"": [""https://healthycanadians.gc.ca/recall-alert-rappel-avis/hc-sc/2007/14486a-eng.php""], ""year"": 2007}"
K1:458VC51857,ChEMBL:drug_warning:4383,"{""assertedBy"": ""ChEMBL 37 drug_warning"", ""chemblMoleculeId"": ""CHEMBL1516474"", ""country"": ""United States; Australia; Canada"", ""parentChemblMoleculeId"": ""CHEMBL76370"", ""reason"": ""Risk for heart attack, stroke, and unstable angina"", ""reasonClass"": ""neurotoxicity"", ""reasonTerm"": ""stroke"", ""references"": [""https://www.govinfo.gov/content/pkg/FR-2014-07-02/pdf/2014-15371.pdf"", ""http://europepmc.org/abstract/MED/21574210""], ""year"": 2007}"
K1:1WZ12GTT67,ChEMBL:drug_warning:4384,"{""assertedBy"": ""ChEMBL 37 drug_warning"", ""chemblMoleculeId"": ""CHEMBL2107495"", ""country"": ""Worldwide"", ""parentChemblMoleculeId"": ""CHEMBL277100"", ""reason"": ""Low blood sugar; hemolytic anemia; kidney, liver dysfunction; allergic reactions"", ""reasonClass"": ""immune system toxicity"", ""reasonTerm"": ""anaphylaxis"", ""references"": [""http://europepmc.org/abstract/MED/21574210"", ""https://doi.org/10.1177/009286150103500134""], ""year"": 1992}"
K1:PR834Q503T,ChEMBL:drug_warning:4397,"{""assertedBy"": ""ChEMBL 37 drug_warning"", ""chemblMoleculeId"": ""CHEMBL2448612"", ""country"": ""New Zealand"", ""parentChemblMoleculeId"": ""CHEMBL442"", ""reason"": ""benefits from using this medicine no longer outweigh the risks of harm. Cafergot can cause serious effects on the heart and arteries, especially in older people"", ""reasonClass"": ""vascular toxicity"", ""reasonTerm"": ""vascular toxicity"", ""references"": [""https://www.medsafe.govt.nz/safety/Alerts/Cafergot%20Prohibited.asp""], ""year"": 2019}"
HOLD:existing:cisapride,ChEMBL:drug_warning:4398,"{""assertedBy"": ""ChEMBL 37 drug_warning"", ""chemblMoleculeId"": ""CHEMBL1200788"", ""country"": ""Armenia; Brunei; Mauritius; Bhutan; United Kingdom; Philippines; United States; Oman; Canada; Singapore; Germany; Bahrain; Turkey; Cuba; Japan"", ""parentChemblMoleculeId"": ""CHEMBL1729"", ""reason"": ""Association with cardiac arrhythmias and a number of deaths"", ""reasonClass"": ""cardiotoxicity"", ""reasonTerm"": ""cardiac arrhythmia"", ""references"": [""https://www.un.org/esa/coordination/CL12.pdf""], ""year"": 2000}"
K1:UVL329170W,ChEMBL:drug_warning:4398,"{""assertedBy"": ""ChEMBL 37 drug_warning"", ""chemblMoleculeId"": ""CHEMBL1200788"", ""country"": ""Armenia; Brunei; Mauritius; Bhutan; United Kingdom; Philippines; United States; Oman; Canada; Singapore; Germany; Bahrain; Turkey; Cuba; Japan"", ""parentChemblMoleculeId"": ""CHEMBL1729"", ""reason"": ""Association with cardiac arrhythmias and a number of deaths"", ""reasonClass"": ""cardiotoxicity"", ""reasonTerm"": ""cardiac arrhythmia"", ""references"": [""https://www.un.org/esa/coordination/CL12.pdf""], ""year"": 2000}"
K2:DCSUBABJRXZOMT-UHFFFAOYSA-N,ChEMBL:drug_warning:4398,"{""assertedBy"": ""ChEMBL 37 drug_warning"", ""chemblMoleculeId"": ""CHEMBL1200788"", ""country"": ""Armenia; Brunei; Mauritius; Bhutan; United Kingdom; Philippines; United States; Oman; Canada; Singapore; Germany; Bahrain; Turkey; Cuba; Japan"", ""parentChemblMoleculeId"": ""CHEMBL1729"", ""reason"": ""Association with cardiac arrhythmias and a number of deaths"", ""reasonClass"": ""cardiotoxicity"", ""reasonTerm"": ""cardiac arrhythmia"", ""references"": [""https://www.un.org/esa/coordination/CL12.pdf""], ""year"": 2000}"
HOLD:existing:cisapride,ChEMBL:drug_warning:4421,"{""assertedBy"": ""ChEMBL 37 drug_warning"", ""chemblMoleculeId"": ""CHEMBL1200788"", ""country"": ""Armenia; Brunei; Mauritius; Bhutan; United Kingdom; Philippines; United States; Oman; Canada; Singapore; Germany; Bahrain; Turkey; Cuba; Japan"", ""parentChemblMoleculeId"": ""CHEMBL1729"", ""reason"": ""Association with cardiac arrhythmias and a number of deaths"", ""reasonClass"": null, ""reasonTerm"": ""dead"", ""references"": [""https://www.un.org/esa/coordination/CL12.pdf""], ""year"": 2000}"
K1:UVL329170W,ChEMBL:drug_warning:4421,"{""assertedBy"": ""ChEMBL 37 drug_warning"", ""chemblMoleculeId"": ""CHEMBL1200788"", ""country"": ""Armenia; Brunei; Mauritius; Bhutan; United Kingdom; Philippines; United States; Oman; Canada; Singapore; Germany; Bahrain; Turkey; Cuba; Japan"", ""parentChemblMoleculeId"": ""CHEMBL1729"", ""reason"": ""Association with cardiac arrhythmias and a number of deaths"", ""reasonClass"": null, ""reasonTerm"": ""dead"", ""references"": [""https://www.un.org/esa/coordination/CL12.pdf""], ""year"": 2000}"
K2:DCSUBABJRXZOMT-UHFFFAOYSA-N,ChEMBL:drug_warning:4421,"{""assertedBy"": ""ChEMBL 37 drug_warning"", ""chemblMoleculeId"": ""CHEMBL1200788"", ""country"": ""Armenia; Brunei; Mauritius; Bhutan; United Kingdom; Philippines; United States; Oman; Canada; Singapore; Germany; Bahrain; Turkey; Cuba; Japan"", ""parentChemblMoleculeId"": ""CHEMBL1729"", ""reason"": ""Association with cardiac arrhythmias and a number of deaths"", ""reasonClass"": null, ""reasonTerm"": ""dead"", ""references"": [""https://www.un.org/esa/coordination/CL12.pdf""], ""year"": 2000}"
K1:2880D3468G,ChEMBL:drug_warning:4423,"{""assertedBy"": ""ChEMBL 37 drug_warning"", ""chemblMoleculeId"": ""CHEMBL1770"", ""country"": ""Vietnam; China"", ""parentChemblMoleculeId"": ""CHEMBL1454"", ""reason"": ""Adverse effects that cause encephalitis and mortality"", ""reasonClass"": ""neurotoxicity"", ""reasonTerm"": ""dead"", ""references"": [""https://www.un.org/esa/coordination/CL12.pdf""], ""year"": 2000}"
K1:NHW07912O7,ChEMBL:drug_warning:4432,"{""assertedBy"": ""ChEMBL 37 drug_warning"", ""chemblMoleculeId"": ""CHEMBL1200595"", ""country"": ""Germany; Venezuela"", ""parentChemblMoleculeId"": ""CHEMBL1201269"", ""reason"": ""cases of pulmonary hypertension led to its withdrawal in several countries"", ""reasonClass"": ""respiratory toxicity"", ""reasonTerm"": ""pulmonary arterial hypertension"", ""references"": [""https://www.un.org/esa/coordination/CL12.pdf""], ""year"": 1967}"
K1:5PX2ESK7OE,ChEMBL:drug_warning:4450,"{""assertedBy"": ""ChEMBL 37 drug_warning"", ""chemblMoleculeId"": ""CHEMBL1201115"", ""country"": ""United States"", ""parentChemblMoleculeId"": ""CHEMBL768"", ""reason"": ""Increased risk of medication errors resulting in serious adverse events, including deaths"", ""reasonClass"": ""drug misuse"", ""reasonTerm"": ""drug misuse"", ""references"": [""https://www.govinfo.gov/content/pkg/FR-2014-07-02/pdf/2014-15371.pdf""], ""year"": 2010}"
K1:MDY902UXSR,ChEMBL:drug_warning:4450,"{""assertedBy"": ""ChEMBL 37 drug_warning"", ""chemblMoleculeId"": ""CHEMBL1201115"", ""country"": ""United States"", ""parentChemblMoleculeId"": ""CHEMBL768"", ""reason"": ""Increased risk of medication errors resulting in serious adverse events, including deaths"", ""reasonClass"": ""drug misuse"", ""reasonTerm"": ""drug misuse"", ""references"": [""https://www.govinfo.gov/content/pkg/FR-2014-07-02/pdf/2014-15371.pdf""], ""year"": 2010}"
K1:2KL01R8ZV1,ChEMBL:drug_warning:4475,"{""assertedBy"": ""ChEMBL 37 drug_warning"", ""chemblMoleculeId"": ""CHEMBL346235"", ""country"": ""France; United States"", ""parentChemblMoleculeId"": ""CHEMBL1184360"", ""reason"": ""Neuropsychiatric Reaction"", ""reasonClass"": ""neurotoxicity"", ""reasonTerm"": ""ABNORMALITY OF MENTAL FUNCTION"", ""references"": [""https://doi.org/10.1177/009286150103500134""], ""year"": 1972}"
K1:5L7E7IY5EH,ChEMBL:drug_warning:4480,"{""assertedBy"": ""ChEMBL 37 drug_warning"", ""chemblMoleculeId"": ""CHEMBL421701"", ""country"": ""France; Italy; Cuba; Chad"", ""parentChemblMoleculeId"": ""CHEMBL1185568"", ""reason"": ""fatal cases of severe acidosis and shock"", ""reasonClass"": ""vascular toxicity"", ""reasonTerm"": ""Shock"", ""references"": [""https://www.un.org/esa/coordination/CL12.pdf""], ""year"": 1964}"
K1:27B90X776A,ChEMBL:drug_warning:4483,"{""assertedBy"": ""ChEMBL 37 drug_warning"", ""chemblMoleculeId"": ""CHEMBL1534525"", ""country"": ""Worldwide"", ""parentChemblMoleculeId"": ""CHEMBL45816"", ""reason"": ""associated with potentially harmful interactions with other drugs. Mibefradil dihydrochloride reduced the activity of certain liver enzymes that are important in helping the body eliminate many other drugs. Inhibiting these enzymes can cause some of these drugs to accumulate to dangerous levels in the body"", ""reasonClass"": null, ""reasonTerm"": ""drug interaction"", ""references"": [""https://www.govinfo.gov/content/pkg/FR-1998-10-08/html/98-26923.htm""], ""year"": 1998}"
K1:JX56W9N61Q,ChEMBL:drug_warning:4488,"{""assertedBy"": ""ChEMBL 37 drug_warning"", ""chemblMoleculeId"": ""CHEMBL1963684"", ""country"": ""United States"", ""parentChemblMoleculeId"": ""CHEMBL2107866"", ""reason"": ""serious hypersensitivity reactions, including anaphylaxis, which can be life-threatening or fatal."", ""reasonClass"": ""immune system toxicity"", ""reasonTerm"": ""hypersensitivity reaction disease"", ""references"": [""https://www.federalregister.gov/documents/2019/02/13/2019-02146/takeda-pharmaceuticals-usa-inc-withdrawal-of-approval-of-a-new-drug-application-for-omontys""], ""year"": 2019}"
K1:A01LX40298,ChEMBL:drug_warning:4495,"{""assertedBy"": ""ChEMBL 37 drug_warning"", ""chemblMoleculeId"": ""CHEMBL3187246"", ""country"": ""Germany; United States; United Kingdom; Italy; India; Philippines; Egypt; Dominican Republic; Chile; Canada; Australia"", ""parentChemblMoleculeId"": ""CHEMBL1411979"", ""reason"": ""was shown to be a potent carcinogen"", ""reasonClass"": ""carcinogenicity"", ""reasonTerm"": ""carcinogenicity"", ""references"": [""https://www.govinfo.gov/content/pkg/FR-2014-07-02/pdf/2014-15371.pdf""], ""year"": 1979}"
K1:298897D62S,ChEMBL:drug_warning:4501,"{""assertedBy"": ""ChEMBL 37 drug_warning"", ""chemblMoleculeId"": ""CHEMBL1908348"", ""country"": ""United States"", ""parentChemblMoleculeId"": ""CHEMBL1908847"", ""reason"": ""unpredictable effects and was associated with tetanic uterine contractions and obstetrical complications"", ""reasonClass"": null, ""reasonTerm"": ""trauma complication"", ""references"": [""https://www.govinfo.gov/content/pkg/FR-1998-10-08/html/98-26923.htm""], ""year"": 1979}"
K1:30CPC5LDEX,ChEMBL:drug_warning:4502,"{""assertedBy"": ""ChEMBL 37 drug_warning"", ""chemblMoleculeId"": ""CHEMBL2107253"", ""country"": ""United States"", ""parentChemblMoleculeId"": ""CHEMBL62193"", ""reason"": ""associated with Stevens-Johnson syndrome and fatalities"", ""reasonClass"": null, ""reasonTerm"": ""dead"", ""references"": [""https://www.govinfo.gov/content/pkg/FR-1998-10-08/html/98-26923.htm""], ""year"": 1966}"
K1:458VC51857,ChEMBL:drug_warning:4529,"{""assertedBy"": ""ChEMBL 37 drug_warning"", ""chemblMoleculeId"": ""CHEMBL1516474"", ""country"": ""United States; Australia; Canada"", ""parentChemblMoleculeId"": ""CHEMBL76370"", ""reason"": ""Cardiovascular ischemic events occurring in Zelnorm-treated patients included myocardial infarction, stroke, and unstable angina pectoris"", ""reasonClass"": ""cardiotoxicity"", ""reasonTerm"": ""myocardial infarction"", ""references"": [""https://healthycanadians.gc.ca/recall-alert-rappel-avis/hc-sc/2007/14486a-eng.php""], ""year"": 2007}"
HOLD:existing:cisapride,ChEMBL:drug_warning:4546,"{""assertedBy"": ""ChEMBL 37 drug_warning"", ""chemblMoleculeId"": ""CHEMBL1200788"", ""country"": ""Armenia; Brunei; Mauritius; Bhutan; United Kingdom; Philippines; United States; Oman; Canada; Singapore; Germany; Bahrain; Turkey; Cuba; Japan"", ""parentChemblMoleculeId"": ""CHEMBL1729"", ""reason"": ""Serious cardiovascular adverse effects"", ""reasonClass"": ""cardiotoxicity"", ""reasonTerm"": ""cardiotoxicity"", ""references"": [""https://www.un.org/esa/coordination/CL12.pdf""], ""year"": 2000}"
K1:UVL329170W,ChEMBL:drug_warning:4546,"{""assertedBy"": ""ChEMBL 37 drug_warning"", ""chemblMoleculeId"": ""CHEMBL1200788"", ""country"": ""Armenia; Brunei; Mauritius; Bhutan; United Kingdom; Philippines; United States; Oman; Canada; Singapore; Germany; Bahrain; Turkey; Cuba; Japan"", ""parentChemblMoleculeId"": ""CHEMBL1729"", ""reason"": ""Serious cardiovascular adverse effects"", ""reasonClass"": ""cardiotoxicity"", ""reasonTerm"": ""cardiotoxicity"", ""references"": [""https://www.un.org/esa/coordination/CL12.pdf""], ""year"": 2000}"
K2:DCSUBABJRXZOMT-UHFFFAOYSA-N,ChEMBL:drug_warning:4546,"{""assertedBy"": ""ChEMBL 37 drug_warning"", ""chemblMoleculeId"": ""CHEMBL1200788"", ""country"": ""Armenia; Brunei; Mauritius; Bhutan; United Kingdom; Philippines; United States; Oman; Canada; Singapore; Germany; Bahrain; Turkey; Cuba; Japan"", ""parentChemblMoleculeId"": ""CHEMBL1729"", ""reason"": ""Serious cardiovascular adverse effects"", ""reasonClass"": ""cardiotoxicity"", ""reasonTerm"": ""cardiotoxicity"", ""references"": [""https://www.un.org/esa/coordination/CL12.pdf""], ""year"": 2000}"
K1:E7QC7V26B8,ChEMBL:drug_warning:4552,"{""assertedBy"": ""ChEMBL 37 drug_warning"", ""chemblMoleculeId"": ""CHEMBL121663"", ""country"": ""Greece"", ""parentChemblMoleculeId"": ""CHEMBL333826"", ""reason"": ""Low efficacy/skin reactions"", ""reasonClass"": null, ""reasonTerm"": ""lack of efficacy"", ""references"": [""https://www.un.org/esa/coordination/CL12.pdf""], ""year"": 1984}"
K1:27B90X776A,ChEMBL:drug_warning:4572,"{""assertedBy"": ""ChEMBL 37 drug_warning"", ""chemblMoleculeId"": ""CHEMBL1534525"", ""country"": ""Worldwide"", ""parentChemblMoleculeId"": ""CHEMBL45816"", ""reason"": ""potential to induce cardiac arrhythmias (including torsades de pointes) especially when taken concomitantly with other medications"", ""reasonClass"": ""cardiotoxicity"", ""reasonTerm"": ""torsades de pointes"", ""references"": [""https://www.un.org/esa/coordination/CL12.pdf""], ""year"": 1998}"
HOLD:existing:cisapride,ChEMBL:drug_warning:4594,"{""assertedBy"": ""ChEMBL 37 drug_warning"", ""chemblMoleculeId"": ""CHEMBL1200788"", ""country"": ""Armenia; Brunei; Mauritius; Bhutan; United Kingdom; Philippines; United States; Oman; Canada; Singapore; Germany; Bahrain; Turkey; Cuba; Japan"", ""parentChemblMoleculeId"": ""CHEMBL1729"", ""reason"": ""Possibility of rare but serious heart complications including arrhythmias and sudden death; Rare but serious heart complications including arrhythmias and sudden death; Increased risk of cardiac arrhythmias in patients taking other medications or suffering from underlying conditions known to increase risk of cardiac arrhythmias"", ""reasonClass"": ""cardiotoxicity"", ""reasonTerm"": ""cardiac arrhythmia"", ""references"": [""https://www.who.int/publications/i/item/EDM-QSM-2001.3""], ""year"": 2000}"
K1:UVL329170W,ChEMBL:drug_warning:4594,"{""assertedBy"": ""ChEMBL 37 drug_warning"", ""chemblMoleculeId"": ""CHEMBL1200788"", ""country"": ""Armenia; Brunei; Mauritius; Bhutan; United Kingdom; Philippines; United States; Oman; Canada; Singapore; Germany; Bahrain; Turkey; Cuba; Japan"", ""parentChemblMoleculeId"": ""CHEMBL1729"", ""reason"": ""Possibility of rare but serious heart complications including arrhythmias and sudden death; Rare but serious heart complications including arrhythmias and sudden death; Increased risk of cardiac arrhythmias in patients taking other medications or suffering from underlying conditions known to increase risk of cardiac arrhythmias"", ""reasonClass"": ""cardiotoxicity"", ""reasonTerm"": ""cardiac arrhythmia"", ""references"": [""https://www.who.int/publications/i/item/EDM-QSM-2001.3""], ""year"": 2000}"
K2:DCSUBABJRXZOMT-UHFFFAOYSA-N,ChEMBL:drug_warning:4594,"{""assertedBy"": ""ChEMBL 37 drug_warning"", ""chemblMoleculeId"": ""CHEMBL1200788"", ""country"": ""Armenia; Brunei; Mauritius; Bhutan; United Kingdom; Philippines; United States; Oman; Canada; Singapore; Germany; Bahrain; Turkey; Cuba; Japan"", ""parentChemblMoleculeId"": ""CHEMBL1729"", ""reason"": ""Possibility of rare but serious heart complications including arrhythmias and sudden death; Rare but serious heart complications including arrhythmias and sudden death; Increased risk of cardiac arrhythmias in patients taking other medications or suffering from underlying conditions known to increase risk of cardiac arrhythmias"", ""reasonClass"": ""cardiotoxicity"", ""reasonTerm"": ""cardiac arrhythmia"", ""references"": [""https://www.who.int/publications/i/item/EDM-QSM-2001.3""], ""year"": 2000}"
HOLD:existing:cisapride,ChEMBL:drug_warning:4595,"{""assertedBy"": ""ChEMBL 37 drug_warning"", ""chemblMoleculeId"": ""CHEMBL1200788"", ""country"": ""Armenia; Brunei; Mauritius; Bhutan; United Kingdom; Philippines; United States; Oman; Canada; Singapore; Germany; Bahrain; Turkey; Cuba; Japan"", ""parentChemblMoleculeId"": ""CHEMBL1729"", ""reason"": ""Reports about cardiac arrhythmias with highest strength cisapride"", ""reasonClass"": ""cardiotoxicity"", ""reasonTerm"": ""cardiac arrhythmia"", ""references"": [""https://www.who.int/publications/i/item/9789240014770""], ""year"": 2000}"
K1:UVL329170W,ChEMBL:drug_warning:4595,"{""assertedBy"": ""ChEMBL 37 drug_warning"", ""chemblMoleculeId"": ""CHEMBL1200788"", ""country"": ""Armenia; Brunei; Mauritius; Bhutan; United Kingdom; Philippines; United States; Oman; Canada; Singapore; Germany; Bahrain; Turkey; Cuba; Japan"", ""parentChemblMoleculeId"": ""CHEMBL1729"", ""reason"": ""Reports about cardiac arrhythmias with highest strength cisapride"", ""reasonClass"": ""cardiotoxicity"", ""reasonTerm"": ""cardiac arrhythmia"", ""references"": [""https://www.who.int/publications/i/item/9789240014770""], ""year"": 2000}"
K2:DCSUBABJRXZOMT-UHFFFAOYSA-N,ChEMBL:drug_warning:4595,"{""assertedBy"": ""ChEMBL 37 drug_warning"", ""chemblMoleculeId"": ""CHEMBL1200788"", ""country"": ""Armenia; Brunei; Mauritius; Bhutan; United Kingdom; Philippines; United States; Oman; Canada; Singapore; Germany; Bahrain; Turkey; Cuba; Japan"", ""parentChemblMoleculeId"": ""CHEMBL1729"", ""reason"": ""Reports about cardiac arrhythmias with highest strength cisapride"", ""reasonClass"": ""cardiotoxicity"", ""reasonTerm"": ""cardiac arrhythmia"", ""references"": [""https://www.who.int/publications/i/item/9789240014770""], ""year"": 2000}"
K1:883G6DMT63,ChEMBL:drug_warning:4610,"{""assertedBy"": ""ChEMBL 37 drug_warning"", ""chemblMoleculeId"": ""CHEMBL1697751"", ""country"": ""France"", ""parentChemblMoleculeId"": ""CHEMBL1740513"", ""reason"": ""Hepatotoxicity"", ""reasonClass"": ""hepatotoxicity"", ""reasonTerm"": ""hepatotoxicity"", ""references"": [""https://doi.org/10.1177/009286150103500134"", ""https://www.un.org/esa/coordination/CL12.pdf""], ""year"": 1983}"
K2:WJIZVQNUJVMJAZ-UHFFFAOYSA-N,ChEMBL:drug_warning:4615,"{""assertedBy"": ""ChEMBL 37 drug_warning"", ""chemblMoleculeId"": ""CHEMBL3301670"", ""country"": ""Germany"", ""parentChemblMoleculeId"": ""CHEMBL3304486"", ""reason"": ""exceptionally frequent adverse effects"", ""reasonClass"": null, ""reasonTerm"": ""adverse effect"", ""references"": [""https://www.un.org/esa/coordination/CL12.pdf""], ""year"": 1986}"
K1:5L7E7IY5EH,ChEMBL:drug_warning:4617,"{""assertedBy"": ""ChEMBL 37 drug_warning"", ""chemblMoleculeId"": ""CHEMBL421701"", ""country"": ""France; Italy; Cuba; Chad"", ""parentChemblMoleculeId"": ""CHEMBL1185568"", ""reason"": ""fatal cases of severe acidosis and shock"", ""reasonClass"": ""metabolic toxicity"", ""reasonTerm"": ""acidosis"", ""references"": [""https://www.un.org/esa/coordination/CL12.pdf""], ""year"": 1964}"
K1:17EC19951N,ChEMBL:drug_warning:4624,"{""assertedBy"": ""ChEMBL 37 drug_warning"", ""chemblMoleculeId"": ""CHEMBL3183453"", ""country"": ""United States"", ""parentChemblMoleculeId"": ""CHEMBL36506"", ""reason"": ""Relatively common skin reactions; Jaundice; Hepatic failure; Blood dyscrasias (neutropenia, anemia, and thrombocytopenia)"", ""reasonClass"": ""hepatotoxicity"", ""reasonTerm"": ""drug-induced liver injury"", ""references"": [""https://www.govinfo.gov/content/pkg/FR-2014-07-02/pdf/2014-15371.pdf""], ""year"": 2009}"
K1:17EC19951N,ChEMBL:drug_warning:4625,"{""assertedBy"": ""ChEMBL 37 drug_warning"", ""chemblMoleculeId"": ""CHEMBL3183453"", ""country"": ""United States"", ""parentChemblMoleculeId"": ""CHEMBL36506"", ""reason"": ""Relatively common skin reactions; Jaundice; Hepatic failure; Blood dyscrasias (neutropenia, anemia, and thrombocytopenia)"", ""reasonClass"": ""hepatotoxicity"", ""reasonTerm"": ""Jaundice"", ""references"": [""https://www.govinfo.gov/content/pkg/FR-2014-07-02/pdf/2014-15371.pdf""], ""year"": 2009}"
K1:17EC19951N,ChEMBL:drug_warning:4626,"{""assertedBy"": ""ChEMBL 37 drug_warning"", ""chemblMoleculeId"": ""CHEMBL3183453"", ""country"": ""United States"", ""parentChemblMoleculeId"": ""CHEMBL36506"", ""reason"": ""Relatively common skin reactions; Jaundice; Hepatic failure; Blood dyscrasias (neutropenia, anemia, and thrombocytopenia)"", ""reasonClass"": ""hematological toxicity"", ""reasonTerm"": ""neutropenia"", ""references"": [""https://www.govinfo.gov/content/pkg/FR-2014-07-02/pdf/2014-15371.pdf""], ""year"": 2009}"
K1:4GKD8U4RU8,ChEMBL:drug_warning:4627,"{""assertedBy"": ""ChEMBL 37 drug_warning"", ""chemblMoleculeId"": ""CHEMBL1568057"", ""country"": ""United Kingdom"", ""parentChemblMoleculeId"": ""CHEMBL776"", ""reason"": ""significantly less efficacious than salbutamol...significantly increased incidence of cardiac side effects, mainly palpitations and tachycardia because of its non-selectivity."", ""reasonClass"": ""cardiotoxicity"", ""reasonTerm"": ""Tachycardia"", ""references"": [""https://www.gov.uk/drug-safety-update/orciprenaline-sulphate-alupent-withdrawal-due-to-unfavourable-benefit-risk-profile""], ""year"": 2009}"
K1:53QOG569E0,ChEMBL:drug_warning:4627,"{""assertedBy"": ""ChEMBL 37 drug_warning"", ""chemblMoleculeId"": ""CHEMBL1568057"", ""country"": ""United Kingdom"", ""parentChemblMoleculeId"": ""CHEMBL776"", ""reason"": ""significantly less efficacious than salbutamol...significantly increased incidence of cardiac side effects, mainly palpitations and tachycardia because of its non-selectivity."", ""reasonClass"": ""cardiotoxicity"", ""reasonTerm"": ""Tachycardia"", ""references"": [""https://www.gov.uk/drug-safety-update/orciprenaline-sulphate-alupent-withdrawal-due-to-unfavourable-benefit-risk-profile""], ""year"": 2009}"
K1:A01LX40298,ChEMBL:drug_warning:4637,"{""assertedBy"": ""ChEMBL 37 drug_warning"", ""chemblMoleculeId"": ""CHEMBL3187246"", ""country"": ""Germany; United States; United Kingdom; Italy; India; Philippines; Egypt; Dominican Republic; Chile; Canada; Australia"", ""parentChemblMoleculeId"": ""CHEMBL1411979"", ""reason"": ""Animal carcinogenicity (rodents)"", ""reasonClass"": ""carcinogenicity"", ""reasonTerm"": ""carcinogenicity"", ""references"": [""https://doi.org/10.1177/009286150103500134""], ""year"": 1979}"
K1:1WZ12GTT67,ChEMBL:drug_warning:4656,"{""assertedBy"": ""ChEMBL 37 drug_warning"", ""chemblMoleculeId"": ""CHEMBL2107495"", ""country"": ""Worldwide"", ""parentChemblMoleculeId"": ""CHEMBL277100"", ""reason"": ""associated with hypoglycemia in elderly patients, as well as a constellation of multisystem organ involvement characterized by hemolytic anemia, frequently associated with renal failure, markedly abnormal liver tests, and coagulopathy"", ""reasonClass"": ""hepatotoxicity"", ""reasonTerm"": ""Elevated circulating hepatic transaminase concentration"", ""references"": [""https://www.govinfo.gov/content/pkg/FR-1998-10-08/html/98-26923.htm""], ""year"": 1992}"
K1:458VC51857,ChEMBL:drug_warning:4679,"{""assertedBy"": ""ChEMBL 37 drug_warning"", ""chemblMoleculeId"": ""CHEMBL1516474"", ""country"": ""United States; Australia; Canada"", ""parentChemblMoleculeId"": ""CHEMBL76370"", ""reason"": ""Risk for heart attack, stroke, and unstable angina"", ""reasonClass"": ""cardiotoxicity"", ""reasonTerm"": ""myocardial infarction"", ""references"": [""https://www.govinfo.gov/content/pkg/FR-2014-07-02/pdf/2014-15371.pdf"", ""http://europepmc.org/abstract/MED/21574210""], ""year"": 2007}"
K1:DI9132OQ3R,ChEMBL:drug_warning:4700,"{""assertedBy"": ""ChEMBL 37 drug_warning"", ""chemblMoleculeId"": ""CHEMBL1201489"", ""country"": ""United States"", ""parentChemblMoleculeId"": ""CHEMBL1201489"", ""reason"": ""higher risk of immunogenicity"", ""reasonClass"": ""immune system toxicity"", ""reasonTerm"": ""Immune system toxicity"", ""references"": [""https://www.federalregister.gov/documents/2017/01/23/2017-01249/determination-that-acthar-gel-synthetic-seractide-acetate-injection-80-unitsmilliliter-and-40""], ""year"": 2017}"
HOLD:existing:cisapride,ChEMBL:drug_warning:4730,"{""assertedBy"": ""ChEMBL 37 drug_warning"", ""chemblMoleculeId"": ""CHEMBL1200788"", ""country"": ""Armenia; Brunei; Mauritius; Bhutan; United Kingdom; Philippines; United States; Oman; Canada; Singapore; Germany; Bahrain; Turkey; Cuba; Japan"", ""parentChemblMoleculeId"": ""CHEMBL1729"", ""reason"": ""Risk/benefit ratio is further reviewed"", ""reasonClass"": null, ""reasonTerm"": null, ""references"": [""https://www.un.org/esa/coordination/CL12.pdf""], ""year"": 2000}"
K1:UVL329170W,ChEMBL:drug_warning:4730,"{""assertedBy"": ""ChEMBL 37 drug_warning"", ""chemblMoleculeId"": ""CHEMBL1200788"", ""country"": ""Armenia; Brunei; Mauritius; Bhutan; United Kingdom; Philippines; United States; Oman; Canada; Singapore; Germany; Bahrain; Turkey; Cuba; Japan"", ""parentChemblMoleculeId"": ""CHEMBL1729"", ""reason"": ""Risk/benefit ratio is further reviewed"", ""reasonClass"": null, ""reasonTerm"": null, ""references"": [""https://www.un.org/esa/coordination/CL12.pdf""], ""year"": 2000}"
K2:DCSUBABJRXZOMT-UHFFFAOYSA-N,ChEMBL:drug_warning:4730,"{""assertedBy"": ""ChEMBL 37 drug_warning"", ""chemblMoleculeId"": ""CHEMBL1200788"", ""country"": ""Armenia; Brunei; Mauritius; Bhutan; United Kingdom; Philippines; United States; Oman; Canada; Singapore; Germany; Bahrain; Turkey; Cuba; Japan"", ""parentChemblMoleculeId"": ""CHEMBL1729"", ""reason"": ""Risk/benefit ratio is further reviewed"", ""reasonClass"": null, ""reasonTerm"": null, ""references"": [""https://www.un.org/esa/coordination/CL12.pdf""], ""year"": 2000}"
K1:I0IO929019,ChEMBL:drug_warning:4759,"{""assertedBy"": ""ChEMBL 37 drug_warning"", ""chemblMoleculeId"": ""CHEMBL4594242"", ""country"": ""Oman"", ""parentChemblMoleculeId"": ""CHEMBL4594242"", ""reason"": ""Increased risk of malignancy"", ""reasonClass"": ""carcinogenicity"", ""reasonTerm"": ""carcinogenicity"", ""references"": [""https://www.who.int/publications/i/item/9789240014770""], ""year"": 2013}"
K1:883G6DMT63,ChEMBL:drug_warning:4769,"{""assertedBy"": ""ChEMBL 37 drug_warning"", ""chemblMoleculeId"": ""CHEMBL1697751"", ""country"": ""France"", ""parentChemblMoleculeId"": ""CHEMBL1740513"", ""reason"": ""Hepatotoxicity"", ""reasonClass"": ""hepatotoxicity"", ""reasonTerm"": ""Hepatitis"", ""references"": [""https://www.un.org/esa/coordination/CL12.pdf""], ""year"": 1983}"
K1:2KL01R8ZV1,ChEMBL:drug_warning:4775,"{""assertedBy"": ""ChEMBL 37 drug_warning"", ""chemblMoleculeId"": ""CHEMBL346235"", ""country"": ""France; United States"", ""parentChemblMoleculeId"": ""CHEMBL1184360"", ""reason"": ""associated with neurotoxicity"", ""reasonClass"": ""neurotoxicity"", ""reasonTerm"": ""neurotoxicity"", ""references"": [""https://www.govinfo.gov/content/pkg/FR-1998-10-08/html/98-26923.htm""], ""year"": 1972}"
K1:JX56W9N61Q,ChEMBL:drug_warning:4786,"{""assertedBy"": ""ChEMBL 37 drug_warning"", ""chemblMoleculeId"": ""CHEMBL1963684"", ""country"": ""United States"", ""parentChemblMoleculeId"": ""CHEMBL2107866"", ""reason"": ""serious hypersensitivity reactions, including anaphylaxis, which can be life-threatening or fatal."", ""reasonClass"": ""immune system toxicity"", ""reasonTerm"": ""anaphylaxis"", ""references"": [""https://www.federalregister.gov/documents/2019/02/13/2019-02146/takeda-pharmaceuticals-usa-inc-withdrawal-of-approval-of-a-new-drug-application-for-omontys""], ""year"": 2019}"
K1:33RU150WUN,ChEMBL:drug_warning:4790,"{""assertedBy"": ""ChEMBL 37 drug_warning"", ""chemblMoleculeId"": ""CHEMBL1200695"", ""country"": ""Australia; Bhutan; Timor-Leste; South Korea; United States; Canada; Singapore; Malaysia; Brazil; Germany"", ""parentChemblMoleculeId"": ""CHEMBL61006"", ""reason"": ""Increased risk of hemorrhagic stroke"", ""reasonClass"": ""neurotoxicity"", ""reasonTerm"": ""hemorrhagic stroke"", ""references"": [""https://www.govinfo.gov/content/pkg/FR-2014-07-02/pdf/2014-15371.pdf""], ""year"": 1987}"
K1:57B9YG5Y1E,ChEMBL:drug_warning:4790,"{""assertedBy"": ""ChEMBL 37 drug_warning"", ""chemblMoleculeId"": ""CHEMBL1200695"", ""country"": ""Australia; Bhutan; Timor-Leste; South Korea; United States; Canada; Singapore; Malaysia; Brazil; Germany"", ""parentChemblMoleculeId"": ""CHEMBL61006"", ""reason"": ""Increased risk of hemorrhagic stroke"", ""reasonClass"": ""neurotoxicity"", ""reasonTerm"": ""hemorrhagic stroke"", ""references"": [""https://www.govinfo.gov/content/pkg/FR-2014-07-02/pdf/2014-15371.pdf""], ""year"": 1987}"
K1:7875H6443P,ChEMBL:drug_warning:4790,"{""assertedBy"": ""ChEMBL 37 drug_warning"", ""chemblMoleculeId"": ""CHEMBL1200695"", ""country"": ""Australia; Bhutan; Timor-Leste; South Korea; United States; Canada; Singapore; Malaysia; Brazil; Germany"", ""parentChemblMoleculeId"": ""CHEMBL61006"", ""reason"": ""Increased risk of hemorrhagic stroke"", ""reasonClass"": ""neurotoxicity"", ""reasonTerm"": ""hemorrhagic stroke"", ""references"": [""https://www.govinfo.gov/content/pkg/FR-2014-07-02/pdf/2014-15371.pdf""], ""year"": 1987}"
K2:DLNKOYKMWOXYQA-UHFFFAOYSA-N,ChEMBL:drug_warning:4790,"{""assertedBy"": ""ChEMBL 37 drug_warning"", ""chemblMoleculeId"": ""CHEMBL1200695"", ""country"": ""Australia; Bhutan; Timor-Leste; South Korea; United States; Canada; Singapore; Malaysia; Brazil; Germany"", ""parentChemblMoleculeId"": ""CHEMBL61006"", ""reason"": ""Increased risk of hemorrhagic stroke"", ""reasonClass"": ""neurotoxicity"", ""reasonTerm"": ""hemorrhagic stroke"", ""references"": [""https://www.govinfo.gov/content/pkg/FR-2014-07-02/pdf/2014-15371.pdf""], ""year"": 1987}"
K1:1WZ12GTT67,ChEMBL:drug_warning:4807,"{""assertedBy"": ""ChEMBL 37 drug_warning"", ""chemblMoleculeId"": ""CHEMBL2107495"", ""country"": ""Worldwide"", ""parentChemblMoleculeId"": ""CHEMBL277100"", ""reason"": ""Low blood sugar; hemolytic anemia; kidney, liver dysfunction; allergic reactions"", ""reasonClass"": ""hepatotoxicity"", ""reasonTerm"": ""hepatotoxicity"", ""references"": [""http://europepmc.org/abstract/MED/21574210"", ""https://doi.org/10.1177/009286150103500134""], ""year"": 1992}"
K1:1WZ12GTT67,ChEMBL:drug_warning:4810,"{""assertedBy"": ""ChEMBL 37 drug_warning"", ""chemblMoleculeId"": ""CHEMBL2107495"", ""country"": ""Worldwide"", ""parentChemblMoleculeId"": ""CHEMBL277100"", ""reason"": ""hypoglycaemia, haemolytic anaemia, renal failure, hepatitis and anaphylactic reactions"", ""reasonClass"": ""hepatotoxicity"", ""reasonTerm"": ""hepatotoxicity"", ""references"": [""https://www.un.org/esa/coordination/CL12.pdf""], ""year"": 1992}"
K1:1WZ12GTT67,ChEMBL:drug_warning:4811,"{""assertedBy"": ""ChEMBL 37 drug_warning"", ""chemblMoleculeId"": ""CHEMBL2107495"", ""country"": ""Worldwide"", ""parentChemblMoleculeId"": ""CHEMBL277100"", ""reason"": ""hypoglycaemia, haemolytic anaemia, renal failure, hepatitis and anaphylactic reactions"", ""reasonClass"": ""metabolic toxicity"", ""reasonTerm"": ""Hypoglycemia"", ""references"": [""https://www.un.org/esa/coordination/CL12.pdf""], ""year"": 1992}"
K1:VOU69C02JP,ChEMBL:drug_warning:4817,"{""assertedBy"": ""ChEMBL 37 drug_warning"", ""chemblMoleculeId"": ""CHEMBL2104793"", ""country"": ""France"", ""parentChemblMoleculeId"": ""CHEMBL201960"", ""reason"": ""Misuse and abuse"", ""reasonClass"": ""drug misuse"", ""reasonTerm"": ""substance abuse"", ""references"": [""https://doi.org/10.1177/009286150103500134""], ""year"": 1979}"
K1:0223RD59PE,ChEMBL:drug_warning:4819,"{""assertedBy"": ""ChEMBL 37 drug_warning"", ""chemblMoleculeId"": ""CHEMBL3989556"", ""country"": ""Worldwide"", ""parentChemblMoleculeId"": ""CHEMBL22242"", ""reason"": ""Aplastic anemia"", ""reasonClass"": ""hematological toxicity"", ""reasonTerm"": ""Aplastic anemia"", ""references"": [""http://europepmc.org/abstract/MED/7628177"", ""https://doi.org/10.1177/009286150103500134""], ""year"": 1993}"
K1:E7QC7V26B8,ChEMBL:drug_warning:4837,"{""assertedBy"": ""ChEMBL 37 drug_warning"", ""chemblMoleculeId"": ""CHEMBL121663"", ""country"": ""Greece"", ""parentChemblMoleculeId"": ""CHEMBL333826"", ""reason"": ""Low efficacy/skin reactions"", ""reasonClass"": ""dermatological toxicity"", ""reasonTerm"": ""skin reaction"", ""references"": [""https://www.un.org/esa/coordination/CL12.pdf""], ""year"": 1984}"
K1:E35R3G56OV,ChEMBL:drug_warning:4838,"{""assertedBy"": ""ChEMBL 37 drug_warning"", ""chemblMoleculeId"": ""CHEMBL1887891"", ""country"": ""Malaysia; India; European Union; United Kingdom; Saudi Arabia; United States; Canada; France; Brazil; Lithuania; Morocco"", ""parentChemblMoleculeId"": ""CHEMBL248702"", ""reason"": ""Reasons of safety"", ""reasonClass"": null, ""reasonTerm"": null, ""references"": [""https://www.un.org/esa/coordination/CL12.pdf""], ""year"": 1997}"
K1:PR834Q503T,ChEMBL:drug_warning:4849,"{""assertedBy"": ""ChEMBL 37 drug_warning"", ""chemblMoleculeId"": ""CHEMBL2448612"", ""country"": ""New Zealand"", ""parentChemblMoleculeId"": ""CHEMBL442"", ""reason"": ""benefits from using this medicine no longer outweigh the risks of harm. Cafergot can cause serious effects on the heart and arteries, especially in older people"", ""reasonClass"": ""cardiotoxicity"", ""reasonTerm"": ""cardiotoxicity"", ""references"": [""https://www.medsafe.govt.nz/safety/Alerts/Cafergot%20Prohibited.asp""], ""year"": 2019}"
HOLD:existing:cisapride,ChEMBL:drug_warning:4867,"{""assertedBy"": ""ChEMBL 37 drug_warning"", ""chemblMoleculeId"": ""CHEMBL1200788"", ""country"": ""Armenia; Brunei; Mauritius; Bhutan; United Kingdom; Philippines; United States; Oman; Canada; Singapore; Germany; Bahrain; Turkey; Cuba; Japan"", ""parentChemblMoleculeId"": ""CHEMBL1729"", ""reason"": ""Serious cardiac arrhythmias (e.g. ventricular tachycardia, torsades de pointes, and ventricular fibrillation) and sudden cardiac deaths"", ""reasonClass"": ""cardiotoxicity"", ""reasonTerm"": ""Sudden Cardiac Death"", ""references"": [""https://healthycanadians.gc.ca/recall-alert-rappel-avis/hc-sc/2000/14309a-eng.php""], ""year"": 2000}"
K1:UVL329170W,ChEMBL:drug_warning:4867,"{""assertedBy"": ""ChEMBL 37 drug_warning"", ""chemblMoleculeId"": ""CHEMBL1200788"", ""country"": ""Armenia; Brunei; Mauritius; Bhutan; United Kingdom; Philippines; United States; Oman; Canada; Singapore; Germany; Bahrain; Turkey; Cuba; Japan"", ""parentChemblMoleculeId"": ""CHEMBL1729"", ""reason"": ""Serious cardiac arrhythmias (e.g. ventricular tachycardia, torsades de pointes, and ventricular fibrillation) and sudden cardiac deaths"", ""reasonClass"": ""cardiotoxicity"", ""reasonTerm"": ""Sudden Cardiac Death"", ""references"": [""https://healthycanadians.gc.ca/recall-alert-rappel-avis/hc-sc/2000/14309a-eng.php""], ""year"": 2000}"
K2:DCSUBABJRXZOMT-UHFFFAOYSA-N,ChEMBL:drug_warning:4867,"{""assertedBy"": ""ChEMBL 37 drug_warning"", ""chemblMoleculeId"": ""CHEMBL1200788"", ""country"": ""Armenia; Brunei; Mauritius; Bhutan; United Kingdom; Philippines; United States; Oman; Canada; Singapore; Germany; Bahrain; Turkey; Cuba; Japan"", ""parentChemblMoleculeId"": ""CHEMBL1729"", ""reason"": ""Serious cardiac arrhythmias (e.g. ventricular tachycardia, torsades de pointes, and ventricular fibrillation) and sudden cardiac deaths"", ""reasonClass"": ""cardiotoxicity"", ""reasonTerm"": ""Sudden Cardiac Death"", ""references"": [""https://healthycanadians.gc.ca/recall-alert-rappel-avis/hc-sc/2000/14309a-eng.php""], ""year"": 2000}"
K1:27B90X776A,ChEMBL:drug_warning:4869,"{""assertedBy"": ""ChEMBL 37 drug_warning"", ""chemblMoleculeId"": ""CHEMBL1534525"", ""country"": ""Worldwide"", ""parentChemblMoleculeId"": ""CHEMBL45816"", ""reason"": ""potential to induce cardiac arrhythmias (including torsades de pointes) especially when taken concomitantly with other medications"", ""reasonClass"": ""cardiotoxicity"", ""reasonTerm"": ""cardiac arrhythmia"", ""references"": [""https://www.un.org/esa/coordination/CL12.pdf""], ""year"": 1998}"
K1:NHW07912O7,ChEMBL:drug_warning:4879,"{""assertedBy"": ""ChEMBL 37 drug_warning"", ""chemblMoleculeId"": ""CHEMBL1200595"", ""country"": ""Germany; Venezuela"", ""parentChemblMoleculeId"": ""CHEMBL1201269"", ""reason"": ""Cardiovascular"", ""reasonClass"": ""cardiotoxicity"", ""reasonTerm"": ""cardiovascular disease"", ""references"": [""https://doi.org/10.1177/009286150103500134""], ""year"": 1967}"
HOLD:existing:cisapride,ChEMBL:drug_warning:4891,"{""assertedBy"": ""ChEMBL 37 drug_warning"", ""chemblMoleculeId"": ""CHEMBL1200788"", ""country"": ""Armenia; Brunei; Mauritius; Bhutan; United Kingdom; Philippines; United States; Oman; Canada; Singapore; Germany; Bahrain; Turkey; Cuba; Japan"", ""parentChemblMoleculeId"": ""CHEMBL1729"", ""reason"": ""Serious cardiac arrhythmias (e.g. ventricular tachycardia, torsades de pointes, and ventricular fibrillation) and sudden cardiac deaths"", ""reasonClass"": ""cardiotoxicity"", ""reasonTerm"": ""cardiac arrhythmia"", ""references"": [""https://healthycanadians.gc.ca/recall-alert-rappel-avis/hc-sc/2000/14309a-eng.php""], ""year"": 2000}"
K1:UVL329170W,ChEMBL:drug_warning:4891,"{""assertedBy"": ""ChEMBL 37 drug_warning"", ""chemblMoleculeId"": ""CHEMBL1200788"", ""country"": ""Armenia; Brunei; Mauritius; Bhutan; United Kingdom; Philippines; United States; Oman; Canada; Singapore; Germany; Bahrain; Turkey; Cuba; Japan"", ""parentChemblMoleculeId"": ""CHEMBL1729"", ""reason"": ""Serious cardiac arrhythmias (e.g. ventricular tachycardia, torsades de pointes, and ventricular fibrillation) and sudden cardiac deaths"", ""reasonClass"": ""cardiotoxicity"", ""reasonTerm"": ""cardiac arrhythmia"", ""references"": [""https://healthycanadians.gc.ca/recall-alert-rappel-avis/hc-sc/2000/14309a-eng.php""], ""year"": 2000}"
K2:DCSUBABJRXZOMT-UHFFFAOYSA-N,ChEMBL:drug_warning:4891,"{""assertedBy"": ""ChEMBL 37 drug_warning"", ""chemblMoleculeId"": ""CHEMBL1200788"", ""country"": ""Armenia; Brunei; Mauritius; Bhutan; United Kingdom; Philippines; United States; Oman; Canada; Singapore; Germany; Bahrain; Turkey; Cuba; Japan"", ""parentChemblMoleculeId"": ""CHEMBL1729"", ""reason"": ""Serious cardiac arrhythmias (e.g. ventricular tachycardia, torsades de pointes, and ventricular fibrillation) and sudden cardiac deaths"", ""reasonClass"": ""cardiotoxicity"", ""reasonTerm"": ""cardiac arrhythmia"", ""references"": [""https://healthycanadians.gc.ca/recall-alert-rappel-avis/hc-sc/2000/14309a-eng.php""], ""year"": 2000}"
HOLD:existing:cisapride,ChEMBL:drug_warning:4892,"{""assertedBy"": ""ChEMBL 37 drug_warning"", ""chemblMoleculeId"": ""CHEMBL1200788"", ""country"": ""Armenia; Brunei; Mauritius; Bhutan; United Kingdom; Philippines; United States; Oman; Canada; Singapore; Germany; Bahrain; Turkey; Cuba; Japan"", ""parentChemblMoleculeId"": ""CHEMBL1729"", ""reason"": ""Serious cardiac arrhythmias (e.g. ventricular tachycardia, torsades de pointes, and ventricular fibrillation) and sudden cardiac deaths"", ""reasonClass"": ""cardiotoxicity"", ""reasonTerm"": ""ventricular tachycardia"", ""references"": [""https://healthycanadians.gc.ca/recall-alert-rappel-avis/hc-sc/2000/14309a-eng.php""], ""year"": 2000}"
K1:UVL329170W,ChEMBL:drug_warning:4892,"{""assertedBy"": ""ChEMBL 37 drug_warning"", ""chemblMoleculeId"": ""CHEMBL1200788"", ""country"": ""Armenia; Brunei; Mauritius; Bhutan; United Kingdom; Philippines; United States; Oman; Canada; Singapore; Germany; Bahrain; Turkey; Cuba; Japan"", ""parentChemblMoleculeId"": ""CHEMBL1729"", ""reason"": ""Serious cardiac arrhythmias (e.g. ventricular tachycardia, torsades de pointes, and ventricular fibrillation) and sudden cardiac deaths"", ""reasonClass"": ""cardiotoxicity"", ""reasonTerm"": ""ventricular tachycardia"", ""references"": [""https://healthycanadians.gc.ca/recall-alert-rappel-avis/hc-sc/2000/14309a-eng.php""], ""year"": 2000}"
K2:DCSUBABJRXZOMT-UHFFFAOYSA-N,ChEMBL:drug_warning:4892,"{""assertedBy"": ""ChEMBL 37 drug_warning"", ""chemblMoleculeId"": ""CHEMBL1200788"", ""country"": ""Armenia; Brunei; Mauritius; Bhutan; United Kingdom; Philippines; United States; Oman; Canada; Singapore; Germany; Bahrain; Turkey; Cuba; Japan"", ""parentChemblMoleculeId"": ""CHEMBL1729"", ""reason"": ""Serious cardiac arrhythmias (e.g. ventricular tachycardia, torsades de pointes, and ventricular fibrillation) and sudden cardiac deaths"", ""reasonClass"": ""cardiotoxicity"", ""reasonTerm"": ""ventricular tachycardia"", ""references"": [""https://healthycanadians.gc.ca/recall-alert-rappel-avis/hc-sc/2000/14309a-eng.php""], ""year"": 2000}"
K1:PH34873A38,ChEMBL:drug_warning:4943,"{""assertedBy"": ""ChEMBL 37 drug_warning"", ""chemblMoleculeId"": ""CHEMBL1712842"", ""country"": ""United States"", ""parentChemblMoleculeId"": ""CHEMBL395110"", ""reason"": ""associated with granulocytopenia, granulocytosis, paralytic ileus, urinary retention, seizures, hypotension, and jaundice"", ""reasonClass"": ""hepatotoxicity"", ""reasonTerm"": ""hepatotoxicity"", ""references"": [""https://www.govinfo.gov/content/pkg/FR-1998-10-08/html/98-26923.htm""], ""year"": 1970}"
K1:PH34873A38,ChEMBL:drug_warning:4944,"{""assertedBy"": ""ChEMBL 37 drug_warning"", ""chemblMoleculeId"": ""CHEMBL1712842"", ""country"": ""United States"", ""parentChemblMoleculeId"": ""CHEMBL395110"", ""reason"": ""associated with granulocytopenia, granulocytosis, paralytic ileus, urinary retention, seizures, hypotension, and jaundice"", ""reasonClass"": ""hepatotoxicity"", ""reasonTerm"": ""Jaundice"", ""references"": [""https://www.govinfo.gov/content/pkg/FR-1998-10-08/html/98-26923.htm""], ""year"": 1970}"
K1:7ZKH8MQW6T,ChEMBL:drug_warning:4945,"{""assertedBy"": ""ChEMBL 37 drug_warning"", ""chemblMoleculeId"": ""CHEMBL2106829"", ""country"": ""United States"", ""parentChemblMoleculeId"": ""CHEMBL282052"", ""reason"": ""Overdose"", ""reasonClass"": ""drug misuse"", ""reasonTerm"": ""overdose"", ""references"": [""https://web.archive.org/web/20170304075943/https://www.fda.gov/downloads/AboutFDA/CentersOffices/OfficeofMedicalProductsandTobacco/CDER/UCM306183.pdf""], ""year"": 1984}"
K1:298897D62S,ChEMBL:drug_warning:4949,"{""assertedBy"": ""ChEMBL 37 drug_warning"", ""chemblMoleculeId"": ""CHEMBL1908348"", ""country"": ""United States"", ""parentChemblMoleculeId"": ""CHEMBL1908847"", ""reason"": ""unpredictable effects and was associated with tetanic uterine contractions and obstetrical complications"", ""reasonClass"": null, ""reasonTerm"": ""uterine hyperstimulation"", ""references"": [""https://www.govinfo.gov/content/pkg/FR-1998-10-08/html/98-26923.htm""], ""year"": 1979}"
K1:30CPC5LDEX,ChEMBL:drug_warning:4950,"{""assertedBy"": ""ChEMBL 37 drug_warning"", ""chemblMoleculeId"": ""CHEMBL2107253"", ""country"": ""United States"", ""parentChemblMoleculeId"": ""CHEMBL62193"", ""reason"": ""associated with Stevens-Johnson syndrome and fatalities"", ""reasonClass"": ""dermatological toxicity"", ""reasonTerm"": ""Stevens-Johnson syndrome"", ""references"": [""https://www.govinfo.gov/content/pkg/FR-1998-10-08/html/98-26923.htm""], ""year"": 1966}"
K1:1WZ12GTT67,ChEMBL:drug_warning:4958,"{""assertedBy"": ""ChEMBL 37 drug_warning"", ""chemblMoleculeId"": ""CHEMBL2107495"", ""country"": ""Worldwide"", ""parentChemblMoleculeId"": ""CHEMBL277100"", ""reason"": ""Low blood sugar; hemolytic anemia; kidney, liver dysfunction; allergic reactions"", ""reasonClass"": ""hepatotoxicity"", ""reasonTerm"": ""drug-induced liver injury"", ""references"": [""http://europepmc.org/abstract/MED/21574210"", ""https://doi.org/10.1177/009286150103500134""], ""year"": 1992}"
K1:1WZ12GTT67,ChEMBL:drug_warning:4960,"{""assertedBy"": ""ChEMBL 37 drug_warning"", ""chemblMoleculeId"": ""CHEMBL2107495"", ""country"": ""Worldwide"", ""parentChemblMoleculeId"": ""CHEMBL277100"", ""reason"": ""associated with hypoglycemia in elderly patients, as well as a constellation of multisystem organ involvement characterized by hemolytic anemia, frequently associated with renal failure, markedly abnormal liver tests, and coagulopathy"", ""reasonClass"": ""hematological toxicity"", ""reasonTerm"": ""blood coagulation disease"", ""references"": [""https://www.govinfo.gov/content/pkg/FR-1998-10-08/html/98-26923.htm""], ""year"": 1992}"
K1:458VC51857,ChEMBL:drug_warning:4976,"{""assertedBy"": ""ChEMBL 37 drug_warning"", ""chemblMoleculeId"": ""CHEMBL1516474"", ""country"": ""United States; Australia; Canada"", ""parentChemblMoleculeId"": ""CHEMBL76370"", ""reason"": ""Cardiovascular ischemic events occurring in Zelnorm-treated patients included myocardial infarction, stroke, and unstable angina pectoris"", ""reasonClass"": ""cardiotoxicity"", ""reasonTerm"": ""angina unstable"", ""references"": [""https://healthycanadians.gc.ca/recall-alert-rappel-avis/hc-sc/2007/14486a-eng.php""], ""year"": 2007}"
K1:510SJZ1Y6L,ChEMBL:drug_warning:4996,"{""assertedBy"": ""ChEMBL 37 drug_warning"", ""chemblMoleculeId"": ""CHEMBL2104287"", ""country"": ""Sweden"", ""parentChemblMoleculeId"": ""CHEMBL1442422"", ""reason"": ""Unexpectedly high number of fatal suicidal attempts"", ""reasonClass"": ""drug misuse"", ""reasonTerm"": ""drug misuse"", ""references"": [""https://www.un.org/esa/coordination/CL12.pdf""], ""year"": 1983}"
