page_a,page_b,why_unresolved,evidence
HOLD:existing:clobetasol,K1:ADN79D536H,the two pages carry the same UNII but different connectivity skeletons; §2 holds a K1/K2 disagreement for a person,"{""a"": ""Clobetasol"", ""b"": ""CLOBETASOL"", ""inchikey_a"": ""CBGUOGMQLZIXBE-XGQKBEPLSA-N"", ""inchikey_b"": ""FCSHDIVRCWTZOX-DVTGEIKXSA-N"", ""origin"": ""suspected-nominal:clobetasol"", ""unii"": ""ADN79D536H"", ""unii_source_a"": ""page-field"", ""unii_source_b"": ""page-key""}"
HOLD:existing:cortisone,K1:V27W9254FZ,the two pages carry the same UNII but different connectivity skeletons; §2 holds a K1/K2 disagreement for a person,"{""a"": ""Cortisone"", ""b"": ""Cortisone"", ""inchikey_a"": ""ITRJWOMZKQRYTA-RFZYENFJSA-N"", ""inchikey_b"": ""MFYSYFVPBJMHGN-ZPOLXVRWSA-N"", ""origin"": ""suspected-nominal:cortisone"", ""unii"": ""V27W9254FZ"", ""unii_source_a"": ""page-field"", ""unii_source_b"": ""page-key""}"
HOLD:existing:megestrol,K1:EA6LD1M70M,the two pages carry the same UNII but different connectivity skeletons; §2 holds a K1/K2 disagreement for a person,"{""a"": ""Megestrol"", ""b"": ""Megestrol"", ""inchikey_a"": ""RQZAXGRLVPAYTJ-GQFGMJRRSA-N"", ""inchikey_b"": ""VXIMPSPISRVBPZ-NWUMPJBXSA-N"", ""origin"": ""unii:EA6LD1M70M"", ""unii"": ""EA6LD1M70M"", ""unii_source_a"": ""page-field"", ""unii_source_b"": ""page-key""}"
K1:01Q9PC255D,K1:5138Q19F1X,the evidence links the two pages but no rule in the spec's order decides them,"{""a"": ""Ammonium Chloride"", ""b"": ""Ammonia"", ""gsrs_relationship"": null, ""inchikey_a"": ""NLXLAEXVIDQMFP-UHFFFAOYSA-N"", ""inchikey_b"": ""QGZKDVFQNNGYKY-UHFFFAOYSA-N"", ""name_a"": ""ammonium"", ""name_b"": ""ammonia"", ""origin"": ""slug-collision:ammonia"", ""unii_a"": ""01Q9PC255D"", ""unii_b"": ""5138Q19F1X""}"
K1:094ZI81Y45,K1:XF417D3PSL,"an FDA salt/solvate relationship links the pages, but the child page is not a salt form of the parent by structure or by name, so §3.1 does not license a merge","{""a"": ""Tamoxifen"", ""b"": ""Anhydrous Citric Acid"", ""inchikey_child"": ""NKANXQFJJICGDU-QPLCGJKRSA-N"", ""inchikey_parent"": ""KRKNYBCHXYNGOX-UHFFFAOYSA-N"", ""name_child"": ""tamoxifen"", ""name_parent"": ""anhydrous citric acid"", ""origin"": ""gsrs:target_is_parent"", ""relationship"": ""target_is_parent""}"
K1:0RH81L854J,K4:glutamine nitrate,"same normalised name; one page holds a structure and the other holds none, so no structural rule applies","{""a"": ""Glutamine"", ""b"": ""Glutamine Nitrate"", ""inchikey_a"": ""ZDXPYRJPNDTMRX-VKHMYHEASA-N"", ""inchikey_b"": null, ""normalised"": ""glutamine"", ""origin"": ""name:glutamine"", ""unii_a"": ""0RH81L854J"", ""unii_b"": null}"
K1:11P2JDE17B,K1:7GB7U7M282,the evidence links the two pages but no rule in the spec's order decides them,"{""a"": ""BETA-ALANINE"", ""b"": ""Hypoglycine A"", ""gsrs_relationship"": null, ""inchikey_a"": ""UCMIRNVEIXFBKS-UHFFFAOYSA-N"", ""inchikey_b"": ""OOJZCXFXPZGUBJ-RITPCOANSA-N"", ""name_a"": ""beta alanine"", ""name_b"": ""hypoglycine a"", ""origin"": ""slug-collision:beta-alanine"", ""unii_a"": ""11P2JDE17B"", ""unii_b"": ""7GB7U7M282""}"
K1:11P2JDE17B,K1:OF5P57N2ZX,the evidence links the two pages but no rule in the spec's order decides them,"{""a"": ""BETA-ALANINE"", ""b"": ""Alanine"", ""gsrs_relationship"": null, ""inchikey_a"": ""UCMIRNVEIXFBKS-UHFFFAOYSA-N"", ""inchikey_b"": ""QNAYBMKLOCPYGJ-REOHCLBHSA-N"", ""name_a"": ""beta alanine"", ""name_b"": ""alanine"", ""origin"": ""suspected-nominal:alanine"", ""unii_a"": ""11P2JDE17B"", ""unii_b"": ""OF5P57N2ZX""}"
K1:169D1260KM,K1:EAO03PE1TC,the evidence links the two pages but no rule in the spec's order decides them,"{""a"": ""NITROPRUSSIDE"", ""b"": ""SODIUM NITROPRUSSIDE"", ""gsrs_relationship"": null, ""inchikey_a"": ""YEESUBCSWGVPCE-UHFFFAOYSA-N"", ""inchikey_b"": ""SPBWMYPZWNFWES-UHFFFAOYSA-N"", ""name_a"": ""nitroprusside"", ""name_b"": ""sodium nitroprusside"", ""origin"": ""suspected-nominal:nitroprusside"", ""unii_a"": ""169D1260KM"", ""unii_b"": ""EAO03PE1TC""}"
K1:17LEI49C2G,K1:3A9RD92BS4,"an FDA salt/solvate relationship links the pages, but the child page is not a salt form of the parent by structure or by name, so §3.1 does not license a merge","{""a"": ""GALLIUM MALTOLATE"", ""b"": ""Maltol"", ""inchikey_child"": ""ASYYOZSDALANRF-UHFFFAOYSA-K"", ""inchikey_parent"": ""XPCTZQVDEJYUGT-UHFFFAOYSA-N"", ""name_child"": ""gallium maltolate"", ""name_parent"": ""maltol"", ""origin"": ""gsrs:target_is_salt"", ""relationship"": ""target_is_parent""}"
K1:1PIO77PW2X,K1:XGF7L72M0F,the evidence links the two pages but no rule in the spec's order decides them,"{""a"": ""Fish"", ""b"": ""Fish Oil"", ""gsrs_relationship"": null, ""inchikey_a"": null, ""inchikey_b"": null, ""name_a"": ""fish"", ""name_b"": ""fish oil"", ""origin"": ""suspected-nominal:fish"", ""unii_a"": ""1PIO77PW2X"", ""unii_b"": ""XGF7L72M0F""}"
K1:1XU104G55N,,the named item no longer names two live corpus pages; an earlier identity pass already merged or dropped them,"{""keys"": [""K1:1XU104G55N"", ""K1:P4SG24WI5Q""], ""origin"": ""suspected-nominal:colesevelam""}"
K1:1XU104G55N,,the named item no longer names two live corpus pages; an earlier identity pass already merged or dropped them,"{""keys"": [""K1:P4SG24WI5Q"", ""K1:1XU104G55N""], ""origin"": ""slug-collision:colesevelam""}"
K1:1Y17CTI5SR,K3:CHEMBL2108974,"same normalised name; one page holds a structure and the other holds none, so no structural rule applies","{""a"": ""Insulin human"", ""b"": ""INSULIN HUMAN ZINC"", ""inchikey_a"": ""PBGKTOXHQIOBKM-FHFVDXKLSA-N"", ""inchikey_b"": null, ""normalised"": ""insulin human"", ""origin"": ""name:insulin human"", ""unii_a"": ""1Y17CTI5SR"", ""unii_b"": null}"
K1:241ATL177A,K1:L7HT8F1ZOD,the evidence links the two pages but no rule in the spec's order decides them,"{""a"": ""Soybean Oil"", ""b"": ""Soybean"", ""gsrs_relationship"": null, ""inchikey_a"": null, ""inchikey_b"": null, ""name_a"": ""soybean oil"", ""name_b"": ""soybean"", ""origin"": ""suspected-nominal:soybean"", ""unii_a"": ""241ATL177A"", ""unii_b"": ""L7HT8F1ZOD""}"
K1:26GW6E5M72,K1:M4F288ZCTR,the evidence links the two pages but no rule in the spec's order decides them,"{""a"": ""Heparin (PORCINE; 7000 MW)"", ""b"": ""HEPARIN CALCIUM"", ""gsrs_relationship"": null, ""inchikey_a"": null, ""inchikey_b"": null, ""name_a"": ""heparin porcine 7000 mw"", ""name_b"": ""heparin"", ""origin"": ""suspected-nominal:heparin"", ""unii_a"": ""26GW6E5M72"", ""unii_b"": ""M4F288ZCTR""}"
K1:3LE3D9D6OY,K1:G2SH0XKK91,the evidence links the two pages but no rule in the spec's order decides them,"{""a"": ""Vitamin A Acetate"", ""b"": ""Retinol"", ""gsrs_relationship"": null, ""inchikey_a"": ""QGNJRVVDBSJHIZ-QHLGVNSISA-N"", ""inchikey_b"": ""FPIPGXGPPPQFEQ-OVSJKPMPSA-N"", ""name_a"": ""vitamin a"", ""name_b"": ""retinol"", ""origin"": ""slug-collision:vitamin-a"", ""unii_a"": ""3LE3D9D6OY"", ""unii_b"": ""G2SH0XKK91""}"
K1:411VRN1TV4,K1:8M4L3H2ZVZ,the evidence links the two pages but no rule in the spec's order decides them,"{""a"": ""Nitric Acid"", ""b"": ""SODIUM NITRATE"", ""gsrs_relationship"": null, ""inchikey_a"": ""GRYLNZFGIOXLOG-UHFFFAOYSA-N"", ""inchikey_b"": ""VWDWKYIASSYTQR-UHFFFAOYSA-N"", ""name_a"": ""nitric acid"", ""name_b"": ""sodium"", ""origin"": ""suspected-nominal:nitrate"", ""unii_a"": ""411VRN1TV4"", ""unii_b"": ""8M4L3H2ZVZ""}"
K1:411VRN1TV4,K1:RU45X2JN0Z,the evidence links the two pages but no rule in the spec's order decides them,"{""a"": ""Nitric Acid"", ""b"": ""Potassium Nitrate"", ""gsrs_relationship"": null, ""inchikey_a"": ""GRYLNZFGIOXLOG-UHFFFAOYSA-N"", ""inchikey_b"": ""FGIUAXJPYTZDNR-UHFFFAOYSA-N"", ""name_a"": ""nitric acid"", ""name_b"": ""potassium"", ""origin"": ""suspected-nominal:nitrate"", ""unii_a"": ""411VRN1TV4"", ""unii_b"": ""RU45X2JN0Z""}"
K1:438HCF2X0M,K1:L7CHH2B2J0,the evidence links the two pages but no rule in the spec's order decides them,"{""a"": ""Defibrotide (BOVINE)"", ""b"": ""DEFIBROTIDE SODIUM"", ""gsrs_relationship"": null, ""inchikey_a"": null, ""inchikey_b"": null, ""name_a"": ""defibrotide bovine"", ""name_b"": ""defibrotide"", ""origin"": ""suspected-nominal:defibrotide"", ""unii_a"": ""438HCF2X0M"", ""unii_b"": ""L7CHH2B2J0""}"
K1:45P3261C7T,K1:BQN1B9B9HA,the evidence links the two pages but no rule in the spec's order decides them,"{""a"": ""Sodium Carbonate"", ""b"": ""Potassium Carbonate"", ""gsrs_relationship"": null, ""inchikey_a"": ""CDBYLPFSWZWCQE-UHFFFAOYSA-L"", ""inchikey_b"": ""BWHMMNNQKKPAPP-UHFFFAOYSA-L"", ""name_a"": ""sodium"", ""name_b"": ""potassium"", ""origin"": ""suspected-nominal:carbonate"", ""unii_a"": ""45P3261C7T"", ""unii_b"": ""BQN1B9B9HA""}"
K1:45P3261C7T,K1:H0G9379FGK,the evidence links the two pages but no rule in the spec's order decides them,"{""a"": ""Sodium Carbonate"", ""b"": ""Calcium Carbonate"", ""gsrs_relationship"": null, ""inchikey_a"": ""CDBYLPFSWZWCQE-UHFFFAOYSA-L"", ""inchikey_b"": ""VTYYLEPIZMXCLO-UHFFFAOYSA-L"", ""name_a"": ""sodium"", ""name_b"": ""calcium"", ""origin"": ""suspected-nominal:carbonate"", ""unii_a"": ""45P3261C7T"", ""unii_b"": ""H0G9379FGK""}"
K1:4G4WDK2YBS,K1:94ZLA3W45F,"an FDA salt/solvate relationship links the pages, but the child page is not a salt form of the parent by structure or by name, so §3.1 does not license a merge","{""a"": ""ZOFENOPRILAT"", ""b"": ""Arginine"", ""inchikey_child"": ""UQWLOWFDKAFKAP-WXHSDQCUSA-N"", ""inchikey_parent"": ""ODKSFYDXXFIFQN-BYPYZUCNSA-N"", ""name_child"": ""zofenoprilat"", ""name_parent"": ""arginine"", ""origin"": ""gsrs:target_is_parent"", ""relationship"": ""target_is_parent""}"
K1:4T6H12BN9U,K1:B6E5W8RQJ4,the evidence links the two pages but no rule in the spec's order decides them,"{""a"": ""Petrolatum"", ""b"": ""White Petrolatum"", ""gsrs_relationship"": null, ""inchikey_a"": null, ""inchikey_b"": null, ""name_a"": ""petrolatum"", ""name_b"": ""white petrolatum"", ""origin"": ""slug-collision:white-petrolatum"", ""unii_a"": ""4T6H12BN9U"", ""unii_b"": ""B6E5W8RQJ4""}"
K1:5138Q19F1X,K1:67M901L9NQ,the evidence links the two pages but no rule in the spec's order decides them,"{""a"": ""Ammonia"", ""b"": ""Ammonium Lactate"", ""gsrs_relationship"": null, ""inchikey_a"": ""QGZKDVFQNNGYKY-UHFFFAOYSA-N"", ""inchikey_b"": ""RZOBLYBZQXQGFY-UHFFFAOYSA-N"", ""name_a"": ""ammonia"", ""name_b"": ""ammonium"", ""origin"": ""slug-collision:ammonia"", ""unii_a"": ""5138Q19F1X"", ""unii_b"": ""67M901L9NQ""}"
K1:5138Q19F1X,K1:AC80WD7GPF,the evidence links the two pages but no rule in the spec's order decides them,"{""a"": ""Ammonia"", ""b"": ""Ammonium Benzoate"", ""gsrs_relationship"": null, ""inchikey_a"": ""QGZKDVFQNNGYKY-UHFFFAOYSA-N"", ""inchikey_b"": ""VWSRWGFGAAKTQG-UHFFFAOYSA-N"", ""name_a"": ""ammonia"", ""name_b"": ""ammonium"", ""origin"": ""slug-collision:ammonia"", ""unii_a"": ""5138Q19F1X"", ""unii_b"": ""AC80WD7GPF""}"
K1:5138Q19F1X,K1:R0JB3224WS,the evidence links the two pages but no rule in the spec's order decides them,"{""a"": ""Ammonia"", ""b"": ""Ammonium Bromide"", ""gsrs_relationship"": null, ""inchikey_a"": ""QGZKDVFQNNGYKY-UHFFFAOYSA-N"", ""inchikey_b"": ""SWLVFNYSXGMGBS-UHFFFAOYSA-N"", ""name_a"": ""ammonia"", ""name_b"": ""ammonium"", ""origin"": ""slug-collision:ammonia"", ""unii_a"": ""5138Q19F1X"", ""unii_b"": ""R0JB3224WS""}"
K1:53AXN4NNHX,K2:UCZDWGAJSOUHOU-VDBPWWIZSA-N,the evidence links the two pages but no rule in the spec's order decides them,"{""a"": ""Semaglutide"", ""b"": ""GLP-1"", ""gsrs_relationship"": null, ""inchikey_a"": ""DLSWIYLPEUIQAV-CCUURXOWSA-N"", ""inchikey_b"": ""UCZDWGAJSOUHOU-VDBPWWIZSA-N"", ""name_a"": ""semaglutide"", ""name_b"": ""glp 1"", ""origin"": ""slug-collision:semaglutide"", ""unii_a"": ""53AXN4NNHX"", ""unii_b"": ""0JS9125PIZ""}"
K1:69PN84IO1A,K1:91XW058U2C,"an FDA salt/solvate relationship links the pages, but the child page is not a salt form of the parent by structure or by name, so §3.1 does not license a merge","{""a"": ""Enalapril"", ""b"": ""MALEIC ACID"", ""inchikey_child"": ""GBXSMTUPTTWBMN-XIRDDKMYSA-N"", ""inchikey_parent"": ""VZCYOOQTPOCHFL-UPHRSURJSA-N"", ""name_child"": ""enalapril"", ""name_parent"": ""maleic acid"", ""origin"": ""gsrs:target_is_parent"", ""relationship"": ""target_is_parent""}"
K1:6QT214X4XU,K1:R16CO5Y76E,"an FDA salt/solvate relationship links the pages, but the child page is not a salt form of the parent by structure or by name, so §3.1 does not license a merge","{""a"": ""Aloxiprin"", ""b"": ""ASA"", ""inchikey_child"": ""MXCPYJZDGPQDRA-UHFFFAOYSA-N"", ""inchikey_parent"": ""BSYNRYMUTXBXSQ-UHFFFAOYSA-N"", ""name_child"": ""aloxiprin"", ""name_parent"": ""asa"", ""origin"": ""gsrs:target_is_salt"", ""relationship"": ""target_is_parent""}"
K1:75IZZ8Y727,K1:N20HL7Q941,the evidence links the two pages but no rule in the spec's order decides them,"{""a"": ""Camphor Oil"", ""b"": ""Camphor"", ""gsrs_relationship"": null, ""inchikey_a"": null, ""inchikey_b"": ""DSSYKIVIOFKYAU-XCBNKYQSSA-N"", ""name_a"": ""camphor oil"", ""name_b"": ""camphor"", ""origin"": ""suspected-nominal:camphor"", ""unii_a"": ""75IZZ8Y727"", ""unii_b"": ""N20HL7Q941""}"
K1:76LA80IG2G,,the named item no longer names two live corpus pages; an earlier identity pass already merged or dropped them,"{""keys"": [""K1:76LA80IG2G"", ""K1:1H87NVF4DB""], ""origin"": ""suspected-nominal:glucagon""}"
K1:76LA80IG2G,,the named item no longer names two live corpus pages; an earlier identity pass already merged or dropped them,"{""keys"": [""K1:76LA80IG2G"", ""K1:1H87NVF4DB""], ""origin"": ""slug-collision:glucagon""}"
K1:7GB7U7M282,K1:OF5P57N2ZX,the evidence links the two pages but no rule in the spec's order decides them,"{""a"": ""Hypoglycine A"", ""b"": ""Alanine"", ""gsrs_relationship"": null, ""inchikey_a"": ""OOJZCXFXPZGUBJ-RITPCOANSA-N"", ""inchikey_b"": ""QNAYBMKLOCPYGJ-REOHCLBHSA-N"", ""name_a"": ""hypoglycine a"", ""name_b"": ""alanine"", ""origin"": ""suspected-nominal:alanine"", ""unii_a"": ""7GB7U7M282"", ""unii_b"": ""OF5P57N2ZX""}"
K1:7QWA1RIO01,K2:ZAKOWWREFLAJOT-ADUHFSDSSA-N,the evidence links the two pages but no rule in the spec's order decides them,"{""a"": ""Alpha-Tocopherol"", ""b"": ""TOCOPHEROL ACETATE"", ""gsrs_relationship"": null, ""inchikey_a"": ""GVJHHUAWPYXKBD-UHFFFAOYSA-N"", ""inchikey_b"": ""ZAKOWWREFLAJOT-ADUHFSDSSA-N"", ""name_a"": ""alpha tocopherol"", ""name_b"": ""tocopherol"", ""origin"": ""suspected-nominal:tocopherol"", ""unii_a"": ""7QWA1RIO01"", ""unii_b"": ""9E8X80D2L0""}"
K1:7UJQ5OPE7D,K1:8MDF5V39QO,the evidence links the two pages but no rule in the spec's order decides them,"{""a"": ""Carbonate Ion"", ""b"": ""Sodium Bicarbonate"", ""gsrs_relationship"": null, ""inchikey_a"": ""BVKZGUZCCUSVTD-UHFFFAOYSA-N"", ""inchikey_b"": ""UIIMBOGNXHQVGW-UHFFFAOYSA-M"", ""name_a"": ""carbonate ion"", ""name_b"": ""sodium"", ""origin"": ""suspected-nominal:bicarbonate"", ""unii_a"": ""7UJQ5OPE7D"", ""unii_b"": ""8MDF5V39QO""}"
K1:7UJQ5OPE7D,K1:HM5Z15LEBN,the evidence links the two pages but no rule in the spec's order decides them,"{""a"": ""Carbonate Ion"", ""b"": ""Potassium Bicarbonate"", ""gsrs_relationship"": null, ""inchikey_a"": ""BVKZGUZCCUSVTD-UHFFFAOYSA-N"", ""inchikey_b"": ""TYJJADVDDVDEDZ-UHFFFAOYSA-M"", ""name_a"": ""carbonate ion"", ""name_b"": ""potassium"", ""origin"": ""suspected-nominal:bicarbonate"", ""unii_a"": ""7UJQ5OPE7D"", ""unii_b"": ""HM5Z15LEBN""}"
K1:7UP781YBR6,K1:N91BDP6H0X,"an FDA salt/solvate relationship links the pages, but the child page is not a salt form of the parent by structure or by name, so §3.1 does not license a merge","{""a"": ""Salcolex Anhydrous"", ""b"": ""Choline"", ""inchikey_child"": ""JFFTWGWKXDKILV-UHFFFAOYSA-J"", ""inchikey_parent"": ""OEYIOHPDSNJKLS-UHFFFAOYSA-N"", ""name_child"": ""salcolex"", ""name_parent"": ""choline"", ""origin"": ""gsrs:target_is_salt"", ""relationship"": ""target_is_parent""}"
K1:884KT10YB7,K1:XF417D3PSL,"an FDA salt/solvate relationship links the pages, but the child page is not a salt form of the parent by structure or by name, so §3.1 does not license a merge","{""a"": ""Ranitidine"", ""b"": ""Anhydrous Citric Acid"", ""inchikey_child"": ""VMXUWOKSQNHOCA-UHFFFAOYSA-N"", ""inchikey_parent"": ""KRKNYBCHXYNGOX-UHFFFAOYSA-N"", ""name_child"": ""ranitidine"", ""name_parent"": ""anhydrous citric acid"", ""origin"": ""gsrs:target_is_parent"", ""relationship"": ""target_is_parent""}"
K1:8MDF5V39QO,K1:NPT6P8P3UU,the evidence links the two pages but no rule in the spec's order decides them,"{""a"": ""Sodium Bicarbonate"", ""b"": ""Potassium Bitartrate"", ""gsrs_relationship"": null, ""inchikey_a"": ""UIIMBOGNXHQVGW-UHFFFAOYSA-M"", ""inchikey_b"": ""KYKNRZGSIGMXFH-ZVGUSBNCSA-M"", ""name_a"": ""sodium"", ""name_b"": ""potassium"", ""origin"": ""slug-collision:potassium-bitartrate"", ""unii_a"": ""8MDF5V39QO"", ""unii_b"": ""NPT6P8P3UU""}"
K1:8QTV3DTT8W,K4:chondroitin,the evidence links the two pages but no rule in the spec's order decides them,"{""a"": ""Chondroitin Sulfate Sodium (BOVINE)"", ""b"": ""Chondroitin"", ""gsrs_relationship"": null, ""inchikey_a"": null, ""inchikey_b"": null, ""name_a"": ""chondroitin sulfate sodium bovine"", ""name_b"": ""chondroitin"", ""origin"": ""suspected-nominal:chondroitin"", ""unii_a"": ""8QTV3DTT8W"", ""unii_b"": null}"
K1:941N5DUU5C,,the named item no longer names two live corpus pages; an earlier identity pass already merged or dropped them,"{""keys"": [""K1:GLS2PGI8QG"", ""K1:941N5DUU5C""], ""origin"": ""suspected-nominal:sevelamer""}"
K1:941N5DUU5C,K1:9YCX42I8IU,same normalised name and no structure on either page; the identity rules give no evidence that decides them,"{""a"": ""Sevelamer"", ""b"": ""Sevelamer Carbonate"", ""class_a"": ""polymer"", ""class_b"": ""polymer"", ""normalised"": ""sevelamer"", ""origin"": ""name:sevelamer"", ""unii_a"": ""941N5DUU5C"", ""unii_b"": ""9YCX42I8IU""}"
K1:94ZLA3W45F,K4:arginine l malate,"same normalised name; one page holds a structure and the other holds none, so no structural rule applies","{""a"": ""Arginine"", ""b"": ""Arginine-L-Malate"", ""inchikey_a"": ""ODKSFYDXXFIFQN-BYPYZUCNSA-N"", ""inchikey_b"": null, ""normalised"": ""arginine"", ""origin"": ""name:arginine"", ""unii_a"": ""94ZLA3W45F"", ""unii_b"": null}"
K1:94ZLA3W45F,K4:arginine orotate,"same normalised name; one page holds a structure and the other holds none, so no structural rule applies","{""a"": ""Arginine"", ""b"": ""Arginine Orotate"", ""inchikey_a"": ""ODKSFYDXXFIFQN-BYPYZUCNSA-N"", ""inchikey_b"": null, ""normalised"": ""arginine"", ""origin"": ""name:arginine"", ""unii_a"": ""94ZLA3W45F"", ""unii_b"": null}"
K1:9U6A490501,K2:ZAKOWWREFLAJOT-ADUHFSDSSA-N,the evidence links the two pages but no rule in the spec's order decides them,"{""a"": "".BETA.-TOCOPHEROL"", ""b"": ""TOCOPHEROL ACETATE"", ""gsrs_relationship"": null, ""inchikey_a"": ""WGVKWNUPNGFDFJ-DQCZWYHMSA-N"", ""inchikey_b"": ""ZAKOWWREFLAJOT-ADUHFSDSSA-N"", ""name_a"": ""beta tocopherol"", ""name_b"": ""tocopherol"", ""origin"": ""slug-collision:vitamin-e"", ""unii_a"": ""9U6A490501"", ""unii_b"": ""9E8X80D2L0""}"
K1:BGF9MN2HU1,K1:N91BDP6H0X,"an FDA salt/solvate relationship links the pages, but the child page is not a salt form of the parent by structure or by name, so §3.1 does not license a merge","{""a"": ""Fenofibric Acid"", ""b"": ""Choline"", ""inchikey_child"": ""MQOBSOSZFYZQOK-UHFFFAOYSA-N"", ""inchikey_parent"": ""OEYIOHPDSNJKLS-UHFFFAOYSA-N"", ""name_child"": ""fenofibric acid"", ""name_parent"": ""choline"", ""origin"": ""gsrs:target_is_parent"", ""relationship"": ""target_is_parent""}"
K1:BQN1B9B9HA,,"two pages collide on a display name and nothing recorded for them - substance class, primary target, stereo descriptor, UNII or structure - tells one from the other","{""displayName"": ""Potassium Carbonate"", ""normalised"": ""potassium""}"
K1:C5529G5JPQ,K1:SAS9Z1SVUK,the evidence links the two pages but no rule in the spec's order decides them,"{""a"": ""Ginger"", ""b"": ""Ginger Oil"", ""gsrs_relationship"": null, ""inchikey_a"": null, ""inchikey_b"": null, ""name_a"": ""ginger"", ""name_b"": ""ginger oil"", ""origin"": ""suspected-nominal:ginger"", ""unii_a"": ""C5529G5JPQ"", ""unii_b"": ""SAS9Z1SVUK""}"
K1:DJJ95FJP1H,K1:N91BDP6H0X,"an FDA salt/solvate relationship links the pages, but the child page is not a salt form of the parent by structure or by name, so §3.1 does not license a merge","{""a"": ""CHOLINE MAGNESIUM TRISALICYLATE"", ""b"": ""Choline"", ""inchikey_child"": ""FQCQGOZEWWPOKI-UHFFFAOYSA-K"", ""inchikey_parent"": ""OEYIOHPDSNJKLS-UHFFFAOYSA-N"", ""name_child"": ""choline magnesium trisalicylate"", ""name_parent"": ""choline"", ""origin"": ""gsrs:target_is_salt"", ""relationship"": ""target_is_parent""}"
K1:E6S1NJ4Y5Q,K1:SMD1X3XO9M,the evidence links the two pages but no rule in the spec's order decides them,"{""a"": ""CELLULOSE SODIUM PHOSPHATE"", ""b"": ""Powdered Cellulose"", ""gsrs_relationship"": null, ""inchikey_a"": null, ""inchikey_b"": null, ""name_a"": ""cellulose"", ""name_b"": ""powdered cellulose"", ""origin"": ""suspected-nominal:cellulose"", ""unii_a"": ""E6S1NJ4Y5Q"", ""unii_b"": ""SMD1X3XO9M""}"
K1:EAO03PE1TC,K1:2WTB3V159F,"an FDA salt/solvate relationship links the pages, but the child page is not a salt form of the parent by structure or by name, so §3.1 does not license a merge","{""a"": ""Hydrogen Cyanide"", ""b"": ""SODIUM NITROPRUSSIDE"", ""inchikey_child"": ""SPBWMYPZWNFWES-UHFFFAOYSA-N"", ""inchikey_parent"": ""LELOWRISYMNNSU-UHFFFAOYSA-N"", ""name_child"": ""sodium nitroprusside"", ""name_parent"": ""hydrogen cyanide"", ""origin"": ""gsrs:target_is_salt"", ""relationship"": ""target_is_salt""}"
K1:F60NE4XB53,,the named item no longer names two live corpus pages; an earlier identity pass already merged or dropped them,"{""keys"": [""K1:2AW48LAZ4I"", ""K1:F60NE4XB53""], ""origin"": ""suspected-nominal:imetelstat""}"
K1:F6A27P4Q4R,K1:H6241UJ22B,the evidence links the two pages but no rule in the spec's order decides them,"{""a"": ""Selenious Acid"", ""b"": ""Selenium"", ""gsrs_relationship"": null, ""inchikey_a"": ""MCAHWIHFGHIESP-UHFFFAOYSA-N"", ""inchikey_b"": ""BUGBHKTXTAQXES-UHFFFAOYSA-N"", ""name_a"": ""selenious acid"", ""name_b"": ""selenium"", ""origin"": ""slug-collision:selenious-acid"", ""unii_a"": ""F6A27P4Q4R"", ""unii_b"": ""H6241UJ22B""}"
K1:FB33469R8E,K2:GJUHUIXJLZINMA-MJCUULBUSA-N,the evidence links the two pages but no rule in the spec's order decides them,"{""a"": ""Estriol"", ""b"": ""ESTROGEN"", ""gsrs_relationship"": null, ""inchikey_a"": ""PROQIPRRNZUXQM-ZXXIGWHRSA-N"", ""inchikey_b"": ""GJUHUIXJLZINMA-MJCUULBUSA-N"", ""name_a"": ""estriol"", ""name_b"": ""estrogen"", ""origin"": ""slug-collision:estriol"", ""unii_a"": ""FB33469R8E"", ""unii_b"": ""IU5QR144QX""}"
K1:FD57A79R4P,K1:N91BDP6H0X,"an FDA salt/solvate relationship links the pages, but the child page is not a salt form of the parent by structure or by name, so §3.1 does not license a merge","{""a"": ""TIOMOLIBDATE CHOLINE"", ""b"": ""Choline"", ""inchikey_child"": ""FSWNJZRQQVVVJT-UHFFFAOYSA-L"", ""inchikey_parent"": ""OEYIOHPDSNJKLS-UHFFFAOYSA-N"", ""name_child"": ""tiomolibdate"", ""name_parent"": ""choline"", ""origin"": ""gsrs:target_is_salt"", ""relationship"": ""target_is_parent""}"
K1:FO2303MNI2,K1:L99N5N533T,the evidence links the two pages but no rule in the spec's order decides them,"{""a"": ""DIMETHYL FUMARATE"", ""b"": ""Ethane"", ""gsrs_relationship"": null, ""inchikey_a"": ""LDCRTTXIJACKKU-ONEGZZNKSA-N"", ""inchikey_b"": ""OTMSDBZUPAUEDD-UHFFFAOYSA-N"", ""name_a"": ""dimethyl"", ""name_b"": ""ethane"", ""origin"": ""suspected-nominal:dimethyl"", ""unii_a"": ""FO2303MNI2"", ""unii_b"": ""L99N5N533T""}"
K1:I3T12NR296,K1:YEH1EZ96K6,the evidence links the two pages but no rule in the spec's order decides them,"{""a"": ""Prednienic Acid"", ""b"": ""Loteprednol Etabonate"", ""gsrs_relationship"": null, ""inchikey_a"": ""MCKJPJYRCPANCC-XLXYOEISSA-N"", ""inchikey_b"": ""DMKSVUSAATWOCU-HROMYWEYSA-N"", ""name_a"": ""prednienic acid"", ""name_b"": ""loteprednol etabonate"", ""origin"": ""suspected-nominal:loteprednol"", ""unii_a"": ""I3T12NR296"", ""unii_b"": ""YEH1EZ96K6""}"
K1:IU5QR144QX,K2:GJUHUIXJLZINMA-MJCUULBUSA-N,the two pages carry the same UNII but different connectivity skeletons; §2 holds a K1/K2 disagreement for a person,"{""a"": ""Estrogens, Conjugated"", ""b"": ""ESTROGEN"", ""inchikey_a"": ""VUCAHVBMSFIGAI-TWCWWGPMSA-M"", ""inchikey_b"": ""GJUHUIXJLZINMA-MJCUULBUSA-N"", ""origin"": ""unii:IU5QR144QX"", ""unii"": ""IU5QR144QX"", ""unii_source_a"": ""page-key"", ""unii_source_b"": ""page-field""}"
K1:JGK960078D,K1:TE7660XO1C,"an FDA salt/solvate relationship links the pages, but the child page is not a salt form of the parent by structure or by name, so §3.1 does not license a merge","{""a"": ""FERROGLYCINE SULFATE"", ""b"": ""Glycine"", ""inchikey_child"": ""ZITFTYGHYGPDAV-UHFFFAOYSA-L"", ""inchikey_parent"": ""DHMQDGOQFOQNFH-UHFFFAOYSA-N"", ""name_child"": ""ferroglycine"", ""name_parent"": ""glycine"", ""origin"": ""gsrs:target_is_salt"", ""relationship"": ""target_is_parent""}"
K1:JHC049LO86,K1:8SKN0B0MIM,"an FDA salt/solvate relationship links the pages, but the child page is not a salt form of the parent by structure or by name, so §3.1 does not license a merge","{""a"": ""Benzoic Acid"", ""b"": ""Alogliptin"", ""inchikey_child"": ""ZSBOMTDTBDDKMP-OAHLLOKOSA-N"", ""inchikey_parent"": ""WPYMKLBDIGXBTP-UHFFFAOYSA-N"", ""name_child"": ""alogliptin"", ""name_parent"": ""benzoic acid"", ""origin"": ""gsrs:target_is_parent"", ""relationship"": ""target_is_salt""}"
K1:K0U68Q2TXA,K1:L0378Q1565,"same normalised name; one page holds a structure and the other holds none, so no structural rule applies","{""a"": ""Corticotropin"", ""b"": ""Corticotropin zinc hydroxide"", ""inchikey_a"": ""IDLFZVILOHSSID-OVLDLUHVSA-N"", ""inchikey_b"": null, ""normalised"": ""corticotropin"", ""origin"": ""name:corticotropin"", ""unii_a"": ""K0U68Q2TXA"", ""unii_b"": ""L0378Q1565""}"
K1:LZB1G2I725,K1:30KYC7MIAI,"an FDA salt/solvate relationship links the pages, but the child page is not a salt form of the parent by structure or by name, so §3.1 does not license a merge","{""a"": ""Aspartic acid"", ""b"": ""Arginine Aspartate"", ""inchikey_child"": ""SUUWYOYAXFUOLX-ZBRNBAAYSA-N"", ""inchikey_parent"": ""CKLJMWTZIZZHCS-REOHCLBHSA-N"", ""name_child"": ""arginine"", ""name_parent"": ""aspartic acid"", ""origin"": ""gsrs:target_is_salt"", ""relationship"": ""target_is_salt""}"
K1:M0KG633D4F,K1:T2I5UM75DN,the evidence links the two pages but no rule in the spec's order decides them,"{""a"": ""Sodium Nitrite"", ""b"": ""Nitrous Acid"", ""gsrs_relationship"": null, ""inchikey_a"": ""LPXPTNMVRIOKMN-UHFFFAOYSA-M"", ""inchikey_b"": ""IOVCWXUNBOPUCH-UHFFFAOYSA-N"", ""name_a"": ""sodium nitrite"", ""name_b"": ""nitrous acid"", ""origin"": ""suspected-nominal:nitrite"", ""unii_a"": ""M0KG633D4F"", ""unii_b"": ""T2I5UM75DN""}"
K1:M4F288ZCTR,K1:ZZ45AB24CA,same normalised name and no structure on either page; the identity rules give no evidence that decides them,"{""a"": ""HEPARIN CALCIUM"", ""b"": ""Heparin sodium"", ""class_a"": ""polymer"", ""class_b"": ""polymer"", ""normalised"": ""heparin"", ""origin"": ""suspected-nominal:heparin"", ""unii_a"": ""M4F288ZCTR"", ""unii_b"": ""ZZ45AB24CA""}"
K1:M4F288ZCTR,K2:ZFGMDIBRIDKWMY-PASTXAENSA-N,the evidence links the two pages but no rule in the spec's order decides them,"{""a"": ""HEPARIN CALCIUM"", ""b"": ""SODIUM HEPARIN"", ""gsrs_relationship"": null, ""inchikey_a"": null, ""inchikey_b"": ""ZFGMDIBRIDKWMY-PASTXAENSA-N"", ""name_a"": ""heparin"", ""name_b"": ""sodium heparin"", ""origin"": ""suspected-nominal:heparin"", ""unii_a"": ""M4F288ZCTR"", ""unii_b"": ""ZZ45AB24CA""}"
K1:MA10QYF1Z0,K1:3A9RD92BS4,"an FDA salt/solvate relationship links the pages, but the child page is not a salt form of the parent by structure or by name, so §3.1 does not license a merge","{""a"": ""Maltol"", ""b"": ""Ferric maltol"", ""inchikey_child"": ""AHPWLYJHTFAWKI-UHFFFAOYSA-K"", ""inchikey_parent"": ""XPCTZQVDEJYUGT-UHFFFAOYSA-N"", ""name_child"": ""ferric maltol"", ""name_parent"": ""maltol"", ""origin"": ""suspected-nominal:ferric maltol"", ""relationship"": ""target_is_salt""}"
K1:MQG94M5EEO,,the named item no longer names two live corpus pages; an earlier identity pass already merged or dropped them,"{""keys"": [""K1:MQG94M5EEO"", ""K1:LGW5H38VE3""], ""origin"": ""suspected-nominal:tesamorelin""}"
K1:MQG94M5EEO,,the named item no longer names two live corpus pages; an earlier identity pass already merged or dropped them,"{""keys"": [""K1:MQG94M5EEO"", ""K1:LGW5H38VE3""], ""origin"": ""slug-collision:tesamorelin""}"
K1:MU72812GK0,K4:creatine gluconate,"same normalised name; one page holds a structure and the other holds none, so no structural rule applies","{""a"": ""Creatine"", ""b"": ""Creatine Gluconate"", ""inchikey_a"": ""CVSVTCORWBXHQV-UHFFFAOYSA-N"", ""inchikey_b"": null, ""normalised"": ""creatine"", ""origin"": ""name:creatine"", ""unii_a"": ""MU72812GK0"", ""unii_b"": null}"
K1:NPT6P8P3UU,,"two pages collide on a display name and nothing recorded for them - substance class, primary target, stereo descriptor, UNII or structure - tells one from the other","{""displayName"": ""Potassium Bitartrate"", ""normalised"": ""potassium""}"
K1:NPT6P8P3UU,K1:W4888I119H,"an FDA salt/solvate relationship links the pages, but the child page is not a salt form of the parent by structure or by name, so §3.1 does not license a merge","{""a"": ""Potassium Bitartrate"", ""b"": ""TARTARIC ACID"", ""inchikey_child"": ""KYKNRZGSIGMXFH-ZVGUSBNCSA-M"", ""inchikey_parent"": ""FEWJPZIEWOKRBE-JCYAYHJZSA-N"", ""name_child"": ""potassium"", ""name_parent"": ""tartaric acid"", ""origin"": ""gsrs:target_is_salt"", ""relationship"": ""target_is_parent""}"
K1:QX10HYY4QV,K4:sesame,the evidence links the two pages but no rule in the spec's order decides them,"{""a"": ""Sesame Oil"", ""b"": ""Sesame"", ""gsrs_relationship"": null, ""inchikey_a"": null, ""inchikey_b"": null, ""name_a"": ""sesame oil"", ""name_b"": ""sesame"", ""origin"": ""suspected-nominal:sesame"", ""unii_a"": ""QX10HYY4QV"", ""unii_b"": null}"
K1:R1B526117P,K1:94ZLA3W45F,"an FDA salt/solvate relationship links the pages, but the child page is not a salt form of the parent by structure or by name, so §3.1 does not license a merge","{""a"": ""Arginine"", ""b"": ""HEME ARGINATE"", ""inchikey_child"": ""HQBGGOLLNATNQC-INZIHYEWSA-N"", ""inchikey_parent"": ""ODKSFYDXXFIFQN-BYPYZUCNSA-N"", ""name_child"": ""heme arginate"", ""name_parent"": ""arginine"", ""origin"": ""gsrs:target_is_salt"", ""relationship"": ""target_is_salt""}"
K1:RU45X2JN0Z,,"two pages collide on a display name and nothing recorded for them - substance class, primary target, stereo descriptor, UNII or structure - tells one from the other","{""displayName"": ""Potassium Nitrate"", ""normalised"": ""potassium""}"
K1:S71T8B8Z6P,K1:QZV2W997JQ,"an FDA salt/solvate relationship links the pages, but the child page is not a salt form of the parent by structure or by name, so §3.1 does not license a merge","{""a"": ""Picolinic Acid"", ""b"": ""CHROMIUM PICOLINATE"", ""inchikey_child"": ""CBDQOLKNTOMMTL-UHFFFAOYSA-K"", ""inchikey_parent"": ""SIOXPEMLGUPBBT-UHFFFAOYSA-N"", ""name_child"": ""chromium picolinate"", ""name_parent"": ""picolinic acid"", ""origin"": ""suspected-nominal:chromium picolinate"", ""relationship"": ""target_is_salt""}"
K1:SFW1D987QV,K1:TE7660XO1C,"an FDA salt/solvate relationship links the pages, but the child page is not a salt form of the parent by structure or by name, so §3.1 does not license a merge","{""a"": ""FERROUS BISGLYCINATE"", ""b"": ""Glycine"", ""inchikey_child"": ""GIPOFCXYHMWROH-UHFFFAOYSA-L"", ""inchikey_parent"": ""DHMQDGOQFOQNFH-UHFFFAOYSA-N"", ""name_child"": ""ferrous bisglycinate"", ""name_parent"": ""glycine"", ""origin"": ""gsrs:target_is_salt"", ""relationship"": ""target_is_parent""}"
K1:SOI2LOH54Z,K1:13S1S8SF37,"an FDA salt/solvate relationship links the pages, but the child page is not a salt form of the parent by structure or by name, so §3.1 does not license a merge","{""a"": ""Zinc Cation"", ""b"": ""Zinc Oxide"", ""inchikey_child"": ""RNWHGQJWIACOKP-UHFFFAOYSA-N"", ""inchikey_parent"": ""PTFCDOFLOPIGGS-UHFFFAOYSA-N"", ""name_child"": ""zinc"", ""name_parent"": ""zinc cation"", ""origin"": ""gsrs:target_is_parent"", ""relationship"": ""target_is_salt""}"
K1:SY7Q814VUP,K1:UV63W89SJM,the evidence links the two pages but no rule in the spec's order decides them,"{""a"": ""CALCIUM"", ""b"": ""(ACETATO-O)(DODECANOATO-O)CALCIUM"", ""gsrs_relationship"": null, ""inchikey_a"": ""OYPRJOBELJOOCE-UHFFFAOYSA-N"", ""inchikey_b"": ""CEDZQZMHCQUTSS-UHFFFAOYSA-L"", ""name_a"": ""calcium"", ""name_b"": ""acetato o dodecanoato o"", ""origin"": ""slug-collision:calcium"", ""unii_a"": ""SY7Q814VUP"", ""unii_b"": ""UV63W89SJM""}"
K1:SY7Q814VUP,UNKEYED:existing:calcium-potassium-phosphate-citrate,"same normalised name; one page holds a structure and the other holds none, so no structural rule applies","{""a"": ""CALCIUM"", ""b"": ""Calcium Potassium Phosphate Citrate"", ""inchikey_a"": ""OYPRJOBELJOOCE-UHFFFAOYSA-N"", ""inchikey_b"": null, ""normalised"": ""calcium"", ""origin"": ""name:calcium"", ""unii_a"": ""SY7Q814VUP"", ""unii_b"": null}"
K1:SZB83O1W42,K1:94ZLA3W45F,"an FDA salt/solvate relationship links the pages, but the child page is not a salt form of the parent by structure or by name, so §3.1 does not license a merge","{""a"": ""Arginine"", ""b"": ""Pidolic acid"", ""inchikey_child"": ""ODHCTXKNWHHXJC-VKHMYHEASA-N"", ""inchikey_parent"": ""ODKSFYDXXFIFQN-BYPYZUCNSA-N"", ""name_child"": ""pidolic acid"", ""name_parent"": ""arginine"", ""origin"": ""gsrs:target_is_parent"", ""relationship"": ""target_is_salt""}"
K1:TLE294X33A,K1:2WTB3V159F,"an FDA salt/solvate relationship links the pages, but the child page is not a salt form of the parent by structure or by name, so §3.1 does not license a merge","{""a"": ""Hydrogen Cyanide"", ""b"": ""PRUSSIAN BLUE INSOLUBLE"", ""inchikey_child"": ""DCYOBGZUOMKFPA-UHFFFAOYSA-N"", ""inchikey_parent"": ""LELOWRISYMNNSU-UHFFFAOYSA-N"", ""name_child"": ""prussian blue insoluble"", ""name_parent"": ""hydrogen cyanide"", ""origin"": ""gsrs:target_is_salt"", ""relationship"": ""target_is_salt""}"
K1:TW371I5GLO,K1:N91BDP6H0X,"an FDA salt/solvate relationship links the pages, but the child page is not a salt form of the parent by structure or by name, so §3.1 does not license a merge","{""a"": ""Choline"", ""b"": ""Salcolex"", ""inchikey_child"": ""GQVWFGYYMWLERN-UHFFFAOYSA-J"", ""inchikey_parent"": ""OEYIOHPDSNJKLS-UHFFFAOYSA-N"", ""name_child"": ""salcolex"", ""name_parent"": ""choline"", ""origin"": ""gsrs:target_is_salt"", ""relationship"": ""target_is_salt""}"
K1:U6WSN5SQ1Z,K1:R4R8J0Q44B,"an FDA salt/solvate relationship links the pages, but the child page is not a salt form of the parent by structure or by name, so §3.1 does not license a merge","{""a"": ""Gluconic Acid"", ""b"": ""Zinc Gluconate"", ""inchikey_child"": ""WHMDKBIGKVEYHS-IYEMJOQQSA-L"", ""inchikey_parent"": ""RGHNJXZEOKUKBD-SQOUGZDYSA-N"", ""name_child"": ""zinc"", ""name_parent"": ""gluconic acid"", ""origin"": ""gsrs:target_is_parent"", ""relationship"": ""target_is_salt""}"
K1:UOW2C71PG5,,the named item no longer names two live corpus pages; an earlier identity pass already merged or dropped them,"{""keys"": [""K1:UPC6BTX7PY"", ""K1:UOW2C71PG5""], ""origin"": ""suspected-nominal:inclisiran""}"
K1:UOW2C71PG5,,the named item no longer names two live corpus pages; an earlier identity pass already merged or dropped them,"{""keys"": [""K1:UPC6BTX7PY"", ""K1:UOW2C71PG5""], ""origin"": ""slug-collision:inclisiran""}"
K1:WYQ7N0BPYC,K1:K3Z4F929H6,"an FDA salt/solvate relationship links the pages, but the child page is not a salt form of the parent by structure or by name, so §3.1 does not license a merge","{""a"": ""Lysine"", ""b"": ""Acetylcysteine"", ""inchikey_child"": ""PWKSKIMOESPYIA-BYPYZUCNSA-N"", ""inchikey_parent"": ""KDXKERNSBIXSRK-YFKPBYRVSA-N"", ""name_child"": ""acetylcysteine"", ""name_parent"": ""lysine"", ""origin"": ""gsrs:target_is_parent"", ""relationship"": ""target_is_salt""}"
K1:YKH834O4BH,K1:W4888I119H,"an FDA salt/solvate relationship links the pages, but the child page is not a salt form of the parent by structure or by name, so §3.1 does not license a merge","{""a"": ""TARTARIC ACID"", ""b"": ""Epinephrine"", ""inchikey_child"": ""UCTWMZQNUQWSLP-VIFPVBQESA-N"", ""inchikey_parent"": ""FEWJPZIEWOKRBE-JCYAYHJZSA-N"", ""name_child"": ""epinephrine"", ""name_parent"": ""tartaric acid"", ""origin"": ""gsrs:target_is_parent"", ""relationship"": ""target_is_salt""}"
K1:YSE9PPT4TH,K1:B7SG5YV2SI,"an FDA salt/solvate relationship links the pages, but the child page is not a salt form of the parent by structure or by name, so §3.1 does not license a merge","{""a"": ""HYALURONIC ACID (NON-ANIMAL STABILIZED)"", ""b"": ""Sodium Hyaluronate"", ""inchikey_child"": null, ""inchikey_parent"": null, ""name_child"": ""sodium hyaluronate"", ""name_parent"": ""hyaluronic acid non animal stabilized"", ""origin"": ""gsrs:target_is_parent"", ""relationship"": ""target_is_salt""}"
K2:MSWZFWKMSRAUBD-IVMDWMLBSA-N,K4:glucosamine,"same normalised name; one page holds a structure and the other holds none, so no structural rule applies","{""a"": ""Glucosamine"", ""b"": ""Glucosamine Potassium Sulfate"", ""inchikey_a"": ""MSWZFWKMSRAUBD-IVMDWMLBSA-N"", ""inchikey_b"": null, ""normalised"": ""glucosamine"", ""origin"": ""suspected-nominal:glucosamine"", ""unii_a"": null, ""unii_b"": null}"
K2:OAEOAAHCJGWJIC-CEVJMMQXSA-N,K4:chondroitin,"same normalised name; one page holds a structure and the other holds none, so no structural rule applies","{""a"": ""CHONDROITIN SULFATE"", ""b"": ""Chondroitin"", ""inchikey_a"": ""OAEOAAHCJGWJIC-CEVJMMQXSA-N"", ""inchikey_b"": null, ""normalised"": ""chondroitin"", ""origin"": ""name:chondroitin"", ""unii_a"": ""6IC1M3OG5Z"", ""unii_b"": null}"
K2:ODQWQRRAPPTVAG-UHFFFAOYSA-N,,the named item no longer names two live corpus pages; an earlier identity pass already merged or dropped them,"{""keys"": [""K2:ODQWQRRAPPTVAG-UHFFFAOYSA-N"", ""K1:3U9A0FE9N5""], ""origin"": ""suspected-nominal:doxepin""}"
K2:OGBMKVWORPGQRR-UMXFMPSGSA-N,,the named item no longer names two live corpus pages; an earlier identity pass already merged or dropped them,"{""keys"": [""K2:OGBMKVWORPGQRR-UMXFMPSGSA-N"", ""K1:9959P4V12N""], ""origin"": ""suspected-nominal:teriparatide""}"
K2:WNBILILJFBJQFP-SDLVTCPTSA-N,K1:RWM8CCW8GP,"an FDA salt/solvate relationship links the pages, but the child page is not a salt form of the parent by structure or by name, so §3.1 does not license a merge","{""a"": ""Octreotide"", ""b"": ""SANDOSTATIN"", ""inchikey_child"": ""WNBILILJFBJQFP-SDLVTCPTSA-N"", ""inchikey_parent"": ""DEQANNDTNATYII-OULOTJBUSA-N"", ""name_child"": ""sandostatin"", ""name_parent"": ""octreotide"", ""origin"": ""gsrs:target_is_salt"", ""relationship"": ""target_is_salt""}"
K1:59D8RAT1F9,K1:6UKA5VEJ6X,the evidence links the two pages but no rule in the spec's order decides them,"{""a"": ""3-(1-PIPERAZINYL)-1,2-BENZISOTHIAZOLE"", ""b"": ""Ziprasidone"", ""gsrs_relationship"": null, ""inchikey_a"": ""KRDOFMHJLWKXIU-UHFFFAOYSA-N"", ""inchikey_b"": ""MVWVFYHBGMAFLY-UHFFFAOYSA-N"", ""name_a"": ""3 1 piperazinyl 1 2 benzisothiazole"", ""name_b"": ""ziprasidone"", ""origin"": ""suspected-nominal:ziprasidone"", ""unii_a"": ""59D8RAT1F9"", ""unii_b"": ""6UKA5VEJ6X""}"
K1:R60L0SM5BC,K1:91XW058U2C,"an FDA salt/solvate relationship links the pages, but the child page is not a salt form of the parent by structure or by name, so §3.1 does not license a merge","{""a"": ""MALEIC ACID"", ""b"": ""Midazolam"", ""inchikey_child"": ""DDLIGBOFAVUZHB-UHFFFAOYSA-N"", ""inchikey_parent"": ""VZCYOOQTPOCHFL-UPHRSURJSA-N"", ""name_child"": ""midazolam"", ""name_parent"": ""maleic acid"", ""origin"": ""gsrs:target_is_parent"", ""relationship"": ""target_is_salt""}"
K1:S56D65XJ9G,K1:5KV86114PT,"an FDA salt/solvate relationship links the pages, but the child page is not a salt form of the parent by structure or by name, so §3.1 does not license a merge","{""a"": ""Ethanolamine"", ""b"": ""Eltrombopag"", ""inchikey_child"": ""XDXWLKQMMKQXPV-QYQHSDTDSA-N"", ""inchikey_parent"": ""HZAXFHJVJLSVMW-UHFFFAOYSA-N"", ""name_child"": ""eltrombopag"", ""name_parent"": ""ethanolamine"", ""origin"": ""gsrs:target_is_parent"", ""relationship"": ""target_is_salt""}"
"COMBO:{K1:17ERJ0MKGI,K1:80M03YXJ7I}","COMBO:{K1:1J444QC288,K1:80M03YXJ7I}","two combination records share an identifier but not their component sets; §3.7 keys a combination by its components, so they are different products unless a component merge makes the sets equal","{""components_a"": [""K1:17ERJ0MKGI"", ""K1:80M03YXJ7I""], ""components_b"": [""K1:1J444QC288"", ""K1:80M03YXJ7I""], ""origin"": ""gsrs:target_is_active_moiety""}"
"COMBO:{K1:25X51I8RD4,K1:PQ6CK8PD0R}","COMBO:{K1:7A314HQM0I,K1:PQ6CK8PD0R}","two combination records share an identifier but not their component sets; §3.7 keys a combination by its components, so they are different products unless a component merge makes the sets equal","{""components_a"": [""K1:25X51I8RD4"", ""K1:PQ6CK8PD0R""], ""components_b"": [""K1:7A314HQM0I"", ""K1:PQ6CK8PD0R""], ""origin"": ""gsrs:target_is_salt""}"
"COMBO:{K1:8558G7RUTR,K1:MU72812GK0}","COMBO:{K1:8ID597Z82X,K1:MU72812GK0}","two combination records share an identifier but not their component sets; §3.7 keys a combination by its components, so they are different products unless a component merge makes the sets equal","{""components_a"": [""K1:8558G7RUTR"", ""K1:MU72812GK0""], ""components_b"": [""K1:8ID597Z82X"", ""K1:MU72812GK0""], ""origin"": ""gsrs:target_is_salt""}"
HOLD:existing:boldenone,K1:5H7I2IP58X,the two pages carry the same UNII but different connectivity skeletons; §2 holds a K1/K2 disagreement for a person,"{""a"": ""Boldenone"", ""b"": ""Boldenone"", ""inchikey_a"": ""AHMMSNQYOPMLSX-CNQKSJKFSA-N"", ""inchikey_b"": ""RSIHSRDYCUFFLA-DYKIIFRCSA-N"", ""origin"": ""unii:5H7I2IP58X"", ""unii"": ""5H7I2IP58X"", ""unii_source_a"": ""page-field"", ""unii_source_b"": ""page-key""}"
HOLD:existing:dextroamphetamine-saccharate,K1:QLZ991V4A2,"an FDA salt/solvate relationship links the pages, but the child page is not a salt form of the parent by structure or by name, so §3.1 does not license a merge","{""a"": ""Dextroamphetamine Saccharate"", ""b"": ""Glucaric Acid"", ""inchikey_child"": ""KWTSXDURSIMDCE-QMMMGPOBSA-N"", ""inchikey_parent"": ""DSLZVSRJTYRBFB-LLEIAEIESA-N"", ""name_child"": ""dextroamphetamine"", ""name_parent"": ""glucaric acid"", ""origin"": ""gsrs:target_is_parent"", ""relationship"": ""target_is_parent""}"
HOLD:existing:dromostanolone,K1:7DR7H00HDT,the two pages carry the same UNII but different connectivity skeletons; §2 holds a K1/K2 disagreement for a person,"{""a"": ""Dromostanolone"", ""b"": ""DROMOSTANOLONE"", ""inchikey_a"": ""NOTIQUSPUUHHEH-UXOVVSIBSA-N"", ""inchikey_b"": ""IKXILDNPCZPPRV-RFMGOVQKSA-N"", ""origin"": ""suspected-nominal:dromostanolone"", ""unii"": ""7DR7H00HDT"", ""unii_source_a"": ""page-field"", ""unii_source_b"": ""page-key""}"
HOLD:existing:halobetasol,K1:9P6159HM7T,the two pages carry the same UNII but different connectivity skeletons; §2 holds a K1/K2 disagreement for a person,"{""a"": ""Halobetasol"", ""b"": ""HALOBETASOL"", ""inchikey_a"": ""BDSYKGHYMJNPAB-LICBFIPMSA-N"", ""inchikey_b"": ""LEHFPXVYPMWYQD-XHIJKXOTSA-N"", ""origin"": ""suspected-nominal:halobetasol"", ""unii"": ""9P6159HM7T"", ""unii_source_a"": ""page-field"", ""unii_source_b"": ""page-key""}"
HOLD:existing:paramethasone,K1:VFC6ZX3584,the two pages carry the same UNII but different connectivity skeletons; §2 holds a K1/K2 disagreement for a person,"{""a"": ""Paramethasone"", ""b"": ""PARAMETHASONE"", ""inchikey_a"": ""HYRKAAMZBDSJFJ-LFDBJOOHSA-N"", ""inchikey_b"": ""MKPDWECBUAZOHP-AFYJWTTESA-N"", ""origin"": ""suspected-nominal:paramethasone"", ""unii"": ""VFC6ZX3584"", ""unii_source_a"": ""page-field"", ""unii_source_b"": ""page-key""}"
HOLD:existing:plicamycin,K1:NIJ123W41V,the two pages carry the same UNII but different connectivity skeletons; §2 holds a K1/K2 disagreement for a person,"{""a"": ""Plicamycin"", ""b"": ""Plicamycin"", ""inchikey_a"": ""XDKMHMINQXATOR-RCFLUEAHSA-N"", ""inchikey_b"": ""CFCUWKMKBJTWLW-BKHRDMLASA-N"", ""origin"": ""unii:NIJ123W41V"", ""unii"": ""NIJ123W41V"", ""unii_source_a"": ""page-field"", ""unii_source_b"": ""page-key""}"
HOLD:existing:sodium-succinate,K1:P699N4QOWE,a merge chain would join two pages that an exception class keeps separate; the whole chain is held for the second opinion,"{""component"": [""HOLD:existing:sodium-succinate"", ""K1:AB6MNQ6J6L"", ""K1:P699N4QOWE""]}"
HOLD:existing:trenbolone,K1:P53R4420TR,the two pages carry the same UNII but different connectivity skeletons; §2 holds a K1/K2 disagreement for a person,"{""a"": ""Trenbolone"", ""b"": ""Trenbolone"", ""inchikey_a"": ""CMRJPMODSSEAPL-FYQPLNBISA-N"", ""inchikey_b"": ""MEHHPFQKXOUFFV-OWSLCNJRSA-N"", ""origin"": ""unii:P53R4420TR"", ""unii"": ""P53R4420TR"", ""unii_source_a"": ""page-field"", ""unii_source_b"": ""page-key""}"
K1:0N8672707O,K1:8470G57WFM,the evidence links the two pages but no rule in the spec's order decides them,"{""a"": ""Corn"", ""b"": ""CORN OIL"", ""gsrs_relationship"": null, ""inchikey_a"": null, ""inchikey_b"": null, ""name_a"": ""corn"", ""name_b"": ""corn oil"", ""origin"": ""suspected-nominal:corn"", ""unii_a"": ""0N8672707O"", ""unii_b"": ""8470G57WFM""}"
K1:125DP6010H,,the named item no longer names two live corpus pages; an earlier identity pass already merged or dropped them,"{""keys"": [""K1:P14877CDX2"", ""K1:125DP6010H""], ""origin"": ""suspected-nominal:polyestradiol""}"
K1:125DP6010H,,the named item no longer names two live corpus pages; an earlier identity pass already merged or dropped them,"{""keys"": [""K1:125DP6010H"", ""K1:P14877CDX2""], ""origin"": ""slug-collision:polyestradiol""}"
K1:276897E67U,K1:P2Y1C6M9PS,the evidence links the two pages but no rule in the spec's order decides them,"{""a"": ""Potassium LACTATE, DL-"", ""b"": ""Sodium LACTATE, L-"", ""gsrs_relationship"": null, ""inchikey_a"": ""PHZLMBHDXVLRIX-UHFFFAOYSA-M"", ""inchikey_b"": ""NGSFWBMYFKHRBD-DKWTVANSSA-M"", ""name_a"": ""potassium"", ""name_b"": ""sodium"", ""origin"": ""suspected-nominal:lactate"", ""unii_a"": ""276897E67U"", ""unii_b"": ""P2Y1C6M9PS""}"
K1:2H1PA8H1EN,,the named item no longer names two live corpus pages; an earlier identity pass already merged or dropped them,"{""keys"": [""K1:3HP012Q0FH"", ""K1:2H1PA8H1EN""], ""origin"": ""suspected-nominal:pegaptanib""}"
K1:2H1PA8H1EN,,the named item no longer names two live corpus pages; an earlier identity pass already merged or dropped them,"{""keys"": [""K1:2H1PA8H1EN"", ""K1:3HP012Q0FH""], ""origin"": ""slug-collision:pegaptanib""}"
K1:2URQ2N32W3,K1:P2Y1C6M9PS,the evidence links the two pages but no rule in the spec's order decides them,"{""a"": ""Calcium Lactate"", ""b"": ""Sodium LACTATE, L-"", ""gsrs_relationship"": null, ""inchikey_a"": ""MKJXYGKVIBWPFZ-UHFFFAOYSA-L"", ""inchikey_b"": ""NGSFWBMYFKHRBD-DKWTVANSSA-M"", ""name_a"": ""calcium"", ""name_b"": ""sodium"", ""origin"": ""suspected-nominal:lactate"", ""unii_a"": ""2URQ2N32W3"", ""unii_b"": ""P2Y1C6M9PS""}"
K1:305OE8862Y,K2:PNMZQWKBJIQQJL-FAUHKOHMSA-N,the two pages carry the same UNII but different connectivity skeletons; §2 holds a K1/K2 disagreement for a person,"{""a"": ""Corticorelin"", ""b"": ""HUMAN CORTICOTROPIN RELEASING FACTOR"", ""inchikey_a"": ""GBONBLHJMVUBSJ-FAUHKOHMSA-N"", ""inchikey_b"": ""PNMZQWKBJIQQJL-FAUHKOHMSA-N"", ""origin"": ""unii:305OE8862Y"", ""unii"": ""305OE8862Y"", ""unii_source_a"": ""page-key"", ""unii_source_b"": ""page-field""}"
K1:32526637PN,K1:1RTM4PAL0V,"an FDA salt/solvate relationship links the pages, but the child page is not a salt form of the parent by structure or by name, so §3.1 does not license a merge","{""a"": ""Piperazine"", ""b"": ""2,4,5-TRICHLOROPHENOL"", ""inchikey_child"": ""LHJGJYXLEPZJPM-UHFFFAOYSA-N"", ""inchikey_parent"": ""GLUUGHFHXGJENI-UHFFFAOYSA-N"", ""name_child"": ""2 4 5 trichlorophenol"", ""name_parent"": ""piperazine"", ""origin"": ""gsrs:target_is_parent"", ""relationship"": ""target_is_salt""}"
K1:3KX376GY7L,K1:9BKY99A8HJ,the evidence links the two pages but no rule in the spec's order decides them,"{""a"": ""Glutamic acid"", ""b"": ""N-(P-AMINOBENZOYL)GLUTAMIC Acid"", ""gsrs_relationship"": null, ""inchikey_a"": ""WHUUTDBJXJRKMK-VKHMYHEASA-N"", ""inchikey_b"": ""GADGMZDHLQLZRI-VIFPVBQESA-N"", ""name_a"": ""glutamic acid"", ""name_b"": ""n p aminobenzoyl glutamic acid"", ""origin"": ""suspected-nominal:glutamic acid"", ""unii_a"": ""3KX376GY7L"", ""unii_b"": ""9BKY99A8HJ""}"
K1:3U979E1001,K1:UT2BA2O3KN,the evidence links the two pages but no rule in the spec's order decides them,"{""a"": ""Imciromab Pentetate"", ""b"": ""Imciromab"", ""gsrs_relationship"": null, ""inchikey_a"": null, ""inchikey_b"": null, ""name_a"": ""imciromab pentetate"", ""name_b"": ""imciromab"", ""origin"": ""suspected-nominal:imciromab"", ""unii_a"": ""3U979E1001"", ""unii_b"": ""UT2BA2O3KN""}"
K1:3Z252A2K9G,K1:66YXD4DKO9,the evidence links the two pages but no rule in the spec's order decides them,"{""a"": ""Almond"", ""b"": ""Almond Oil"", ""gsrs_relationship"": null, ""inchikey_a"": null, ""inchikey_b"": null, ""name_a"": ""almond"", ""name_b"": ""almond oil"", ""origin"": ""suspected-nominal:almond"", ""unii_a"": ""3Z252A2K9G"", ""unii_b"": ""66YXD4DKO9""}"
K1:415SHH325A,K1:AB2MK88Y6D,the evidence links the two pages but no rule in the spec's order decides them,"{""a"": ""Adenosine phosphate"", ""b"": ""PIA, (S)-"", ""gsrs_relationship"": null, ""inchikey_a"": ""UDMBCSSLTHHNCD-KQYNXXCUSA-N"", ""inchikey_b"": ""RIRGCFBBHQEQQH-KFAHYOAQSA-N"", ""name_a"": ""adenosine"", ""name_b"": ""pia"", ""origin"": ""suspected-nominal:adenosine"", ""unii_a"": ""415SHH325A"", ""unii_b"": ""AB2MK88Y6D""}"
K1:4VBL71TY4Y,K1:65UEH262IS,the evidence links the two pages but no rule in the spec's order decides them,"{""a"": ""Safflower"", ""b"": ""Safflower Oil"", ""gsrs_relationship"": null, ""inchikey_a"": null, ""inchikey_b"": null, ""name_a"": ""safflower"", ""name_b"": ""safflower oil"", ""origin"": ""suspected-nominal:safflower"", ""unii_a"": ""4VBL71TY4Y"", ""unii_b"": ""65UEH262IS""}"
K1:4XTQ10247Y,K1:L7T10EIP3A,the evidence links the two pages but no rule in the spec's order decides them,"{""a"": ""CHERRY JUICE"", ""b"": ""MENTHOL, Unspecified Form"", ""gsrs_relationship"": null, ""inchikey_a"": null, ""inchikey_b"": ""NOOLISFMXDJSKH-UHFFFAOYSA-N"", ""name_a"": ""cherry juice"", ""name_b"": ""menthol unspecified form"", ""origin"": ""suspected-nominal:cherry"", ""unii_a"": ""4XTQ10247Y"", ""unii_b"": ""L7T10EIP3A""}"
K1:5A9KE2L9L3,K1:5EVU04N5QU,the evidence links the two pages but no rule in the spec's order decides them,"{""a"": ""Orange Juice"", ""b"": ""Orange"", ""gsrs_relationship"": null, ""inchikey_a"": null, ""inchikey_b"": null, ""name_a"": ""orange juice"", ""name_b"": ""orange"", ""origin"": ""suspected-nominal:orange"", ""unii_a"": ""5A9KE2L9L3"", ""unii_b"": ""5EVU04N5QU""}"
K1:6VNO72PFC1,K1:SDS87L369F,the evidence links the two pages but no rule in the spec's order decides them,"{""a"": ""Avocado Oil"", ""b"": ""Avocado"", ""gsrs_relationship"": null, ""inchikey_a"": null, ""inchikey_b"": null, ""name_a"": ""avocado oil"", ""name_b"": ""avocado"", ""origin"": ""suspected-nominal:avocado"", ""unii_a"": ""6VNO72PFC1"", ""unii_b"": ""SDS87L369F""}"
K1:86117BWO7P,HOLD:existing:anhydrous-citric-acid,"an FDA salt/solvate relationship links the pages, but the child page is not a salt form of the parent by structure or by name, so §3.1 does not license a merge","{""a"": ""Anhydrous Citric Acid"", ""b"": ""Calcium Citrate Anhydrous"", ""inchikey_child"": ""FNAQSUUGMSOBHW-UHFFFAOYSA-H"", ""inchikey_parent"": ""KRKNYBCHXYNGOX-UHFFFAOYSA-N"", ""name_child"": ""calcium"", ""name_parent"": ""anhydrous citric acid"", ""origin"": ""gsrs:target_is_salt"", ""relationship"": ""target_is_salt""}"
K1:86117BWO7P,K1:XF417D3PSL,"an FDA salt/solvate relationship links the pages, but the child page is not a salt form of the parent by structure or by name, so §3.1 does not license a merge","{""a"": ""Calcium Citrate Anhydrous"", ""b"": ""Anhydrous Citric Acid"", ""inchikey_child"": ""FNAQSUUGMSOBHW-UHFFFAOYSA-H"", ""inchikey_parent"": ""KRKNYBCHXYNGOX-UHFFFAOYSA-N"", ""name_child"": ""calcium"", ""name_parent"": ""anhydrous citric acid"", ""origin"": ""gsrs:target_is_salt"", ""relationship"": ""target_is_parent""}"
K1:8620H6K4QH,K1:91XW058U2C,"an FDA salt/solvate relationship links the pages, but the child page is not a salt form of the parent by structure or by name, so §3.1 does not license a merge","{""a"": ""Acetophenazine"", ""b"": ""MALEIC ACID"", ""inchikey_child"": ""WNTYBHLDCKXEOT-UHFFFAOYSA-N"", ""inchikey_parent"": ""VZCYOOQTPOCHFL-UPHRSURJSA-N"", ""name_child"": ""acetophenazine"", ""name_parent"": ""maleic acid"", ""origin"": ""gsrs:target_is_parent"", ""relationship"": ""target_is_parent""}"
K1:888Y08971B,K1:B035PIS86W,"an FDA salt/solvate relationship links the pages, but the child page is not a salt form of the parent by structure or by name, so §3.1 does not license a merge","{""a"": ""Ceruletide"", ""b"": ""DIETHYLAMINE"", ""inchikey_child"": ""YRALAIOMGQZKOW-HYAOXDFASA-N"", ""inchikey_parent"": ""HPNMFZURTQLUMO-UHFFFAOYSA-N"", ""name_child"": ""ceruletide"", ""name_parent"": ""diethylamine"", ""origin"": ""gsrs:target_is_parent"", ""relationship"": ""target_is_parent""}"
K1:89243S03TE,,the named item no longer names two live corpus pages; an earlier identity pass already merged or dropped them,"{""keys"": [""K1:00IBG87IQW"", ""K1:89243S03TE""], ""origin"": ""suspected-nominal:sermorelin""}"
K1:89243S03TE,,the named item no longer names two live corpus pages; an earlier identity pass already merged or dropped them,"{""keys"": [""K1:89243S03TE"", ""K1:00IBG87IQW""], ""origin"": ""slug-collision:sermorelin""}"
K1:8GOM182CI3,K4:eurycoma longifolia,the evidence links the two pages but no rule in the spec's order decides them,"{""a"": ""Eurycoma Longifolia Whole"", ""b"": ""Eurycoma Longifolia"", ""gsrs_relationship"": null, ""inchikey_a"": null, ""inchikey_b"": null, ""name_a"": ""eurycoma longifolia whole"", ""name_b"": ""eurycoma longifolia"", ""origin"": ""suspected-nominal:eurycoma longifolia"", ""unii_a"": ""8GOM182CI3"", ""unii_b"": null}"
K1:9BKY99A8HJ,K1:M0C2SP444T,the evidence links the two pages but no rule in the spec's order decides them,"{""a"": ""N-(P-AMINOBENZOYL)GLUTAMIC Acid"", ""b"": ""GLUTAMIC ACID HYDROCHLORIDE"", ""gsrs_relationship"": null, ""inchikey_a"": ""GADGMZDHLQLZRI-VIFPVBQESA-N"", ""inchikey_b"": ""RPAJSBKBKSSMLJ-DFWYDOINSA-N"", ""name_a"": ""n p aminobenzoyl glutamic acid"", ""name_b"": ""glutamic acid"", ""origin"": ""suspected-nominal:glutamic acid"", ""unii_a"": ""9BKY99A8HJ"", ""unii_b"": ""M0C2SP444T""}"
K1:9M48M2SF02,K1:NDP0H8E844,"an FDA salt/solvate relationship links the pages, but the child page is not a salt form of the parent by structure or by name, so §3.1 does not license a merge","{""a"": ""TECHNETIUM TC 99M DEPREOTIDE"", ""b"": ""Depreotide"", ""inchikey_child"": ""MCEOYGQHDKBYFT-KTABZWLNSA-N"", ""inchikey_parent"": ""XXXSJQLZVNKRKX-YQRDHHIGSA-N"", ""name_child"": ""technetium tc 99m depreotide"", ""name_parent"": ""depreotide"", ""origin"": ""gsrs:target_is_parent"", ""relationship"": ""target_is_parent""}"
K1:AB2794W8KV,K1:W4888I119H,"an FDA salt/solvate relationship links the pages, but the child page is not a salt form of the parent by structure or by name, so §3.1 does not license a merge","{""a"": ""Phendimetrazine"", ""b"": ""TARTARIC ACID"", ""inchikey_child"": ""MFOCDFTXLCYLKU-CMPLNLGQSA-N"", ""inchikey_parent"": ""FEWJPZIEWOKRBE-JCYAYHJZSA-N"", ""name_child"": ""phendimetrazine"", ""name_parent"": ""tartaric acid"", ""origin"": ""gsrs:target_is_parent"", ""relationship"": ""target_is_parent""}"
K1:AD4J2O47FQ,,the named item no longer names two live corpus pages; an earlier identity pass already merged or dropped them,"{""keys"": [""K1:AD4J2O47FQ"", ""K1:YQX12245A9""], ""origin"": ""suspected-nominal:dasiglucagon""}"
K1:AD4J2O47FQ,,the named item no longer names two live corpus pages; an earlier identity pass already merged or dropped them,"{""keys"": [""K1:AD4J2O47FQ"", ""K1:YQX12245A9""], ""origin"": ""slug-collision:dasiglucagon""}"
K1:CLY16Y8Z7E,K1:91XW058U2C,"an FDA salt/solvate relationship links the pages, but the child page is not a salt form of the parent by structure or by name, so §3.1 does not license a merge","{""a"": ""MALEIC ACID"", ""b"": ""Carfenazine"", ""inchikey_child"": ""XZSMZRXAEFNJCU-UHFFFAOYSA-N"", ""inchikey_parent"": ""VZCYOOQTPOCHFL-UPHRSURJSA-N"", ""name_child"": ""carfenazine"", ""name_parent"": ""maleic acid"", ""origin"": ""gsrs:target_is_parent"", ""relationship"": ""target_is_salt""}"
K1:DB7AK6G4U9,K2:XLXSAKCOAKORKW-AQJXLSMYSA-N,the evidence links the two pages but no rule in the spec's order decides them,"{""a"": ""(10-GLYCINE)GONADORELIN"", ""b"": ""Gonadorelin"", ""gsrs_relationship"": null, ""inchikey_a"": null, ""inchikey_b"": ""XLXSAKCOAKORKW-AQJXLSMYSA-N"", ""name_a"": ""10 glycine gonadorelin"", ""name_b"": ""gonadorelin"", ""origin"": ""suspected-nominal:gonadorelin"", ""unii_a"": ""DB7AK6G4U9"", ""unii_b"": ""2RG1XQ1NYJ""}"
K1:DUB5K84ELI,K4:bacopa monnieri,the evidence links the two pages but no rule in the spec's order decides them,"{""a"": ""Bacopa Monnieri Whole"", ""b"": ""Bacopa Monnieri"", ""gsrs_relationship"": null, ""inchikey_a"": null, ""inchikey_b"": null, ""name_a"": ""bacopa monnieri whole"", ""name_b"": ""bacopa monnieri"", ""origin"": ""suspected-nominal:bacopa monnieri"", ""unii_a"": ""DUB5K84ELI"", ""unii_b"": null}"
K1:HM5Z15LEBN,,"two pages collide on a display name and nothing recorded for them - substance class, primary target, stereo descriptor, UNII or structure - tells one from the other","{""displayName"": ""Potassium Bicarbonate"", ""normalised"": ""potassium""}"
K1:JX56W9N61Q,,the named item no longer names two live corpus pages; an earlier identity pass already merged or dropped them,"{""keys"": [""K1:44STI720CW"", ""K1:JX56W9N61Q""], ""origin"": ""suspected-nominal:peginesatide""}"
K1:JX56W9N61Q,,the named item no longer names two live corpus pages; an earlier identity pass already merged or dropped them,"{""keys"": [""K1:JX56W9N61Q"", ""K1:44STI720CW""], ""origin"": ""slug-collision:peginesatide""}"
K1:K50N755924,,the named item no longer names two live corpus pages; an earlier identity pass already merged or dropped them,"{""keys"": [""K1:X7D10K905G"", ""K1:K50N755924""], ""origin"": ""suspected-nominal:colestipol""}"
K1:K50N755924,,the named item no longer names two live corpus pages; an earlier identity pass already merged or dropped them,"{""keys"": [""K1:K50N755924"", ""K1:X7D10K905G""], ""origin"": ""slug-collision:colestipol""}"
K1:LLM855Y3S3#gmod,K1:WKM56H3TLB,"an FDA salt/solvate relationship links the pages, but the child page is not a salt form of the parent by structure or by name, so §3.1 does not license a merge","{""a"": ""Bulevirtide-Gmod"", ""b"": ""Bulevirtide"", ""inchikey_child"": null, ""inchikey_parent"": ""WQNDXLHKAMIGEX-WOAPPVHJSA-N"", ""name_child"": ""bulevirtide gmod"", ""name_parent"": ""bulevirtide"", ""origin"": ""gsrs:target_is_parent"", ""relationship"": ""target_is_parent""}"
K1:N02W67RKJS,K1:P28BIW0UTB,"an FDA salt/solvate relationship links the pages, but the child page is not a salt form of the parent by structure or by name, so §3.1 does not license a merge","{""a"": ""Mangafodipir"", ""b"": ""Fodipir"", ""inchikey_child"": ""QDQFSBKXQQZVTB-UHFFFAOYSA-L"", ""inchikey_parent"": ""SQKUFYLUXROIFM-UHFFFAOYSA-N"", ""name_child"": ""mangafodipir"", ""name_parent"": ""fodipir"", ""origin"": ""gsrs:target_is_salt"", ""relationship"": ""target_is_parent""}"
K1:N0JZU0WGU5,K1:P28BIW0UTB,"an FDA salt/solvate relationship links the pages, but the child page is not a salt form of the parent by structure or by name, so §3.1 does not license a merge","{""a"": ""CALMANGAFODIPIR"", ""b"": ""Fodipir"", ""inchikey_child"": ""QAOJLUYEMFXJGX-UHFFFAOYSA-D"", ""inchikey_parent"": ""SQKUFYLUXROIFM-UHFFFAOYSA-N"", ""name_child"": ""calmangafodipir"", ""name_parent"": ""fodipir"", ""origin"": ""gsrs:target_is_salt"", ""relationship"": ""target_is_parent""}"
K1:N7T15V1FUY,,the named item no longer names two live corpus pages; an earlier identity pass already merged or dropped them,"{""keys"": [""K1:N7T15V1FUY"", ""K1:9L64H0UE5Y""], ""origin"": ""suspected-nominal:setmelanotide""}"
K1:PR834Q503T,K1:W4888I119H,"an FDA salt/solvate relationship links the pages, but the child page is not a salt form of the parent by structure or by name, so §3.1 does not license a merge","{""a"": ""Ergotamine"", ""b"": ""TARTARIC ACID"", ""inchikey_child"": ""XCGSFFUVFURLIX-VFGNJEKYSA-N"", ""inchikey_parent"": ""FEWJPZIEWOKRBE-JCYAYHJZSA-N"", ""name_child"": ""ergotamine"", ""name_parent"": ""tartaric acid"", ""origin"": ""gsrs:target_is_parent"", ""relationship"": ""target_is_parent""}"
K1:QI7G114Y98,K3:CHEMBL2109056,the evidence links the two pages but no rule in the spec's order decides them,"{""a"": ""Echinacea Purpurea"", ""b"": ""ECHINACEA PURPUREA, POWDERED"", ""gsrs_relationship"": null, ""inchikey_a"": null, ""inchikey_b"": null, ""name_a"": ""echinacea purpurea"", ""name_b"": ""echinacea purpurea powdered"", ""origin"": ""suspected-nominal:echinacea purpurea"", ""unii_a"": ""QI7G114Y98"", ""unii_b"": null}"
K1:QK8899250F,K1:4E862E7GRQ,"an FDA salt/solvate relationship links the pages, but the child page is not a salt form of the parent by structure or by name, so §3.1 does not license a merge","{""a"": ""Pyrophosphoric Acid"", ""b"": ""Ferric Pyrophosphate"", ""inchikey_child"": ""CADNYOZXMIKYPR-UHFFFAOYSA-B"", ""inchikey_parent"": ""XPPKVPWEQAFLFU-UHFFFAOYSA-N"", ""name_child"": ""ferric pyrophosphate"", ""name_parent"": ""pyrophosphoric acid"", ""origin"": ""gsrs:target_is_parent"", ""relationship"": ""target_is_salt""}"
K1:QTL48N278K,K1:1RTM4PAL0V,"an FDA salt/solvate relationship links the pages, but the child page is not a salt form of the parent by structure or by name, so §3.1 does not license a merge","{""a"": ""Piperazine"", ""b"": ""Estrone Sulfate"", ""inchikey_child"": ""JKKFKPJIXZFSSB-CBZIJGRNSA-N"", ""inchikey_parent"": ""GLUUGHFHXGJENI-UHFFFAOYSA-N"", ""name_child"": ""estrone"", ""name_parent"": ""piperazine"", ""origin"": ""gsrs:target_is_parent"", ""relationship"": ""target_is_salt""}"
K1:QX5LK7YCHV,,the named item no longer names two live corpus pages; an earlier identity pass already merged or dropped them,"{""keys"": [""K1:QX5LK7YCHV"", ""K1:3Z6W3S36X5""], ""origin"": ""suspected-nominal:fomivirsen""}"
K1:QX5LK7YCHV,,the named item no longer names two live corpus pages; an earlier identity pass already merged or dropped them,"{""keys"": [""K1:QX5LK7YCHV"", ""K1:3Z6W3S36X5""], ""origin"": ""slug-collision:fomivirsen""}"
K1:RLM74T3Z9D,K1:N78PI4C683,"an FDA salt/solvate relationship links the pages, but the child page is not a salt form of the parent by structure or by name, so §3.1 does not license a merge","{""a"": ""Versetamide"", ""b"": ""Gadoversetamide"", ""inchikey_child"": ""HBEAOBRDTOXWRZ-UHFFFAOYSA-K"", ""inchikey_parent"": ""AXFGWXLCWCNPHP-UHFFFAOYSA-N"", ""name_child"": ""gadoversetamide"", ""name_parent"": ""versetamide"", ""origin"": ""gsrs:target_is_salt"", ""relationship"": ""target_is_salt""}"
K1:RS7A450LGA,K4:trisodium,"same normalised name; one page holds a structure and the other holds none, so no structural rule applies","{""a"": ""Anhydrous Trisodium Citrate"", ""b"": ""Anhydrous Trisodium"", ""inchikey_a"": ""HRXKRNGNAMMEHJ-UHFFFAOYSA-K"", ""inchikey_b"": null, ""normalised"": ""anhydrous"", ""origin"": ""name:anhydrous"", ""unii_a"": ""RS7A450LGA"", ""unii_b"": null}"
K1:ULL76WPU5X,K1:W4888I119H,"an FDA salt/solvate relationship links the pages, but the child page is not a salt form of the parent by structure or by name, so §3.1 does not license a merge","{""a"": ""Pentolinium"", ""b"": ""TARTARIC ACID"", ""inchikey_child"": ""XSBSKEQEUFOSDD-UHFFFAOYSA-N"", ""inchikey_parent"": ""FEWJPZIEWOKRBE-JCYAYHJZSA-N"", ""name_child"": ""pentolinium"", ""name_parent"": ""tartaric acid"", ""origin"": ""gsrs:target_is_parent"", ""relationship"": ""target_is_parent""}"
K1:UVL329170W,K2:DCSUBABJRXZOMT-UHFFFAOYSA-N,a merge chain would join two pages that an exception class keeps separate; the whole chain is held for the second opinion,"{""component"": [""HOLD:existing:cisapride"", ""K1:UVL329170W"", ""K2:DCSUBABJRXZOMT-UHFFFAOYSA-N""]}"
K1:UVP74NG1C5,K4:ferric ammonium,"same normalised name; one page holds a structure and the other holds none, so no structural rule applies","{""a"": ""FERRIC AMMONIUM CITRATE"", ""b"": ""Ferric Ammonium"", ""inchikey_a"": ""FRHBOQMZUOWXQL-UHFFFAOYSA-N"", ""inchikey_b"": null, ""normalised"": ""ferric"", ""origin"": ""suspected-nominal:ferric ammonium"", ""unii_a"": ""UVP74NG1C5"", ""unii_b"": null}"
K1:V10579P3QZ,K2:BWWVAEOLVKTZFQ-ISVUSNJMSA-N,a merge chain would join two pages that an exception class keeps separate; the whole chain is held for the second opinion,"{""component"": [""HOLD:existing:amdinocillin"", ""K1:V10579P3QZ"", ""K2:BWWVAEOLVKTZFQ-ISVUSNJMSA-N""]}"
K1:VC855RRT77,K1:W2ZU1RY8B0,the evidence links the two pages but no rule in the spec's order decides them,"{""a"": ""Camellia Sinensis Leaf Oil"", ""b"": ""Camellia Sinensis Leaf"", ""gsrs_relationship"": null, ""inchikey_a"": null, ""inchikey_b"": null, ""name_a"": ""camellia sinensis leaf oil"", ""name_b"": ""camellia sinensis leaf"", ""origin"": ""suspected-nominal:camellia sinensis leaf"", ""unii_a"": ""VC855RRT77"", ""unii_b"": ""W2ZU1RY8B0""}"
K1:VL0L558GCB,,the named item no longer names two live corpus pages; an earlier identity pass already merged or dropped them,"{""keys"": [""K1:N3927D01PB"", ""K1:VL0L558GCB""], ""origin"": ""suspected-nominal:ardeparin""}"
K1:VL0L558GCB,,the named item no longer names two live corpus pages; an earlier identity pass already merged or dropped them,"{""keys"": [""K1:VL0L558GCB"", ""K1:N3927D01PB""], ""origin"": ""slug-collision:ardeparin""}"
K1:WKM56H3TLB,,the named item no longer names two live corpus pages; an earlier identity pass already merged or dropped them,"{""keys"": [""K1:WKM56H3TLB"", ""K1:LLM855Y3S3""], ""origin"": ""suspected-nominal:bulevirtide""}"
K1:WKM56H3TLB,,the named item no longer names two live corpus pages; an earlier identity pass already merged or dropped them,"{""keys"": [""K1:LLM855Y3S3"", ""K1:WKM56H3TLB""], ""origin"": ""slug-collision:bulevirtide""}"
K1:YIW503MI7V,K1:632XD903SP,"an FDA salt/solvate relationship links the pages, but the child page is not a salt form of the parent by structure or by name, so §3.1 does not license a merge","{""a"": ""Gallic Acid"", ""b"": ""BISMUTH SUBGALLATE"", ""inchikey_child"": ""JAONZGLTYYUPCT-UHFFFAOYSA-K"", ""inchikey_parent"": ""LNTHITQWFMADLM-UHFFFAOYSA-N"", ""name_child"": ""bismuth subgallate"", ""name_parent"": ""gallic acid"", ""origin"": ""suspected-nominal:bismuth subgallate"", ""relationship"": ""target_is_salt""}"
K1:Z67X93HJG1,,the named item no longer names two live corpus pages; an earlier identity pass already merged or dropped them,"{""keys"": [""K1:Z67X93HJG1"", ""K1:WP15DXU577""], ""origin"": ""suspected-nominal:colistin""}"
K1:Z67X93HJG1,,the named item no longer names two live corpus pages; an earlier identity pass already merged or dropped them,"{""keys"": [""K1:Z67X93HJG1"", ""K1:WP15DXU577""], ""origin"": ""slug-collision:colistin""}"
K2:BVPYARCRLTXGBD-UHFFFAOYSA-N,K4:trisodium,the evidence links the two pages but no rule in the spec's order decides them,"{""a"": ""Trisodium"", ""b"": ""Anhydrous Trisodium"", ""gsrs_relationship"": null, ""inchikey_a"": ""BVPYARCRLTXGBD-UHFFFAOYSA-N"", ""inchikey_b"": null, ""name_a"": ""trisodium"", ""name_b"": ""anhydrous"", ""origin"": ""suspected-nominal:trisodium"", ""unii_a"": null, ""unii_b"": null}"
K2:JSQIKKVBLLHQSQ-AWJAZODESA-N,K2:PVHLMTREZMEJCG-GDTLVBQBSA-N,the two pages carry the same UNII but different connectivity skeletons; §2 holds a K1/K2 disagreement for a person,"{""a"": ""ANGIOTENSIN"", ""b"": ""Talfirastide"", ""inchikey_a"": ""JSQIKKVBLLHQSQ-AWJAZODESA-N"", ""inchikey_b"": ""PVHLMTREZMEJCG-GDTLVBQBSA-N"", ""origin"": ""unii:IJ3FUK8MOF"", ""unii"": ""IJ3FUK8MOF"", ""unii_source_a"": ""page-field"", ""unii_source_b"": ""page-field""}"
K3:CHEMBL1201493,K4:simethicone cellulose,same normalised name and no structure on either page; the identity rules give no evidence that decides them,"{""a"": ""SIMETHICONE-CELLULOSE"", ""b"": ""Simethicone-Cellulose"", ""class_a"": null, ""class_b"": null, ""normalised"": ""simethicone cellulose"", ""origin"": ""suspected-nominal:simethicone cellulose"", ""unii_a"": null, ""unii_b"": null}"
K3:CHEMBL1201525,K4:technetium tc 99m polyphosphate kit,same normalised name and no structure on either page; the identity rules give no evidence that decides them,"{""a"": ""TECHNETIUM TC-99M POLYPHOSPHATE KIT"", ""b"": ""Technetium Tc-99m Polyphosphate Kit"", ""class_a"": null, ""class_b"": null, ""normalised"": ""technetium tc 99m polyphosphate kit"", ""origin"": ""suspected-nominal:technetium tc 99m polyphosphate kit"", ""unii_a"": null, ""unii_b"": null}"
K3:CHEMBL1201537,K4:trolamine polypeptide oleate condensate,same normalised name and no structure on either page; the identity rules give no evidence that decides them,"{""a"": ""TROLAMINE POLYPEPTIDE OLEATE CONDENSATE"", ""b"": ""Trolamine Polypeptide Oleate Condensate"", ""class_a"": null, ""class_b"": null, ""normalised"": ""trolamine polypeptide oleate condensate"", ""origin"": ""suspected-nominal:trolamine polypeptide oleate condensate"", ""unii_a"": null, ""unii_b"": null}"
K3:CHEMBL1201652,K4:protein hydrolysate,same normalised name and no structure on either page; the identity rules give no evidence that decides them,"{""a"": ""PROTEIN HYDROLYSATE"", ""b"": ""Protein Hydrolysate"", ""class_a"": null, ""class_b"": null, ""normalised"": ""protein hydrolysate"", ""origin"": ""suspected-nominal:protein hydrolysate"", ""unii_a"": null, ""unii_b"": null}"
K3:CHEMBL3707352,K4:policosanol,same normalised name and no structure on either page; the identity rules give no evidence that decides them,"{""a"": ""POLICOSANOL"", ""b"": ""Policosanol"", ""class_a"": null, ""class_b"": null, ""normalised"": ""policosanol"", ""origin"": ""suspected-nominal:policosanol"", ""unii_a"": null, ""unii_b"": null}"
"COMBO:{IK:DSFGXPJYDCSWTA-SECBINFHSA-N,K1:2679MF687A}","COMBO:{K1:2679MF687A,K1:TN1B5910V2}","two combination records share an identifier but not their component sets; §3.7 keys a combination by its components, so they are different products unless a component merge makes the sets equal","{""components_a"": [""K1:2679MF687A""], ""components_b"": [""K1:2679MF687A"", ""K1:TN1B5910V2""], ""origin"": ""gsrs:target_is_enantiomer""}"
"COMBO:{K1:2T8Q726O95,K1:DKO1W9H7M1,K1:WR2TIP26VS}","COMBO:{K1:2T8Q726O95,K1:DKO1W9H7M1}","two combination records share an identifier but not their component sets; §3.7 keys a combination by its components, so they are different products unless a component merge makes the sets equal","{""components_a"": [""K1:2T8Q726O95"", ""K1:DKO1W9H7M1"", ""K1:WR2TIP26VS""], ""components_b"": [""K1:2T8Q726O95"", ""K1:DKO1W9H7M1""], ""origin"": ""gsrs:target_is_active_moiety""}"
"COMBO:{K1:8GTS82S83M,K1:GE2UA340FM}","COMBO:{K1:8GTS82S83M,K1:M494UE2YEP}","two combination records share an identifier but not their component sets; §3.7 keys a combination by its components, so they are different products unless a component merge makes the sets equal","{""components_a"": [""K1:8GTS82S83M"", ""K1:GE2UA340FM""], ""components_b"": [""K1:8GTS82S83M"", ""K1:M494UE2YEP""], ""origin"": ""gsrs:target_is_salt""}"
HOLD:existing:alclometasone,K1:136H45TB7B,the two pages carry the same UNII but different connectivity skeletons; §2 holds a K1/K2 disagreement for a person,"{""a"": ""Alclometasone"", ""b"": ""ALCLOMETASONE"", ""inchikey_a"": ""DJHCCTTVDRAMEH-DUUJBDRPSA-N"", ""inchikey_b"": ""FJXOGVLKCZQRDN-PHCHRAKRSA-N"", ""origin"": ""suspected-nominal:alclometasone"", ""unii"": ""136H45TB7B"", ""unii_source_a"": ""page-field"", ""unii_source_b"": ""page-key""}"
HOLD:existing:anhydrous-citric-acid,K1:2968PHW8QP,the two pages carry the same UNII but different connectivity skeletons; §2 holds a K1/K2 disagreement for a person,"{""a"": ""Anhydrous Citric Acid"", ""b"": ""Citric Acid"", ""inchikey_a"": ""KRKNYBCHXYNGOX-UHFFFAOYSA-N"", ""inchikey_b"": ""YASYEJJMZJALEJ-UHFFFAOYSA-N"", ""origin"": ""suspected-nominal:citric acid"", ""unii"": ""2968PHW8QP"", ""unii_source_a"": ""page-field"", ""unii_source_b"": ""page-key""}"
HOLD:existing:anhydrous-citric-acid,K1:XF417D3PSL,a merge chain would join two pages that an exception class keeps separate; the whole chain is held for the second opinion,"{""component"": [""HOLD:existing:anhydrous-citric-acid"", ""HOLD:existing:potassium-citrate"", ""K1:86R1NVR0HW"", ""K1:B22547B95K"", ""K1:EE90ONI6FF"", ""K1:RS7A450LGA"", ""K1:TRI2520XBJ"", ""K1:XF417D3PSL"", ""K1:ZZG3847S6Y""]}"
HOLD:existing:beclomethasone,K1:KGZ1SLC28Z,the two pages carry the same UNII but different connectivity skeletons; §2 holds a K1/K2 disagreement for a person,"{""a"": ""Beclometasone"", ""b"": ""Beclometasone"", ""inchikey_a"": ""KUVIULQEHSCUHY-XYWKZLDCSA-N"", ""inchikey_b"": ""NBMKJKDGKREAPL-DVTGEIKXSA-N"", ""origin"": ""suspected-nominal:beclometasone"", ""unii"": ""KGZ1SLC28Z"", ""unii_source_a"": ""page-field"", ""unii_source_b"": ""page-key""}"
HOLD:existing:ethynodiol,K1:9E01C36A9S,the two pages carry the same UNII but different connectivity skeletons; §2 holds a K1/K2 disagreement for a person,"{""a"": ""Ethynodiol"", ""b"": ""ETHYNODIOL"", ""inchikey_a"": ""ONKUMRGIYFNPJW-KIEAKMPYSA-N"", ""inchikey_b"": ""JYILPERKVHXLNF-QMNUTNMBSA-N"", ""origin"": ""suspected-nominal:ethynodiol"", ""unii"": ""9E01C36A9S"", ""unii_source_a"": ""page-field"", ""unii_source_b"": ""page-key""}"
HOLD:existing:fludarabine,K1:P2K93U8740,the two pages carry the same UNII but different connectivity skeletons; §2 holds a K1/K2 disagreement for a person,"{""a"": ""Fludarabine"", ""b"": ""Fludarabine"", ""inchikey_a"": ""GIUYCYHIANZCFB-FJFJXFQQSA-N"", ""inchikey_b"": ""HBUBKKRHXORPQB-FJFJXFQQSA-N"", ""origin"": ""suspected-nominal:fludarabine"", ""unii"": ""P2K93U8740"", ""unii_source_a"": ""page-field"", ""unii_source_b"": ""page-key""}"
HOLD:existing:fludrocortisone,K1:U0476M545B,the two pages carry the same UNII but different connectivity skeletons; §2 holds a K1/K2 disagreement for a person,"{""a"": ""Fludrocortisone"", ""b"": ""Fludrocortisone"", ""inchikey_a"": ""SYWHXTATXSMDSB-GSLJADNHSA-N"", ""inchikey_b"": ""AAXVEMMRQDVLJB-BULBTXNYSA-N"", ""origin"": ""suspected-nominal:fludrocortisone"", ""unii"": ""U0476M545B"", ""unii_source_a"": ""page-field"", ""unii_source_b"": ""page-key""}"
HOLD:existing:fluphenazine,K1:S79426A41Z,the two pages carry the same UNII but different connectivity skeletons; §2 holds a K1/K2 disagreement for a person,"{""a"": ""Fluphenazine"", ""b"": ""Fluphenazine"", ""inchikey_a"": ""LRWSFOSWNAQHHW-UHFFFAOYSA-N"", ""inchikey_b"": ""PLDUPXSUYLZYBN-UHFFFAOYSA-N"", ""origin"": ""suspected-nominal:fluphenazine"", ""unii"": ""S79426A41Z"", ""unii_source_a"": ""page-field"", ""unii_source_b"": ""page-key""}"
HOLD:existing:lactitol,K1:L2B0WJF7ZY,the two pages carry the same UNII but different connectivity skeletons; §2 holds a K1/K2 disagreement for a person,"{""a"": ""Lactitol"", ""b"": ""Lactitol"", ""inchikey_a"": ""JCQLYHFGKNRPGE-FCVZTGTOSA-N"", ""inchikey_b"": ""VQHSOMBJVWLPSR-JVCRWLNRSA-N"", ""origin"": ""suspected-nominal:lactitol"", ""unii"": ""L2B0WJF7ZY"", ""unii_source_a"": ""page-field"", ""unii_source_b"": ""page-key""}"
HOLD:existing:potassium-citrate,,"two pages collide on a display name and nothing recorded for them - substance class, primary target, stereo descriptor, UNII or structure - tells one from the other","{""displayName"": ""Potassium Citrate"", ""normalised"": ""potassium""}"
HOLD:existing:potassium-citrate,K1:86R1NVR0HW,a merge chain would join two pages that an exception class keeps separate; the whole chain is held for the second opinion,"{""component"": [""HOLD:existing:anhydrous-citric-acid"", ""HOLD:existing:potassium-citrate"", ""K1:86R1NVR0HW"", ""K1:B22547B95K"", ""K1:EE90ONI6FF"", ""K1:RS7A450LGA"", ""K1:TRI2520XBJ"", ""K1:XF417D3PSL"", ""K1:ZZG3847S6Y""]}"
HOLD:existing:potassium-citrate,K1:EE90ONI6FF,the two pages carry the same UNII but different connectivity skeletons; §2 holds a K1/K2 disagreement for a person,"{""a"": ""Potassium Citrate"", ""b"": ""POTASSIUM CITRATE"", ""inchikey_a"": ""QEEAPRPFLLJWCF-UHFFFAOYSA-K"", ""inchikey_b"": ""PJAHUDTUZRZBKM-UHFFFAOYSA-K"", ""origin"": ""unii:EE90ONI6FF"", ""unii"": ""EE90ONI6FF"", ""unii_source_a"": ""page-field"", ""unii_source_b"": ""page-key""}"
HOLD:existing:voxilaprevir,K1:0570F37359,the two pages carry the same UNII but different connectivity skeletons; §2 holds a K1/K2 disagreement for a person,"{""a"": ""Voxilaprevir"", ""b"": ""Voxilaprevir"", ""inchikey_a"": ""MKDALIOACIEUJM-XCFCBFDASA-N"", ""inchikey_b"": ""MZBLZLWXUBZHSL-FZNJKFJKSA-N"", ""origin"": ""unii:0570F37359"", ""unii"": ""0570F37359"", ""unii_source_a"": ""page-field"", ""unii_source_b"": ""page-key""}"
K1:01756N87N8,K1:F84709P2XV,the evidence links the two pages but no rule in the spec's order decides them,"{""a"": ""Wormwood Oil"", ""b"": ""Wormwood"", ""gsrs_relationship"": null, ""inchikey_a"": null, ""inchikey_b"": null, ""name_a"": ""wormwood oil"", ""name_b"": ""wormwood"", ""origin"": ""suspected-nominal:wormwood"", ""unii_a"": ""01756N87N8"", ""unii_b"": ""F84709P2XV""}"
K1:01G73H6H83,K1:06JI9W529S,the evidence links the two pages but no rule in the spec's order decides them,"{""a"": ""Hops"", ""b"": ""Hops Oil"", ""gsrs_relationship"": null, ""inchikey_a"": null, ""inchikey_b"": null, ""name_a"": ""hops"", ""name_b"": ""hops oil"", ""origin"": ""suspected-nominal:hops"", ""unii_a"": ""01G73H6H83"", ""unii_b"": ""06JI9W529S""}"
K1:0309P36Q66,K1:91O4LML611,"an FDA salt/solvate relationship links the pages, but the child page is not a salt form of the parent by structure or by name, so §3.1 does not license a merge","{""a"": ""Ferric Fluoride"", ""b"": ""Ferric Cation"", ""inchikey_child"": ""SHXXPRJOPFJRHA-UHFFFAOYSA-K"", ""inchikey_parent"": ""VTLYFUHAOXGGBS-UHFFFAOYSA-N"", ""name_child"": ""ferric"", ""name_parent"": ""ferric cation"", ""origin"": ""gsrs:target_is_salt"", ""relationship"": ""target_is_parent""}"
K1:05456MVL7T,K1:W90AYD6R3Q,the evidence links the two pages but no rule in the spec's order decides them,"{""a"": ""Radium Cation"", ""b"": ""RADIUM"", ""gsrs_relationship"": null, ""inchikey_a"": ""PZDJSXWIQXZUBJ-UHFFFAOYSA-N"", ""inchikey_b"": ""HCWPIIXVSYCSAN-UHFFFAOYSA-N"", ""name_a"": ""radium cation"", ""name_b"": ""radium"", ""origin"": ""suspected-nominal:radium"", ""unii_a"": ""05456MVL7T"", ""unii_b"": ""W90AYD6R3Q""}"
K1:05JZI7B19X,K1:Y3R0RA1Q8S,the evidence links the two pages but no rule in the spec's order decides them,"{""a"": ""Carboxymethylcellulose"", ""b"": ""Carboxymethylcellulose Sodium (0.7 Carboxymethyl Substitution Per SACCHARIDE; 600 MPA.S At 2%)"", ""gsrs_relationship"": null, ""inchikey_a"": null, ""inchikey_b"": ""DPXJVFZANSGRMM-UHFFFAOYSA-N"", ""name_a"": ""carboxymethylcellulose"", ""name_b"": ""carboxymethylcellulose sodium 0 7 carboxymethyl substitution per saccharide 600 mpa s at 2"", ""origin"": ""suspected-nominal:carboxymethylcellulose"", ""unii_a"": ""05JZI7B19X"", ""unii_b"": ""Y3R0RA1Q8S""}"
K1:0DQI268449,K1:0WT12SX38S,the evidence links the two pages but no rule in the spec's order decides them,"{""a"": ""Vanillylmandelic Acid"", ""b"": ""GLYCOLIC ACID"", ""gsrs_relationship"": null, ""inchikey_a"": ""CGQCWMIAEPEHNQ-UHFFFAOYSA-N"", ""inchikey_b"": ""AEMRFAOFKBGASW-UHFFFAOYSA-N"", ""name_a"": ""vanillylmandelic acid"", ""name_b"": ""glycolic acid"", ""origin"": ""suspected-nominal:glycolic acid"", ""unii_a"": ""0DQI268449"", ""unii_b"": ""0WT12SX38S""}"
K1:0F5N573A2Y,K1:29I4YB3S89,the evidence links the two pages but no rule in the spec's order decides them,"{""a"": ""ETHER"", ""b"": ""TERT-BUTYL Methyl Ether"", ""gsrs_relationship"": null, ""inchikey_a"": ""RTZKZFJDLAIYFH-UHFFFAOYSA-N"", ""inchikey_b"": ""BZLVMXJERCGZMT-UHFFFAOYSA-N"", ""name_a"": ""ether"", ""name_b"": ""tert butyl methyl ether"", ""origin"": ""suspected-nominal:ether"", ""unii_a"": ""0F5N573A2Y"", ""unii_b"": ""29I4YB3S89""}"
K1:0GRZ0F5XJ6,,the named item no longer names two live corpus pages; an earlier identity pass already merged or dropped them,"{""keys"": [""K1:WSP2DHR2BD"", ""K1:0GRZ0F5XJ6""], ""origin"": ""suspected-nominal:eplontersen""}"
K1:0GRZ0F5XJ6,,the named item no longer names two live corpus pages; an earlier identity pass already merged or dropped them,"{""keys"": [""K1:0GRZ0F5XJ6"", ""K1:WSP2DHR2BD""], ""origin"": ""slug-collision:eplontersen""}"
K1:0I2XIN602U,K1:91O4LML611,"an FDA salt/solvate relationship links the pages, but the child page is not a salt form of the parent by structure or by name, so §3.1 does not license a merge","{""a"": ""Ferric Chloride Hexahydrate"", ""b"": ""Ferric Cation"", ""inchikey_child"": ""NQXWGWZJXJUMQB-UHFFFAOYSA-K"", ""inchikey_parent"": ""VTLYFUHAOXGGBS-UHFFFAOYSA-N"", ""name_child"": ""ferric"", ""name_parent"": ""ferric cation"", ""origin"": ""gsrs:target_is_salt"", ""relationship"": ""target_is_parent""}"
K1:0IEO0F56LV,,the named item no longer names two live corpus pages; an earlier identity pass already merged or dropped them,"{""keys"": [""K1:950736UC77"", ""K1:0IEO0F56LV""], ""origin"": ""suspected-nominal:inotersen""}"
K1:0IEO0F56LV,,the named item no longer names two live corpus pages; an earlier identity pass already merged or dropped them,"{""keys"": [""K1:0IEO0F56LV"", ""K1:950736UC77""], ""origin"": ""slug-collision:inotersen""}"
K1:0LB9J2797D,K1:1FQ2RY5YHH,"an FDA salt/solvate relationship links the pages, but the child page is not a salt form of the parent by structure or by name, so §3.1 does not license a merge","{""a"": ""Patiromer Sorbitex Calcium"", ""b"": ""Patiromer"", ""inchikey_child"": null, ""inchikey_parent"": null, ""name_child"": ""patiromer sorbitex"", ""name_parent"": ""patiromer"", ""origin"": ""gsrs:target_is_parent"", ""relationship"": ""target_is_parent""}"
K1:0UV74P3R0J,K1:96P72VE680,"an FDA salt/solvate relationship links the pages, but the child page is not a salt form of the parent by structure or by name, so §3.1 does not license a merge","{""a"": ""Cerous Oxalate Nonahydrate"", ""b"": ""CERIUM OXALATE"", ""inchikey_child"": ""JFPPQHCDHLXEDS-UHFFFAOYSA-H"", ""inchikey_parent"": ""ZMZNLKYXLARXFY-UHFFFAOYSA-H"", ""name_child"": ""cerous oxalate nonahydrate"", ""name_parent"": ""cerium"", ""origin"": ""gsrs:target_is_salt"", ""relationship"": ""target_is_parent""}"
K1:0UV74P3R0J,K1:9E7R5L6H31,"an FDA salt/solvate relationship links the pages, but the child page is not a salt form of the parent by structure or by name, so §3.1 does not license a merge","{""a"": ""Cerous Oxalate Nonahydrate"", ""b"": ""Oxalic Acid"", ""inchikey_child"": ""JFPPQHCDHLXEDS-UHFFFAOYSA-H"", ""inchikey_parent"": ""MUBZPKHOEPUJKR-UHFFFAOYSA-N"", ""name_child"": ""cerous oxalate nonahydrate"", ""name_parent"": ""oxalic acid"", ""origin"": ""gsrs:target_is_salt"", ""relationship"": ""target_is_parent""}"
K1:0V6E9Q2I0Y,K1:IO46B19O1Q,the evidence links the two pages but no rule in the spec's order decides them,"{""a"": ""Manganese Acetate"", ""b"": ""Ethylenebisdithiocarbamic Acid"", ""gsrs_relationship"": null, ""inchikey_a"": ""UOGMEBQRZBEZQT-UHFFFAOYSA-L"", ""inchikey_b"": ""AWYFNIZYMPNGAI-UHFFFAOYSA-N"", ""name_a"": ""manganese"", ""name_b"": ""ethylenebisdithiocarbamic acid"", ""origin"": ""suspected-nominal:manganese"", ""unii_a"": ""0V6E9Q2I0Y"", ""unii_b"": ""IO46B19O1Q""}"
K1:0YIW783RG1,K1:XU8S3M2QRZ,the evidence links the two pages but no rule in the spec's order decides them,"{""a"": ""Formic Acid"", ""b"": ""2-CHLORO-2-OXOACETIC Acid"", ""gsrs_relationship"": null, ""inchikey_a"": ""BDAGIHXWWSANSR-UHFFFAOYSA-N"", ""inchikey_b"": ""MANJIGKYCYWWBD-UHFFFAOYSA-N"", ""name_a"": ""formic acid"", ""name_b"": ""2 chloro 2 oxoacetic acid"", ""origin"": ""slug-collision:formic-acid"", ""unii_a"": ""0YIW783RG1"", ""unii_b"": ""XU8S3M2QRZ""}"
K1:0YPR65R21J,K1:22ADO53M6F,the evidence links the two pages but no rule in the spec's order decides them,"{""a"": ""SODIUM SULFATE"", ""b"": ""Sodium Phosphate, Dibasic"", ""gsrs_relationship"": null, ""inchikey_a"": ""RSIJVJUOQBWMIM-UHFFFAOYSA-L"", ""inchikey_b"": ""BNIILDVGGAEEIG-UHFFFAOYSA-L"", ""name_a"": ""sodium"", ""name_b"": ""sodium phosphate dibasic"", ""origin"": ""slug-collision:potassium-phosphate"", ""unii_a"": ""0YPR65R21J"", ""unii_b"": ""22ADO53M6F""}"
K1:0YPR65R21J,K1:CI71S98N1Z,the evidence links the two pages but no rule in the spec's order decides them,"{""a"": ""SODIUM SULFATE"", ""b"": ""Dibasic Potassium Phosphate"", ""gsrs_relationship"": null, ""inchikey_a"": ""RSIJVJUOQBWMIM-UHFFFAOYSA-L"", ""inchikey_b"": ""ZPWVASYFFYYZEW-UHFFFAOYSA-L"", ""name_a"": ""sodium"", ""name_b"": ""dibasic"", ""origin"": ""slug-collision:potassium-phosphate"", ""unii_a"": ""0YPR65R21J"", ""unii_b"": ""CI71S98N1Z""}"
K1:12H3K5QKN9,,"two pages collide on a display name and nothing recorded for them - substance class, primary target, stereo descriptor, UNII or structure - tells one from the other","{""displayName"": ""POTASSIUM GLUCONATE"", ""normalised"": ""potassium""}"
K1:12H3K5QKN9,K1:R4R8J0Q44B,"an FDA salt/solvate relationship links the pages, but the child page is not a salt form of the parent by structure or by name, so §3.1 does not license a merge","{""a"": ""POTASSIUM GLUCONATE"", ""b"": ""Gluconic Acid"", ""inchikey_child"": ""HLCFGWHYROZGBI-JJKGCWMISA-M"", ""inchikey_parent"": ""RGHNJXZEOKUKBD-SQOUGZDYSA-N"", ""name_child"": ""potassium"", ""name_parent"": ""gluconic acid"", ""origin"": ""suspected-nominal:gluconate"", ""relationship"": ""target_is_parent""}"
K1:13U9R5J3WL,,the named item no longer names two live corpus pages; an earlier identity pass already merged or dropped them,"{""keys"": [""K1:13U9R5J3WL"", ""K1:EGR9KYM536""], ""origin"": ""suspected-nominal:nedosiran""}"
K1:13U9R5J3WL,,the named item no longer names two live corpus pages; an earlier identity pass already merged or dropped them,"{""keys"": [""K1:EGR9KYM536"", ""K1:13U9R5J3WL""], ""origin"": ""slug-collision:nedosiran""}"
K1:1485XST65B,K1:RGL5YE86CZ,"an FDA salt/solvate relationship links the pages, but the child page is not a salt form of the parent by structure or by name, so §3.1 does not license a merge","{""a"": ""Lithium Fluoride"", ""b"": ""Hydrofluoric Acid"", ""inchikey_child"": ""PQXKHYXIUOZZFA-UHFFFAOYSA-M"", ""inchikey_parent"": ""KRHYYFGTRYWZRS-UHFFFAOYSA-N"", ""name_child"": ""lithium"", ""name_parent"": ""hydrofluoric acid"", ""origin"": ""gsrs:target_is_salt"", ""relationship"": ""target_is_parent""}"
K1:1699G8679Z,K1:HUI2S00793,the evidence links the two pages but no rule in the spec's order decides them,"{""a"": ""Sodium Polystyrene Sulfonate"", ""b"": ""CALCIUM POLYSTYRENE SULFONATE"", ""gsrs_relationship"": null, ""inchikey_a"": null, ""inchikey_b"": null, ""name_a"": ""sodium polystyrene sulfonate"", ""name_b"": ""calcium polystyrene sulfonate"", ""origin"": ""suspected-nominal:polystyrene sulfonate"", ""unii_a"": ""1699G8679Z"", ""unii_b"": ""HUI2S00793""}"
K1:1AEY1M553N,K1:A4IWO4DDZ9,the evidence links the two pages but no rule in the spec's order decides them,"{""a"": ""Mentha Arvensis Leaf Oil"", ""b"": ""Mentha Arvensis Leaf"", ""gsrs_relationship"": null, ""inchikey_a"": null, ""inchikey_b"": null, ""name_a"": ""mentha arvensis leaf oil"", ""name_b"": ""mentha arvensis leaf"", ""origin"": ""suspected-nominal:mentha arvensis leaf"", ""unii_a"": ""1AEY1M553N"", ""unii_b"": ""A4IWO4DDZ9""}"
K1:1BJ477IO2L,K1:SMG09YI7I8,the evidence links the two pages but no rule in the spec's order decides them,"{""a"": ""Gadobutrol"", ""b"": ""Butrol"", ""gsrs_relationship"": null, ""inchikey_a"": ""ZPDFIIGFYAHNSK-CTHHTMFSSA-K"", ""inchikey_b"": ""JZNZSKXIEDHOBD-HUUCEWRRSA-N"", ""name_a"": ""gadobutrol"", ""name_b"": ""butrol"", ""origin"": ""suspected-nominal:gadobutrol"", ""unii_a"": ""1BJ477IO2L"", ""unii_b"": ""SMG09YI7I8""}"
K1:1BQV3749L5,K4:stannous,"same normalised name; one page holds a structure and the other holds none, so no structural rule applies","{""a"": ""STANNOUS CHLORIDE"", ""b"": ""Stannous"", ""inchikey_a"": ""FWPIDFUJEMBDLS-UHFFFAOYSA-L"", ""inchikey_b"": null, ""normalised"": ""stannous"", ""origin"": ""name:stannous"", ""unii_a"": ""1BQV3749L5"", ""unii_b"": null}"
K1:1C4QK22F9J,,"two pages collide on a display name and nothing recorded for them - substance class, primary target, stereo descriptor, UNII or structure - tells one from the other","{""displayName"": ""Potassium Iodide"", ""normalised"": ""potassium""}"
K1:1C4QK22F9J,K1:F5WR8N145C,the evidence links the two pages but no rule in the spec's order decides them,"{""a"": ""Potassium Iodide"", ""b"": ""Sodium Iodide"", ""gsrs_relationship"": null, ""inchikey_a"": ""NLKNQRATVPKPDG-UHFFFAOYSA-M"", ""inchikey_b"": ""FVAUCKIRQBBSSJ-UHFFFAOYSA-M"", ""name_a"": ""potassium"", ""name_b"": ""sodium"", ""origin"": ""suspected-nominal:iodide"", ""unii_a"": ""1C4QK22F9J"", ""unii_b"": ""F5WR8N145C""}"
K1:1FQ2RY5YHH,,the named item no longer names two live corpus pages; an earlier identity pass already merged or dropped them,"{""keys"": [""K1:1FQ2RY5YHH"", ""K1:7T97I3787N""], ""origin"": ""suspected-nominal:patiromer""}"
K1:1HG84L3525,,the named item no longer names two live corpus pages; an earlier identity pass already merged or dropped them,"{""keys"": [""K1:1HG84L3525"", ""K1:T0H3L6C7I5""], ""origin"": ""suspected-nominal:formaldehyde""}"
K1:1HG84L3525,,the named item no longer names two live corpus pages; an earlier identity pass already merged or dropped them,"{""keys"": [""K1:T0H3L6C7I5"", ""K1:1HG84L3525""], ""origin"": ""slug-collision:formaldehyde-solution""}"
K1:1K573LC5TV,,"two pages collide on a display name and nothing recorded for them - substance class, primary target, stereo descriptor, UNII or structure - tells one from the other","{""displayName"": ""Potassium Sulfate"", ""normalised"": ""potassium""}"
K1:1KC430K0ZN,K4:cupric,"same normalised name; one page holds a structure and the other holds none, so no structural rule applies","{""a"": ""Cupric Bromide"", ""b"": ""Cupric"", ""inchikey_a"": ""QTMDXZNDVAMKGV-UHFFFAOYSA-L"", ""inchikey_b"": null, ""normalised"": ""cupric"", ""origin"": ""name:cupric"", ""unii_a"": ""1KC430K0ZN"", ""unii_b"": null}"
K1:1KC430K0ZN,K4:cupric ascorbate,"same normalised name; one page holds a structure and the other holds none, so no structural rule applies","{""a"": ""Cupric Bromide"", ""b"": ""Cupric Ascorbate"", ""inchikey_a"": ""QTMDXZNDVAMKGV-UHFFFAOYSA-L"", ""inchikey_b"": null, ""normalised"": ""cupric"", ""origin"": ""name:cupric"", ""unii_a"": ""1KC430K0ZN"", ""unii_b"": null}"
K1:1OV56052IK,K1:7626GC95E5,the evidence links the two pages but no rule in the spec's order decides them,"{""a"": ""Coriander"", ""b"": ""Coriander Oil"", ""gsrs_relationship"": null, ""inchikey_a"": null, ""inchikey_b"": null, ""name_a"": ""coriander"", ""name_b"": ""coriander oil"", ""origin"": ""suspected-nominal:coriander"", ""unii_a"": ""1OV56052IK"", ""unii_b"": ""7626GC95E5""}"
K1:1ZPG1ELY14,K1:BIU7Q7W2SH,"an FDA salt/solvate relationship links the pages, but the child page is not a salt form of the parent by structure or by name, so §3.1 does not license a merge","{""a"": ""Rose Bengal Potassium"", ""b"": ""Rose Bengal Lactone"", ""inchikey_child"": ""VDNLFJGJEQUWRB-UHFFFAOYSA-N"", ""inchikey_parent"": ""IICCLYANAQEHCI-UHFFFAOYSA-N"", ""name_child"": ""rose bengal"", ""name_parent"": ""rose bengal lactone"", ""origin"": ""suspected-nominal:rose bengal"", ""relationship"": ""target_is_parent""}"
K1:21C2F5E8RE,K1:6Y89129C8H,the evidence links the two pages but no rule in the spec's order decides them,"{""a"": ""Anise"", ""b"": ""ANISE OIL"", ""gsrs_relationship"": null, ""inchikey_a"": null, ""inchikey_b"": null, ""name_a"": ""anise"", ""name_b"": ""anise oil"", ""origin"": ""suspected-nominal:anise"", ""unii_a"": ""21C2F5E8RE"", ""unii_b"": ""6Y89129C8H""}"
K1:22ADO53M6F,K4:dibasic,the evidence links the two pages but no rule in the spec's order decides them,"{""a"": ""Sodium Phosphate, Dibasic"", ""b"": ""Anhydrous Dibasic"", ""gsrs_relationship"": null, ""inchikey_a"": ""BNIILDVGGAEEIG-UHFFFAOYSA-L"", ""inchikey_b"": null, ""name_a"": ""sodium phosphate dibasic"", ""name_b"": ""anhydrous dibasic"", ""origin"": ""suspected-nominal:dibasic"", ""unii_a"": ""22ADO53M6F"", ""unii_b"": null}"
K1:23227F83U0,K1:30KYC7MIAI,"an FDA salt/solvate relationship links the pages, but the child page is not a salt form of the parent by structure or by name, so §3.1 does not license a merge","{""a"": ""Lysine Aspartate"", ""b"": ""Aspartic acid"", ""inchikey_child"": ""CPYVQXAASIFAMD-KNIFDHDWSA-N"", ""inchikey_parent"": ""CKLJMWTZIZZHCS-REOHCLBHSA-N"", ""name_child"": ""lysine"", ""name_parent"": ""aspartic acid"", ""origin"": ""gsrs:target_is_salt"", ""relationship"": ""target_is_parent""}"
K1:24K790T39B,K4:pulsatilla,the evidence links the two pages but no rule in the spec's order decides them,"{""a"": ""Pulsatilla Montana Whole"", ""b"": ""Pulsatilla"", ""gsrs_relationship"": null, ""inchikey_a"": null, ""inchikey_b"": null, ""name_a"": ""pulsatilla montana whole"", ""name_b"": ""pulsatilla"", ""origin"": ""slug-collision:pulsatilla-montana-whole"", ""unii_a"": ""24K790T39B"", ""unii_b"": null}"
K1:24RS0A988O,K1:AGN709ANTJ,the evidence links the two pages but no rule in the spec's order decides them,"{""a"": ""Lemon"", ""b"": ""Lemon Juice"", ""gsrs_relationship"": null, ""inchikey_a"": null, ""inchikey_b"": null, ""name_a"": ""lemon"", ""name_b"": ""lemon juice"", ""origin"": ""suspected-nominal:lemon"", ""unii_a"": ""24RS0A988O"", ""unii_b"": ""AGN709ANTJ""}"
K1:24RS0A988O,K1:I9GRO824LL,the evidence links the two pages but no rule in the spec's order decides them,"{""a"": ""Lemon"", ""b"": ""Lemon Oil"", ""gsrs_relationship"": null, ""inchikey_a"": null, ""inchikey_b"": null, ""name_a"": ""lemon"", ""name_b"": ""lemon oil"", ""origin"": ""suspected-nominal:lemon"", ""unii_a"": ""24RS0A988O"", ""unii_b"": ""I9GRO824LL""}"
K1:2577AQ9262,K1:M911911U02,the evidence links the two pages but no rule in the spec's order decides them,"{""a"": ""2,4-D"", ""b"": ""POTASSIUM ACETATE"", ""gsrs_relationship"": null, ""inchikey_a"": ""OVSKIKFHRZPJSS-UHFFFAOYSA-N"", ""inchikey_b"": ""SCVFZCLFOSHCOH-UHFFFAOYSA-M"", ""name_a"": ""2 4"", ""name_b"": ""potassium"", ""origin"": ""slug-collision:potassium-acetate"", ""unii_a"": ""2577AQ9262"", ""unii_b"": ""M911911U02""}"
K1:26SK597UWV,K1:R4R8J0Q44B,"an FDA salt/solvate relationship links the pages, but the child page is not a salt form of the parent by structure or by name, so §3.1 does not license a merge","{""a"": ""Cobaltous Gluconate"", ""b"": ""Gluconic Acid"", ""inchikey_child"": ""BMJZVKPTRWYLKB-IYEMJOQQSA-L"", ""inchikey_parent"": ""RGHNJXZEOKUKBD-SQOUGZDYSA-N"", ""name_child"": ""cobaltous"", ""name_parent"": ""gluconic acid"", ""origin"": ""gsrs:target_is_salt"", ""relationship"": ""target_is_parent""}"
K1:27618J1N2X,K1:W4888I119H,"an FDA salt/solvate relationship links the pages, but the child page is not a salt form of the parent by structure or by name, so §3.1 does not license a merge","{""a"": ""Levorphanol"", ""b"": ""TARTARIC ACID"", ""inchikey_child"": ""JAQUASYNZVUNQP-USXIJHARSA-N"", ""inchikey_parent"": ""FEWJPZIEWOKRBE-JCYAYHJZSA-N"", ""name_child"": ""levorphanol"", ""name_parent"": ""tartaric acid"", ""origin"": ""gsrs:target_is_parent"", ""relationship"": ""target_is_parent""}"
K1:2788Z9758H,K1:M1F96IE0ZC,the evidence links the two pages but no rule in the spec's order decides them,"{""a"": ""Glycyrrhiza Glabra"", ""b"": ""Glycyrrhiza Glabra Whole"", ""gsrs_relationship"": null, ""inchikey_a"": null, ""inchikey_b"": null, ""name_a"": ""glycyrrhiza glabra"", ""name_b"": ""glycyrrhiza glabra whole"", ""origin"": ""suspected-nominal:glycyrrhiza glabra"", ""unii_a"": ""2788Z9758H"", ""unii_b"": ""M1F96IE0ZC""}"
K1:2NVP93XVQ3,K1:53V4OQG6U1,the evidence links the two pages but no rule in the spec's order decides them,"{""a"": ""Calcium Hexafluorosilicate"", ""b"": ""Fluosilicic Acid"", ""gsrs_relationship"": null, ""inchikey_a"": ""CVWSBMWWVFJIBN-UHFFFAOYSA-N"", ""inchikey_b"": ""OHORFAFFMDIQRR-UHFFFAOYSA-P"", ""name_a"": ""calcium hexafluorosilicate"", ""name_b"": ""fluosilicic acid"", ""origin"": ""suspected-nominal:hexafluorosilicate"", ""unii_a"": ""2NVP93XVQ3"", ""unii_b"": ""53V4OQG6U1""}"
K1:2O4BE0K238,,the named item no longer names two live corpus pages; an earlier identity pass already merged or dropped them,"{""keys"": [""K1:6JON30SLDT"", ""K1:2O4BE0K238""], ""origin"": ""suspected-nominal:volanesorsen""}"
K1:2R04ONI662,K1:S546YLW6E6,the evidence links the two pages but no rule in the spec's order decides them,"{""a"": ""Eucalyptus Globulus Leaf Oil"", ""b"": ""Eucalyptus Globulus Leaf"", ""gsrs_relationship"": null, ""inchikey_a"": null, ""inchikey_b"": null, ""name_a"": ""eucalyptus globulus leaf oil"", ""name_b"": ""eucalyptus globulus leaf"", ""origin"": ""suspected-nominal:eucalyptus globulus leaf"", ""unii_a"": ""2R04ONI662"", ""unii_b"": ""S546YLW6E6""}"
K1:2UA751211N,K1:91O4LML611,"an FDA salt/solvate relationship links the pages, but the child page is not a salt form of the parent by structure or by name, so §3.1 does not license a merge","{""a"": ""FERRIC HYDROXIDE"", ""b"": ""Ferric Cation"", ""inchikey_child"": ""MSNWSDPPULHLDL-UHFFFAOYSA-K"", ""inchikey_parent"": ""VTLYFUHAOXGGBS-UHFFFAOYSA-N"", ""name_child"": ""ferric"", ""name_parent"": ""ferric cation"", ""origin"": ""gsrs:target_is_salt"", ""relationship"": ""target_is_parent""}"
K1:2UK410MY6B,K1:CW657OBU4N,the evidence links the two pages but no rule in the spec's order decides them,"{""a"": ""Thyme Oil"", ""b"": ""Thyme"", ""gsrs_relationship"": null, ""inchikey_a"": null, ""inchikey_b"": null, ""name_a"": ""thyme oil"", ""name_b"": ""thyme"", ""origin"": ""suspected-nominal:thyme"", ""unii_a"": ""2UK410MY6B"", ""unii_b"": ""CW657OBU4N""}"
K1:2URQ2N32W3,K1:3B8D35Y7S4,"an FDA salt/solvate relationship links the pages, but the child page is not a salt form of the parent by structure or by name, so §3.1 does not license a merge","{""a"": ""Calcium Lactate"", ""b"": ""Lactic Acid, Dl"", ""inchikey_child"": ""MKJXYGKVIBWPFZ-UHFFFAOYSA-L"", ""inchikey_parent"": ""JVTAAEKCZFNVCJ-UHFFFAOYSA-N"", ""name_child"": ""calcium"", ""name_parent"": ""lactic acid"", ""origin"": ""gsrs:target_is_salt"", ""relationship"": ""target_is_parent""}"
K1:33KM3X4QQW,HOLD:existing:anhydrous-citric-acid,"an FDA salt/solvate relationship links the pages, but the child page is not a salt form of the parent by structure or by name, so §3.1 does not license a merge","{""a"": ""Anhydrous Citric Acid"", ""b"": ""FERROUS CITRATE"", ""inchikey_child"": ""APVZWAOKZPNDNR-UHFFFAOYSA-L"", ""inchikey_parent"": ""KRKNYBCHXYNGOX-UHFFFAOYSA-N"", ""name_child"": ""ferrous"", ""name_parent"": ""anhydrous citric acid"", ""origin"": ""gsrs:target_is_salt"", ""relationship"": ""target_is_salt""}"
K1:33KM3X4QQW,K1:XF417D3PSL,"an FDA salt/solvate relationship links the pages, but the child page is not a salt form of the parent by structure or by name, so §3.1 does not license a merge","{""a"": ""FERROUS CITRATE"", ""b"": ""Anhydrous Citric Acid"", ""inchikey_child"": ""APVZWAOKZPNDNR-UHFFFAOYSA-L"", ""inchikey_parent"": ""KRKNYBCHXYNGOX-UHFFFAOYSA-N"", ""name_child"": ""ferrous"", ""name_parent"": ""anhydrous citric acid"", ""origin"": ""gsrs:target_is_parent"", ""relationship"": ""target_is_parent""}"
K1:33WDQ7T81E,K1:B0U42518WL,the evidence links the two pages but no rule in the spec's order decides them,"{""a"": ""Dalbavancin Hydrochloride"", ""b"": ""Dalbavancin B0"", ""gsrs_relationship"": null, ""inchikey_a"": null, ""inchikey_b"": ""KGPGQDLTDHGEGT-SZUNQUCBSA-N"", ""name_a"": ""dalbavancin"", ""name_b"": ""dalbavancin b0"", ""origin"": ""suspected-nominal:dalbavancin"", ""unii_a"": ""33WDQ7T81E"", ""unii_b"": ""B0U42518WL""}"
K1:355G9R500Y,K1:48N6U1781G,the evidence links the two pages but no rule in the spec's order decides them,"{""a"": ""Phenyl Acetate"", ""b"": ""SODIUM PHENYLACETATE"", ""gsrs_relationship"": null, ""inchikey_a"": ""IPBVNPXQWQGGJP-UHFFFAOYSA-N"", ""inchikey_b"": ""HZOREEUASZHZBI-UHFFFAOYSA-M"", ""name_a"": ""phenyl"", ""name_b"": ""sodium phenylacetate"", ""origin"": ""suspected-nominal:phenylacetate"", ""unii_a"": ""355G9R500Y"", ""unii_b"": ""48N6U1781G""}"
K1:35C9R2N24F,K1:3HWS7HF5XD,the evidence links the two pages but no rule in the spec's order decides them,"{""a"": ""Enterobactin"", ""b"": ""FERRIC SULFATE"", ""gsrs_relationship"": null, ""inchikey_a"": ""SERBHKJMVBATSJ-BZSNNMDCSA-N"", ""inchikey_b"": ""YHGPYBQVSJBGHH-UHFFFAOYSA-H"", ""name_a"": ""enterobactin"", ""name_b"": ""ferric"", ""origin"": ""suspected-nominal:ferric"", ""unii_a"": ""35C9R2N24F"", ""unii_b"": ""3HWS7HF5XD""}"
K1:35C9R2N24F,K1:434C3EI07T,the evidence links the two pages but no rule in the spec's order decides them,"{""a"": ""Enterobactin"", ""b"": ""FERRIC SODIUM CITRATE"", ""gsrs_relationship"": null, ""inchikey_a"": ""SERBHKJMVBATSJ-BZSNNMDCSA-N"", ""inchikey_b"": ""XJDIIQYURGDWCL-UHFFFAOYSA-K"", ""name_a"": ""enterobactin"", ""name_b"": ""ferric"", ""origin"": ""suspected-nominal:ferric"", ""unii_a"": ""35C9R2N24F"", ""unii_b"": ""434C3EI07T""}"
K1:35C9R2N24F,K1:63G354M39Z,the evidence links the two pages but no rule in the spec's order decides them,"{""a"": ""Enterobactin"", ""b"": ""Ferric Citrate"", ""gsrs_relationship"": null, ""inchikey_a"": ""SERBHKJMVBATSJ-BZSNNMDCSA-N"", ""inchikey_b"": ""NPFOYSMITVOQOS-UHFFFAOYSA-K"", ""name_a"": ""enterobactin"", ""name_b"": ""ferric"", ""origin"": ""suspected-nominal:ferric"", ""unii_a"": ""35C9R2N24F"", ""unii_b"": ""63G354M39Z""}"
K1:35C9R2N24F,K1:9RDO128EH7,the evidence links the two pages but no rule in the spec's order decides them,"{""a"": ""Enterobactin"", ""b"": ""Ferric Bromide"", ""gsrs_relationship"": null, ""inchikey_a"": ""SERBHKJMVBATSJ-BZSNNMDCSA-N"", ""inchikey_b"": ""FEONEKOZSGPOFN-UHFFFAOYSA-K"", ""name_a"": ""enterobactin"", ""name_b"": ""ferric"", ""origin"": ""slug-collision:ferric"", ""unii_a"": ""35C9R2N24F"", ""unii_b"": ""9RDO128EH7""}"
K1:35C9R2N24F,K1:N6BAA189V1,the evidence links the two pages but no rule in the spec's order decides them,"{""a"": ""Enterobactin"", ""b"": ""Ferric Phosphate"", ""gsrs_relationship"": null, ""inchikey_a"": ""SERBHKJMVBATSJ-BZSNNMDCSA-N"", ""inchikey_b"": ""WBJZTOZJJYAKHQ-UHFFFAOYSA-K"", ""name_a"": ""enterobactin"", ""name_b"": ""ferric"", ""origin"": ""suspected-nominal:ferric"", ""unii_a"": ""35C9R2N24F"", ""unii_b"": ""N6BAA189V1""}"
K1:3641YW25N2,K1:X7X01WMQ5F,the evidence links the two pages but no rule in the spec's order decides them,"{""a"": ""Sandalwood"", ""b"": ""Sandalwood Oil"", ""gsrs_relationship"": null, ""inchikey_a"": null, ""inchikey_b"": null, ""name_a"": ""sandalwood"", ""name_b"": ""sandalwood oil"", ""origin"": ""suspected-nominal:sandalwood"", ""unii_a"": ""3641YW25N2"", ""unii_b"": ""X7X01WMQ5F""}"
K1:3655633623,HOLD:existing:anhydrous-citric-acid,"an FDA salt/solvate relationship links the pages, but the child page is not a salt form of the parent by structure or by name, so §3.1 does not license a merge","{""a"": ""Anhydrous Citric Acid"", ""b"": ""LITHIUM CITRATE ANHYDROUS"", ""inchikey_child"": ""WJSIUCDMWSDDCE-UHFFFAOYSA-K"", ""inchikey_parent"": ""KRKNYBCHXYNGOX-UHFFFAOYSA-N"", ""name_child"": ""lithium"", ""name_parent"": ""anhydrous citric acid"", ""origin"": ""gsrs:target_is_salt"", ""relationship"": ""target_is_salt""}"
K1:3655633623,K1:XF417D3PSL,"an FDA salt/solvate relationship links the pages, but the child page is not a salt form of the parent by structure or by name, so §3.1 does not license a merge","{""a"": ""LITHIUM CITRATE ANHYDROUS"", ""b"": ""Anhydrous Citric Acid"", ""inchikey_child"": ""WJSIUCDMWSDDCE-UHFFFAOYSA-K"", ""inchikey_parent"": ""KRKNYBCHXYNGOX-UHFFFAOYSA-N"", ""name_child"": ""lithium"", ""name_parent"": ""anhydrous citric acid"", ""origin"": ""gsrs:target_is_salt"", ""relationship"": ""target_is_parent""}"
K1:36ITO9SKQJ,K1:8NVY8268MY,"an FDA salt/solvate relationship links the pages, but the child page is not a salt form of the parent by structure or by name, so §3.1 does not license a merge","{""a"": ""TECHNETIUM TC 99M MERTIATIDE"", ""b"": ""Mertiatide"", ""inchikey_child"": ""RGOFGJQEAGEGOX-UHFFFAOYSA-I"", ""inchikey_parent"": ""RXACEEPNTRHYBQ-UHFFFAOYSA-N"", ""name_child"": ""technetium tc 99m mertiatide"", ""name_parent"": ""mertiatide"", ""origin"": ""gsrs:target_is_salt"", ""relationship"": ""target_is_parent""}"
K1:37CB58V15B,K4:thallous,"same normalised name; one page holds a structure and the other holds none, so no structural rule applies","{""a"": ""THALLOUS CHLORIDE"", ""b"": ""Thallous"", ""inchikey_a"": ""GBECUEIQVRDUKB-UHFFFAOYSA-M"", ""inchikey_b"": null, ""normalised"": ""thallous"", ""origin"": ""name:thallous"", ""unii_a"": ""37CB58V15B"", ""unii_b"": null}"
K1:385H9E7854,K1:HOY74VZE0M,the evidence links the two pages but no rule in the spec's order decides them,"{""a"": ""N-((2S)-2-(BIS(CARBOXYMETHYL)AMINO)-3-(4-ETHOXYPHENYL)PROPYL)-N-(2-(BIS(CARBOXYMETHYL)AMINO)ETHYL)GLYCINE"", ""b"": ""GADOXETATE DISODIUM"", ""gsrs_relationship"": null, ""inchikey_a"": ""AQOXEJNYXXLRQQ-KRWDZBQOSA-N"", ""inchikey_b"": ""SLYTULCOCGSBBJ-FCQHKQNSSA-I"", ""name_a"": ""n 2s 2 bis carboxymethyl amino 3 4 ethoxyphenyl propyl n 2 bis carboxymethyl amino ethyl glycine"", ""name_b"": ""gadoxetate"", ""origin"": ""slug-collision:gadoxetate"", ""unii_a"": ""385H9E7854"", ""unii_b"": ""HOY74VZE0M""}"
K1:38K542K6ZV,K4:insulin susp isophane recombinant human,the evidence links the two pages but no rule in the spec's order decides them,"{""a"": ""Isophane Insulin Human Suspension"", ""b"": ""Insulin Susp Isophane Recombinant Human"", ""gsrs_relationship"": null, ""inchikey_a"": null, ""inchikey_b"": null, ""name_a"": ""isophane insulin human suspension"", ""name_b"": ""insulin susp isophane recombinant human"", ""origin"": ""suspected-nominal:insulin susp isophane recombinant human"", ""unii_a"": ""38K542K6ZV"", ""unii_b"": null}"
K1:3C5ORO99TY,K1:XF417D3PSL,"an FDA salt/solvate relationship links the pages, but the child page is not a salt form of the parent by structure or by name, so §3.1 does not license a merge","{""a"": ""Tripelennamine"", ""b"": ""Anhydrous Citric Acid"", ""inchikey_child"": ""UFLGIAIHIAPJJC-UHFFFAOYSA-N"", ""inchikey_parent"": ""KRKNYBCHXYNGOX-UHFFFAOYSA-N"", ""name_child"": ""tripelennamine"", ""name_parent"": ""anhydrous citric acid"", ""origin"": ""gsrs:target_is_parent"", ""relationship"": ""target_is_parent""}"
K1:3NXW29V3WO,K1:RN3152OP35,the evidence links the two pages but no rule in the spec's order decides them,"{""a"": ""Hypromellose"", ""b"": ""Hypromellose 2910 (4000 MPA.S)"", ""gsrs_relationship"": null, ""inchikey_a"": null, ""inchikey_b"": null, ""name_a"": ""hypromellose"", ""name_b"": ""hypromellose 2910 4000 mpa"", ""origin"": ""slug-collision:hypromellose-2910"", ""unii_a"": ""3NXW29V3WO"", ""unii_b"": ""RN3152OP35""}"
K1:3Q9L08K71N,K4:evening primrose,the evidence links the two pages but no rule in the spec's order decides them,"{""a"": ""Evening Primrose Oil"", ""b"": ""Evening Primrose"", ""gsrs_relationship"": null, ""inchikey_a"": null, ""inchikey_b"": null, ""name_a"": ""evening primrose oil"", ""name_b"": ""evening primrose"", ""origin"": ""suspected-nominal:evening primrose"", ""unii_a"": ""3Q9L08K71N"", ""unii_b"": null}"
K1:3RT3536DHY,K1:Q9L0O73W7L,the evidence links the two pages but no rule in the spec's order decides them,"{""a"": ""Coconut"", ""b"": ""Coconut Oil"", ""gsrs_relationship"": null, ""inchikey_a"": null, ""inchikey_b"": null, ""name_a"": ""coconut"", ""name_b"": ""coconut oil"", ""origin"": ""suspected-nominal:coconut"", ""unii_a"": ""3RT3536DHY"", ""unii_b"": ""Q9L0O73W7L""}"
K1:403J23EMFA,K1:9G34HU7RV0,"an FDA salt/solvate relationship links the pages, but the child page is not a salt form of the parent by structure or by name, so §3.1 does not license a merge","{""a"": ""Sodium feredetate"", ""b"": ""Edetic Acid"", ""inchikey_child"": ""MKWYFZFMAMBPQK-UHFFFAOYSA-J"", ""inchikey_parent"": ""KCXVZYZYPLLWCC-UHFFFAOYSA-N"", ""name_child"": ""sodium feredetate"", ""name_parent"": ""edetic acid"", ""origin"": ""gsrs:target_is_salt"", ""relationship"": ""target_is_parent""}"
K1:40S1VHN69B,,the named item no longer names two live corpus pages; an earlier identity pass already merged or dropped them,"{""keys"": [""K1:7DP3NTV15T"", ""K1:40S1VHN69B""], ""origin"": ""suspected-nominal:bleomycin""}"
K1:40S1VHN69B,,the named item no longer names two live corpus pages; an earlier identity pass already merged or dropped them,"{""keys"": [""K1:7DP3NTV15T"", ""K1:40S1VHN69B""], ""origin"": ""slug-collision:bleomycin""}"
K1:41728CY7UX,K1:JQ69D454N1,a merge chain would join two pages that an exception class keeps separate; the whole chain is held for the second opinion,"{""component"": [""K1:41728CY7UX"", ""K1:7UP781YBR6"", ""K1:DJJ95FJP1H"", ""K1:JQ69D454N1"", ""K1:K91YT16P5M"", ""K1:O414PZ4LPZ"", ""K1:TW371I5GLO"", ""K1:WIQ1H85SYP""]}"
K1:42255P5X4D,K1:V561V90BG2,"an FDA salt/solvate relationship links the pages, but the child page is not a salt form of the parent by structure or by name, so §3.1 does not license a merge","{""a"": ""POTASSIUM PERCHLORATE"", ""b"": ""Perchloric Acid"", ""inchikey_child"": ""YLMGFJXSLBMXHK-UHFFFAOYSA-M"", ""inchikey_parent"": ""VLTRZXGMWDSKGL-UHFFFAOYSA-N"", ""name_child"": ""potassium perchlorate"", ""name_parent"": ""perchloric acid"", ""origin"": ""suspected-nominal:perchlorate"", ""relationship"": ""target_is_parent""}"
K1:433OSF3U8A,K1:G7W43U4YTF,the evidence links the two pages but no rule in the spec's order decides them,"{""a"": ""Chaste Tree Fruit"", ""b"": ""Chaste Tree Fruit Oil"", ""gsrs_relationship"": null, ""inchikey_a"": null, ""inchikey_b"": null, ""name_a"": ""chaste tree fruit"", ""name_b"": ""chaste tree fruit oil"", ""origin"": ""suspected-nominal:chaste tree fruit"", ""unii_a"": ""433OSF3U8A"", ""unii_b"": ""G7W43U4YTF""}"
K1:434C3EI07T,HOLD:existing:anhydrous-citric-acid,"an FDA salt/solvate relationship links the pages, but the child page is not a salt form of the parent by structure or by name, so §3.1 does not license a merge","{""a"": ""Anhydrous Citric Acid"", ""b"": ""FERRIC SODIUM CITRATE"", ""inchikey_child"": ""XJDIIQYURGDWCL-UHFFFAOYSA-K"", ""inchikey_parent"": ""KRKNYBCHXYNGOX-UHFFFAOYSA-N"", ""name_child"": ""ferric"", ""name_parent"": ""anhydrous citric acid"", ""origin"": ""gsrs:target_is_salt"", ""relationship"": ""target_is_salt""}"
K1:434C3EI07T,K1:XF417D3PSL,"an FDA salt/solvate relationship links the pages, but the child page is not a salt form of the parent by structure or by name, so §3.1 does not license a merge","{""a"": ""FERRIC SODIUM CITRATE"", ""b"": ""Anhydrous Citric Acid"", ""inchikey_child"": ""XJDIIQYURGDWCL-UHFFFAOYSA-K"", ""inchikey_parent"": ""KRKNYBCHXYNGOX-UHFFFAOYSA-N"", ""name_child"": ""ferric"", ""name_parent"": ""anhydrous citric acid"", ""origin"": ""gsrs:target_is_salt"", ""relationship"": ""target_is_parent""}"
K1:45XWE1Z69V,K1:8BK6YA62H6,the evidence links the two pages but no rule in the spec's order decides them,"{""a"": ""Alpha-Carotene"", ""b"": "".BETA.-CAROTENE, (13Z)-"", ""gsrs_relationship"": null, ""inchikey_a"": ""ANVAOWXLWRTKGA-NTXLUARGSA-N"", ""inchikey_b"": ""OENHQHLEOONYIE-MZMZTKINSA-N"", ""name_a"": ""alpha carotene"", ""name_b"": ""beta carotene 13z"", ""origin"": ""suspected-nominal:carotene"", ""unii_a"": ""45XWE1Z69V"", ""unii_b"": ""8BK6YA62H6""}"
K1:471UZB51YK,K1:57U5YI11WP,the evidence links the two pages but no rule in the spec's order decides them,"{""a"": ""CHLORPHENESIN, (R)-"", ""b"": ""Chlorphenesin Carbamate"", ""gsrs_relationship"": null, ""inchikey_a"": ""MXOAEAUPQDYUQM-MRVPVSSYSA-N"", ""inchikey_b"": ""SKPLBLUECSEIFO-UHFFFAOYSA-N"", ""name_a"": ""chlorphenesin"", ""name_b"": ""chlorphenesin carbamate"", ""origin"": ""suspected-nominal:chlorphenesin"", ""unii_a"": ""471UZB51YK"", ""unii_b"": ""57U5YI11WP""}"
K1:4846Q921YM,K1:E934B3V59H,"an FDA salt/solvate relationship links the pages, but the child page is not a salt form of the parent by structure or by name, so §3.1 does not license a merge","{""a"": ""Gypsum"", ""b"": ""Calcium Sulfate Anhydrous"", ""inchikey_child"": ""PASHVRUKOFIRIK-UHFFFAOYSA-L"", ""inchikey_parent"": ""OSGAYBCDTDRGGQ-UHFFFAOYSA-L"", ""name_child"": ""gypsum"", ""name_parent"": ""calcium"", ""origin"": ""gsrs:target_is_parent"", ""relationship"": ""target_is_parent""}"
K1:48GD5780QF,K1:QDL83WN8C2,the evidence links the two pages but no rule in the spec's order decides them,"{""a"": ""Sepia Officinalis Whole"", ""b"": ""Sepia Officinalis Juice"", ""gsrs_relationship"": null, ""inchikey_a"": null, ""inchikey_b"": null, ""name_a"": ""sepia officinalis whole"", ""name_b"": ""sepia officinalis juice"", ""origin"": ""suspected-nominal:sepia officinalis"", ""unii_a"": ""48GD5780QF"", ""unii_b"": ""QDL83WN8C2""}"
K1:4GDQ854U53,K1:F7LG22FZCH,the evidence links the two pages but no rule in the spec's order decides them,"{""a"": ""Elvitegravir"", ""b"": ""Elvitegravir Acyl Glucuronide"", ""gsrs_relationship"": null, ""inchikey_a"": ""JUZYLCPPVHEVSV-LJQANCHMSA-N"", ""inchikey_b"": ""WPHAZPCTEVBKES-JEPPDLIRSA-N"", ""name_a"": ""elvitegravir"", ""name_b"": ""elvitegravir acyl glucuronide"", ""origin"": ""suspected-nominal:elvitegravir"", ""unii_a"": ""4GDQ854U53"", ""unii_b"": ""F7LG22FZCH""}"
K1:4J9FJ0HL51,K1:KH7I04HPUU,the evidence links the two pages but no rule in the spec's order decides them,"{""a"": ""Potassium Phosphate, Monobasic"", ""b"": ""Sodium Phosphate, Monobasic"", ""gsrs_relationship"": null, ""inchikey_a"": ""GNSKLFRGEWLPPA-UHFFFAOYSA-M"", ""inchikey_b"": ""AJPJDKMHJJGVTQ-UHFFFAOYSA-M"", ""name_a"": ""potassium phosphate monobasic"", ""name_b"": ""sodium phosphate monobasic"", ""origin"": ""suspected-nominal:monobasic"", ""unii_a"": ""4J9FJ0HL51"", ""unii_b"": ""KH7I04HPUU""}"
K1:4OI8D3YOH1,K1:55R0S6LC84,the evidence links the two pages but no rule in the spec's order decides them,"{""a"": ""Metasilicic Acid"", ""b"": ""Potassium Orthosilicate"", ""gsrs_relationship"": null, ""inchikey_a"": ""IJKVHSBPTUYDLN-UHFFFAOYSA-N"", ""inchikey_b"": ""RLQWHDODQVOVKU-UHFFFAOYSA-N"", ""name_a"": ""metasilicic acid"", ""name_b"": ""potassium orthosilicate"", ""origin"": ""suspected-nominal:silicate"", ""unii_a"": ""4OI8D3YOH1"", ""unii_b"": ""55R0S6LC84""}"
K1:4OI8D3YOH1,K1:S4255P4G5M,the evidence links the two pages but no rule in the spec's order decides them,"{""a"": ""Metasilicic Acid"", ""b"": ""Calcium Silicate"", ""gsrs_relationship"": null, ""inchikey_a"": ""IJKVHSBPTUYDLN-UHFFFAOYSA-N"", ""inchikey_b"": ""LECAAGVQUHQAJK-UHFFFAOYSA-N"", ""name_a"": ""metasilicic acid"", ""name_b"": ""calcium silicate"", ""origin"": ""suspected-nominal:silicate"", ""unii_a"": ""4OI8D3YOH1"", ""unii_b"": ""S4255P4G5M""}"
K1:4OI8D3YOH1,K1:T57XQ6TH2A,the evidence links the two pages but no rule in the spec's order decides them,"{""a"": ""Metasilicic Acid"", ""b"": ""Calcium Metasilicate"", ""gsrs_relationship"": null, ""inchikey_a"": ""IJKVHSBPTUYDLN-UHFFFAOYSA-N"", ""inchikey_b"": ""OYACROKNLOSFPA-UHFFFAOYSA-N"", ""name_a"": ""metasilicic acid"", ""name_b"": ""calcium metasilicate"", ""origin"": ""suspected-nominal:silicate"", ""unii_a"": ""4OI8D3YOH1"", ""unii_b"": ""T57XQ6TH2A""}"
K1:4PW41QCO2M,K1:X7B7P649WQ,the evidence links the two pages but no rule in the spec's order decides them,"{""a"": ""Boswellia Serrata"", ""b"": ""Boswellia Serrata Whole"", ""gsrs_relationship"": null, ""inchikey_a"": null, ""inchikey_b"": null, ""name_a"": ""boswellia serrata"", ""name_b"": ""boswellia serrata whole"", ""origin"": ""suspected-nominal:boswellia serrata"", ""unii_a"": ""4PW41QCO2M"", ""unii_b"": ""X7B7P649WQ""}"
K1:4QIH0N49E7,K1:7RRQ8QZ38N,"an FDA salt/solvate relationship links the pages, but the child page is not a salt form of the parent by structure or by name, so §3.1 does not license a merge","{""a"": ""Pyrantel"", ""b"": ""PAMOIC ACID"", ""inchikey_child"": ""YSAUAVHXTIETRK-AATRIKPKSA-N"", ""inchikey_parent"": ""WLJNZVDCPSBLRP-UHFFFAOYSA-N"", ""name_child"": ""pyrantel"", ""name_parent"": ""pamoic acid"", ""origin"": ""gsrs:target_is_parent"", ""relationship"": ""target_is_parent""}"
K1:4WG8U28833,K1:V1V998DC17,the evidence links the two pages but no rule in the spec's order decides them,"{""a"": ""Garlic Oil"", ""b"": ""Garlic"", ""gsrs_relationship"": null, ""inchikey_a"": null, ""inchikey_b"": null, ""name_a"": ""garlic oil"", ""name_b"": ""garlic"", ""origin"": ""suspected-nominal:garlic"", ""unii_a"": ""4WG8U28833"", ""unii_b"": ""V1V998DC17""}"
K1:50FKX8CB2Y,,the named item no longer names two live corpus pages; an earlier identity pass already merged or dropped them,"{""keys"": [""K1:WO0YM16LKG"", ""K1:50FKX8CB2Y""], ""origin"": ""suspected-nominal:patisiran""}"
K1:50FKX8CB2Y,,the named item no longer names two live corpus pages; an earlier identity pass already merged or dropped them,"{""keys"": [""K1:WO0YM16LKG"", ""K1:50FKX8CB2Y""], ""origin"": ""slug-collision:patisiran""}"
K1:511BQ884F7,K1:W4888I119H,the evidence links the two pages but no rule in the spec's order decides them,"{""a"": ""Piscidic Acid"", ""b"": ""TARTARIC ACID"", ""gsrs_relationship"": null, ""inchikey_a"": ""TUODPMGCCJSJRH-LDYMZIIASA-N"", ""inchikey_b"": ""FEWJPZIEWOKRBE-JCYAYHJZSA-N"", ""name_a"": ""piscidic acid"", ""name_b"": ""tartaric acid"", ""origin"": ""suspected-nominal:tartaric acid"", ""unii_a"": ""511BQ884F7"", ""unii_b"": ""W4888I119H""}"
K1:515610SU8C,K1:Y5432RGW8N,the evidence links the two pages but no rule in the spec's order decides them,"{""a"": ""Macadamia Nut Oil"", ""b"": ""Macadamia Nut"", ""gsrs_relationship"": null, ""inchikey_a"": null, ""inchikey_b"": null, ""name_a"": ""macadamia nut oil"", ""name_b"": ""macadamia nut"", ""origin"": ""suspected-nominal:macadamia nut"", ""unii_a"": ""515610SU8C"", ""unii_b"": ""Y5432RGW8N""}"
K1:540REY4Q17,K1:HIE492ZZ3T,the evidence links the two pages but no rule in the spec's order decides them,"{""a"": ""3-NITRO-4-AMINOPHENOXYETHANOL"", ""b"": ""PHENOXYETHANOL"", ""gsrs_relationship"": null, ""inchikey_a"": ""UTHUZYBSSBFPES-UHFFFAOYSA-N"", ""inchikey_b"": ""QCDWFXQBSFUVSP-UHFFFAOYSA-N"", ""name_a"": ""3 nitro 4 aminophenoxyethanol"", ""name_b"": ""phenoxyethanol"", ""origin"": ""suspected-nominal:phenoxyethanol"", ""unii_a"": ""540REY4Q17"", ""unii_b"": ""HIE492ZZ3T""}"
K1:55DGS3F5YG,K1:597E9BI3Z3,the evidence links the two pages but no rule in the spec's order decides them,"{""a"": ""Arctium Lappa Root Oil"", ""b"": ""Arctium Lappa Root"", ""gsrs_relationship"": null, ""inchikey_a"": null, ""inchikey_b"": null, ""name_a"": ""arctium lappa root oil"", ""name_b"": ""arctium lappa root"", ""origin"": ""suspected-nominal:arctium lappa root"", ""unii_a"": ""55DGS3F5YG"", ""unii_b"": ""597E9BI3Z3""}"
K1:578389D6D0,K1:K48IKT5321,the evidence links the two pages but no rule in the spec's order decides them,"{""a"": ""Clove Oil"", ""b"": ""Clove"", ""gsrs_relationship"": null, ""inchikey_a"": null, ""inchikey_b"": null, ""name_a"": ""clove oil"", ""name_b"": ""clove"", ""origin"": ""suspected-nominal:clove"", ""unii_a"": ""578389D6D0"", ""unii_b"": ""K48IKT5321""}"
K1:57U5YI11WP,K1:I670DAL4SZ,the evidence links the two pages but no rule in the spec's order decides them,"{""a"": ""Chlorphenesin Carbamate"", ""b"": ""Chlorphenesin"", ""gsrs_relationship"": null, ""inchikey_a"": ""SKPLBLUECSEIFO-UHFFFAOYSA-N"", ""inchikey_b"": ""MXOAEAUPQDYUQM-UHFFFAOYSA-N"", ""name_a"": ""chlorphenesin carbamate"", ""name_b"": ""chlorphenesin"", ""origin"": ""slug-collision:chlorphenesin-carbamate"", ""unii_a"": ""57U5YI11WP"", ""unii_b"": ""I670DAL4SZ""}"
K1:5811MI029U,K1:EBU0U94820,the evidence links the two pages but no rule in the spec's order decides them,"{""a"": ""Agrimonia Eupatoria Flower"", ""b"": ""Agrimonia Eupatoria"", ""gsrs_relationship"": null, ""inchikey_a"": null, ""inchikey_b"": null, ""name_a"": ""agrimonia eupatoria flower"", ""name_b"": ""agrimonia eupatoria"", ""origin"": ""slug-collision:agrimonia-eupatoria-flower"", ""unii_a"": ""5811MI029U"", ""unii_b"": ""EBU0U94820""}"
K1:58A14F2L60,K1:WWX61E1ZAK,the evidence links the two pages but no rule in the spec's order decides them,"{""a"": ""Sinapis Arvensis Whole"", ""b"": ""Rhamphospermum Arvense FLOWERING/FRUITING Top"", ""gsrs_relationship"": null, ""inchikey_a"": null, ""inchikey_b"": null, ""name_a"": ""sinapis arvensis whole"", ""name_b"": ""rhamphospermum arvense flowering fruiting top"", ""origin"": ""suspected-nominal:sinapis arvensis"", ""unii_a"": ""58A14F2L60"", ""unii_b"": ""WWX61E1ZAK""}"
K1:5BF646324K,K1:W4888I119H,"an FDA salt/solvate relationship links the pages, but the child page is not a salt form of the parent by structure or by name, so §3.1 does not license a merge","{""a"": ""Vinflunine"", ""b"": ""TARTARIC ACID"", ""inchikey_child"": ""NMDYYWFGPIMTKO-KLCPSUAYSA-N"", ""inchikey_parent"": ""FEWJPZIEWOKRBE-JCYAYHJZSA-N"", ""name_child"": ""vinflunine"", ""name_parent"": ""tartaric acid"", ""origin"": ""gsrs:target_is_parent"", ""relationship"": ""target_is_parent""}"
K1:5D3DB66WM3,K1:F5WR8N145C,the evidence links the two pages but no rule in the spec's order decides them,"{""a"": ""IODINE, Atomic"", ""b"": ""Sodium Iodide"", ""gsrs_relationship"": null, ""inchikey_a"": ""XMBWDFGMSWQBCA-UHFFFAOYSA-N"", ""inchikey_b"": ""FVAUCKIRQBBSSJ-UHFFFAOYSA-M"", ""name_a"": ""iodine atomic"", ""name_b"": ""sodium"", ""origin"": ""suspected-nominal:iodide"", ""unii_a"": ""5D3DB66WM3"", ""unii_b"": ""F5WR8N145C""}"
K1:5DQP25600A,K1:HV0Y51NC4J,"an FDA salt/solvate relationship links the pages, but the child page is not a salt form of the parent by structure or by name, so §3.1 does not license a merge","{""a"": ""SODIUM SELENATE"", ""b"": ""SELENIC ACID"", ""inchikey_child"": ""MHQOTKLEMKRJIR-UHFFFAOYSA-L"", ""inchikey_parent"": ""QYHFIVBSNOWOCQ-UHFFFAOYSA-N"", ""name_child"": ""sodium selenate"", ""name_parent"": ""selenic acid"", ""origin"": ""gsrs:target_is_parent"", ""relationship"": ""target_is_parent""}"
K1:5IE62321P4,K2:NDAYQJDHGXTBJL-MWWSRJDJSA-N,the two pages carry the same UNII but different connectivity skeletons; §2 holds a K1/K2 disagreement for a person,"{""a"": ""Gramicidin"", ""b"": ""GRAMICIDIN D"", ""inchikey_a"": ""ZWCXYZRRTRDGQE-SORVKSEFSA-N"", ""inchikey_b"": ""NDAYQJDHGXTBJL-MWWSRJDJSA-N"", ""origin"": ""unii:5IE62321P4"", ""unii"": ""5IE62321P4"", ""unii_source_a"": ""page-key"", ""unii_source_b"": ""page-field""}"
K1:5J49Q6B70F,K2:OGWKCGZFUXNPDA-XQKSVPLYSA-N,a merge chain would join two pages that an exception class keeps separate; the whole chain is held for the second opinion,"{""component"": [""HOLD:existing:vincristine"", ""K1:5J49Q6B70F"", ""K2:OGWKCGZFUXNPDA-XQKSVPLYSA-N""]}"
K1:5K96Y7WG8T,K1:YS6K3EU393,"an FDA salt/solvate relationship links the pages, but the child page is not a salt form of the parent by structure or by name, so §3.1 does not license a merge","{""a"": ""BISMUTH TRIBROMOPHENATE"", ""b"": ""2,4,6-TRIBROMOPHENOL"", ""inchikey_child"": ""SAOHCOFTVLEOCB-UHFFFAOYSA-K"", ""inchikey_parent"": ""BSWWXRFVMJHFBN-UHFFFAOYSA-N"", ""name_child"": ""bismuth tribromophenate"", ""name_parent"": ""2 4 6 tribromophenol"", ""origin"": ""gsrs:target_is_parent"", ""relationship"": ""target_is_parent""}"
K1:5Q9VVO3QCN,K4:manganese malate,"same normalised name; one page holds a structure and the other holds none, so no structural rule applies","{""a"": ""Manganese Iodide"", ""b"": ""Manganese Malate"", ""inchikey_a"": ""QWYFOIJABGVEFP-UHFFFAOYSA-L"", ""inchikey_b"": null, ""normalised"": ""manganese"", ""origin"": ""name:manganese"", ""unii_a"": ""5Q9VVO3QCN"", ""unii_b"": null}"
K1:5YDT22B64Y,K1:AB6MNQ6J6L,the evidence links the two pages but no rule in the spec's order decides them,"{""a"": ""4-METHYLBENZYLSUCCINIC Acid"", ""b"": ""Succinic Acid"", ""gsrs_relationship"": null, ""inchikey_a"": ""CBRJMHNWUUTCDW-UHFFFAOYSA-N"", ""inchikey_b"": ""KDYFGRWQOYBRFD-UHFFFAOYSA-N"", ""name_a"": ""4 methylbenzylsuccinic acid"", ""name_b"": ""succinic acid"", ""origin"": ""slug-collision:succinic-acid"", ""unii_a"": ""5YDT22B64Y"", ""unii_b"": ""AB6MNQ6J6L""}"
K1:5Z6E9K79YV,HOLD:existing:anhydrous-citric-acid,"an FDA salt/solvate relationship links the pages, but the child page is not a salt form of the parent by structure or by name, so §3.1 does not license a merge","{""a"": ""Anhydrous Citric Acid"", ""b"": ""Lithium Citrate"", ""inchikey_child"": ""HXGWMCJZLNWEBC-UHFFFAOYSA-K"", ""inchikey_parent"": ""KRKNYBCHXYNGOX-UHFFFAOYSA-N"", ""name_child"": ""lithium"", ""name_parent"": ""anhydrous citric acid"", ""origin"": ""gsrs:target_is_salt"", ""relationship"": ""target_is_salt""}"
K1:5Z6E9K79YV,K1:XF417D3PSL,"an FDA salt/solvate relationship links the pages, but the child page is not a salt form of the parent by structure or by name, so §3.1 does not license a merge","{""a"": ""Lithium Citrate"", ""b"": ""Anhydrous Citric Acid"", ""inchikey_child"": ""HXGWMCJZLNWEBC-UHFFFAOYSA-K"", ""inchikey_parent"": ""KRKNYBCHXYNGOX-UHFFFAOYSA-N"", ""name_child"": ""lithium"", ""name_parent"": ""anhydrous citric acid"", ""origin"": ""gsrs:target_is_parent"", ""relationship"": ""target_is_parent""}"
K1:5Z9SP3X666,,the named item no longer names two live corpus pages; an earlier identity pass already merged or dropped them,"{""keys"": [""K1:5Z9SP3X666"", ""K1:4CHB7QQU1Q""], ""origin"": ""suspected-nominal:nusinersen""}"
K1:5Z9SP3X666,,the named item no longer names two live corpus pages; an earlier identity pass already merged or dropped them,"{""keys"": [""K1:5Z9SP3X666"", ""K1:4CHB7QQU1Q""], ""origin"": ""slug-collision:nusinersen""}"
K1:62TEY51RR1,K1:O414PZ4LPZ,"an FDA salt/solvate relationship links the pages, but the child page is not a salt form of the parent by structure or by name, so §3.1 does not license a merge","{""a"": ""Bismuth Subsalicylate"", ""b"": ""Salicylic Acid"", ""inchikey_child"": ""ZREIPSZUJIFJNP-UHFFFAOYSA-K"", ""inchikey_parent"": ""YGSDEFSMJLZEOE-UHFFFAOYSA-N"", ""name_child"": ""bismuth"", ""name_parent"": ""salicylic acid"", ""origin"": ""gsrs:target_is_parent"", ""relationship"": ""target_is_parent""}"
K1:6326W0DRHY,K4:tetradecyl,the evidence links the two pages but no rule in the spec's order decides them,"{""a"": ""Tetradecyl Hydrogen Sulfate (ESTER)"", ""b"": ""Sodium Tetradecyl"", ""gsrs_relationship"": null, ""inchikey_a"": ""GROJOWHVXQYQGN-UHFFFAOYSA-N"", ""inchikey_b"": null, ""name_a"": ""tetradecyl hydrogen sulfate ester"", ""name_b"": ""sodium tetradecyl"", ""origin"": ""suspected-nominal:tetradecyl"", ""unii_a"": ""6326W0DRHY"", ""unii_b"": null}"
K1:63G354M39Z,HOLD:existing:anhydrous-citric-acid,"an FDA salt/solvate relationship links the pages, but the child page is not a salt form of the parent by structure or by name, so §3.1 does not license a merge","{""a"": ""Anhydrous Citric Acid"", ""b"": ""Ferric Citrate"", ""inchikey_child"": ""NPFOYSMITVOQOS-UHFFFAOYSA-K"", ""inchikey_parent"": ""KRKNYBCHXYNGOX-UHFFFAOYSA-N"", ""name_child"": ""ferric"", ""name_parent"": ""anhydrous citric acid"", ""origin"": ""gsrs:target_is_salt"", ""relationship"": ""target_is_salt""}"
K1:63G354M39Z,K1:Q91187K011,the evidence links the two pages but no rule in the spec's order decides them,"{""a"": ""Ferric Citrate"", ""b"": ""Tetraferric Tricitrate Decahydrate"", ""gsrs_relationship"": null, ""inchikey_a"": ""NPFOYSMITVOQOS-UHFFFAOYSA-K"", ""inchikey_b"": ""UISKQNNAQKPSDO-UHFFFAOYSA-E"", ""name_a"": ""ferric"", ""name_b"": ""tetraferric tricitrate decahydrate"", ""origin"": ""slug-collision:tetraferric-tricitrate-decahydrate"", ""unii_a"": ""63G354M39Z"", ""unii_b"": ""Q91187K011""}"
K1:63G354M39Z,K1:XF417D3PSL,"an FDA salt/solvate relationship links the pages, but the child page is not a salt form of the parent by structure or by name, so §3.1 does not license a merge","{""a"": ""Ferric Citrate"", ""b"": ""Anhydrous Citric Acid"", ""inchikey_child"": ""NPFOYSMITVOQOS-UHFFFAOYSA-K"", ""inchikey_parent"": ""KRKNYBCHXYNGOX-UHFFFAOYSA-N"", ""name_child"": ""ferric"", ""name_parent"": ""anhydrous citric acid"", ""origin"": ""gsrs:target_is_parent"", ""relationship"": ""target_is_parent""}"
K1:65R938S4DV,K1:R4R8J0Q44B,"an FDA salt/solvate relationship links the pages, but the child page is not a salt form of the parent by structure or by name, so §3.1 does not license a merge","{""a"": ""Lactobionic Acid"", ""b"": ""Gluconic Acid"", ""inchikey_child"": ""JYTUSYBCFIZPBE-AMTLMPIISA-N"", ""inchikey_parent"": ""RGHNJXZEOKUKBD-SQOUGZDYSA-N"", ""name_child"": ""lactobionic acid"", ""name_parent"": ""gluconic acid"", ""origin"": ""gsrs:target_is_parent"", ""relationship"": ""target_is_parent""}"
K1:67M901L9NQ,K1:3B8D35Y7S4,"an FDA salt/solvate relationship links the pages, but the child page is not a salt form of the parent by structure or by name, so §3.1 does not license a merge","{""a"": ""Lactic Acid, Dl"", ""b"": ""Ammonium Lactate"", ""inchikey_child"": ""RZOBLYBZQXQGFY-UHFFFAOYSA-N"", ""inchikey_parent"": ""JVTAAEKCZFNVCJ-UHFFFAOYSA-N"", ""name_child"": ""ammonium"", ""name_parent"": ""lactic acid"", ""origin"": ""gsrs:target_is_salt"", ""relationship"": ""target_is_salt""}"
K1:6B9991FLU3,K1:7RRQ8QZ38N,"an FDA salt/solvate relationship links the pages, but the child page is not a salt form of the parent by structure or by name, so §3.1 does not license a merge","{""a"": ""Pyrvinium"", ""b"": ""PAMOIC ACID"", ""inchikey_child"": ""QMHSXPLYMTVAMK-UHFFFAOYSA-N"", ""inchikey_parent"": ""WLJNZVDCPSBLRP-UHFFFAOYSA-N"", ""name_child"": ""pyrvinium"", ""name_parent"": ""pamoic acid"", ""origin"": ""gsrs:target_is_parent"", ""relationship"": ""target_is_parent""}"
K1:6EW75241VU,K1:PPP8783IQ1,the evidence links the two pages but no rule in the spec's order decides them,"{""a"": ""Technetium TC-99M"", ""b"": ""Technetium TC-99M Pertechnetate"", ""gsrs_relationship"": null, ""inchikey_a"": ""GKLVYJBZJHMRIY-OUBTZVSYSA-N"", ""inchikey_b"": ""UTQISYNNAQMRBN-RCUQKECRSA-M"", ""name_a"": ""technetium tc 99m"", ""name_b"": ""technetium tc 99m pertechnetate"", ""origin"": ""slug-collision:technetium-tc-99m-sodium-pertechnetate"", ""unii_a"": ""6EW75241VU"", ""unii_b"": ""PPP8783IQ1""}"
K1:6J43Y8MXF0,K4:pulsatilla,the evidence links the two pages but no rule in the spec's order decides them,"{""a"": ""Pulsatilla Alpina Whole"", ""b"": ""Pulsatilla"", ""gsrs_relationship"": null, ""inchikey_a"": null, ""inchikey_b"": null, ""name_a"": ""pulsatilla alpina whole"", ""name_b"": ""pulsatilla"", ""origin"": ""slug-collision:pulsatilla-alpina-whole"", ""unii_a"": ""6J43Y8MXF0"", ""unii_b"": null}"
K1:740T4C525W,K1:AZE05TDV2V,"an FDA salt/solvate relationship links the pages, but the child page is not a salt form of the parent by structure or by name, so §3.1 does not license a merge","{""a"": ""Sulfafurazole"", ""b"": ""Diolamine"", ""inchikey_child"": ""NHUHCSRWZMLRLA-UHFFFAOYSA-N"", ""inchikey_parent"": ""ZBCBWPMODOFKDW-UHFFFAOYSA-N"", ""name_child"": ""sulfafurazole"", ""name_parent"": ""diolamine"", ""origin"": ""gsrs:target_is_parent"", ""relationship"": ""target_is_parent""}"
K1:75G4TW236W,K1:6HG8UB2MUY,"an FDA salt/solvate relationship links the pages, but the child page is not a salt form of the parent by structure or by name, so §3.1 does not license a merge","{""a"": ""Meglumine"", ""b"": ""MEGLUMINE ANTIMONATE"", ""inchikey_child"": ""XOGYVDXPYVPAAQ-SESJOKTNSA-M"", ""inchikey_parent"": ""MBBZMMPHUWSWHV-BDVNFPICSA-N"", ""name_child"": ""meglumine antimonate"", ""name_parent"": ""meglumine"", ""origin"": ""gsrs:target_is_parent"", ""relationship"": ""target_is_salt""}"
K1:763YQN2K7K,K1:OJ245FE5EU,the evidence links the two pages but no rule in the spec's order decides them,"{""a"": ""Potassium Benzoate"", ""b"": ""Sodium Benzoate"", ""gsrs_relationship"": null, ""inchikey_a"": ""XAEFZNCEHLXOMS-UHFFFAOYSA-M"", ""inchikey_b"": ""WXMKPNITSTVMEF-UHFFFAOYSA-M"", ""name_a"": ""potassium"", ""name_b"": ""sodium"", ""origin"": ""suspected-nominal:benzoate"", ""unii_a"": ""763YQN2K7K"", ""unii_b"": ""OJ245FE5EU""}"
K1:781E2AXH0K,K1:R4R8J0Q44B,"an FDA salt/solvate relationship links the pages, but the child page is not a salt form of the parent by structure or by name, so §3.1 does not license a merge","{""a"": ""FERROUS GLUCONATE ANHYDROUS"", ""b"": ""Gluconic Acid"", ""inchikey_child"": ""VRIVJOXICYMTAG-IYEMJOQQSA-L"", ""inchikey_parent"": ""RGHNJXZEOKUKBD-SQOUGZDYSA-N"", ""name_child"": ""ferrous"", ""name_parent"": ""gluconic acid"", ""origin"": ""gsrs:target_is_salt"", ""relationship"": ""target_is_parent""}"
K1:7FT6QUT299,K1:ZVL325FU75,the evidence links the two pages but no rule in the spec's order decides them,"{""a"": ""Sodium Tetrachloroaurate"", ""b"": ""Potassium Tetrachloroaurate"", ""gsrs_relationship"": null, ""inchikey_a"": ""IXPWAPCEBHEFOV-UHFFFAOYSA-J"", ""inchikey_b"": ""JMONCQYBAMKVQQ-UHFFFAOYSA-J"", ""name_a"": ""sodium tetrachloroaurate"", ""name_b"": ""potassium tetrachloroaurate"", ""origin"": ""suspected-nominal:tetrachloroaurate"", ""unii_a"": ""7FT6QUT299"", ""unii_b"": ""ZVL325FU75""}"
K1:7G09WJ8QIR,K1:R4R8J0Q44B,"an FDA salt/solvate relationship links the pages, but the child page is not a salt form of the parent by structure or by name, so §3.1 does not license a merge","{""a"": ""Manganese Gluconate Anhydrous"", ""b"": ""Gluconic Acid"", ""inchikey_child"": ""OXHQNTSSPHKCPB-IYEMJOQQSA-L"", ""inchikey_parent"": ""RGHNJXZEOKUKBD-SQOUGZDYSA-N"", ""name_child"": ""manganese"", ""name_parent"": ""gluconic acid"", ""origin"": ""gsrs:target_is_salt"", ""relationship"": ""target_is_parent""}"
K1:7GBN705NH1,K1:O414PZ4LPZ,"an FDA salt/solvate relationship links the pages, but the child page is not a salt form of the parent by structure or by name, so §3.1 does not license a merge","{""a"": ""Imidazole"", ""b"": ""Salicylic Acid"", ""inchikey_child"": ""RAXXELZNTBOGNW-UHFFFAOYSA-N"", ""inchikey_parent"": ""YGSDEFSMJLZEOE-UHFFFAOYSA-N"", ""name_child"": ""imidazole"", ""name_parent"": ""salicylic acid"", ""origin"": ""gsrs:target_is_parent"", ""relationship"": ""target_is_parent""}"
K1:7NFE54O27T,K1:XF417D3PSL,"an FDA salt/solvate relationship links the pages, but the child page is not a salt form of the parent by structure or by name, so §3.1 does not license a merge","{""a"": ""Toremifene"", ""b"": ""Anhydrous Citric Acid"", ""inchikey_child"": ""XFCLJVABOIYOMF-QPLCGJKRSA-N"", ""inchikey_parent"": ""KRKNYBCHXYNGOX-UHFFFAOYSA-N"", ""name_child"": ""toremifene"", ""name_parent"": ""anhydrous citric acid"", ""origin"": ""gsrs:target_is_parent"", ""relationship"": ""target_is_parent""}"
K1:7NJ031HAX5,K1:W4888I119H,"an FDA salt/solvate relationship links the pages, but the child page is not a salt form of the parent by structure or by name, so §3.1 does not license a merge","{""a"": ""Morantel"", ""b"": ""TARTARIC ACID"", ""inchikey_child"": ""NVEPPWDVLBMNMB-SNAWJCMRSA-N"", ""inchikey_parent"": ""FEWJPZIEWOKRBE-JCYAYHJZSA-N"", ""name_child"": ""morantel"", ""name_parent"": ""tartaric acid"", ""origin"": ""gsrs:target_is_parent"", ""relationship"": ""target_is_parent""}"
K1:7QWA1RIO01,K1:8EF1Z1238F,the evidence links the two pages but no rule in the spec's order decides them,"{""a"": ""Alpha-Tocopherol"", ""b"": ""GAMMA-TOCOPHEROL"", ""gsrs_relationship"": null, ""inchikey_a"": ""GVJHHUAWPYXKBD-UHFFFAOYSA-N"", ""inchikey_b"": ""QUEDXNHFTDJVIY-DQCZWYHMSA-N"", ""name_a"": ""alpha tocopherol"", ""name_b"": ""gamma tocopherol"", ""origin"": ""suspected-nominal:tocopherol"", ""unii_a"": ""7QWA1RIO01"", ""unii_b"": ""8EF1Z1238F""}"
K1:7UQ7X4Y489,,the named item no longer names two live corpus pages; an earlier identity pass already merged or dropped them,"{""keys"": [""K1:7UQ7X4Y489"", ""K1:3S182ET3UA""], ""origin"": ""suspected-nominal:tinzaparin""}"
K1:7V9926378A,K1:J7IRE7H75D,the evidence links the two pages but no rule in the spec's order decides them,"{""a"": ""Indium IN-111 Satumomab Pendetide"", ""b"": ""Satumomab"", ""gsrs_relationship"": null, ""inchikey_a"": null, ""inchikey_b"": null, ""name_a"": ""indium in 111 satumomab pendetide"", ""name_b"": ""satumomab"", ""origin"": ""suspected-nominal:satumomab"", ""unii_a"": ""7V9926378A"", ""unii_b"": ""J7IRE7H75D""}"
K1:7W2581Z5L8,K1:J3TZF807X5,"an FDA salt/solvate relationship links the pages, but the child page is not a salt form of the parent by structure or by name, so §3.1 does not license a merge","{""a"": ""Samidorphan"", ""b"": ""Malic Acid"", ""inchikey_child"": ""RYIDHLJADOKWFM-MAODMQOUSA-N"", ""inchikey_parent"": ""BJEPYKJPYRNKOW-REOHCLBHSA-N"", ""name_child"": ""samidorphan"", ""name_parent"": ""malic acid"", ""origin"": ""gsrs:target_is_parent"", ""relationship"": ""target_is_parent""}"
K1:813396S1PC,K1:13S1S8SF37,"an FDA salt/solvate relationship links the pages, but the child page is not a salt form of the parent by structure or by name, so §3.1 does not license a merge","{""a"": ""Zinc Cation"", ""b"": ""Zinc Phosphide"", ""inchikey_child"": ""IGSZOEHCOKSBEI-UHFFFAOYSA-N"", ""inchikey_parent"": ""PTFCDOFLOPIGGS-UHFFFAOYSA-N"", ""name_child"": ""zinc phosphide"", ""name_parent"": ""zinc cation"", ""origin"": ""gsrs:target_is_parent"", ""relationship"": ""target_is_salt""}"
K1:818ZYK7N91,K1:AB6MNQ6J6L,"an FDA salt/solvate relationship links the pages, but the child page is not a salt form of the parent by structure or by name, so §3.1 does not license a merge","{""a"": ""FERROUS SUCCINATE"", ""b"": ""Succinic Acid"", ""inchikey_child"": ""MDXRFOWKIZPNTA-UHFFFAOYSA-L"", ""inchikey_parent"": ""KDYFGRWQOYBRFD-UHFFFAOYSA-N"", ""name_child"": ""ferrous"", ""name_parent"": ""succinic acid"", ""origin"": ""gsrs:target_is_salt"", ""relationship"": ""target_is_parent""}"
K1:86Q357L16B,K1:13S1S8SF37,"an FDA salt/solvate relationship links the pages, but the child page is not a salt form of the parent by structure or by name, so §3.1 does not license a merge","{""a"": ""Zinc Cation"", ""b"": ""Zinc Chloride"", ""inchikey_child"": ""JIAARYAFYJHUJI-UHFFFAOYSA-L"", ""inchikey_parent"": ""PTFCDOFLOPIGGS-UHFFFAOYSA-N"", ""name_child"": ""zinc"", ""name_parent"": ""zinc cation"", ""origin"": ""gsrs:target_is_parent"", ""relationship"": ""target_is_salt""}"
K1:86R1NVR0HW,,"two pages collide on a display name and nothing recorded for them - substance class, primary target, stereo descriptor, UNII or structure - tells one from the other","{""displayName"": ""POTASSIUM CITRATE ANHYDROUS"", ""normalised"": ""potassium""}"
K1:88JLS9ZM6C,K1:8BK6YA62H6,the evidence links the two pages but no rule in the spec's order decides them,"{""a"": ""Carotene"", ""b"": "".BETA.-CAROTENE, (13Z)-"", ""gsrs_relationship"": null, ""inchikey_a"": ""VJASLAGEYVTOGS-IQAIWTHGSA-N"", ""inchikey_b"": ""OENHQHLEOONYIE-MZMZTKINSA-N"", ""name_a"": ""carotene"", ""name_b"": ""beta carotene 13z"", ""origin"": ""suspected-nominal:carotene"", ""unii_a"": ""88JLS9ZM6C"", ""unii_b"": ""8BK6YA62H6""}"
K1:8BK6YA62H6,K1:DH369M0SOE,the evidence links the two pages but no rule in the spec's order decides them,"{""a"": "".BETA.-CAROTENE, (13Z)-"", ""b"": ""Gamma-Carotene"", ""gsrs_relationship"": null, ""inchikey_a"": ""OENHQHLEOONYIE-MZMZTKINSA-N"", ""inchikey_b"": ""HRQKOYFGHJYEFS-BXOLYSJBSA-N"", ""name_a"": ""beta carotene 13z"", ""name_b"": ""gamma carotene"", ""origin"": ""suspected-nominal:carotene"", ""unii_a"": ""8BK6YA62H6"", ""unii_b"": ""DH369M0SOE""}"
K1:8C3Z4148WZ,K1:C269C4G2ZQ,the evidence links the two pages but no rule in the spec's order decides them,"{""a"": ""Alginic Acid"", ""b"": ""SODIUM ALGINATE"", ""gsrs_relationship"": null, ""inchikey_a"": null, ""inchikey_b"": null, ""name_a"": ""alginic acid"", ""name_b"": ""sodium alginate"", ""origin"": ""suspected-nominal:alginate"", ""unii_a"": ""8C3Z4148WZ"", ""unii_b"": ""C269C4G2ZQ""}"
K1:8EKI9QEE2H,K1:F5WR8N145C,the evidence links the two pages but no rule in the spec's order decides them,"{""a"": ""Calcium Iodide"", ""b"": ""Sodium Iodide"", ""gsrs_relationship"": null, ""inchikey_a"": ""UNMYWSMUMWPJLR-UHFFFAOYSA-L"", ""inchikey_b"": ""FVAUCKIRQBBSSJ-UHFFFAOYSA-M"", ""name_a"": ""calcium"", ""name_b"": ""sodium"", ""origin"": ""suspected-nominal:iodide"", ""unii_a"": ""8EKI9QEE2H"", ""unii_b"": ""F5WR8N145C""}"
K1:8KIK8VI3TB,K1:91MBZ8H3QO,the evidence links the two pages but no rule in the spec's order decides them,"{""a"": ""Tetraboric Acid"", ""b"": ""Sodium Borate"", ""gsrs_relationship"": null, ""inchikey_a"": ""XDVOLDOITVSJGL-UHFFFAOYSA-N"", ""inchikey_b"": ""CDMADVZSLOHIFP-UHFFFAOYSA-N"", ""name_a"": ""tetraboric acid"", ""name_b"": ""sodium borate"", ""origin"": ""suspected-nominal:borate"", ""unii_a"": ""8KIK8VI3TB"", ""unii_b"": ""91MBZ8H3QO""}"
K1:8KK1UTR6IF,K1:K848JZ4886,the evidence links the two pages but no rule in the spec's order decides them,"{""a"": ""2-(((2R)-2-AMINO-2-CARBOXYETHYL)THIO)BUTANEDIOIC Acid 2-METHYL Ester"", ""b"": ""Cysteine"", ""gsrs_relationship"": null, ""inchikey_a"": ""MIUFXQAREUEISL-ROLXFIACSA-N"", ""inchikey_b"": ""XUJNEKJLAYXESH-REOHCLBHSA-N"", ""name_a"": ""2 2r 2 amino 2 carboxyethyl thio butanedioic acid 2 methyl ester"", ""name_b"": ""cysteine"", ""origin"": ""suspected-nominal:cysteine"", ""unii_a"": ""8KK1UTR6IF"", ""unii_b"": ""K848JZ4886""}"
K1:8LGU7VM393,K1:IJ67X351P9,the evidence links the two pages but no rule in the spec's order decides them,"{""a"": ""Rosemary Oil"", ""b"": ""Rosemary"", ""gsrs_relationship"": null, ""inchikey_a"": null, ""inchikey_b"": null, ""name_a"": ""rosemary oil"", ""name_b"": ""rosemary"", ""origin"": ""suspected-nominal:rosemary"", ""unii_a"": ""8LGU7VM393"", ""unii_b"": ""IJ67X351P9""}"
K1:8P20S56HZI,K1:8C3Z4148WZ,"an FDA salt/solvate relationship links the pages, but the child page is not a salt form of the parent by structure or by name, so §3.1 does not license a merge","{""a"": ""Alginic Acid"", ""b"": ""CALCIUM ALGINATE"", ""inchikey_child"": null, ""inchikey_parent"": null, ""name_child"": ""calcium alginate"", ""name_parent"": ""alginic acid"", ""origin"": ""suspected-nominal:alginate"", ""relationship"": ""target_is_salt""}"
K1:8Q759N78CX,K1:Y0C99N5TMZ,"an FDA salt/solvate relationship links the pages, but the child page is not a salt form of the parent by structure or by name, so §3.1 does not license a merge","{""a"": ""Chromic Sulfate Decahydrate"", ""b"": ""Chromic Sulfate"", ""inchikey_child"": ""DERXPFSZQYCOIC-UHFFFAOYSA-H"", ""inchikey_parent"": ""GRWVQDDAKZFPFI-UHFFFAOYSA-H"", ""name_child"": ""chromic sulfate decahydrate"", ""name_parent"": ""chromic"", ""origin"": ""gsrs:target_is_parent"", ""relationship"": ""target_is_parent""}"
K1:8UQ3W6JXAN,K1:0WT12SX38S,"an FDA salt/solvate relationship links the pages, but the child page is not a salt form of the parent by structure or by name, so §3.1 does not license a merge","{""a"": ""GLYCOLIC ACID"", ""b"": ""Nedaplatin"", ""inchikey_child"": ""GYAVMUDJCHAASE-UHFFFAOYSA-M"", ""inchikey_parent"": ""AEMRFAOFKBGASW-UHFFFAOYSA-N"", ""name_child"": ""nedaplatin"", ""name_parent"": ""glycolic acid"", ""origin"": ""gsrs:target_is_salt"", ""relationship"": ""target_is_salt""}"
K1:8V316C2371,K1:3B8D35Y7S4,"an FDA salt/solvate relationship links the pages, but the child page is not a salt form of the parent by structure or by name, so §3.1 does not license a merge","{""a"": ""Lactic Acid, Dl"", ""b"": ""Myralact"", ""inchikey_child"": ""ZUEIVCHBEQAIAL-UHFFFAOYSA-N"", ""inchikey_parent"": ""JVTAAEKCZFNVCJ-UHFFFAOYSA-N"", ""name_child"": ""myralact"", ""name_parent"": ""lactic acid"", ""origin"": ""gsrs:target_is_salt"", ""relationship"": ""target_is_salt""}"
K1:8W8T17847W,K1:H3LE856W64,the evidence links the two pages but no rule in the spec's order decides them,"{""a"": ""Urea"", ""b"": ""(2,4-DIMETHYLPENTAN-3-YLIDENEAMINO)UREA"", ""gsrs_relationship"": null, ""inchikey_a"": ""XSQUKJJJFZCRTK-UHFFFAOYSA-N"", ""inchikey_b"": ""FGPZLEIOVJZZCD-UHFFFAOYSA-N"", ""name_a"": ""urea"", ""name_b"": ""2 4 dimethylpentan 3 ylideneamino urea"", ""origin"": ""slug-collision:urea"", ""unii_a"": ""8W8T17847W"", ""unii_b"": ""H3LE856W64""}"
K1:9078K3MO9U,K1:4QD397987E,"an FDA salt/solvate relationship links the pages, but the child page is not a salt form of the parent by structure or by name, so §3.1 does not license a merge","{""a"": ""Histidine"", ""b"": ""COPPER HISTIDINE"", ""inchikey_child"": ""UUYDYUZBCIHUFZ-MDTVQASCSA-L"", ""inchikey_parent"": ""HNDVDQJCIGZPNO-YFKPBYRVSA-N"", ""name_child"": ""copper histidine"", ""name_parent"": ""histidine"", ""origin"": ""gsrs:target_is_salt"", ""relationship"": ""target_is_salt""}"
K1:9266D9P3PQ,K1:D5NNC1X8FP,the evidence links the two pages but no rule in the spec's order decides them,"{""a"": ""Bendamustine"", ""b"": "".GAMMA.-HYDROXY Bendamustine"", ""gsrs_relationship"": null, ""inchikey_a"": ""YTKUWDBFDASYHO-UHFFFAOYSA-N"", ""inchikey_b"": ""GPYWLSZJZNELNN-UHFFFAOYSA-N"", ""name_a"": ""bendamustine"", ""name_b"": ""gamma hydroxy bendamustine"", ""origin"": ""suspected-nominal:bendamustine"", ""unii_a"": ""9266D9P3PQ"", ""unii_b"": ""D5NNC1X8FP""}"
K1:95QN29S1ID,K1:88XHZ13131,"an FDA salt/solvate relationship links the pages, but the child page is not a salt form of the parent by structure or by name, so §3.1 does not license a merge","{""a"": ""Fumaric Acid"", ""b"": ""Clemastine"", ""inchikey_child"": ""YNNUSGIPVFPVBX-NHCUHLMSSA-N"", ""inchikey_parent"": ""VZCYOOQTPOCHFL-OWOJBTEDSA-N"", ""name_child"": ""clemastine"", ""name_parent"": ""fumaric acid"", ""origin"": ""gsrs:target_is_parent"", ""relationship"": ""target_is_salt""}"
K1:96P72VE680,K1:9E7R5L6H31,"an FDA salt/solvate relationship links the pages, but the child page is not a salt form of the parent by structure or by name, so §3.1 does not license a merge","{""a"": ""CERIUM OXALATE"", ""b"": ""Oxalic Acid"", ""inchikey_child"": ""ZMZNLKYXLARXFY-UHFFFAOYSA-H"", ""inchikey_parent"": ""MUBZPKHOEPUJKR-UHFFFAOYSA-N"", ""name_child"": ""cerium"", ""name_parent"": ""oxalic acid"", ""origin"": ""gsrs:target_is_parent"", ""relationship"": ""target_is_parent""}"
K1:97F4MTY3VA,K1:V561V90BG2,the evidence links the two pages but no rule in the spec's order decides them,"{""a"": ""SODIUM PERCHLORATE"", ""b"": ""Perchloric Acid"", ""gsrs_relationship"": null, ""inchikey_a"": ""BAZAXWOYCMUHIX-UHFFFAOYSA-M"", ""inchikey_b"": ""VLTRZXGMWDSKGL-UHFFFAOYSA-N"", ""name_a"": ""sodium perchlorate"", ""name_b"": ""perchloric acid"", ""origin"": ""suspected-nominal:perchlorate"", ""unii_a"": ""97F4MTY3VA"", ""unii_b"": ""V561V90BG2""}"
K1:97Z1WI3NDX,K1:B7862WZ632,the evidence links the two pages but no rule in the spec's order decides them,"{""a"": ""Calcium Phosphate, Unspecified Form"", ""b"": ""Potassium Phosphate, Unspecified Form"", ""gsrs_relationship"": null, ""inchikey_a"": ""QORWJWZARLRLPR-UHFFFAOYSA-H"", ""inchikey_b"": ""GNSKLFRGEWLPPA-UHFFFAOYSA-M"", ""name_a"": ""calcium phosphate unspecified form"", ""name_b"": ""potassium phosphate unspecified form"", ""origin"": ""suspected-nominal:unspecified form"", ""unii_a"": ""97Z1WI3NDX"", ""unii_b"": ""B7862WZ632""}"
K1:9B44647H2S,K1:Y41JS2NL6U,the evidence links the two pages but no rule in the spec's order decides them,"{""a"": ""O-(DESISOPROPYL) Bisoprolol Acid"", ""b"": ""Bisoprolol"", ""gsrs_relationship"": null, ""inchikey_a"": ""ZEAYEMJBEYLWSQ-UHFFFAOYSA-N"", ""inchikey_b"": ""VHYCDWMUTMEGQY-UHFFFAOYSA-N"", ""name_a"": ""o desisopropyl bisoprolol acid"", ""name_b"": ""bisoprolol"", ""origin"": ""suspected-nominal:bisoprolol"", ""unii_a"": ""9B44647H2S"", ""unii_b"": ""Y41JS2NL6U""}"
K1:9G0JE54296,K4:cedrus libani,the evidence links the two pages but no rule in the spec's order decides them,"{""a"": ""Cedrus Libani Whole"", ""b"": ""Cedrus Libani"", ""gsrs_relationship"": null, ""inchikey_a"": null, ""inchikey_b"": null, ""name_a"": ""cedrus libani whole"", ""name_b"": ""cedrus libani"", ""origin"": ""suspected-nominal:cedrus libani"", ""unii_a"": ""9G0JE54296"", ""unii_b"": null}"
K1:9HDT03PZ0N,K4:vitex agnus castus,the evidence links the two pages but no rule in the spec's order decides them,"{""a"": ""Vitex Agnus-Castus Whole"", ""b"": ""Vitex Agnus-Castus"", ""gsrs_relationship"": null, ""inchikey_a"": null, ""inchikey_b"": null, ""name_a"": ""vitex agnus castus whole"", ""name_b"": ""vitex agnus castus"", ""origin"": ""suspected-nominal:vitex agnus castus"", ""unii_a"": ""9HDT03PZ0N"", ""unii_b"": null}"
K1:9J1H7Y9OJV,K1:88XHZ13131,"an FDA salt/solvate relationship links the pages, but the child page is not a salt form of the parent by structure or by name, so §3.1 does not license a merge","{""a"": ""Fumaric Acid"", ""b"": ""Emedastine"", ""inchikey_child"": ""KBUZBQVCBVDWKX-UHFFFAOYSA-N"", ""inchikey_parent"": ""VZCYOOQTPOCHFL-OWOJBTEDSA-N"", ""name_child"": ""emedastine"", ""name_parent"": ""fumaric acid"", ""origin"": ""gsrs:target_is_parent"", ""relationship"": ""target_is_salt""}"
K1:9K730EL8KU,K1:F0Z746KRKQ,the evidence links the two pages but no rule in the spec's order decides them,"{""a"": ""RUBIDIUM RB-82"", ""b"": ""Rubidium Chloride Rb-82"", ""gsrs_relationship"": null, ""inchikey_a"": ""IGLNJRXAVVLDKE-OIOBTWANSA-N"", ""inchikey_b"": ""FGDZQCVHDSGLHJ-RYDPDVNUSA-M"", ""name_a"": ""rubidium rb 82"", ""name_b"": ""rubidium chloride rb 82"", ""origin"": ""slug-collision:rubidium-chloride-rb-82"", ""unii_a"": ""9K730EL8KU"", ""unii_b"": ""F0Z746KRKQ""}"
K1:9L5JEP7MES,K4:panax ginseng,the evidence links the two pages but no rule in the spec's order decides them,"{""a"": ""Panax Ginseng Whole"", ""b"": ""Panax Ginseng"", ""gsrs_relationship"": null, ""inchikey_a"": null, ""inchikey_b"": null, ""name_a"": ""panax ginseng whole"", ""name_b"": ""panax ginseng"", ""origin"": ""suspected-nominal:panax ginseng"", ""unii_a"": ""9L5JEP7MES"", ""unii_b"": null}"
K1:9NS3M2Y78S,K1:CZD6M4PY4B,the evidence links the two pages but no rule in the spec's order decides them,"{""a"": ""Ornithogalum Umbellatum"", ""b"": ""Ornithogalum Umbellatum Flowering Top"", ""gsrs_relationship"": null, ""inchikey_a"": null, ""inchikey_b"": null, ""name_a"": ""ornithogalum umbellatum"", ""name_b"": ""ornithogalum umbellatum flowering top"", ""origin"": ""slug-collision:ornithogalum-umbellatum-flowering-top"", ""unii_a"": ""9NS3M2Y78S"", ""unii_b"": ""CZD6M4PY4B""}"
K1:9RES347CKG,K4:lavandin,the evidence links the two pages but no rule in the spec's order decides them,"{""a"": ""Lavandin Oil"", ""b"": ""Lavandin"", ""gsrs_relationship"": null, ""inchikey_a"": null, ""inchikey_b"": null, ""name_a"": ""lavandin oil"", ""name_b"": ""lavandin"", ""origin"": ""suspected-nominal:lavandin"", ""unii_a"": ""9RES347CKG"", ""unii_b"": null}"
K1:9U1VM840SP,K1:O414PZ4LPZ,"an FDA salt/solvate relationship links the pages, but the child page is not a salt form of the parent by structure or by name, so §3.1 does not license a merge","{""a"": ""Physostigmine"", ""b"": ""Salicylic Acid"", ""inchikey_child"": ""PIJVFDBKTWXHHD-HIFRSBDPSA-N"", ""inchikey_parent"": ""YGSDEFSMJLZEOE-UHFFFAOYSA-N"", ""name_child"": ""physostigmine"", ""name_parent"": ""salicylic acid"", ""origin"": ""gsrs:target_is_parent"", ""relationship"": ""target_is_parent""}"
K1:9U7D5QH5AE,K1:9XH2P2N8EP,the evidence links the two pages but no rule in the spec's order decides them,"{""a"": ""Lactulose"", ""b"": "".ALPHA.-LACTULOSE"", ""gsrs_relationship"": null, ""inchikey_a"": ""PFCRQPBOOFTZGQ-VZXVHDRGSA-N"", ""inchikey_b"": ""JCQLYHFGKNRPGE-FCVZTGTOSA-N"", ""name_a"": ""lactulose"", ""name_b"": ""alpha lactulose"", ""origin"": ""suspected-nominal:lactulose"", ""unii_a"": ""9U7D5QH5AE"", ""unii_b"": ""9XH2P2N8EP""}"
K1:9W34L2CQ9A,K1:K20Y81ACO3,the evidence links the two pages but no rule in the spec's order decides them,"{""a"": ""Ambrosia Artemisiifolia"", ""b"": ""Ambrosia Artemisiifolia Pollen"", ""gsrs_relationship"": null, ""inchikey_a"": null, ""inchikey_b"": null, ""name_a"": ""ambrosia artemisiifolia"", ""name_b"": ""ambrosia artemisiifolia pollen"", ""origin"": ""slug-collision:ambrosia-artemisiifolia-pollen"", ""unii_a"": ""9W34L2CQ9A"", ""unii_b"": ""K20Y81ACO3""}"
K1:A0730CX801,K1:PPP8783IQ1,"an FDA salt/solvate relationship links the pages, but the child page is not a salt form of the parent by structure or by name, so §3.1 does not license a merge","{""a"": ""Technetium Tc-99m Sodium Pertechnetate Generator"", ""b"": ""Technetium TC-99M Pertechnetate"", ""inchikey_child"": ""MKADDTFVKFMZGF-PUQAOBSFSA-N"", ""inchikey_parent"": ""UTQISYNNAQMRBN-RCUQKECRSA-M"", ""name_child"": ""technetium tc 99m sodium pertechnetate generator"", ""name_parent"": ""technetium tc 99m pertechnetate"", ""origin"": ""gsrs:target_is_parent"", ""relationship"": ""target_is_parent""}"
K1:A4028U842W,K1:D60E3WIF5Y,the evidence links the two pages but no rule in the spec's order decides them,"{""a"": ""Fibrinolysin"", ""b"": ""Fibrinolysin (human)"", ""gsrs_relationship"": null, ""inchikey_a"": null, ""inchikey_b"": null, ""name_a"": ""fibrinolysin"", ""name_b"": ""fibrinolysin human"", ""origin"": ""suspected-nominal:fibrinolysin"", ""unii_a"": ""A4028U842W"", ""unii_b"": ""D60E3WIF5Y""}"
K1:AB2MK88Y6D,K1:K72T3FS567,the evidence links the two pages but no rule in the spec's order decides them,"{""a"": ""PIA, (S)-"", ""b"": ""ADENOSINE"", ""gsrs_relationship"": null, ""inchikey_a"": ""RIRGCFBBHQEQQH-KFAHYOAQSA-N"", ""inchikey_b"": ""OIRDTQYFTABQOQ-KQYNXXCUSA-N"", ""name_a"": ""pia"", ""name_b"": ""adenosine"", ""origin"": ""slug-collision:adenosine"", ""unii_a"": ""AB2MK88Y6D"", ""unii_b"": ""K72T3FS567""}"
K1:AQ86ZJ9U98,K4:chromic,"same normalised name; one page holds a structure and the other holds none, so no structural rule applies","{""a"": ""Chromic Phosphate"", ""b"": ""Chromic"", ""inchikey_a"": ""IKZBVTPSNGOVRJ-UHFFFAOYSA-K"", ""inchikey_b"": null, ""normalised"": ""chromic"", ""origin"": ""suspected-nominal:chromic"", ""unii_a"": ""AQ86ZJ9U98"", ""unii_b"": null}"
K1:B22547B95K,K1:XF417D3PSL,a merge chain would join two pages that an exception class keeps separate; the whole chain is held for the second opinion,"{""component"": [""HOLD:existing:anhydrous-citric-acid"", ""HOLD:existing:potassium-citrate"", ""K1:86R1NVR0HW"", ""K1:B22547B95K"", ""K1:EE90ONI6FF"", ""K1:RS7A450LGA"", ""K1:TRI2520XBJ"", ""K1:XF417D3PSL"", ""K1:ZZG3847S6Y""]}"
K1:B7862WZ632,K1:RS7A450LGA,the evidence links the two pages but no rule in the spec's order decides them,"{""a"": ""Potassium Phosphate, Unspecified Form"", ""b"": ""Anhydrous Trisodium Citrate"", ""gsrs_relationship"": null, ""inchikey_a"": ""GNSKLFRGEWLPPA-UHFFFAOYSA-M"", ""inchikey_b"": ""HRXKRNGNAMMEHJ-UHFFFAOYSA-K"", ""name_a"": ""potassium phosphate unspecified form"", ""name_b"": ""anhydrous"", ""origin"": ""suspected-nominal:unspecified form"", ""unii_a"": ""B7862WZ632"", ""unii_b"": ""RS7A450LGA""}"
K1:BGL0JSY5SI,K1:88XHZ13131,"an FDA salt/solvate relationship links the pages, but the child page is not a salt form of the parent by structure or by name, so §3.1 does not license a merge","{""a"": ""Fumaric Acid"", ""b"": ""Quetiapine"", ""inchikey_child"": ""URKOMYMAXPYINW-UHFFFAOYSA-N"", ""inchikey_parent"": ""VZCYOOQTPOCHFL-OWOJBTEDSA-N"", ""name_child"": ""quetiapine"", ""name_parent"": ""fumaric acid"", ""origin"": ""gsrs:target_is_parent"", ""relationship"": ""target_is_salt""}"
K1:BI6GY4U9CW,,the named item no longer names two live corpus pages; an earlier identity pass already merged or dropped them,"{""keys"": [""K1:5004UU3156"", ""K1:BI6GY4U9CW""], ""origin"": ""suspected-nominal:danaparoid""}"
K1:BI6GY4U9CW,,the named item no longer names two live corpus pages; an earlier identity pass already merged or dropped them,"{""keys"": [""K1:BI6GY4U9CW"", ""K1:5004UU3156""], ""origin"": ""slug-collision:danaparoid""}"
K1:BO9LE4QFZF,K1:X4PT8NAI8E,the evidence links the two pages but no rule in the spec's order decides them,"{""a"": ""Stavudine"", ""b"": ""Stavudine Glucuronide"", ""gsrs_relationship"": null, ""inchikey_a"": ""XNKLLVCARDGLGL-JGVFFNPUSA-N"", ""inchikey_b"": ""OMYGFARMZNCWPN-VPAGTZFPSA-N"", ""name_a"": ""stavudine"", ""name_b"": ""stavudine glucuronide"", ""origin"": ""suspected-nominal:stavudine"", ""unii_a"": ""BO9LE4QFZF"", ""unii_b"": ""X4PT8NAI8E""}"
K1:C02T02993U,K1:YGR27ZW0Y7,"an FDA salt/solvate relationship links the pages, but the child page is not a salt form of the parent by structure or by name, so §3.1 does not license a merge","{""a"": ""Sodium Sulfide Nonahydrate"", ""b"": ""SODIUM SULFIDE"", ""inchikey_child"": ""ZGHLCBJZQLNUAZ-UHFFFAOYSA-N"", ""inchikey_parent"": ""GRVFOGOEDUUMBP-UHFFFAOYSA-N"", ""name_child"": ""sodium sulfide nonahydrate"", ""name_parent"": ""sodium sulfide"", ""origin"": ""gsrs:target_is_salt"", ""relationship"": ""target_is_parent""}"
K1:C21158IIRK,K1:GW89581OWR,"an FDA salt/solvate relationship links the pages, but the child page is not a salt form of the parent by structure or by name, so §3.1 does not license a merge","{""a"": ""Hekla Lava"", ""b"": ""Ferrous Cation"", ""inchikey_child"": ""MIRGDKCDFSLACA-UHFFFAOYSA-N"", ""inchikey_parent"": ""CWYNVVGOOAEACU-UHFFFAOYSA-N"", ""name_child"": ""hekla lava"", ""name_parent"": ""ferrous cation"", ""origin"": ""gsrs:target_is_parent"", ""relationship"": ""target_is_parent""}"
K1:C2J9B08Q3I,K1:W2FH8O2BBE,the evidence links the two pages but no rule in the spec's order decides them,"{""a"": ""CARAWAY OIL"", ""b"": ""Caraway"", ""gsrs_relationship"": null, ""inchikey_a"": null, ""inchikey_b"": null, ""name_a"": ""caraway oil"", ""name_b"": ""caraway"", ""origin"": ""suspected-nominal:caraway"", ""unii_a"": ""C2J9B08Q3I"", ""unii_b"": ""W2FH8O2BBE""}"
K1:C5H0QJ6V7F,K1:XJ6RUH0O4G,the evidence links the two pages but no rule in the spec's order decides them,"{""a"": ""Turpentine Oil"", ""b"": ""Turpentine"", ""gsrs_relationship"": null, ""inchikey_a"": null, ""inchikey_b"": null, ""name_a"": ""turpentine oil"", ""name_b"": ""turpentine"", ""origin"": ""suspected-nominal:turpentine"", ""unii_a"": ""C5H0QJ6V7F"", ""unii_b"": ""XJ6RUH0O4G""}"
K1:CC9149U2QX,K1:R4R8J0Q44B,"an FDA salt/solvate relationship links the pages, but the child page is not a salt form of the parent by structure or by name, so §3.1 does not license a merge","{""a"": ""SODIUM FERRIC GLUCONATE COMPLEX"", ""b"": ""Gluconic Acid"", ""inchikey_child"": ""MQBDAEHWGRMADS-XNHLMZCASA-M"", ""inchikey_parent"": ""RGHNJXZEOKUKBD-SQOUGZDYSA-N"", ""name_child"": ""sodium ferric gluconate complex"", ""name_parent"": ""gluconic acid"", ""origin"": ""gsrs:target_is_salt"", ""relationship"": ""target_is_parent""}"
K1:CLH5FT6412,K1:91O4LML611,"an FDA salt/solvate relationship links the pages, but the child page is not a salt form of the parent by structure or by name, so §3.1 does not license a merge","{""a"": ""Ferric Cation"", ""b"": ""Ferumoxytol NON-STOICHIOMETRIC Magnetite"", ""inchikey_child"": ""WTFXARWRTYJXII-UHFFFAOYSA-N"", ""inchikey_parent"": ""VTLYFUHAOXGGBS-UHFFFAOYSA-N"", ""name_child"": ""ferumoxytol non stoichiometric magnetite"", ""name_parent"": ""ferric cation"", ""origin"": ""gsrs:target_is_parent"", ""relationship"": ""target_is_salt""}"
K1:CLH5FT6412,K1:GW89581OWR,"an FDA salt/solvate relationship links the pages, but the child page is not a salt form of the parent by structure or by name, so §3.1 does not license a merge","{""a"": ""Ferumoxytol NON-STOICHIOMETRIC Magnetite"", ""b"": ""Ferrous Cation"", ""inchikey_child"": ""WTFXARWRTYJXII-UHFFFAOYSA-N"", ""inchikey_parent"": ""CWYNVVGOOAEACU-UHFFFAOYSA-N"", ""name_child"": ""ferumoxytol non stoichiometric magnetite"", ""name_parent"": ""ferrous cation"", ""origin"": ""gsrs:target_is_parent"", ""relationship"": ""target_is_parent""}"
K1:CQ2F5O6YIY,K2:QCYLIQBVLZBPNK-WRRJDLEGSA-N,the evidence links the two pages but no rule in the spec's order decides them,"{""a"": ""Madecassoside"", ""b"": ""ASIATICOSIDE A"", ""gsrs_relationship"": null, ""inchikey_a"": ""BNMGUJRJUUDLHW-HCZMHFOYSA-N"", ""inchikey_b"": ""QCYLIQBVLZBPNK-WRRJDLEGSA-N"", ""name_a"": ""madecassoside"", ""name_b"": ""asiaticoside a"", ""origin"": ""unii:CQ2F5O6YIY"", ""unii_a"": ""CQ2F5O6YIY"", ""unii_b"": ""CQ2F5O6YIY""}"
K1:D888C394VO,K1:NVG71ZZ7P0,the evidence links the two pages but no rule in the spec's order decides them,"{""a"": ""Mcpa"", ""b"": ""Sodium Acetate Anhydrous"", ""gsrs_relationship"": null, ""inchikey_a"": ""WHKUVVPPKQRRBV-UHFFFAOYSA-N"", ""inchikey_b"": ""VMHLLURERBWHNL-UHFFFAOYSA-M"", ""name_a"": ""mcpa"", ""name_b"": ""sodium"", ""origin"": ""slug-collision:mcpa"", ""unii_a"": ""D888C394VO"", ""unii_b"": ""NVG71ZZ7P0""}"
K1:DL2R53P963,,the named item no longer names two live corpus pages; an earlier identity pass already merged or dropped them,"{""keys"": [""K1:XW0E5YS77G"", ""K1:DL2R53P963""], ""origin"": ""suspected-nominal:colistimethate""}"
K1:DSV74G1P2J,K1:WQZ3G9PF0H,the evidence links the two pages but no rule in the spec's order decides them,"{""a"": ""Atropa Belladonna Whole"", ""b"": ""Atropa Belladonna"", ""gsrs_relationship"": null, ""inchikey_a"": null, ""inchikey_b"": null, ""name_a"": ""atropa belladonna whole"", ""name_b"": ""atropa belladonna"", ""origin"": ""suspected-nominal:atropa belladonna"", ""unii_a"": ""DSV74G1P2J"", ""unii_b"": ""WQZ3G9PF0H""}"
K1:DY38VHM5OD,K1:712K4CDC10,"an FDA salt/solvate relationship links the pages, but the child page is not a salt form of the parent by structure or by name, so §3.1 does not license a merge","{""a"": ""Hypochlorous Acid"", ""b"": ""Sodium Hypochlorite"", ""inchikey_child"": ""SUKJFIGYRHOWBL-UHFFFAOYSA-N"", ""inchikey_parent"": ""QWPPOHNGKGFGJK-UHFFFAOYSA-N"", ""name_child"": ""sodium hypochlorite"", ""name_parent"": ""hypochlorous acid"", ""origin"": ""gsrs:target_is_parent"", ""relationship"": ""target_is_salt""}"
K1:E47C0NF7LV,,the named item no longer names two live corpus pages; an earlier identity pass already merged or dropped them,"{""keys"": [""K1:E47C0NF7LV"", ""K1:8NZ41MIK1O""], ""origin"": ""suspected-nominal:enoxaparin""}"
K1:E4T8TU3LE8,K1:Y0C99N5TMZ,"an FDA salt/solvate relationship links the pages, but the child page is not a salt form of the parent by structure or by name, so §3.1 does not license a merge","{""a"": ""Chromic Sulfate Pentadecahydrate"", ""b"": ""Chromic Sulfate"", ""inchikey_child"": ""BWSOELSKLHYQRA-UHFFFAOYSA-H"", ""inchikey_parent"": ""GRWVQDDAKZFPFI-UHFFFAOYSA-H"", ""name_child"": ""chromic sulfate pentadecahydrate"", ""name_parent"": ""chromic"", ""origin"": ""gsrs:target_is_salt"", ""relationship"": ""target_is_parent""}"
K1:E65RW73PHS,K1:5WBR90FN3H,"an FDA salt/solvate relationship links the pages, but the child page is not a salt form of the parent by structure or by name, so §3.1 does not license a merge","{""a"": ""Fosveset"", ""b"": ""Gadofosveset"", ""inchikey_child"": ""ZSDLYSDDELEVDD-UFTMZEDQSA-K"", ""inchikey_parent"": ""NZLPWFTXPYJYSS-AREMUKBSSA-N"", ""name_child"": ""gadofosveset"", ""name_parent"": ""fosveset"", ""origin"": ""gsrs:target_is_salt"", ""relationship"": ""target_is_salt""}"
K1:EDN2NBH5SS,K1:W4888I119H,"an FDA salt/solvate relationship links the pages, but the child page is not a salt form of the parent by structure or by name, so §3.1 does not license a merge","{""a"": ""Levosalbutamol"", ""b"": ""TARTARIC ACID"", ""inchikey_child"": ""NDAUXUAQIAJITI-LBPRGKRZSA-N"", ""inchikey_parent"": ""FEWJPZIEWOKRBE-JCYAYHJZSA-N"", ""name_child"": ""levosalbutamol"", ""name_parent"": ""tartaric acid"", ""origin"": ""gsrs:target_is_parent"", ""relationship"": ""target_is_parent""}"
K1:EE90ONI6FF,,"two pages collide on a display name and nothing recorded for them - substance class, primary target, stereo descriptor, UNII or structure - tells one from the other","{""displayName"": ""POTASSIUM CITRATE"", ""normalised"": ""potassium""}"
K1:EE92BBP03H,K1:J3TZF807X5,"an FDA salt/solvate relationship links the pages, but the child page is not a salt form of the parent by structure or by name, so §3.1 does not license a merge","{""a"": ""Diltiazem"", ""b"": ""Malic Acid"", ""inchikey_child"": ""HSUGRBWQSSZJOP-RTWAWAEBSA-N"", ""inchikey_parent"": ""BJEPYKJPYRNKOW-REOHCLBHSA-N"", ""name_child"": ""diltiazem"", ""name_parent"": ""malic acid"", ""origin"": ""gsrs:target_is_parent"", ""relationship"": ""target_is_parent""}"
K1:EEO29FZT86,,the named item no longer names two live corpus pages; an earlier identity pass already merged or dropped them,"{""keys"": [""K1:JQ72VD4XUL"", ""K1:EEO29FZT86""], ""origin"": ""suspected-nominal:padeliporfin""}"
K1:ER29L26N1X,K1:88XHZ13131,"an FDA salt/solvate relationship links the pages, but the child page is not a salt form of the parent by structure or by name, so §3.1 does not license a merge","{""a"": ""Fumaric Acid"", ""b"": ""Cobimetinib"", ""inchikey_child"": ""BSMCAPRUBJMWDF-KRWDZBQOSA-N"", ""inchikey_parent"": ""VZCYOOQTPOCHFL-OWOJBTEDSA-N"", ""name_child"": ""cobimetinib"", ""name_parent"": ""fumaric acid"", ""origin"": ""gsrs:target_is_parent"", ""relationship"": ""target_is_salt""}"
K1:EUT3557RT5,K2:SGEIEGAXKLMUIZ-XUVDNFPMSA-N,a merge chain would join two pages that an exception class keeps separate; the whole chain is held for the second opinion,"{""component"": [""HOLD:existing:arimoclomol"", ""K1:EUT3557RT5"", ""K2:SGEIEGAXKLMUIZ-XUVDNFPMSA-N""]}"
K1:F1T8QT9U8B,K1:UD4O8TY7RW,the evidence links the two pages but no rule in the spec's order decides them,"{""a"": ""Digitalis"", ""b"": ""Digitalis Purpurea Whole"", ""gsrs_relationship"": null, ""inchikey_a"": null, ""inchikey_b"": null, ""name_a"": ""digitalis"", ""name_b"": ""digitalis purpurea whole"", ""origin"": ""slug-collision:digitalis-purpurea-whole"", ""unii_a"": ""F1T8QT9U8B"", ""unii_b"": ""UD4O8TY7RW""}"
K1:F59P8B75R4,,the named item no longer names two live corpus pages; an earlier identity pass already merged or dropped them,"{""keys"": [""K1:914032762Y"", ""K1:F59P8B75R4""], ""origin"": ""suspected-nominal:pentosan polysulfate""}"
K1:F59P8B75R4,,the named item no longer names two live corpus pages; an earlier identity pass already merged or dropped them,"{""keys"": [""K1:F59P8B75R4"", ""K1:914032762Y""], ""origin"": ""slug-collision:pentosan-polysulfate""}"
K1:F5Y53150C8,K1:W4888I119H,"an FDA salt/solvate relationship links the pages, but the child page is not a salt form of the parent by structure or by name, so §3.1 does not license a merge","{""a"": ""Budiodarone"", ""b"": ""TARTARIC ACID"", ""inchikey_child"": ""ZXOSVKYCXLTVGS-KRWDZBQOSA-N"", ""inchikey_parent"": ""FEWJPZIEWOKRBE-JCYAYHJZSA-N"", ""name_child"": ""budiodarone"", ""name_parent"": ""tartaric acid"", ""origin"": ""gsrs:target_is_parent"", ""relationship"": ""target_is_parent""}"
K1:F79059A38U,K1:069647RPT5,"an FDA salt/solvate relationship links the pages, but the child page is not a salt form of the parent by structure or by name, so §3.1 does not license a merge","{""a"": ""Antimony Cation (3+)"", ""b"": ""Antimony Trisulfide"", ""inchikey_child"": ""NVWBARWTDVQPJD-UHFFFAOYSA-N"", ""inchikey_parent"": ""FAWGZAFXDJGWBB-UHFFFAOYSA-N"", ""name_child"": ""antimony trisulfide"", ""name_parent"": ""antimony cation 3"", ""origin"": ""gsrs:target_is_parent"", ""relationship"": ""target_is_salt""}"
K1:F8PO54Z4V7,K1:F9S9FFU82N,"an FDA salt/solvate relationship links the pages, but the child page is not a salt form of the parent by structure or by name, so §3.1 does not license a merge","{""a"": ""Squalamine"", ""b"": ""Lactic Acid"", ""inchikey_child"": ""UIRKNQLZZXALBI-MSVGPLKSSA-N"", ""inchikey_parent"": ""JVTAAEKCZFNVCJ-REOHCLBHSA-N"", ""name_child"": ""squalamine"", ""name_parent"": ""lactic acid"", ""origin"": ""gsrs:target_is_parent"", ""relationship"": ""target_is_parent""}"
K1:F8XAG1755S,K1:PB618V0K2W,the evidence links the two pages but no rule in the spec's order decides them,"{""a"": ""Borage Oil"", ""b"": ""Borage"", ""gsrs_relationship"": null, ""inchikey_a"": null, ""inchikey_b"": null, ""name_a"": ""borage oil"", ""name_b"": ""borage"", ""origin"": ""suspected-nominal:borage"", ""unii_a"": ""F8XAG1755S"", ""unii_b"": ""PB618V0K2W""}"
K1:F91H02EBWT,K1:W4888I119H,"an FDA salt/solvate relationship links the pages, but the child page is not a salt form of the parent by structure or by name, so §3.1 does not license a merge","{""a"": ""Arformoterol"", ""b"": ""TARTARIC ACID"", ""inchikey_child"": ""BPZSYCZIITTYBL-YJYMSZOUSA-N"", ""inchikey_parent"": ""FEWJPZIEWOKRBE-JCYAYHJZSA-N"", ""name_child"": ""arformoterol"", ""name_parent"": ""tartaric acid"", ""origin"": ""gsrs:target_is_parent"", ""relationship"": ""target_is_parent""}"
K1:FI8B4CLS9I,K1:G6W4F0V8Z3,the evidence links the two pages but no rule in the spec's order decides them,"{""a"": ""Datura Stramonium Whole"", ""b"": ""Datura Stramonium"", ""gsrs_relationship"": null, ""inchikey_a"": null, ""inchikey_b"": null, ""name_a"": ""datura stramonium whole"", ""name_b"": ""datura stramonium"", ""origin"": ""suspected-nominal:datura stramonium"", ""unii_a"": ""FI8B4CLS9I"", ""unii_b"": ""G6W4F0V8Z3""}"
K1:G23AP190YS,K1:W4888I119H,"an FDA salt/solvate relationship links the pages, but the child page is not a salt form of the parent by structure or by name, so §3.1 does not license a merge","{""a"": ""Afegostat"", ""b"": ""TARTARIC ACID"", ""inchikey_child"": ""QPYJXFZUIJOGNX-HSUXUTPPSA-N"", ""inchikey_parent"": ""FEWJPZIEWOKRBE-JCYAYHJZSA-N"", ""name_child"": ""afegostat"", ""name_parent"": ""tartaric acid"", ""origin"": ""gsrs:target_is_parent"", ""relationship"": ""target_is_parent""}"
K1:G43C57162K,K1:VIF565UC2G,the evidence links the two pages but no rule in the spec's order decides them,"{""a"": ""Melaleuca Alternifolia Leaf"", ""b"": ""Melaleuca Alternifolia Leaf Oil"", ""gsrs_relationship"": null, ""inchikey_a"": null, ""inchikey_b"": null, ""name_a"": ""melaleuca alternifolia leaf"", ""name_b"": ""melaleuca alternifolia leaf oil"", ""origin"": ""suspected-nominal:melaleuca alternifolia leaf"", ""unii_a"": ""G43C57162K"", ""unii_b"": ""VIF565UC2G""}"
K1:GB4I2JI8UI,,the named item no longer names two live corpus pages; an earlier identity pass already merged or dropped them,"{""keys"": [""K1:28O0WP6Z1P"", ""K1:GB4I2JI8UI""], ""origin"": ""suspected-nominal:vutrisiran""}"
K1:GB4I2JI8UI,,the named item no longer names two live corpus pages; an earlier identity pass already merged or dropped them,"{""keys"": [""K1:28O0WP6Z1P"", ""K1:GB4I2JI8UI""], ""origin"": ""slug-collision:vutrisiran""}"
K1:H5WVD9LZUD,K1:4E862E7GRQ,"an FDA salt/solvate relationship links the pages, but the child page is not a salt form of the parent by structure or by name, so §3.1 does not license a merge","{""a"": ""Pyrophosphoric Acid"", ""b"": ""SODIUM ACID PYROPHOSPHATE"", ""inchikey_child"": ""GYQBBRRVRKFJRG-UHFFFAOYSA-L"", ""inchikey_parent"": ""XPPKVPWEQAFLFU-UHFFFAOYSA-N"", ""name_child"": ""sodium acid pyrophosphate"", ""name_parent"": ""pyrophosphoric acid"", ""origin"": ""gsrs:target_is_parent"", ""relationship"": ""target_is_salt""}"
K1:H6CM4TWH1W,K1:IGO73S04D5,the evidence links the two pages but no rule in the spec's order decides them,"{""a"": ""Alpha-Pinene"", ""b"": ""Beta-Pinene"", ""gsrs_relationship"": null, ""inchikey_a"": ""GRWFGVWFFZKLTI-RKDXNWHRSA-N"", ""inchikey_b"": ""WTARULDDTDQWMU-RKDXNWHRSA-N"", ""name_a"": ""alpha pinene"", ""name_b"": ""beta pinene"", ""origin"": ""suspected-nominal:pinene"", ""unii_a"": ""H6CM4TWH1W"", ""unii_b"": ""IGO73S04D5""}"
K1:H7965X29HX,K4:cobaltous,"same normalised name; one page holds a structure and the other holds none, so no structural rule applies","{""a"": ""Cobaltous Sulfate"", ""b"": ""Cobaltous"", ""inchikey_a"": ""KTVIXTQDYHMGHF-UHFFFAOYSA-L"", ""inchikey_b"": null, ""normalised"": ""cobaltous"", ""origin"": ""suspected-nominal:cobaltous"", ""unii_a"": ""H7965X29HX"", ""unii_b"": null}"
K1:HF539G9L3Q,K1:XMK14ETW2D,the evidence links the two pages but no rule in the spec's order decides them,"{""a"": ""Magnesium PHOSPHATE, Dibasic Trihydrate"", ""b"": ""Magnesium Phosphate Anhydrous"", ""gsrs_relationship"": null, ""inchikey_a"": ""OKIWLDVQGKRUNR-UHFFFAOYSA-L"", ""inchikey_b"": ""GVALZJMUIHGIMD-UHFFFAOYSA-H"", ""name_a"": ""magnesium phosphate dibasic"", ""name_b"": ""magnesium"", ""origin"": ""slug-collision:magnesium-phosphate"", ""unii_a"": ""HF539G9L3Q"", ""unii_b"": ""XMK14ETW2D""}"
K1:HIW548RQ3W,K1:F6A27P4Q4R,"an FDA salt/solvate relationship links the pages, but the child page is not a salt form of the parent by structure or by name, so §3.1 does not license a merge","{""a"": ""Selenious Acid"", ""b"": ""SODIUM SELENITE"", ""inchikey_child"": ""BVTBRVFYZUCAKH-UHFFFAOYSA-L"", ""inchikey_parent"": ""MCAHWIHFGHIESP-UHFFFAOYSA-N"", ""name_child"": ""sodium selenite"", ""name_parent"": ""selenious acid"", ""origin"": ""suspected-nominal:selenite"", ""relationship"": ""target_is_salt""}"
K1:HS813P8QPX,,the named item no longer names two live corpus pages; an earlier identity pass already merged or dropped them,"{""keys"": [""K1:R3O80H60KX"", ""K1:HS813P8QPX""], ""origin"": ""suspected-nominal:bismuth subcitrate""}"
K1:HS813P8QPX,,the named item no longer names two live corpus pages; an earlier identity pass already merged or dropped them,"{""keys"": [""K1:HS813P8QPX"", ""K1:R3O80H60KX""], ""origin"": ""slug-collision:bismuth-subcitrate""}"
K1:HT0935F2JR,K4:mercurous,"same normalised name; one page holds a structure and the other holds none, so no structural rule applies","{""a"": ""Mercurous Iodide"", ""b"": ""Mercurous"", ""inchikey_a"": ""NDKKKEPYKOOXLG-UHFFFAOYSA-L"", ""inchikey_b"": null, ""normalised"": ""mercurous"", ""origin"": ""name:mercurous"", ""unii_a"": ""HT0935F2JR"", ""unii_b"": null}"
K1:I35H55G906,K1:3B8D35Y7S4,"an FDA salt/solvate relationship links the pages, but the child page is not a salt form of the parent by structure or by name, so §3.1 does not license a merge","{""a"": ""Lactic Acid, Dl"", ""b"": ""Dovitinib"", ""inchikey_child"": ""PIQCTGMSNWUMAF-UHFFFAOYSA-N"", ""inchikey_parent"": ""JVTAAEKCZFNVCJ-UHFFFAOYSA-N"", ""name_child"": ""dovitinib"", ""name_parent"": ""lactic acid"", ""origin"": ""gsrs:target_is_parent"", ""relationship"": ""target_is_salt""}"
K1:I8LHQ0D645,K1:L3L3XYP7MP,the evidence links the two pages but no rule in the spec's order decides them,"{""a"": ""Dextran 1"", ""b"": ""Isomaltotriose"", ""gsrs_relationship"": null, ""inchikey_a"": null, ""inchikey_b"": ""FZWBNHMXJMCXLU-BLAUPYHCSA-N"", ""name_a"": ""dextran 1"", ""name_b"": ""isomaltotriose"", ""origin"": ""suspected-nominal:dextran"", ""unii_a"": ""I8LHQ0D645"", ""unii_b"": ""L3L3XYP7MP""}"
K1:I8LHQ0D645,K1:V5LWP0C2L5,the evidence links the two pages but no rule in the spec's order decides them,"{""a"": ""Dextran 1"", ""b"": ""Dextran Sulfate Sodium (5000 MW)"", ""gsrs_relationship"": null, ""inchikey_a"": null, ""inchikey_b"": null, ""name_a"": ""dextran 1"", ""name_b"": ""dextran sulfate sodium 5000 mw"", ""origin"": ""suspected-nominal:dextran"", ""unii_a"": ""I8LHQ0D645"", ""unii_b"": ""V5LWP0C2L5""}"
K1:I909J9CFAT,K2:YMXBQIIPWIMAQE-UHFFFAOYSA-N,the evidence links the two pages but no rule in the spec's order decides them,"{""a"": ""Liprotamase Amylase"", ""b"": ""Amylase"", ""gsrs_relationship"": null, ""inchikey_a"": null, ""inchikey_b"": ""YMXBQIIPWIMAQE-UHFFFAOYSA-N"", ""name_a"": ""liprotamase amylase"", ""name_b"": ""amylase"", ""origin"": ""suspected-nominal:amylase"", ""unii_a"": ""I909J9CFAT"", ""unii_b"": null}"
K1:I909J9CFAT,K3:CHEMBL1201648,the evidence links the two pages but no rule in the spec's order decides them,"{""a"": ""Liprotamase Amylase"", ""b"": ""AMYLASE (PANCRELIPASE)"", ""gsrs_relationship"": null, ""inchikey_a"": null, ""inchikey_b"": null, ""name_a"": ""liprotamase amylase"", ""name_b"": ""amylase pancrelipase"", ""origin"": ""suspected-nominal:amylase"", ""unii_a"": ""I909J9CFAT"", ""unii_b"": null}"
K1:IGA15S9H40,K1:IO46B19O1Q,the evidence links the two pages but no rule in the spec's order decides them,"{""a"": ""MANGANESE SULFATE ANHYDROUS"", ""b"": ""Ethylenebisdithiocarbamic Acid"", ""gsrs_relationship"": null, ""inchikey_a"": ""SQQMAOCOWKFBNP-UHFFFAOYSA-L"", ""inchikey_b"": ""AWYFNIZYMPNGAI-UHFFFAOYSA-N"", ""name_a"": ""manganese"", ""name_b"": ""ethylenebisdithiocarbamic acid"", ""origin"": ""suspected-nominal:manganese"", ""unii_a"": ""IGA15S9H40"", ""unii_b"": ""IO46B19O1Q""}"
K1:IO46B19O1Q,K1:W00LYS4T26,the evidence links the two pages but no rule in the spec's order decides them,"{""a"": ""Ethylenebisdithiocarbamic Acid"", ""b"": ""Manganese Sulfate"", ""gsrs_relationship"": null, ""inchikey_a"": ""AWYFNIZYMPNGAI-UHFFFAOYSA-N"", ""inchikey_b"": ""ISPYRSDWRDQNSW-UHFFFAOYSA-L"", ""name_a"": ""ethylenebisdithiocarbamic acid"", ""name_b"": ""manganese"", ""origin"": ""suspected-nominal:manganese"", ""unii_a"": ""IO46B19O1Q"", ""unii_b"": ""W00LYS4T26""}"
K1:IY191986AO,K4:mercuric,"same normalised name; one page holds a structure and the other holds none, so no structural rule applies","{""a"": ""Mercuric Oxide"", ""b"": ""Mercuric"", ""inchikey_a"": ""QYZBCWXZSYTIOY-UHFFFAOYSA-N"", ""inchikey_b"": null, ""normalised"": ""mercuric"", ""origin"": ""name:mercuric"", ""unii_a"": ""IY191986AO"", ""unii_b"": null}"
K1:IZ05287FTB,K1:ML30MJ2U7I,the evidence links the two pages but no rule in the spec's order decides them,"{""a"": ""Magnesium Lauryl Hydroxypropyl Sulfonate"", ""b"": ""Magnesium Sulfate Anhydrous"", ""gsrs_relationship"": null, ""inchikey_a"": ""ZRJXRFLDXJTCMA-UHFFFAOYSA-N"", ""inchikey_b"": ""CSNNHWWHGAXBCP-UHFFFAOYSA-L"", ""name_a"": ""magnesium lauryl hydroxypropyl sulfonate"", ""name_b"": ""magnesium"", ""origin"": ""slug-collision:magnesium-sulfate"", ""unii_a"": ""IZ05287FTB"", ""unii_b"": ""ML30MJ2U7I""}"
K1:J2VZ07J96K,,the named item no longer names two live corpus pages; an earlier identity pass already merged or dropped them,"{""keys"": [""K1:J2VZ07J96K"", ""K1:19371312D4""], ""origin"": ""suspected-nominal:polymyxin b""}"
K1:J2VZ07J96K,,the named item no longer names two live corpus pages; an earlier identity pass already merged or dropped them,"{""keys"": [""K1:19371312D4"", ""K1:J2VZ07J96K""], ""origin"": ""slug-collision:polymyxin-b""}"
K1:J4L3PPG58I,K4:mercuric,"same normalised name; one page holds a structure and the other holds none, so no structural rule applies","{""a"": ""Mercuric Sulfate"", ""b"": ""Mercuric"", ""inchikey_a"": ""DOBUSJIVSSJEDA-UHFFFAOYSA-L"", ""inchikey_b"": null, ""normalised"": ""mercuric"", ""origin"": ""suspected-nominal:mercuric"", ""unii_a"": ""J4L3PPG58I"", ""unii_b"": null}"
K1:J7YV2RKO6Q,K1:JHU490RVYR,the evidence links the two pages but no rule in the spec's order decides them,"{""a"": ""Dichlorprop"", ""b"": ""PROPIONIC ACID"", ""gsrs_relationship"": null, ""inchikey_a"": ""MZHCENGPTKEIGP-UHFFFAOYSA-N"", ""inchikey_b"": ""XBDQKXXYIPTUBI-UHFFFAOYSA-N"", ""name_a"": ""dichlorprop"", ""name_b"": ""propionic acid"", ""origin"": ""suspected-nominal:propionic acid"", ""unii_a"": ""J7YV2RKO6Q"", ""unii_b"": ""JHU490RVYR""}"
K1:J95YY85R52,K1:R10H71BSWG,the evidence links the two pages but no rule in the spec's order decides them,"{""a"": ""O-DESULFO Micafungin"", ""b"": ""Micafungin"", ""gsrs_relationship"": null, ""inchikey_a"": ""VJHYOZWFHJBKMZ-CICALKLBSA-N"", ""inchikey_b"": ""PIEUQSKUWLMALL-YABMTYFHSA-N"", ""name_a"": ""o desulfo micafungin"", ""name_b"": ""micafungin"", ""origin"": ""suspected-nominal:micafungin"", ""unii_a"": ""J95YY85R52"", ""unii_b"": ""R10H71BSWG""}"
K1:K4C08XP666,K4:tribasic,the evidence links the two pages but no rule in the spec's order decides them,"{""a"": ""Tricalcium Phosphate"", ""b"": ""Tribasic"", ""gsrs_relationship"": null, ""inchikey_a"": ""QORWJWZARLRLPR-UHFFFAOYSA-H"", ""inchikey_b"": null, ""name_a"": ""tricalcium"", ""name_b"": ""tribasic"", ""origin"": ""suspected-nominal:tribasic"", ""unii_a"": ""K4C08XP666"", ""unii_b"": null}"
K1:K72I3DEX9B,HOLD:existing:anhydrous-citric-acid,"an FDA salt/solvate relationship links the pages, but the child page is not a salt form of the parent by structure or by name, so §3.1 does not license a merge","{""a"": ""Anhydrous Citric Acid"", ""b"": ""Zinc Citrate"", ""inchikey_child"": ""WGIWBXUNRXCYRA-UHFFFAOYSA-H"", ""inchikey_parent"": ""KRKNYBCHXYNGOX-UHFFFAOYSA-N"", ""name_child"": ""zinc"", ""name_parent"": ""anhydrous citric acid"", ""origin"": ""gsrs:target_is_salt"", ""relationship"": ""target_is_salt""}"
K1:K72I3DEX9B,K1:XF417D3PSL,"an FDA salt/solvate relationship links the pages, but the child page is not a salt form of the parent by structure or by name, so §3.1 does not license a merge","{""a"": ""Zinc Citrate"", ""b"": ""Anhydrous Citric Acid"", ""inchikey_child"": ""WGIWBXUNRXCYRA-UHFFFAOYSA-H"", ""inchikey_parent"": ""KRKNYBCHXYNGOX-UHFFFAOYSA-N"", ""name_child"": ""zinc"", ""name_parent"": ""anhydrous citric acid"", ""origin"": ""gsrs:target_is_parent"", ""relationship"": ""target_is_parent""}"
K1:K72T3FS567,K1:RP8X0ZB061,the evidence links the two pages but no rule in the spec's order decides them,"{""a"": ""ADENOSINE"", ""b"": ""Lactobacillus Crispatus Strain CTV-05"", ""gsrs_relationship"": null, ""inchikey_a"": ""OIRDTQYFTABQOQ-KQYNXXCUSA-N"", ""inchikey_b"": null, ""name_a"": ""adenosine"", ""name_b"": ""lactobacillus crispatus strain ctv 05"", ""origin"": ""slug-collision:lactobacillus-crispatus"", ""unii_a"": ""K72T3FS567"", ""unii_b"": ""RP8X0ZB061""}"
K1:K91YT16P5M,K1:WIQ1H85SYP,the evidence links the two pages but no rule in the spec's order decides them,"{""a"": ""POTASSIUM SALICYLATE"", ""b"": ""Sodium Salicylate"", ""gsrs_relationship"": null, ""inchikey_a"": ""FRMWBRPWYBNAFB-UHFFFAOYSA-M"", ""inchikey_b"": ""ABBQHOQBGMUPJH-UHFFFAOYSA-M"", ""name_a"": ""potassium"", ""name_b"": ""sodium"", ""origin"": ""suspected-nominal:salicylate"", ""unii_a"": ""K91YT16P5M"", ""unii_b"": ""WIQ1H85SYP""}"
K1:KH7I04HPUU,K4:monobasic,the evidence links the two pages but no rule in the spec's order decides them,"{""a"": ""Sodium Phosphate, Monobasic"", ""b"": ""Monobasic"", ""gsrs_relationship"": null, ""inchikey_a"": ""AJPJDKMHJJGVTQ-UHFFFAOYSA-M"", ""inchikey_b"": null, ""name_a"": ""sodium phosphate monobasic"", ""name_b"": ""monobasic"", ""origin"": ""suspected-nominal:monobasic"", ""unii_a"": ""KH7I04HPUU"", ""unii_b"": null}"
K1:L0ND3981AG,K1:1HTE449DGZ,"an FDA salt/solvate relationship links the pages, but the child page is not a salt form of the parent by structure or by name, so §3.1 does not license a merge","{""a"": ""Tetraxetan"", ""b"": ""GADOTERATE MEGLUMINE"", ""inchikey_child"": ""RYHQMKVRYNEBNJ-BMWGJIJESA-K"", ""inchikey_parent"": ""WDLRUFUQRNWCPK-UHFFFAOYSA-N"", ""name_child"": ""gadoterate"", ""name_parent"": ""tetraxetan"", ""origin"": ""slug-collision:gadoterate"", ""relationship"": ""target_is_salt""}"
K1:L0ND3981AG,K1:6HG8UB2MUY,"an FDA salt/solvate relationship links the pages, but the child page is not a salt form of the parent by structure or by name, so §3.1 does not license a merge","{""a"": ""Meglumine"", ""b"": ""GADOTERATE MEGLUMINE"", ""inchikey_child"": ""RYHQMKVRYNEBNJ-BMWGJIJESA-K"", ""inchikey_parent"": ""MBBZMMPHUWSWHV-BDVNFPICSA-N"", ""name_child"": ""gadoterate"", ""name_parent"": ""meglumine"", ""origin"": ""gsrs:target_is_parent"", ""relationship"": ""target_is_salt""}"
K1:L11K75P92J,K4:dibasic,"same normalised name; one page holds a structure and the other holds none, so no structural rule applies","{""a"": ""Anhydrous Dibasic Calcium Phosphate"", ""b"": ""Anhydrous Dibasic"", ""inchikey_a"": ""FUFJGUQYACFECW-UHFFFAOYSA-L"", ""inchikey_b"": null, ""normalised"": ""anhydrous dibasic"", ""origin"": ""name:anhydrous dibasic"", ""unii_a"": ""L11K75P92J"", ""unii_b"": null}"
K1:LA9X9UJA2Z,K1:817L1N4CKP,"an FDA salt/solvate relationship links the pages, but the child page is not a salt form of the parent by structure or by name, so §3.1 does not license a merge","{""a"": ""MALIC ACID"", ""b"": ""Magnesium Malate"", ""inchikey_child"": ""JFQQIWNDAXACSR-UHFFFAOYSA-L"", ""inchikey_parent"": ""BJEPYKJPYRNKOW-UHFFFAOYSA-N"", ""name_child"": ""magnesium"", ""name_parent"": ""malic acid"", ""origin"": ""gsrs:target_is_salt"", ""relationship"": ""target_is_salt""}"
K1:LC1V549NOM,K1:LGN4W9EY7G,the evidence links the two pages but no rule in the spec's order decides them,"{""a"": ""Sodium Bromide"", ""b"": ""6-BROMOISOQUINOLINE"", ""gsrs_relationship"": null, ""inchikey_a"": ""JHJLBTNAGRQEKS-UHFFFAOYSA-M"", ""inchikey_b"": ""ZTEATMVVGQUULZ-UHFFFAOYSA-N"", ""name_a"": ""sodium"", ""name_b"": ""6 bromoisoquinoline"", ""origin"": ""suspected-nominal:bromide"", ""unii_a"": ""LC1V549NOM"", ""unii_b"": ""LGN4W9EY7G""}"
K1:LC1V549NOM,K1:OSD78555ZM,the evidence links the two pages but no rule in the spec's order decides them,"{""a"": ""Sodium Bromide"", ""b"": ""Potassium Bromide"", ""gsrs_relationship"": null, ""inchikey_a"": ""JHJLBTNAGRQEKS-UHFFFAOYSA-M"", ""inchikey_b"": ""IOLCXVTUBQKXJR-UHFFFAOYSA-M"", ""name_a"": ""sodium"", ""name_b"": ""potassium"", ""origin"": ""suspected-nominal:bromide"", ""unii_a"": ""LC1V549NOM"", ""unii_b"": ""OSD78555ZM""}"
K1:LGX9OL562T,K1:5UTX5635HP,"an FDA salt/solvate relationship links the pages, but the child page is not a salt form of the parent by structure or by name, so §3.1 does not license a merge","{""a"": ""Oxyquinoline"", ""b"": ""INDIUM IN 111 OXYQUINOLINE"", ""inchikey_child"": ""AEGSYIKLTCZUEZ-UHFFFAOYSA-K"", ""inchikey_parent"": ""MCJGNVYPOGVAJF-UHFFFAOYSA-N"", ""name_child"": ""indium in 111 oxyquinoline"", ""name_parent"": ""oxyquinoline"", ""origin"": ""suspected-nominal:indium in 111 oxyquinoline"", ""relationship"": ""target_is_salt""}"
K1:M089EFU921,K2:CUKWUWBLQQDQAC-VEQWQPCFSA-N,the two pages carry the same UNII but different connectivity skeletons; §2 holds a K1/K2 disagreement for a person,"{""a"": ""Angiotensin II"", ""b"": ""ANGIOTENSIN-II"", ""inchikey_a"": ""CZGUSIXMZVURDU-JZXHSEFVSA-N"", ""inchikey_b"": ""CUKWUWBLQQDQAC-VEQWQPCFSA-N"", ""origin"": ""suspected-nominal:angiotensin ii"", ""unii"": ""M089EFU921"", ""unii_source_a"": ""page-key"", ""unii_source_b"": ""page-field""}"
K1:M15H03K69B,,the named item no longer names two live corpus pages; an earlier identity pass already merged or dropped them,"{""keys"": [""K1:Y3834SIK5F"", ""K1:M15H03K69B""], ""origin"": ""suspected-nominal:porfimer""}"
K1:M15H03K69B,,the named item no longer names two live corpus pages; an earlier identity pass already merged or dropped them,"{""keys"": [""K1:M15H03K69B"", ""K1:Y3834SIK5F""], ""origin"": ""slug-collision:porfimer""}"
K1:M7Y086VB5G,K1:R4R8J0Q44B,the evidence links the two pages but no rule in the spec's order decides them,"{""a"": "".ALPHA.-D-GLUCURONIC Acid"", ""b"": ""Gluconic Acid"", ""gsrs_relationship"": null, ""inchikey_a"": ""AEMOLEFTQBMNLQ-WAXACMCWSA-N"", ""inchikey_b"": ""RGHNJXZEOKUKBD-SQOUGZDYSA-N"", ""name_a"": ""alpha d glucuronic acid"", ""name_b"": ""gluconic acid"", ""origin"": ""suspected-nominal:gluconate"", ""unii_a"": ""M7Y086VB5G"", ""unii_b"": ""R4R8J0Q44B""}"
K1:MD64P82Y28,K1:AB6MNQ6J6L,"an FDA salt/solvate relationship links the pages, but the child page is not a salt form of the parent by structure or by name, so §3.1 does not license a merge","{""a"": ""Succinic Acid"", ""b"": ""LITHIUM SUCCINATE"", ""inchikey_child"": ""WAHQBNXSPALNEA-UHFFFAOYSA-L"", ""inchikey_parent"": ""KDYFGRWQOYBRFD-UHFFFAOYSA-N"", ""name_child"": ""lithium"", ""name_parent"": ""succinic acid"", ""origin"": ""gsrs:target_is_parent"", ""relationship"": ""target_is_salt""}"
K1:MG976Z29OM,K1:RCS9EQ01V4,the evidence links the two pages but no rule in the spec's order decides them,"{""a"": ""Glyceryl Phosphate"", ""b"": ""SODIUM GLYCEROPHOSPHATE"", ""gsrs_relationship"": null, ""inchikey_a"": ""XYZZKVRWGOWVGO-UHFFFAOYSA-N"", ""inchikey_b"": ""GEKBIENFFVFKRG-UHFFFAOYSA-L"", ""name_a"": ""glyceryl"", ""name_b"": ""sodium glycerophosphate"", ""origin"": ""suspected-nominal:glycerophosphate"", ""unii_a"": ""MG976Z29OM"", ""unii_b"": ""RCS9EQ01V4""}"
K1:MK831RYX9D,K1:W4888I119H,"an FDA salt/solvate relationship links the pages, but the child page is not a salt form of the parent by structure or by name, so §3.1 does not license a merge","{""a"": ""UT-231B Free Base"", ""b"": ""TARTARIC ACID"", ""inchikey_child"": ""BBIRATBJZBAXFS-ZOBORPQBSA-N"", ""inchikey_parent"": ""FEWJPZIEWOKRBE-JCYAYHJZSA-N"", ""name_child"": ""ut 231b free base"", ""name_parent"": ""tartaric acid"", ""origin"": ""gsrs:target_is_parent"", ""relationship"": ""target_is_parent""}"
K1:MRJ667KA5E,K1:NPU9M2E6L8,the evidence links the two pages but no rule in the spec's order decides them,"{""a"": ""Methylcellulose (4000 MPA.S)"", ""b"": ""Methylcellulose (15 MPA.S)"", ""gsrs_relationship"": null, ""inchikey_a"": null, ""inchikey_b"": null, ""name_a"": ""methylcellulose 4000 mpa"", ""name_b"": ""methylcellulose 15 mpa"", ""origin"": ""suspected-nominal:methylcellulose"", ""unii_a"": ""MRJ667KA5E"", ""unii_b"": ""NPU9M2E6L8""}"
K1:MT6QI8324A,K1:3B8D35Y7S4,"an FDA salt/solvate relationship links the pages, but the child page is not a salt form of the parent by structure or by name, so §3.1 does not license a merge","{""a"": ""Lactic Acid, Dl"", ""b"": ""MAGNESIUM LACTATE"", ""inchikey_child"": ""OVGXLJDWSLQDRT-UHFFFAOYSA-L"", ""inchikey_parent"": ""JVTAAEKCZFNVCJ-UHFFFAOYSA-N"", ""name_child"": ""magnesium"", ""name_parent"": ""lactic acid"", ""origin"": ""gsrs:target_is_salt"", ""relationship"": ""target_is_salt""}"
K1:N712M78A8G,K1:V1I29R0RJQ,the evidence links the two pages but no rule in the spec's order decides them,"{""a"": ""Arsenic"", ""b"": ""Arsenic Trihydride"", ""gsrs_relationship"": null, ""inchikey_a"": ""RQNWIZPPADIBDY-UHFFFAOYSA-N"", ""inchikey_b"": ""RBFQJDQYXXHULB-UHFFFAOYSA-N"", ""name_a"": ""arsenic"", ""name_b"": ""arsenic trihydride"", ""origin"": ""suspected-nominal:arsenic"", ""unii_a"": ""N712M78A8G"", ""unii_b"": ""V1I29R0RJQ""}"
K1:N8NP6FR80R,K4:cupric,"same normalised name; one page holds a structure and the other holds none, so no structural rule applies","{""a"": ""Cupric Phosphate"", ""b"": ""Cupric"", ""inchikey_a"": ""GQDHEYWVLBJKBA-UHFFFAOYSA-H"", ""inchikey_b"": null, ""normalised"": ""cupric"", ""origin"": ""suspected-nominal:cupric"", ""unii_a"": ""N8NP6FR80R"", ""unii_b"": null}"
K1:N9I9HDB855,K1:W4888I119H,"an FDA salt/solvate relationship links the pages, but the child page is not a salt form of the parent by structure or by name, so §3.1 does not license a merge","{""a"": ""Dihydrocodeine"", ""b"": ""TARTARIC ACID"", ""inchikey_child"": ""RBOXVHNMENFORY-DNJOTXNNSA-N"", ""inchikey_parent"": ""FEWJPZIEWOKRBE-JCYAYHJZSA-N"", ""name_child"": ""dihydrocodeine"", ""name_parent"": ""tartaric acid"", ""origin"": ""gsrs:target_is_parent"", ""relationship"": ""target_is_parent""}"
K1:O352864B8Z,K1:4E862E7GRQ,"an FDA salt/solvate relationship links the pages, but the child page is not a salt form of the parent by structure or by name, so §3.1 does not license a merge","{""a"": ""Pyrophosphoric Acid"", ""b"": ""SODIUM PYROPHOSPHATE"", ""inchikey_child"": ""FQENQNTWSFEDLI-UHFFFAOYSA-J"", ""inchikey_parent"": ""XPPKVPWEQAFLFU-UHFFFAOYSA-N"", ""name_child"": ""sodium pyrophosphate"", ""name_parent"": ""pyrophosphoric acid"", ""origin"": ""suspected-nominal:pyrophosphate"", ""relationship"": ""target_is_salt""}"
K1:O4L1XPO44W,K1:91XW058U2C,"an FDA salt/solvate relationship links the pages, but the child page is not a salt form of the parent by structure or by name, so §3.1 does not license a merge","{""a"": ""MALEIC ACID"", ""b"": ""Fluvoxamine"", ""inchikey_child"": ""CJOFXWAVKWHTFT-XSFVSMFZSA-N"", ""inchikey_parent"": ""VZCYOOQTPOCHFL-UPHRSURJSA-N"", ""name_child"": ""fluvoxamine"", ""name_parent"": ""maleic acid"", ""origin"": ""gsrs:target_is_parent"", ""relationship"": ""target_is_salt""}"
K1:O84B5194RL,K1:SZH16H44UY,the evidence links the two pages but no rule in the spec's order decides them,"{""a"": ""Juniper Berry"", ""b"": ""Juniper Berry Oil"", ""gsrs_relationship"": null, ""inchikey_a"": null, ""inchikey_b"": null, ""name_a"": ""juniper berry"", ""name_b"": ""juniper berry oil"", ""origin"": ""suspected-nominal:juniper berry"", ""unii_a"": ""O84B5194RL"", ""unii_b"": ""SZH16H44UY""}"
K1:OSD78555ZM,,"two pages collide on a display name and nothing recorded for them - substance class, primary target, stereo descriptor, UNII or structure - tells one from the other","{""displayName"": ""Potassium Bromide"", ""normalised"": ""potassium""}"
K1:P484053J2Y,K1:8CBV67279L,"an FDA salt/solvate relationship links the pages, but the child page is not a salt form of the parent by structure or by name, so §3.1 does not license a merge","{""a"": ""Cupric Cation"", ""b"": ""CUPRIC CHLORIDE ANHYDROUS"", ""inchikey_child"": ""ORTQZVOHEJQUHG-UHFFFAOYSA-L"", ""inchikey_parent"": ""JPVYNHNXODAKFH-UHFFFAOYSA-N"", ""name_child"": ""cupric"", ""name_parent"": ""cupric cation"", ""origin"": ""gsrs:target_is_salt"", ""relationship"": ""target_is_salt""}"
K1:Q6C979R91Y,K1:W4888I119H,"an FDA salt/solvate relationship links the pages, but the child page is not a salt form of the parent by structure or by name, so §3.1 does not license a merge","{""a"": ""Vinorelbine"", ""b"": ""TARTARIC ACID"", ""inchikey_child"": ""GBABOYUKABKIAF-IELIFDKJSA-N"", ""inchikey_parent"": ""FEWJPZIEWOKRBE-JCYAYHJZSA-N"", ""name_child"": ""vinorelbine"", ""name_parent"": ""tartaric acid"", ""origin"": ""gsrs:target_is_parent"", ""relationship"": ""target_is_parent""}"
K1:Q7Y33N57ZZ,K1:F9S9FFU82N,"an FDA salt/solvate relationship links the pages, but the child page is not a salt form of the parent by structure or by name, so §3.1 does not license a merge","{""a"": ""Lactic Acid"", ""b"": ""Onalespib"", ""inchikey_child"": ""IFRGXKKQHBVPCQ-UHFFFAOYSA-N"", ""inchikey_parent"": ""JVTAAEKCZFNVCJ-REOHCLBHSA-N"", ""name_child"": ""onalespib"", ""name_parent"": ""lactic acid"", ""origin"": ""gsrs:target_is_parent"", ""relationship"": ""target_is_salt""}"
K1:QB99VZZ7GZ,K1:ZBP1YXW0H8,the evidence links the two pages but no rule in the spec's order decides them,"{""a"": ""Citronellal"", ""b"": ""Lavender Oil"", ""gsrs_relationship"": null, ""inchikey_a"": ""NEHNMFOYXAPHSD-UHFFFAOYSA-N"", ""inchikey_b"": null, ""name_a"": ""citronellal"", ""name_b"": ""lavender oil"", ""origin"": ""suspected-nominal:citronella"", ""unii_a"": ""QB99VZZ7GZ"", ""unii_b"": ""ZBP1YXW0H8""}"
K1:QVF9Y6955W,K1:1HTE449DGZ,"an FDA salt/solvate relationship links the pages, but the child page is not a salt form of the parent by structure or by name, so §3.1 does not license a merge","{""a"": ""Tetraxetan"", ""b"": ""Gadoteric acid"", ""inchikey_child"": ""GFSTXYOTEVLASN-UHFFFAOYSA-K"", ""inchikey_parent"": ""WDLRUFUQRNWCPK-UHFFFAOYSA-N"", ""name_child"": ""gadoteric acid"", ""name_parent"": ""tetraxetan"", ""origin"": ""gsrs:target_is_salt"", ""relationship"": ""target_is_salt""}"
K1:R17X820ROL,K1:30KYC7MIAI,"an FDA salt/solvate relationship links the pages, but the child page is not a salt form of the parent by structure or by name, so §3.1 does not license a merge","{""a"": ""Aspartic acid"", ""b"": ""Magnesium Aspartate"", ""inchikey_child"": ""CRSJYWPXKKSOCQ-CBAPHJFVSA-L"", ""inchikey_parent"": ""CKLJMWTZIZZHCS-REOHCLBHSA-N"", ""name_child"": ""magnesium"", ""name_parent"": ""aspartic acid"", ""origin"": ""gsrs:target_is_salt"", ""relationship"": ""target_is_salt""}"
K1:R3G3HB38O4,K1:5UTX5635HP,"an FDA salt/solvate relationship links the pages, but the child page is not a salt form of the parent by structure or by name, so §3.1 does not license a merge","{""a"": ""Oxyquinoline"", ""b"": ""TRIS(8-HYDROXYQUINOLINATO)GALLIUM"", ""inchikey_child"": ""KWQNQSDKCINQQP-UHFFFAOYSA-K"", ""inchikey_parent"": ""MCJGNVYPOGVAJF-UHFFFAOYSA-N"", ""name_child"": ""tris 8 hydroxyquinolinato gallium"", ""name_parent"": ""oxyquinoline"", ""origin"": ""gsrs:target_is_salt"", ""relationship"": ""target_is_salt""}"
K1:R5L488RY0Q,K1:88XHZ13131,"an FDA salt/solvate relationship links the pages, but the child page is not a salt form of the parent by structure or by name, so §3.1 does not license a merge","{""a"": ""Fumaric Acid"", ""b"": ""Ferrous Fumarate"", ""inchikey_child"": ""PMVSDNDAUGGCCE-TYYBGVCCSA-L"", ""inchikey_parent"": ""VZCYOOQTPOCHFL-OWOJBTEDSA-N"", ""name_child"": ""ferrous"", ""name_parent"": ""fumaric acid"", ""origin"": ""gsrs:target_is_salt"", ""relationship"": ""target_is_salt""}"
K1:R74O7T8569,K1:05456MVL7T,"an FDA salt/solvate relationship links the pages, but the child page is not a salt form of the parent by structure or by name, so §3.1 does not license a merge","{""a"": ""Radium Cation"", ""b"": ""Radium Bromide"", ""inchikey_child"": ""GIKWXTHTIQCTIH-UHFFFAOYSA-L"", ""inchikey_parent"": ""PZDJSXWIQXZUBJ-UHFFFAOYSA-N"", ""name_child"": ""radium"", ""name_parent"": ""radium cation"", ""origin"": ""slug-collision:radium"", ""relationship"": ""target_is_salt""}"
K1:RFJ7QXF345,K2:PWZFXELTLAQOKC-UHFFFAOYSA-A,the evidence links the two pages but no rule in the spec's order decides them,"{""a"": ""Aluminum Magnesium Hydroxide Carbonate"", ""b"": ""Hydrotalcite"", ""gsrs_relationship"": null, ""inchikey_a"": ""GDVKFRBCXAPAQJ-UHFFFAOYSA-A"", ""inchikey_b"": ""PWZFXELTLAQOKC-UHFFFAOYSA-A"", ""name_a"": ""aluminum"", ""name_b"": ""hydrotalcite"", ""origin"": ""suspected-nominal:hydrotalcite"", ""unii_a"": ""RFJ7QXF345"", ""unii_b"": null}"
K1:RHO26O1T9V,HOLD:existing:anhydrous-citric-acid,"an FDA salt/solvate relationship links the pages, but the child page is not a salt form of the parent by structure or by name, so §3.1 does not license a merge","{""a"": ""Anhydrous Citric Acid"", ""b"": ""Magnesium Citrate"", ""inchikey_child"": ""PLSARIKBYIPYPF-UHFFFAOYSA-H"", ""inchikey_parent"": ""KRKNYBCHXYNGOX-UHFFFAOYSA-N"", ""name_child"": ""magnesium"", ""name_parent"": ""anhydrous citric acid"", ""origin"": ""gsrs:target_is_salt"", ""relationship"": ""target_is_salt""}"
K1:RHO26O1T9V,K1:XF417D3PSL,"an FDA salt/solvate relationship links the pages, but the child page is not a salt form of the parent by structure or by name, so §3.1 does not license a merge","{""a"": ""Magnesium Citrate"", ""b"": ""Anhydrous Citric Acid"", ""inchikey_child"": ""PLSARIKBYIPYPF-UHFFFAOYSA-H"", ""inchikey_parent"": ""KRKNYBCHXYNGOX-UHFFFAOYSA-N"", ""name_child"": ""magnesium"", ""name_parent"": ""anhydrous citric acid"", ""origin"": ""gsrs:target_is_parent"", ""relationship"": ""target_is_parent""}"
K1:ROV204583W,,the named item no longer names two live corpus pages; an earlier identity pass already merged or dropped them,"{""keys"": [""K1:ROV204583W"", ""K1:5XE21E41RT""], ""origin"": ""suspected-nominal:givosiran""}"
K1:ROV204583W,,the named item no longer names two live corpus pages; an earlier identity pass already merged or dropped them,"{""keys"": [""K1:ROV204583W"", ""K1:5XE21E41RT""], ""origin"": ""slug-collision:givosiran""}"
K1:RTJ1W9DF34,K4:cobaltous,"same normalised name; one page holds a structure and the other holds none, so no structural rule applies","{""a"": ""Cobaltous Iodide"", ""b"": ""Cobaltous"", ""inchikey_a"": ""AVWLPUQJODERGA-UHFFFAOYSA-L"", ""inchikey_b"": null, ""normalised"": ""cobaltous"", ""origin"": ""name:cobaltous"", ""unii_a"": ""RTJ1W9DF34"", ""unii_b"": null}"
K1:RV823G6G67,K1:R4R8J0Q44B,"an FDA salt/solvate relationship links the pages, but the child page is not a salt form of the parent by structure or by name, so §3.1 does not license a merge","{""a"": ""Gluconic Acid"", ""b"": ""Copper Gluconate"", ""inchikey_child"": ""OCUCCJIRFHNWBP-IYEMJOQQSA-L"", ""inchikey_parent"": ""RGHNJXZEOKUKBD-SQOUGZDYSA-N"", ""name_child"": ""copper"", ""name_parent"": ""gluconic acid"", ""origin"": ""gsrs:target_is_parent"", ""relationship"": ""target_is_salt""}"
K1:RZT8C352O1,,the named item no longer names two live corpus pages; an earlier identity pass already merged or dropped them,"{""keys"": [""K1:RZT8C352O1"", ""K1:67P6XH37HD""], ""origin"": ""suspected-nominal:lumasiran""}"
K1:RZT8C352O1,,the named item no longer names two live corpus pages; an earlier identity pass already merged or dropped them,"{""keys"": [""K1:67P6XH37HD"", ""K1:RZT8C352O1""], ""origin"": ""slug-collision:lumasiran""}"
K1:S2QG84156O,K1:8CBV67279L,"an FDA salt/solvate relationship links the pages, but the child page is not a salt form of the parent by structure or by name, so §3.1 does not license a merge","{""a"": ""Cupric Cation"", ""b"": ""Cupric Chloride"", ""inchikey_child"": ""MPTQRFCYZCXJFQ-UHFFFAOYSA-L"", ""inchikey_parent"": ""JPVYNHNXODAKFH-UHFFFAOYSA-N"", ""name_child"": ""cupric"", ""name_parent"": ""cupric cation"", ""origin"": ""gsrs:target_is_salt"", ""relationship"": ""target_is_salt""}"
K1:S3RS2SA30L,,the named item no longer names two live corpus pages; an earlier identity pass already merged or dropped them,"{""keys"": [""K1:S3RS2SA30L"", ""K1:NSY2BY6PSB""], ""origin"": ""suspected-nominal:olezarsen""}"
K1:S3RS2SA30L,,the named item no longer names two live corpus pages; an earlier identity pass already merged or dropped them,"{""keys"": [""K1:S3RS2SA30L"", ""K1:NSY2BY6PSB""], ""origin"": ""slug-collision:olezarsen""}"
K1:S3Y25PHP1W,K1:GW89581OWR,"an FDA salt/solvate relationship links the pages, but the child page is not a salt form of the parent by structure or by name, so §3.1 does not license a merge","{""a"": ""Ferrous Cation"", ""b"": ""FERROUS CHLORIDE"", ""inchikey_child"": ""NMCUIPGRVMDVDB-UHFFFAOYSA-L"", ""inchikey_parent"": ""CWYNVVGOOAEACU-UHFFFAOYSA-N"", ""name_child"": ""ferrous"", ""name_parent"": ""ferrous cation"", ""origin"": ""gsrs:target_is_parent"", ""relationship"": ""target_is_salt""}"
K1:S4YM38H4U6,K1:SIR7XX2F1K,the evidence links the two pages but no rule in the spec's order decides them,"{""a"": ""3-ANILINOPROPIONITRILE"", ""b"": ""ANILINE"", ""gsrs_relationship"": null, ""inchikey_a"": ""FENJKTQEFUPECW-UHFFFAOYSA-N"", ""inchikey_b"": ""PAYRUJLWNCNPSJ-UHFFFAOYSA-N"", ""name_a"": ""3 anilinopropionitrile"", ""name_b"": ""aniline"", ""origin"": ""suspected-nominal:aniline"", ""unii_a"": ""S4YM38H4U6"", ""unii_b"": ""SIR7XX2F1K""}"
K1:S79O08V79F,,the named item no longer names two live corpus pages; an earlier identity pass already merged or dropped them,"{""keys"": [""K1:12M44VTJ7B"", ""K1:S79O08V79F""], ""origin"": ""suspected-nominal:dalteparin""}"
K1:S79O08V79F,,the named item no longer names two live corpus pages; an earlier identity pass already merged or dropped them,"{""keys"": [""K1:S79O08V79F"", ""K1:12M44VTJ7B""], ""origin"": ""slug-collision:dalteparin""}"
K1:SQE6VB453K,K1:R4R8J0Q44B,"an FDA salt/solvate relationship links the pages, but the child page is not a salt form of the parent by structure or by name, so §3.1 does not license a merge","{""a"": ""Gluconic Acid"", ""b"": ""CALCIUM GLUCONATE"", ""inchikey_child"": ""NEEHYRZPVYRGPP-IYEMJOQQSA-L"", ""inchikey_parent"": ""RGHNJXZEOKUKBD-SQOUGZDYSA-N"", ""name_child"": ""calcium"", ""name_parent"": ""gluconic acid"", ""origin"": ""suspected-nominal:gluconate"", ""relationship"": ""target_is_salt""}"
K1:SW3H1USR4Q,K1:W4888I119H,"an FDA salt/solvate relationship links the pages, but the child page is not a salt form of the parent by structure or by name, so §3.1 does not license a merge","{""a"": ""Ladostigil"", ""b"": ""TARTARIC ACID"", ""inchikey_child"": ""LHXOCOHMBFOVJS-OAHLLOKOSA-N"", ""inchikey_parent"": ""FEWJPZIEWOKRBE-JCYAYHJZSA-N"", ""name_child"": ""ladostigil"", ""name_parent"": ""tartaric acid"", ""origin"": ""gsrs:target_is_parent"", ""relationship"": ""target_is_parent""}"
K1:SZH16H44UY,K2:AJBZENLMTKDAEK-UHFFFAOYSA-N,the evidence links the two pages but no rule in the spec's order decides them,"{""a"": ""Juniper Berry Oil"", ""b"": ""Calendula"", ""gsrs_relationship"": null, ""inchikey_a"": null, ""inchikey_b"": ""AJBZENLMTKDAEK-UHFFFAOYSA-N"", ""name_a"": ""juniper berry oil"", ""name_b"": ""calendula"", ""origin"": ""slug-collision:juniper-berry-oil"", ""unii_a"": ""SZH16H44UY"", ""unii_b"": null}"
K1:T42NAD2KHC,K1:R4R8J0Q44B,"an FDA salt/solvate relationship links the pages, but the child page is not a salt form of the parent by structure or by name, so §3.1 does not license a merge","{""a"": ""Gluconic Acid"", ""b"": ""Magnesium Gluconate"", ""inchikey_child"": ""HJWFTNWQKDPLAS-SYAJEJNSSA-L"", ""inchikey_parent"": ""RGHNJXZEOKUKBD-SQOUGZDYSA-N"", ""name_child"": ""magnesium"", ""name_parent"": ""gluconic acid"", ""origin"": ""gsrs:target_is_salt"", ""relationship"": ""target_is_salt""}"
K1:T6HE85WN0Q,,the named item no longer names two live corpus pages; an earlier identity pass already merged or dropped them,"{""keys"": [""K1:F3F6208UMT"", ""K1:T6HE85WN0Q""], ""origin"": ""suspected-nominal:pegulicianine""}"
K1:T6HE85WN0Q,,the named item no longer names two live corpus pages; an earlier identity pass already merged or dropped them,"{""keys"": [""K1:T6HE85WN0Q"", ""K1:F3F6208UMT""], ""origin"": ""slug-collision:pegulicianine""}"
K1:TO0PAT081I,K1:B035PIS86W,"an FDA salt/solvate relationship links the pages, but the child page is not a salt form of the parent by structure or by name, so §3.1 does not license a merge","{""a"": ""DIETHYLAMINE"", ""b"": ""Dobesilic Acid"", ""inchikey_child"": ""IKQCSJBQLWJEPU-UHFFFAOYSA-N"", ""inchikey_parent"": ""HPNMFZURTQLUMO-UHFFFAOYSA-N"", ""name_child"": ""dobesilic acid"", ""name_parent"": ""diethylamine"", ""origin"": ""gsrs:target_is_parent"", ""relationship"": ""target_is_salt""}"
K1:TT0V5JLG5B,,the named item no longer names two live corpus pages; an earlier identity pass already merged or dropped them,"{""keys"": [""K1:TT0V5JLG5B"", ""K1:K86ENL12I5""], ""origin"": ""suspected-nominal:avacincaptad pegol""}"
K1:TT0V5JLG5B,,the named item no longer names two live corpus pages; an earlier identity pass already merged or dropped them,"{""keys"": [""K1:K86ENL12I5"", ""K1:TT0V5JLG5B""], ""origin"": ""slug-collision:avacincaptad-pegol""}"
K1:TU1X77K34Q,K1:3KX376GY7L,"an FDA salt/solvate relationship links the pages, but the child page is not a salt form of the parent by structure or by name, so §3.1 does not license a merge","{""a"": ""Glutamic acid"", ""b"": ""ARGININE GLUTAMATE"", ""inchikey_child"": ""RVEWUBJVAHOGKA-WOYAITHZSA-N"", ""inchikey_parent"": ""WHUUTDBJXJRKMK-VKHMYHEASA-N"", ""name_child"": ""arginine"", ""name_parent"": ""glutamic acid"", ""origin"": ""gsrs:target_is_parent"", ""relationship"": ""target_is_salt""}"
K1:TU7HW0W0QT,K1:3B8D35Y7S4,"an FDA salt/solvate relationship links the pages, but the child page is not a salt form of the parent by structure or by name, so §3.1 does not license a merge","{""a"": ""Lactic Acid, Dl"", ""b"": ""Compound solution of sodium lactate"", ""inchikey_child"": ""NGSFWBMYFKHRBD-UHFFFAOYSA-M"", ""inchikey_parent"": ""JVTAAEKCZFNVCJ-UHFFFAOYSA-N"", ""name_child"": ""compound solution of"", ""name_parent"": ""lactic acid"", ""origin"": ""gsrs:target_is_parent"", ""relationship"": ""target_is_salt""}"
K1:U1B11I423Z,K1:R4R8J0Q44B,"an FDA salt/solvate relationship links the pages, but the child page is not a salt form of the parent by structure or by name, so §3.1 does not license a merge","{""a"": ""Gluconic Acid"", ""b"": ""Ferrous Gluconate"", ""inchikey_child"": ""OKGNXSFAYMSVNN-SYAJEJNSSA-L"", ""inchikey_parent"": ""RGHNJXZEOKUKBD-SQOUGZDYSA-N"", ""name_child"": ""ferrous"", ""name_parent"": ""gluconic acid"", ""origin"": ""gsrs:target_is_parent"", ""relationship"": ""target_is_salt""}"
K1:U38V3ZVV3V,K1:91O4LML611,"an FDA salt/solvate relationship links the pages, but the child page is not a salt form of the parent by structure or by name, so §3.1 does not license a merge","{""a"": ""Ferric Cation"", ""b"": ""Ferric Chloride"", ""inchikey_child"": ""RBTARNINKXHZNM-UHFFFAOYSA-K"", ""inchikey_parent"": ""VTLYFUHAOXGGBS-UHFFFAOYSA-N"", ""name_child"": ""ferric"", ""name_parent"": ""ferric cation"", ""origin"": ""gsrs:target_is_salt"", ""relationship"": ""target_is_salt""}"
K1:V1XJQ704R4,K1:8CBV67279L,"an FDA salt/solvate relationship links the pages, but the child page is not a salt form of the parent by structure or by name, so §3.1 does not license a merge","{""a"": ""Cupric Cation"", ""b"": ""Cupric Oxide"", ""inchikey_child"": ""KKCXRELNMOYFLS-UHFFFAOYSA-N"", ""inchikey_parent"": ""JPVYNHNXODAKFH-UHFFFAOYSA-N"", ""name_child"": ""cupric"", ""name_parent"": ""cupric cation"", ""origin"": ""gsrs:target_is_salt"", ""relationship"": ""target_is_salt""}"
K1:V7OK6J19HQ,,the named item no longer names two live corpus pages; an earlier identity pass already merged or dropped them,"{""keys"": [""K1:V7OK6J19HQ"", ""K1:RH248G8V27""], ""origin"": ""slug-collision:gadopentetate-dimeglumine""}"
K1:V867Q8X3ZD,K1:XF417D3PSL,"an FDA salt/solvate relationship links the pages, but the child page is not a salt form of the parent by structure or by name, so §3.1 does not license a merge","{""a"": ""Diethylcarbamazine"", ""b"": ""Anhydrous Citric Acid"", ""inchikey_child"": ""RCKMWOKWVGPNJF-UHFFFAOYSA-N"", ""inchikey_parent"": ""KRKNYBCHXYNGOX-UHFFFAOYSA-N"", ""name_child"": ""diethylcarbamazine"", ""name_parent"": ""anhydrous citric acid"", ""origin"": ""gsrs:target_is_parent"", ""relationship"": ""target_is_parent""}"
K1:V99T50803M,K1:J3TZF807X5,"an FDA salt/solvate relationship links the pages, but the child page is not a salt form of the parent by structure or by name, so §3.1 does not license a merge","{""a"": ""Malic Acid"", ""b"": ""Sunitinib"", ""inchikey_child"": ""WINHZLLDWRZWRT-ATVHPVEESA-N"", ""inchikey_parent"": ""BJEPYKJPYRNKOW-REOHCLBHSA-N"", ""name_child"": ""sunitinib"", ""name_parent"": ""malic acid"", ""origin"": ""gsrs:target_is_parent"", ""relationship"": ""target_is_salt""}"
K1:W108RK810P,K1:R4R8J0Q44B,"an FDA salt/solvate relationship links the pages, but the child page is not a salt form of the parent by structure or by name, so §3.1 does not license a merge","{""a"": ""Gluconic Acid"", ""b"": ""FERRIC GLUCONATE TRIHYDRATE"", ""inchikey_child"": ""QUIAVNOOCZTWEL-AGRODQNPSA-K"", ""inchikey_parent"": ""RGHNJXZEOKUKBD-SQOUGZDYSA-N"", ""name_child"": ""ferric"", ""name_parent"": ""gluconic acid"", ""origin"": ""gsrs:target_is_salt"", ""relationship"": ""target_is_salt""}"
K1:W53L6FE61V,K1:91XW058U2C,"an FDA salt/solvate relationship links the pages, but the child page is not a salt form of the parent by structure or by name, so §3.1 does not license a merge","{""a"": ""MALEIC ACID"", ""b"": ""Methylergometrine"", ""inchikey_child"": ""UNBRKDKAWYKMIV-QWQRMKEZSA-N"", ""inchikey_parent"": ""VZCYOOQTPOCHFL-UPHRSURJSA-N"", ""name_child"": ""methylergometrine"", ""name_parent"": ""maleic acid"", ""origin"": ""gsrs:target_is_parent"", ""relationship"": ""target_is_salt""}"
K1:W6HS99O8ZO,K1:W4888I119H,"an FDA salt/solvate relationship links the pages, but the child page is not a salt form of the parent by structure or by name, so §3.1 does not license a merge","{""a"": ""TARTARIC ACID"", ""b"": ""Varenicline"", ""inchikey_child"": ""JQSHBVHOMNKWFT-DTORHVGOSA-N"", ""inchikey_parent"": ""FEWJPZIEWOKRBE-JCYAYHJZSA-N"", ""name_child"": ""varenicline"", ""name_parent"": ""tartaric acid"", ""origin"": ""gsrs:target_is_parent"", ""relationship"": ""target_is_salt""}"
K1:WHE7A56U7K,K1:W4888I119H,"an FDA salt/solvate relationship links the pages, but the child page is not a salt form of the parent by structure or by name, so §3.1 does not license a merge","{""a"": ""TARTARIC ACID"", ""b"": ""Tolterodine"", ""inchikey_child"": ""OOGJQPCLVADCPB-HXUWFJFHSA-N"", ""inchikey_parent"": ""FEWJPZIEWOKRBE-JCYAYHJZSA-N"", ""name_child"": ""tolterodine"", ""name_parent"": ""tartaric acid"", ""origin"": ""gsrs:target_is_parent"", ""relationship"": ""target_is_salt""}"
K1:WZB719DDER,K4:chromic,"same normalised name; one page holds a structure and the other holds none, so no structural rule applies","{""a"": ""Chromic Bromide"", ""b"": ""Chromic"", ""inchikey_a"": ""UZDWIWGMKWZEPE-UHFFFAOYSA-K"", ""inchikey_b"": null, ""normalised"": ""chromic"", ""origin"": ""name:chromic"", ""unii_a"": ""WZB719DDER"", ""unii_b"": null}"
K1:X49220T18G,K1:88XHZ13131,"an FDA salt/solvate relationship links the pages, but the child page is not a salt form of the parent by structure or by name, so §3.1 does not license a merge","{""a"": ""Fumaric Acid"", ""b"": ""Ketotifen"", ""inchikey_child"": ""ZCVMWBYGMWKGHF-UHFFFAOYSA-N"", ""inchikey_parent"": ""VZCYOOQTPOCHFL-OWOJBTEDSA-N"", ""name_child"": ""ketotifen"", ""name_parent"": ""fumaric acid"", ""origin"": ""gsrs:target_is_parent"", ""relationship"": ""target_is_salt""}"
K1:XG9ARL6P25,,the named item no longer names two live corpus pages; an earlier identity pass already merged or dropped them,"{""keys"": [""K1:U93HYZ4QU8"", ""K1:XG9ARL6P25""], ""origin"": ""suspected-nominal:plozasiran""}"
K1:XG9ARL6P25,,the named item no longer names two live corpus pages; an earlier identity pass already merged or dropped them,"{""keys"": [""K1:XG9ARL6P25"", ""K1:U93HYZ4QU8""], ""origin"": ""slug-collision:plozasiran""}"
K1:XM33Q67UVH,K1:5WBR90FN3H,"an FDA salt/solvate relationship links the pages, but the child page is not a salt form of the parent by structure or by name, so §3.1 does not license a merge","{""a"": ""Fosveset"", ""b"": ""GADOFOSVESET TRISODIUM"", ""inchikey_child"": ""PIZALBORPSCYJU-QSQMUHTISA-H"", ""inchikey_parent"": ""NZLPWFTXPYJYSS-AREMUKBSSA-N"", ""name_child"": ""gadofosveset"", ""name_parent"": ""fosveset"", ""origin"": ""gsrs:target_is_parent"", ""relationship"": ""target_is_salt""}"
K1:XWV9Z12C1C,K1:MG976Z29OM,"an FDA salt/solvate relationship links the pages, but the child page is not a salt form of the parent by structure or by name, so §3.1 does not license a merge","{""a"": ""Glyceryl Phosphate"", ""b"": ""CALCIUM GLYCEROPHOSPHATE"", ""inchikey_child"": ""UHHRFSOMMCWGSO-UHFFFAOYSA-L"", ""inchikey_parent"": ""XYZZKVRWGOWVGO-UHFFFAOYSA-N"", ""name_child"": ""calcium glycerophosphate"", ""name_parent"": ""glyceryl"", ""origin"": ""suspected-nominal:glycerophosphate"", ""relationship"": ""target_is_salt""}"
K1:XWV9Z12C1C,K1:WWH06G87W6,"an FDA salt/solvate relationship links the pages, but the child page is not a salt form of the parent by structure or by name, so §3.1 does not license a merge","{""a"": ""Glyceryl 2-PHOSPHATE"", ""b"": ""CALCIUM GLYCEROPHOSPHATE"", ""inchikey_child"": ""UHHRFSOMMCWGSO-UHFFFAOYSA-L"", ""inchikey_parent"": ""DHCLVCXQIBBOPH-UHFFFAOYSA-N"", ""name_child"": ""calcium glycerophosphate"", ""name_parent"": ""glyceryl 2"", ""origin"": ""gsrs:target_is_salt"", ""relationship"": ""target_is_salt""}"
K1:XZA9HY6Z98,K1:91XW058U2C,"an FDA salt/solvate relationship links the pages, but the child page is not a salt form of the parent by structure or by name, so §3.1 does not license a merge","{""a"": ""MALEIC ACID"", ""b"": ""Methysergide"", ""inchikey_child"": ""KPJZHOPZRAFDTN-ZRGWGRIASA-N"", ""inchikey_parent"": ""VZCYOOQTPOCHFL-UPHRSURJSA-N"", ""name_child"": ""methysergide"", ""name_parent"": ""maleic acid"", ""origin"": ""gsrs:target_is_parent"", ""relationship"": ""target_is_salt""}"
K1:Y6O7T4G8P9,K1:ETJ7Z6XBU4,"an FDA salt/solvate relationship links the pages, but the child page is not a salt form of the parent by structure or by name, so §3.1 does not license a merge","{""a"": ""SILICON DIOXIDE"", ""b"": ""Hydrated Silica"", ""inchikey_child"": ""LRCFXGAMWKDGLA-UHFFFAOYSA-N"", ""inchikey_parent"": ""VYPSYNLAJGMNEJ-UHFFFAOYSA-N"", ""name_child"": ""hydrated silica"", ""name_parent"": ""silicon dioxide"", ""origin"": ""gsrs:target_is_salt"", ""relationship"": ""target_is_salt""}"
K1:YG391PK0CC,,the named item no longer names two live corpus pages; an earlier identity pass already merged or dropped them,"{""keys"": [""K1:10R1YC115A"", ""K1:YG391PK0CC""], ""origin"": ""suspected-nominal:zilucoplan""}"
K1:YG391PK0CC,,the named item no longer names two live corpus pages; an earlier identity pass already merged or dropped them,"{""keys"": [""K1:YG391PK0CC"", ""K1:10R1YC115A""], ""origin"": ""slug-collision:zilucoplan""}"
K1:YHP6YLT61T,K1:91XW058U2C,"an FDA salt/solvate relationship links the pages, but the child page is not a salt form of the parent by structure or by name, so §3.1 does not license a merge","{""a"": ""MALEIC ACID"", ""b"": ""Prochlorperazine"", ""inchikey_child"": ""WIKYUJGCLQQFNW-UHFFFAOYSA-N"", ""inchikey_parent"": ""VZCYOOQTPOCHFL-UPHRSURJSA-N"", ""name_child"": ""prochlorperazine"", ""name_parent"": ""maleic acid"", ""origin"": ""gsrs:target_is_parent"", ""relationship"": ""target_is_salt""}"
K1:Z56D82TX8V,K1:30KYC7MIAI,"an FDA salt/solvate relationship links the pages, but the child page is not a salt form of the parent by structure or by name, so §3.1 does not license a merge","{""a"": ""Aspartic acid"", ""b"": ""FERROUS ASPARTATE"", ""inchikey_child"": ""KKPUODLFBBWJPH-DKWTVANSSA-L"", ""inchikey_parent"": ""CKLJMWTZIZZHCS-REOHCLBHSA-N"", ""name_child"": ""ferrous"", ""name_parent"": ""aspartic acid"", ""origin"": ""gsrs:target_is_salt"", ""relationship"": ""target_is_salt""}"
K1:Z8E46IA45W,K3:CHEMBL2109130,the evidence links the two pages but no rule in the spec's order decides them,"{""a"": ""Technetium TC-99M Albumin Aggregated"", ""b"": ""Macrosalb (131i)"", ""gsrs_relationship"": null, ""inchikey_a"": null, ""inchikey_b"": null, ""name_a"": ""technetium tc 99m albumin aggregated"", ""name_b"": ""macrosalb 131i"", ""origin"": ""suspected-nominal:macrosalb"", ""unii_a"": ""Z8E46IA45W"", ""unii_b"": null}"
K1:ZD4D8M32TL,,the named item no longer names two live corpus pages; an earlier identity pass already merged or dropped them,"{""keys"": [""K1:Y30VEG5PH1"", ""K1:ZD4D8M32TL""], ""origin"": ""suspected-nominal:donidalorsen""}"
K1:ZD4D8M32TL,,the named item no longer names two live corpus pages; an earlier identity pass already merged or dropped them,"{""keys"": [""K1:Y30VEG5PH1"", ""K1:ZD4D8M32TL""], ""origin"": ""slug-collision:donidalorsen""}"
K1:ZRW631PTZD,K1:W4888I119H,"an FDA salt/solvate relationship links the pages, but the child page is not a salt form of the parent by structure or by name, so §3.1 does not license a merge","{""a"": ""TARTARIC ACID"", ""b"": ""FERROUS TARTRATE"", ""inchikey_child"": ""OHZCFWMJMWFNFP-ZVGUSBNCSA-L"", ""inchikey_parent"": ""FEWJPZIEWOKRBE-JCYAYHJZSA-N"", ""name_child"": ""ferrous"", ""name_parent"": ""tartaric acid"", ""origin"": ""gsrs:target_is_salt"", ""relationship"": ""target_is_salt""}"
K1:ZS7284E0ZP,K1:XF417D3PSL,"an FDA salt/solvate relationship links the pages, but the child page is not a salt form of the parent by structure or by name, so §3.1 does not license a merge","{""a"": ""Anhydrous Citric Acid"", ""b"": ""Daunorubicin"", ""inchikey_child"": ""STQGQHZAVUOBTE-VGBVRHCVSA-N"", ""inchikey_parent"": ""KRKNYBCHXYNGOX-UHFFFAOYSA-N"", ""name_child"": ""daunorubicin"", ""name_parent"": ""anhydrous citric acid"", ""origin"": ""gsrs:target_is_parent"", ""relationship"": ""target_is_salt""}"
K2:MTMGAHSPYQRCFL-RNLOPGSRSA-N,K3:CHEMBL1201664,"same normalised name; one page holds a structure and the other holds none, so no structural rule applies","{""a"": ""Insulin Aspart Protamine Recombinant"", ""b"": ""INSULIN ASPART PROTAMINE RECOMBINANT"", ""inchikey_a"": ""MTMGAHSPYQRCFL-RNLOPGSRSA-N"", ""inchikey_b"": null, ""normalised"": ""insulin aspart protamine recombinant"", ""origin"": ""suspected-nominal:insulin aspart protamine recombinant"", ""unii_a"": null, ""unii_b"": null}"
K3:CHEMBL5314650,K4:technetium tc 99m labeled carbon,same normalised name and no structure on either page; the identity rules give no evidence that decides them,"{""a"": ""TECHNETIUM TC-99M LABELED CARBON"", ""b"": ""Technetium Tc-99m Labeled Carbon"", ""class_a"": null, ""class_b"": null, ""normalised"": ""technetium tc 99m labeled carbon"", ""origin"": ""suspected-nominal:technetium tc 99m labeled carbon"", ""unii_a"": null, ""unii_b"": null}"
"COMBO:{K1:1EQV5MLY3D,K1:8ID597Z82X}","COMBO:{K1:8ID597Z82X,K1:E524N2IXA3}","two combination records share an identifier but not their component sets; §3.7 keys a combination by its components, so they are different products unless a component merge makes the sets equal","{""components_a"": [""K1:1EQV5MLY3D"", ""K1:8ID597Z82X""], ""components_b"": [""K1:8ID597Z82X"", ""K1:E524N2IXA3""], ""origin"": ""gsrs:target_is_active_moiety""}"
"COMBO:{K1:1EQV5MLY3D,K1:8ID597Z82X}","COMBO:{K1:8ID597Z82X,K1:MU72812GK0}","two combination records share an identifier but not their component sets; §3.7 keys a combination by its components, so they are different products unless a component merge makes the sets equal","{""components_a"": [""K1:1EQV5MLY3D"", ""K1:8ID597Z82X""], ""components_b"": [""K1:8ID597Z82X"", ""K1:MU72812GK0""], ""origin"": ""gsrs:target_is_salt""}"
"COMBO:{K1:8ID597Z82X,K1:E524N2IXA3}","COMBO:{K1:8ID597Z82X,K1:MU72812GK0}","two combination records share an identifier but not their component sets; §3.7 keys a combination by its components, so they are different products unless a component merge makes the sets equal","{""components_a"": [""K1:8ID597Z82X"", ""K1:E524N2IXA3""], ""components_b"": [""K1:8ID597Z82X"", ""K1:MU72812GK0""], ""origin"": ""gsrs:target_is_salt""}"
HOLD:existing:pregnenolone,K1:73R90F7MQ8,the two pages carry the same UNII but different connectivity skeletons; §2 holds a K1/K2 disagreement for a person,"{""a"": ""Pregnenolone"", ""b"": ""PREGNENOLONE"", ""inchikey_a"": ""OZZAYJQNMKMUSD-DMISRAGPSA-N"", ""inchikey_b"": ""ORNBQBCIOKFOEO-QGVNFLHTSA-N"", ""origin"": ""suspected-nominal:pregnenolone"", ""unii"": ""73R90F7MQ8"", ""unii_source_a"": ""page-field"", ""unii_source_b"": ""page-key""}"
K1:015582E098,,the named item no longer names two live corpus pages; an earlier identity pass already merged or dropped them,"{""keys"": [""K1:015582E098"", ""K1:F3H59ON671""], ""origin"": ""suspected-nominal:atesidorsen""}"
K1:02I89C6K47,K4:cynanchum otophyllum,the evidence links the two pages but no rule in the spec's order decides them,"{""a"": ""Cynanchum Otophyllum Whole"", ""b"": ""Cynanchum Otophyllum"", ""gsrs_relationship"": null, ""inchikey_a"": null, ""inchikey_b"": null, ""name_a"": ""cynanchum otophyllum whole"", ""name_b"": ""cynanchum otophyllum"", ""origin"": ""suspected-nominal:cynanchum otophyllum"", ""unii_a"": ""02I89C6K47"", ""unii_b"": null}"
K1:05780F90V3,K1:327C7L2BXQ,the evidence links the two pages but no rule in the spec's order decides them,"{""a"": ""1-PHENETHYLAMINE, (-)-"", ""b"": ""Phenethylamine"", ""gsrs_relationship"": null, ""inchikey_a"": ""RQEUFEKYXDPUSK-ZETCQYMHSA-N"", ""inchikey_b"": ""BHHGXPLMPWCGHP-UHFFFAOYSA-N"", ""name_a"": ""1 phenethylamine"", ""name_b"": ""phenethylamine"", ""origin"": ""suspected-nominal:phenethylamine"", ""unii_a"": ""05780F90V3"", ""unii_b"": ""327C7L2BXQ""}"
K1:0867I0N41V,K1:185QAE24TR,the evidence links the two pages but no rule in the spec's order decides them,"{""a"": ""TOCOTRIENOL"", ""b"": ""GAMMA-TOCOTRIENOL"", ""gsrs_relationship"": null, ""inchikey_a"": ""GJJVAFUKOBZPCB-ZGRPYONQSA-N"", ""inchikey_b"": ""OTXNTMVVOOBZCV-WAZJVIJMSA-N"", ""name_a"": ""tocotrienol"", ""name_b"": ""gamma tocotrienol"", ""origin"": ""suspected-nominal:tocotrienol"", ""unii_a"": ""0867I0N41V"", ""unii_b"": ""185QAE24TR""}"
K1:0CF4C9C787,,the named item no longer names two live corpus pages; an earlier identity pass already merged or dropped them,"{""keys"": [""K1:D8IRN5V2N6"", ""K1:0CF4C9C787""], ""origin"": ""suspected-nominal:fesomersen""}"
K1:0JD5QG20W5,K1:5CSZ8459RP,the evidence links the two pages but no rule in the spec's order decides them,"{""a"": ""5'-DEOXY-5-FLUORO-N4-(2-METHYL-1-BUTYLOXYCARBONYL)CYTIDINE"", ""b"": ""CYTIDINE"", ""gsrs_relationship"": null, ""inchikey_a"": ""WBAXSXXYPPILCT-DGHYOTGBSA-N"", ""inchikey_b"": ""UHDGCWIWMRVCDJ-XVFCMESISA-N"", ""name_a"": ""5 deoxy 5 fluoro n4 2 methyl 1 butyloxycarbonyl cytidine"", ""name_b"": ""cytidine"", ""origin"": ""suspected-nominal:cytidine"", ""unii_a"": ""0JD5QG20W5"", ""unii_b"": ""5CSZ8459RP""}"
K1:0P49L952WZ,K4:andrographis paniculata,the evidence links the two pages but no rule in the spec's order decides them,"{""a"": ""Andrographis Paniculata Whole"", ""b"": ""Andrographis Paniculata"", ""gsrs_relationship"": null, ""inchikey_a"": null, ""inchikey_b"": null, ""name_a"": ""andrographis paniculata whole"", ""name_b"": ""andrographis paniculata"", ""origin"": ""suspected-nominal:andrographis paniculata"", ""unii_a"": ""0P49L952WZ"", ""unii_b"": null}"
K1:0TUL3ENK62,K1:WB09NY83YA,the evidence links the two pages but no rule in the spec's order decides them,"{""a"": ""2-BUTANOL"", ""b"": ""Butanol"", ""gsrs_relationship"": null, ""inchikey_a"": ""BTANRVKWQNVYAZ-UHFFFAOYSA-N"", ""inchikey_b"": ""LRHPLDYGYMQRHN-UHFFFAOYSA-N"", ""name_a"": ""2 butanol"", ""name_b"": ""butanol"", ""origin"": ""suspected-nominal:butanol"", ""unii_a"": ""0TUL3ENK62"", ""unii_b"": ""WB09NY83YA""}"
K1:185M5I2ZZN,K1:4A5OM7PI18,same normalised name and no structure on either page; the identity rules give no evidence that decides them,"{""a"": ""TOLEVAMER SODIUM"", ""b"": ""TOLEVAMER POTASSIUM SODIUM"", ""class_a"": ""polymer"", ""class_b"": ""polymer"", ""normalised"": ""tolevamer"", ""origin"": ""suspected-nominal:tolevamer"", ""unii_a"": ""185M5I2ZZN"", ""unii_b"": ""4A5OM7PI18""}"
K1:1BT0256Y8O,K1:FML65D8PY5,the evidence links the two pages but no rule in the spec's order decides them,"{""a"": ""BETA-NAPHTHOFLAVONE"", ""b"": ""Alpha-Naphthoflavone"", ""gsrs_relationship"": null, ""inchikey_a"": ""OUGIDAPQYNCXRA-UHFFFAOYSA-N"", ""inchikey_b"": ""VFMMPHCGEFXGIP-UHFFFAOYSA-N"", ""name_a"": ""beta naphthoflavone"", ""name_b"": ""alpha naphthoflavone"", ""origin"": ""suspected-nominal:naphthoflavone"", ""unii_a"": ""1BT0256Y8O"", ""unii_b"": ""FML65D8PY5""}"
K1:21M14KDA67,K1:L65MV77ZG6,the evidence links the two pages but no rule in the spec's order decides them,"{""a"": ""Alpha-Terpineol"", ""b"": ""4-TERPINEOL, (+/-)-"", ""gsrs_relationship"": null, ""inchikey_a"": ""WUOACPNHFRMFPN-VIFPVBQESA-N"", ""inchikey_b"": ""WRYLYDPHFGVWKC-UHFFFAOYSA-N"", ""name_a"": ""alpha terpineol"", ""name_b"": ""4 terpineol"", ""origin"": ""suspected-nominal:terpineol"", ""unii_a"": ""21M14KDA67"", ""unii_b"": ""L65MV77ZG6""}"
K1:256UZ34AF2,,the named item no longer names two live corpus pages; an earlier identity pass already merged or dropped them,"{""keys"": [""K1:HX4CRZ94FC"", ""K1:256UZ34AF2""], ""origin"": ""suspected-nominal:imdusiran""}"
K1:2855UV552L,K1:NV1779205D,the evidence links the two pages but no rule in the spec's order decides them,"{""a"": ""2-OCTANOL, (2S)-"", ""b"": ""Caprylic Alcohol"", ""gsrs_relationship"": null, ""inchikey_a"": ""SJWFXCIHNDVPSH-QMMMGPOBSA-N"", ""inchikey_b"": ""KBPLFHHGFOOTCA-UHFFFAOYSA-N"", ""name_a"": ""2 octanol 2s"", ""name_b"": ""caprylic alcohol"", ""origin"": ""suspected-nominal:octanol"", ""unii_a"": ""2855UV552L"", ""unii_b"": ""NV1779205D""}"
K1:2D5MRE3SSY,,the named item no longer names two live corpus pages; an earlier identity pass already merged or dropped them,"{""keys"": [""K1:945CRJ0XZ0"", ""K1:2D5MRE3SSY""], ""origin"": ""suspected-nominal:timbetasin""}"
K1:2H47U2SBVO,,the named item no longer names two live corpus pages; an earlier identity pass already merged or dropped them,"{""keys"": [""K1:2H47U2SBVO"", ""K1:PX4Q8LA7G6""], ""origin"": ""suspected-nominal:tivanisiran""}"
K1:2L9GJK6MGN,K1:Y77501141O,the evidence links the two pages but no rule in the spec's order decides them,"{""a"": ""BIPHENYL"", ""b"": ""Bicyclohexyl"", ""gsrs_relationship"": null, ""inchikey_a"": ""ZUOUZKKEUPVFJK-UHFFFAOYSA-N"", ""inchikey_b"": ""WVIIMZNLDWSIRH-UHFFFAOYSA-N"", ""name_a"": ""biphenyl"", ""name_b"": ""bicyclohexyl"", ""origin"": ""suspected-nominal:biphenyl"", ""unii_a"": ""2L9GJK6MGN"", ""unii_b"": ""Y77501141O""}"
K1:309713XSKW,K1:91XW058U2C,"an FDA salt/solvate relationship links the pages, but the child page is not a salt form of the parent by structure or by name, so §3.1 does not license a merge","{""a"": ""Cipralisant"", ""b"": ""MALEIC ACID"", ""inchikey_child"": ""CVKJAXCQPFOAIN-VXGBXAGGSA-N"", ""inchikey_parent"": ""VZCYOOQTPOCHFL-UPHRSURJSA-N"", ""name_child"": ""cipralisant"", ""name_parent"": ""maleic acid"", ""origin"": ""gsrs:target_is_parent"", ""relationship"": ""target_is_parent""}"
K1:31N550RD05,,the named item no longer names two live corpus pages; an earlier identity pass already merged or dropped them,"{""keys"": [""K1:31N550RD05"", ""K1:S6A2UYH57V""], ""origin"": ""suspected-nominal:danvatirsen""}"
K1:328101264R,,the named item no longer names two live corpus pages; an earlier identity pass already merged or dropped them,"{""keys"": [""K1:WWI522K8NY"", ""K1:328101264R""], ""origin"": ""suspected-nominal:cobitolimod""}"
K1:378RL020QM,,the named item no longer names two live corpus pages; an earlier identity pass already merged or dropped them,"{""keys"": [""K1:378RL020QM"", ""K1:7EL4K2K27P""], ""origin"": ""suspected-nominal:afovirsen""}"
K1:3FPU23BG52,K1:U6Z9ZSG4XG,the evidence links the two pages but no rule in the spec's order decides them,"{""a"": ""TOLUENE"", ""b"": ""(((3Z)-3-HEXENYLOXY)METHYL)BENZENE"", ""gsrs_relationship"": null, ""inchikey_a"": ""YXFVVABEGXRONW-UHFFFAOYSA-N"", ""inchikey_b"": ""PCHRJGRKKJOULQ-ARJAWSKDSA-N"", ""name_a"": ""toluene"", ""name_b"": ""3z 3 hexenyloxy methyl benzene"", ""origin"": ""suspected-nominal:toluene"", ""unii_a"": ""3FPU23BG52"", ""unii_b"": ""U6Z9ZSG4XG""}"
K1:3JKW7CI9IU,,the named item no longer names two live corpus pages; an earlier identity pass already merged or dropped them,"{""keys"": [""K1:3JKW7CI9IU"", ""K1:27193E2Y44""], ""origin"": ""suspected-nominal:cobomarsen""}"
K1:3RJ6WVX57J,,the named item no longer names two live corpus pages; an earlier identity pass already merged or dropped them,"{""keys"": [""K1:3RJ6WVX57J"", ""K1:YU6F4W95PG""], ""origin"": ""suspected-nominal:lefelsiran""}"
K1:3VNC7T6Z02,K1:SA8AR2W4ER,the evidence links the two pages but no rule in the spec's order decides them,"{""a"": ""Matricaria Chamomilla Flowering Top"", ""b"": ""Matricaria Chamomilla Flowering Top Oil"", ""gsrs_relationship"": null, ""inchikey_a"": null, ""inchikey_b"": null, ""name_a"": ""matricaria chamomilla flowering top"", ""name_b"": ""matricaria chamomilla flowering top oil"", ""origin"": ""suspected-nominal:matricaria chamomilla flowering top"", ""unii_a"": ""3VNC7T6Z02"", ""unii_b"": ""SA8AR2W4ER""}"
K1:48OVY2OC72,K1:935XD1L5K2,the evidence links the two pages but no rule in the spec's order decides them,"{""a"": ""SODIUM ARSENITE"", ""b"": ""Arsenous Acid"", ""gsrs_relationship"": null, ""inchikey_a"": ""PTLRDCMBXHILCL-UHFFFAOYSA-M"", ""inchikey_b"": ""GCPXMJHSNVMWNM-UHFFFAOYSA-N"", ""name_a"": ""sodium arsenite"", ""name_b"": ""arsenous acid"", ""origin"": ""suspected-nominal:arsenite"", ""unii_a"": ""48OVY2OC72"", ""unii_b"": ""935XD1L5K2""}"
K1:4G1MLN2EKF,K1:PE152PYI6M,a merge chain would join two pages that an exception class keeps separate; the whole chain is held for the second opinion,"{""component"": [""K1:4G1MLN2EKF"", ""K1:F9S9FFU82N"", ""K1:P2Y1C6M9PS"", ""K1:PE152PYI6M""]}"
K1:4PIB2155QP,K1:71X53V3RZ1,the evidence links the two pages but no rule in the spec's order decides them,"{""a"": ""Beef"", ""b"": ""2-(CYCLOHEXYLAMINO)ETHANESULFONIC Acid"", ""gsrs_relationship"": null, ""inchikey_a"": null, ""inchikey_b"": ""MKWKNSIESPFAQN-UHFFFAOYSA-N"", ""name_a"": ""beef"", ""name_b"": ""2 cyclohexylamino ethanesulfonic acid"", ""origin"": ""suspected-nominal:beef"", ""unii_a"": ""4PIB2155QP"", ""unii_b"": ""71X53V3RZ1""}"
K1:4QW4AN84NQ,,the named item no longer names two live corpus pages; an earlier identity pass already merged or dropped them,"{""keys"": [""K1:4QW4AN84NQ"", ""K1:V5T10N50RD""], ""origin"": ""suspected-nominal:semuloparin""}"
K1:4UCX5GAV96,,the named item no longer names two live corpus pages; an earlier identity pass already merged or dropped them,"{""keys"": [""K1:4UCX5GAV96"", ""K1:5511VZ6NRQ""], ""origin"": ""suspected-nominal:plovamer""}"
K1:4UG613F036,,the named item no longer names two live corpus pages; an earlier identity pass already merged or dropped them,"{""keys"": [""K1:8TW510F64S"", ""K1:4UG613F036""], ""origin"": ""suspected-nominal:edifoligide""}"
K1:4V6I63LW1E,K1:206J6X63BE,"an FDA salt/solvate relationship links the pages, but the child page is not a salt form of the parent by structure or by name, so §3.1 does not license a merge","{""a"": ""Tiomolibdic acid"", ""b"": ""TIOMOLIBDATE DIAMMONIUM"", ""inchikey_child"": ""CPIZRIMRMFIAAQ-UHFFFAOYSA-L"", ""inchikey_parent"": ""IEGNLZVDENYZEJ-UHFFFAOYSA-L"", ""name_child"": ""tiomolibdate diammonium"", ""name_parent"": ""tiomolibdic acid"", ""origin"": ""gsrs:target_is_parent"", ""relationship"": ""target_is_salt""}"
K1:4VON5FNS3C,K1:65OE787Q7W,the evidence links the two pages but no rule in the spec's order decides them,"{""a"": ""SODIUM METABISULFITE"", ""b"": ""POTASSIUM METABISULFITE"", ""gsrs_relationship"": null, ""inchikey_a"": ""HRZFUMHJMZEROT-UHFFFAOYSA-L"", ""inchikey_b"": ""RWPGFSMJFRPDDP-UHFFFAOYSA-L"", ""name_a"": ""sodium metabisulfite"", ""name_b"": ""potassium metabisulfite"", ""origin"": ""suspected-nominal:metabisulfite"", ""unii_a"": ""4VON5FNS3C"", ""unii_b"": ""65OE787Q7W""}"
K1:4YGF4PQP49,K1:I24X278AP1,the evidence links the two pages but no rule in the spec's order decides them,"{""a"": ""Gamma-Terpinene"", ""b"": ""ALPHA-TERPINENE"", ""gsrs_relationship"": null, ""inchikey_a"": ""YKFLAYDHMOASIY-UHFFFAOYSA-N"", ""inchikey_b"": ""YHQGMYUVUMAZJR-UHFFFAOYSA-N"", ""name_a"": ""gamma terpinene"", ""name_b"": ""alpha terpinene"", ""origin"": ""suspected-nominal:terpinene"", ""unii_a"": ""4YGF4PQP49"", ""unii_b"": ""I24X278AP1""}"
K1:5313W10MYT,,the named item no longer names two live corpus pages; an earlier identity pass already merged or dropped them,"{""keys"": [""K1:79UH94646K"", ""K1:5313W10MYT""], ""origin"": ""suspected-nominal:avexitide""}"
K1:59CF90960T,K2:AQTNUGRRZDRZIA-UHFFFAOYSA-N,the evidence links the two pages but no rule in the spec's order decides them,"{""a"": ""LYS-006"", ""b"": ""CPD 22"", ""gsrs_relationship"": null, ""inchikey_a"": ""ZEGMEJVULDALSH-NSHDSACASA-N"", ""inchikey_b"": ""AQTNUGRRZDRZIA-UHFFFAOYSA-N"", ""name_a"": ""lys 006"", ""name_b"": ""cpd 22"", ""origin"": ""suspected-nominal:cpd 22"", ""unii_a"": ""59CF90960T"", ""unii_b"": null}"
K1:5CXP06X16D,K1:KUB8101TNF,the evidence links the two pages but no rule in the spec's order decides them,"{""a"": ""Camellia Japonica Flower Oil"", ""b"": ""Camellia Japonica Flower"", ""gsrs_relationship"": null, ""inchikey_a"": null, ""inchikey_b"": null, ""name_a"": ""camellia japonica flower oil"", ""name_b"": ""camellia japonica flower"", ""origin"": ""suspected-nominal:camellia japonica flower"", ""unii_a"": ""5CXP06X16D"", ""unii_b"": ""KUB8101TNF""}"
K1:5G6HL9K2G4,,the named item no longer names two live corpus pages; an earlier identity pass already merged or dropped them,"{""keys"": [""K1:5G6HL9K2G4"", ""K1:7FT6J26HG9""], ""origin"": ""suspected-nominal:zifcasiran""}"
K1:5G7N7E908H,,the named item no longer names two live corpus pages; an earlier identity pass already merged or dropped them,"{""keys"": [""K1:5G7N7E908H"", ""K1:6PVO8I3BR9""], ""origin"": ""suspected-nominal:delcasertib""}"
K1:5Q1I94P4WG,K4:rose geranium,the evidence links the two pages but no rule in the spec's order decides them,"{""a"": ""Rose Geranium Oil"", ""b"": ""Rose Geranium"", ""gsrs_relationship"": null, ""inchikey_a"": null, ""inchikey_b"": null, ""name_a"": ""rose geranium oil"", ""name_b"": ""rose geranium"", ""origin"": ""suspected-nominal:rose geranium"", ""unii_a"": ""5Q1I94P4WG"", ""unii_b"": null}"
K1:5Z657QHG6F,,the named item no longer names two live corpus pages; an earlier identity pass already merged or dropped them,"{""keys"": [""K1:5Z657QHG6F"", ""K1:UY95M62TKD""], ""origin"": ""suspected-nominal:xalnesiran""}"
K1:6930DL209R,,the named item no longer names two live corpus pages; an earlier identity pass already merged or dropped them,"{""keys"": [""K1:I1BSR8FDW9"", ""K1:6930DL209R""], ""origin"": ""suspected-nominal:curdlan""}"
K1:724GKU717M,K4:jojoba,the evidence links the two pages but no rule in the spec's order decides them,"{""a"": ""Jojoba Oil"", ""b"": ""Jojoba"", ""gsrs_relationship"": null, ""inchikey_a"": null, ""inchikey_b"": null, ""name_a"": ""jojoba oil"", ""name_b"": ""jojoba"", ""origin"": ""suspected-nominal:jojoba"", ""unii_a"": ""724GKU717M"", ""unii_b"": null}"
K1:72Q967Y48V,K1:JDR81QW9ZQ,the evidence links the two pages but no rule in the spec's order decides them,"{""a"": ""Artemisia Vulgaris Oil"", ""b"": ""Artemisia Vulgaris Whole"", ""gsrs_relationship"": null, ""inchikey_a"": null, ""inchikey_b"": null, ""name_a"": ""artemisia vulgaris oil"", ""name_b"": ""artemisia vulgaris whole"", ""origin"": ""suspected-nominal:artemisia vulgaris"", ""unii_a"": ""72Q967Y48V"", ""unii_b"": ""JDR81QW9ZQ""}"
K1:7857H94KHM,K1:5KV86114PT,"an FDA salt/solvate relationship links the pages, but the child page is not a salt form of the parent by structure or by name, so §3.1 does not license a merge","{""a"": ""Ethanolamine"", ""b"": ""Thioglycolic Acid"", ""inchikey_child"": ""CWERGRDVMFNCDR-UHFFFAOYSA-N"", ""inchikey_parent"": ""HZAXFHJVJLSVMW-UHFFFAOYSA-N"", ""name_child"": ""thioglycolic acid"", ""name_parent"": ""ethanolamine"", ""origin"": ""gsrs:target_is_parent"", ""relationship"": ""target_is_salt""}"
K1:7A7G0PQI12,K1:8H4VM8NQA5,the evidence links the two pages but no rule in the spec's order decides them,"{""a"": ""Cervus Elaphus Horn Oil"", ""b"": ""Cervus Elaphus Horn"", ""gsrs_relationship"": null, ""inchikey_a"": null, ""inchikey_b"": null, ""name_a"": ""cervus elaphus horn oil"", ""name_b"": ""cervus elaphus horn"", ""origin"": ""suspected-nominal:cervus elaphus horn"", ""unii_a"": ""7A7G0PQI12"", ""unii_b"": ""8H4VM8NQA5""}"
K1:7OXK16K08B,,the named item no longer names two live corpus pages; an earlier identity pass already merged or dropped them,"{""keys"": [""K1:H255GGK3NZ"", ""K1:7OXK16K08B""], ""origin"": ""suspected-nominal:rovanersen""}"
K1:7RRX3XD4VY,,the named item no longer names two live corpus pages; an earlier identity pass already merged or dropped them,"{""keys"": [""K1:K913U54BW7"", ""K1:7RRX3XD4VY""], ""origin"": ""suspected-nominal:solbinsiran""}"
K1:7S686LQT6T,K1:NS3OZT14QT,the evidence links the two pages but no rule in the spec's order decides them,"{""a"": ""Osbond Acid"", ""b"": ""DOCOSAPENTAENOIC ACID"", ""gsrs_relationship"": null, ""inchikey_a"": ""AVKOENOBFIYBSA-WMPRHZDHSA-N"", ""inchikey_b"": ""YUFFSWGQGVEMMI-JLNKQSITSA-N"", ""name_a"": ""osbond acid"", ""name_b"": ""docosapentaenoic acid"", ""origin"": ""suspected-nominal:docosapentaenoic acid"", ""unii_a"": ""7S686LQT6T"", ""unii_b"": ""NS3OZT14QT""}"
K1:7UP781YBR6,K1:TW371I5GLO,a merge chain would join two pages that an exception class keeps separate; the whole chain is held for the second opinion,"{""component"": [""K1:41728CY7UX"", ""K1:7UP781YBR6"", ""K1:DJJ95FJP1H"", ""K1:JQ69D454N1"", ""K1:K91YT16P5M"", ""K1:O414PZ4LPZ"", ""K1:TW371I5GLO"", ""K1:WIQ1H85SYP""]}"
K1:7YNJ3PO35Z,K1:X6T6YN87SU,the evidence links the two pages but no rule in the spec's order decides them,"{""a"": ""Hydrogen"", ""b"": ""POTASSIUM SODIUM HYDROGEN CITRATE"", ""gsrs_relationship"": null, ""inchikey_a"": ""UFHFLCQGNIYNRP-UHFFFAOYSA-N"", ""inchikey_b"": ""COSZWAUYIUYQBS-UHFFFAOYSA-B"", ""name_a"": ""hydrogen"", ""name_b"": ""potassium"", ""origin"": ""suspected-nominal:hydrogen"", ""unii_a"": ""7YNJ3PO35Z"", ""unii_b"": ""X6T6YN87SU""}"
K1:7YNJ3PO35Z,K2:FNWVPWJMPKZALM-UHFFFAOYSA-B,the evidence links the two pages but no rule in the spec's order decides them,"{""a"": ""Hydrogen"", ""b"": ""POTASSIUM SODIUM HYDROGEN CITRATE ANHYDROUS"", ""gsrs_relationship"": null, ""inchikey_a"": ""UFHFLCQGNIYNRP-UHFFFAOYSA-N"", ""inchikey_b"": ""FNWVPWJMPKZALM-UHFFFAOYSA-B"", ""name_a"": ""hydrogen"", ""name_b"": ""potassium"", ""origin"": ""suspected-nominal:hydrogen"", ""unii_a"": ""7YNJ3PO35Z"", ""unii_b"": null}"
K1:83DNB5FIRF,K1:UP39BHE708,the evidence links the two pages but no rule in the spec's order decides them,"{""a"": ""SHOGAOL"", ""b"": ""(10)-SHOGAOL"", ""gsrs_relationship"": null, ""inchikey_a"": ""OQWKEEOHDMUXEO-BQYQJAHWSA-N"", ""inchikey_b"": ""FADFGCOCHHNRHF-VAWYXSNFSA-N"", ""name_a"": ""shogaol"", ""name_b"": ""10 shogaol"", ""origin"": ""suspected-nominal:shogaol"", ""unii_a"": ""83DNB5FIRF"", ""unii_b"": ""UP39BHE708""}"
K1:85J5ZP6YSL,,the named item no longer names two live corpus pages; an earlier identity pass already merged or dropped them,"{""keys"": [""K1:SH55B0RQ9K"", ""K1:85J5ZP6YSL""], ""origin"": ""suspected-nominal:oblimersen""}"
K1:8L70Q75FXE,K1:NYX13NT29D,the evidence links the two pages but no rule in the spec's order decides them,"{""a"": ""ADENOSINE TRIPHOSPHATE"", ""b"": ""(.ALPHA.,.BETA.-METHYLENE)ADENOSINE 5'-TRIPHOSPHATE"", ""gsrs_relationship"": null, ""inchikey_a"": ""ZKHQWZAMYRWXGA-KQYNXXCUSA-N"", ""inchikey_b"": ""CAWZRIXWFRFUQB-IOSLPCCCSA-N"", ""name_a"": ""adenosine triphosphate"", ""name_b"": ""alpha beta methylene adenosine 5 triphosphate"", ""origin"": ""suspected-nominal:adenosine triphosphate"", ""unii_a"": ""8L70Q75FXE"", ""unii_b"": ""NYX13NT29D""}"
K1:901MC95XSB,K1:91XW058U2C,"an FDA salt/solvate relationship links the pages, but the child page is not a salt form of the parent by structure or by name, so §3.1 does not license a merge","{""a"": ""Zatosetron"", ""b"": ""MALEIC ACID"", ""inchikey_child"": ""SPKBYQZELVEOLL-QDMKHBRRSA-N"", ""inchikey_parent"": ""VZCYOOQTPOCHFL-UPHRSURJSA-N"", ""name_child"": ""zatosetron"", ""name_parent"": ""maleic acid"", ""origin"": ""gsrs:target_is_parent"", ""relationship"": ""target_is_parent""}"
K1:91GW059KN7,K1:YQQ2QQ3URK,the evidence links the two pages but no rule in the spec's order decides them,"{""a"": ""ETHYLENE"", ""b"": ""(1,1,2,2-TETRAFLUOROETHOXY)ETHYLENE"", ""gsrs_relationship"": null, ""inchikey_a"": ""VGGSQFUCUMXWEO-UHFFFAOYSA-N"", ""inchikey_b"": ""DJMQRXRWMWKDAP-UHFFFAOYSA-N"", ""name_a"": ""ethylene"", ""name_b"": ""1 1 2 2 tetrafluoroethoxy ethylene"", ""origin"": ""suspected-nominal:ethylene"", ""unii_a"": ""91GW059KN7"", ""unii_b"": ""YQQ2QQ3URK""}"
K1:925QK2Z900,K1:ND6ZLI4J0V,the evidence links the two pages but no rule in the spec's order decides them,"{""a"": ""GINGEROL"", ""b"": ""(10)-GINGEROL"", ""gsrs_relationship"": null, ""inchikey_a"": ""NLDDIKRKFXEWBK-AWEZNQCLSA-N"", ""inchikey_b"": ""AIULWNKTYPZYAN-SFHVURJKSA-N"", ""name_a"": ""gingerol"", ""name_b"": ""10 gingerol"", ""origin"": ""suspected-nominal:gingerol"", ""unii_a"": ""925QK2Z900"", ""unii_b"": ""ND6ZLI4J0V""}"
K1:9871T0PD5P,K1:B423VGH5S9,the evidence links the two pages but no rule in the spec's order decides them,"{""a"": ""APPLE JUICE"", ""b"": ""Apple"", ""gsrs_relationship"": null, ""inchikey_a"": null, ""inchikey_b"": null, ""name_a"": ""apple juice"", ""name_b"": ""apple"", ""origin"": ""suspected-nominal:apple"", ""unii_a"": ""9871T0PD5P"", ""unii_b"": ""B423VGH5S9""}"
K1:9GA4548JGJ,,the named item no longer names two live corpus pages; an earlier identity pass already merged or dropped them,"{""keys"": [""K1:IZS5WP04OR"", ""K1:9GA4548JGJ""], ""origin"": ""suspected-nominal:trecovirsen""}"
K1:A7YG62NHZ6,,the named item no longer names two live corpus pages; an earlier identity pass already merged or dropped them,"{""keys"": [""K1:X70RY8Q6LI"", ""K1:A7YG62NHZ6""], ""origin"": ""suspected-nominal:vupanorsen""}"
K1:AMW2VPZ3XD,,the named item no longer names two live corpus pages; an earlier identity pass already merged or dropped them,"{""keys"": [""K1:RV6BTB6SX2"", ""K1:AMW2VPZ3XD""], ""origin"": ""suspected-nominal:lexanersen""}"
K1:AXQ9493NT2,,the named item no longer names two live corpus pages; an earlier identity pass already merged or dropped them,"{""keys"": [""K1:37YVE86ZYS"", ""K1:AXQ9493NT2""], ""origin"": ""suspected-nominal:zilganersen""}"
K1:AYT02NS64S,K4:bidens pilosa,the evidence links the two pages but no rule in the spec's order decides them,"{""a"": ""Bidens Pilosa Whole"", ""b"": ""Bidens Pilosa"", ""gsrs_relationship"": null, ""inchikey_a"": null, ""inchikey_b"": null, ""name_a"": ""bidens pilosa whole"", ""name_b"": ""bidens pilosa"", ""origin"": ""suspected-nominal:bidens pilosa"", ""unii_a"": ""AYT02NS64S"", ""unii_b"": null}"
K1:BX8TS73ATE,,the named item no longer names two live corpus pages; an earlier identity pass already merged or dropped them,"{""keys"": [""K1:V7THR3L5GC"", ""K1:BX8TS73ATE""], ""origin"": ""suspected-nominal:obeversen""}"
K1:C5M4585ZBZ,K4:camellia sinensis,the evidence links the two pages but no rule in the spec's order decides them,"{""a"": ""Camellia Sinensis Whole"", ""b"": ""Camellia Sinensis"", ""gsrs_relationship"": null, ""inchikey_a"": null, ""inchikey_b"": null, ""name_a"": ""camellia sinensis whole"", ""name_b"": ""camellia sinensis"", ""origin"": ""suspected-nominal:camellia sinensis"", ""unii_a"": ""C5M4585ZBZ"", ""unii_b"": null}"
K1:D81QY6I88E,,"two pages collide on a display name and nothing recorded for them - substance class, primary target, stereo descriptor, UNII or structure - tells one from the other","{""displayName"": ""LINALOOL"", ""normalised"": ""linalool""}"
K1:D86I0XLB13,,the named item no longer names two live corpus pages; an earlier identity pass already merged or dropped them,"{""keys"": [""K1:D86I0XLB13"", ""K1:9651C21W3Z""], ""origin"": ""suspected-nominal:mitiglinide""}"
K1:DXS4HJC32N,,the named item no longer names two live corpus pages; an earlier identity pass already merged or dropped them,"{""keys"": [""K1:DXS4HJC32N"", ""K1:6BGP5P5P2C""], ""origin"": ""suspected-nominal:sapablursen""}"
K1:DY02T48R2B,K1:LJ16641SFT,"an FDA salt/solvate relationship links the pages, but the child page is not a salt form of the parent by structure or by name, so §3.1 does not license a merge","{""a"": ""ETIRINOTECAN PEGOL TETRATRIFLUTATE"", ""b"": ""Etirinotecan pegol"", ""inchikey_child"": null, ""inchikey_parent"": null, ""name_child"": ""etirinotecan pegol tetratriflutate"", ""name_parent"": ""etirinotecan pegol"", ""origin"": ""gsrs:target_is_salt"", ""relationship"": ""target_is_parent""}"
K1:E422BH4BRK,,the named item no longer names two live corpus pages; an earlier identity pass already merged or dropped them,"{""keys"": [""K1:A8P3J9MPQ3"", ""K1:E422BH4BRK""], ""origin"": ""suspected-nominal:zilebesiran""}"
K1:E524N2IXA3,K1:ER5I1W795A,"an FDA salt/solvate relationship links the pages, but the child page is not a salt form of the parent by structure or by name, so §3.1 does not license a merge","{""a"": ""Ornithine"", ""b"": ""PHENYLACETIC ACID"", ""inchikey_child"": ""AHLPHDHHMVZTML-BYPYZUCNSA-N"", ""inchikey_parent"": ""WLJVXDMOQOGPHL-UHFFFAOYSA-N"", ""name_child"": ""ornithine"", ""name_parent"": ""phenylacetic acid"", ""origin"": ""gsrs:target_is_parent"", ""relationship"": ""target_is_parent""}"
K1:E6CKI5C54O,K1:88XHZ13131,"an FDA salt/solvate relationship links the pages, but the child page is not a salt form of the parent by structure or by name, so §3.1 does not license a merge","{""a"": ""Fumaric Acid"", ""b"": ""ABT-925 Anhydrous Free Base"", ""inchikey_child"": ""KXVAICSRMHXLJN-UHFFFAOYSA-N"", ""inchikey_parent"": ""VZCYOOQTPOCHFL-OWOJBTEDSA-N"", ""name_child"": ""abt 925 anhydrous free base"", ""name_parent"": ""fumaric acid"", ""origin"": ""gsrs:target_is_parent"", ""relationship"": ""target_is_salt""}"
K1:E8FPK78470,K1:UC6I41G62N,"an FDA salt/solvate relationship links the pages, but the child page is not a salt form of the parent by structure or by name, so §3.1 does not license a merge","{""a"": ""1,5-NAPHTHALENEDISULFONIC Acid"", ""b"": ""ACLATONIUM"", ""inchikey_child"": ""XTEGVFVZDVNBPF-UHFFFAOYSA-N"", ""inchikey_parent"": ""SRZGFCNCQUMTCP-UHFFFAOYSA-N"", ""name_child"": ""1 5 naphthalenedisulfonic acid"", ""name_parent"": ""aclatonium"", ""origin"": ""gsrs:target_is_parent"", ""relationship"": ""target_is_parent""}"
K1:EN8XKG133D,K2:HZQRATOABKBXJZ-STTLGUQMSA-N,the two pages carry the same UNII but different connectivity skeletons; §2 holds a K1/K2 disagreement for a person,"{""a"": ""Nisin"", ""b"": ""NISIN"", ""inchikey_a"": ""NVNLLIYOARQCIX-GSJOZIGCSA-N"", ""inchikey_b"": ""HZQRATOABKBXJZ-STTLGUQMSA-N"", ""origin"": ""suspected-nominal:nisin"", ""unii"": ""EN8XKG133D"", ""unii_source_a"": ""page-key"", ""unii_source_b"": ""page-field""}"
K1:ERZ60E6B7C,K1:91XW058U2C,"an FDA salt/solvate relationship links the pages, but the child page is not a salt form of the parent by structure or by name, so §3.1 does not license a merge","{""a"": ""MALEIC ACID"", ""b"": ""Icopezil"", ""inchikey_child"": ""MTCMTKNMZCPKLX-UHFFFAOYSA-N"", ""inchikey_parent"": ""VZCYOOQTPOCHFL-UPHRSURJSA-N"", ""name_child"": ""icopezil"", ""name_parent"": ""maleic acid"", ""origin"": ""gsrs:target_is_parent"", ""relationship"": ""target_is_salt""}"
K1:F3IN55X5PO,K4:patchouly,the evidence links the two pages but no rule in the spec's order decides them,"{""a"": ""Patchouly Oil"", ""b"": ""Patchouly"", ""gsrs_relationship"": null, ""inchikey_a"": null, ""inchikey_b"": null, ""name_a"": ""patchouly oil"", ""name_b"": ""patchouly"", ""origin"": ""suspected-nominal:patchouly"", ""unii_a"": ""F3IN55X5PO"", ""unii_b"": null}"
K1:F3NU7CDG3E,,the named item no longer names two live corpus pages; an earlier identity pass already merged or dropped them,"{""keys"": [""K1:NZ52LD879F"", ""K1:F3NU7CDG3E""], ""origin"": ""suspected-nominal:rapirosiran""}"
K1:F4VNO44C09,,"two pages collide on a display name and nothing recorded for them - substance class, primary target, stereo descriptor, UNII or structure - tells one from the other","{""displayName"": ""Linalool"", ""normalised"": ""linalool""}"
K1:F77TA4U3SP,,the named item no longer names two live corpus pages; an earlier identity pass already merged or dropped them,"{""keys"": [""K1:F77TA4U3SP"", ""K1:0U89WRQ06U""], ""origin"": ""suspected-nominal:rugonersen""}"
K1:F8H3J9KSY9,,the named item no longer names two live corpus pages; an earlier identity pass already merged or dropped them,"{""keys"": [""K1:F8H3J9KSY9"", ""K1:8Q3B8SV59L""], ""origin"": ""suspected-nominal:astodrimer""}"
K1:FMT95051CQ,,the named item no longer names two live corpus pages; an earlier identity pass already merged or dropped them,"{""keys"": [""K1:FMT95051CQ"", ""K1:1U68ZWZ6OX""], ""origin"": ""suspected-nominal:aprinocarsen""}"
K1:G287IC9MH3,,the named item no longer names two live corpus pages; an earlier identity pass already merged or dropped them,"{""keys"": [""K1:G287IC9MH3"", ""K1:I6CNU8SY0F""], ""origin"": ""suspected-nominal:tilsotolimod""}"
K1:GB4GHH2W9G,K4:rhododendron caucasicum,the evidence links the two pages but no rule in the spec's order decides them,"{""a"": ""Rhododendron Caucasicum Whole"", ""b"": ""Rhododendron Caucasicum"", ""gsrs_relationship"": null, ""inchikey_a"": null, ""inchikey_b"": null, ""name_a"": ""rhododendron caucasicum whole"", ""name_b"": ""rhododendron caucasicum"", ""origin"": ""suspected-nominal:rhododendron caucasicum"", ""unii_a"": ""GB4GHH2W9G"", ""unii_b"": null}"
K1:GOY102QI5I,K4:lactalbumin,the evidence links the two pages but no rule in the spec's order decides them,"{""a"": ""Alpha Lactalbumin"", ""b"": ""Lactalbumin"", ""gsrs_relationship"": null, ""inchikey_a"": null, ""inchikey_b"": null, ""name_a"": ""alpha lactalbumin"", ""name_b"": ""lactalbumin"", ""origin"": ""suspected-nominal:lactalbumin"", ""unii_a"": ""GOY102QI5I"", ""unii_b"": null}"
K1:H5RNU52ZKK,,the named item no longer names two live corpus pages; an earlier identity pass already merged or dropped them,"{""keys"": [""K1:H5RNU52ZKK"", ""K1:NK22XIK2DP""], ""origin"": ""suspected-nominal:nelitolimod""}"
K1:H727SQ6OHQ,K1:LJ16641SFT,same normalised name and no structure on either page; the identity rules give no evidence that decides them,"{""a"": ""ETIRINOTECAN PEGOL TETRAHYDROCHLORIDE"", ""b"": ""Etirinotecan pegol"", ""class_a"": ""polymer"", ""class_b"": ""polymer"", ""normalised"": ""etirinotecan pegol"", ""origin"": ""name:etirinotecan pegol"", ""unii_a"": ""H727SQ6OHQ"", ""unii_b"": ""LJ16641SFT""}"
K1:HBW774Y7U5,K1:SAA04E81UX,the evidence links the two pages but no rule in the spec's order decides them,"{""a"": ""CYCLOHEXANECARBOXYL-COENZYME A"", ""b"": ""COENZYME_A"", ""gsrs_relationship"": null, ""inchikey_a"": ""QRSKGVRHSLILFG-TYHXJLICSA-N"", ""inchikey_b"": ""RGJOEKWQDUBAIZ-IBOSZNHHSA-N"", ""name_a"": ""cyclohexanecarboxyl coenzyme a"", ""name_b"": ""coenzyme a"", ""origin"": ""suspected-nominal:coenzyme a"", ""unii_a"": ""HBW774Y7U5"", ""unii_b"": ""SAA04E81UX""}"
K1:IBX8A21EH6,,the named item no longer names two live corpus pages; an earlier identity pass already merged or dropped them,"{""keys"": [""K1:IBX8A21EH6"", ""K1:P9Z955DK1E""], ""origin"": ""suspected-nominal:suvodirsen""}"
K1:IFJ6X26JW6,,the named item no longer names two live corpus pages; an earlier identity pass already merged or dropped them,"{""keys"": [""K1:IFJ6X26JW6"", ""K1:3N4G7RE66Y""], ""origin"": ""suspected-nominal:apatorsen""}"
K1:IIU6V0W3JD,K1:91XW058U2C,"an FDA salt/solvate relationship links the pages, but the child page is not a salt form of the parent by structure or by name, so §3.1 does not license a merge","{""a"": ""MALEIC ACID"", ""b"": ""Orvepitant"", ""inchikey_child"": ""XWNBGDJPEXZSQM-VZOBGQTKSA-N"", ""inchikey_parent"": ""VZCYOOQTPOCHFL-UPHRSURJSA-N"", ""name_child"": ""orvepitant"", ""name_parent"": ""maleic acid"", ""origin"": ""gsrs:target_is_parent"", ""relationship"": ""target_is_salt""}"
K1:J2Y9QT3BWL,,the named item no longer names two live corpus pages; an earlier identity pass already merged or dropped them,"{""keys"": [""K1:J2MMX1VR5I"", ""K1:J2Y9QT3BWL""], ""origin"": ""suspected-nominal:frenlosirsen""}"
K1:J8435V445B,,the named item no longer names two live corpus pages; an earlier identity pass already merged or dropped them,"{""keys"": [""K1:4TWN6SZB8W"", ""K1:J8435V445B""], ""origin"": ""suspected-nominal:alicaforsen""}"
K1:JHJ6BAP8SZ,K1:OP0UW79H66,the evidence links the two pages but no rule in the spec's order decides them,"{""a"": ""P,P'-DIMETHOXYDIBENZOYLMETHANE"", ""b"": ""METHANE"", ""gsrs_relationship"": null, ""inchikey_a"": ""GNMDORSUZRRMFS-UHFFFAOYSA-N"", ""inchikey_b"": ""VNWKTOKETHGBQD-UHFFFAOYSA-N"", ""name_a"": ""p p dimethoxydibenzoylmethane"", ""name_b"": ""methane"", ""origin"": ""suspected-nominal:methane"", ""unii_a"": ""JHJ6BAP8SZ"", ""unii_b"": ""OP0UW79H66""}"
K1:JK0MS9P8YL,K1:V1IA3S3CUS,the evidence links the two pages but no rule in the spec's order decides them,"{""a"": ""Cnidium Monnieri Fruit Oil"", ""b"": ""Cnidium Monnieri Fruit"", ""gsrs_relationship"": null, ""inchikey_a"": null, ""inchikey_b"": null, ""name_a"": ""cnidium monnieri fruit oil"", ""name_b"": ""cnidium monnieri fruit"", ""origin"": ""suspected-nominal:cnidium monnieri fruit"", ""unii_a"": ""JK0MS9P8YL"", ""unii_b"": ""V1IA3S3CUS""}"
K1:JQ9EK2H6BG,K1:O82C39RR8C,the evidence links the two pages but no rule in the spec's order decides them,"{""a"": ""GRAPEFRUIT JUICE"", ""b"": ""Grapefruit"", ""gsrs_relationship"": null, ""inchikey_a"": null, ""inchikey_b"": null, ""name_a"": ""grapefruit juice"", ""name_b"": ""grapefruit"", ""origin"": ""suspected-nominal:grapefruit"", ""unii_a"": ""JQ9EK2H6BG"", ""unii_b"": ""O82C39RR8C""}"
K1:K5161X06LL,K1:88XHZ13131,"an FDA salt/solvate relationship links the pages, but the child page is not a salt form of the parent by structure or by name, so §3.1 does not license a merge","{""a"": ""Fumaric Acid"", ""b"": ""Cotinine"", ""inchikey_child"": ""UIKROCXWUNQSPJ-VIFPVBQESA-N"", ""inchikey_parent"": ""VZCYOOQTPOCHFL-OWOJBTEDSA-N"", ""name_child"": ""cotinine"", ""name_parent"": ""fumaric acid"", ""origin"": ""gsrs:target_is_parent"", ""relationship"": ""target_is_salt""}"
K1:K6KJ8AZ05F,,the named item no longer names two live corpus pages; an earlier identity pass already merged or dropped them,"{""keys"": [""K1:CI002S7WH8"", ""K1:K6KJ8AZ05F""], ""origin"": ""suspected-nominal:cenersen""}"
K1:K91YT16P5M,,"two pages collide on a display name and nothing recorded for them - substance class, primary target, stereo descriptor, UNII or structure - tells one from the other","{""displayName"": ""POTASSIUM SALICYLATE"", ""normalised"": ""potassium""}"
K1:KK8BAN51PF,,the named item no longer names two live corpus pages; an earlier identity pass already merged or dropped them,"{""keys"": [""K1:KBG15GFL2Z"", ""K1:KK8BAN51PF""], ""origin"": ""suspected-nominal:temavirsen""}"
K1:KKQ6AQN9LH,,the named item no longer names two live corpus pages; an earlier identity pass already merged or dropped them,"{""keys"": [""K1:UWG3VFQ5CQ"", ""K1:KKQ6AQN9LH""], ""origin"": ""suspected-nominal:lademirsen""}"
K1:L26E95NLRK,,the named item no longer names two live corpus pages; an earlier identity pass already merged or dropped them,"{""keys"": [""K1:ILE26V76EB"", ""K1:L26E95NLRK""], ""origin"": ""suspected-nominal:custirsen""}"
K1:LM25W02G91,K4:cistanche deserticola,the evidence links the two pages but no rule in the spec's order decides them,"{""a"": ""Cistanche Deserticola Whole"", ""b"": ""Cistanche Deserticola"", ""gsrs_relationship"": null, ""inchikey_a"": null, ""inchikey_b"": null, ""name_a"": ""cistanche deserticola whole"", ""name_b"": ""cistanche deserticola"", ""origin"": ""suspected-nominal:cistanche deserticola"", ""unii_a"": ""LM25W02G91"", ""unii_b"": null}"
K1:LSO9H7UZ90,,the named item no longer names two live corpus pages; an earlier identity pass already merged or dropped them,"{""keys"": [""K1:D1J27662O8"", ""K1:LSO9H7UZ90""], ""origin"": ""suspected-nominal:pelacarsen""}"
K1:M316WT19D8,,the named item no longer names two live corpus pages; an earlier identity pass already merged or dropped them,"{""keys"": [""K1:M316WT19D8"", ""K1:U6K360XMIU""], ""origin"": ""suspected-nominal:parnaparin""}"
K1:M88B0M598L,,the named item no longer names two live corpus pages; an earlier identity pass already merged or dropped them,"{""keys"": [""K1:LG1II3835L"", ""K1:M88B0M598L""], ""origin"": ""suspected-nominal:diclofenac etalhyaluronate""}"
K1:M9NPL5PYM6,,the named item no longer names two live corpus pages; an earlier identity pass already merged or dropped them,"{""keys"": [""K1:ZXU8PM7Z5K"", ""K1:M9NPL5PYM6""], ""origin"": ""suspected-nominal:obudanersen""}"
K1:NQU9IPY4K9,K1:91XW058U2C,"an FDA salt/solvate relationship links the pages, but the child page is not a salt form of the parent by structure or by name, so §3.1 does not license a merge","{""a"": ""MALEIC ACID"", ""b"": ""Cediranib"", ""inchikey_child"": ""XXJWYDDUDKYVKI-UHFFFAOYSA-N"", ""inchikey_parent"": ""VZCYOOQTPOCHFL-UPHRSURJSA-N"", ""name_child"": ""cediranib"", ""name_parent"": ""maleic acid"", ""origin"": ""gsrs:target_is_parent"", ""relationship"": ""target_is_salt""}"
K1:O03W5S19PJ,,the named item no longer names two live corpus pages; an earlier identity pass already merged or dropped them,"{""keys"": [""K1:ME0IRL7KDY"", ""K1:O03W5S19PJ""], ""origin"": ""suspected-nominal:teprasiran""}"
K1:O417YBE692,K4:chenopodium album,the evidence links the two pages but no rule in the spec's order decides them,"{""a"": ""Chenopodium Album Whole"", ""b"": ""Chenopodium Album"", ""gsrs_relationship"": null, ""inchikey_a"": null, ""inchikey_b"": null, ""name_a"": ""chenopodium album whole"", ""name_b"": ""chenopodium album"", ""origin"": ""suspected-nominal:chenopodium album"", ""unii_a"": ""O417YBE692"", ""unii_b"": null}"
K1:P048YHG804,,the named item no longer names two live corpus pages; an earlier identity pass already merged or dropped them,"{""keys"": [""K1:P048YHG804"", ""K1:W3077QR2KG""], ""origin"": ""suspected-nominal:evazarsen""}"
K1:P2BKS6T40H,,the named item no longer names two live corpus pages; an earlier identity pass already merged or dropped them,"{""keys"": [""K1:P2BKS6T40H"", ""K1:4ROB1M2DHD""], ""origin"": ""suspected-nominal:muparfostat""}"
K1:P3UVQ22SHK,,the named item no longer names two live corpus pages; an earlier identity pass already merged or dropped them,"{""keys"": [""K1:P3UVQ22SHK"", ""K1:F5Y7739G6U""], ""origin"": ""suspected-nominal:abetimus""}"
K1:P58222188P,,the named item no longer names two live corpus pages; an earlier identity pass already merged or dropped them,"{""keys"": [""K1:4516BN0T4B"", ""K1:P58222188P""], ""origin"": ""suspected-nominal:fimasartan""}"
K1:P7LJ54BP7G,K1:YH89GMV676,the evidence links the two pages but no rule in the spec's order decides them,"{""a"": ""Nasturtium Officinale Whole"", ""b"": ""Nasturtium Officinale"", ""gsrs_relationship"": null, ""inchikey_a"": null, ""inchikey_b"": null, ""name_a"": ""nasturtium officinale whole"", ""name_b"": ""nasturtium officinale"", ""origin"": ""suspected-nominal:nasturtium officinale"", ""unii_a"": ""P7LJ54BP7G"", ""unii_b"": ""YH89GMV676""}"
K1:PHA4727WTP,K2:WQZGKKKJIJFFOK-QTVWNMPRSA-N,the evidence links the two pages but no rule in the spec's order decides them,"{""a"": ""Demannose"", ""b"": ""D-MANNOSE"", ""gsrs_relationship"": null, ""inchikey_a"": ""GZCGUPFRVQAUEE-KVTDHHQDSA-N"", ""inchikey_b"": ""WQZGKKKJIJFFOK-QTVWNMPRSA-N"", ""name_a"": ""demannose"", ""name_b"": ""mannose"", ""origin"": ""unii:PHA4727WTP"", ""unii_a"": ""PHA4727WTP"", ""unii_b"": ""PHA4727WTP""}"
K1:PUE0TO3XDR,,the named item no longer names two live corpus pages; an earlier identity pass already merged or dropped them,"{""keys"": [""K1:PUE0TO3XDR"", ""K1:P59JKU02CE""], ""origin"": ""suspected-nominal:bemiparin""}"
K1:Q3PW846TYN,K2:GPMTWAPXRJMXCC-UHFFFAOYSA-N,the evidence links the two pages but no rule in the spec's order decides them,"{""a"": ""PF-3845"", ""b"": ""CPD 10"", ""gsrs_relationship"": null, ""inchikey_a"": ""NBOJHRYUGLRASX-UHFFFAOYSA-N"", ""inchikey_b"": ""GPMTWAPXRJMXCC-UHFFFAOYSA-N"", ""name_a"": ""pf 3845"", ""name_b"": ""cpd 10"", ""origin"": ""suspected-nominal:cpd 10"", ""unii_a"": ""Q3PW846TYN"", ""unii_b"": null}"
K1:Q5O76TA0ML,K1:88XHZ13131,"an FDA salt/solvate relationship links the pages, but the child page is not a salt form of the parent by structure or by name, so §3.1 does not license a merge","{""a"": ""Fumaric Acid"", ""b"": ""Palindore"", ""inchikey_child"": ""DYJIKHYBKVODAC-ZDUSSCGKSA-N"", ""inchikey_parent"": ""VZCYOOQTPOCHFL-OWOJBTEDSA-N"", ""name_child"": ""palindore"", ""name_parent"": ""fumaric acid"", ""origin"": ""gsrs:target_is_parent"", ""relationship"": ""target_is_salt""}"
K1:RJ9V9V09VM,K1:91XW058U2C,"an FDA salt/solvate relationship links the pages, but the child page is not a salt form of the parent by structure or by name, so §3.1 does not license a merge","{""a"": ""MALEIC ACID"", ""b"": ""Altinicline"", ""inchikey_child"": ""NUPUDYKEEJNZRG-LBPRGKRZSA-N"", ""inchikey_parent"": ""VZCYOOQTPOCHFL-UPHRSURJSA-N"", ""name_child"": ""altinicline"", ""name_parent"": ""maleic acid"", ""origin"": ""gsrs:target_is_parent"", ""relationship"": ""target_is_salt""}"
K1:RUU8G67GQM,K2:MLLNRQWNTKNRGQ-JXJCUFHPSA-N,the two pages carry the same UNII but different connectivity skeletons; §2 holds a K1/K2 disagreement for a person,"{""a"": ""Aescin"", ""b"": ""AESCIN"", ""inchikey_a"": ""YFESOSRPNPYODN-RSMWSHJLSA-N"", ""inchikey_b"": ""MLLNRQWNTKNRGQ-JXJCUFHPSA-N"", ""origin"": ""suspected-nominal:aescin"", ""unii"": ""RUU8G67GQM"", ""unii_source_a"": ""page-key"", ""unii_source_b"": ""page-field""}"
K1:T87K47QVF3,,the named item no longer names two live corpus pages; an earlier identity pass already merged or dropped them,"{""keys"": [""K1:37KI8XF3IH"", ""K1:T87K47QVF3""], ""origin"": ""suspected-nominal:sefaxersen""}"
K1:TL515DW4QS,K1:91XW058U2C,"an FDA salt/solvate relationship links the pages, but the child page is not a salt form of the parent by structure or by name, so §3.1 does not license a merge","{""a"": ""MALEIC ACID"", ""b"": ""Vicriviroc"", ""inchikey_child"": ""CNPVJJQCETWNEU-CYFREDJKSA-N"", ""inchikey_parent"": ""VZCYOOQTPOCHFL-UPHRSURJSA-N"", ""name_child"": ""vicriviroc"", ""name_parent"": ""maleic acid"", ""origin"": ""gsrs:target_is_parent"", ""relationship"": ""target_is_salt""}"
K1:TND56EA1LE,,the named item no longer names two live corpus pages; an earlier identity pass already merged or dropped them,"{""keys"": [""K1:EOL499F0PD"", ""K1:TND56EA1LE""], ""origin"": ""suspected-nominal:ulefnersen""}"
K1:TVF29Q70Q1,,the named item no longer names two live corpus pages; an earlier identity pass already merged or dropped them,"{""keys"": [""K1:63S35FF5KS"", ""K1:TVF29Q70Q1""], ""origin"": ""suspected-nominal:pexiganan""}"
K1:U4YV46D2DT,,the named item no longer names two live corpus pages; an earlier identity pass already merged or dropped them,"{""keys"": [""K1:XBZ2D4R7RF"", ""K1:U4YV46D2DT""], ""origin"": ""suspected-nominal:zorevunersen""}"
K1:U5JDO2770Z,K4:alanyl glutamine,"same normalised name; one page holds a structure and the other holds none, so no structural rule applies","{""a"": ""ALANYL GLUTAMINE"", ""b"": ""L-Alanyl-Glutamine"", ""inchikey_a"": ""HJCMDXDYPOUFDY-WHFBIAKZSA-N"", ""inchikey_b"": null, ""normalised"": ""alanyl glutamine"", ""origin"": ""suspected-nominal:alanyl glutamine"", ""unii_a"": ""U5JDO2770Z"", ""unii_b"": null}"
K1:ULS0NT2D68,,the named item no longer names two live corpus pages; an earlier identity pass already merged or dropped them,"{""keys"": [""K1:ULS0NT2D68"", ""K1:5VUD7QY6RZ""], ""origin"": ""suspected-nominal:necuparanib""}"
K1:UXG268Q86R,K2:JSRSZGUKOAXAJV-MXAPAKLGSA-N,the two pages carry the same UNII but different connectivity skeletons; §2 holds a K1/K2 disagreement for a person,"{""a"": ""Lenomorelin"", ""b"": ""Lenomorelin"", ""inchikey_a"": ""NOFSXBXSIPSEOI-RJKLHVOGSA-N"", ""inchikey_b"": ""JSRSZGUKOAXAJV-MXAPAKLGSA-N"", ""origin"": ""suspected-nominal:lenomorelin"", ""unii"": ""UXG268Q86R"", ""unii_source_a"": ""page-key"", ""unii_source_b"": ""page-field""}"
K1:V20IVC0OGQ,,the named item no longer names two live corpus pages; an earlier identity pass already merged or dropped them,"{""keys"": [""K1:V20IVC0OGQ"", ""K1:3LN5C15FP2""], ""origin"": ""suspected-nominal:fazirsiran""}"
K1:V2YK90BZ31,K1:C2K325S808,"an FDA salt/solvate relationship links the pages, but the child page is not a salt form of the parent by structure or by name, so §3.1 does not license a merge","{""a"": ""PROTOPORPHYRIN"", ""b"": ""RBT-9"", ""inchikey_child"": ""YFPCUOXWZGYBEL-UHFFFAOYSA-L"", ""inchikey_parent"": ""KSFOVUSSGSKXFI-UHFFFAOYSA-N"", ""name_child"": ""rbt 9"", ""name_parent"": ""protoporphyrin"", ""origin"": ""gsrs:target_is_salt"", ""relationship"": ""target_is_salt""}"
K1:V72OT3K19I,,the named item no longer names two live corpus pages; an earlier identity pass already merged or dropped them,"{""keys"": [""K1:V72OT3K19I"", ""K1:N816FF9P2W""], ""origin"": ""suspected-nominal:certoparin""}"
K1:W6YJ85G6YG,,the named item no longer names two live corpus pages; an earlier identity pass already merged or dropped them,"{""keys"": [""K1:28GMY2R77H"", ""K1:W6YJ85G6YG""], ""origin"": ""suspected-nominal:tonlamarsen""}"
K1:WDN6V96D5U,K1:88XHZ13131,"an FDA salt/solvate relationship links the pages, but the child page is not a salt form of the parent by structure or by name, so §3.1 does not license a merge","{""a"": ""Fumaric Acid"", ""b"": ""Ipazilide"", ""inchikey_child"": ""PRHCHMGCDBUACR-UHFFFAOYSA-N"", ""inchikey_parent"": ""VZCYOOQTPOCHFL-OWOJBTEDSA-N"", ""name_child"": ""ipazilide"", ""name_parent"": ""fumaric acid"", ""origin"": ""gsrs:target_is_parent"", ""relationship"": ""target_is_salt""}"
K1:WUB68Y35M7,K4:rose,the evidence links the two pages but no rule in the spec's order decides them,"{""a"": ""Rose Oil"", ""b"": ""Rose"", ""gsrs_relationship"": null, ""inchikey_a"": null, ""inchikey_b"": null, ""name_a"": ""rose oil"", ""name_b"": ""rose"", ""origin"": ""suspected-nominal:rose"", ""unii_a"": ""WUB68Y35M7"", ""unii_b"": null}"
K1:X4BE7S8PN9,,the named item no longer names two live corpus pages; an earlier identity pass already merged or dropped them,"{""keys"": [""K1:7DR6F86F5U"", ""K1:X4BE7S8PN9""], ""origin"": ""suspected-nominal:lepodisiran""}"
K1:X6T6YN87SU,,"two pages collide on a display name and nothing recorded for them - substance class, primary target, stereo descriptor, UNII or structure - tells one from the other","{""displayName"": ""POTASSIUM SODIUM HYDROGEN CITRATE"", ""normalised"": ""potassium""}"
K1:XM71MYX0IQ,,the named item no longer names two live corpus pages; an earlier identity pass already merged or dropped them,"{""keys"": [""K1:XM71MYX0IQ"", ""K1:L82J8IP845""], ""origin"": ""suspected-nominal:rusfertide""}"
K1:XQG9Q75WDN,K2:GTZAZEAHZZCTRB-UHFFFAOYSA-N,the evidence links the two pages but no rule in the spec's order decides them,"{""a"": ""SODIUM PENTABORATE"", ""b"": ""PENTABORATE"", ""gsrs_relationship"": null, ""inchikey_a"": ""OLBJLOUJSZVXOT-UHFFFAOYSA-N"", ""inchikey_b"": ""GTZAZEAHZZCTRB-UHFFFAOYSA-N"", ""name_a"": ""sodium pentaborate"", ""name_b"": ""pentaborate"", ""origin"": ""suspected-nominal:pentaborate"", ""unii_a"": ""XQG9Q75WDN"", ""unii_b"": null}"
K1:XUH21YGS7O,,the named item no longer names two live corpus pages; an earlier identity pass already merged or dropped them,"{""keys"": [""K1:CR8LH47UDV"", ""K1:XUH21YGS7O""], ""origin"": ""suspected-nominal:hepcidin""}"
K1:Y72TWM6CAA,,the named item no longer names two live corpus pages; an earlier identity pass already merged or dropped them,"{""keys"": [""K1:6LG8QHG78H"", ""K1:Y72TWM6CAA""], ""origin"": ""suspected-nominal:zodasiran""}"
K1:YA87U85J0D,K4:embelia ribes,the evidence links the two pages but no rule in the spec's order decides them,"{""a"": ""Embelia Ribes Whole"", ""b"": ""Embelia Ribes"", ""gsrs_relationship"": null, ""inchikey_a"": null, ""inchikey_b"": null, ""name_a"": ""embelia ribes whole"", ""name_b"": ""embelia ribes"", ""origin"": ""suspected-nominal:embelia ribes"", ""unii_a"": ""YA87U85J0D"", ""unii_b"": null}"
K1:YBM8W799TH,K1:32526637PN,"an FDA salt/solvate relationship links the pages, but the child page is not a salt form of the parent by structure or by name, so §3.1 does not license a merge","{""a"": ""2,4,5-TRICHLOROPHENOL"", ""b"": ""3,3'-DIETHYLTHIACARBOCYANINE"", ""inchikey_child"": ""JGLWGLKNDHZFAP-UHFFFAOYSA-N"", ""inchikey_parent"": ""LHJGJYXLEPZJPM-UHFFFAOYSA-N"", ""name_child"": ""3 3 diethylthiacarbocyanine"", ""name_parent"": ""2 4 5 trichlorophenol"", ""origin"": ""gsrs:target_is_parent"", ""relationship"": ""target_is_salt""}"
K1:YPX537PA31,K4:chrysanthellum indicum,the evidence links the two pages but no rule in the spec's order decides them,"{""a"": ""Chrysanthellum Indicum Whole"", ""b"": ""Chrysanthellum Indicum"", ""gsrs_relationship"": null, ""inchikey_a"": null, ""inchikey_b"": null, ""name_a"": ""chrysanthellum indicum whole"", ""name_b"": ""chrysanthellum indicum"", ""origin"": ""suspected-nominal:chrysanthellum indicum"", ""unii_a"": ""YPX537PA31"", ""unii_b"": null}"
K1:Z87O6SM01N,,the named item no longer names two live corpus pages; an earlier identity pass already merged or dropped them,"{""keys"": [""K1:XCC829VFT7"", ""K1:Z87O6SM01N""], ""origin"": ""suspected-nominal:bepirovirsen""}"
K1:ZLT174DL7U,K2:RYEFFICCPKWYML-XZJHJRNISA-N,the two pages carry the same UNII but different connectivity skeletons; §2 holds a K1/K2 disagreement for a person,"{""a"": ""Picrotoxin"", ""b"": ""PICROTOXIN"", ""inchikey_a"": ""VJKUPQSHOVKBCO-ZTYBEOBUSA-N"", ""inchikey_b"": ""RYEFFICCPKWYML-XZJHJRNISA-N"", ""origin"": ""suspected-nominal:picrotoxin"", ""unii"": ""ZLT174DL7U"", ""unii_source_a"": ""page-key"", ""unii_source_b"": ""page-field""}"
K1:ZX5Z2LW23O,K4:eleutherococcus senticosus,the evidence links the two pages but no rule in the spec's order decides them,"{""a"": ""Eleutherococcus Senticosus Whole"", ""b"": ""Eleutherococcus Senticosus"", ""gsrs_relationship"": null, ""inchikey_a"": null, ""inchikey_b"": null, ""name_a"": ""eleutherococcus senticosus whole"", ""name_b"": ""eleutherococcus senticosus"", ""origin"": ""suspected-nominal:eleutherococcus senticosus"", ""unii_a"": ""ZX5Z2LW23O"", ""unii_b"": null}"
K1:ZZK8X1CR0R,K2:RHRWRRHWGAOQBC-NHQGMKOOSA-N,the evidence links the two pages but no rule in the spec's order decides them,"{""a"": ""N-ACETYL Dihydrosphingosine"", ""b"": ""Ceramide"", ""gsrs_relationship"": null, ""inchikey_a"": ""CRJGESKKUOMBCT-VQTJNVASSA-N"", ""inchikey_b"": ""RHRWRRHWGAOQBC-NHQGMKOOSA-N"", ""name_a"": ""n acetyl dihydrosphingosine"", ""name_b"": ""ceramide"", ""origin"": ""suspected-nominal:ceramide"", ""unii_a"": ""ZZK8X1CR0R"", ""unii_b"": null}"
K2:FNWVPWJMPKZALM-UHFFFAOYSA-B,,"two pages collide on a display name and nothing recorded for them - substance class, primary target, stereo descriptor, UNII or structure - tells one from the other","{""displayName"": ""POTASSIUM SODIUM HYDROGEN CITRATE ANHYDROUS"", ""normalised"": ""potassium""}"
K2:FYQZGCBXYVWXSP-LCHZDSEPSA-N,K2:INENPLBOLCGOAH-RFNBFDFKSA-N,the two pages carry the same UNII but different connectivity skeletons; §2 holds a K1/K2 disagreement for a person,"{""a"": ""Zinostatin"", ""b"": ""NEOCARZINOSTATIN"", ""inchikey_a"": ""FYQZGCBXYVWXSP-LCHZDSEPSA-N"", ""inchikey_b"": ""INENPLBOLCGOAH-RFNBFDFKSA-N"", ""origin"": ""unii:PP082U6W1L"", ""unii"": ""PP082U6W1L"", ""unii_source_a"": ""page-field"", ""unii_source_b"": ""page-field""}"
K2:GCIBXLKDWKQSNJ-SECBINFHSA-N,,"two pages collide on a display name and nothing recorded for them - substance class, primary target, stereo descriptor, UNII or structure - tells one from the other","{""displayName"": ""(-)-LINALOOL"", ""normalised"": ""linalool""}"
K3:CHEMBL2108492,K3:CHEMBL2108493,the evidence links the two pages but no rule in the spec's order decides them,"{""a"": ""Insulin zinc suspension (crystalline)"", ""b"": ""Insulin zinc suspension (amorphous)"", ""gsrs_relationship"": null, ""inchikey_a"": null, ""inchikey_b"": null, ""name_a"": ""insulin zinc suspension crystalline"", ""name_b"": ""insulin zinc suspension amorphous"", ""origin"": ""suspected-nominal:insulin zinc"", ""unii_a"": null, ""unii_b"": null}"
