page_a,page_b,first_pass_reason,second_verdict,second_evidence,confidence,classification,reach,tier,licence_ground,resolved_page_b,page_b_source,name_a,name_b,exception_classes,corpus_confirms,existing_relations,first_pass_actions
HOLD:existing:clobetasol,K1:ADN79D536H,the two pages carry the same UNII but different connectivity skeletons; §2 holds a K1/K2 disagreement for a person,form_of,"R1x §3.2 exception to the shared UNII ADN79D536H: the structure on HOLD:existing:clobetasol is GSRS Clobetasol propionate (779619577M), one covalent molecule that adds propionate to CLOBETASOL. An ester or acyl derivative is a distinct substance, so the pages split and link",high,NOT-LICENSED,indexable,1,"§2 holds a K1/K2 disagreement for a person and never resolves it by majority, so the second opinion alone does not license a change here",K1:ADN79D536H,page_b,Clobetasol,CLOBETASOL,ester,same_unii; structure_conflict; moiety_match,,remainder
HOLD:existing:cortisone,K1:V27W9254FZ,the two pages carry the same UNII but different connectivity skeletons; §2 holds a K1/K2 disagreement for a person,form_of,"R1x §3.2 exception to the shared UNII V27W9254FZ: the structure on HOLD:existing:cortisone is GSRS Cortisone acetate (883WKN7W8X), one covalent molecule that adds acetate to Cortisone. An ester or acyl derivative is a distinct substance, so the pages split and link",high,NOT-LICENSED,indexable,1,"§2 holds a K1/K2 disagreement for a person and never resolves it by majority, so the second opinion alone does not license a change here",K1:V27W9254FZ,page_b,Cortisone,Cortisone,ester,same_unii; structure_conflict; moiety_match,,remainder
HOLD:existing:megestrol,K1:EA6LD1M70M,the two pages carry the same UNII but different connectivity skeletons; §2 holds a K1/K2 disagreement for a person,form_of,"R1x §3.2 exception to the shared UNII EA6LD1M70M: the structure on HOLD:existing:megestrol is GSRS Megestrol Acetate (TJ2M0FR8ES), one covalent molecule that adds acetate to Megestrol. An ester or acyl derivative is a distinct substance, so the pages split and link",high,NOT-LICENSED,indexable,1,"§2 holds a K1/K2 disagreement for a person and never resolves it by majority, so the second opinion alone does not license a change here",K1:EA6LD1M70M,page_b,Megestrol,Megestrol,ester,same_unii; structure_conflict; moiety_match,,remainder
K1:01Q9PC255D,K1:5138Q19F1X,the evidence links the two pages but no rule in the spec's order decides them,separate,R4z shared parent QGZKDVFQNNGYKY has 0 carbon atoms; an inorganic anion is not a moiety a drug page merges onto,high,LICENSED-SEPARATE,indexable,1,a separate verdict leaves both pages exactly as they are,K1:5138Q19F1X,page_b,Ammonium Chloride,Ammonia,,structure_conflict,,remainder
K1:094ZI81Y45,K1:XF417D3PSL,"an FDA salt/solvate relationship links the pages, but the child page is not a salt form of the parent by structure or by name, so §3.1 does not license a merge",separate,"R6 the GSRS record on K1:094ZI81Y45 is a mixed salt whose active moiety is Tamoxifen (094ZI81Y45); Anhydrous Citric Acid is named only as its parent substance, which is the coformer or counter-ion, not the same substance",high,LICENSED-SEPARATE,indexable,1,a separate verdict leaves both pages exactly as they are,K1:XF417D3PSL,page_b,Tamoxifen,Anhydrous Citric Acid,,structure_conflict,related_form_of,remainder
K1:0RH81L854J,K4:glutamine nitrate,"same normalised name; one page holds a structure and the other holds none, so no structural rule applies",merge,R7 §3.1/§3.1a salt or hydrate on the register's printed name: Glutamine Nitrate = Glutamine + nitrate,medium,NOT-LICENSED,indexable,1,a merge at medium confidence,K4:glutamine nitrate,page_b,Glutamine,Glutamine Nitrate,,,,review
K1:11P2JDE17B,K1:7GB7U7M282,the evidence links the two pages but no rule in the spec's order decides them,separate,R8s the two held structures settle it: different skeletons UCMIRNVEIXFBKS vs OOJZCXFXPZGUBJ; a name rule does not overrule a structure comparison,high,LICENSED-SEPARATE,indexable,1,a separate verdict leaves both pages exactly as they are,K1:7GB7U7M282,page_b,BETA-ALANINE,Hypoglycine A,,structure_conflict,,remainder
K1:11P2JDE17B,K1:OF5P57N2ZX,the evidence links the two pages but no rule in the spec's order decides them,separate,R8s the two held structures settle it: different skeletons UCMIRNVEIXFBKS vs QNAYBMKLOCPYGJ; a name rule does not overrule a structure comparison,high,LICENSED-SEPARATE,indexable,1,a separate verdict leaves both pages exactly as they are,K1:OF5P57N2ZX,page_b,BETA-ALANINE,Alanine,,structure_conflict,,remainder
K1:169D1260KM,K1:EAO03PE1TC,the evidence links the two pages but no rule in the spec's order decides them,merge,R7 §3.1/§3.1a salt or hydrate on the register's printed name: SODIUM NITROPRUSSIDE = NITROPRUSSIDE + sodium,medium,NOT-LICENSED,indexable,1,a merge at medium confidence,K1:EAO03PE1TC,page_b,NITROPRUSSIDE,SODIUM NITROPRUSSIDE,,structure_conflict,,remainder
K1:17LEI49C2G,K1:3A9RD92BS4,"an FDA salt/solvate relationship links the pages, but the child page is not a salt form of the parent by structure or by name, so §3.1 does not license a merge",separate,"R9a two separately registered FDA substances: GALLIUM MALTOLATE ['17LEI49C2G'] and Maltol ['3A9RD92BS4'], preferred names GALLIUM MALTOLATE and Maltol; neither is a salt, solvate or stereo form of the other by name or by structure",high,LICENSED-SEPARATE,indexable,1,a separate verdict leaves both pages exactly as they are,K1:3A9RD92BS4,page_b,GALLIUM MALTOLATE,Maltol,,structure_conflict,related_form_of,remainder
K1:1PIO77PW2X,K1:XGF7L72M0F,the evidence links the two pages but no rule in the spec's order decides them,separate,R9c Fish Oil and Fish are different registered preparations of one organism (oil); §2 K4 merges only on exact name-family equality and these two families are not equal,medium,LICENSED-SEPARATE,indexable,1,a separate verdict leaves both pages exactly as they are,K1:XGF7L72M0F,page_b,Fish,Fish Oil,,,,remainder
K1:1XU104G55N,,the named item no longer names two live corpus pages; an earlier identity pass already merged or dropped them,merge,R0 already-merged: corpus merge map records K1:P4SG24WI5Q -> K1:1XU104G55N; the two names denote one live page (Colesevelam),high,NOT-LICENSED,indexable,1,"the row records a merge already in force from identity pass 2/3, not a decision to apply; the cited evidence is the corpus merge record, not one of the three licensed merge evidences",,none recorded,Colesevelam,,,,,
K1:1XU104G55N,,the named item no longer names two live corpus pages; an earlier identity pass already merged or dropped them,merge,R0 already-merged: corpus merge map records K1:P4SG24WI5Q -> K1:1XU104G55N; the two names denote one live page (Colesevelam),high,NOT-LICENSED,indexable,1,"the row records a merge already in force from identity pass 2/3, not a decision to apply; the cited evidence is the corpus merge record, not one of the three licensed merge evidences",,none recorded,Colesevelam,,,,,
K1:1Y17CTI5SR,K3:CHEMBL2108974,"same normalised name; one page holds a structure and the other holds none, so no structural rule applies",merge,R7 §3.1/§3.1a salt or hydrate on the register's printed name: INSULIN HUMAN ZINC = Insulin human + zinc,medium,NOT-LICENSED,indexable,1,a merge at medium confidence,K3:CHEMBL2108974,page_b,Insulin human,INSULIN HUMAN ZINC,,,,review
K1:241ATL177A,K1:L7HT8F1ZOD,the evidence links the two pages but no rule in the spec's order decides them,separate,R9c Soybean Oil and Soybean are different registered preparations of one organism (oil); §2 K4 merges only on exact name-family equality and these two families are not equal,medium,LICENSED-SEPARATE,indexable,1,a separate verdict leaves both pages exactly as they are,K1:L7HT8F1ZOD,page_b,Soybean Oil,Soybean,,,,remainder
K1:26GW6E5M72,K1:M4F288ZCTR,the evidence links the two pages but no rule in the spec's order decides them,merge,R7 §3.1/§3.1a salt or hydrate on the register's printed name: HEPARIN CALCIUM = Heparin (PORCINE; 7000 MW) + calcium,medium,NOT-LICENSED,indexable,1,a merge at medium confidence,K1:M4F288ZCTR,page_b,Heparin (PORCINE; 7000 MW),HEPARIN CALCIUM,,,,remainder
K1:3LE3D9D6OY,K1:G2SH0XKK91,the evidence links the two pages but no rule in the spec's order decides them,merge,R5 FDA active moiety: GSRS gives Retinol (81G40H8B0T) as the active moiety of Vitamin A Acetate,medium,NOT-LICENSED,indexable,1,a merge at medium confidence,K1:G2SH0XKK91,page_b,Vitamin A Acetate,Retinol,ester,structure_conflict,,remainder
K1:411VRN1TV4,K1:8M4L3H2ZVZ,the evidence links the two pages but no rule in the spec's order decides them,separate,R4z shared parent GRYLNZFGIOXLOG has 0 carbon atoms; an inorganic anion is not a moiety a drug page merges onto,high,LICENSED-SEPARATE,indexable,1,a separate verdict leaves both pages exactly as they are,K1:8M4L3H2ZVZ,page_b,Nitric Acid,SODIUM NITRATE,,structure_conflict,,remainder
K1:411VRN1TV4,K1:RU45X2JN0Z,the evidence links the two pages but no rule in the spec's order decides them,separate,R4z shared parent GRYLNZFGIOXLOG has 0 carbon atoms; an inorganic anion is not a moiety a drug page merges onto,high,LICENSED-SEPARATE,indexable,1,a separate verdict leaves both pages exactly as they are,K1:RU45X2JN0Z,page_b,Nitric Acid,Potassium Nitrate,,structure_conflict,,remainder
K1:438HCF2X0M,K1:L7CHH2B2J0,the evidence links the two pages but no rule in the spec's order decides them,merge,R7 §3.1/§3.1a salt or hydrate on the register's printed name: DEFIBROTIDE SODIUM = Defibrotide (BOVINE) + sodium,medium,NOT-LICENSED,indexable,1,a merge at medium confidence,K1:L7CHH2B2J0,page_b,Defibrotide (BOVINE),DEFIBROTIDE SODIUM,,,,remainder
K1:45P3261C7T,K1:BQN1B9B9HA,the evidence links the two pages but no rule in the spec's order decides them,separate,"R4y both are salts of BVKZGUZCCUSVTD; neither page is that parent moiety; §3.1 merges a salt into its parent, and that parent is not either of these two pages",high,LICENSED-SEPARATE,indexable,1,a separate verdict leaves both pages exactly as they are,K1:BQN1B9B9HA,page_b,Sodium Carbonate,Potassium Carbonate,,structure_conflict,,remainder
K1:45P3261C7T,K1:H0G9379FGK,the evidence links the two pages but no rule in the spec's order decides them,separate,"R4y both are salts of BVKZGUZCCUSVTD; neither page is that parent moiety; §3.1 merges a salt into its parent, and that parent is not either of these two pages",high,LICENSED-SEPARATE,indexable,1,a separate verdict leaves both pages exactly as they are,K1:H0G9379FGK,page_b,Sodium Carbonate,Calcium Carbonate,,structure_conflict,,remainder
K1:4G4WDK2YBS,K1:94ZLA3W45F,"an FDA salt/solvate relationship links the pages, but the child page is not a salt form of the parent by structure or by name, so §3.1 does not license a merge",separate,"R6 the GSRS record on K1:4G4WDK2YBS is a mixed salt whose active moiety is ZOFENOPRILAT (4G4WDK2YBS); Arginine is named only as its parent substance, which is the coformer or counter-ion, not the same substance",high,LICENSED-SEPARATE,indexable,1,a separate verdict leaves both pages exactly as they are,K1:94ZLA3W45F,page_b,ZOFENOPRILAT,Arginine,,structure_conflict,related_form_of,remainder
K1:4T6H12BN9U,K1:B6E5W8RQJ4,the evidence links the two pages but no rule in the spec's order decides them,separate,"R9a two separately registered FDA substances: Petrolatum ['4T6H12BN9U'] and White Petrolatum ['B6E5W8RQJ4'], preferred names PETROLATUM and WHITE PETROLATUM; neither is a salt, solvate or stereo form of the other by name or by structure",high,LICENSED-SEPARATE,indexable,1,a separate verdict leaves both pages exactly as they are,K1:B6E5W8RQJ4,page_b,Petrolatum,White Petrolatum,,,,remainder
K1:5138Q19F1X,K1:67M901L9NQ,the evidence links the two pages but no rule in the spec's order decides them,separate,"R4w Ammonia appears only as a fragment of Ammonium Lactate, not as its parent moiety",high,LICENSED-SEPARATE,indexable,1,a separate verdict leaves both pages exactly as they are,K1:67M901L9NQ,page_b,Ammonia,Ammonium Lactate,,structure_conflict,,remainder
K1:5138Q19F1X,K1:AC80WD7GPF,the evidence links the two pages but no rule in the spec's order decides them,separate,"R4w Ammonia appears only as a fragment of Ammonium Benzoate, not as its parent moiety",high,LICENSED-SEPARATE,indexable,1,a separate verdict leaves both pages exactly as they are,K1:AC80WD7GPF,page_b,Ammonia,Ammonium Benzoate,,structure_conflict,,remainder
K1:5138Q19F1X,K1:R0JB3224WS,the evidence links the two pages but no rule in the spec's order decides them,separate,R4z shared parent QGZKDVFQNNGYKY has 0 carbon atoms; an inorganic anion is not a moiety a drug page merges onto,high,LICENSED-SEPARATE,indexable,1,a separate verdict leaves both pages exactly as they are,K1:R0JB3224WS,page_b,Ammonia,Ammonium Bromide,,structure_conflict,,remainder
K1:53AXN4NNHX,K2:UCZDWGAJSOUHOU-VDBPWWIZSA-N,the evidence links the two pages but no rule in the spec's order decides them,separate,"R9a two separately registered FDA substances: Semaglutide ['53AXN4NNHX'] and GLP-1 ['0JS9125PIZ'], preferred names Semaglutide and GLUCAGON-LIKE PEPTIDE-I(7-36) AMIDE; neither is a salt, solvate or stereo form of the other by name or by structure",high,LICENSED-SEPARATE,indexable,1,a separate verdict leaves both pages exactly as they are,K2:UCZDWGAJSOUHOU-VDBPWWIZSA-N,page_b,Semaglutide,GLP-1,,structure_conflict,,remainder
K1:69PN84IO1A,K1:91XW058U2C,"an FDA salt/solvate relationship links the pages, but the child page is not a salt form of the parent by structure or by name, so §3.1 does not license a merge",separate,R8s the two held structures settle it: different skeletons GBXSMTUPTTWBMN vs VZCYOOQTPOCHFL; a name rule does not overrule a structure comparison,high,LICENSED-SEPARATE,indexable,1,a separate verdict leaves both pages exactly as they are,K1:91XW058U2C,page_b,Enalapril,MALEIC ACID,,structure_conflict,related_form_of,remainder
K1:6QT214X4XU,K1:R16CO5Y76E,"an FDA salt/solvate relationship links the pages, but the child page is not a salt form of the parent by structure or by name, so §3.1 does not license a merge",merge,R5 FDA active moiety: GSRS gives ASA (R16CO5Y76E) as the active moiety of Aloxiprin,medium,NOT-LICENSED,indexable,1,a merge at medium confidence,K1:R16CO5Y76E,page_b,Aloxiprin,ASA,,structure_conflict; moiety_match,related_form_of,remainder
K1:75IZZ8Y727,K1:N20HL7Q941,the evidence links the two pages but no rule in the spec's order decides them,separate,R9c Camphor Oil and Camphor are different registered preparations of one organism (oil); §2 K4 merges only on exact name-family equality and these two families are not equal,medium,LICENSED-SEPARATE,indexable,1,a separate verdict leaves both pages exactly as they are,K1:N20HL7Q941,page_b,Camphor Oil,Camphor,,,,remainder
K1:76LA80IG2G,,the named item no longer names two live corpus pages; an earlier identity pass already merged or dropped them,merge,R0 already-merged: corpus merge map records K1:1H87NVF4DB -> K1:76LA80IG2G; the two names denote one live page (Glucagon),high,NOT-LICENSED,indexable,1,"the row records a merge already in force from identity pass 2/3, not a decision to apply; the cited evidence is the corpus merge record, not one of the three licensed merge evidences",,none recorded,Glucagon,,,,,
K1:76LA80IG2G,,the named item no longer names two live corpus pages; an earlier identity pass already merged or dropped them,merge,R0 already-merged: corpus merge map records K1:1H87NVF4DB -> K1:76LA80IG2G; the two names denote one live page (Glucagon),high,NOT-LICENSED,indexable,1,"the row records a merge already in force from identity pass 2/3, not a decision to apply; the cited evidence is the corpus merge record, not one of the three licensed merge evidences",,none recorded,Glucagon,,,,,
K1:7GB7U7M282,K1:OF5P57N2ZX,the evidence links the two pages but no rule in the spec's order decides them,separate,R8s the two held structures settle it: different skeletons OOJZCXFXPZGUBJ vs QNAYBMKLOCPYGJ; a name rule does not overrule a structure comparison,high,LICENSED-SEPARATE,indexable,1,a separate verdict leaves both pages exactly as they are,K1:OF5P57N2ZX,page_b,Hypoglycine A,Alanine,,structure_conflict,,remainder
K1:7QWA1RIO01,K2:ZAKOWWREFLAJOT-ADUHFSDSSA-N,the evidence links the two pages but no rule in the spec's order decides them,separate,R8s the two held structures settle it: different skeletons GVJHHUAWPYXKBD vs ZAKOWWREFLAJOT; a name rule does not overrule a structure comparison,high,LICENSED-SEPARATE,indexable,1,a separate verdict leaves both pages exactly as they are,K2:ZAKOWWREFLAJOT-ADUHFSDSSA-N,page_b,Alpha-Tocopherol,TOCOPHEROL ACETATE,,structure_conflict,,remainder
K1:7UJQ5OPE7D,K1:8MDF5V39QO,the evidence links the two pages but no rule in the spec's order decides them,separate,R4z shared parent BVKZGUZCCUSVTD has 1 carbon atoms; an inorganic anion is not a moiety a drug page merges onto,high,LICENSED-SEPARATE,indexable,1,a separate verdict leaves both pages exactly as they are,K1:8MDF5V39QO,page_b,Carbonate Ion,Sodium Bicarbonate,,structure_conflict,,remainder
K1:7UJQ5OPE7D,K1:HM5Z15LEBN,the evidence links the two pages but no rule in the spec's order decides them,separate,R4z shared parent BVKZGUZCCUSVTD has 1 carbon atoms; an inorganic anion is not a moiety a drug page merges onto,high,LICENSED-SEPARATE,indexable,1,a separate verdict leaves both pages exactly as they are,K1:HM5Z15LEBN,page_b,Carbonate Ion,Potassium Bicarbonate,,structure_conflict,,remainder
K1:7UP781YBR6,K1:N91BDP6H0X,"an FDA salt/solvate relationship links the pages, but the child page is not a salt form of the parent by structure or by name, so §3.1 does not license a merge",separate,"R6d GSRS names Choline as the parent substance of Salcolex Anhydrous, yet nothing in the names or structures makes one a salt or solvate of the other; the link runs through a coformer",medium,LICENSED-SEPARATE,indexable,1,a separate verdict leaves both pages exactly as they are,K1:N91BDP6H0X,page_b,Salcolex Anhydrous,Choline,,structure_conflict; moiety_match,related_form_of,remainder
K1:884KT10YB7,K1:XF417D3PSL,"an FDA salt/solvate relationship links the pages, but the child page is not a salt form of the parent by structure or by name, so §3.1 does not license a merge",separate,"R6 the GSRS record on K1:884KT10YB7 is a mixed salt whose active moiety is Ranitidine (884KT10YB7); Anhydrous Citric Acid is named only as its parent substance, which is the coformer or counter-ion, not the same substance",high,LICENSED-SEPARATE,indexable,1,a separate verdict leaves both pages exactly as they are,K1:XF417D3PSL,page_b,Ranitidine,Anhydrous Citric Acid,,structure_conflict,related_form_of,remainder
K1:8MDF5V39QO,K1:NPT6P8P3UU,the evidence links the two pages but no rule in the spec's order decides them,separate,R8s the two held structures settle it: different skeletons BVKZGUZCCUSVTD vs FEWJPZIEWOKRBE; a name rule does not overrule a structure comparison,high,LICENSED-SEPARATE,indexable,1,a separate verdict leaves both pages exactly as they are,K1:NPT6P8P3UU,page_b,Sodium Bicarbonate,Potassium Bitartrate,,structure_conflict,,remainder
K1:8QTV3DTT8W,K4:chondroitin,the evidence links the two pages but no rule in the spec's order decides them,merge,R7 §3.1/§3.1a salt or hydrate on the register's printed name: Chondroitin Sulfate Sodium (BOVINE) = Chondroitin + sulfate/sodium,medium,NOT-LICENSED,indexable,1,a merge at medium confidence,K4:chondroitin,page_b,Chondroitin Sulfate Sodium (BOVINE),Chondroitin,,,,remainder
K1:941N5DUU5C,,the named item no longer names two live corpus pages; an earlier identity pass already merged or dropped them,merge,R0 already-merged: corpus merge map records K1:GLS2PGI8QG -> K1:941N5DUU5C; the two names denote one live page (Sevelamer),high,NOT-LICENSED,indexable,1,"the row records a merge already in force from identity pass 2/3, not a decision to apply; the cited evidence is the corpus merge record, not one of the three licensed merge evidences",,none recorded,Sevelamer,,,,,
K1:941N5DUU5C,K1:9YCX42I8IU,same normalised name and no structure on either page; the identity rules give no evidence that decides them,merge,R5 FDA active moiety: GSRS gives Sevelamer (941N5DUU5C) as the active moiety of Sevelamer Carbonate; Sevelamer Carbonate = Sevelamer + carbonate,high,NOT-LICENSED,indexable,1,an FDA active-moiety match with no largest-fragment match to confirm it,K1:9YCX42I8IU,page_b,Sevelamer,Sevelamer Carbonate,,moiety_match,,review
K1:94ZLA3W45F,K4:arginine l malate,"same normalised name; one page holds a structure and the other holds none, so no structural rule applies",merge,R7 §3.1/§3.1a salt or hydrate on the register's printed name: Arginine-L-Malate = Arginine + malate,medium,NOT-LICENSED,indexable,1,a merge at medium confidence,K4:arginine l malate,page_b,Arginine,Arginine-L-Malate,,,,review
K1:94ZLA3W45F,K4:arginine orotate,"same normalised name; one page holds a structure and the other holds none, so no structural rule applies",separate,R9 no shared identifier and no structure pair to compare (Arginine vs Arginine Orotate); UNIIs ['94ZLA3W45F'] vs none; InChIKeys ODKSFYDXXFIFQN-BYPYZUCNSA-N vs none,low,LICENSED-SEPARATE,indexable,1,a separate verdict leaves both pages exactly as they are,K4:arginine orotate,page_b,Arginine,Arginine Orotate,,,,review
K1:9U6A490501,K2:ZAKOWWREFLAJOT-ADUHFSDSSA-N,the evidence links the two pages but no rule in the spec's order decides them,separate,R8s the two held structures settle it: different skeletons WGVKWNUPNGFDFJ vs ZAKOWWREFLAJOT; a name rule does not overrule a structure comparison,high,LICENSED-SEPARATE,indexable,1,a separate verdict leaves both pages exactly as they are,K2:ZAKOWWREFLAJOT-ADUHFSDSSA-N,page_b,.BETA.-TOCOPHEROL,TOCOPHEROL ACETATE,,structure_conflict,,remainder
K1:BGF9MN2HU1,K1:N91BDP6H0X,"an FDA salt/solvate relationship links the pages, but the child page is not a salt form of the parent by structure or by name, so §3.1 does not license a merge",separate,"R6 the GSRS record on K1:BGF9MN2HU1 is a mixed salt whose active moiety is Fenofibric Acid (BGF9MN2HU1); Choline is named only as its parent substance, which is the coformer or counter-ion, not the same substance",high,LICENSED-SEPARATE,indexable,1,a separate verdict leaves both pages exactly as they are,K1:N91BDP6H0X,page_b,Fenofibric Acid,Choline,,structure_conflict,related_form_of,remainder
K1:BQN1B9B9HA,,"two pages collide on a display name and nothing recorded for them - substance class, primary target, stereo descriptor, UNII or structure - tells one from the other",separate,"R0b distinct substances sharing the normalised name 'potassium': Potassium Carbonate (BWHMMNNQKKPAPP-UHFFFAOYSA-L) against POTASSIUM CITRATE, POTASSIUM CITRATE ANHYDROUS, POTASSIUM GLUCONATE, POTASSIUM SALICYLATE; disambiguate on the display name, do not merge",high,LICENSED-SEPARATE,indexable,1,a separate verdict leaves both pages exactly as they are,,none recorded,Potassium Carbonate,,,,,
K1:C5529G5JPQ,K1:SAS9Z1SVUK,the evidence links the two pages but no rule in the spec's order decides them,separate,R9c Ginger Oil and Ginger are different registered preparations of one organism (oil); §2 K4 merges only on exact name-family equality and these two families are not equal,medium,LICENSED-SEPARATE,indexable,1,a separate verdict leaves both pages exactly as they are,K1:SAS9Z1SVUK,page_b,Ginger,Ginger Oil,,,,remainder
K1:DJJ95FJP1H,K1:N91BDP6H0X,"an FDA salt/solvate relationship links the pages, but the child page is not a salt form of the parent by structure or by name, so §3.1 does not license a merge",separate,"R6d GSRS names Choline as the parent substance of CHOLINE MAGNESIUM TRISALICYLATE, yet nothing in the names or structures makes one a salt or solvate of the other; the link runs through a coformer",medium,LICENSED-SEPARATE,indexable,1,a separate verdict leaves both pages exactly as they are,K1:N91BDP6H0X,page_b,CHOLINE MAGNESIUM TRISALICYLATE,Choline,,structure_conflict; moiety_match,related_form_of,remainder
K1:E6S1NJ4Y5Q,K1:SMD1X3XO9M,the evidence links the two pages but no rule in the spec's order decides them,separate,"R9a two separately registered FDA substances: CELLULOSE SODIUM PHOSPHATE ['E6S1NJ4Y5Q'] and Powdered Cellulose ['SMD1X3XO9M'], preferred names CELLULOSE SODIUM PHOSPHATE and POWDERED CELLULOSE; neither is a salt, solvate or stereo form of the other by name or by structure",high,LICENSED-SEPARATE,indexable,1,a separate verdict leaves both pages exactly as they are,K1:SMD1X3XO9M,page_b,CELLULOSE SODIUM PHOSPHATE,Powdered Cellulose,,,,remainder
K1:EAO03PE1TC,K1:2WTB3V159F,"an FDA salt/solvate relationship links the pages, but the child page is not a salt form of the parent by structure or by name, so §3.1 does not license a merge",separate,"R9a two separately registered FDA substances: SODIUM NITROPRUSSIDE ['EAO03PE1TC'] and Hydrogen Cyanide ['2WTB3V159F'], preferred names Sodium nitroprusside and Hydrogen cyanide; neither is a salt, solvate or stereo form of the other by name or by structure",high,LICENSED-SEPARATE,indexable,1,a separate verdict leaves both pages exactly as they are,K1:2WTB3V159F,page_b,Hydrogen Cyanide,SODIUM NITROPRUSSIDE,,structure_conflict,related_form_of,
K1:F60NE4XB53,,the named item no longer names two live corpus pages; an earlier identity pass already merged or dropped them,merge,R0 already-merged: corpus merge map records K1:2AW48LAZ4I -> K1:F60NE4XB53; the two names denote one live page (Imetelstat),high,NOT-LICENSED,indexable,1,"the row records a merge already in force from identity pass 2/3, not a decision to apply; the cited evidence is the corpus merge record, not one of the three licensed merge evidences",,none recorded,Imetelstat,,,,,
K1:F6A27P4Q4R,K1:H6241UJ22B,the evidence links the two pages but no rule in the spec's order decides them,separate,R8s the two held structures settle it: different skeletons MCAHWIHFGHIESP vs BUGBHKTXTAQXES; a name rule does not overrule a structure comparison,high,LICENSED-SEPARATE,indexable,1,a separate verdict leaves both pages exactly as they are,K1:H6241UJ22B,page_b,Selenious Acid,Selenium,,structure_conflict,,remainder
K1:FB33469R8E,K2:GJUHUIXJLZINMA-MJCUULBUSA-N,the evidence links the two pages but no rule in the spec's order decides them,separate,R8s the two held structures settle it: different skeletons PROQIPRRNZUXQM vs GJUHUIXJLZINMA; a name rule does not overrule a structure comparison,high,LICENSED-SEPARATE,indexable,1,a separate verdict leaves both pages exactly as they are,K2:GJUHUIXJLZINMA-MJCUULBUSA-N,page_b,Estriol,ESTROGEN,,structure_conflict,,remainder
K1:FD57A79R4P,K1:N91BDP6H0X,"an FDA salt/solvate relationship links the pages, but the child page is not a salt form of the parent by structure or by name, so §3.1 does not license a merge",separate,"R6a GSRS names Choline as the parent substance of TIOMOLIBDATE CHOLINE, but it records the active moiety as TIOMOLIBDIC ACID (206J6X63BE); the counter-ion is the substance being recorded",high,LICENSED-SEPARATE,indexable,1,a separate verdict leaves both pages exactly as they are,K1:N91BDP6H0X,page_b,TIOMOLIBDATE CHOLINE,Choline,,structure_conflict; moiety_match,related_form_of,remainder
K1:FO2303MNI2,K1:L99N5N533T,the evidence links the two pages but no rule in the spec's order decides them,separate,R8s the two held structures settle it: different skeletons LDCRTTXIJACKKU vs OTMSDBZUPAUEDD; a name rule does not overrule a structure comparison,high,LICENSED-SEPARATE,indexable,1,a separate verdict leaves both pages exactly as they are,K1:L99N5N533T,page_b,DIMETHYL FUMARATE,Ethane,,structure_conflict,,remainder
K1:I3T12NR296,K1:YEH1EZ96K6,the evidence links the two pages but no rule in the spec's order decides them,separate,R8s the two held structures settle it: different skeletons MCKJPJYRCPANCC vs DMKSVUSAATWOCU; a name rule does not overrule a structure comparison,high,LICENSED-SEPARATE,indexable,1,a separate verdict leaves both pages exactly as they are,K1:YEH1EZ96K6,page_b,Prednienic Acid,Loteprednol Etabonate,,structure_conflict,,remainder
K1:IU5QR144QX,K2:GJUHUIXJLZINMA-MJCUULBUSA-N,the two pages carry the same UNII but different connectivity skeletons; §2 holds a K1/K2 disagreement for a person,merge,R1 identical UNII IU5QR144QX; one page holds no structure of its own; §2 keys biologics and name-only records on UNII alone,high,NOT-LICENSED,indexable,1,"§2 holds a K1/K2 disagreement for a person and never resolves it by majority, so the second opinion alone does not license a change here",K2:GJUHUIXJLZINMA-MJCUULBUSA-N,page_b,"Estrogens, Conjugated",ESTROGEN,,same_unii; structure_conflict; moiety_match,,remainder
K1:JGK960078D,K1:TE7660XO1C,"an FDA salt/solvate relationship links the pages, but the child page is not a salt form of the parent by structure or by name, so §3.1 does not license a merge",separate,"R9a two separately registered FDA substances: FERROGLYCINE SULFATE ['JGK960078D'] and Glycine ['681VJX72FE', 'TE7660XO1C'], preferred names FERROGLYCINE SULFATE and ZINC GLYCINATE; neither is a salt, solvate or stereo form of the other by name or by structure",high,LICENSED-SEPARATE,indexable,1,a separate verdict leaves both pages exactly as they are,K1:TE7660XO1C,page_b,FERROGLYCINE SULFATE,Glycine,,structure_conflict,related_form_of,remainder
K1:JHC049LO86,K1:8SKN0B0MIM,"an FDA salt/solvate relationship links the pages, but the child page is not a salt form of the parent by structure or by name, so §3.1 does not license a merge",separate,R8s the two held structures settle it: different skeletons ZSBOMTDTBDDKMP vs WPYMKLBDIGXBTP; a name rule does not overrule a structure comparison,high,LICENSED-SEPARATE,indexable,1,a separate verdict leaves both pages exactly as they are,K1:8SKN0B0MIM,page_b,Benzoic Acid,Alogliptin,,structure_conflict,related_form_of,
K1:K0U68Q2TXA,K1:L0378Q1565,"same normalised name; one page holds a structure and the other holds none, so no structural rule applies",merge,R5 FDA active moiety: GSRS gives Corticotropin (K0U68Q2TXA) as the active moiety of Corticotropin zinc hydroxide,medium,NOT-LICENSED,indexable,1,a merge at medium confidence,K1:L0378Q1565,page_b,Corticotropin,Corticotropin zinc hydroxide,,moiety_match,,review
K1:LZB1G2I725,K1:30KYC7MIAI,"an FDA salt/solvate relationship links the pages, but the child page is not a salt form of the parent by structure or by name, so §3.1 does not license a merge",separate,"R4w Aspartic acid appears only as a fragment of Arginine Aspartate, not as its parent moiety",high,LICENSED-SEPARATE,indexable,1,a separate verdict leaves both pages exactly as they are,K1:30KYC7MIAI,page_b,Aspartic acid,Arginine Aspartate,,structure_conflict,related_form_of,
K1:M0KG633D4F,K1:T2I5UM75DN,the evidence links the two pages but no rule in the spec's order decides them,separate,R4z shared parent IOVCWXUNBOPUCH has 0 carbon atoms; an inorganic anion is not a moiety a drug page merges onto,high,LICENSED-SEPARATE,indexable,1,a separate verdict leaves both pages exactly as they are,K1:T2I5UM75DN,page_b,Sodium Nitrite,Nitrous Acid,,structure_conflict,,remainder
K1:M4F288ZCTR,K1:ZZ45AB24CA,same normalised name and no structure on either page; the identity rules give no evidence that decides them,separate,"R9a two separately registered FDA substances: HEPARIN CALCIUM ['M4F288ZCTR'] and Heparin sodium ['ZZ45AB24CA'], preferred names HEPARIN CALCIUM and HEPARIN SODIUM; neither is a salt, solvate or stereo form of the other by name or by structure",high,LICENSED-SEPARATE,indexable,1,a separate verdict leaves both pages exactly as they are,K1:ZZ45AB24CA,page_b,HEPARIN CALCIUM,Heparin sodium,,,,review
K1:M4F288ZCTR,K2:ZFGMDIBRIDKWMY-PASTXAENSA-N,the evidence links the two pages but no rule in the spec's order decides them,separate,"R9a two separately registered FDA substances: HEPARIN CALCIUM ['M4F288ZCTR'] and SODIUM HEPARIN ['ZZ45AB24CA'], preferred names HEPARIN CALCIUM and HEPARIN SODIUM; neither is a salt, solvate or stereo form of the other by name or by structure",high,LICENSED-SEPARATE,indexable,1,a separate verdict leaves both pages exactly as they are,K2:ZFGMDIBRIDKWMY-PASTXAENSA-N,page_b,HEPARIN CALCIUM,SODIUM HEPARIN,,,,remainder
K1:MA10QYF1Z0,K1:3A9RD92BS4,"an FDA salt/solvate relationship links the pages, but the child page is not a salt form of the parent by structure or by name, so §3.1 does not license a merge",separate,"R6a GSRS names Maltol as the parent substance of Ferric maltol, but it records the active moiety as FERRIC CATION (91O4LML611); the counter-ion is the substance being recorded",high,LICENSED-SEPARATE,indexable,1,a separate verdict leaves both pages exactly as they are,K1:3A9RD92BS4,page_b,Maltol,Ferric maltol,,structure_conflict; moiety_match,related_form_of,
K1:MQG94M5EEO,,the named item no longer names two live corpus pages; an earlier identity pass already merged or dropped them,merge,R0 already-merged: corpus merge map records K1:LGW5H38VE3 -> K1:MQG94M5EEO; the two names denote one live page (Tesamorelin),high,NOT-LICENSED,indexable,1,"the row records a merge already in force from identity pass 2/3, not a decision to apply; the cited evidence is the corpus merge record, not one of the three licensed merge evidences",,none recorded,Tesamorelin,,,,,
K1:MQG94M5EEO,,the named item no longer names two live corpus pages; an earlier identity pass already merged or dropped them,merge,R0 already-merged: corpus merge map records K1:LGW5H38VE3 -> K1:MQG94M5EEO; the two names denote one live page (Tesamorelin),high,NOT-LICENSED,indexable,1,"the row records a merge already in force from identity pass 2/3, not a decision to apply; the cited evidence is the corpus merge record, not one of the three licensed merge evidences",,none recorded,Tesamorelin,,,,,
K1:MU72812GK0,K4:creatine gluconate,"same normalised name; one page holds a structure and the other holds none, so no structural rule applies",merge,R7 §3.1/§3.1a salt or hydrate on the register's printed name: Creatine Gluconate = Creatine + gluconate,medium,NOT-LICENSED,indexable,1,a merge at medium confidence,K4:creatine gluconate,page_b,Creatine,Creatine Gluconate,,,,review
K1:NPT6P8P3UU,,"two pages collide on a display name and nothing recorded for them - substance class, primary target, stereo descriptor, UNII or structure - tells one from the other",separate,"R0b distinct substances sharing the normalised name 'potassium': Potassium Bitartrate (KYKNRZGSIGMXFH-ZVGUSBNCSA-M) against POTASSIUM CITRATE, POTASSIUM CITRATE ANHYDROUS, POTASSIUM GLUCONATE, POTASSIUM SALICYLATE; disambiguate on the display name, do not merge",high,LICENSED-SEPARATE,indexable,1,a separate verdict leaves both pages exactly as they are,,none recorded,Potassium Bitartrate,,,,,
K1:NPT6P8P3UU,K1:W4888I119H,"an FDA salt/solvate relationship links the pages, but the child page is not a salt form of the parent by structure or by name, so §3.1 does not license a merge",separate,"R4a Potassium Bitartrate is TARTARIC ACID (FEWJPZIEWOKRBE) plus counter-ions or solvate, but FDA records the active moiety of Potassium Bitartrate as POTASSIUM CATION (295O53K152), not TARTARIC ACID; the counter-ion is the substance being recorded and the organic acid is its carrier",high,LICENSED-SEPARATE,indexable,1,a separate verdict leaves both pages exactly as they are,K1:W4888I119H,page_b,Potassium Bitartrate,TARTARIC ACID,,structure_conflict; moiety_match; fragment_match,related_form_of,remainder
K1:QX10HYY4QV,K4:sesame,the evidence links the two pages but no rule in the spec's order decides them,separate,R9c Sesame Oil and Sesame are different registered preparations of one organism (oil); §2 K4 merges only on exact name-family equality and these two families are not equal,medium,LICENSED-SEPARATE,indexable,1,a separate verdict leaves both pages exactly as they are,K4:sesame,page_b,Sesame Oil,Sesame,,,,remainder
K1:R1B526117P,K1:94ZLA3W45F,"an FDA salt/solvate relationship links the pages, but the child page is not a salt form of the parent by structure or by name, so §3.1 does not license a merge",separate,"R6d GSRS names Arginine as the parent substance of HEME ARGINATE, yet nothing in the names or structures makes one a salt or solvate of the other; the link runs through a coformer",medium,LICENSED-SEPARATE,indexable,1,a separate verdict leaves both pages exactly as they are,K1:94ZLA3W45F,page_b,Arginine,HEME ARGINATE,,structure_conflict; moiety_match,related_form_of,
K1:RU45X2JN0Z,,"two pages collide on a display name and nothing recorded for them - substance class, primary target, stereo descriptor, UNII or structure - tells one from the other",separate,"R0b distinct substances sharing the normalised name 'potassium': Potassium Nitrate (FGIUAXJPYTZDNR-UHFFFAOYSA-N) against POTASSIUM CITRATE, POTASSIUM CITRATE ANHYDROUS, POTASSIUM GLUCONATE, POTASSIUM SALICYLATE; disambiguate on the display name, do not merge",high,LICENSED-SEPARATE,indexable,1,a separate verdict leaves both pages exactly as they are,,none recorded,Potassium Nitrate,,,,,
K1:S71T8B8Z6P,K1:QZV2W997JQ,"an FDA salt/solvate relationship links the pages, but the child page is not a salt form of the parent by structure or by name, so §3.1 does not license a merge",separate,"R9a two separately registered FDA substances: CHROMIUM PICOLINATE ['S71T8B8Z6P'] and Picolinic Acid ['ALO92O31SE', 'QZV2W997JQ'], preferred names CHROMIUM PICOLINATE and ZINC PICOLINATE; neither is a salt, solvate or stereo form of the other by name or by structure",high,LICENSED-SEPARATE,indexable,1,a separate verdict leaves both pages exactly as they are,K1:QZV2W997JQ,page_b,Picolinic Acid,CHROMIUM PICOLINATE,,structure_conflict,related_form_of,
K1:SFW1D987QV,K1:TE7660XO1C,"an FDA salt/solvate relationship links the pages, but the child page is not a salt form of the parent by structure or by name, so §3.1 does not license a merge",separate,"R9a two separately registered FDA substances: FERROUS BISGLYCINATE ['SFW1D987QV'] and Glycine ['681VJX72FE', 'TE7660XO1C'], preferred names FERROUS BISGLYCINATE and ZINC GLYCINATE; neither is a salt, solvate or stereo form of the other by name or by structure",high,LICENSED-SEPARATE,indexable,1,a separate verdict leaves both pages exactly as they are,K1:TE7660XO1C,page_b,FERROUS BISGLYCINATE,Glycine,,structure_conflict,related_form_of,remainder
K1:SOI2LOH54Z,K1:13S1S8SF37,"an FDA salt/solvate relationship links the pages, but the child page is not a salt form of the parent by structure or by name, so §3.1 does not license a merge",separate,R4z shared parent PTFCDOFLOPIGGS has 0 carbon atoms; an inorganic anion is not a moiety a drug page merges onto,high,LICENSED-SEPARATE,indexable,1,a separate verdict leaves both pages exactly as they are,K1:13S1S8SF37,page_b,Zinc Cation,Zinc Oxide,,structure_conflict; moiety_match; fragment_match,related_form_of,
K1:SY7Q814VUP,K1:UV63W89SJM,the evidence links the two pages but no rule in the spec's order decides them,separate,R8s the two held structures settle it: different skeletons BHPQYMZQTOCNFJ vs POULHZVOKOAJMA; a name rule does not overrule a structure comparison,high,LICENSED-SEPARATE,indexable,1,a separate verdict leaves both pages exactly as they are,K1:UV63W89SJM,page_b,CALCIUM,(ACETATO-O)(DODECANOATO-O)CALCIUM,,structure_conflict,,remainder
K1:SY7Q814VUP,UNKEYED:existing:calcium-potassium-phosphate-citrate,"same normalised name; one page holds a structure and the other holds none, so no structural rule applies",separate,R9 no shared identifier and no structure pair to compare (CALCIUM vs Calcium Potassium Phosphate Citrate); UNIIs ['SY7Q814VUP'] vs none; InChIKeys OYPRJOBELJOOCE-UHFFFAOYSA-N vs none,low,LICENSED-SEPARATE,indexable,1,a separate verdict leaves both pages exactly as they are,UNKEYED:existing:calcium-potassium-phosphate-citrate,page_b,CALCIUM,Calcium Potassium Phosphate Citrate,,,,review
K1:SZB83O1W42,K1:94ZLA3W45F,"an FDA salt/solvate relationship links the pages, but the child page is not a salt form of the parent by structure or by name, so §3.1 does not license a merge",separate,"R6 the GSRS record on K1:SZB83O1W42 is a mixed salt whose active moiety is Pidolic acid (SZB83O1W42); Arginine is named only as its parent substance, which is the coformer or counter-ion, not the same substance",high,LICENSED-SEPARATE,indexable,1,a separate verdict leaves both pages exactly as they are,K1:94ZLA3W45F,page_b,Arginine,Pidolic acid,,structure_conflict,related_form_of,
K1:TLE294X33A,K1:2WTB3V159F,"an FDA salt/solvate relationship links the pages, but the child page is not a salt form of the parent by structure or by name, so §3.1 does not license a merge",separate,"R9a two separately registered FDA substances: PRUSSIAN BLUE INSOLUBLE ['TLE294X33A'] and Hydrogen Cyanide ['2WTB3V159F'], preferred names FERRIC FERROCYANIDE and Hydrogen cyanide; neither is a salt, solvate or stereo form of the other by name or by structure",high,LICENSED-SEPARATE,indexable,1,a separate verdict leaves both pages exactly as they are,K1:2WTB3V159F,page_b,Hydrogen Cyanide,PRUSSIAN BLUE INSOLUBLE,,structure_conflict,related_form_of,
K1:TW371I5GLO,K1:N91BDP6H0X,"an FDA salt/solvate relationship links the pages, but the child page is not a salt form of the parent by structure or by name, so §3.1 does not license a merge",separate,"R6d GSRS names Choline as the parent substance of Salcolex, yet nothing in the names or structures makes one a salt or solvate of the other; the link runs through a coformer",medium,LICENSED-SEPARATE,indexable,1,a separate verdict leaves both pages exactly as they are,K1:N91BDP6H0X,page_b,Choline,Salcolex,,structure_conflict; moiety_match,related_form_of,
K1:U6WSN5SQ1Z,K1:R4R8J0Q44B,"an FDA salt/solvate relationship links the pages, but the child page is not a salt form of the parent by structure or by name, so §3.1 does not license a merge",separate,"R4x §1 the removed fragment is not a counter-ion: Zinc Gluconate carries Zn that Gluconic Acid does not; shared organic fragment RGHNJXZEOKUKBD is the ligand, not the substance",high,LICENSED-SEPARATE,indexable,1,a separate verdict leaves both pages exactly as they are,K1:R4R8J0Q44B,page_b,Gluconic Acid,Zinc Gluconate,metal complex,structure_conflict; moiety_match; fragment_match,related_form_of,
K1:UOW2C71PG5,,the named item no longer names two live corpus pages; an earlier identity pass already merged or dropped them,merge,R0 already-merged: corpus merge map records K1:UPC6BTX7PY -> K1:UOW2C71PG5; the two names denote one live page (Inclisiran),high,NOT-LICENSED,indexable,1,"the row records a merge already in force from identity pass 2/3, not a decision to apply; the cited evidence is the corpus merge record, not one of the three licensed merge evidences",,none recorded,Inclisiran,,,,,
K1:UOW2C71PG5,,the named item no longer names two live corpus pages; an earlier identity pass already merged or dropped them,merge,R0 already-merged: corpus merge map records K1:UPC6BTX7PY -> K1:UOW2C71PG5; the two names denote one live page (Inclisiran),high,NOT-LICENSED,indexable,1,"the row records a merge already in force from identity pass 2/3, not a decision to apply; the cited evidence is the corpus merge record, not one of the three licensed merge evidences",,none recorded,Inclisiran,,,,,
K1:WYQ7N0BPYC,K1:K3Z4F929H6,"an FDA salt/solvate relationship links the pages, but the child page is not a salt form of the parent by structure or by name, so §3.1 does not license a merge",separate,R8s the two held structures settle it: different skeletons PWKSKIMOESPYIA vs KDXKERNSBIXSRK; a name rule does not overrule a structure comparison,high,LICENSED-SEPARATE,indexable,1,a separate verdict leaves both pages exactly as they are,K1:K3Z4F929H6,page_b,Lysine,Acetylcysteine,,structure_conflict,related_form_of,
K1:YKH834O4BH,K1:W4888I119H,"an FDA salt/solvate relationship links the pages, but the child page is not a salt form of the parent by structure or by name, so §3.1 does not license a merge",separate,R8s the two held structures settle it: different skeletons UCTWMZQNUQWSLP vs FEWJPZIEWOKRBE; a name rule does not overrule a structure comparison,high,LICENSED-SEPARATE,indexable,1,a separate verdict leaves both pages exactly as they are,K1:W4888I119H,page_b,TARTARIC ACID,Epinephrine,,structure_conflict,related_form_of,
K1:YSE9PPT4TH,K1:B7SG5YV2SI,"an FDA salt/solvate relationship links the pages, but the child page is not a salt form of the parent by structure or by name, so §3.1 does not license a merge",separate,"R9a two separately registered FDA substances: Sodium Hyaluronate ['YSE9PPT4TH'] and HYALURONIC ACID (NON-ANIMAL STABILIZED) ['B7SG5YV2SI'], preferred names Sodium Hyaluronate and HYALURONIC ACID (NON-ANIMAL STABILIZED); neither is a salt, solvate or stereo form of the other by name or by structure",high,LICENSED-SEPARATE,indexable,1,a separate verdict leaves both pages exactly as they are,K1:B7SG5YV2SI,page_b,HYALURONIC ACID (NON-ANIMAL STABILIZED),Sodium Hyaluronate,,,,
K2:MSWZFWKMSRAUBD-IVMDWMLBSA-N,K4:glucosamine,"same normalised name; one page holds a structure and the other holds none, so no structural rule applies",merge,R7 §3.1/§3.1a salt or hydrate on the register's printed name: Glucosamine Potassium Sulfate = Glucosamine + potassium/sulfate,medium,NOT-LICENSED,indexable,1,a merge at medium confidence,K4:glucosamine,page_b,Glucosamine,Glucosamine Potassium Sulfate,,,,review
K2:OAEOAAHCJGWJIC-CEVJMMQXSA-N,K4:chondroitin,"same normalised name; one page holds a structure and the other holds none, so no structural rule applies",merge,R7 §3.1/§3.1a salt or hydrate on the register's printed name: CHONDROITIN SULFATE = Chondroitin + sulfate,medium,NOT-LICENSED,indexable,1,a merge at medium confidence,K4:chondroitin,page_b,CHONDROITIN SULFATE,Chondroitin,,,,review
K2:ODQWQRRAPPTVAG-UHFFFAOYSA-N,,the named item no longer names two live corpus pages; an earlier identity pass already merged or dropped them,merge,R0 already-merged: corpus merge map records K1:3U9A0FE9N5 -> K2:ODQWQRRAPPTVAG-UHFFFAOYSA-N; the two names denote one live page (Doxepin),high,NOT-LICENSED,indexable,1,"the row records a merge already in force from identity pass 2/3, not a decision to apply; the cited evidence is the corpus merge record, not one of the three licensed merge evidences",,none recorded,Doxepin,,,,,
K2:OGBMKVWORPGQRR-UMXFMPSGSA-N,,the named item no longer names two live corpus pages; an earlier identity pass already merged or dropped them,merge,R0 already-merged: corpus merge map records K1:9959P4V12N -> K2:OGBMKVWORPGQRR-UMXFMPSGSA-N; the two names denote one live page (Teriparatide),high,NOT-LICENSED,indexable,1,"the row records a merge already in force from identity pass 2/3, not a decision to apply; the cited evidence is the corpus merge record, not one of the three licensed merge evidences",,none recorded,Teriparatide,,,,,
K2:WNBILILJFBJQFP-SDLVTCPTSA-N,K1:RWM8CCW8GP,"an FDA salt/solvate relationship links the pages, but the child page is not a salt form of the parent by structure or by name, so §3.1 does not license a merge",separate,R8s the two held structures settle it: different skeletons WNBILILJFBJQFP vs DEQANNDTNATYII; a name rule does not overrule a structure comparison,high,LICENSED-SEPARATE,indexable,1,a separate verdict leaves both pages exactly as they are,K1:RWM8CCW8GP,page_b,Octreotide,SANDOSTATIN,,structure_conflict; moiety_match; fragment_match,related_form_of,
K1:59D8RAT1F9,K1:6UKA5VEJ6X,the evidence links the two pages but no rule in the spec's order decides them,separate,R8s the two held structures settle it: different skeletons KRDOFMHJLWKXIU vs MVWVFYHBGMAFLY; a name rule does not overrule a structure comparison,high,LICENSED-SEPARATE,band,2,a separate verdict leaves both pages exactly as they are,K1:6UKA5VEJ6X,page_b,"3-(1-PIPERAZINYL)-1,2-BENZISOTHIAZOLE",Ziprasidone,,structure_conflict,,remainder
K1:R60L0SM5BC,K1:91XW058U2C,"an FDA salt/solvate relationship links the pages, but the child page is not a salt form of the parent by structure or by name, so §3.1 does not license a merge",separate,"R6 the GSRS record on K1:R60L0SM5BC is a mixed salt whose active moiety is Midazolam (R60L0SM5BC); MALEIC ACID is named only as its parent substance, which is the coformer or counter-ion, not the same substance",high,LICENSED-SEPARATE,band,2,a separate verdict leaves both pages exactly as they are,K1:91XW058U2C,page_b,MALEIC ACID,Midazolam,,structure_conflict,related_form_of,
K1:S56D65XJ9G,K1:5KV86114PT,"an FDA salt/solvate relationship links the pages, but the child page is not a salt form of the parent by structure or by name, so §3.1 does not license a merge",separate,R8s the two held structures settle it: different skeletons XDXWLKQMMKQXPV vs HZAXFHJVJLSVMW; a name rule does not overrule a structure comparison,high,LICENSED-SEPARATE,band,2,a separate verdict leaves both pages exactly as they are,K1:5KV86114PT,page_b,Ethanolamine,Eltrombopag,,structure_conflict,related_form_of,
"COMBO:{K1:17ERJ0MKGI,K1:80M03YXJ7I}","COMBO:{K1:1J444QC288,K1:80M03YXJ7I}","two combination records share an identifier but not their component sets; §3.7 keys a combination by its components, so they are different products unless a component merge makes the sets equal",separate,"RC different products under §3.7: COMBO:{K1:17ERJ0MKGI,K1:80M03YXJ7I} adds Sacubitril, COMBO:{K1:1J444QC288,K1:80M03YXJ7I} adds Amlodipine",high,LICENSED-SEPARATE,indexable,1,a separate verdict leaves both pages exactly as they are,"COMBO:{K1:1J444QC288,K1:80M03YXJ7I}",page_b,Sacubitril / Valsartan,Amlodipine / Valsartan,combination,same_full_inchikey; moiety_match,,remainder
"COMBO:{K1:25X51I8RD4,K1:PQ6CK8PD0R}","COMBO:{K1:7A314HQM0I,K1:PQ6CK8PD0R}","two combination records share an identifier but not their component sets; §3.7 keys a combination by its components, so they are different products unless a component merge makes the sets equal",separate,"RC different products under §3.7: COMBO:{K1:25X51I8RD4,K1:PQ6CK8PD0R} adds Nicotinamide, COMBO:{K1:7A314HQM0I,K1:PQ6CK8PD0R} adds Pentetic Acid",high,LICENSED-SEPARATE,rest,1,a separate verdict leaves both pages exactly as they are,"COMBO:{K1:7A314HQM0I,K1:PQ6CK8PD0R}",page_b,Niacinamide Ascorbate,Technetium Tc-99m Ferpentetate Kit,combination,structure_conflict,,remainder
"COMBO:{K1:8558G7RUTR,K1:MU72812GK0}","COMBO:{K1:8ID597Z82X,K1:MU72812GK0}","two combination records share an identifier but not their component sets; §3.7 keys a combination by its components, so they are different products unless a component merge makes the sets equal",separate,"RC different products under §3.7: COMBO:{K1:8558G7RUTR,K1:MU72812GK0} adds Pyruvic Acid, COMBO:{K1:8ID597Z82X,K1:MU72812GK0} adds Alpha Ketoglutarate",high,LICENSED-SEPARATE,rest,1,a separate verdict leaves both pages exactly as they are,"COMBO:{K1:8ID597Z82X,K1:MU72812GK0}",page_b,Creatine Pyruvate,Creatine Alpha-Ketoglutarate,combination,structure_conflict,,remainder
HOLD:existing:boldenone,K1:5H7I2IP58X,the two pages carry the same UNII but different connectivity skeletons; §2 holds a K1/K2 disagreement for a person,form_of,"R1x §3.2 exception to the shared UNII 5H7I2IP58X: the structure on HOLD:existing:boldenone is GSRS BOLDENONE UNDECYLENATE (ZS6D2ITA30), one covalent molecule that adds undecylenate to Boldenone. An ester or acyl derivative is a distinct substance, so the pages split and link",high,NOT-LICENSED,rest,1,"§2 holds a K1/K2 disagreement for a person and never resolves it by majority, so the second opinion alone does not license a change here",K1:5H7I2IP58X,page_b,Boldenone,Boldenone,ester,same_unii; structure_conflict; moiety_match,,remainder
HOLD:existing:dextroamphetamine-saccharate,K1:QLZ991V4A2,"an FDA salt/solvate relationship links the pages, but the child page is not a salt form of the parent by structure or by name, so §3.1 does not license a merge",separate,R8s the two held structures settle it: different skeletons KWTSXDURSIMDCE vs DSLZVSRJTYRBFB; a name rule does not overrule a structure comparison,high,LICENSED-SEPARATE,indexable,1,a separate verdict leaves both pages exactly as they are,K1:QLZ991V4A2,page_b,Dextroamphetamine Saccharate,Glucaric Acid,,structure_conflict,related_form_of,remainder
HOLD:existing:dromostanolone,K1:7DR7H00HDT,the two pages carry the same UNII but different connectivity skeletons; §2 holds a K1/K2 disagreement for a person,form_of,"R1x §3.2 exception to the shared UNII 7DR7H00HDT: the structure on HOLD:existing:dromostanolone is GSRS DROMOSTANOLONE PROPIONATE (X20UZ57G4O), one covalent molecule that adds propionate to DROMOSTANOLONE. An ester or acyl derivative is a distinct substance, so the pages split and link",high,NOT-LICENSED,rest,1,"§2 holds a K1/K2 disagreement for a person and never resolves it by majority, so the second opinion alone does not license a change here",K1:7DR7H00HDT,page_b,Dromostanolone,DROMOSTANOLONE,ester,same_unii; structure_conflict; moiety_match,,remainder
HOLD:existing:halobetasol,K1:9P6159HM7T,the two pages carry the same UNII but different connectivity skeletons; §2 holds a K1/K2 disagreement for a person,form_of,"R1x §3.2 exception to the shared UNII 9P6159HM7T: the structure on HOLD:existing:halobetasol is GSRS HALOBETASOL PROPIONATE (91A0K1TY3Z), one covalent molecule that adds propionate to HALOBETASOL. An ester or acyl derivative is a distinct substance, so the pages split and link",high,NOT-LICENSED,indexable,1,"§2 holds a K1/K2 disagreement for a person and never resolves it by majority, so the second opinion alone does not license a change here",K1:9P6159HM7T,page_b,Halobetasol,HALOBETASOL,ester,same_unii; structure_conflict; moiety_match,,remainder
HOLD:existing:paramethasone,K1:VFC6ZX3584,the two pages carry the same UNII but different connectivity skeletons; §2 holds a K1/K2 disagreement for a person,form_of,"R1x §3.2 exception to the shared UNII VFC6ZX3584: the structure on HOLD:existing:paramethasone is GSRS PARAMETHASONE ACETATE (8X50N88ZDP), one covalent molecule that adds acetate to PARAMETHASONE. An ester or acyl derivative is a distinct substance, so the pages split and link",high,NOT-LICENSED,rest,1,"§2 holds a K1/K2 disagreement for a person and never resolves it by majority, so the second opinion alone does not license a change here",K1:VFC6ZX3584,page_b,Paramethasone,PARAMETHASONE,ester,same_unii; structure_conflict; moiety_match,,remainder
HOLD:existing:plicamycin,K1:NIJ123W41V,the two pages carry the same UNII but different connectivity skeletons; §2 holds a K1/K2 disagreement for a person,merge,"R1 identical UNII NIJ123W41V, but the two held structures disagree (different skeletons XDKMHMINQXATOR vs CFCUWKMKBJTWLW); the registry identifier is the stronger evidence and the structure conflict needs a data fix",medium,NOT-LICENSED,rest,1,"§2 holds a K1/K2 disagreement for a person and never resolves it by majority, so the second opinion alone does not license a change here",K1:NIJ123W41V,page_b,Plicamycin,Plicamycin,,same_unii; structure_conflict; moiety_match; fragment_match,,remainder
HOLD:existing:sodium-succinate,K1:P699N4QOWE,a merge chain would join two pages that an exception class keeps separate; the whole chain is held for the second opinion,merge,R2 identical full InChIKey: both hold InChIKey KZQSXALQTHVPDQ-UHFFFAOYSA-M,high,LICENSED-MERGE,rest,1,both pages carry the identical full InChIKey recorded in the corpus,K1:P699N4QOWE,page_b,Sodium Succinate (C4H5NaO4),Monosodium Succinate,,same_full_inchikey,same_structure_as,keep_separate
HOLD:existing:trenbolone,K1:P53R4420TR,the two pages carry the same UNII but different connectivity skeletons; §2 holds a K1/K2 disagreement for a person,form_of,"R1x §3.2 exception to the shared UNII P53R4420TR: the structure on HOLD:existing:trenbolone is GSRS TRENBOLONE ACETATE (RUD5Y4SV0S), one covalent molecule that adds acetate to Trenbolone. An ester or acyl derivative is a distinct substance, so the pages split and link",high,NOT-LICENSED,rest,1,"§2 holds a K1/K2 disagreement for a person and never resolves it by majority, so the second opinion alone does not license a change here",K1:P53R4420TR,page_b,Trenbolone,Trenbolone,ester,same_unii; structure_conflict; moiety_match,,remainder
K1:0N8672707O,K1:8470G57WFM,the evidence links the two pages but no rule in the spec's order decides them,separate,R9c CORN OIL and Corn are different registered preparations of one organism (oil); §2 K4 merges only on exact name-family equality and these two families are not equal,medium,LICENSED-SEPARATE,indexable,1,a separate verdict leaves both pages exactly as they are,K1:8470G57WFM,page_b,Corn,CORN OIL,,,,remainder
K1:125DP6010H,,the named item no longer names two live corpus pages; an earlier identity pass already merged or dropped them,merge,R0 already-merged: corpus merge map records K1:P14877CDX2 -> K1:125DP6010H; the two names denote one live page (Polyestradiol),high,NOT-LICENSED,rest,1,"the row records a merge already in force from identity pass 2/3, not a decision to apply; the cited evidence is the corpus merge record, not one of the three licensed merge evidences",,none recorded,Polyestradiol,,,,,
K1:125DP6010H,,the named item no longer names two live corpus pages; an earlier identity pass already merged or dropped them,merge,R0 already-merged: corpus merge map records K1:P14877CDX2 -> K1:125DP6010H; the two names denote one live page (Polyestradiol),high,NOT-LICENSED,rest,1,"the row records a merge already in force from identity pass 2/3, not a decision to apply; the cited evidence is the corpus merge record, not one of the three licensed merge evidences",,none recorded,Polyestradiol,,,,,
K1:276897E67U,K1:P2Y1C6M9PS,the evidence links the two pages but no rule in the spec's order decides them,separate,"R4y both are salts built on JVTAAEKCZFNVCJ; neither page is that parent moiety, and the parents differ (JVTAAEKCZFNVCJ-UHFFFAOYSA-N vs JVTAAEKCZFNVCJ-REOHCLBHSA-N); §3.1 merges a salt into its parent, and that parent is not either of these two pages",high,LICENSED-SEPARATE,rest,1,a separate verdict leaves both pages exactly as they are,K1:P2Y1C6M9PS,page_b,"Potassium LACTATE, DL-","Sodium LACTATE, L-",,structure_conflict,,remainder
K1:2H1PA8H1EN,,the named item no longer names two live corpus pages; an earlier identity pass already merged or dropped them,merge,R0 already-merged: corpus merge map records K1:3HP012Q0FH -> K1:2H1PA8H1EN; the two names denote one live page (Pegaptanib),high,NOT-LICENSED,indexable,1,"the row records a merge already in force from identity pass 2/3, not a decision to apply; the cited evidence is the corpus merge record, not one of the three licensed merge evidences",,none recorded,Pegaptanib,,,,,
K1:2H1PA8H1EN,,the named item no longer names two live corpus pages; an earlier identity pass already merged or dropped them,merge,R0 already-merged: corpus merge map records K1:3HP012Q0FH -> K1:2H1PA8H1EN; the two names denote one live page (Pegaptanib),high,NOT-LICENSED,indexable,1,"the row records a merge already in force from identity pass 2/3, not a decision to apply; the cited evidence is the corpus merge record, not one of the three licensed merge evidences",,none recorded,Pegaptanib,,,,,
K1:2URQ2N32W3,K1:P2Y1C6M9PS,the evidence links the two pages but no rule in the spec's order decides them,separate,"R4y both are salts built on JVTAAEKCZFNVCJ; neither page is that parent moiety, and the parents differ (JVTAAEKCZFNVCJ-UHFFFAOYSA-N vs JVTAAEKCZFNVCJ-REOHCLBHSA-N); §3.1 merges a salt into its parent, and that parent is not either of these two pages",high,LICENSED-SEPARATE,rest,1,a separate verdict leaves both pages exactly as they are,K1:P2Y1C6M9PS,page_b,Calcium Lactate,"Sodium LACTATE, L-",,structure_conflict,,remainder
K1:305OE8862Y,K2:PNMZQWKBJIQQJL-FAUHKOHMSA-N,the two pages carry the same UNII but different connectivity skeletons; §2 holds a K1/K2 disagreement for a person,merge,R1 identical UNII 305OE8862Y; one page holds no structure of its own; §2 keys biologics and name-only records on UNII alone,high,NOT-LICENSED,rest,1,"§2 holds a K1/K2 disagreement for a person and never resolves it by majority, so the second opinion alone does not license a change here",K2:PNMZQWKBJIQQJL-FAUHKOHMSA-N,page_b,Corticorelin,HUMAN CORTICOTROPIN RELEASING FACTOR,,same_unii; structure_conflict; moiety_match,,remainder
K1:32526637PN,K1:1RTM4PAL0V,"an FDA salt/solvate relationship links the pages, but the child page is not a salt form of the parent by structure or by name, so §3.1 does not license a merge",separate,R8s the two held structures settle it: different skeletons LHJGJYXLEPZJPM vs GLUUGHFHXGJENI; a name rule does not overrule a structure comparison,high,LICENSED-SEPARATE,rest,1,a separate verdict leaves both pages exactly as they are,K1:1RTM4PAL0V,page_b,Piperazine,"2,4,5-TRICHLOROPHENOL",,structure_conflict,related_form_of,
K1:3KX376GY7L,K1:9BKY99A8HJ,the evidence links the two pages but no rule in the spec's order decides them,separate,R8s the two held structures settle it: different skeletons WHUUTDBJXJRKMK vs GADGMZDHLQLZRI; a name rule does not overrule a structure comparison,high,LICENSED-SEPARATE,indexable,1,a separate verdict leaves both pages exactly as they are,K1:9BKY99A8HJ,page_b,Glutamic acid,N-(P-AMINOBENZOYL)GLUTAMIC Acid,,structure_conflict,,remainder
K1:3U979E1001,K1:UT2BA2O3KN,the evidence links the two pages but no rule in the spec's order decides them,separate,"R9a two separately registered FDA substances: Imciromab Pentetate ['3U979E1001'] and Imciromab ['UT2BA2O3KN'], preferred names IMCIROMAB PENTETATE and IMCIROMAB; neither is a salt, solvate or stereo form of the other by name or by structure",high,LICENSED-SEPARATE,rest,1,a separate verdict leaves both pages exactly as they are,K1:UT2BA2O3KN,page_b,Imciromab Pentetate,Imciromab,,,,remainder
K1:3Z252A2K9G,K1:66YXD4DKO9,the evidence links the two pages but no rule in the spec's order decides them,separate,R9c Almond Oil and Almond are different registered preparations of one organism (oil); §2 K4 merges only on exact name-family equality and these two families are not equal,medium,LICENSED-SEPARATE,indexable,1,a separate verdict leaves both pages exactly as they are,K1:66YXD4DKO9,page_b,Almond,Almond Oil,,,,remainder
K1:415SHH325A,K1:AB2MK88Y6D,the evidence links the two pages but no rule in the spec's order decides them,separate,R8s the two held structures settle it: different skeletons UDMBCSSLTHHNCD vs RIRGCFBBHQEQQH; a name rule does not overrule a structure comparison,high,LICENSED-SEPARATE,band,1,a separate verdict leaves both pages exactly as they are,K1:AB2MK88Y6D,page_b,Adenosine phosphate,"PIA, (S)-",,structure_conflict,,remainder
K1:4VBL71TY4Y,K1:65UEH262IS,the evidence links the two pages but no rule in the spec's order decides them,separate,R9c Safflower Oil and Safflower are different registered preparations of one organism (oil); §2 K4 merges only on exact name-family equality and these two families are not equal,medium,LICENSED-SEPARATE,indexable,1,a separate verdict leaves both pages exactly as they are,K1:65UEH262IS,page_b,Safflower,Safflower Oil,,,,remainder
K1:4XTQ10247Y,K1:L7T10EIP3A,the evidence links the two pages but no rule in the spec's order decides them,separate,"R9a two separately registered FDA substances: CHERRY JUICE ['4XTQ10247Y'] and MENTHOL, Unspecified Form ['L7T10EIP3A'], preferred names CHERRY JUICE and MENTHOL, UNSPECIFIED FORM; neither is a salt, solvate or stereo form of the other by name or by structure",high,LICENSED-SEPARATE,indexable,1,a separate verdict leaves both pages exactly as they are,K1:L7T10EIP3A,page_b,CHERRY JUICE,"MENTHOL, Unspecified Form",,,,remainder
K1:5A9KE2L9L3,K1:5EVU04N5QU,the evidence links the two pages but no rule in the spec's order decides them,separate,R9c Orange Juice and Orange are different registered preparations of one organism (juice); §2 K4 merges only on exact name-family equality and these two families are not equal,medium,LICENSED-SEPARATE,indexable,1,a separate verdict leaves both pages exactly as they are,K1:5EVU04N5QU,page_b,Orange Juice,Orange,,,,remainder
K1:6VNO72PFC1,K1:SDS87L369F,the evidence links the two pages but no rule in the spec's order decides them,separate,R9c Avocado Oil and Avocado are different registered preparations of one organism (oil); §2 K4 merges only on exact name-family equality and these two families are not equal,medium,LICENSED-SEPARATE,indexable,1,a separate verdict leaves both pages exactly as they are,K1:SDS87L369F,page_b,Avocado Oil,Avocado,,,,remainder
K1:86117BWO7P,HOLD:existing:anhydrous-citric-acid,"an FDA salt/solvate relationship links the pages, but the child page is not a salt form of the parent by structure or by name, so §3.1 does not license a merge",separate,"R4a Calcium Citrate Anhydrous is Anhydrous Citric Acid (KRKNYBCHXYNGOX) plus counter-ions or solvate, but FDA records the active moiety of Calcium Citrate Anhydrous as CALCIUM CATION (2M83C4R6ZB), not Anhydrous Citric Acid; the counter-ion is the substance being recorded and the organic acid is its carrier",high,LICENSED-SEPARATE,indexable,1,a separate verdict leaves both pages exactly as they are,HOLD:existing:anhydrous-citric-acid,page_b,Anhydrous Citric Acid,Calcium Citrate Anhydrous,,structure_conflict,related_form_of,
K1:86117BWO7P,K1:XF417D3PSL,"an FDA salt/solvate relationship links the pages, but the child page is not a salt form of the parent by structure or by name, so §3.1 does not license a merge",separate,"R4a Calcium Citrate Anhydrous is Anhydrous Citric Acid (KRKNYBCHXYNGOX) plus counter-ions or solvate, but FDA records the active moiety of Calcium Citrate Anhydrous as CALCIUM CATION (2M83C4R6ZB), not Anhydrous Citric Acid; the counter-ion is the substance being recorded and the organic acid is its carrier",high,LICENSED-SEPARATE,indexable,1,a separate verdict leaves both pages exactly as they are,K1:XF417D3PSL,page_b,Calcium Citrate Anhydrous,Anhydrous Citric Acid,,structure_conflict; moiety_match; fragment_match,related_form_of,remainder
K1:8620H6K4QH,K1:91XW058U2C,"an FDA salt/solvate relationship links the pages, but the child page is not a salt form of the parent by structure or by name, so §3.1 does not license a merge",separate,R8s the two held structures settle it: different skeletons WNTYBHLDCKXEOT vs VZCYOOQTPOCHFL; a name rule does not overrule a structure comparison,high,LICENSED-SEPARATE,rest,1,a separate verdict leaves both pages exactly as they are,K1:91XW058U2C,page_b,Acetophenazine,MALEIC ACID,,structure_conflict,related_form_of,remainder
K1:888Y08971B,K1:B035PIS86W,"an FDA salt/solvate relationship links the pages, but the child page is not a salt form of the parent by structure or by name, so §3.1 does not license a merge",separate,R8s the two held structures settle it: different skeletons YRALAIOMGQZKOW vs HPNMFZURTQLUMO; a name rule does not overrule a structure comparison,high,LICENSED-SEPARATE,rest,1,a separate verdict leaves both pages exactly as they are,K1:B035PIS86W,page_b,Ceruletide,DIETHYLAMINE,,structure_conflict,related_form_of,remainder
K1:89243S03TE,,the named item no longer names two live corpus pages; an earlier identity pass already merged or dropped them,merge,R0 already-merged: corpus merge map records K1:00IBG87IQW -> K1:89243S03TE; the two names denote one live page (Sermorelin),high,NOT-LICENSED,rest,1,"the row records a merge already in force from identity pass 2/3, not a decision to apply; the cited evidence is the corpus merge record, not one of the three licensed merge evidences",,none recorded,Sermorelin,,,,,
K1:89243S03TE,,the named item no longer names two live corpus pages; an earlier identity pass already merged or dropped them,merge,R0 already-merged: corpus merge map records K1:00IBG87IQW -> K1:89243S03TE; the two names denote one live page (Sermorelin),high,NOT-LICENSED,rest,1,"the row records a merge already in force from identity pass 2/3, not a decision to apply; the cited evidence is the corpus merge record, not one of the three licensed merge evidences",,none recorded,Sermorelin,,,,,
K1:8GOM182CI3,K4:eurycoma longifolia,the evidence links the two pages but no rule in the spec's order decides them,separate,R9c Eurycoma Longifolia Whole and Eurycoma Longifolia are different registered preparations of one organism (whole); §2 K4 merges only on exact name-family equality and these two families are not equal,medium,LICENSED-SEPARATE,rest,1,a separate verdict leaves both pages exactly as they are,K4:eurycoma longifolia,page_b,Eurycoma Longifolia Whole,Eurycoma Longifolia,,,,remainder
K1:9BKY99A8HJ,K1:M0C2SP444T,the evidence links the two pages but no rule in the spec's order decides them,separate,R8s the two held structures settle it: different skeletons GADGMZDHLQLZRI vs WHUUTDBJXJRKMK; a name rule does not overrule a structure comparison,high,LICENSED-SEPARATE,indexable,1,a separate verdict leaves both pages exactly as they are,K1:M0C2SP444T,page_b,N-(P-AMINOBENZOYL)GLUTAMIC Acid,GLUTAMIC ACID HYDROCHLORIDE,,structure_conflict,,remainder
K1:9M48M2SF02,K1:NDP0H8E844,"an FDA salt/solvate relationship links the pages, but the child page is not a salt form of the parent by structure or by name, so §3.1 does not license a merge",separate,"R6a GSRS names Depreotide as the parent substance of TECHNETIUM TC 99M DEPREOTIDE, but it records the active moiety as TECHNETIUM TC-99M (6EW75241VU); the counter-ion is the substance being recorded",high,LICENSED-SEPARATE,rest,1,a separate verdict leaves both pages exactly as they are,K1:NDP0H8E844,page_b,TECHNETIUM TC 99M DEPREOTIDE,Depreotide,isotopologue,structure_conflict; moiety_match,related_form_of,remainder
K1:AB2794W8KV,K1:W4888I119H,"an FDA salt/solvate relationship links the pages, but the child page is not a salt form of the parent by structure or by name, so §3.1 does not license a merge",separate,R8s the two held structures settle it: different skeletons MFOCDFTXLCYLKU vs FEWJPZIEWOKRBE; a name rule does not overrule a structure comparison,high,LICENSED-SEPARATE,rest,1,a separate verdict leaves both pages exactly as they are,K1:W4888I119H,page_b,Phendimetrazine,TARTARIC ACID,,structure_conflict,related_form_of,remainder
K1:AD4J2O47FQ,,the named item no longer names two live corpus pages; an earlier identity pass already merged or dropped them,merge,R0 already-merged: corpus merge map records K1:YQX12245A9 -> K1:AD4J2O47FQ; the two names denote one live page (Dasiglucagon),high,NOT-LICENSED,indexable,1,"the row records a merge already in force from identity pass 2/3, not a decision to apply; the cited evidence is the corpus merge record, not one of the three licensed merge evidences",,none recorded,Dasiglucagon,,,,,
K1:AD4J2O47FQ,,the named item no longer names two live corpus pages; an earlier identity pass already merged or dropped them,merge,R0 already-merged: corpus merge map records K1:YQX12245A9 -> K1:AD4J2O47FQ; the two names denote one live page (Dasiglucagon),high,NOT-LICENSED,indexable,1,"the row records a merge already in force from identity pass 2/3, not a decision to apply; the cited evidence is the corpus merge record, not one of the three licensed merge evidences",,none recorded,Dasiglucagon,,,,,
K1:CLY16Y8Z7E,K1:91XW058U2C,"an FDA salt/solvate relationship links the pages, but the child page is not a salt form of the parent by structure or by name, so §3.1 does not license a merge",separate,R8s the two held structures settle it: different skeletons XZSMZRXAEFNJCU vs VZCYOOQTPOCHFL; a name rule does not overrule a structure comparison,high,LICENSED-SEPARATE,rest,1,a separate verdict leaves both pages exactly as they are,K1:91XW058U2C,page_b,MALEIC ACID,Carfenazine,,structure_conflict,related_form_of,
K1:DB7AK6G4U9,K2:XLXSAKCOAKORKW-AQJXLSMYSA-N,the evidence links the two pages but no rule in the spec's order decides them,merge,"R7y identical name '(10-GLYCINE)GONADORELIN' and only one page holds a structure, so nothing contradicts the shared name; UNIIs ['DB7AK6G4U9'] / ['2RG1XQ1NYJ'], substance classes ['protein'] / ['mixture']",medium,NOT-LICENSED,indexable,1,a merge at medium confidence,K2:XLXSAKCOAKORKW-AQJXLSMYSA-N,page_b,(10-GLYCINE)GONADORELIN,Gonadorelin,,,,remainder
K1:DUB5K84ELI,K4:bacopa monnieri,the evidence links the two pages but no rule in the spec's order decides them,separate,R9c Bacopa Monnieri Whole and Bacopa Monnieri are different registered preparations of one organism (whole); §2 K4 merges only on exact name-family equality and these two families are not equal,medium,LICENSED-SEPARATE,rest,1,a separate verdict leaves both pages exactly as they are,K4:bacopa monnieri,page_b,Bacopa Monnieri Whole,Bacopa Monnieri,,,,remainder
K1:HM5Z15LEBN,,"two pages collide on a display name and nothing recorded for them - substance class, primary target, stereo descriptor, UNII or structure - tells one from the other",separate,"R0b distinct substances sharing the normalised name 'potassium': Potassium Bicarbonate (TYJJADVDDVDEDZ-UHFFFAOYSA-M) against POTASSIUM CITRATE, POTASSIUM CITRATE ANHYDROUS, POTASSIUM GLUCONATE, POTASSIUM SALICYLATE; disambiguate on the display name, do not merge",high,LICENSED-SEPARATE,indexable,1,a separate verdict leaves both pages exactly as they are,,none recorded,Potassium Bicarbonate,,,,,
K1:JX56W9N61Q,,the named item no longer names two live corpus pages; an earlier identity pass already merged or dropped them,merge,R0 already-merged: corpus merge map records K1:44STI720CW -> K1:JX56W9N61Q; the two names denote one live page (Peginesatide),high,NOT-LICENSED,indexable,1,"the row records a merge already in force from identity pass 2/3, not a decision to apply; the cited evidence is the corpus merge record, not one of the three licensed merge evidences",,none recorded,Peginesatide,,,,,
K1:JX56W9N61Q,,the named item no longer names two live corpus pages; an earlier identity pass already merged or dropped them,merge,R0 already-merged: corpus merge map records K1:44STI720CW -> K1:JX56W9N61Q; the two names denote one live page (Peginesatide),high,NOT-LICENSED,indexable,1,"the row records a merge already in force from identity pass 2/3, not a decision to apply; the cited evidence is the corpus merge record, not one of the three licensed merge evidences",,none recorded,Peginesatide,,,,,
K1:K50N755924,,the named item no longer names two live corpus pages; an earlier identity pass already merged or dropped them,merge,R0 already-merged: corpus merge map records K1:X7D10K905G -> K1:K50N755924; the two names denote one live page (Colestipol),high,NOT-LICENSED,indexable,1,"the row records a merge already in force from identity pass 2/3, not a decision to apply; the cited evidence is the corpus merge record, not one of the three licensed merge evidences",,none recorded,Colestipol,,,,,
K1:K50N755924,,the named item no longer names two live corpus pages; an earlier identity pass already merged or dropped them,merge,R0 already-merged: corpus merge map records K1:X7D10K905G -> K1:K50N755924; the two names denote one live page (Colestipol),high,NOT-LICENSED,indexable,1,"the row records a merge already in force from identity pass 2/3, not a decision to apply; the cited evidence is the corpus merge record, not one of the three licensed merge evidences",,none recorded,Colestipol,,,,,
K1:LLM855Y3S3#gmod,K1:WKM56H3TLB,"an FDA salt/solvate relationship links the pages, but the child page is not a salt form of the parent by structure or by name, so §3.1 does not license a merge",merge,R5 FDA active moiety: GSRS gives Bulevirtide (WKM56H3TLB) as the active moiety of Bulevirtide-Gmod,medium,NOT-LICENSED,indexable,1,a merge at medium confidence,K1:WKM56H3TLB,page_b,Bulevirtide-Gmod,Bulevirtide,,,related_form_of,remainder
K1:N02W67RKJS,K1:P28BIW0UTB,"an FDA salt/solvate relationship links the pages, but the child page is not a salt form of the parent by structure or by name, so §3.1 does not license a merge",merge,R5 FDA active moiety: GSRS gives Mangafodipir (N02W67RKJS) as the active moiety of Fodipir,medium,NOT-LICENSED,rest,1,a merge at medium confidence,K1:P28BIW0UTB,page_b,Mangafodipir,Fodipir,,structure_conflict,related_form_of,remainder
K1:N0JZU0WGU5,K1:P28BIW0UTB,"an FDA salt/solvate relationship links the pages, but the child page is not a salt form of the parent by structure or by name, so §3.1 does not license a merge",separate,"R6 the GSRS record on K1:N0JZU0WGU5 is a mixed salt whose active moiety is CALMANGAFODIPIR (N0JZU0WGU5); Fodipir is named only as its parent substance, which is the coformer or counter-ion, not the same substance",high,LICENSED-SEPARATE,rest,1,a separate verdict leaves both pages exactly as they are,K1:P28BIW0UTB,page_b,CALMANGAFODIPIR,Fodipir,,structure_conflict; moiety_match,related_form_of,remainder
K1:N7T15V1FUY,,the named item no longer names two live corpus pages; an earlier identity pass already merged or dropped them,merge,R0 already-merged: corpus merge map records K1:9L64H0UE5Y -> K1:N7T15V1FUY; the two names denote one live page (Setmelanotide),high,NOT-LICENSED,indexable,1,"the row records a merge already in force from identity pass 2/3, not a decision to apply; the cited evidence is the corpus merge record, not one of the three licensed merge evidences",,none recorded,Setmelanotide,,,,,
K1:PR834Q503T,K1:W4888I119H,"an FDA salt/solvate relationship links the pages, but the child page is not a salt form of the parent by structure or by name, so §3.1 does not license a merge",separate,R8s the two held structures settle it: different skeletons XCGSFFUVFURLIX vs FEWJPZIEWOKRBE; a name rule does not overrule a structure comparison,high,LICENSED-SEPARATE,indexable,1,a separate verdict leaves both pages exactly as they are,K1:W4888I119H,page_b,Ergotamine,TARTARIC ACID,,structure_conflict,related_form_of,remainder
K1:QI7G114Y98,K3:CHEMBL2109056,the evidence links the two pages but no rule in the spec's order decides them,separate,"R9c ECHINACEA PURPUREA, POWDERED and Echinacea Purpurea are different registered preparations of one organism (powdered); §2 K4 merges only on exact name-family equality and these two families are not equal",medium,LICENSED-SEPARATE,indexable,1,a separate verdict leaves both pages exactly as they are,K3:CHEMBL2109056,page_b,Echinacea Purpurea,"ECHINACEA PURPUREA, POWDERED",,,,remainder
K1:QK8899250F,K1:4E862E7GRQ,"an FDA salt/solvate relationship links the pages, but the child page is not a salt form of the parent by structure or by name, so §3.1 does not license a merge",separate,"R4x §1 the removed fragment is not a counter-ion: Ferric Pyrophosphate carries Fe that Pyrophosphoric Acid does not; shared organic fragment XPPKVPWEQAFLFU is the ligand, not the substance",high,LICENSED-SEPARATE,rest,1,a separate verdict leaves both pages exactly as they are,K1:4E862E7GRQ,page_b,Pyrophosphoric Acid,Ferric Pyrophosphate,metal complex,structure_conflict,related_form_of,
K1:QTL48N278K,K1:1RTM4PAL0V,"an FDA salt/solvate relationship links the pages, but the child page is not a salt form of the parent by structure or by name, so §3.1 does not license a merge",separate,R8s the two held structures settle it: different skeletons JKKFKPJIXZFSSB vs GLUUGHFHXGJENI; a name rule does not overrule a structure comparison,high,LICENSED-SEPARATE,rest,1,a separate verdict leaves both pages exactly as they are,K1:1RTM4PAL0V,page_b,Piperazine,Estrone Sulfate,,structure_conflict,related_form_of,
K1:QX5LK7YCHV,,the named item no longer names two live corpus pages; an earlier identity pass already merged or dropped them,merge,R0 already-merged: corpus merge map records K1:3Z6W3S36X5 -> K1:QX5LK7YCHV; the two names denote one live page (Fomivirsen),high,NOT-LICENSED,rest,1,"the row records a merge already in force from identity pass 2/3, not a decision to apply; the cited evidence is the corpus merge record, not one of the three licensed merge evidences",,none recorded,Fomivirsen,,,,,
K1:QX5LK7YCHV,,the named item no longer names two live corpus pages; an earlier identity pass already merged or dropped them,merge,R0 already-merged: corpus merge map records K1:3Z6W3S36X5 -> K1:QX5LK7YCHV; the two names denote one live page (Fomivirsen),high,NOT-LICENSED,rest,1,"the row records a merge already in force from identity pass 2/3, not a decision to apply; the cited evidence is the corpus merge record, not one of the three licensed merge evidences",,none recorded,Fomivirsen,,,,,
K1:RLM74T3Z9D,K1:N78PI4C683,"an FDA salt/solvate relationship links the pages, but the child page is not a salt form of the parent by structure or by name, so §3.1 does not license a merge",separate,"R9a two separately registered FDA substances: Gadoversetamide ['RLM74T3Z9D'] and Versetamide ['N78PI4C683'], preferred names GADOVERSETAMIDE and VERSETAMIDE; neither is a salt, solvate or stereo form of the other by name or by structure",high,LICENSED-SEPARATE,rest,1,a separate verdict leaves both pages exactly as they are,K1:N78PI4C683,page_b,Versetamide,Gadoversetamide,,structure_conflict,related_form_of,
K1:RS7A450LGA,K4:trisodium,"same normalised name; one page holds a structure and the other holds none, so no structural rule applies",separate,"R9b 'Anhydrous Trisodium Citrate' names an element, a cation or an oxidation state, not a moiety; §3.1a refuses a merge between it and Anhydrous Trisodium",high,LICENSED-SEPARATE,indexable,1,a separate verdict leaves both pages exactly as they are,K4:trisodium,page_b,Anhydrous Trisodium Citrate,Anhydrous Trisodium,,,,review
K1:ULL76WPU5X,K1:W4888I119H,"an FDA salt/solvate relationship links the pages, but the child page is not a salt form of the parent by structure or by name, so §3.1 does not license a merge",separate,R8s the two held structures settle it: different skeletons XSBSKEQEUFOSDD vs FEWJPZIEWOKRBE; a name rule does not overrule a structure comparison,high,LICENSED-SEPARATE,rest,1,a separate verdict leaves both pages exactly as they are,K1:W4888I119H,page_b,Pentolinium,TARTARIC ACID,,structure_conflict,related_form_of,remainder
K1:UVL329170W,K2:DCSUBABJRXZOMT-UHFFFAOYSA-N,a merge chain would join two pages that an exception class keeps separate; the whole chain is held for the second opinion,form_of,"R3 InChIKey skeleton DCSUBABJRXZOMT shared; DCSUBABJRXZOMT-IRLDBZIGSA-N vs DCSUBABJRXZOMT-UHFFFAOYSA-N; the records carry the same name (Cisapride / Cisapride) so the difference is the stereo or protonation layer alone. §3.2 links these, never merges",medium,LICENSED-FORM_OF,rest,1,"the two pages carry one InChIKey skeleton and different full keys, which §3.4 and §5.1 split and link",K2:DCSUBABJRXZOMT-UHFFFAOYSA-N,page_b,Cisapride,Cisapride,,same_skeleton_different_full,form_of; stereoisomer_of,form_of
K1:UVP74NG1C5,K4:ferric ammonium,"same normalised name; one page holds a structure and the other holds none, so no structural rule applies",separate,"R9b 'FERRIC AMMONIUM CITRATE' names an element, a cation or an oxidation state, not a moiety; §3.1a refuses a merge between it and Ferric Ammonium",high,LICENSED-SEPARATE,rest,1,a separate verdict leaves both pages exactly as they are,K4:ferric ammonium,page_b,FERRIC AMMONIUM CITRATE,Ferric Ammonium,,,,review
K1:V10579P3QZ,K2:BWWVAEOLVKTZFQ-ISVUSNJMSA-N,a merge chain would join two pages that an exception class keeps separate; the whole chain is held for the second opinion,form_of,"R3 InChIKey skeleton BWWVAEOLVKTZFQ shared; BWWVAEOLVKTZFQ-NTZNESFSSA-N vs BWWVAEOLVKTZFQ-ISVUSNJMSA-N; the records carry the same name (Amdinocillin / Mecillinam) so the difference is the stereo or protonation layer alone. §3.2 links these, never merges",medium,LICENSED-FORM_OF,rest,1,"the two pages carry one InChIKey skeleton and different full keys, which §3.4 and §5.1 split and link",K2:BWWVAEOLVKTZFQ-ISVUSNJMSA-N,page_b,Amdinocillin,Mecillinam,,same_unii; same_skeleton_different_full; moiety_match; fragment_match,form_of; stereoisomer_of,form_of
K1:VC855RRT77,K1:W2ZU1RY8B0,the evidence links the two pages but no rule in the spec's order decides them,separate,R9c Camellia Sinensis Leaf Oil and Camellia Sinensis Leaf are different registered preparations of one organism (oil); §2 K4 merges only on exact name-family equality and these two families are not equal,medium,LICENSED-SEPARATE,indexable,1,a separate verdict leaves both pages exactly as they are,K1:W2ZU1RY8B0,page_b,Camellia Sinensis Leaf Oil,Camellia Sinensis Leaf,,,,remainder
K1:VL0L558GCB,,the named item no longer names two live corpus pages; an earlier identity pass already merged or dropped them,merge,R0 already-merged: corpus merge map records K1:N3927D01PB -> K1:VL0L558GCB; the two names denote one live page (Ardeparin),high,NOT-LICENSED,rest,1,"the row records a merge already in force from identity pass 2/3, not a decision to apply; the cited evidence is the corpus merge record, not one of the three licensed merge evidences",,none recorded,Ardeparin,,,,,
K1:VL0L558GCB,,the named item no longer names two live corpus pages; an earlier identity pass already merged or dropped them,merge,R0 already-merged: corpus merge map records K1:N3927D01PB -> K1:VL0L558GCB; the two names denote one live page (Ardeparin),high,NOT-LICENSED,rest,1,"the row records a merge already in force from identity pass 2/3, not a decision to apply; the cited evidence is the corpus merge record, not one of the three licensed merge evidences",,none recorded,Ardeparin,,,,,
K1:WKM56H3TLB,,the named item no longer names two live corpus pages; an earlier identity pass already merged or dropped them,merge,R0 already-merged: corpus merge map records K1:LLM855Y3S3 -> K1:WKM56H3TLB; the two names denote one live page (Bulevirtide),high,NOT-LICENSED,indexable,1,"the row records a merge already in force from identity pass 2/3, not a decision to apply; the cited evidence is the corpus merge record, not one of the three licensed merge evidences",,none recorded,Bulevirtide,,,,,
K1:WKM56H3TLB,,the named item no longer names two live corpus pages; an earlier identity pass already merged or dropped them,merge,R0 already-merged: corpus merge map records K1:LLM855Y3S3 -> K1:WKM56H3TLB; the two names denote one live page (Bulevirtide),high,NOT-LICENSED,indexable,1,"the row records a merge already in force from identity pass 2/3, not a decision to apply; the cited evidence is the corpus merge record, not one of the three licensed merge evidences",,none recorded,Bulevirtide,,,,,
K1:YIW503MI7V,K1:632XD903SP,"an FDA salt/solvate relationship links the pages, but the child page is not a salt form of the parent by structure or by name, so §3.1 does not license a merge",separate,"R6a GSRS names Gallic Acid as the parent substance of BISMUTH SUBGALLATE, but it records the active moiety as BISMUTH CATION (ZS9CD1I8YE); the counter-ion is the substance being recorded",high,LICENSED-SEPARATE,rest,1,a separate verdict leaves both pages exactly as they are,K1:632XD903SP,page_b,Gallic Acid,BISMUTH SUBGALLATE,,structure_conflict; moiety_match,related_form_of,
K1:Z67X93HJG1,,the named item no longer names two live corpus pages; an earlier identity pass already merged or dropped them,merge,R0 already-merged: corpus merge map records K1:WP15DXU577 -> K1:Z67X93HJG1; the two names denote one live page (Colistin),high,NOT-LICENSED,rest,1,"the row records a merge already in force from identity pass 2/3, not a decision to apply; the cited evidence is the corpus merge record, not one of the three licensed merge evidences",,none recorded,Colistin,,,,,
K1:Z67X93HJG1,,the named item no longer names two live corpus pages; an earlier identity pass already merged or dropped them,merge,R0 already-merged: corpus merge map records K1:WP15DXU577 -> K1:Z67X93HJG1; the two names denote one live page (Colistin),high,NOT-LICENSED,rest,1,"the row records a merge already in force from identity pass 2/3, not a decision to apply; the cited evidence is the corpus merge record, not one of the three licensed merge evidences",,none recorded,Colistin,,,,,
K2:BVPYARCRLTXGBD-UHFFFAOYSA-N,K4:trisodium,the evidence links the two pages but no rule in the spec's order decides them,separate,"R9b 'Trisodium' names an element, a cation or an oxidation state, not a moiety; §3.1a refuses a merge between it and Anhydrous Trisodium",high,LICENSED-SEPARATE,indexable,1,a separate verdict leaves both pages exactly as they are,K4:trisodium,page_b,Trisodium,Anhydrous Trisodium,,,,remainder
K2:JSQIKKVBLLHQSQ-AWJAZODESA-N,K2:PVHLMTREZMEJCG-GDTLVBQBSA-N,the two pages carry the same UNII but different connectivity skeletons; §2 holds a K1/K2 disagreement for a person,merge,"R1 identical UNII IJ3FUK8MOF, but the two held structures disagree (different skeletons JSQIKKVBLLHQSQ vs PVHLMTREZMEJCG); the registry identifier is the stronger evidence and the structure conflict needs a data fix",medium,NOT-LICENSED,indexable,1,"§2 holds a K1/K2 disagreement for a person and never resolves it by majority, so the second opinion alone does not license a change here",K2:PVHLMTREZMEJCG-GDTLVBQBSA-N,page_b,ANGIOTENSIN,Talfirastide,,same_unii; structure_conflict; moiety_match; fragment_match,,remainder
K3:CHEMBL1201493,K4:simethicone cellulose,same normalised name and no structure on either page; the identity rules give no evidence that decides them,merge,"R7y identical name 'SIMETHICONE-CELLULOSE' and no structure on either page; UNIIs none / none, substance classes [] / []",low,NOT-LICENSED,rest,1,a merge at low confidence,K4:simethicone cellulose,page_b,SIMETHICONE-CELLULOSE,Simethicone-Cellulose,,,,review
K3:CHEMBL1201525,K4:technetium tc 99m polyphosphate kit,same normalised name and no structure on either page; the identity rules give no evidence that decides them,merge,"R7y identical name 'TECHNETIUM TC-99M POLYPHOSPHATE KIT' and no structure on either page; UNIIs none / none, substance classes [] / []",low,NOT-LICENSED,rest,1,a merge at low confidence,K4:technetium tc 99m polyphosphate kit,page_b,TECHNETIUM TC-99M POLYPHOSPHATE KIT,Technetium Tc-99m Polyphosphate Kit,isotopologue,,,review
K3:CHEMBL1201537,K4:trolamine polypeptide oleate condensate,same normalised name and no structure on either page; the identity rules give no evidence that decides them,merge,"R7y identical name 'TROLAMINE POLYPEPTIDE OLEATE CONDENSATE' and no structure on either page; UNIIs none / none, substance classes [] / []",low,NOT-LICENSED,rest,1,a merge at low confidence,K4:trolamine polypeptide oleate condensate,page_b,TROLAMINE POLYPEPTIDE OLEATE CONDENSATE,Trolamine Polypeptide Oleate Condensate,,,,review
K3:CHEMBL1201652,K4:protein hydrolysate,same normalised name and no structure on either page; the identity rules give no evidence that decides them,merge,"R7y identical name 'PROTEIN HYDROLYSATE' and no structure on either page; UNIIs none / none, substance classes [] / []",low,NOT-LICENSED,rest,1,a merge at low confidence,K4:protein hydrolysate,page_b,PROTEIN HYDROLYSATE,Protein Hydrolysate,,,,review
K3:CHEMBL3707352,K4:policosanol,same normalised name and no structure on either page; the identity rules give no evidence that decides them,merge,"R7y identical name 'POLICOSANOL' and no structure on either page; UNIIs none / none, substance classes [] / []",low,NOT-LICENSED,indexable,1,a merge at low confidence,K4:policosanol,page_b,POLICOSANOL,Policosanol,,,,review
"COMBO:{IK:DSFGXPJYDCSWTA-SECBINFHSA-N,K1:2679MF687A}","COMBO:{K1:2679MF687A,K1:TN1B5910V2}","two combination records share an identifier but not their component sets; §3.7 keys a combination by its components, so they are different products unless a component merge makes the sets equal",form_of,RC the component sets differ only in the stereo form of one component: IK:DSFGXPJYDCSWTA-SECBINFHSA-N and K1:TN1B5910V2 share skeleton DSFGXPJYDCSWTA with different stereo,medium,LICENSED-FORM_OF,rest,2,"the two pages carry one InChIKey skeleton and different full keys, which §3.4 and §5.1 split and link","COMBO:{K1:2679MF687A,K1:TN1B5910V2}",page_b,Xantinol Nicotinate,XANTHINOL NIACINATE,combination,same_skeleton_different_full,,remainder
"COMBO:{K1:2T8Q726O95,K1:DKO1W9H7M1,K1:WR2TIP26VS}","COMBO:{K1:2T8Q726O95,K1:DKO1W9H7M1}","two combination records share an identifier but not their component sets; §3.7 keys a combination by its components, so they are different products unless a component merge makes the sets equal",separate,"RC different products under §3.7: COMBO:{K1:2T8Q726O95,K1:DKO1W9H7M1,K1:WR2TIP26VS} adds Abacavir, COMBO:{K1:2T8Q726O95,K1:DKO1W9H7M1} adds nothing",high,LICENSED-SEPARATE,rest,2,a separate verdict leaves both pages exactly as they are,"COMBO:{K1:2T8Q726O95,K1:DKO1W9H7M1}",page_b,"Abacavir, Dolutegravir, Lamivudine",Dolutegravir and Lamivudine,combination,same_unii; same_full_inchikey; moiety_match,,remainder
"COMBO:{K1:8GTS82S83M,K1:GE2UA340FM}","COMBO:{K1:8GTS82S83M,K1:M494UE2YEP}","two combination records share an identifier but not their component sets; §3.7 keys a combination by its components, so they are different products unless a component merge makes the sets equal",separate,"RC different products under §3.7: COMBO:{K1:8GTS82S83M,K1:GE2UA340FM} adds 8-CHLOROTHEOPHYLLINE, COMBO:{K1:8GTS82S83M,K1:M494UE2YEP} adds ACEFYLLINE",high,LICENSED-SEPARATE,rest,2,a separate verdict leaves both pages exactly as they are,"COMBO:{K1:8GTS82S83M,K1:M494UE2YEP}",page_b,DIMENHYDRINATE,ETANAUTINE,combination,same_full_inchikey,,remainder
HOLD:existing:alclometasone,K1:136H45TB7B,the two pages carry the same UNII but different connectivity skeletons; §2 holds a K1/K2 disagreement for a person,form_of,"R1x §3.2 exception to the shared UNII 136H45TB7B: the structure on HOLD:existing:alclometasone is GSRS Alclometasone dipropionate (S56PQL4N1V), one covalent molecule that adds dipropionate to ALCLOMETASONE. An ester or acyl derivative is a distinct substance, so the pages split and link",high,NOT-LICENSED,rest,2,"§2 holds a K1/K2 disagreement for a person and never resolves it by majority, so the second opinion alone does not license a change here",K1:136H45TB7B,page_b,Alclometasone,ALCLOMETASONE,ester,same_unii; structure_conflict; moiety_match,,remainder
HOLD:existing:anhydrous-citric-acid,K1:2968PHW8QP,the two pages carry the same UNII but different connectivity skeletons; §2 holds a K1/K2 disagreement for a person,merge,"R1h identical UNII 2968PHW8QP; the structure on HOLD:existing:anhydrous-citric-acid is GSRS Anhydrous citric acid (XF417D3PSL), the same substance as Citric Acid with anhydrous on the name. §3.1 removes solvates and hydrates",high,NOT-LICENSED,band,2,"§2 holds a K1/K2 disagreement for a person and never resolves it by majority, so the second opinion alone does not license a change here",K1:2968PHW8QP,page_b,Anhydrous Citric Acid,Citric Acid,,same_unii; structure_conflict,,remainder
HOLD:existing:anhydrous-citric-acid,K1:XF417D3PSL,a merge chain would join two pages that an exception class keeps separate; the whole chain is held for the second opinion,merge,R2 identical full InChIKey: both hold InChIKey KRKNYBCHXYNGOX-UHFFFAOYSA-N,high,LICENSED-MERGE,band,2,both pages carry the identical full InChIKey recorded in the corpus,K1:XF417D3PSL,page_b,Anhydrous Citric Acid,Anhydrous Citric Acid,,same_full_inchikey; moiety_match; fragment_match,same_structure_as,keep_separate
HOLD:existing:beclomethasone,K1:KGZ1SLC28Z,the two pages carry the same UNII but different connectivity skeletons; §2 holds a K1/K2 disagreement for a person,form_of,"R1x §3.2 exception to the shared UNII KGZ1SLC28Z: the structure on HOLD:existing:beclomethasone is GSRS BECLOMETHASONE DIPROPIONATE (5B307S63B2), one covalent molecule that adds dipropionate to Beclometasone. An ester or acyl derivative is a distinct substance, so the pages split and link",high,NOT-LICENSED,band,2,"§2 holds a K1/K2 disagreement for a person and never resolves it by majority, so the second opinion alone does not license a change here",K1:KGZ1SLC28Z,page_b,Beclometasone,Beclometasone,ester,same_unii; structure_conflict; moiety_match,,remainder
HOLD:existing:ethynodiol,K1:9E01C36A9S,the two pages carry the same UNII but different connectivity skeletons; §2 holds a K1/K2 disagreement for a person,form_of,"R1x §3.2 exception to the shared UNII 9E01C36A9S: the structure on HOLD:existing:ethynodiol is GSRS ETHYNODIOL DIACETATE (62H10A1236), one covalent molecule that adds diacetate to ETHYNODIOL. An ester or acyl derivative is a distinct substance, so the pages split and link",high,NOT-LICENSED,rest,2,"§2 holds a K1/K2 disagreement for a person and never resolves it by majority, so the second opinion alone does not license a change here",K1:9E01C36A9S,page_b,Ethynodiol,ETHYNODIOL,ester,same_unii; structure_conflict; moiety_match,,remainder
HOLD:existing:fludarabine,K1:P2K93U8740,the two pages carry the same UNII but different connectivity skeletons; §2 holds a K1/K2 disagreement for a person,form_of,"R1x §3.2 exception to the shared UNII P2K93U8740: the structure on HOLD:existing:fludarabine is GSRS FLUDARABINE PHOSPHATE (1X9VK9O1SC), one covalent molecule that adds phosphate to Fludarabine. An ester or acyl derivative is a distinct substance, so the pages split and link",high,NOT-LICENSED,band,2,"§2 holds a K1/K2 disagreement for a person and never resolves it by majority, so the second opinion alone does not license a change here",K1:P2K93U8740,page_b,Fludarabine,Fludarabine,ester,same_unii; structure_conflict; moiety_match,,remainder
HOLD:existing:fludrocortisone,K1:U0476M545B,the two pages carry the same UNII but different connectivity skeletons; §2 holds a K1/K2 disagreement for a person,form_of,"R1x §3.2 exception to the shared UNII U0476M545B: the structure on HOLD:existing:fludrocortisone is GSRS Fludrocortisone acetate (V47IF0PVH4), one covalent molecule that adds acetate to Fludrocortisone. An ester or acyl derivative is a distinct substance, so the pages split and link",high,NOT-LICENSED,band,2,"§2 holds a K1/K2 disagreement for a person and never resolves it by majority, so the second opinion alone does not license a change here",K1:U0476M545B,page_b,Fludrocortisone,Fludrocortisone,ester,same_unii; structure_conflict; moiety_match,,remainder
HOLD:existing:fluphenazine,K1:S79426A41Z,the two pages carry the same UNII but different connectivity skeletons; §2 holds a K1/K2 disagreement for a person,form_of,"R1x §3.2 exception to the shared UNII S79426A41Z: the structure on HOLD:existing:fluphenazine is GSRS Fluphenazine enanthate (QSB34YF0W9), one covalent molecule that adds enanthate to Fluphenazine. An ester or acyl derivative is a distinct substance, so the pages split and link",high,NOT-LICENSED,rest,2,"§2 holds a K1/K2 disagreement for a person and never resolves it by majority, so the second opinion alone does not license a change here",K1:S79426A41Z,page_b,Fluphenazine,Fluphenazine,ester,same_unii; structure_conflict; moiety_match,,remainder
HOLD:existing:lactitol,K1:L2B0WJF7ZY,the two pages carry the same UNII but different connectivity skeletons; §2 holds a K1/K2 disagreement for a person,separate,"R1z the structure on HOLD:existing:lactitol is GSRS .ALPHA.-LACTULOSE (9XH2P2N8EP), a substance neither page is named for; Lactitol (L2B0WJF7ZY) is a different substance and the shared UNII field on that page is wrong",high,LICENSED-SEPARATE,rest,2,a separate verdict leaves both pages exactly as they are,K1:L2B0WJF7ZY,page_b,Lactitol,Lactitol,,same_unii; structure_conflict; moiety_match,,remainder
HOLD:existing:potassium-citrate,,"two pages collide on a display name and nothing recorded for them - substance class, primary target, stereo descriptor, UNII or structure - tells one from the other",merge,R0b same full InChIKey inside the 'potassium' name group: HOLD:existing:potassium-citrate and K1:86R1NVR0HW both hold QEEAPRPFLLJWCF-UHFFFAOYSA-K,high,LICENSED-MERGE,band,2,both pages carry the identical full InChIKey recorded in the corpus,K1:86R1NVR0HW,second-opinion evidence,Potassium Citrate,POTASSIUM CITRATE ANHYDROUS,,same_full_inchikey,same_structure_as,detach_unii
HOLD:existing:potassium-citrate,K1:86R1NVR0HW,a merge chain would join two pages that an exception class keeps separate; the whole chain is held for the second opinion,merge,R2 identical full InChIKey: both hold InChIKey QEEAPRPFLLJWCF-UHFFFAOYSA-K,high,LICENSED-MERGE,band,2,both pages carry the identical full InChIKey recorded in the corpus,K1:86R1NVR0HW,page_b,Potassium Citrate,POTASSIUM CITRATE ANHYDROUS,,same_full_inchikey,same_structure_as,keep_separate
HOLD:existing:potassium-citrate,K1:EE90ONI6FF,the two pages carry the same UNII but different connectivity skeletons; §2 holds a K1/K2 disagreement for a person,merge,"R1h identical UNII EE90ONI6FF; the structure on HOLD:existing:potassium-citrate is GSRS POTASSIUM CITRATE ANHYDROUS (86R1NVR0HW), the same substance as POTASSIUM CITRATE with anhydrous on the name. §3.1 removes solvates and hydrates",high,NOT-LICENSED,band,2,"§2 holds a K1/K2 disagreement for a person and never resolves it by majority, so the second opinion alone does not license a change here",K1:EE90ONI6FF,page_b,Potassium Citrate,POTASSIUM CITRATE,,same_unii; structure_conflict,,remainder
HOLD:existing:voxilaprevir,K1:0570F37359,the two pages carry the same UNII but different connectivity skeletons; §2 holds a K1/K2 disagreement for a person,merge,"R1 identical UNII 0570F37359, but the two held structures disagree (different skeletons MKDALIOACIEUJM vs MZBLZLWXUBZHSL); the registry identifier is the stronger evidence and the structure conflict needs a data fix",medium,NOT-LICENSED,rest,2,"§2 holds a K1/K2 disagreement for a person and never resolves it by majority, so the second opinion alone does not license a change here",K1:0570F37359,page_b,Voxilaprevir,Voxilaprevir,,same_unii; structure_conflict; moiety_match; fragment_match,,remainder
K1:01756N87N8,K1:F84709P2XV,the evidence links the two pages but no rule in the spec's order decides them,separate,R9c Wormwood Oil and Wormwood are different registered preparations of one organism (oil); §2 K4 merges only on exact name-family equality and these two families are not equal,medium,LICENSED-SEPARATE,rest,2,a separate verdict leaves both pages exactly as they are,K1:F84709P2XV,page_b,Wormwood Oil,Wormwood,,,,remainder
K1:01G73H6H83,K1:06JI9W529S,the evidence links the two pages but no rule in the spec's order decides them,separate,R9c Hops Oil and Hops are different registered preparations of one organism (oil); §2 K4 merges only on exact name-family equality and these two families are not equal,medium,LICENSED-SEPARATE,rest,2,a separate verdict leaves both pages exactly as they are,K1:06JI9W529S,page_b,Hops,Hops Oil,,,,remainder
K1:0309P36Q66,K1:91O4LML611,"an FDA salt/solvate relationship links the pages, but the child page is not a salt form of the parent by structure or by name, so §3.1 does not license a merge",separate,R4z shared parent VTLYFUHAOXGGBS has 0 carbon atoms; an inorganic anion is not a moiety a drug page merges onto,high,LICENSED-SEPARATE,rest,2,a separate verdict leaves both pages exactly as they are,K1:91O4LML611,page_b,Ferric Fluoride,Ferric Cation,,structure_conflict; moiety_match; fragment_match,related_form_of,remainder
K1:05456MVL7T,K1:W90AYD6R3Q,the evidence links the two pages but no rule in the spec's order decides them,separate,R8s the two held structures settle it: different skeletons PZDJSXWIQXZUBJ vs HCWPIIXVSYCSAN; a name rule does not overrule a structure comparison,high,LICENSED-SEPARATE,rest,2,a separate verdict leaves both pages exactly as they are,K1:W90AYD6R3Q,page_b,Radium Cation,RADIUM,,structure_conflict,,remainder
K1:05JZI7B19X,K1:Y3R0RA1Q8S,the evidence links the two pages but no rule in the spec's order decides them,merge,R7 §3.1/§3.1a salt or hydrate on the register's printed name: Carboxymethylcellulose Sodium (0.7 Carboxymethyl Substitution Per SACCHARIDE; 600 MPA.S At 2%) = Carboxymethylcellulose + sodium,medium,NOT-LICENSED,rest,2,a merge at medium confidence,K1:Y3R0RA1Q8S,page_b,Carboxymethylcellulose,Carboxymethylcellulose Sodium (0.7 Carboxymethyl Substitution Per SACCHARIDE; 600 MPA.S At 2%),,,,remainder
K1:0DQI268449,K1:0WT12SX38S,the evidence links the two pages but no rule in the spec's order decides them,separate,R8s the two held structures settle it: different skeletons CGQCWMIAEPEHNQ vs AEMRFAOFKBGASW; a name rule does not overrule a structure comparison,high,LICENSED-SEPARATE,rest,2,a separate verdict leaves both pages exactly as they are,K1:0WT12SX38S,page_b,Vanillylmandelic Acid,GLYCOLIC ACID,,structure_conflict,,remainder
K1:0F5N573A2Y,K1:29I4YB3S89,the evidence links the two pages but no rule in the spec's order decides them,separate,R8s the two held structures settle it: different skeletons RTZKZFJDLAIYFH vs BZLVMXJERCGZMT; a name rule does not overrule a structure comparison,high,LICENSED-SEPARATE,rest,2,a separate verdict leaves both pages exactly as they are,K1:29I4YB3S89,page_b,ETHER,TERT-BUTYL Methyl Ether,,structure_conflict,,remainder
K1:0GRZ0F5XJ6,,the named item no longer names two live corpus pages; an earlier identity pass already merged or dropped them,merge,R0 already-merged: corpus merge map records K1:WSP2DHR2BD -> K1:0GRZ0F5XJ6; the two names denote one live page (Eplontersen),high,NOT-LICENSED,band,2,"the row records a merge already in force from identity pass 2/3, not a decision to apply; the cited evidence is the corpus merge record, not one of the three licensed merge evidences",,none recorded,Eplontersen,,,,,
K1:0GRZ0F5XJ6,,the named item no longer names two live corpus pages; an earlier identity pass already merged or dropped them,merge,R0 already-merged: corpus merge map records K1:WSP2DHR2BD -> K1:0GRZ0F5XJ6; the two names denote one live page (Eplontersen),high,NOT-LICENSED,band,2,"the row records a merge already in force from identity pass 2/3, not a decision to apply; the cited evidence is the corpus merge record, not one of the three licensed merge evidences",,none recorded,Eplontersen,,,,,
K1:0I2XIN602U,K1:91O4LML611,"an FDA salt/solvate relationship links the pages, but the child page is not a salt form of the parent by structure or by name, so §3.1 does not license a merge",separate,"R4w Ferric Cation appears only as a fragment of Ferric Chloride Hexahydrate, not as its parent moiety",high,LICENSED-SEPARATE,rest,2,a separate verdict leaves both pages exactly as they are,K1:91O4LML611,page_b,Ferric Chloride Hexahydrate,Ferric Cation,,structure_conflict; moiety_match,related_form_of,remainder
K1:0IEO0F56LV,,the named item no longer names two live corpus pages; an earlier identity pass already merged or dropped them,merge,R0 already-merged: corpus merge map records K1:950736UC77 -> K1:0IEO0F56LV; the two names denote one live page (Inotersen),high,NOT-LICENSED,rest,2,"the row records a merge already in force from identity pass 2/3, not a decision to apply; the cited evidence is the corpus merge record, not one of the three licensed merge evidences",,none recorded,Inotersen,,,,,
K1:0IEO0F56LV,,the named item no longer names two live corpus pages; an earlier identity pass already merged or dropped them,merge,R0 already-merged: corpus merge map records K1:950736UC77 -> K1:0IEO0F56LV; the two names denote one live page (Inotersen),high,NOT-LICENSED,rest,2,"the row records a merge already in force from identity pass 2/3, not a decision to apply; the cited evidence is the corpus merge record, not one of the three licensed merge evidences",,none recorded,Inotersen,,,,,
K1:0LB9J2797D,K1:1FQ2RY5YHH,"an FDA salt/solvate relationship links the pages, but the child page is not a salt form of the parent by structure or by name, so §3.1 does not license a merge",merge,R5 FDA active moiety: GSRS gives Patiromer (1FQ2RY5YHH) as the active moiety of Patiromer Sorbitex Calcium,medium,NOT-LICENSED,band,2,a merge at medium confidence,K1:1FQ2RY5YHH,page_b,Patiromer Sorbitex Calcium,Patiromer,,moiety_match,related_form_of,remainder
K1:0UV74P3R0J,K1:96P72VE680,"an FDA salt/solvate relationship links the pages, but the child page is not a salt form of the parent by structure or by name, so §3.1 does not license a merge",separate,"R9a two separately registered FDA substances: Cerous Oxalate Nonahydrate ['0UV74P3R0J'] and CERIUM OXALATE ['96P72VE680'], preferred names CEROUS OXALATE NONAHYDRATE and CEROUS OXALATE; neither is a salt, solvate or stereo form of the other by name or by structure",high,LICENSED-SEPARATE,rest,2,a separate verdict leaves both pages exactly as they are,K1:96P72VE680,page_b,Cerous Oxalate Nonahydrate,CERIUM OXALATE,,structure_conflict,related_form_of,remainder
K1:0UV74P3R0J,K1:9E7R5L6H31,"an FDA salt/solvate relationship links the pages, but the child page is not a salt form of the parent by structure or by name, so §3.1 does not license a merge",separate,"R4a Cerous Oxalate Nonahydrate is Oxalic Acid (MUBZPKHOEPUJKR) plus counter-ions or solvate, but FDA records the active moiety of Cerous Oxalate Nonahydrate as CEROUS CATION (72Q4U60JWI), not Oxalic Acid; the counter-ion is the substance being recorded and the organic acid is its carrier",high,LICENSED-SEPARATE,rest,2,a separate verdict leaves both pages exactly as they are,K1:9E7R5L6H31,page_b,Cerous Oxalate Nonahydrate,Oxalic Acid,,structure_conflict,related_form_of,remainder
K1:0V6E9Q2I0Y,K1:IO46B19O1Q,the evidence links the two pages but no rule in the spec's order decides them,separate,R8s the two held structures settle it: different skeletons QTBSBXVTEAMEQO vs AWYFNIZYMPNGAI; a name rule does not overrule a structure comparison,high,LICENSED-SEPARATE,rest,2,a separate verdict leaves both pages exactly as they are,K1:IO46B19O1Q,page_b,Manganese Acetate,Ethylenebisdithiocarbamic Acid,,structure_conflict,,remainder
K1:0YIW783RG1,K1:XU8S3M2QRZ,the evidence links the two pages but no rule in the spec's order decides them,separate,R8s the two held structures settle it: different skeletons BDAGIHXWWSANSR vs MANJIGKYCYWWBD; a name rule does not overrule a structure comparison,high,LICENSED-SEPARATE,rest,2,a separate verdict leaves both pages exactly as they are,K1:XU8S3M2QRZ,page_b,Formic Acid,2-CHLORO-2-OXOACETIC Acid,,structure_conflict,,remainder
K1:0YPR65R21J,K1:22ADO53M6F,the evidence links the two pages but no rule in the spec's order decides them,separate,R8s the two held structures settle it: different skeletons QAOWNCQODCNURD vs NBIIXXVUZAFLBC; a name rule does not overrule a structure comparison,high,LICENSED-SEPARATE,rest,2,a separate verdict leaves both pages exactly as they are,K1:22ADO53M6F,page_b,SODIUM SULFATE,"Sodium Phosphate, Dibasic",,structure_conflict,,remainder
K1:0YPR65R21J,K1:CI71S98N1Z,the evidence links the two pages but no rule in the spec's order decides them,separate,R8s the two held structures settle it: different skeletons QAOWNCQODCNURD vs NBIIXXVUZAFLBC; a name rule does not overrule a structure comparison,high,LICENSED-SEPARATE,rest,2,a separate verdict leaves both pages exactly as they are,K1:CI71S98N1Z,page_b,SODIUM SULFATE,Dibasic Potassium Phosphate,,structure_conflict,,remainder
K1:12H3K5QKN9,,"two pages collide on a display name and nothing recorded for them - substance class, primary target, stereo descriptor, UNII or structure - tells one from the other",separate,"R0b distinct substances sharing the normalised name 'potassium': POTASSIUM GLUCONATE (HLCFGWHYROZGBI-JJKGCWMISA-M) against POTASSIUM CITRATE, POTASSIUM CITRATE ANHYDROUS, POTASSIUM SALICYLATE, POTASSIUM SODIUM HYDROGEN CITRATE; disambiguate on the display name, do not merge",high,LICENSED-SEPARATE,rest,2,a separate verdict leaves both pages exactly as they are,,none recorded,POTASSIUM GLUCONATE,,,,,
K1:12H3K5QKN9,K1:R4R8J0Q44B,"an FDA salt/solvate relationship links the pages, but the child page is not a salt form of the parent by structure or by name, so §3.1 does not license a merge",separate,"R4a POTASSIUM GLUCONATE is Gluconic Acid (RGHNJXZEOKUKBD) plus counter-ions or solvate, but FDA records the active moiety of POTASSIUM GLUCONATE as POTASSIUM CATION (295O53K152), not Gluconic Acid; the counter-ion is the substance being recorded and the organic acid is its carrier",high,LICENSED-SEPARATE,rest,2,a separate verdict leaves both pages exactly as they are,K1:R4R8J0Q44B,page_b,POTASSIUM GLUCONATE,Gluconic Acid,,structure_conflict; moiety_match; fragment_match,related_form_of,remainder
K1:13U9R5J3WL,,the named item no longer names two live corpus pages; an earlier identity pass already merged or dropped them,merge,R0 already-merged: corpus merge map records K1:EGR9KYM536 -> K1:13U9R5J3WL; the two names denote one live page (NEDOSIRAN),high,NOT-LICENSED,rest,2,"the row records a merge already in force from identity pass 2/3, not a decision to apply; the cited evidence is the corpus merge record, not one of the three licensed merge evidences",,none recorded,NEDOSIRAN,,,,,
K1:13U9R5J3WL,,the named item no longer names two live corpus pages; an earlier identity pass already merged or dropped them,merge,R0 already-merged: corpus merge map records K1:EGR9KYM536 -> K1:13U9R5J3WL; the two names denote one live page (NEDOSIRAN),high,NOT-LICENSED,rest,2,"the row records a merge already in force from identity pass 2/3, not a decision to apply; the cited evidence is the corpus merge record, not one of the three licensed merge evidences",,none recorded,NEDOSIRAN,,,,,
K1:1485XST65B,K1:RGL5YE86CZ,"an FDA salt/solvate relationship links the pages, but the child page is not a salt form of the parent by structure or by name, so §3.1 does not license a merge",separate,R4z shared parent KRHYYFGTRYWZRS has 0 carbon atoms; an inorganic anion is not a moiety a drug page merges onto,high,LICENSED-SEPARATE,rest,2,a separate verdict leaves both pages exactly as they are,K1:RGL5YE86CZ,page_b,Lithium Fluoride,Hydrofluoric Acid,,structure_conflict; moiety_match; fragment_match,related_form_of,remainder
K1:1699G8679Z,K1:HUI2S00793,the evidence links the two pages but no rule in the spec's order decides them,separate,"R9a two separately registered FDA substances: Sodium Polystyrene Sulfonate ['1699G8679Z'] and CALCIUM POLYSTYRENE SULFONATE ['HUI2S00793'], preferred names SODIUM POLYSTYRENE SULFONATE and CALCIUM POLYSTYRENE SULFONATE; neither is a salt, solvate or stereo form of the other by name or by structure",high,LICENSED-SEPARATE,rest,2,a separate verdict leaves both pages exactly as they are,K1:HUI2S00793,page_b,Sodium Polystyrene Sulfonate,CALCIUM POLYSTYRENE SULFONATE,,,,remainder
K1:1AEY1M553N,K1:A4IWO4DDZ9,the evidence links the two pages but no rule in the spec's order decides them,separate,R9c Mentha Arvensis Leaf Oil and Mentha Arvensis Leaf are different registered preparations of one organism (oil); §2 K4 merges only on exact name-family equality and these two families are not equal,medium,LICENSED-SEPARATE,rest,2,a separate verdict leaves both pages exactly as they are,K1:A4IWO4DDZ9,page_b,Mentha Arvensis Leaf Oil,Mentha Arvensis Leaf,,,,remainder
K1:1BJ477IO2L,K1:SMG09YI7I8,the evidence links the two pages but no rule in the spec's order decides them,separate,"R9a two separately registered FDA substances: Gadobutrol ['1BJ477IO2L'] and Butrol ['SMG09YI7I8'], preferred names Gadobutrol and Butrol; neither is a salt, solvate or stereo form of the other by name or by structure (the shared UNII 1BJ477IO2L sits in a page unii field, not in either page key, and is the known Inxight join defect)",high,LICENSED-SEPARATE,band,2,a separate verdict leaves both pages exactly as they are,K1:SMG09YI7I8,page_b,Gadobutrol,Butrol,,structure_conflict,,remainder
K1:1BQV3749L5,K4:stannous,"same normalised name; one page holds a structure and the other holds none, so no structural rule applies",separate,"R9b 'STANNOUS CHLORIDE' names an element, a cation or an oxidation state, not a moiety; §3.1a refuses a merge between it and Stannous",high,LICENSED-SEPARATE,rest,2,a separate verdict leaves both pages exactly as they are,K4:stannous,page_b,STANNOUS CHLORIDE,Stannous,,,,review
K1:1C4QK22F9J,,"two pages collide on a display name and nothing recorded for them - substance class, primary target, stereo descriptor, UNII or structure - tells one from the other",separate,"R0b distinct substances sharing the normalised name 'potassium': Potassium Iodide (NLKNQRATVPKPDG-UHFFFAOYSA-M) against POTASSIUM CITRATE, POTASSIUM CITRATE ANHYDROUS, POTASSIUM GLUCONATE, POTASSIUM SALICYLATE; disambiguate on the display name, do not merge",high,LICENSED-SEPARATE,rest,2,a separate verdict leaves both pages exactly as they are,,none recorded,Potassium Iodide,,,,,
K1:1C4QK22F9J,K1:F5WR8N145C,the evidence links the two pages but no rule in the spec's order decides them,separate,"R4y both are salts of XMBWDFGMSWQBCA; neither page is that parent moiety; §3.1 merges a salt into its parent, and that parent is not either of these two pages",high,LICENSED-SEPARATE,rest,2,a separate verdict leaves both pages exactly as they are,K1:F5WR8N145C,page_b,Potassium Iodide,Sodium Iodide,,structure_conflict,,remainder
K1:1FQ2RY5YHH,,the named item no longer names two live corpus pages; an earlier identity pass already merged or dropped them,merge,R0 already-merged: corpus merge map records K1:7T97I3787N -> K1:1FQ2RY5YHH; the two names denote one live page (Patiromer),high,NOT-LICENSED,band,2,"the row records a merge already in force from identity pass 2/3, not a decision to apply; the cited evidence is the corpus merge record, not one of the three licensed merge evidences",,none recorded,Patiromer,,,,,
K1:1HG84L3525,,the named item no longer names two live corpus pages; an earlier identity pass already merged or dropped them,merge,R0 already-merged: corpus merge map records K1:T0H3L6C7I5 -> K1:1HG84L3525; the two names denote one live page (Formaldehyde),high,NOT-LICENSED,rest,2,"the row records a merge already in force from identity pass 2/3, not a decision to apply; the cited evidence is the corpus merge record, not one of the three licensed merge evidences",,none recorded,Formaldehyde,,,,,
K1:1HG84L3525,,the named item no longer names two live corpus pages; an earlier identity pass already merged or dropped them,merge,R0 already-merged: corpus merge map records K1:T0H3L6C7I5 -> K1:1HG84L3525; the two names denote one live page (Formaldehyde),high,NOT-LICENSED,rest,2,"the row records a merge already in force from identity pass 2/3, not a decision to apply; the cited evidence is the corpus merge record, not one of the three licensed merge evidences",,none recorded,Formaldehyde,,,,,
K1:1K573LC5TV,,"two pages collide on a display name and nothing recorded for them - substance class, primary target, stereo descriptor, UNII or structure - tells one from the other",separate,"R0b distinct substances sharing the normalised name 'potassium': Potassium Sulfate (OTYBMLCTZGSZBG-UHFFFAOYSA-L) against POTASSIUM CITRATE, POTASSIUM CITRATE ANHYDROUS, POTASSIUM GLUCONATE, POTASSIUM SALICYLATE; disambiguate on the display name, do not merge",high,LICENSED-SEPARATE,rest,2,a separate verdict leaves both pages exactly as they are,,none recorded,Potassium Sulfate,,,,,
K1:1KC430K0ZN,K4:cupric,"same normalised name; one page holds a structure and the other holds none, so no structural rule applies",separate,"R9b 'Cupric Bromide' names an element, a cation or an oxidation state, not a moiety; §3.1a refuses a merge between it and Cupric",high,LICENSED-SEPARATE,rest,2,a separate verdict leaves both pages exactly as they are,K4:cupric,page_b,Cupric Bromide,Cupric,,,,review
K1:1KC430K0ZN,K4:cupric ascorbate,"same normalised name; one page holds a structure and the other holds none, so no structural rule applies",separate,"R9b 'Cupric Bromide' names an element, a cation or an oxidation state, not a moiety; §3.1a refuses a merge between it and Cupric Ascorbate",high,LICENSED-SEPARATE,rest,2,a separate verdict leaves both pages exactly as they are,K4:cupric ascorbate,page_b,Cupric Bromide,Cupric Ascorbate,,,,review
K1:1OV56052IK,K1:7626GC95E5,the evidence links the two pages but no rule in the spec's order decides them,separate,R9c Coriander Oil and Coriander are different registered preparations of one organism (oil); §2 K4 merges only on exact name-family equality and these two families are not equal,medium,LICENSED-SEPARATE,rest,2,a separate verdict leaves both pages exactly as they are,K1:7626GC95E5,page_b,Coriander,Coriander Oil,,,,remainder
K1:1ZPG1ELY14,K1:BIU7Q7W2SH,"an FDA salt/solvate relationship links the pages, but the child page is not a salt form of the parent by structure or by name, so §3.1 does not license a merge",merge,R5 FDA active moiety: GSRS gives Rose Bengal Lactone (BIU7Q7W2SH) as the active moiety of Rose Bengal Potassium,medium,NOT-LICENSED,rest,2,a merge at medium confidence,K1:BIU7Q7W2SH,page_b,Rose Bengal Potassium,Rose Bengal Lactone,,structure_conflict; moiety_match,related_form_of,remainder
K1:21C2F5E8RE,K1:6Y89129C8H,the evidence links the two pages but no rule in the spec's order decides them,separate,R9c ANISE OIL and Anise are different registered preparations of one organism (oil); §2 K4 merges only on exact name-family equality and these two families are not equal,medium,LICENSED-SEPARATE,rest,2,a separate verdict leaves both pages exactly as they are,K1:6Y89129C8H,page_b,Anise,ANISE OIL,,,,remainder
K1:22ADO53M6F,K4:dibasic,the evidence links the two pages but no rule in the spec's order decides them,separate,"R9b 'Sodium Phosphate, Dibasic' names an element, a cation or an oxidation state, not a moiety; §3.1a refuses a merge between it and Anhydrous Dibasic",high,LICENSED-SEPARATE,rest,2,a separate verdict leaves both pages exactly as they are,K4:dibasic,page_b,"Sodium Phosphate, Dibasic",Anhydrous Dibasic,,,,remainder
K1:23227F83U0,K1:30KYC7MIAI,"an FDA salt/solvate relationship links the pages, but the child page is not a salt form of the parent by structure or by name, so §3.1 does not license a merge",separate,"R4w Aspartic acid appears only as a fragment of Lysine Aspartate, not as its parent moiety",high,LICENSED-SEPARATE,rest,2,a separate verdict leaves both pages exactly as they are,K1:30KYC7MIAI,page_b,Lysine Aspartate,Aspartic acid,,structure_conflict; moiety_match,related_form_of,remainder
K1:24K790T39B,K4:pulsatilla,the evidence links the two pages but no rule in the spec's order decides them,separate,R9 no shared identifier and no structure pair to compare (Pulsatilla Montana Whole vs Pulsatilla); UNIIs ['24K790T39B'] vs none,low,LICENSED-SEPARATE,rest,2,a separate verdict leaves both pages exactly as they are,K4:pulsatilla,page_b,Pulsatilla Montana Whole,Pulsatilla,,,,remainder
K1:24RS0A988O,K1:AGN709ANTJ,the evidence links the two pages but no rule in the spec's order decides them,separate,R9c Lemon Juice and Lemon are different registered preparations of one organism (juice); §2 K4 merges only on exact name-family equality and these two families are not equal,medium,LICENSED-SEPARATE,rest,2,a separate verdict leaves both pages exactly as they are,K1:AGN709ANTJ,page_b,Lemon,Lemon Juice,,,,remainder
K1:24RS0A988O,K1:I9GRO824LL,the evidence links the two pages but no rule in the spec's order decides them,separate,R9c Lemon Oil and Lemon are different registered preparations of one organism (oil); §2 K4 merges only on exact name-family equality and these two families are not equal,medium,LICENSED-SEPARATE,rest,2,a separate verdict leaves both pages exactly as they are,K1:I9GRO824LL,page_b,Lemon,Lemon Oil,,,,remainder
K1:2577AQ9262,K1:M911911U02,the evidence links the two pages but no rule in the spec's order decides them,separate,R8s the two held structures settle it: different skeletons OVSKIKFHRZPJSS vs QTBSBXVTEAMEQO; a name rule does not overrule a structure comparison,high,LICENSED-SEPARATE,rest,2,a separate verdict leaves both pages exactly as they are,K1:M911911U02,page_b,"2,4-D",POTASSIUM ACETATE,,structure_conflict,,remainder
K1:26SK597UWV,K1:R4R8J0Q44B,"an FDA salt/solvate relationship links the pages, but the child page is not a salt form of the parent by structure or by name, so §3.1 does not license a merge",separate,"R4x §1 the removed fragment is not a counter-ion: Cobaltous Gluconate carries Co that Gluconic Acid does not; shared organic fragment RGHNJXZEOKUKBD is the ligand, not the substance",high,LICENSED-SEPARATE,rest,2,a separate verdict leaves both pages exactly as they are,K1:R4R8J0Q44B,page_b,Cobaltous Gluconate,Gluconic Acid,metal complex,structure_conflict; moiety_match; fragment_match,related_form_of,remainder
K1:27618J1N2X,K1:W4888I119H,"an FDA salt/solvate relationship links the pages, but the child page is not a salt form of the parent by structure or by name, so §3.1 does not license a merge",separate,R8s the two held structures settle it: different skeletons JAQUASYNZVUNQP vs FEWJPZIEWOKRBE; a name rule does not overrule a structure comparison,high,LICENSED-SEPARATE,band,2,a separate verdict leaves both pages exactly as they are,K1:W4888I119H,page_b,Levorphanol,TARTARIC ACID,,structure_conflict,related_form_of,remainder
K1:2788Z9758H,K1:M1F96IE0ZC,the evidence links the two pages but no rule in the spec's order decides them,separate,R9c Glycyrrhiza Glabra Whole and Glycyrrhiza Glabra are different registered preparations of one organism (whole); §2 K4 merges only on exact name-family equality and these two families are not equal,medium,LICENSED-SEPARATE,rest,2,a separate verdict leaves both pages exactly as they are,K1:M1F96IE0ZC,page_b,Glycyrrhiza Glabra,Glycyrrhiza Glabra Whole,,,,remainder
K1:2NVP93XVQ3,K1:53V4OQG6U1,the evidence links the two pages but no rule in the spec's order decides them,separate,"R4y both are salts of OHORFAFFMDIQRR; neither page is that parent moiety; §3.1 merges a salt into its parent, and that parent is not either of these two pages",high,LICENSED-SEPARATE,rest,2,a separate verdict leaves both pages exactly as they are,K1:53V4OQG6U1,page_b,Calcium Hexafluorosilicate,Fluosilicic Acid,,structure_conflict,,remainder
K1:2O4BE0K238,,the named item no longer names two live corpus pages; an earlier identity pass already merged or dropped them,merge,R0 already-merged: corpus merge map records K1:6JON30SLDT -> K1:2O4BE0K238; the two names denote one live page (Volanesorsen),high,NOT-LICENSED,rest,2,"the row records a merge already in force from identity pass 2/3, not a decision to apply; the cited evidence is the corpus merge record, not one of the three licensed merge evidences",,none recorded,Volanesorsen,,,,,
K1:2R04ONI662,K1:S546YLW6E6,the evidence links the two pages but no rule in the spec's order decides them,separate,R9c Eucalyptus Globulus Leaf Oil and Eucalyptus Globulus Leaf are different registered preparations of one organism (oil); §2 K4 merges only on exact name-family equality and these two families are not equal,medium,LICENSED-SEPARATE,rest,2,a separate verdict leaves both pages exactly as they are,K1:S546YLW6E6,page_b,Eucalyptus Globulus Leaf Oil,Eucalyptus Globulus Leaf,,,,remainder
K1:2UA751211N,K1:91O4LML611,"an FDA salt/solvate relationship links the pages, but the child page is not a salt form of the parent by structure or by name, so §3.1 does not license a merge",separate,"R5z FDA gives Ferric Cation (91O4LML611) as the active moiety of FERRIC HYDROXIDE, but §3.1a refuses a merge onto it: Ferric Cation reduces to VTLYFUHAOXGGBS with 1 heavy atoms and 0 carbons",high,LICENSED-SEPARATE,rest,2,a separate verdict leaves both pages exactly as they are,K1:91O4LML611,page_b,FERRIC HYDROXIDE,Ferric Cation,,structure_conflict; moiety_match; fragment_match,related_form_of,remainder
K1:2UK410MY6B,K1:CW657OBU4N,the evidence links the two pages but no rule in the spec's order decides them,separate,R9c Thyme Oil and Thyme are different registered preparations of one organism (oil); §2 K4 merges only on exact name-family equality and these two families are not equal,medium,LICENSED-SEPARATE,rest,2,a separate verdict leaves both pages exactly as they are,K1:CW657OBU4N,page_b,Thyme Oil,Thyme,,,,remainder
K1:2URQ2N32W3,K1:3B8D35Y7S4,"an FDA salt/solvate relationship links the pages, but the child page is not a salt form of the parent by structure or by name, so §3.1 does not license a merge",separate,"R4a Calcium Lactate is Lactic Acid, Dl (JVTAAEKCZFNVCJ) plus counter-ions or solvate, but FDA records the active moiety of Calcium Lactate as CALCIUM CATION (2M83C4R6ZB), not Lactic Acid, Dl; the counter-ion is the substance being recorded and the organic acid is its carrier",high,LICENSED-SEPARATE,rest,2,a separate verdict leaves both pages exactly as they are,K1:3B8D35Y7S4,page_b,Calcium Lactate,"Lactic Acid, Dl",,structure_conflict; moiety_match; fragment_match,related_form_of,remainder
K1:33KM3X4QQW,HOLD:existing:anhydrous-citric-acid,"an FDA salt/solvate relationship links the pages, but the child page is not a salt form of the parent by structure or by name, so §3.1 does not license a merge",separate,"R4x §1 the removed fragment is not a counter-ion: FERROUS CITRATE carries Fe that Anhydrous Citric Acid does not; shared organic fragment KRKNYBCHXYNGOX is the ligand, not the substance",high,LICENSED-SEPARATE,band,2,a separate verdict leaves both pages exactly as they are,HOLD:existing:anhydrous-citric-acid,page_b,Anhydrous Citric Acid,FERROUS CITRATE,metal complex,structure_conflict,related_form_of,
K1:33KM3X4QQW,K1:XF417D3PSL,"an FDA salt/solvate relationship links the pages, but the child page is not a salt form of the parent by structure or by name, so §3.1 does not license a merge",separate,"R4x §1 the removed fragment is not a counter-ion: FERROUS CITRATE carries Fe that Anhydrous Citric Acid does not; shared organic fragment KRKNYBCHXYNGOX is the ligand, not the substance",high,LICENSED-SEPARATE,band,2,a separate verdict leaves both pages exactly as they are,K1:XF417D3PSL,page_b,FERROUS CITRATE,Anhydrous Citric Acid,metal complex,structure_conflict; moiety_match; fragment_match,related_form_of,remainder
K1:33WDQ7T81E,K1:B0U42518WL,the evidence links the two pages but no rule in the spec's order decides them,separate,"R9a two separately registered FDA substances: Dalbavancin Hydrochloride ['33WDQ7T81E'] and Dalbavancin B0 ['B0U42518WL'], preferred names Dalbavancin hydrochloride and Dalbavancin B0; neither is a salt, solvate or stereo form of the other by name or by structure (the shared UNII 33WDQ7T81E sits in a page unii field, not in either page key, and is the known Inxight join defect)",high,LICENSED-SEPARATE,band,2,a separate verdict leaves both pages exactly as they are,K1:B0U42518WL,page_b,Dalbavancin Hydrochloride,Dalbavancin B0,,,,remainder
K1:355G9R500Y,K1:48N6U1781G,the evidence links the two pages but no rule in the spec's order decides them,separate,R8s the two held structures settle it: different skeletons IPBVNPXQWQGGJP vs WLJVXDMOQOGPHL; a name rule does not overrule a structure comparison,high,LICENSED-SEPARATE,rest,2,a separate verdict leaves both pages exactly as they are,K1:48N6U1781G,page_b,Phenyl Acetate,SODIUM PHENYLACETATE,,structure_conflict,,remainder
K1:35C9R2N24F,K1:3HWS7HF5XD,the evidence links the two pages but no rule in the spec's order decides them,separate,"R9b 'FERRIC SULFATE' names an element, a cation or an oxidation state, not a moiety; §3.1a refuses a merge between it and Enterobactin",high,LICENSED-SEPARATE,band,2,a separate verdict leaves both pages exactly as they are,K1:3HWS7HF5XD,page_b,Enterobactin,FERRIC SULFATE,,structure_conflict,,remainder
K1:35C9R2N24F,K1:434C3EI07T,the evidence links the two pages but no rule in the spec's order decides them,separate,"R9b 'FERRIC SODIUM CITRATE' names an element, a cation or an oxidation state, not a moiety; §3.1a refuses a merge between it and Enterobactin",high,LICENSED-SEPARATE,band,2,a separate verdict leaves both pages exactly as they are,K1:434C3EI07T,page_b,Enterobactin,FERRIC SODIUM CITRATE,,structure_conflict,,remainder
K1:35C9R2N24F,K1:63G354M39Z,the evidence links the two pages but no rule in the spec's order decides them,separate,R8s the two held structures settle it: different skeletons SERBHKJMVBATSJ vs KRKNYBCHXYNGOX; a name rule does not overrule a structure comparison,high,LICENSED-SEPARATE,band,2,a separate verdict leaves both pages exactly as they are,K1:63G354M39Z,page_b,Enterobactin,Ferric Citrate,,structure_conflict,,remainder
K1:35C9R2N24F,K1:9RDO128EH7,the evidence links the two pages but no rule in the spec's order decides them,separate,R8s the two held structures settle it: different skeletons SERBHKJMVBATSJ vs CPELXLSAUQHCOX; a name rule does not overrule a structure comparison,high,LICENSED-SEPARATE,band,2,a separate verdict leaves both pages exactly as they are,K1:9RDO128EH7,page_b,Enterobactin,Ferric Bromide,,structure_conflict,,remainder
K1:35C9R2N24F,K1:N6BAA189V1,the evidence links the two pages but no rule in the spec's order decides them,separate,R8s the two held structures settle it: different skeletons SERBHKJMVBATSJ vs NBIIXXVUZAFLBC; a name rule does not overrule a structure comparison,high,LICENSED-SEPARATE,band,2,a separate verdict leaves both pages exactly as they are,K1:N6BAA189V1,page_b,Enterobactin,Ferric Phosphate,,structure_conflict,,remainder
K1:3641YW25N2,K1:X7X01WMQ5F,the evidence links the two pages but no rule in the spec's order decides them,separate,R9c Sandalwood Oil and Sandalwood are different registered preparations of one organism (oil); §2 K4 merges only on exact name-family equality and these two families are not equal,medium,LICENSED-SEPARATE,rest,2,a separate verdict leaves both pages exactly as they are,K1:X7X01WMQ5F,page_b,Sandalwood,Sandalwood Oil,,,,remainder
K1:3655633623,HOLD:existing:anhydrous-citric-acid,"an FDA salt/solvate relationship links the pages, but the child page is not a salt form of the parent by structure or by name, so §3.1 does not license a merge",separate,"R4a LITHIUM CITRATE ANHYDROUS is Anhydrous Citric Acid (KRKNYBCHXYNGOX) plus counter-ions or solvate, but FDA records the active moiety of LITHIUM CITRATE ANHYDROUS as LITHIUM CATION (8H8Z5UER66), not Anhydrous Citric Acid; the counter-ion is the substance being recorded and the organic acid is its carrier",high,LICENSED-SEPARATE,band,2,a separate verdict leaves both pages exactly as they are,HOLD:existing:anhydrous-citric-acid,page_b,Anhydrous Citric Acid,LITHIUM CITRATE ANHYDROUS,,structure_conflict,related_form_of,
K1:3655633623,K1:XF417D3PSL,"an FDA salt/solvate relationship links the pages, but the child page is not a salt form of the parent by structure or by name, so §3.1 does not license a merge",separate,"R4a LITHIUM CITRATE ANHYDROUS is Anhydrous Citric Acid (KRKNYBCHXYNGOX) plus counter-ions or solvate, but FDA records the active moiety of LITHIUM CITRATE ANHYDROUS as LITHIUM CATION (8H8Z5UER66), not Anhydrous Citric Acid; the counter-ion is the substance being recorded and the organic acid is its carrier",high,LICENSED-SEPARATE,band,2,a separate verdict leaves both pages exactly as they are,K1:XF417D3PSL,page_b,LITHIUM CITRATE ANHYDROUS,Anhydrous Citric Acid,,structure_conflict; moiety_match; fragment_match,related_form_of,remainder
K1:36ITO9SKQJ,K1:8NVY8268MY,"an FDA salt/solvate relationship links the pages, but the child page is not a salt form of the parent by structure or by name, so §3.1 does not license a merge",separate,"R6a GSRS names Mertiatide as the parent substance of TECHNETIUM TC 99M MERTIATIDE, but it records the active moiety as TECHNETIUM TC-99M (6EW75241VU); the counter-ion is the substance being recorded",high,LICENSED-SEPARATE,rest,2,a separate verdict leaves both pages exactly as they are,K1:8NVY8268MY,page_b,TECHNETIUM TC 99M MERTIATIDE,Mertiatide,isotopologue,structure_conflict; moiety_match,related_form_of,remainder
K1:37CB58V15B,K4:thallous,"same normalised name; one page holds a structure and the other holds none, so no structural rule applies",separate,"R9b 'THALLOUS CHLORIDE' names an element, a cation or an oxidation state, not a moiety; §3.1a refuses a merge between it and Thallous",high,LICENSED-SEPARATE,rest,2,a separate verdict leaves both pages exactly as they are,K4:thallous,page_b,THALLOUS CHLORIDE,Thallous,,,,review
K1:385H9E7854,K1:HOY74VZE0M,the evidence links the two pages but no rule in the spec's order decides them,separate,"R9a two separately registered FDA substances: N-((2S)-2-(BIS(CARBOXYMETHYL)AMINO)-3-(4-ETHOXYPHENYL)PROPYL)-N-(2-(BIS(CARBOXYMETHYL)AMINO)ETHYL)GLYCINE ['3QJA87N40S', '385H9E7854'] and GADOXETATE DISODIUM ['HOY74VZE0M'], preferred names GADOXETIC ACID and Gadoxetate Disodium; neither is a salt, solvate or stereo form of the other by name or by structure",high,LICENSED-SEPARATE,rest,2,a separate verdict leaves both pages exactly as they are,K1:HOY74VZE0M,page_b,N-((2S)-2-(BIS(CARBOXYMETHYL)AMINO)-3-(4-ETHOXYPHENYL)PROPYL)-N-(2-(BIS(CARBOXYMETHYL)AMINO)ETHYL)GLYCINE,GADOXETATE DISODIUM,,structure_conflict,,remainder
K1:38K542K6ZV,K4:insulin susp isophane recombinant human,the evidence links the two pages but no rule in the spec's order decides them,separate,R9 no shared identifier and no structure pair to compare (Isophane Insulin Human Suspension vs Insulin Susp Isophane Recombinant Human); UNIIs ['38K542K6ZV'] vs none,low,LICENSED-SEPARATE,rest,2,a separate verdict leaves both pages exactly as they are,K4:insulin susp isophane recombinant human,page_b,Isophane Insulin Human Suspension,Insulin Susp Isophane Recombinant Human,,,,remainder
K1:3C5ORO99TY,K1:XF417D3PSL,"an FDA salt/solvate relationship links the pages, but the child page is not a salt form of the parent by structure or by name, so §3.1 does not license a merge",separate,"R6 the GSRS record on K1:3C5ORO99TY is a mixed salt whose active moiety is Tripelennamine (3C5ORO99TY); Anhydrous Citric Acid is named only as its parent substance, which is the coformer or counter-ion, not the same substance",high,LICENSED-SEPARATE,band,2,a separate verdict leaves both pages exactly as they are,K1:XF417D3PSL,page_b,Tripelennamine,Anhydrous Citric Acid,,structure_conflict,related_form_of,remainder
K1:3NXW29V3WO,K1:RN3152OP35,the evidence links the two pages but no rule in the spec's order decides them,separate,"R9a two separately registered FDA substances: Hypromellose ['3NXW29V3WO'] and Hypromellose 2910 (4000 MPA.S) ['RN3152OP35'], preferred names HYPROMELLOSE, UNSPECIFIED and HYPROMELLOSE 2910 (4000 MPA.S); neither is a salt, solvate or stereo form of the other by name or by structure",high,LICENSED-SEPARATE,rest,2,a separate verdict leaves both pages exactly as they are,K1:RN3152OP35,page_b,Hypromellose,Hypromellose 2910 (4000 MPA.S),,,,remainder
K1:3Q9L08K71N,K4:evening primrose,the evidence links the two pages but no rule in the spec's order decides them,separate,R9c Evening Primrose Oil and Evening Primrose are different registered preparations of one organism (oil); §2 K4 merges only on exact name-family equality and these two families are not equal,medium,LICENSED-SEPARATE,rest,2,a separate verdict leaves both pages exactly as they are,K4:evening primrose,page_b,Evening Primrose Oil,Evening Primrose,,,,remainder
K1:3RT3536DHY,K1:Q9L0O73W7L,the evidence links the two pages but no rule in the spec's order decides them,separate,R9c Coconut Oil and Coconut are different registered preparations of one organism (oil); §2 K4 merges only on exact name-family equality and these two families are not equal,medium,LICENSED-SEPARATE,rest,2,a separate verdict leaves both pages exactly as they are,K1:Q9L0O73W7L,page_b,Coconut,Coconut Oil,,,,remainder
K1:403J23EMFA,K1:9G34HU7RV0,"an FDA salt/solvate relationship links the pages, but the child page is not a salt form of the parent by structure or by name, so §3.1 does not license a merge",separate,"R6a GSRS names Edetic Acid as the parent substance of Sodium feredetate, but it records the active moiety as FERRIC CATION (91O4LML611); the counter-ion is the substance being recorded",high,LICENSED-SEPARATE,rest,2,a separate verdict leaves both pages exactly as they are,K1:9G34HU7RV0,page_b,Sodium feredetate,Edetic Acid,,structure_conflict; moiety_match,related_form_of,remainder
K1:40S1VHN69B,,the named item no longer names two live corpus pages; an earlier identity pass already merged or dropped them,merge,R0 already-merged: corpus merge map records K1:7DP3NTV15T -> K1:40S1VHN69B; the two names denote one live page (Bleomycin),high,NOT-LICENSED,band,2,"the row records a merge already in force from identity pass 2/3, not a decision to apply; the cited evidence is the corpus merge record, not one of the three licensed merge evidences",,none recorded,Bleomycin,,,,,
K1:40S1VHN69B,,the named item no longer names two live corpus pages; an earlier identity pass already merged or dropped them,merge,R0 already-merged: corpus merge map records K1:7DP3NTV15T -> K1:40S1VHN69B; the two names denote one live page (Bleomycin),high,NOT-LICENSED,band,2,"the row records a merge already in force from identity pass 2/3, not a decision to apply; the cited evidence is the corpus merge record, not one of the three licensed merge evidences",,none recorded,Bleomycin,,,,,
K1:41728CY7UX,K1:JQ69D454N1,a merge chain would join two pages that an exception class keeps separate; the whole chain is held for the second opinion,separate,"R4y both are salts of YGSDEFSMJLZEOE; neither page is that parent moiety; §3.1 merges a salt into its parent, and that parent is not either of these two pages",high,LICENSED-SEPARATE,rest,2,a separate verdict leaves both pages exactly as they are,K1:JQ69D454N1,page_b,Magnesium Salicylate (structure NBQBEWAYWAMLJJ),Magnesium Salicylate Anhydrous (structure MQHWFIOJQSCFNM),,structure_conflict,,disambiguate
K1:42255P5X4D,K1:V561V90BG2,"an FDA salt/solvate relationship links the pages, but the child page is not a salt form of the parent by structure or by name, so §3.1 does not license a merge",separate,R4z shared parent VLTRZXGMWDSKGL has 0 carbon atoms; an inorganic anion is not a moiety a drug page merges onto,high,LICENSED-SEPARATE,rest,2,a separate verdict leaves both pages exactly as they are,K1:V561V90BG2,page_b,POTASSIUM PERCHLORATE,Perchloric Acid,,structure_conflict; moiety_match; fragment_match,related_form_of,remainder
K1:433OSF3U8A,K1:G7W43U4YTF,the evidence links the two pages but no rule in the spec's order decides them,separate,R9c Chaste Tree Fruit Oil and Chaste Tree Fruit are different registered preparations of one organism (oil); §2 K4 merges only on exact name-family equality and these two families are not equal,medium,LICENSED-SEPARATE,rest,2,a separate verdict leaves both pages exactly as they are,K1:G7W43U4YTF,page_b,Chaste Tree Fruit,Chaste Tree Fruit Oil,,,,remainder
K1:434C3EI07T,HOLD:existing:anhydrous-citric-acid,"an FDA salt/solvate relationship links the pages, but the child page is not a salt form of the parent by structure or by name, so §3.1 does not license a merge",separate,"R9b 'FERRIC SODIUM CITRATE' names an element, a cation or an oxidation state, not a moiety; §3.1a refuses a merge between it and Anhydrous Citric Acid",high,LICENSED-SEPARATE,band,2,a separate verdict leaves both pages exactly as they are,HOLD:existing:anhydrous-citric-acid,page_b,Anhydrous Citric Acid,FERRIC SODIUM CITRATE,,structure_conflict,related_form_of,
K1:434C3EI07T,K1:XF417D3PSL,"an FDA salt/solvate relationship links the pages, but the child page is not a salt form of the parent by structure or by name, so §3.1 does not license a merge",separate,"R6d GSRS names Anhydrous Citric Acid as the parent substance of FERRIC SODIUM CITRATE, but FERRIC SODIUM CITRATE is a ferric compound: the metal is the substance being recorded and Anhydrous Citric Acid is its ligand or counter-ion",high,LICENSED-SEPARATE,band,2,a separate verdict leaves both pages exactly as they are,K1:XF417D3PSL,page_b,FERRIC SODIUM CITRATE,Anhydrous Citric Acid,metal complex,structure_conflict; moiety_match,related_form_of,remainder
K1:45XWE1Z69V,K1:8BK6YA62H6,the evidence links the two pages but no rule in the spec's order decides them,separate,R8s the two held structures settle it: different skeletons ANVAOWXLWRTKGA vs OENHQHLEOONYIE; a name rule does not overrule a structure comparison,high,LICENSED-SEPARATE,rest,2,a separate verdict leaves both pages exactly as they are,K1:8BK6YA62H6,page_b,Alpha-Carotene,".BETA.-CAROTENE, (13Z)-",,structure_conflict,,remainder
K1:471UZB51YK,K1:57U5YI11WP,the evidence links the two pages but no rule in the spec's order decides them,separate,R8s the two held structures settle it: different skeletons MXOAEAUPQDYUQM vs SKPLBLUECSEIFO; a name rule does not overrule a structure comparison,high,LICENSED-SEPARATE,rest,2,a separate verdict leaves both pages exactly as they are,K1:57U5YI11WP,page_b,"CHLORPHENESIN, (R)-",Chlorphenesin Carbamate,,structure_conflict,,remainder
K1:4846Q921YM,K1:E934B3V59H,"an FDA salt/solvate relationship links the pages, but the child page is not a salt form of the parent by structure or by name, so §3.1 does not license a merge",separate,"R4y both are salts of QAOWNCQODCNURD; neither page is that parent moiety; §3.1 merges a salt into its parent, and that parent is not either of these two pages",high,LICENSED-SEPARATE,rest,2,a separate verdict leaves both pages exactly as they are,K1:E934B3V59H,page_b,Gypsum,Calcium Sulfate Anhydrous,,structure_conflict,related_form_of,remainder
K1:48GD5780QF,K1:QDL83WN8C2,the evidence links the two pages but no rule in the spec's order decides them,separate,"R9a two separately registered FDA substances: Sepia Officinalis Whole ['48GD5780QF'] and Sepia Officinalis Juice ['QDL83WN8C2'], preferred names SEPIA OFFICINALIS WHOLE and SEPIA OFFICINALIS JUICE; neither is a salt, solvate or stereo form of the other by name or by structure",high,LICENSED-SEPARATE,rest,2,a separate verdict leaves both pages exactly as they are,K1:QDL83WN8C2,page_b,Sepia Officinalis Whole,Sepia Officinalis Juice,,,,remainder
K1:4GDQ854U53,K1:F7LG22FZCH,the evidence links the two pages but no rule in the spec's order decides them,separate,R8s the two held structures settle it: different skeletons JUZYLCPPVHEVSV vs WPHAZPCTEVBKES; a name rule does not overrule a structure comparison,high,LICENSED-SEPARATE,rest,2,a separate verdict leaves both pages exactly as they are,K1:F7LG22FZCH,page_b,Elvitegravir,Elvitegravir Acyl Glucuronide,,structure_conflict,,remainder
K1:4J9FJ0HL51,K1:KH7I04HPUU,the evidence links the two pages but no rule in the spec's order decides them,separate,"R4y both are salts of NBIIXXVUZAFLBC; neither page is that parent moiety; §3.1 merges a salt into its parent, and that parent is not either of these two pages",high,LICENSED-SEPARATE,rest,2,a separate verdict leaves both pages exactly as they are,K1:KH7I04HPUU,page_b,"Potassium Phosphate, Monobasic","Sodium Phosphate, Monobasic",,structure_conflict,,remainder
K1:4OI8D3YOH1,K1:55R0S6LC84,the evidence links the two pages but no rule in the spec's order decides them,separate,R8s the two held structures settle it: different skeletons IJKVHSBPTUYDLN vs RMAQACBXLXPBSY; a name rule does not overrule a structure comparison,high,LICENSED-SEPARATE,rest,2,a separate verdict leaves both pages exactly as they are,K1:55R0S6LC84,page_b,Metasilicic Acid,Potassium Orthosilicate,,structure_conflict,,remainder
K1:4OI8D3YOH1,K1:S4255P4G5M,the evidence links the two pages but no rule in the spec's order decides them,separate,R8s the two held structures settle it: different skeletons IJKVHSBPTUYDLN vs RMAQACBXLXPBSY; a name rule does not overrule a structure comparison,high,LICENSED-SEPARATE,rest,2,a separate verdict leaves both pages exactly as they are,K1:S4255P4G5M,page_b,Metasilicic Acid,Calcium Silicate,,structure_conflict,,remainder
K1:4OI8D3YOH1,K1:T57XQ6TH2A,the evidence links the two pages but no rule in the spec's order decides them,separate,"R9a two separately registered FDA substances: Metasilicic Acid ['4OI8D3YOH1'] and Calcium Metasilicate ['T57XQ6TH2A'], preferred names METASILICIC ACID and CALCIUM METASILICATE; neither is a salt, solvate or stereo form of the other by name or by structure",high,LICENSED-SEPARATE,rest,2,a separate verdict leaves both pages exactly as they are,K1:T57XQ6TH2A,page_b,Metasilicic Acid,Calcium Metasilicate,,structure_conflict,,remainder
K1:4PW41QCO2M,K1:X7B7P649WQ,the evidence links the two pages but no rule in the spec's order decides them,separate,R9c Boswellia Serrata Whole and Boswellia Serrata are different registered preparations of one organism (whole); §2 K4 merges only on exact name-family equality and these two families are not equal,medium,LICENSED-SEPARATE,rest,2,a separate verdict leaves both pages exactly as they are,K1:X7B7P649WQ,page_b,Boswellia Serrata,Boswellia Serrata Whole,,,,remainder
K1:4QIH0N49E7,K1:7RRQ8QZ38N,"an FDA salt/solvate relationship links the pages, but the child page is not a salt form of the parent by structure or by name, so §3.1 does not license a merge",separate,"R6 the GSRS record on K1:4QIH0N49E7 is a mixed salt whose active moiety is Pyrantel (4QIH0N49E7); PAMOIC ACID is named only as its parent substance, which is the coformer or counter-ion, not the same substance",high,LICENSED-SEPARATE,rest,2,a separate verdict leaves both pages exactly as they are,K1:7RRQ8QZ38N,page_b,Pyrantel,PAMOIC ACID,,structure_conflict,related_form_of,remainder
K1:4WG8U28833,K1:V1V998DC17,the evidence links the two pages but no rule in the spec's order decides them,separate,R9c Garlic Oil and Garlic are different registered preparations of one organism (oil); §2 K4 merges only on exact name-family equality and these two families are not equal,medium,LICENSED-SEPARATE,rest,2,a separate verdict leaves both pages exactly as they are,K1:V1V998DC17,page_b,Garlic Oil,Garlic,,,,remainder
K1:50FKX8CB2Y,,the named item no longer names two live corpus pages; an earlier identity pass already merged or dropped them,merge,R0 already-merged: corpus merge map records K1:WO0YM16LKG -> K1:50FKX8CB2Y; the two names denote one live page (Patisiran),high,NOT-LICENSED,band,2,"the row records a merge already in force from identity pass 2/3, not a decision to apply; the cited evidence is the corpus merge record, not one of the three licensed merge evidences",,none recorded,Patisiran,,,,,
K1:50FKX8CB2Y,,the named item no longer names two live corpus pages; an earlier identity pass already merged or dropped them,merge,R0 already-merged: corpus merge map records K1:WO0YM16LKG -> K1:50FKX8CB2Y; the two names denote one live page (Patisiran),high,NOT-LICENSED,band,2,"the row records a merge already in force from identity pass 2/3, not a decision to apply; the cited evidence is the corpus merge record, not one of the three licensed merge evidences",,none recorded,Patisiran,,,,,
K1:511BQ884F7,K1:W4888I119H,the evidence links the two pages but no rule in the spec's order decides them,separate,R8s the two held structures settle it: different skeletons TUODPMGCCJSJRH vs FEWJPZIEWOKRBE; a name rule does not overrule a structure comparison,high,LICENSED-SEPARATE,rest,2,a separate verdict leaves both pages exactly as they are,K1:W4888I119H,page_b,Piscidic Acid,TARTARIC ACID,,structure_conflict,,remainder
K1:515610SU8C,K1:Y5432RGW8N,the evidence links the two pages but no rule in the spec's order decides them,separate,R9c Macadamia Nut Oil and Macadamia Nut are different registered preparations of one organism (oil); §2 K4 merges only on exact name-family equality and these two families are not equal,medium,LICENSED-SEPARATE,rest,2,a separate verdict leaves both pages exactly as they are,K1:Y5432RGW8N,page_b,Macadamia Nut Oil,Macadamia Nut,,,,remainder
K1:540REY4Q17,K1:HIE492ZZ3T,the evidence links the two pages but no rule in the spec's order decides them,separate,R8s the two held structures settle it: different skeletons UTHUZYBSSBFPES vs QCDWFXQBSFUVSP; a name rule does not overrule a structure comparison,high,LICENSED-SEPARATE,rest,2,a separate verdict leaves both pages exactly as they are,K1:HIE492ZZ3T,page_b,3-NITRO-4-AMINOPHENOXYETHANOL,PHENOXYETHANOL,,structure_conflict,,remainder
K1:55DGS3F5YG,K1:597E9BI3Z3,the evidence links the two pages but no rule in the spec's order decides them,separate,R9c Arctium Lappa Root Oil and Arctium Lappa Root are different registered preparations of one organism (oil); §2 K4 merges only on exact name-family equality and these two families are not equal,medium,LICENSED-SEPARATE,rest,2,a separate verdict leaves both pages exactly as they are,K1:597E9BI3Z3,page_b,Arctium Lappa Root Oil,Arctium Lappa Root,,,,remainder
K1:578389D6D0,K1:K48IKT5321,the evidence links the two pages but no rule in the spec's order decides them,separate,R9c Clove Oil and Clove are different registered preparations of one organism (oil); §2 K4 merges only on exact name-family equality and these two families are not equal,medium,LICENSED-SEPARATE,rest,2,a separate verdict leaves both pages exactly as they are,K1:K48IKT5321,page_b,Clove Oil,Clove,,,,remainder
K1:57U5YI11WP,K1:I670DAL4SZ,the evidence links the two pages but no rule in the spec's order decides them,separate,R8s the two held structures settle it: different skeletons SKPLBLUECSEIFO vs MXOAEAUPQDYUQM; a name rule does not overrule a structure comparison,high,LICENSED-SEPARATE,rest,2,a separate verdict leaves both pages exactly as they are,K1:I670DAL4SZ,page_b,Chlorphenesin Carbamate,Chlorphenesin,,structure_conflict,,remainder
K1:5811MI029U,K1:EBU0U94820,the evidence links the two pages but no rule in the spec's order decides them,separate,R9c Agrimonia Eupatoria Flower and Agrimonia Eupatoria are different registered preparations of one organism (flower); §2 K4 merges only on exact name-family equality and these two families are not equal,medium,LICENSED-SEPARATE,rest,2,a separate verdict leaves both pages exactly as they are,K1:EBU0U94820,page_b,Agrimonia Eupatoria Flower,Agrimonia Eupatoria,,,,remainder
K1:58A14F2L60,K1:WWX61E1ZAK,the evidence links the two pages but no rule in the spec's order decides them,separate,"R9a two separately registered FDA substances: Sinapis Arvensis Whole ['58A14F2L60'] and Rhamphospermum Arvense FLOWERING/FRUITING Top ['WWX61E1ZAK'], preferred names Rhamphospermum arvense whole and Rhamphospermum arvense flowering/fruiting top; neither is a salt, solvate or stereo form of the other by name or by structure",high,LICENSED-SEPARATE,rest,2,a separate verdict leaves both pages exactly as they are,K1:WWX61E1ZAK,page_b,Sinapis Arvensis Whole,Rhamphospermum Arvense FLOWERING/FRUITING Top,,,,remainder
K1:5BF646324K,K1:W4888I119H,"an FDA salt/solvate relationship links the pages, but the child page is not a salt form of the parent by structure or by name, so §3.1 does not license a merge",separate,"R6 the GSRS record on K1:5BF646324K is a mixed salt whose active moiety is Vinflunine (5BF646324K); TARTARIC ACID is named only as its parent substance, which is the coformer or counter-ion, not the same substance",high,LICENSED-SEPARATE,rest,2,a separate verdict leaves both pages exactly as they are,K1:W4888I119H,page_b,Vinflunine,TARTARIC ACID,,structure_conflict,related_form_of,remainder
K1:5D3DB66WM3,K1:F5WR8N145C,the evidence links the two pages but no rule in the spec's order decides them,separate,R4z shared parent XMBWDFGMSWQBCA has 0 carbon atoms; an inorganic anion is not a moiety a drug page merges onto,high,LICENSED-SEPARATE,rest,2,a separate verdict leaves both pages exactly as they are,K1:F5WR8N145C,page_b,"IODINE, Atomic",Sodium Iodide,,structure_conflict,,remainder
K1:5DQP25600A,K1:HV0Y51NC4J,"an FDA salt/solvate relationship links the pages, but the child page is not a salt form of the parent by structure or by name, so §3.1 does not license a merge",separate,R4z shared parent QYHFIVBSNOWOCQ has 0 carbon atoms; an inorganic anion is not a moiety a drug page merges onto,high,LICENSED-SEPARATE,rest,2,a separate verdict leaves both pages exactly as they are,K1:HV0Y51NC4J,page_b,SODIUM SELENATE,SELENIC ACID,,structure_conflict; moiety_match; fragment_match,related_form_of,remainder
K1:5IE62321P4,K2:NDAYQJDHGXTBJL-MWWSRJDJSA-N,the two pages carry the same UNII but different connectivity skeletons; §2 holds a K1/K2 disagreement for a person,merge,R1 identical UNII 5IE62321P4; one page holds no structure of its own; §2 keys biologics and name-only records on UNII alone,high,NOT-LICENSED,rest,2,"§2 holds a K1/K2 disagreement for a person and never resolves it by majority, so the second opinion alone does not license a change here",K2:NDAYQJDHGXTBJL-MWWSRJDJSA-N,page_b,Gramicidin,GRAMICIDIN D,,same_unii; structure_conflict; moiety_match,,remainder
K1:5J49Q6B70F,K2:OGWKCGZFUXNPDA-XQKSVPLYSA-N,a merge chain would join two pages that an exception class keeps separate; the whole chain is held for the second opinion,form_of,"R3 InChIKey skeleton OGWKCGZFUXNPDA shared; OGWKCGZFUXNPDA-CFWMRBGOSA-N vs OGWKCGZFUXNPDA-XQKSVPLYSA-N; the records carry the same name (Vincristine / Vincristine) so the difference is the stereo or protonation layer alone. §3.2 links these, never merges",medium,LICENSED-FORM_OF,band,2,"the two pages carry one InChIKey skeleton and different full keys, which §3.4 and §5.1 split and link",K2:OGWKCGZFUXNPDA-XQKSVPLYSA-N,page_b,Vincristine,Vincristine,,same_skeleton_different_full,form_of; stereoisomer_of,form_of
K1:5K96Y7WG8T,K1:YS6K3EU393,"an FDA salt/solvate relationship links the pages, but the child page is not a salt form of the parent by structure or by name, so §3.1 does not license a merge",separate,"R6a GSRS names 2,4,6-TRIBROMOPHENOL as the parent substance of BISMUTH TRIBROMOPHENATE, but it records the active moiety as BISMUTH CATION (ZS9CD1I8YE); the counter-ion is the substance being recorded",high,LICENSED-SEPARATE,rest,2,a separate verdict leaves both pages exactly as they are,K1:YS6K3EU393,page_b,BISMUTH TRIBROMOPHENATE,"2,4,6-TRIBROMOPHENOL",,structure_conflict; moiety_match,related_form_of,remainder
K1:5Q9VVO3QCN,K4:manganese malate,"same normalised name; one page holds a structure and the other holds none, so no structural rule applies",separate,"R9b 'Manganese Iodide' names an element, a cation or an oxidation state, not a moiety; §3.1a refuses a merge between it and Manganese Malate",high,LICENSED-SEPARATE,rest,2,a separate verdict leaves both pages exactly as they are,K4:manganese malate,page_b,Manganese Iodide,Manganese Malate,,,,review
K1:5YDT22B64Y,K1:AB6MNQ6J6L,the evidence links the two pages but no rule in the spec's order decides them,separate,R8s the two held structures settle it: different skeletons CBRJMHNWUUTCDW vs KDYFGRWQOYBRFD; a name rule does not overrule a structure comparison,high,LICENSED-SEPARATE,rest,2,a separate verdict leaves both pages exactly as they are,K1:AB6MNQ6J6L,page_b,4-METHYLBENZYLSUCCINIC Acid,Succinic Acid,,structure_conflict,,remainder
K1:5Z6E9K79YV,HOLD:existing:anhydrous-citric-acid,"an FDA salt/solvate relationship links the pages, but the child page is not a salt form of the parent by structure or by name, so §3.1 does not license a merge",separate,"R4a Lithium Citrate is Anhydrous Citric Acid (KRKNYBCHXYNGOX) plus counter-ions or solvate, but FDA records the active moiety of Lithium Citrate as LITHIUM CATION (8H8Z5UER66), not Anhydrous Citric Acid; the counter-ion is the substance being recorded and the organic acid is its carrier",high,LICENSED-SEPARATE,band,2,a separate verdict leaves both pages exactly as they are,HOLD:existing:anhydrous-citric-acid,page_b,Anhydrous Citric Acid,Lithium Citrate,,structure_conflict,related_form_of,
K1:5Z6E9K79YV,K1:XF417D3PSL,"an FDA salt/solvate relationship links the pages, but the child page is not a salt form of the parent by structure or by name, so §3.1 does not license a merge",separate,"R4a Lithium Citrate is Anhydrous Citric Acid (KRKNYBCHXYNGOX) plus counter-ions or solvate, but FDA records the active moiety of Lithium Citrate as LITHIUM CATION (8H8Z5UER66), not Anhydrous Citric Acid; the counter-ion is the substance being recorded and the organic acid is its carrier",high,LICENSED-SEPARATE,band,2,a separate verdict leaves both pages exactly as they are,K1:XF417D3PSL,page_b,Lithium Citrate,Anhydrous Citric Acid,,structure_conflict; moiety_match; fragment_match,related_form_of,remainder
K1:5Z9SP3X666,,the named item no longer names two live corpus pages; an earlier identity pass already merged or dropped them,merge,R0 already-merged: corpus merge map records K1:4CHB7QQU1Q -> K1:5Z9SP3X666; the two names denote one live page (Nusinersen),high,NOT-LICENSED,band,2,"the row records a merge already in force from identity pass 2/3, not a decision to apply; the cited evidence is the corpus merge record, not one of the three licensed merge evidences",,none recorded,Nusinersen,,,,,
K1:5Z9SP3X666,,the named item no longer names two live corpus pages; an earlier identity pass already merged or dropped them,merge,R0 already-merged: corpus merge map records K1:4CHB7QQU1Q -> K1:5Z9SP3X666; the two names denote one live page (Nusinersen),high,NOT-LICENSED,band,2,"the row records a merge already in force from identity pass 2/3, not a decision to apply; the cited evidence is the corpus merge record, not one of the three licensed merge evidences",,none recorded,Nusinersen,,,,,
K1:62TEY51RR1,K1:O414PZ4LPZ,"an FDA salt/solvate relationship links the pages, but the child page is not a salt form of the parent by structure or by name, so §3.1 does not license a merge",separate,"R4x §1 the removed fragment is not a counter-ion: Bismuth Subsalicylate carries Bi that Salicylic Acid does not; shared organic fragment YGSDEFSMJLZEOE is the ligand, not the substance",high,LICENSED-SEPARATE,rest,2,a separate verdict leaves both pages exactly as they are,K1:O414PZ4LPZ,page_b,Bismuth Subsalicylate,Salicylic Acid,metal complex,structure_conflict; moiety_match; fragment_match,related_form_of,remainder
K1:6326W0DRHY,K4:tetradecyl,the evidence links the two pages but no rule in the spec's order decides them,separate,R9 no shared identifier and no structure pair to compare (Tetradecyl Hydrogen Sulfate (ESTER) vs Sodium Tetradecyl); UNIIs ['6326W0DRHY'] vs none; InChIKeys GROJOWHVXQYQGN-UHFFFAOYSA-N vs none,low,LICENSED-SEPARATE,band,2,a separate verdict leaves both pages exactly as they are,K4:tetradecyl,page_b,Tetradecyl Hydrogen Sulfate (ESTER),Sodium Tetradecyl,ester,,,remainder
K1:63G354M39Z,HOLD:existing:anhydrous-citric-acid,"an FDA salt/solvate relationship links the pages, but the child page is not a salt form of the parent by structure or by name, so §3.1 does not license a merge",separate,"R4x §1 the removed fragment is not a counter-ion: Ferric Citrate carries Fe that Anhydrous Citric Acid does not; shared organic fragment KRKNYBCHXYNGOX is the ligand, not the substance",high,LICENSED-SEPARATE,band,2,a separate verdict leaves both pages exactly as they are,HOLD:existing:anhydrous-citric-acid,page_b,Anhydrous Citric Acid,Ferric Citrate,metal complex,structure_conflict,related_form_of,
K1:63G354M39Z,K1:Q91187K011,the evidence links the two pages but no rule in the spec's order decides them,separate,"R4y both are salts of KRKNYBCHXYNGOX; neither page is that parent moiety; §3.1 merges a salt into its parent, and that parent is not either of these two pages",high,LICENSED-SEPARATE,band,2,a separate verdict leaves both pages exactly as they are,K1:Q91187K011,page_b,Ferric Citrate,Tetraferric Tricitrate Decahydrate,,structure_conflict,,remainder
K1:63G354M39Z,K1:XF417D3PSL,"an FDA salt/solvate relationship links the pages, but the child page is not a salt form of the parent by structure or by name, so §3.1 does not license a merge",separate,"R4x §1 the removed fragment is not a counter-ion: Ferric Citrate carries Fe that Anhydrous Citric Acid does not; shared organic fragment KRKNYBCHXYNGOX is the ligand, not the substance",high,LICENSED-SEPARATE,band,2,a separate verdict leaves both pages exactly as they are,K1:XF417D3PSL,page_b,Ferric Citrate,Anhydrous Citric Acid,metal complex,structure_conflict; moiety_match; fragment_match,related_form_of,remainder
K1:65R938S4DV,K1:R4R8J0Q44B,"an FDA salt/solvate relationship links the pages, but the child page is not a salt form of the parent by structure or by name, so §3.1 does not license a merge",separate,"R6 the GSRS record on K1:65R938S4DV is a mixed salt whose active moiety is Lactobionic Acid (65R938S4DV); Gluconic Acid is named only as its parent substance, which is the coformer or counter-ion, not the same substance",high,LICENSED-SEPARATE,rest,2,a separate verdict leaves both pages exactly as they are,K1:R4R8J0Q44B,page_b,Lactobionic Acid,Gluconic Acid,,structure_conflict,related_form_of,remainder
K1:67M901L9NQ,K1:3B8D35Y7S4,"an FDA salt/solvate relationship links the pages, but the child page is not a salt form of the parent by structure or by name, so §3.1 does not license a merge",separate,"R4a Ammonium Lactate is Lactic Acid, Dl (JVTAAEKCZFNVCJ) plus counter-ions or solvate, but FDA records the active moiety of Ammonium Lactate as AMMONIUM CATION (54S68520I4), not Lactic Acid, Dl; the counter-ion is the substance being recorded and the organic acid is its carrier",high,LICENSED-SEPARATE,rest,2,a separate verdict leaves both pages exactly as they are,K1:3B8D35Y7S4,page_b,"Lactic Acid, Dl",Ammonium Lactate,,structure_conflict; moiety_match; fragment_match,related_form_of,
K1:6B9991FLU3,K1:7RRQ8QZ38N,"an FDA salt/solvate relationship links the pages, but the child page is not a salt form of the parent by structure or by name, so §3.1 does not license a merge",separate,"R6 the GSRS record on K1:6B9991FLU3 is a mixed salt whose active moiety is Pyrvinium (6B9991FLU3); PAMOIC ACID is named only as its parent substance, which is the coformer or counter-ion, not the same substance",high,LICENSED-SEPARATE,rest,2,a separate verdict leaves both pages exactly as they are,K1:7RRQ8QZ38N,page_b,Pyrvinium,PAMOIC ACID,,structure_conflict,related_form_of,remainder
K1:6EW75241VU,K1:PPP8783IQ1,the evidence links the two pages but no rule in the spec's order decides them,separate,"R9a two separately registered FDA substances: Technetium TC-99M ['6EW75241VU'] and Technetium TC-99M Pertechnetate ['PPP8783IQ1'], preferred names TECHNETIUM TC-99M and TECHNETIUM TC-99M PERTECHNETATE; neither is a salt, solvate or stereo form of the other by name or by structure",high,LICENSED-SEPARATE,rest,2,a separate verdict leaves both pages exactly as they are,K1:PPP8783IQ1,page_b,Technetium TC-99M,Technetium TC-99M Pertechnetate,isotopologue,structure_conflict,,remainder
K1:6J43Y8MXF0,K4:pulsatilla,the evidence links the two pages but no rule in the spec's order decides them,separate,R9 no shared identifier and no structure pair to compare (Pulsatilla Alpina Whole vs Pulsatilla); UNIIs ['6J43Y8MXF0'] vs none,low,LICENSED-SEPARATE,rest,2,a separate verdict leaves both pages exactly as they are,K4:pulsatilla,page_b,Pulsatilla Alpina Whole,Pulsatilla,,,,remainder
K1:740T4C525W,K1:AZE05TDV2V,"an FDA salt/solvate relationship links the pages, but the child page is not a salt form of the parent by structure or by name, so §3.1 does not license a merge",separate,"R6 the GSRS record on K1:740T4C525W is a mixed salt whose active moiety is Sulfafurazole (740T4C525W); Diolamine is named only as its parent substance, which is the coformer or counter-ion, not the same substance",high,LICENSED-SEPARATE,rest,2,a separate verdict leaves both pages exactly as they are,K1:AZE05TDV2V,page_b,Sulfafurazole,Diolamine,,structure_conflict,related_form_of,remainder
K1:75G4TW236W,K1:6HG8UB2MUY,"an FDA salt/solvate relationship links the pages, but the child page is not a salt form of the parent by structure or by name, so §3.1 does not license a merge",separate,"R9a two separately registered FDA substances: MEGLUMINE ANTIMONATE ['75G4TW236W'] and Meglumine ['6HG8UB2MUY'], preferred names MEGLUMINE ANTIMONIATE and Meglumine; neither is a salt, solvate or stereo form of the other by name or by structure",high,LICENSED-SEPARATE,rest,2,a separate verdict leaves both pages exactly as they are,K1:6HG8UB2MUY,page_b,Meglumine,MEGLUMINE ANTIMONATE,,structure_conflict,related_form_of,
K1:763YQN2K7K,K1:OJ245FE5EU,the evidence links the two pages but no rule in the spec's order decides them,separate,"R4y both are salts of WPYMKLBDIGXBTP; neither page is that parent moiety; §3.1 merges a salt into its parent, and that parent is not either of these two pages",high,LICENSED-SEPARATE,rest,2,a separate verdict leaves both pages exactly as they are,K1:OJ245FE5EU,page_b,Potassium Benzoate,Sodium Benzoate,,structure_conflict,,remainder
K1:781E2AXH0K,K1:R4R8J0Q44B,"an FDA salt/solvate relationship links the pages, but the child page is not a salt form of the parent by structure or by name, so §3.1 does not license a merge",separate,"R4x §1 the removed fragment is not a counter-ion: FERROUS GLUCONATE ANHYDROUS carries Fe that Gluconic Acid does not; shared organic fragment RGHNJXZEOKUKBD is the ligand, not the substance",high,LICENSED-SEPARATE,rest,2,a separate verdict leaves both pages exactly as they are,K1:R4R8J0Q44B,page_b,FERROUS GLUCONATE ANHYDROUS,Gluconic Acid,metal complex,structure_conflict,related_form_of,remainder
K1:7FT6QUT299,K1:ZVL325FU75,the evidence links the two pages but no rule in the spec's order decides them,separate,"R4y both are salts of CBMIPXHVOVTTTL; neither page is that parent moiety; §3.1 merges a salt into its parent, and that parent is not either of these two pages",high,LICENSED-SEPARATE,rest,2,a separate verdict leaves both pages exactly as they are,K1:ZVL325FU75,page_b,Sodium Tetrachloroaurate,Potassium Tetrachloroaurate,,structure_conflict,,remainder
K1:7G09WJ8QIR,K1:R4R8J0Q44B,"an FDA salt/solvate relationship links the pages, but the child page is not a salt form of the parent by structure or by name, so §3.1 does not license a merge",separate,"R4x §1 the removed fragment is not a counter-ion: Manganese Gluconate Anhydrous carries Mn that Gluconic Acid does not; shared organic fragment RGHNJXZEOKUKBD is the ligand, not the substance",high,LICENSED-SEPARATE,rest,2,a separate verdict leaves both pages exactly as they are,K1:R4R8J0Q44B,page_b,Manganese Gluconate Anhydrous,Gluconic Acid,metal complex,structure_conflict; moiety_match; fragment_match,related_form_of,remainder
K1:7GBN705NH1,K1:O414PZ4LPZ,"an FDA salt/solvate relationship links the pages, but the child page is not a salt form of the parent by structure or by name, so §3.1 does not license a merge",separate,"R6 the GSRS record on K1:7GBN705NH1 is a mixed salt whose active moiety is Imidazole (7GBN705NH1); Salicylic Acid is named only as its parent substance, which is the coformer or counter-ion, not the same substance",high,LICENSED-SEPARATE,rest,2,a separate verdict leaves both pages exactly as they are,K1:O414PZ4LPZ,page_b,Imidazole,Salicylic Acid,,structure_conflict,related_form_of,remainder
K1:7NFE54O27T,K1:XF417D3PSL,"an FDA salt/solvate relationship links the pages, but the child page is not a salt form of the parent by structure or by name, so §3.1 does not license a merge",separate,"R6 the GSRS record on K1:7NFE54O27T is a mixed salt whose active moiety is Toremifene (7NFE54O27T); Anhydrous Citric Acid is named only as its parent substance, which is the coformer or counter-ion, not the same substance",high,LICENSED-SEPARATE,band,2,a separate verdict leaves both pages exactly as they are,K1:XF417D3PSL,page_b,Toremifene,Anhydrous Citric Acid,,structure_conflict,related_form_of,remainder
K1:7NJ031HAX5,K1:W4888I119H,"an FDA salt/solvate relationship links the pages, but the child page is not a salt form of the parent by structure or by name, so §3.1 does not license a merge",separate,R8s the two held structures settle it: different skeletons NVEPPWDVLBMNMB vs FEWJPZIEWOKRBE; a name rule does not overrule a structure comparison,high,LICENSED-SEPARATE,rest,2,a separate verdict leaves both pages exactly as they are,K1:W4888I119H,page_b,Morantel,TARTARIC ACID,,structure_conflict,related_form_of,remainder
K1:7QWA1RIO01,K1:8EF1Z1238F,the evidence links the two pages but no rule in the spec's order decides them,separate,R8s the two held structures settle it: different skeletons GVJHHUAWPYXKBD vs QUEDXNHFTDJVIY; a name rule does not overrule a structure comparison,high,LICENSED-SEPARATE,rest,2,a separate verdict leaves both pages exactly as they are,K1:8EF1Z1238F,page_b,Alpha-Tocopherol,GAMMA-TOCOPHEROL,,structure_conflict,,remainder
K1:7UQ7X4Y489,,the named item no longer names two live corpus pages; an earlier identity pass already merged or dropped them,merge,R0 already-merged: corpus merge map records K1:3S182ET3UA -> K1:7UQ7X4Y489; the two names denote one live page (Tinzaparin),high,NOT-LICENSED,rest,2,"the row records a merge already in force from identity pass 2/3, not a decision to apply; the cited evidence is the corpus merge record, not one of the three licensed merge evidences",,none recorded,Tinzaparin,,,,,
K1:7V9926378A,K1:J7IRE7H75D,the evidence links the two pages but no rule in the spec's order decides them,separate,"R9a two separately registered FDA substances: Indium IN-111 Satumomab Pendetide ['7V9926378A'] and Satumomab ['J7IRE7H75D'], preferred names INDIUM IN-111 SATUMOMAB PENDETIDE and SATUMOMAB; neither is a salt, solvate or stereo form of the other by name or by structure",high,LICENSED-SEPARATE,rest,2,a separate verdict leaves both pages exactly as they are,K1:J7IRE7H75D,page_b,Indium IN-111 Satumomab Pendetide,Satumomab,,,,remainder
K1:7W2581Z5L8,K1:J3TZF807X5,"an FDA salt/solvate relationship links the pages, but the child page is not a salt form of the parent by structure or by name, so §3.1 does not license a merge",separate,"R6 the GSRS record on K1:7W2581Z5L8 is a mixed salt whose active moiety is Samidorphan (7W2581Z5L8); Malic Acid is named only as its parent substance, which is the coformer or counter-ion, not the same substance",high,LICENSED-SEPARATE,rest,2,a separate verdict leaves both pages exactly as they are,K1:J3TZF807X5,page_b,Samidorphan,Malic Acid,,structure_conflict,related_form_of,remainder
K1:813396S1PC,K1:13S1S8SF37,"an FDA salt/solvate relationship links the pages, but the child page is not a salt form of the parent by structure or by name, so §3.1 does not license a merge",separate,R4z shared parent PTFCDOFLOPIGGS has 0 carbon atoms; an inorganic anion is not a moiety a drug page merges onto,high,LICENSED-SEPARATE,rest,2,a separate verdict leaves both pages exactly as they are,K1:13S1S8SF37,page_b,Zinc Cation,Zinc Phosphide,,structure_conflict; moiety_match; fragment_match,related_form_of,
K1:818ZYK7N91,K1:AB6MNQ6J6L,"an FDA salt/solvate relationship links the pages, but the child page is not a salt form of the parent by structure or by name, so §3.1 does not license a merge",separate,"R9b 'FERROUS SUCCINATE' names an element, a cation or an oxidation state, not a moiety; §3.1a refuses a merge between it and Succinic Acid",high,LICENSED-SEPARATE,rest,2,a separate verdict leaves both pages exactly as they are,K1:AB6MNQ6J6L,page_b,FERROUS SUCCINATE,Succinic Acid,,structure_conflict,related_form_of,remainder
K1:86Q357L16B,K1:13S1S8SF37,"an FDA salt/solvate relationship links the pages, but the child page is not a salt form of the parent by structure or by name, so §3.1 does not license a merge",separate,R4z shared parent PTFCDOFLOPIGGS has 0 carbon atoms; an inorganic anion is not a moiety a drug page merges onto,high,LICENSED-SEPARATE,band,2,a separate verdict leaves both pages exactly as they are,K1:13S1S8SF37,page_b,Zinc Cation,Zinc Chloride,,structure_conflict; moiety_match; fragment_match,related_form_of,
K1:86R1NVR0HW,,"two pages collide on a display name and nothing recorded for them - substance class, primary target, stereo descriptor, UNII or structure - tells one from the other",merge,R0b same full InChIKey inside the 'potassium' name group: K1:86R1NVR0HW and HOLD:existing:potassium-citrate both hold QEEAPRPFLLJWCF-UHFFFAOYSA-K,high,LICENSED-MERGE,band,2,both pages carry the identical full InChIKey recorded in the corpus,HOLD:existing:potassium-citrate,second-opinion evidence,POTASSIUM CITRATE ANHYDROUS,Potassium Citrate,,same_full_inchikey,same_structure_as,
K1:88JLS9ZM6C,K1:8BK6YA62H6,the evidence links the two pages but no rule in the spec's order decides them,separate,R8s the two held structures settle it: different skeletons VJASLAGEYVTOGS vs OENHQHLEOONYIE; a name rule does not overrule a structure comparison,high,LICENSED-SEPARATE,rest,2,a separate verdict leaves both pages exactly as they are,K1:8BK6YA62H6,page_b,Carotene,".BETA.-CAROTENE, (13Z)-",,structure_conflict,,remainder
K1:8BK6YA62H6,K1:DH369M0SOE,the evidence links the two pages but no rule in the spec's order decides them,separate,R8s the two held structures settle it: different skeletons OENHQHLEOONYIE vs HRQKOYFGHJYEFS; a name rule does not overrule a structure comparison,high,LICENSED-SEPARATE,rest,2,a separate verdict leaves both pages exactly as they are,K1:DH369M0SOE,page_b,".BETA.-CAROTENE, (13Z)-",Gamma-Carotene,,structure_conflict,,remainder
K1:8C3Z4148WZ,K1:C269C4G2ZQ,the evidence links the two pages but no rule in the spec's order decides them,separate,"R9a two separately registered FDA substances: Alginic Acid ['8C3Z4148WZ'] and SODIUM ALGINATE ['C269C4G2ZQ'], preferred names ALGINIC ACID and Sodium alginate; neither is a salt, solvate or stereo form of the other by name or by structure",high,LICENSED-SEPARATE,rest,2,a separate verdict leaves both pages exactly as they are,K1:C269C4G2ZQ,page_b,Alginic Acid,SODIUM ALGINATE,,,,remainder
K1:8EKI9QEE2H,K1:F5WR8N145C,the evidence links the two pages but no rule in the spec's order decides them,separate,"R4y both are salts of XMBWDFGMSWQBCA; neither page is that parent moiety; §3.1 merges a salt into its parent, and that parent is not either of these two pages",high,LICENSED-SEPARATE,rest,2,a separate verdict leaves both pages exactly as they are,K1:F5WR8N145C,page_b,Calcium Iodide,Sodium Iodide,,structure_conflict,,remainder
K1:8KIK8VI3TB,K1:91MBZ8H3QO,the evidence links the two pages but no rule in the spec's order decides them,separate,R4z shared parent XDVOLDOITVSJGL has 0 carbon atoms; an inorganic anion is not a moiety a drug page merges onto,high,LICENSED-SEPARATE,rest,2,a separate verdict leaves both pages exactly as they are,K1:91MBZ8H3QO,page_b,Tetraboric Acid,Sodium Borate,,structure_conflict,,remainder
K1:8KK1UTR6IF,K1:K848JZ4886,the evidence links the two pages but no rule in the spec's order decides them,separate,R8s the two held structures settle it: different skeletons MIUFXQAREUEISL vs XUJNEKJLAYXESH; a name rule does not overrule a structure comparison,high,LICENSED-SEPARATE,rest,2,a separate verdict leaves both pages exactly as they are,K1:K848JZ4886,page_b,2-(((2R)-2-AMINO-2-CARBOXYETHYL)THIO)BUTANEDIOIC Acid 2-METHYL Ester,Cysteine,,structure_conflict,,remainder
K1:8LGU7VM393,K1:IJ67X351P9,the evidence links the two pages but no rule in the spec's order decides them,separate,R9c Rosemary Oil and Rosemary are different registered preparations of one organism (oil); §2 K4 merges only on exact name-family equality and these two families are not equal,medium,LICENSED-SEPARATE,rest,2,a separate verdict leaves both pages exactly as they are,K1:IJ67X351P9,page_b,Rosemary Oil,Rosemary,,,,remainder
K1:8P20S56HZI,K1:8C3Z4148WZ,"an FDA salt/solvate relationship links the pages, but the child page is not a salt form of the parent by structure or by name, so §3.1 does not license a merge",separate,"R6a GSRS names Alginic Acid as the parent substance of CALCIUM ALGINATE, but it records the active moiety as CALCIUM CATION (2M83C4R6ZB); the counter-ion is the substance being recorded",high,LICENSED-SEPARATE,rest,2,a separate verdict leaves both pages exactly as they are,K1:8C3Z4148WZ,page_b,Alginic Acid,CALCIUM ALGINATE,,moiety_match,related_form_of,
K1:8Q759N78CX,K1:Y0C99N5TMZ,"an FDA salt/solvate relationship links the pages, but the child page is not a salt form of the parent by structure or by name, so §3.1 does not license a merge",separate,"R4y both are salts of QAOWNCQODCNURD; neither page is that parent moiety; §3.1 merges a salt into its parent, and that parent is not either of these two pages",high,LICENSED-SEPARATE,rest,2,a separate verdict leaves both pages exactly as they are,K1:Y0C99N5TMZ,page_b,Chromic Sulfate Decahydrate,Chromic Sulfate,,structure_conflict,related_form_of,remainder
K1:8UQ3W6JXAN,K1:0WT12SX38S,"an FDA salt/solvate relationship links the pages, but the child page is not a salt form of the parent by structure or by name, so §3.1 does not license a merge",separate,"R6 the GSRS record on K1:8UQ3W6JXAN is a mixed salt whose active moiety is Nedaplatin (8UQ3W6JXAN); GLYCOLIC ACID is named only as its parent substance, which is the coformer or counter-ion, not the same substance",high,LICENSED-SEPARATE,rest,2,a separate verdict leaves both pages exactly as they are,K1:0WT12SX38S,page_b,GLYCOLIC ACID,Nedaplatin,,structure_conflict; moiety_match,related_form_of,
K1:8V316C2371,K1:3B8D35Y7S4,"an FDA salt/solvate relationship links the pages, but the child page is not a salt form of the parent by structure or by name, so §3.1 does not license a merge",separate,"R6d GSRS names Lactic Acid, Dl as the parent substance of Myralact, yet nothing in the names or structures makes one a salt or solvate of the other; the link runs through a coformer",medium,LICENSED-SEPARATE,rest,2,a separate verdict leaves both pages exactly as they are,K1:3B8D35Y7S4,page_b,"Lactic Acid, Dl",Myralact,,structure_conflict; moiety_match,related_form_of,
K1:8W8T17847W,K1:H3LE856W64,the evidence links the two pages but no rule in the spec's order decides them,separate,R8s the two held structures settle it: different skeletons XSQUKJJJFZCRTK vs FGPZLEIOVJZZCD; a name rule does not overrule a structure comparison,high,LICENSED-SEPARATE,rest,2,a separate verdict leaves both pages exactly as they are,K1:H3LE856W64,page_b,Urea,"(2,4-DIMETHYLPENTAN-3-YLIDENEAMINO)UREA",,structure_conflict,,remainder
K1:9078K3MO9U,K1:4QD397987E,"an FDA salt/solvate relationship links the pages, but the child page is not a salt form of the parent by structure or by name, so §3.1 does not license a merge",separate,"R6d GSRS names Histidine as the parent substance of COPPER HISTIDINE, but COPPER HISTIDINE is a copper compound: the metal is the substance being recorded and Histidine is its ligand or counter-ion",high,LICENSED-SEPARATE,band,2,a separate verdict leaves both pages exactly as they are,K1:4QD397987E,page_b,Histidine,COPPER HISTIDINE,metal complex,structure_conflict; moiety_match,related_form_of,
K1:9266D9P3PQ,K1:D5NNC1X8FP,the evidence links the two pages but no rule in the spec's order decides them,separate,R8s the two held structures settle it: different skeletons YTKUWDBFDASYHO vs GPYWLSZJZNELNN; a name rule does not overrule a structure comparison,high,LICENSED-SEPARATE,band,2,a separate verdict leaves both pages exactly as they are,K1:D5NNC1X8FP,page_b,Bendamustine,.GAMMA.-HYDROXY Bendamustine,,structure_conflict,,remainder
K1:95QN29S1ID,K1:88XHZ13131,"an FDA salt/solvate relationship links the pages, but the child page is not a salt form of the parent by structure or by name, so §3.1 does not license a merge",separate,R8s the two held structures settle it: different skeletons YNNUSGIPVFPVBX vs VZCYOOQTPOCHFL; a name rule does not overrule a structure comparison,high,LICENSED-SEPARATE,band,2,a separate verdict leaves both pages exactly as they are,K1:88XHZ13131,page_b,Fumaric Acid,Clemastine,,structure_conflict,related_form_of,
K1:96P72VE680,K1:9E7R5L6H31,"an FDA salt/solvate relationship links the pages, but the child page is not a salt form of the parent by structure or by name, so §3.1 does not license a merge",separate,"R9a two separately registered FDA substances: CERIUM OXALATE ['96P72VE680'] and Oxalic Acid ['9E7R5L6H31'], preferred names CEROUS OXALATE and Oxalic acid; neither is a salt, solvate or stereo form of the other by name or by structure",high,LICENSED-SEPARATE,rest,2,a separate verdict leaves both pages exactly as they are,K1:9E7R5L6H31,page_b,CERIUM OXALATE,Oxalic Acid,,structure_conflict,related_form_of,remainder
K1:97F4MTY3VA,K1:V561V90BG2,the evidence links the two pages but no rule in the spec's order decides them,separate,R4z shared parent VLTRZXGMWDSKGL has 0 carbon atoms; an inorganic anion is not a moiety a drug page merges onto,high,LICENSED-SEPARATE,rest,2,a separate verdict leaves both pages exactly as they are,K1:V561V90BG2,page_b,SODIUM PERCHLORATE,Perchloric Acid,,structure_conflict,,remainder
K1:97Z1WI3NDX,K1:B7862WZ632,the evidence links the two pages but no rule in the spec's order decides them,separate,"R9b 'Calcium Phosphate, Unspecified Form' names an element, a cation or an oxidation state, not a moiety; §3.1a refuses a merge between it and Potassium Phosphate, Unspecified Form",high,LICENSED-SEPARATE,rest,2,a separate verdict leaves both pages exactly as they are,K1:B7862WZ632,page_b,"Calcium Phosphate, Unspecified Form","Potassium Phosphate, Unspecified Form",,structure_conflict,,remainder
K1:9B44647H2S,K1:Y41JS2NL6U,the evidence links the two pages but no rule in the spec's order decides them,separate,R8s the two held structures settle it: different skeletons ZEAYEMJBEYLWSQ vs VHYCDWMUTMEGQY; a name rule does not overrule a structure comparison,high,LICENSED-SEPARATE,band,2,a separate verdict leaves both pages exactly as they are,K1:Y41JS2NL6U,page_b,O-(DESISOPROPYL) Bisoprolol Acid,Bisoprolol,,structure_conflict,,remainder
K1:9G0JE54296,K4:cedrus libani,the evidence links the two pages but no rule in the spec's order decides them,separate,R9c Cedrus Libani Whole and Cedrus Libani are different registered preparations of one organism (whole); §2 K4 merges only on exact name-family equality and these two families are not equal,medium,LICENSED-SEPARATE,rest,2,a separate verdict leaves both pages exactly as they are,K4:cedrus libani,page_b,Cedrus Libani Whole,Cedrus Libani,,,,remainder
K1:9HDT03PZ0N,K4:vitex agnus castus,the evidence links the two pages but no rule in the spec's order decides them,separate,R9c Vitex Agnus-Castus Whole and Vitex Agnus-Castus are different registered preparations of one organism (whole); §2 K4 merges only on exact name-family equality and these two families are not equal,medium,LICENSED-SEPARATE,rest,2,a separate verdict leaves both pages exactly as they are,K4:vitex agnus castus,page_b,Vitex Agnus-Castus Whole,Vitex Agnus-Castus,,,,remainder
K1:9J1H7Y9OJV,K1:88XHZ13131,"an FDA salt/solvate relationship links the pages, but the child page is not a salt form of the parent by structure or by name, so §3.1 does not license a merge",separate,R8s the two held structures settle it: different skeletons KBUZBQVCBVDWKX vs VZCYOOQTPOCHFL; a name rule does not overrule a structure comparison,high,LICENSED-SEPARATE,rest,2,a separate verdict leaves both pages exactly as they are,K1:88XHZ13131,page_b,Fumaric Acid,Emedastine,,structure_conflict,related_form_of,
K1:9K730EL8KU,K1:F0Z746KRKQ,the evidence links the two pages but no rule in the spec's order decides them,separate,R8s the two held structures settle it: different skeletons IGLNJRXAVVLDKE vs NCCSSGKUIKYAJD; a name rule does not overrule a structure comparison,high,LICENSED-SEPARATE,band,2,a separate verdict leaves both pages exactly as they are,K1:F0Z746KRKQ,page_b,RUBIDIUM RB-82,Rubidium Chloride Rb-82,,structure_conflict,,remainder
K1:9L5JEP7MES,K4:panax ginseng,the evidence links the two pages but no rule in the spec's order decides them,separate,R9c Panax Ginseng Whole and Panax Ginseng are different registered preparations of one organism (whole); §2 K4 merges only on exact name-family equality and these two families are not equal,medium,LICENSED-SEPARATE,rest,2,a separate verdict leaves both pages exactly as they are,K4:panax ginseng,page_b,Panax Ginseng Whole,Panax Ginseng,,,,remainder
K1:9NS3M2Y78S,K1:CZD6M4PY4B,the evidence links the two pages but no rule in the spec's order decides them,separate,"R9a two separately registered FDA substances: Ornithogalum Umbellatum ['9NS3M2Y78S'] and Ornithogalum Umbellatum Flowering Top ['CZD6M4PY4B'], preferred names ORNITHOGALUM UMBELLATUM WHOLE and ORNITHOGALUM UMBELLATUM FLOWERING TOP; neither is a salt, solvate or stereo form of the other by name or by structure",high,LICENSED-SEPARATE,rest,2,a separate verdict leaves both pages exactly as they are,K1:CZD6M4PY4B,page_b,Ornithogalum Umbellatum,Ornithogalum Umbellatum Flowering Top,,,,remainder
K1:9RES347CKG,K4:lavandin,the evidence links the two pages but no rule in the spec's order decides them,separate,R9c Lavandin Oil and Lavandin are different registered preparations of one organism (oil); §2 K4 merges only on exact name-family equality and these two families are not equal,medium,LICENSED-SEPARATE,rest,2,a separate verdict leaves both pages exactly as they are,K4:lavandin,page_b,Lavandin Oil,Lavandin,,,,remainder
K1:9U1VM840SP,K1:O414PZ4LPZ,"an FDA salt/solvate relationship links the pages, but the child page is not a salt form of the parent by structure or by name, so §3.1 does not license a merge",separate,R8s the two held structures settle it: different skeletons PIJVFDBKTWXHHD vs YGSDEFSMJLZEOE; a name rule does not overrule a structure comparison,high,LICENSED-SEPARATE,rest,2,a separate verdict leaves both pages exactly as they are,K1:O414PZ4LPZ,page_b,Physostigmine,Salicylic Acid,,structure_conflict,related_form_of,remainder
K1:9U7D5QH5AE,K1:9XH2P2N8EP,the evidence links the two pages but no rule in the spec's order decides them,separate,R8s the two held structures settle it: different skeletons PFCRQPBOOFTZGQ vs JCQLYHFGKNRPGE; a name rule does not overrule a structure comparison,high,LICENSED-SEPARATE,band,2,a separate verdict leaves both pages exactly as they are,K1:9XH2P2N8EP,page_b,Lactulose,.ALPHA.-LACTULOSE,,structure_conflict,,remainder
K1:9W34L2CQ9A,K1:K20Y81ACO3,the evidence links the two pages but no rule in the spec's order decides them,separate,"R9a two separately registered FDA substances: Ambrosia Artemisiifolia ['9W34L2CQ9A'] and Ambrosia Artemisiifolia Pollen ['K20Y81ACO3'], preferred names AMBROSIA ARTEMISIIFOLIA WHOLE and AMBROSIA ARTEMISIIFOLIA POLLEN; neither is a salt, solvate or stereo form of the other by name or by structure",high,LICENSED-SEPARATE,rest,2,a separate verdict leaves both pages exactly as they are,K1:K20Y81ACO3,page_b,Ambrosia Artemisiifolia,Ambrosia Artemisiifolia Pollen,,,,remainder
K1:A0730CX801,K1:PPP8783IQ1,"an FDA salt/solvate relationship links the pages, but the child page is not a salt form of the parent by structure or by name, so §3.1 does not license a merge",separate,"R6a GSRS names Technetium TC-99M Pertechnetate as the parent substance of Technetium Tc-99m Sodium Pertechnetate Generator, but it records the active moiety as TECHNETIUM TC-99M (6EW75241VU); the counter-ion is the substance being recorded",high,LICENSED-SEPARATE,rest,2,a separate verdict leaves both pages exactly as they are,K1:PPP8783IQ1,page_b,Technetium Tc-99m Sodium Pertechnetate Generator,Technetium TC-99M Pertechnetate,isotopologue,structure_conflict; moiety_match,related_form_of,remainder
K1:A4028U842W,K1:D60E3WIF5Y,the evidence links the two pages but no rule in the spec's order decides them,merge,"R7y identical name 'Fibrinolysin' and no structure on either page; UNIIs ['A4028U842W'] / ['D60E3WIF5Y'], substance classes ['protein'] / ['protein']",medium,NOT-LICENSED,rest,2,a merge at medium confidence,K1:D60E3WIF5Y,page_b,Fibrinolysin,Fibrinolysin (human),,,,remainder
K1:AB2MK88Y6D,K1:K72T3FS567,the evidence links the two pages but no rule in the spec's order decides them,separate,R8s the two held structures settle it: different skeletons RIRGCFBBHQEQQH vs OIRDTQYFTABQOQ; a name rule does not overrule a structure comparison,high,LICENSED-SEPARATE,band,2,a separate verdict leaves both pages exactly as they are,K1:K72T3FS567,page_b,"PIA, (S)-",ADENOSINE,,structure_conflict,,remainder
K1:AQ86ZJ9U98,K4:chromic,"same normalised name; one page holds a structure and the other holds none, so no structural rule applies",separate,"R9b 'Chromic Phosphate' names an element, a cation or an oxidation state, not a moiety; §3.1a refuses a merge between it and Chromic",high,LICENSED-SEPARATE,rest,2,a separate verdict leaves both pages exactly as they are,K4:chromic,page_b,Chromic Phosphate,Chromic,,,,review
K1:B22547B95K,K1:XF417D3PSL,a merge chain would join two pages that an exception class keeps separate; the whole chain is held for the second opinion,merge,R4 §3.1 salt or solvate: Trisodium Citrate Dihydrate is Anhydrous Citric Acid (KRKNYBCHXYNGOX) plus counter-ions or solvate; FDA records the active moiety of Trisodium Citrate Dihydrate as Anhydrous Citric Acid (XF417D3PSL),high,LICENSED-MERGE,band,2,a GSRS salt-to-parent link confirmed by the FDA active moiety the corpus records and by the parent skeleton the evidence names,K1:XF417D3PSL,page_b,Trisodium Citrate Dihydrate,Anhydrous Citric Acid,,structure_conflict; moiety_match; fragment_match,active_moiety_of,keep_separate
K1:B7862WZ632,K1:RS7A450LGA,the evidence links the two pages but no rule in the spec's order decides them,separate,"R9b 'Potassium Phosphate, Unspecified Form' names an element, a cation or an oxidation state, not a moiety; §3.1a refuses a merge between it and Anhydrous Trisodium Citrate",high,LICENSED-SEPARATE,rest,2,a separate verdict leaves both pages exactly as they are,K1:RS7A450LGA,page_b,"Potassium Phosphate, Unspecified Form",Anhydrous Trisodium Citrate,,structure_conflict,,remainder
K1:BGL0JSY5SI,K1:88XHZ13131,"an FDA salt/solvate relationship links the pages, but the child page is not a salt form of the parent by structure or by name, so §3.1 does not license a merge",separate,"R6 the GSRS record on K1:BGL0JSY5SI is a mixed salt whose active moiety is Quetiapine (BGL0JSY5SI); Fumaric Acid is named only as its parent substance, which is the coformer or counter-ion, not the same substance",high,LICENSED-SEPARATE,band,2,a separate verdict leaves both pages exactly as they are,K1:88XHZ13131,page_b,Fumaric Acid,Quetiapine,,structure_conflict,related_form_of,
K1:BI6GY4U9CW,,the named item no longer names two live corpus pages; an earlier identity pass already merged or dropped them,merge,R0 already-merged: corpus merge map records K1:5004UU3156 -> K1:BI6GY4U9CW; the two names denote one live page (Danaparoid),high,NOT-LICENSED,rest,2,"the row records a merge already in force from identity pass 2/3, not a decision to apply; the cited evidence is the corpus merge record, not one of the three licensed merge evidences",,none recorded,Danaparoid,,,,,
K1:BI6GY4U9CW,,the named item no longer names two live corpus pages; an earlier identity pass already merged or dropped them,merge,R0 already-merged: corpus merge map records K1:5004UU3156 -> K1:BI6GY4U9CW; the two names denote one live page (Danaparoid),high,NOT-LICENSED,rest,2,"the row records a merge already in force from identity pass 2/3, not a decision to apply; the cited evidence is the corpus merge record, not one of the three licensed merge evidences",,none recorded,Danaparoid,,,,,
K1:BO9LE4QFZF,K1:X4PT8NAI8E,the evidence links the two pages but no rule in the spec's order decides them,separate,R8s the two held structures settle it: different skeletons XNKLLVCARDGLGL vs OMYGFARMZNCWPN; a name rule does not overrule a structure comparison,high,LICENSED-SEPARATE,rest,2,a separate verdict leaves both pages exactly as they are,K1:X4PT8NAI8E,page_b,Stavudine,Stavudine Glucuronide,,structure_conflict,,remainder
K1:C02T02993U,K1:YGR27ZW0Y7,"an FDA salt/solvate relationship links the pages, but the child page is not a salt form of the parent by structure or by name, so §3.1 does not license a merge",separate,"R4w SODIUM SULFIDE appears only as a fragment of Sodium Sulfide Nonahydrate, not as its parent moiety",high,LICENSED-SEPARATE,rest,2,a separate verdict leaves both pages exactly as they are,K1:YGR27ZW0Y7,page_b,Sodium Sulfide Nonahydrate,SODIUM SULFIDE,,structure_conflict,related_form_of,remainder
K1:C21158IIRK,K1:GW89581OWR,"an FDA salt/solvate relationship links the pages, but the child page is not a salt form of the parent by structure or by name, so §3.1 does not license a merge",separate,"R4x §1 the removed fragment is not a counter-ion: Hekla Lava carries Al/Mn/Ti that Ferrous Cation does not; shared organic fragment CWYNVVGOOAEACU is the ligand, not the substance",high,LICENSED-SEPARATE,rest,2,a separate verdict leaves both pages exactly as they are,K1:GW89581OWR,page_b,Hekla Lava,Ferrous Cation,metal complex,structure_conflict; moiety_match; fragment_match,related_form_of,remainder
K1:C2J9B08Q3I,K1:W2FH8O2BBE,the evidence links the two pages but no rule in the spec's order decides them,separate,R9c CARAWAY OIL and Caraway are different registered preparations of one organism (oil); §2 K4 merges only on exact name-family equality and these two families are not equal,medium,LICENSED-SEPARATE,rest,2,a separate verdict leaves both pages exactly as they are,K1:W2FH8O2BBE,page_b,CARAWAY OIL,Caraway,,,,remainder
K1:C5H0QJ6V7F,K1:XJ6RUH0O4G,the evidence links the two pages but no rule in the spec's order decides them,separate,R9c Turpentine Oil and Turpentine are different registered preparations of one organism (oil); §2 K4 merges only on exact name-family equality and these two families are not equal,medium,LICENSED-SEPARATE,rest,2,a separate verdict leaves both pages exactly as they are,K1:XJ6RUH0O4G,page_b,Turpentine Oil,Turpentine,,,,remainder
K1:CC9149U2QX,K1:R4R8J0Q44B,"an FDA salt/solvate relationship links the pages, but the child page is not a salt form of the parent by structure or by name, so §3.1 does not license a merge",separate,"R9a two separately registered FDA substances: SODIUM FERRIC GLUCONATE COMPLEX ['CC9149U2QX'] and Gluconic Acid ['R4R8J0Q44B'], preferred names SODIUM FERRIC GLUCONATE COMPLEX and Gluconic Acid; neither is a salt, solvate or stereo form of the other by name or by structure",high,LICENSED-SEPARATE,rest,2,a separate verdict leaves both pages exactly as they are,K1:R4R8J0Q44B,page_b,SODIUM FERRIC GLUCONATE COMPLEX,Gluconic Acid,,structure_conflict,related_form_of,remainder
K1:CLH5FT6412,K1:91O4LML611,"an FDA salt/solvate relationship links the pages, but the child page is not a salt form of the parent by structure or by name, so §3.1 does not license a merge",separate,"R4w Ferric Cation appears only as a fragment of Ferumoxytol NON-STOICHIOMETRIC Magnetite, not as its parent moiety",high,LICENSED-SEPARATE,band,2,a separate verdict leaves both pages exactly as they are,K1:91O4LML611,page_b,Ferric Cation,Ferumoxytol NON-STOICHIOMETRIC Magnetite,,structure_conflict,related_form_of,
K1:CLH5FT6412,K1:GW89581OWR,"an FDA salt/solvate relationship links the pages, but the child page is not a salt form of the parent by structure or by name, so §3.1 does not license a merge",separate,R4z shared parent CWYNVVGOOAEACU has 0 carbon atoms; an inorganic anion is not a moiety a drug page merges onto,high,LICENSED-SEPARATE,band,2,a separate verdict leaves both pages exactly as they are,K1:GW89581OWR,page_b,Ferumoxytol NON-STOICHIOMETRIC Magnetite,Ferrous Cation,,structure_conflict,related_form_of,remainder
K1:CQ2F5O6YIY,K2:QCYLIQBVLZBPNK-WRRJDLEGSA-N,the evidence links the two pages but no rule in the spec's order decides them,separate,R8s the two held structures settle it: different skeletons BNMGUJRJUUDLHW vs QCYLIQBVLZBPNK; a name rule does not overrule a structure comparison,high,LICENSED-SEPARATE,rest,2,a separate verdict leaves both pages exactly as they are,K2:QCYLIQBVLZBPNK-WRRJDLEGSA-N,page_b,Madecassoside,ASIATICOSIDE A,,same_unii; structure_conflict,,remainder
K1:D888C394VO,K1:NVG71ZZ7P0,the evidence links the two pages but no rule in the spec's order decides them,separate,R8s the two held structures settle it: different skeletons WHKUVVPPKQRRBV vs QTBSBXVTEAMEQO; a name rule does not overrule a structure comparison,high,LICENSED-SEPARATE,rest,2,a separate verdict leaves both pages exactly as they are,K1:NVG71ZZ7P0,page_b,Mcpa,Sodium Acetate Anhydrous,,structure_conflict,,remainder
K1:DL2R53P963,,the named item no longer names two live corpus pages; an earlier identity pass already merged or dropped them,merge,R0 already-merged: corpus merge map records K1:XW0E5YS77G -> K1:DL2R53P963; the two names denote one live page (COLISTIMETHATE),high,NOT-LICENSED,band,2,"the row records a merge already in force from identity pass 2/3, not a decision to apply; the cited evidence is the corpus merge record, not one of the three licensed merge evidences",,none recorded,COLISTIMETHATE,,,,,
K1:DSV74G1P2J,K1:WQZ3G9PF0H,the evidence links the two pages but no rule in the spec's order decides them,separate,R9c Atropa Belladonna Whole and Atropa Belladonna are different registered preparations of one organism (whole); §2 K4 merges only on exact name-family equality and these two families are not equal,medium,LICENSED-SEPARATE,rest,2,a separate verdict leaves both pages exactly as they are,K1:WQZ3G9PF0H,page_b,Atropa Belladonna Whole,Atropa Belladonna,,,,remainder
K1:DY38VHM5OD,K1:712K4CDC10,"an FDA salt/solvate relationship links the pages, but the child page is not a salt form of the parent by structure or by name, so §3.1 does not license a merge",separate,R4z shared parent QWPPOHNGKGFGJK has 0 carbon atoms; an inorganic anion is not a moiety a drug page merges onto,high,LICENSED-SEPARATE,rest,2,a separate verdict leaves both pages exactly as they are,K1:712K4CDC10,page_b,Hypochlorous Acid,Sodium Hypochlorite,,structure_conflict; moiety_match; fragment_match,related_form_of,
K1:E47C0NF7LV,,the named item no longer names two live corpus pages; an earlier identity pass already merged or dropped them,merge,R0 already-merged: corpus merge map records K1:8NZ41MIK1O -> K1:E47C0NF7LV; the two names denote one live page (Enoxaparin),high,NOT-LICENSED,band,2,"the row records a merge already in force from identity pass 2/3, not a decision to apply; the cited evidence is the corpus merge record, not one of the three licensed merge evidences",,none recorded,Enoxaparin,,,,,
K1:E4T8TU3LE8,K1:Y0C99N5TMZ,"an FDA salt/solvate relationship links the pages, but the child page is not a salt form of the parent by structure or by name, so §3.1 does not license a merge",separate,"R4y both are salts of QAOWNCQODCNURD; neither page is that parent moiety; §3.1 merges a salt into its parent, and that parent is not either of these two pages",high,LICENSED-SEPARATE,rest,2,a separate verdict leaves both pages exactly as they are,K1:Y0C99N5TMZ,page_b,Chromic Sulfate Pentadecahydrate,Chromic Sulfate,,structure_conflict,related_form_of,remainder
K1:E65RW73PHS,K1:5WBR90FN3H,"an FDA salt/solvate relationship links the pages, but the child page is not a salt form of the parent by structure or by name, so §3.1 does not license a merge",separate,"R6a GSRS names Fosveset as the parent substance of Gadofosveset, but it records the active moiety as Gadolinium cation (3+) (AZV954TZ9N); the counter-ion is the substance being recorded",high,LICENSED-SEPARATE,rest,2,a separate verdict leaves both pages exactly as they are,K1:5WBR90FN3H,page_b,Fosveset,Gadofosveset,,structure_conflict; moiety_match,related_form_of,
K1:EDN2NBH5SS,K1:W4888I119H,"an FDA salt/solvate relationship links the pages, but the child page is not a salt form of the parent by structure or by name, so §3.1 does not license a merge",separate,R8s the two held structures settle it: different skeletons NDAUXUAQIAJITI vs FEWJPZIEWOKRBE; a name rule does not overrule a structure comparison,high,LICENSED-SEPARATE,band,2,a separate verdict leaves both pages exactly as they are,K1:W4888I119H,page_b,Levosalbutamol,TARTARIC ACID,,structure_conflict,related_form_of,remainder
K1:EE90ONI6FF,,"two pages collide on a display name and nothing recorded for them - substance class, primary target, stereo descriptor, UNII or structure - tells one from the other",merge,R0b same UNII inside the 'potassium' name group: K1:EE90ONI6FF and HOLD:existing:potassium-citrate both hold UNII EE90ONI6FF,high,NOT-LICENSED,band,2,"the two pages share a UNII but carry different InChIKey skeletons, which §2 holds",HOLD:existing:potassium-citrate,second-opinion evidence,POTASSIUM CITRATE,Potassium Citrate,,same_unii; structure_conflict,,
K1:EE92BBP03H,K1:J3TZF807X5,"an FDA salt/solvate relationship links the pages, but the child page is not a salt form of the parent by structure or by name, so §3.1 does not license a merge",separate,R8s the two held structures settle it: different skeletons HSUGRBWQSSZJOP vs BJEPYKJPYRNKOW; a name rule does not overrule a structure comparison,high,LICENSED-SEPARATE,band,2,a separate verdict leaves both pages exactly as they are,K1:J3TZF807X5,page_b,Diltiazem,Malic Acid,,structure_conflict,related_form_of,remainder
K1:EEO29FZT86,,the named item no longer names two live corpus pages; an earlier identity pass already merged or dropped them,merge,R0 already-merged: corpus merge map records K1:JQ72VD4XUL -> K1:EEO29FZT86; the two names denote one live page (Padeliporfin),high,NOT-LICENSED,rest,2,"the row records a merge already in force from identity pass 2/3, not a decision to apply; the cited evidence is the corpus merge record, not one of the three licensed merge evidences",,none recorded,Padeliporfin,,,,,
K1:ER29L26N1X,K1:88XHZ13131,"an FDA salt/solvate relationship links the pages, but the child page is not a salt form of the parent by structure or by name, so §3.1 does not license a merge",separate,"R6 the GSRS record on K1:ER29L26N1X is a mixed salt whose active moiety is Cobimetinib (ER29L26N1X); Fumaric Acid is named only as its parent substance, which is the coformer or counter-ion, not the same substance",high,LICENSED-SEPARATE,band,2,a separate verdict leaves both pages exactly as they are,K1:88XHZ13131,page_b,Fumaric Acid,Cobimetinib,,structure_conflict,related_form_of,
K1:EUT3557RT5,K2:SGEIEGAXKLMUIZ-XUVDNFPMSA-N,a merge chain would join two pages that an exception class keeps separate; the whole chain is held for the second opinion,form_of,"R3 InChIKey skeleton SGEIEGAXKLMUIZ shared; SGEIEGAXKLMUIZ-CYBMUJFWSA-N vs SGEIEGAXKLMUIZ-XUVDNFPMSA-N; the records carry the same name (Arimoclomol / Arimoclomol) so the difference is the stereo or protonation layer alone. §3.2 links these, never merges",medium,LICENSED-FORM_OF,rest,2,"the two pages carry one InChIKey skeleton and different full keys, which §3.4 and §5.1 split and link",K2:SGEIEGAXKLMUIZ-XUVDNFPMSA-N,page_b,Arimoclomol,Arimoclomol,,same_unii; same_skeleton_different_full; moiety_match; fragment_match,form_of; stereoisomer_of,form_of
K1:F1T8QT9U8B,K1:UD4O8TY7RW,the evidence links the two pages but no rule in the spec's order decides them,separate,"R9a two separately registered FDA substances: Digitalis ['F1T8QT9U8B'] and Digitalis Purpurea Whole ['UD4O8TY7RW'], preferred names DIGITALIS and DIGITALIS PURPUREA WHOLE; neither is a salt, solvate or stereo form of the other by name or by structure",high,LICENSED-SEPARATE,rest,2,a separate verdict leaves both pages exactly as they are,K1:UD4O8TY7RW,page_b,Digitalis,Digitalis Purpurea Whole,,,,remainder
K1:F59P8B75R4,,the named item no longer names two live corpus pages; an earlier identity pass already merged or dropped them,merge,R0 already-merged: corpus merge map records K1:914032762Y -> K1:F59P8B75R4; the two names denote one live page (Pentosan Polysulfate),high,NOT-LICENSED,band,2,"the row records a merge already in force from identity pass 2/3, not a decision to apply; the cited evidence is the corpus merge record, not one of the three licensed merge evidences",,none recorded,Pentosan Polysulfate,,,,,
K1:F59P8B75R4,,the named item no longer names two live corpus pages; an earlier identity pass already merged or dropped them,merge,R0 already-merged: corpus merge map records K1:914032762Y -> K1:F59P8B75R4; the two names denote one live page (Pentosan Polysulfate),high,NOT-LICENSED,band,2,"the row records a merge already in force from identity pass 2/3, not a decision to apply; the cited evidence is the corpus merge record, not one of the three licensed merge evidences",,none recorded,Pentosan Polysulfate,,,,,
K1:F5Y53150C8,K1:W4888I119H,"an FDA salt/solvate relationship links the pages, but the child page is not a salt form of the parent by structure or by name, so §3.1 does not license a merge",separate,R8s the two held structures settle it: different skeletons ZXOSVKYCXLTVGS vs FEWJPZIEWOKRBE; a name rule does not overrule a structure comparison,high,LICENSED-SEPARATE,rest,2,a separate verdict leaves both pages exactly as they are,K1:W4888I119H,page_b,Budiodarone,TARTARIC ACID,,structure_conflict,related_form_of,remainder
K1:F79059A38U,K1:069647RPT5,"an FDA salt/solvate relationship links the pages, but the child page is not a salt form of the parent by structure or by name, so §3.1 does not license a merge",separate,"R6 the GSRS record on K1:F79059A38U is a mixed salt whose active moiety is Antimony Trisulfide (F79059A38U); Antimony Cation (3+) is named only as its parent substance, which is the coformer or counter-ion, not the same substance",high,LICENSED-SEPARATE,rest,2,a separate verdict leaves both pages exactly as they are,K1:069647RPT5,page_b,Antimony Cation (3+),Antimony Trisulfide,,structure_conflict; moiety_match,related_form_of,
K1:F8PO54Z4V7,K1:F9S9FFU82N,"an FDA salt/solvate relationship links the pages, but the child page is not a salt form of the parent by structure or by name, so §3.1 does not license a merge",separate,"R6 the GSRS record on K1:F8PO54Z4V7 is a mixed salt whose active moiety is Squalamine (F8PO54Z4V7); Lactic Acid is named only as its parent substance, which is the coformer or counter-ion, not the same substance",high,LICENSED-SEPARATE,rest,2,a separate verdict leaves both pages exactly as they are,K1:F9S9FFU82N,page_b,Squalamine,Lactic Acid,,structure_conflict,related_form_of,remainder
K1:F8XAG1755S,K1:PB618V0K2W,the evidence links the two pages but no rule in the spec's order decides them,separate,R9c Borage Oil and Borage are different registered preparations of one organism (oil); §2 K4 merges only on exact name-family equality and these two families are not equal,medium,LICENSED-SEPARATE,rest,2,a separate verdict leaves both pages exactly as they are,K1:PB618V0K2W,page_b,Borage Oil,Borage,,,,remainder
K1:F91H02EBWT,K1:W4888I119H,"an FDA salt/solvate relationship links the pages, but the child page is not a salt form of the parent by structure or by name, so §3.1 does not license a merge",separate,R8s the two held structures settle it: different skeletons BPZSYCZIITTYBL vs FEWJPZIEWOKRBE; a name rule does not overrule a structure comparison,high,LICENSED-SEPARATE,band,2,a separate verdict leaves both pages exactly as they are,K1:W4888I119H,page_b,Arformoterol,TARTARIC ACID,,structure_conflict,related_form_of,remainder
K1:FI8B4CLS9I,K1:G6W4F0V8Z3,the evidence links the two pages but no rule in the spec's order decides them,separate,R9c Datura Stramonium Whole and Datura Stramonium are different registered preparations of one organism (whole); §2 K4 merges only on exact name-family equality and these two families are not equal,medium,LICENSED-SEPARATE,rest,2,a separate verdict leaves both pages exactly as they are,K1:G6W4F0V8Z3,page_b,Datura Stramonium Whole,Datura Stramonium,,,,remainder
K1:G23AP190YS,K1:W4888I119H,"an FDA salt/solvate relationship links the pages, but the child page is not a salt form of the parent by structure or by name, so §3.1 does not license a merge",separate,R8s the two held structures settle it: different skeletons QPYJXFZUIJOGNX vs FEWJPZIEWOKRBE; a name rule does not overrule a structure comparison,high,LICENSED-SEPARATE,rest,2,a separate verdict leaves both pages exactly as they are,K1:W4888I119H,page_b,Afegostat,TARTARIC ACID,,structure_conflict,related_form_of,remainder
K1:G43C57162K,K1:VIF565UC2G,the evidence links the two pages but no rule in the spec's order decides them,separate,R9c Melaleuca Alternifolia Leaf Oil and Melaleuca Alternifolia Leaf are different registered preparations of one organism (oil); §2 K4 merges only on exact name-family equality and these two families are not equal,medium,LICENSED-SEPARATE,rest,2,a separate verdict leaves both pages exactly as they are,K1:VIF565UC2G,page_b,Melaleuca Alternifolia Leaf,Melaleuca Alternifolia Leaf Oil,,,,remainder
K1:GB4I2JI8UI,,the named item no longer names two live corpus pages; an earlier identity pass already merged or dropped them,merge,R0 already-merged: corpus merge map records K1:28O0WP6Z1P -> K1:GB4I2JI8UI; the two names denote one live page (Vutrisiran),high,NOT-LICENSED,rest,2,"the row records a merge already in force from identity pass 2/3, not a decision to apply; the cited evidence is the corpus merge record, not one of the three licensed merge evidences",,none recorded,Vutrisiran,,,,,
K1:GB4I2JI8UI,,the named item no longer names two live corpus pages; an earlier identity pass already merged or dropped them,merge,R0 already-merged: corpus merge map records K1:28O0WP6Z1P -> K1:GB4I2JI8UI; the two names denote one live page (Vutrisiran),high,NOT-LICENSED,rest,2,"the row records a merge already in force from identity pass 2/3, not a decision to apply; the cited evidence is the corpus merge record, not one of the three licensed merge evidences",,none recorded,Vutrisiran,,,,,
K1:H5WVD9LZUD,K1:4E862E7GRQ,"an FDA salt/solvate relationship links the pages, but the child page is not a salt form of the parent by structure or by name, so §3.1 does not license a merge",separate,R4z shared parent XPPKVPWEQAFLFU has 0 carbon atoms; an inorganic anion is not a moiety a drug page merges onto,high,LICENSED-SEPARATE,rest,2,a separate verdict leaves both pages exactly as they are,K1:4E862E7GRQ,page_b,Pyrophosphoric Acid,SODIUM ACID PYROPHOSPHATE,,structure_conflict; moiety_match; fragment_match,related_form_of,
K1:H6CM4TWH1W,K1:IGO73S04D5,the evidence links the two pages but no rule in the spec's order decides them,separate,R8s the two held structures settle it: different skeletons GRWFGVWFFZKLTI vs WTARULDDTDQWMU; a name rule does not overrule a structure comparison,high,LICENSED-SEPARATE,rest,2,a separate verdict leaves both pages exactly as they are,K1:IGO73S04D5,page_b,Alpha-Pinene,Beta-Pinene,,structure_conflict,,remainder
K1:H7965X29HX,K4:cobaltous,"same normalised name; one page holds a structure and the other holds none, so no structural rule applies",separate,"R9b 'Cobaltous Sulfate' names an element, a cation or an oxidation state, not a moiety; §3.1a refuses a merge between it and Cobaltous",high,LICENSED-SEPARATE,rest,2,a separate verdict leaves both pages exactly as they are,K4:cobaltous,page_b,Cobaltous Sulfate,Cobaltous,,,,review
K1:HF539G9L3Q,K1:XMK14ETW2D,the evidence links the two pages but no rule in the spec's order decides them,separate,"R4y both are salts of NBIIXXVUZAFLBC; neither page is that parent moiety; §3.1 merges a salt into its parent, and that parent is not either of these two pages",high,LICENSED-SEPARATE,rest,2,a separate verdict leaves both pages exactly as they are,K1:XMK14ETW2D,page_b,"Magnesium PHOSPHATE, Dibasic Trihydrate",Magnesium Phosphate Anhydrous,,structure_conflict,,remainder
K1:HIW548RQ3W,K1:F6A27P4Q4R,"an FDA salt/solvate relationship links the pages, but the child page is not a salt form of the parent by structure or by name, so §3.1 does not license a merge",separate,R4z shared parent MCAHWIHFGHIESP has 0 carbon atoms; an inorganic anion is not a moiety a drug page merges onto,high,LICENSED-SEPARATE,rest,2,a separate verdict leaves both pages exactly as they are,K1:F6A27P4Q4R,page_b,Selenious Acid,SODIUM SELENITE,,structure_conflict; moiety_match; fragment_match,related_form_of,
K1:HS813P8QPX,,the named item no longer names two live corpus pages; an earlier identity pass already merged or dropped them,merge,R0 already-merged: corpus merge map records K1:R3O80H60KX -> K1:HS813P8QPX; the two names denote one live page (Bismuth Subcitrate),high,NOT-LICENSED,rest,2,"the row records a merge already in force from identity pass 2/3, not a decision to apply; the cited evidence is the corpus merge record, not one of the three licensed merge evidences",,none recorded,Bismuth Subcitrate,,,,,
K1:HS813P8QPX,,the named item no longer names two live corpus pages; an earlier identity pass already merged or dropped them,merge,R0 already-merged: corpus merge map records K1:R3O80H60KX -> K1:HS813P8QPX; the two names denote one live page (Bismuth Subcitrate),high,NOT-LICENSED,rest,2,"the row records a merge already in force from identity pass 2/3, not a decision to apply; the cited evidence is the corpus merge record, not one of the three licensed merge evidences",,none recorded,Bismuth Subcitrate,,,,,
K1:HT0935F2JR,K4:mercurous,"same normalised name; one page holds a structure and the other holds none, so no structural rule applies",separate,"R9b 'Mercurous Iodide' names an element, a cation or an oxidation state, not a moiety; §3.1a refuses a merge between it and Mercurous",high,LICENSED-SEPARATE,rest,2,a separate verdict leaves both pages exactly as they are,K4:mercurous,page_b,Mercurous Iodide,Mercurous,,,,review
K1:I35H55G906,K1:3B8D35Y7S4,"an FDA salt/solvate relationship links the pages, but the child page is not a salt form of the parent by structure or by name, so §3.1 does not license a merge",separate,"R6 the GSRS record on K1:I35H55G906 is a mixed salt whose active moiety is Dovitinib (I35H55G906); Lactic Acid, Dl is named only as its parent substance, which is the coformer or counter-ion, not the same substance",high,LICENSED-SEPARATE,rest,2,a separate verdict leaves both pages exactly as they are,K1:3B8D35Y7S4,page_b,"Lactic Acid, Dl",Dovitinib,,structure_conflict,related_form_of,
K1:I8LHQ0D645,K1:L3L3XYP7MP,the evidence links the two pages but no rule in the spec's order decides them,separate,"R9a two separately registered FDA substances: Dextran 1 ['I8LHQ0D645'] and Isomaltotriose ['K3R6ZDH4DU', 'L3L3XYP7MP'], preferred names DEXTRAN 1 and DEXTRAN 40; neither is a salt, solvate or stereo form of the other by name or by structure",high,LICENSED-SEPARATE,rest,2,a separate verdict leaves both pages exactly as they are,K1:L3L3XYP7MP,page_b,Dextran 1,Isomaltotriose,,,,remainder
K1:I8LHQ0D645,K1:V5LWP0C2L5,the evidence links the two pages but no rule in the spec's order decides them,separate,"R9a two separately registered FDA substances: Dextran 1 ['I8LHQ0D645'] and Dextran Sulfate Sodium (5000 MW) ['V5LWP0C2L5'], preferred names DEXTRAN 1 and DEXTRAN SULFATE SODIUM (5000 MW); neither is a salt, solvate or stereo form of the other by name or by structure",high,LICENSED-SEPARATE,rest,2,a separate verdict leaves both pages exactly as they are,K1:V5LWP0C2L5,page_b,Dextran 1,Dextran Sulfate Sodium (5000 MW),,,,remainder
K1:I909J9CFAT,K2:YMXBQIIPWIMAQE-UHFFFAOYSA-N,the evidence links the two pages but no rule in the spec's order decides them,separate,R9 no shared identifier and no structure pair to compare (Liprotamase Amylase vs Amylase); UNIIs ['I909J9CFAT'] vs none; InChIKeys none vs YMXBQIIPWIMAQE-UHFFFAOYSA-N,low,LICENSED-SEPARATE,rest,2,a separate verdict leaves both pages exactly as they are,K2:YMXBQIIPWIMAQE-UHFFFAOYSA-N,page_b,Liprotamase Amylase,Amylase,,,,remainder
K1:I909J9CFAT,K3:CHEMBL1201648,the evidence links the two pages but no rule in the spec's order decides them,separate,R9 no shared identifier and no structure pair to compare (Liprotamase Amylase vs AMYLASE (PANCRELIPASE)); UNIIs ['I909J9CFAT'] vs none,low,LICENSED-SEPARATE,rest,2,a separate verdict leaves both pages exactly as they are,K3:CHEMBL1201648,page_b,Liprotamase Amylase,AMYLASE (PANCRELIPASE),,,,remainder
K1:IGA15S9H40,K1:IO46B19O1Q,the evidence links the two pages but no rule in the spec's order decides them,separate,R8s the two held structures settle it: different skeletons QAOWNCQODCNURD vs AWYFNIZYMPNGAI; a name rule does not overrule a structure comparison,high,LICENSED-SEPARATE,rest,2,a separate verdict leaves both pages exactly as they are,K1:IO46B19O1Q,page_b,MANGANESE SULFATE ANHYDROUS,Ethylenebisdithiocarbamic Acid,,structure_conflict,,remainder
K1:IO46B19O1Q,K1:W00LYS4T26,the evidence links the two pages but no rule in the spec's order decides them,separate,R8s the two held structures settle it: different skeletons AWYFNIZYMPNGAI vs QAOWNCQODCNURD; a name rule does not overrule a structure comparison,high,LICENSED-SEPARATE,rest,2,a separate verdict leaves both pages exactly as they are,K1:W00LYS4T26,page_b,Ethylenebisdithiocarbamic Acid,Manganese Sulfate,,structure_conflict,,remainder
K1:IY191986AO,K4:mercuric,"same normalised name; one page holds a structure and the other holds none, so no structural rule applies",separate,"R9b 'Mercuric Oxide' names an element, a cation or an oxidation state, not a moiety; §3.1a refuses a merge between it and Mercuric",high,LICENSED-SEPARATE,rest,2,a separate verdict leaves both pages exactly as they are,K4:mercuric,page_b,Mercuric Oxide,Mercuric,,,,review
K1:IZ05287FTB,K1:ML30MJ2U7I,the evidence links the two pages but no rule in the spec's order decides them,separate,R8s the two held structures settle it: different skeletons ZRJXRFLDXJTCMA vs QAOWNCQODCNURD; a name rule does not overrule a structure comparison,high,LICENSED-SEPARATE,rest,2,a separate verdict leaves both pages exactly as they are,K1:ML30MJ2U7I,page_b,Magnesium Lauryl Hydroxypropyl Sulfonate,Magnesium Sulfate Anhydrous,,structure_conflict,,remainder
K1:J2VZ07J96K,,the named item no longer names two live corpus pages; an earlier identity pass already merged or dropped them,merge,R0 already-merged: corpus merge map records K1:19371312D4 -> K1:J2VZ07J96K; the two names denote one live page (Polymyxin b),high,NOT-LICENSED,band,2,"the row records a merge already in force from identity pass 2/3, not a decision to apply; the cited evidence is the corpus merge record, not one of the three licensed merge evidences",,none recorded,Polymyxin b,,,,,
K1:J2VZ07J96K,,the named item no longer names two live corpus pages; an earlier identity pass already merged or dropped them,merge,R0 already-merged: corpus merge map records K1:19371312D4 -> K1:J2VZ07J96K; the two names denote one live page (Polymyxin b),high,NOT-LICENSED,band,2,"the row records a merge already in force from identity pass 2/3, not a decision to apply; the cited evidence is the corpus merge record, not one of the three licensed merge evidences",,none recorded,Polymyxin b,,,,,
K1:J4L3PPG58I,K4:mercuric,"same normalised name; one page holds a structure and the other holds none, so no structural rule applies",separate,"R9b 'Mercuric Sulfate' names an element, a cation or an oxidation state, not a moiety; §3.1a refuses a merge between it and Mercuric",high,LICENSED-SEPARATE,rest,2,a separate verdict leaves both pages exactly as they are,K4:mercuric,page_b,Mercuric Sulfate,Mercuric,,,,review
K1:J7YV2RKO6Q,K1:JHU490RVYR,the evidence links the two pages but no rule in the spec's order decides them,separate,R8s the two held structures settle it: different skeletons MZHCENGPTKEIGP vs XBDQKXXYIPTUBI; a name rule does not overrule a structure comparison,high,LICENSED-SEPARATE,rest,2,a separate verdict leaves both pages exactly as they are,K1:JHU490RVYR,page_b,Dichlorprop,PROPIONIC ACID,,structure_conflict,,remainder
K1:J95YY85R52,K1:R10H71BSWG,the evidence links the two pages but no rule in the spec's order decides them,separate,R8s the two held structures settle it: different skeletons VJHYOZWFHJBKMZ vs PIEUQSKUWLMALL; a name rule does not overrule a structure comparison,high,LICENSED-SEPARATE,band,2,a separate verdict leaves both pages exactly as they are,K1:R10H71BSWG,page_b,O-DESULFO Micafungin,Micafungin,,structure_conflict,,remainder
K1:K4C08XP666,K4:tribasic,the evidence links the two pages but no rule in the spec's order decides them,separate,"R9b 'Tribasic' names an element, a cation or an oxidation state, not a moiety; §3.1a refuses a merge between it and Tricalcium Phosphate",high,LICENSED-SEPARATE,rest,2,a separate verdict leaves both pages exactly as they are,K4:tribasic,page_b,Tricalcium Phosphate,Tribasic,,,,remainder
K1:K72I3DEX9B,HOLD:existing:anhydrous-citric-acid,"an FDA salt/solvate relationship links the pages, but the child page is not a salt form of the parent by structure or by name, so §3.1 does not license a merge",separate,"R4x §1 the removed fragment is not a counter-ion: Zinc Citrate carries Zn that Anhydrous Citric Acid does not; shared organic fragment KRKNYBCHXYNGOX is the ligand, not the substance",high,LICENSED-SEPARATE,band,2,a separate verdict leaves both pages exactly as they are,HOLD:existing:anhydrous-citric-acid,page_b,Anhydrous Citric Acid,Zinc Citrate,metal complex,structure_conflict,related_form_of,
K1:K72I3DEX9B,K1:XF417D3PSL,"an FDA salt/solvate relationship links the pages, but the child page is not a salt form of the parent by structure or by name, so §3.1 does not license a merge",separate,"R4x §1 the removed fragment is not a counter-ion: Zinc Citrate carries Zn that Anhydrous Citric Acid does not; shared organic fragment KRKNYBCHXYNGOX is the ligand, not the substance",high,LICENSED-SEPARATE,band,2,a separate verdict leaves both pages exactly as they are,K1:XF417D3PSL,page_b,Zinc Citrate,Anhydrous Citric Acid,metal complex,structure_conflict; moiety_match; fragment_match,related_form_of,remainder
K1:K72T3FS567,K1:RP8X0ZB061,the evidence links the two pages but no rule in the spec's order decides them,separate,"R9a two separately registered FDA substances: ADENOSINE ['K72T3FS567'] and Lactobacillus Crispatus Strain CTV-05 ['RP8X0ZB061'], preferred names ADENOSINE and LACTOBACILLUS CRISPATUS STRAIN CTV-05; neither is a salt, solvate or stereo form of the other by name or by structure",high,LICENSED-SEPARATE,band,2,a separate verdict leaves both pages exactly as they are,K1:RP8X0ZB061,page_b,ADENOSINE,Lactobacillus Crispatus Strain CTV-05,,,,remainder
K1:K91YT16P5M,K1:WIQ1H85SYP,the evidence links the two pages but no rule in the spec's order decides them,separate,"R4y both are salts of YGSDEFSMJLZEOE; neither page is that parent moiety; §3.1 merges a salt into its parent, and that parent is not either of these two pages",high,LICENSED-SEPARATE,rest,2,a separate verdict leaves both pages exactly as they are,K1:WIQ1H85SYP,page_b,POTASSIUM SALICYLATE,Sodium Salicylate,,structure_conflict,,remainder
K1:KH7I04HPUU,K4:monobasic,the evidence links the two pages but no rule in the spec's order decides them,separate,"R9b 'Sodium Phosphate, Monobasic' names an element, a cation or an oxidation state, not a moiety; §3.1a refuses a merge between it and Monobasic",high,LICENSED-SEPARATE,rest,2,a separate verdict leaves both pages exactly as they are,K4:monobasic,page_b,"Sodium Phosphate, Monobasic",Monobasic,,,,remainder
K1:L0ND3981AG,K1:1HTE449DGZ,"an FDA salt/solvate relationship links the pages, but the child page is not a salt form of the parent by structure or by name, so §3.1 does not license a merge",separate,"R9a two separately registered FDA substances: GADOTERATE MEGLUMINE ['L0ND3981AG'] and Tetraxetan ['1HTE449DGZ'], preferred names Gadoterate meglumine and Tetraxetan; neither is a salt, solvate or stereo form of the other by name or by structure",high,LICENSED-SEPARATE,band,2,a separate verdict leaves both pages exactly as they are,K1:1HTE449DGZ,page_b,Tetraxetan,GADOTERATE MEGLUMINE,,structure_conflict,related_form_of,
K1:L0ND3981AG,K1:6HG8UB2MUY,"an FDA salt/solvate relationship links the pages, but the child page is not a salt form of the parent by structure or by name, so §3.1 does not license a merge",separate,"R9a two separately registered FDA substances: GADOTERATE MEGLUMINE ['L0ND3981AG'] and Meglumine ['6HG8UB2MUY'], preferred names Gadoterate meglumine and Meglumine; neither is a salt, solvate or stereo form of the other by name or by structure",high,LICENSED-SEPARATE,rest,2,a separate verdict leaves both pages exactly as they are,K1:6HG8UB2MUY,page_b,Meglumine,GADOTERATE MEGLUMINE,,structure_conflict,related_form_of,
K1:L11K75P92J,K4:dibasic,"same normalised name; one page holds a structure and the other holds none, so no structural rule applies",separate,"R9b 'Anhydrous Dibasic Calcium Phosphate' names an element, a cation or an oxidation state, not a moiety; §3.1a refuses a merge between it and Anhydrous Dibasic",high,LICENSED-SEPARATE,rest,2,a separate verdict leaves both pages exactly as they are,K4:dibasic,page_b,Anhydrous Dibasic Calcium Phosphate,Anhydrous Dibasic,,,,review
K1:LA9X9UJA2Z,K1:817L1N4CKP,"an FDA salt/solvate relationship links the pages, but the child page is not a salt form of the parent by structure or by name, so §3.1 does not license a merge",separate,"R4a Magnesium Malate is MALIC ACID (BJEPYKJPYRNKOW) plus counter-ions or solvate, but FDA records the active moiety of Magnesium Malate as MAGNESIUM CATION (T6V3LHY838), not MALIC ACID; the counter-ion is the substance being recorded and the organic acid is its carrier",high,LICENSED-SEPARATE,rest,2,a separate verdict leaves both pages exactly as they are,K1:817L1N4CKP,page_b,MALIC ACID,Magnesium Malate,,structure_conflict; moiety_match; fragment_match,related_form_of,
K1:LC1V549NOM,K1:LGN4W9EY7G,the evidence links the two pages but no rule in the spec's order decides them,separate,R8s the two held structures settle it: different skeletons CPELXLSAUQHCOX vs ZTEATMVVGQUULZ; a name rule does not overrule a structure comparison,high,LICENSED-SEPARATE,rest,2,a separate verdict leaves both pages exactly as they are,K1:LGN4W9EY7G,page_b,Sodium Bromide,6-BROMOISOQUINOLINE,,structure_conflict,,remainder
K1:LC1V549NOM,K1:OSD78555ZM,the evidence links the two pages but no rule in the spec's order decides them,separate,"R4y both are salts of CPELXLSAUQHCOX; neither page is that parent moiety; §3.1 merges a salt into its parent, and that parent is not either of these two pages",high,LICENSED-SEPARATE,rest,2,a separate verdict leaves both pages exactly as they are,K1:OSD78555ZM,page_b,Sodium Bromide,Potassium Bromide,,structure_conflict,,remainder
K1:LGX9OL562T,K1:5UTX5635HP,"an FDA salt/solvate relationship links the pages, but the child page is not a salt form of the parent by structure or by name, so §3.1 does not license a merge",separate,"R6a GSRS names Oxyquinoline as the parent substance of INDIUM IN 111 OXYQUINOLINE, but it records the active moiety as INDIUM CATION IN-111 (WJZ06C0H8L); the counter-ion is the substance being recorded",high,LICENSED-SEPARATE,rest,2,a separate verdict leaves both pages exactly as they are,K1:5UTX5635HP,page_b,Oxyquinoline,INDIUM IN 111 OXYQUINOLINE,,structure_conflict; moiety_match,related_form_of,
K1:M089EFU921,K2:CUKWUWBLQQDQAC-VEQWQPCFSA-N,the two pages carry the same UNII but different connectivity skeletons; §2 holds a K1/K2 disagreement for a person,merge,R1 identical UNII M089EFU921; one page holds no structure of its own; §2 keys biologics and name-only records on UNII alone,high,NOT-LICENSED,rest,2,"§2 holds a K1/K2 disagreement for a person and never resolves it by majority, so the second opinion alone does not license a change here",K2:CUKWUWBLQQDQAC-VEQWQPCFSA-N,page_b,Angiotensin II,ANGIOTENSIN-II,,same_unii; structure_conflict; moiety_match,,remainder
K1:M15H03K69B,,the named item no longer names two live corpus pages; an earlier identity pass already merged or dropped them,merge,R0 already-merged: corpus merge map records K1:Y3834SIK5F -> K1:M15H03K69B; the two names denote one live page (Porfimer),high,NOT-LICENSED,band,2,"the row records a merge already in force from identity pass 2/3, not a decision to apply; the cited evidence is the corpus merge record, not one of the three licensed merge evidences",,none recorded,Porfimer,,,,,
K1:M15H03K69B,,the named item no longer names two live corpus pages; an earlier identity pass already merged or dropped them,merge,R0 already-merged: corpus merge map records K1:Y3834SIK5F -> K1:M15H03K69B; the two names denote one live page (Porfimer),high,NOT-LICENSED,band,2,"the row records a merge already in force from identity pass 2/3, not a decision to apply; the cited evidence is the corpus merge record, not one of the three licensed merge evidences",,none recorded,Porfimer,,,,,
K1:M7Y086VB5G,K1:R4R8J0Q44B,the evidence links the two pages but no rule in the spec's order decides them,separate,R8s the two held structures settle it: different skeletons AEMOLEFTQBMNLQ vs RGHNJXZEOKUKBD; a name rule does not overrule a structure comparison,high,LICENSED-SEPARATE,band,2,a separate verdict leaves both pages exactly as they are,K1:R4R8J0Q44B,page_b,.ALPHA.-D-GLUCURONIC Acid,Gluconic Acid,,structure_conflict,,remainder
K1:MD64P82Y28,K1:AB6MNQ6J6L,"an FDA salt/solvate relationship links the pages, but the child page is not a salt form of the parent by structure or by name, so §3.1 does not license a merge",separate,"R4a LITHIUM SUCCINATE is Succinic Acid (KDYFGRWQOYBRFD) plus counter-ions or solvate, but FDA records the active moiety of LITHIUM SUCCINATE as LITHIUM CATION (8H8Z5UER66), not Succinic Acid; the counter-ion is the substance being recorded and the organic acid is its carrier",high,LICENSED-SEPARATE,rest,2,a separate verdict leaves both pages exactly as they are,K1:AB6MNQ6J6L,page_b,Succinic Acid,LITHIUM SUCCINATE,,structure_conflict,related_form_of,
K1:MG976Z29OM,K1:RCS9EQ01V4,the evidence links the two pages but no rule in the spec's order decides them,separate,"R9a two separately registered FDA substances: Glyceryl Phosphate ['MG976Z29OM'] and SODIUM GLYCEROPHOSPHATE ['RCS9EQ01V4'], preferred names GLYCERYL PHOSPHATE and Sodium glycerophosphate; neither is a salt, solvate or stereo form of the other by name or by structure",high,LICENSED-SEPARATE,rest,2,a separate verdict leaves both pages exactly as they are,K1:RCS9EQ01V4,page_b,Glyceryl Phosphate,SODIUM GLYCEROPHOSPHATE,,structure_conflict,,remainder
K1:MK831RYX9D,K1:W4888I119H,"an FDA salt/solvate relationship links the pages, but the child page is not a salt form of the parent by structure or by name, so §3.1 does not license a merge",separate,"R6 the GSRS record on K1:MK831RYX9D is a mixed salt whose active moiety is UT-231B Free Base (MK831RYX9D); TARTARIC ACID is named only as its parent substance, which is the coformer or counter-ion, not the same substance",high,LICENSED-SEPARATE,rest,2,a separate verdict leaves both pages exactly as they are,K1:W4888I119H,page_b,UT-231B Free Base,TARTARIC ACID,,structure_conflict,related_form_of,remainder
K1:MRJ667KA5E,K1:NPU9M2E6L8,the evidence links the two pages but no rule in the spec's order decides them,merge,"R7y identical name 'Methylcellulose (4000 MPA.S)' and no structure on either page; UNIIs ['MRJ667KA5E'] / ['NPU9M2E6L8'], substance classes ['polymer'] / ['polymer']",medium,NOT-LICENSED,rest,2,a merge at medium confidence,K1:NPU9M2E6L8,page_b,Methylcellulose (4000 MPA.S),Methylcellulose (15 MPA.S),,,,remainder
K1:MT6QI8324A,K1:3B8D35Y7S4,"an FDA salt/solvate relationship links the pages, but the child page is not a salt form of the parent by structure or by name, so §3.1 does not license a merge",separate,"R4a MAGNESIUM LACTATE is Lactic Acid, Dl (JVTAAEKCZFNVCJ) plus counter-ions or solvate, but FDA records the active moiety of MAGNESIUM LACTATE as MAGNESIUM CATION (T6V3LHY838), not Lactic Acid, Dl; the counter-ion is the substance being recorded and the organic acid is its carrier",high,LICENSED-SEPARATE,rest,2,a separate verdict leaves both pages exactly as they are,K1:3B8D35Y7S4,page_b,"Lactic Acid, Dl",MAGNESIUM LACTATE,,structure_conflict; moiety_match; fragment_match,related_form_of,
K1:N712M78A8G,K1:V1I29R0RJQ,the evidence links the two pages but no rule in the spec's order decides them,separate,R8s the two held structures settle it: different skeletons RQNWIZPPADIBDY vs RBFQJDQYXXHULB; a name rule does not overrule a structure comparison,high,LICENSED-SEPARATE,rest,2,a separate verdict leaves both pages exactly as they are,K1:V1I29R0RJQ,page_b,Arsenic,Arsenic Trihydride,,structure_conflict,,remainder
K1:N8NP6FR80R,K4:cupric,"same normalised name; one page holds a structure and the other holds none, so no structural rule applies",separate,"R9b 'Cupric Phosphate' names an element, a cation or an oxidation state, not a moiety; §3.1a refuses a merge between it and Cupric",high,LICENSED-SEPARATE,rest,2,a separate verdict leaves both pages exactly as they are,K4:cupric,page_b,Cupric Phosphate,Cupric,,,,review
K1:N9I9HDB855,K1:W4888I119H,"an FDA salt/solvate relationship links the pages, but the child page is not a salt form of the parent by structure or by name, so §3.1 does not license a merge",separate,R8s the two held structures settle it: different skeletons RBOXVHNMENFORY vs FEWJPZIEWOKRBE; a name rule does not overrule a structure comparison,high,LICENSED-SEPARATE,rest,2,a separate verdict leaves both pages exactly as they are,K1:W4888I119H,page_b,Dihydrocodeine,TARTARIC ACID,,structure_conflict,related_form_of,remainder
K1:O352864B8Z,K1:4E862E7GRQ,"an FDA salt/solvate relationship links the pages, but the child page is not a salt form of the parent by structure or by name, so §3.1 does not license a merge",separate,R4z shared parent XPPKVPWEQAFLFU has 0 carbon atoms; an inorganic anion is not a moiety a drug page merges onto,high,LICENSED-SEPARATE,rest,2,a separate verdict leaves both pages exactly as they are,K1:4E862E7GRQ,page_b,Pyrophosphoric Acid,SODIUM PYROPHOSPHATE,,structure_conflict; moiety_match; fragment_match,related_form_of,
K1:O4L1XPO44W,K1:91XW058U2C,"an FDA salt/solvate relationship links the pages, but the child page is not a salt form of the parent by structure or by name, so §3.1 does not license a merge",separate,R8s the two held structures settle it: different skeletons CJOFXWAVKWHTFT vs VZCYOOQTPOCHFL; a name rule does not overrule a structure comparison,high,LICENSED-SEPARATE,band,2,a separate verdict leaves both pages exactly as they are,K1:91XW058U2C,page_b,MALEIC ACID,Fluvoxamine,,structure_conflict,related_form_of,
K1:O84B5194RL,K1:SZH16H44UY,the evidence links the two pages but no rule in the spec's order decides them,separate,R9c Juniper Berry Oil and Juniper Berry are different registered preparations of one organism (oil); §2 K4 merges only on exact name-family equality and these two families are not equal,medium,LICENSED-SEPARATE,rest,2,a separate verdict leaves both pages exactly as they are,K1:SZH16H44UY,page_b,Juniper Berry,Juniper Berry Oil,,,,remainder
K1:OSD78555ZM,,"two pages collide on a display name and nothing recorded for them - substance class, primary target, stereo descriptor, UNII or structure - tells one from the other",separate,"R0b distinct substances sharing the normalised name 'potassium': Potassium Bromide (IOLCXVTUBQKXJR-UHFFFAOYSA-M) against POTASSIUM CITRATE, POTASSIUM CITRATE ANHYDROUS, POTASSIUM GLUCONATE, POTASSIUM SALICYLATE; disambiguate on the display name, do not merge",high,LICENSED-SEPARATE,rest,2,a separate verdict leaves both pages exactly as they are,,none recorded,Potassium Bromide,,,,,
K1:P484053J2Y,K1:8CBV67279L,"an FDA salt/solvate relationship links the pages, but the child page is not a salt form of the parent by structure or by name, so §3.1 does not license a merge",separate,R4z shared parent JPVYNHNXODAKFH has 0 carbon atoms; an inorganic anion is not a moiety a drug page merges onto,high,LICENSED-SEPARATE,rest,2,a separate verdict leaves both pages exactly as they are,K1:8CBV67279L,page_b,Cupric Cation,CUPRIC CHLORIDE ANHYDROUS,,structure_conflict; moiety_match; fragment_match,related_form_of,
K1:Q6C979R91Y,K1:W4888I119H,"an FDA salt/solvate relationship links the pages, but the child page is not a salt form of the parent by structure or by name, so §3.1 does not license a merge",separate,"R6 the GSRS record on K1:Q6C979R91Y is a mixed salt whose active moiety is Vinorelbine (Q6C979R91Y); TARTARIC ACID is named only as its parent substance, which is the coformer or counter-ion, not the same substance",high,LICENSED-SEPARATE,band,2,a separate verdict leaves both pages exactly as they are,K1:W4888I119H,page_b,Vinorelbine,TARTARIC ACID,,structure_conflict,related_form_of,remainder
K1:Q7Y33N57ZZ,K1:F9S9FFU82N,"an FDA salt/solvate relationship links the pages, but the child page is not a salt form of the parent by structure or by name, so §3.1 does not license a merge",separate,R8s the two held structures settle it: different skeletons IFRGXKKQHBVPCQ vs JVTAAEKCZFNVCJ; a name rule does not overrule a structure comparison,high,LICENSED-SEPARATE,rest,2,a separate verdict leaves both pages exactly as they are,K1:F9S9FFU82N,page_b,Lactic Acid,Onalespib,,structure_conflict,related_form_of,
K1:QB99VZZ7GZ,K1:ZBP1YXW0H8,the evidence links the two pages but no rule in the spec's order decides them,separate,"R9a two separately registered FDA substances: Citronellal ['QB99VZZ7GZ'] and Lavender Oil ['ZBP1YXW0H8'], preferred names CITRONELLAL and LAVENDER OIL; neither is a salt, solvate or stereo form of the other by name or by structure",high,LICENSED-SEPARATE,rest,2,a separate verdict leaves both pages exactly as they are,K1:ZBP1YXW0H8,page_b,Citronellal,Lavender Oil,,,,remainder
K1:QVF9Y6955W,K1:1HTE449DGZ,"an FDA salt/solvate relationship links the pages, but the child page is not a salt form of the parent by structure or by name, so §3.1 does not license a merge",separate,"R9a two separately registered FDA substances: Gadoteric acid ['QVF9Y6955W'] and Tetraxetan ['1HTE449DGZ'], preferred names Gadoteric Acid and Tetraxetan; neither is a salt, solvate or stereo form of the other by name or by structure",high,LICENSED-SEPARATE,band,2,a separate verdict leaves both pages exactly as they are,K1:1HTE449DGZ,page_b,Tetraxetan,Gadoteric acid,,structure_conflict,,
K1:R17X820ROL,K1:30KYC7MIAI,"an FDA salt/solvate relationship links the pages, but the child page is not a salt form of the parent by structure or by name, so §3.1 does not license a merge",separate,"R4a Magnesium Aspartate is Aspartic acid (CKLJMWTZIZZHCS) plus counter-ions or solvate, but FDA records the active moiety of Magnesium Aspartate as MAGNESIUM CATION (T6V3LHY838), not Aspartic acid; the counter-ion is the substance being recorded and the organic acid is its carrier",high,LICENSED-SEPARATE,rest,2,a separate verdict leaves both pages exactly as they are,K1:30KYC7MIAI,page_b,Aspartic acid,Magnesium Aspartate,,structure_conflict; moiety_match; fragment_match,related_form_of,
K1:R3G3HB38O4,K1:5UTX5635HP,"an FDA salt/solvate relationship links the pages, but the child page is not a salt form of the parent by structure or by name, so §3.1 does not license a merge",separate,"R9a two separately registered FDA substances: TRIS(8-HYDROXYQUINOLINATO)GALLIUM ['R3G3HB38O4'] and Oxyquinoline ['5UTX5635HP'], preferred names TRIS(8-HYDROXYQUINOLINATO)GALLIUM and Oxyquinoline; neither is a salt, solvate or stereo form of the other by name or by structure",high,LICENSED-SEPARATE,rest,2,a separate verdict leaves both pages exactly as they are,K1:5UTX5635HP,page_b,Oxyquinoline,TRIS(8-HYDROXYQUINOLINATO)GALLIUM,,structure_conflict,related_form_of,
K1:R5L488RY0Q,K1:88XHZ13131,"an FDA salt/solvate relationship links the pages, but the child page is not a salt form of the parent by structure or by name, so §3.1 does not license a merge",separate,"R4x §1 the removed fragment is not a counter-ion: Ferrous Fumarate carries Fe that Fumaric Acid does not; shared organic fragment VZCYOOQTPOCHFL is the ligand, not the substance",high,LICENSED-SEPARATE,rest,2,a separate verdict leaves both pages exactly as they are,K1:88XHZ13131,page_b,Fumaric Acid,Ferrous Fumarate,metal complex,structure_conflict,related_form_of,
K1:R74O7T8569,K1:05456MVL7T,"an FDA salt/solvate relationship links the pages, but the child page is not a salt form of the parent by structure or by name, so §3.1 does not license a merge",separate,R4z shared parent PZDJSXWIQXZUBJ has 0 carbon atoms; an inorganic anion is not a moiety a drug page merges onto,high,LICENSED-SEPARATE,rest,2,a separate verdict leaves both pages exactly as they are,K1:05456MVL7T,page_b,Radium Cation,Radium Bromide,,structure_conflict; moiety_match; fragment_match,related_form_of,
K1:RFJ7QXF345,K2:PWZFXELTLAQOKC-UHFFFAOYSA-A,the evidence links the two pages but no rule in the spec's order decides them,separate,"R4y both are salts of BVKZGUZCCUSVTD; neither page is that parent moiety; §3.1 merges a salt into its parent, and that parent is not either of these two pages",high,LICENSED-SEPARATE,rest,2,a separate verdict leaves both pages exactly as they are,K2:PWZFXELTLAQOKC-UHFFFAOYSA-A,page_b,Aluminum Magnesium Hydroxide Carbonate,Hydrotalcite,,structure_conflict,,remainder
K1:RHO26O1T9V,HOLD:existing:anhydrous-citric-acid,"an FDA salt/solvate relationship links the pages, but the child page is not a salt form of the parent by structure or by name, so §3.1 does not license a merge",separate,"R4a Magnesium Citrate is Anhydrous Citric Acid (KRKNYBCHXYNGOX) plus counter-ions or solvate, but FDA records the active moiety of Magnesium Citrate as MAGNESIUM CATION (T6V3LHY838), not Anhydrous Citric Acid; the counter-ion is the substance being recorded and the organic acid is its carrier",high,LICENSED-SEPARATE,band,2,a separate verdict leaves both pages exactly as they are,HOLD:existing:anhydrous-citric-acid,page_b,Anhydrous Citric Acid,Magnesium Citrate,,structure_conflict,related_form_of,
K1:RHO26O1T9V,K1:XF417D3PSL,"an FDA salt/solvate relationship links the pages, but the child page is not a salt form of the parent by structure or by name, so §3.1 does not license a merge",separate,"R4a Magnesium Citrate is Anhydrous Citric Acid (KRKNYBCHXYNGOX) plus counter-ions or solvate, but FDA records the active moiety of Magnesium Citrate as MAGNESIUM CATION (T6V3LHY838), not Anhydrous Citric Acid; the counter-ion is the substance being recorded and the organic acid is its carrier",high,LICENSED-SEPARATE,band,2,a separate verdict leaves both pages exactly as they are,K1:XF417D3PSL,page_b,Magnesium Citrate,Anhydrous Citric Acid,,structure_conflict; moiety_match; fragment_match,related_form_of,remainder
K1:ROV204583W,,the named item no longer names two live corpus pages; an earlier identity pass already merged or dropped them,merge,R0 already-merged: corpus merge map records K1:5XE21E41RT -> K1:ROV204583W; the two names denote one live page (Givosiran),high,NOT-LICENSED,band,2,"the row records a merge already in force from identity pass 2/3, not a decision to apply; the cited evidence is the corpus merge record, not one of the three licensed merge evidences",,none recorded,Givosiran,,,,,
K1:ROV204583W,,the named item no longer names two live corpus pages; an earlier identity pass already merged or dropped them,merge,R0 already-merged: corpus merge map records K1:5XE21E41RT -> K1:ROV204583W; the two names denote one live page (Givosiran),high,NOT-LICENSED,band,2,"the row records a merge already in force from identity pass 2/3, not a decision to apply; the cited evidence is the corpus merge record, not one of the three licensed merge evidences",,none recorded,Givosiran,,,,,
K1:RTJ1W9DF34,K4:cobaltous,"same normalised name; one page holds a structure and the other holds none, so no structural rule applies",separate,"R9b 'Cobaltous Iodide' names an element, a cation or an oxidation state, not a moiety; §3.1a refuses a merge between it and Cobaltous",high,LICENSED-SEPARATE,rest,2,a separate verdict leaves both pages exactly as they are,K4:cobaltous,page_b,Cobaltous Iodide,Cobaltous,,,,review
K1:RV823G6G67,K1:R4R8J0Q44B,"an FDA salt/solvate relationship links the pages, but the child page is not a salt form of the parent by structure or by name, so §3.1 does not license a merge",separate,"R4x §1 the removed fragment is not a counter-ion: Copper Gluconate carries Cu that Gluconic Acid does not; shared organic fragment RGHNJXZEOKUKBD is the ligand, not the substance",high,LICENSED-SEPARATE,rest,2,a separate verdict leaves both pages exactly as they are,K1:R4R8J0Q44B,page_b,Gluconic Acid,Copper Gluconate,metal complex,structure_conflict,related_form_of,
K1:RZT8C352O1,,the named item no longer names two live corpus pages; an earlier identity pass already merged or dropped them,merge,R0 already-merged: corpus merge map records K1:67P6XH37HD -> K1:RZT8C352O1; the two names denote one live page (Lumasiran),high,NOT-LICENSED,band,2,"the row records a merge already in force from identity pass 2/3, not a decision to apply; the cited evidence is the corpus merge record, not one of the three licensed merge evidences",,none recorded,Lumasiran,,,,,
K1:RZT8C352O1,,the named item no longer names two live corpus pages; an earlier identity pass already merged or dropped them,merge,R0 already-merged: corpus merge map records K1:67P6XH37HD -> K1:RZT8C352O1; the two names denote one live page (Lumasiran),high,NOT-LICENSED,band,2,"the row records a merge already in force from identity pass 2/3, not a decision to apply; the cited evidence is the corpus merge record, not one of the three licensed merge evidences",,none recorded,Lumasiran,,,,,
K1:S2QG84156O,K1:8CBV67279L,"an FDA salt/solvate relationship links the pages, but the child page is not a salt form of the parent by structure or by name, so §3.1 does not license a merge",separate,"R4w Cupric Cation appears only as a fragment of Cupric Chloride, not as its parent moiety",high,LICENSED-SEPARATE,rest,2,a separate verdict leaves both pages exactly as they are,K1:8CBV67279L,page_b,Cupric Cation,Cupric Chloride,,structure_conflict; moiety_match,related_form_of,
K1:S3RS2SA30L,,the named item no longer names two live corpus pages; an earlier identity pass already merged or dropped them,merge,R0 already-merged: corpus merge map records K1:NSY2BY6PSB -> K1:S3RS2SA30L; the two names denote one live page (Olezarsen),high,NOT-LICENSED,band,2,"the row records a merge already in force from identity pass 2/3, not a decision to apply; the cited evidence is the corpus merge record, not one of the three licensed merge evidences",,none recorded,Olezarsen,,,,,
K1:S3RS2SA30L,,the named item no longer names two live corpus pages; an earlier identity pass already merged or dropped them,merge,R0 already-merged: corpus merge map records K1:NSY2BY6PSB -> K1:S3RS2SA30L; the two names denote one live page (Olezarsen),high,NOT-LICENSED,band,2,"the row records a merge already in force from identity pass 2/3, not a decision to apply; the cited evidence is the corpus merge record, not one of the three licensed merge evidences",,none recorded,Olezarsen,,,,,
K1:S3Y25PHP1W,K1:GW89581OWR,"an FDA salt/solvate relationship links the pages, but the child page is not a salt form of the parent by structure or by name, so §3.1 does not license a merge",separate,"R5z FDA gives Ferrous Cation (GW89581OWR) as the active moiety of FERROUS CHLORIDE, but §3.1a refuses a merge onto it: Ferrous Cation reduces to CWYNVVGOOAEACU with 1 heavy atoms and 0 carbons",high,LICENSED-SEPARATE,rest,2,a separate verdict leaves both pages exactly as they are,K1:GW89581OWR,page_b,Ferrous Cation,FERROUS CHLORIDE,,structure_conflict; moiety_match; fragment_match,related_form_of,
K1:S4YM38H4U6,K1:SIR7XX2F1K,the evidence links the two pages but no rule in the spec's order decides them,separate,R8s the two held structures settle it: different skeletons FENJKTQEFUPECW vs PAYRUJLWNCNPSJ; a name rule does not overrule a structure comparison,high,LICENSED-SEPARATE,rest,2,a separate verdict leaves both pages exactly as they are,K1:SIR7XX2F1K,page_b,3-ANILINOPROPIONITRILE,ANILINE,,structure_conflict,,remainder
K1:S79O08V79F,,the named item no longer names two live corpus pages; an earlier identity pass already merged or dropped them,merge,R0 already-merged: corpus merge map records K1:12M44VTJ7B -> K1:S79O08V79F; the two names denote one live page (Dalteparin),high,NOT-LICENSED,band,2,"the row records a merge already in force from identity pass 2/3, not a decision to apply; the cited evidence is the corpus merge record, not one of the three licensed merge evidences",,none recorded,Dalteparin,,,,,
K1:S79O08V79F,,the named item no longer names two live corpus pages; an earlier identity pass already merged or dropped them,merge,R0 already-merged: corpus merge map records K1:12M44VTJ7B -> K1:S79O08V79F; the two names denote one live page (Dalteparin),high,NOT-LICENSED,band,2,"the row records a merge already in force from identity pass 2/3, not a decision to apply; the cited evidence is the corpus merge record, not one of the three licensed merge evidences",,none recorded,Dalteparin,,,,,
K1:SQE6VB453K,K1:R4R8J0Q44B,"an FDA salt/solvate relationship links the pages, but the child page is not a salt form of the parent by structure or by name, so §3.1 does not license a merge",separate,"R4a CALCIUM GLUCONATE is Gluconic Acid (RGHNJXZEOKUKBD) plus counter-ions or solvate, but FDA records the active moiety of CALCIUM GLUCONATE as CALCIUM CATION (2M83C4R6ZB), not Gluconic Acid; the counter-ion is the substance being recorded and the organic acid is its carrier",high,LICENSED-SEPARATE,rest,2,a separate verdict leaves both pages exactly as they are,K1:R4R8J0Q44B,page_b,Gluconic Acid,CALCIUM GLUCONATE,,structure_conflict; moiety_match; fragment_match,related_form_of,
K1:SW3H1USR4Q,K1:W4888I119H,"an FDA salt/solvate relationship links the pages, but the child page is not a salt form of the parent by structure or by name, so §3.1 does not license a merge",separate,R8s the two held structures settle it: different skeletons LHXOCOHMBFOVJS vs FEWJPZIEWOKRBE; a name rule does not overrule a structure comparison,high,LICENSED-SEPARATE,rest,2,a separate verdict leaves both pages exactly as they are,K1:W4888I119H,page_b,Ladostigil,TARTARIC ACID,,structure_conflict,related_form_of,remainder
K1:SZH16H44UY,K2:AJBZENLMTKDAEK-UHFFFAOYSA-N,the evidence links the two pages but no rule in the spec's order decides them,separate,R9 no shared identifier and no structure pair to compare (Juniper Berry Oil vs Calendula); UNIIs ['SZH16H44UY'] vs none; InChIKeys none vs AJBZENLMTKDAEK-UHFFFAOYSA-N,low,LICENSED-SEPARATE,rest,2,a separate verdict leaves both pages exactly as they are,K2:AJBZENLMTKDAEK-UHFFFAOYSA-N,page_b,Juniper Berry Oil,Calendula,,,,remainder
K1:T42NAD2KHC,K1:R4R8J0Q44B,"an FDA salt/solvate relationship links the pages, but the child page is not a salt form of the parent by structure or by name, so §3.1 does not license a merge",separate,"R4a Magnesium Gluconate is Gluconic Acid (RGHNJXZEOKUKBD) plus counter-ions or solvate, but FDA records the active moiety of Magnesium Gluconate as MAGNESIUM CATION (T6V3LHY838), not Gluconic Acid; the counter-ion is the substance being recorded and the organic acid is its carrier",high,LICENSED-SEPARATE,rest,2,a separate verdict leaves both pages exactly as they are,K1:R4R8J0Q44B,page_b,Gluconic Acid,Magnesium Gluconate,,structure_conflict; moiety_match; fragment_match,related_form_of,
K1:T6HE85WN0Q,,the named item no longer names two live corpus pages; an earlier identity pass already merged or dropped them,merge,R0 already-merged: corpus merge map records K1:F3F6208UMT -> K1:T6HE85WN0Q; the two names denote one live page (Pegulicianine),high,NOT-LICENSED,rest,2,"the row records a merge already in force from identity pass 2/3, not a decision to apply; the cited evidence is the corpus merge record, not one of the three licensed merge evidences",,none recorded,Pegulicianine,,,,,
K1:T6HE85WN0Q,,the named item no longer names two live corpus pages; an earlier identity pass already merged or dropped them,merge,R0 already-merged: corpus merge map records K1:F3F6208UMT -> K1:T6HE85WN0Q; the two names denote one live page (Pegulicianine),high,NOT-LICENSED,rest,2,"the row records a merge already in force from identity pass 2/3, not a decision to apply; the cited evidence is the corpus merge record, not one of the three licensed merge evidences",,none recorded,Pegulicianine,,,,,
K1:TO0PAT081I,K1:B035PIS86W,"an FDA salt/solvate relationship links the pages, but the child page is not a salt form of the parent by structure or by name, so §3.1 does not license a merge",separate,"R6 the GSRS record on K1:TO0PAT081I is a mixed salt whose active moiety is Dobesilic Acid (TO0PAT081I); DIETHYLAMINE is named only as its parent substance, which is the coformer or counter-ion, not the same substance",high,LICENSED-SEPARATE,rest,2,a separate verdict leaves both pages exactly as they are,K1:B035PIS86W,page_b,DIETHYLAMINE,Dobesilic Acid,,structure_conflict,related_form_of,
K1:TT0V5JLG5B,,the named item no longer names two live corpus pages; an earlier identity pass already merged or dropped them,merge,R0 already-merged: corpus merge map records K1:K86ENL12I5 -> K1:TT0V5JLG5B; the two names denote one live page (AVACINCAPTAD PEGOL),high,NOT-LICENSED,rest,2,"the row records a merge already in force from identity pass 2/3, not a decision to apply; the cited evidence is the corpus merge record, not one of the three licensed merge evidences",,none recorded,AVACINCAPTAD PEGOL,,,,,
K1:TT0V5JLG5B,,the named item no longer names two live corpus pages; an earlier identity pass already merged or dropped them,merge,R0 already-merged: corpus merge map records K1:K86ENL12I5 -> K1:TT0V5JLG5B; the two names denote one live page (AVACINCAPTAD PEGOL),high,NOT-LICENSED,rest,2,"the row records a merge already in force from identity pass 2/3, not a decision to apply; the cited evidence is the corpus merge record, not one of the three licensed merge evidences",,none recorded,AVACINCAPTAD PEGOL,,,,,
K1:TU1X77K34Q,K1:3KX376GY7L,"an FDA salt/solvate relationship links the pages, but the child page is not a salt form of the parent by structure or by name, so §3.1 does not license a merge",separate,"R4w Glutamic acid appears only as a fragment of ARGININE GLUTAMATE, not as its parent moiety",high,LICENSED-SEPARATE,rest,2,a separate verdict leaves both pages exactly as they are,K1:3KX376GY7L,page_b,Glutamic acid,ARGININE GLUTAMATE,,structure_conflict,related_form_of,
K1:TU7HW0W0QT,K1:3B8D35Y7S4,"an FDA salt/solvate relationship links the pages, but the child page is not a salt form of the parent by structure or by name, so §3.1 does not license a merge",separate,"R4a Compound solution of sodium lactate is Lactic Acid, Dl (JVTAAEKCZFNVCJ) plus counter-ions or solvate, but FDA records the active moiety of Compound solution of sodium lactate as Sodium cation (LYR4M0NH37), not Lactic Acid, Dl; the counter-ion is the substance being recorded and the organic acid is its carrier",high,LICENSED-SEPARATE,rest,2,a separate verdict leaves both pages exactly as they are,K1:3B8D35Y7S4,page_b,"Lactic Acid, Dl",Compound solution of sodium lactate,,structure_conflict; moiety_match; fragment_match,related_form_of,
K1:U1B11I423Z,K1:R4R8J0Q44B,"an FDA salt/solvate relationship links the pages, but the child page is not a salt form of the parent by structure or by name, so §3.1 does not license a merge",separate,"R4x §1 the removed fragment is not a counter-ion: Ferrous Gluconate carries Fe that Gluconic Acid does not; shared organic fragment RGHNJXZEOKUKBD is the ligand, not the substance",high,LICENSED-SEPARATE,rest,2,a separate verdict leaves both pages exactly as they are,K1:R4R8J0Q44B,page_b,Gluconic Acid,Ferrous Gluconate,metal complex,structure_conflict,related_form_of,
K1:U38V3ZVV3V,K1:91O4LML611,"an FDA salt/solvate relationship links the pages, but the child page is not a salt form of the parent by structure or by name, so §3.1 does not license a merge",separate,R4z shared parent VTLYFUHAOXGGBS has 0 carbon atoms; an inorganic anion is not a moiety a drug page merges onto,high,LICENSED-SEPARATE,rest,2,a separate verdict leaves both pages exactly as they are,K1:91O4LML611,page_b,Ferric Cation,Ferric Chloride,,structure_conflict; moiety_match; fragment_match,related_form_of,
K1:V1XJQ704R4,K1:8CBV67279L,"an FDA salt/solvate relationship links the pages, but the child page is not a salt form of the parent by structure or by name, so §3.1 does not license a merge",separate,R4z shared parent JPVYNHNXODAKFH has 0 carbon atoms; an inorganic anion is not a moiety a drug page merges onto,high,LICENSED-SEPARATE,rest,2,a separate verdict leaves both pages exactly as they are,K1:8CBV67279L,page_b,Cupric Cation,Cupric Oxide,,structure_conflict; moiety_match; fragment_match,related_form_of,
K1:V7OK6J19HQ,,the named item no longer names two live corpus pages; an earlier identity pass already merged or dropped them,merge,R0 already-merged: corpus merge map records K1:RH248G8V27 -> K1:V7OK6J19HQ; the two names denote one live page (Gadopentetate),high,NOT-LICENSED,rest,2,"the row records a merge already in force from identity pass 2/3, not a decision to apply; the cited evidence is the corpus merge record, not one of the three licensed merge evidences",,none recorded,Gadopentetate,,,,,
K1:V867Q8X3ZD,K1:XF417D3PSL,"an FDA salt/solvate relationship links the pages, but the child page is not a salt form of the parent by structure or by name, so §3.1 does not license a merge",separate,"R6 the GSRS record on K1:V867Q8X3ZD is a mixed salt whose active moiety is Diethylcarbamazine (V867Q8X3ZD); Anhydrous Citric Acid is named only as its parent substance, which is the coformer or counter-ion, not the same substance",high,LICENSED-SEPARATE,band,2,a separate verdict leaves both pages exactly as they are,K1:XF417D3PSL,page_b,Diethylcarbamazine,Anhydrous Citric Acid,,structure_conflict,related_form_of,remainder
K1:V99T50803M,K1:J3TZF807X5,"an FDA salt/solvate relationship links the pages, but the child page is not a salt form of the parent by structure or by name, so §3.1 does not license a merge",separate,"R6 the GSRS record on K1:V99T50803M is a mixed salt whose active moiety is Sunitinib (V99T50803M); Malic Acid is named only as its parent substance, which is the coformer or counter-ion, not the same substance",high,LICENSED-SEPARATE,rest,2,a separate verdict leaves both pages exactly as they are,K1:J3TZF807X5,page_b,Malic Acid,Sunitinib,,structure_conflict,related_form_of,
K1:W108RK810P,K1:R4R8J0Q44B,"an FDA salt/solvate relationship links the pages, but the child page is not a salt form of the parent by structure or by name, so §3.1 does not license a merge",merge,R5 FDA active moiety: GSRS gives Gluconic Acid (R4R8J0Q44B) as the active moiety of FERRIC GLUCONATE TRIHYDRATE,medium,NOT-LICENSED,rest,2,a merge at medium confidence,K1:R4R8J0Q44B,page_b,Gluconic Acid,FERRIC GLUCONATE TRIHYDRATE,,structure_conflict; moiety_match,related_form_of,
K1:W53L6FE61V,K1:91XW058U2C,"an FDA salt/solvate relationship links the pages, but the child page is not a salt form of the parent by structure or by name, so §3.1 does not license a merge",separate,"R6 the GSRS record on K1:W53L6FE61V is a mixed salt whose active moiety is Methylergometrine (W53L6FE61V); MALEIC ACID is named only as its parent substance, which is the coformer or counter-ion, not the same substance",high,LICENSED-SEPARATE,band,2,a separate verdict leaves both pages exactly as they are,K1:91XW058U2C,page_b,MALEIC ACID,Methylergometrine,,structure_conflict,related_form_of,
K1:W6HS99O8ZO,K1:W4888I119H,"an FDA salt/solvate relationship links the pages, but the child page is not a salt form of the parent by structure or by name, so §3.1 does not license a merge",separate,"R6 the GSRS record on K1:W6HS99O8ZO is a mixed salt whose active moiety is Varenicline (W6HS99O8ZO); TARTARIC ACID is named only as its parent substance, which is the coformer or counter-ion, not the same substance",high,LICENSED-SEPARATE,band,2,a separate verdict leaves both pages exactly as they are,K1:W4888I119H,page_b,TARTARIC ACID,Varenicline,,structure_conflict,related_form_of,
K1:WHE7A56U7K,K1:W4888I119H,"an FDA salt/solvate relationship links the pages, but the child page is not a salt form of the parent by structure or by name, so §3.1 does not license a merge",separate,"R6 the GSRS record on K1:WHE7A56U7K is a mixed salt whose active moiety is Tolterodine (WHE7A56U7K); TARTARIC ACID is named only as its parent substance, which is the coformer or counter-ion, not the same substance",high,LICENSED-SEPARATE,band,2,a separate verdict leaves both pages exactly as they are,K1:W4888I119H,page_b,TARTARIC ACID,Tolterodine,,structure_conflict,related_form_of,
K1:WZB719DDER,K4:chromic,"same normalised name; one page holds a structure and the other holds none, so no structural rule applies",separate,"R9b 'Chromic Bromide' names an element, a cation or an oxidation state, not a moiety; §3.1a refuses a merge between it and Chromic",high,LICENSED-SEPARATE,rest,2,a separate verdict leaves both pages exactly as they are,K4:chromic,page_b,Chromic Bromide,Chromic,,,,review
K1:X49220T18G,K1:88XHZ13131,"an FDA salt/solvate relationship links the pages, but the child page is not a salt form of the parent by structure or by name, so §3.1 does not license a merge",separate,"R6 the GSRS record on K1:X49220T18G is a mixed salt whose active moiety is Ketotifen (X49220T18G); Fumaric Acid is named only as its parent substance, which is the coformer or counter-ion, not the same substance",high,LICENSED-SEPARATE,rest,2,a separate verdict leaves both pages exactly as they are,K1:88XHZ13131,page_b,Fumaric Acid,Ketotifen,,structure_conflict,related_form_of,
K1:XG9ARL6P25,,the named item no longer names two live corpus pages; an earlier identity pass already merged or dropped them,merge,R0 already-merged: corpus merge map records K1:U93HYZ4QU8 -> K1:XG9ARL6P25; the two names denote one live page (Plozasiran),high,NOT-LICENSED,rest,2,"the row records a merge already in force from identity pass 2/3, not a decision to apply; the cited evidence is the corpus merge record, not one of the three licensed merge evidences",,none recorded,Plozasiran,,,,,
K1:XG9ARL6P25,,the named item no longer names two live corpus pages; an earlier identity pass already merged or dropped them,merge,R0 already-merged: corpus merge map records K1:U93HYZ4QU8 -> K1:XG9ARL6P25; the two names denote one live page (Plozasiran),high,NOT-LICENSED,rest,2,"the row records a merge already in force from identity pass 2/3, not a decision to apply; the cited evidence is the corpus merge record, not one of the three licensed merge evidences",,none recorded,Plozasiran,,,,,
K1:XM33Q67UVH,K1:5WBR90FN3H,"an FDA salt/solvate relationship links the pages, but the child page is not a salt form of the parent by structure or by name, so §3.1 does not license a merge",separate,"R6a GSRS names Fosveset as the parent substance of GADOFOSVESET TRISODIUM, but it records the active moiety as Gadolinium cation (3+) (AZV954TZ9N); the counter-ion is the substance being recorded",high,LICENSED-SEPARATE,rest,2,a separate verdict leaves both pages exactly as they are,K1:5WBR90FN3H,page_b,Fosveset,GADOFOSVESET TRISODIUM,,structure_conflict; moiety_match,related_form_of,
K1:XWV9Z12C1C,K1:MG976Z29OM,"an FDA salt/solvate relationship links the pages, but the child page is not a salt form of the parent by structure or by name, so §3.1 does not license a merge",separate,"R6a GSRS names Glyceryl Phosphate as the parent substance of CALCIUM GLYCEROPHOSPHATE, but it records the active moiety as CALCIUM CATION (2M83C4R6ZB); the counter-ion is the substance being recorded",high,LICENSED-SEPARATE,rest,2,a separate verdict leaves both pages exactly as they are,K1:MG976Z29OM,page_b,Glyceryl Phosphate,CALCIUM GLYCEROPHOSPHATE,,structure_conflict; moiety_match,related_form_of,
K1:XWV9Z12C1C,K1:WWH06G87W6,"an FDA salt/solvate relationship links the pages, but the child page is not a salt form of the parent by structure or by name, so §3.1 does not license a merge",separate,"R6a GSRS names Glyceryl 2-PHOSPHATE as the parent substance of CALCIUM GLYCEROPHOSPHATE, but it records the active moiety as CALCIUM CATION (2M83C4R6ZB); the counter-ion is the substance being recorded",high,LICENSED-SEPARATE,rest,2,a separate verdict leaves both pages exactly as they are,K1:WWH06G87W6,page_b,Glyceryl 2-PHOSPHATE,CALCIUM GLYCEROPHOSPHATE,,structure_conflict,related_form_of,
K1:XZA9HY6Z98,K1:91XW058U2C,"an FDA salt/solvate relationship links the pages, but the child page is not a salt form of the parent by structure or by name, so §3.1 does not license a merge",separate,"R6 the GSRS record on K1:XZA9HY6Z98 is a mixed salt whose active moiety is Methysergide (XZA9HY6Z98); MALEIC ACID is named only as its parent substance, which is the coformer or counter-ion, not the same substance",high,LICENSED-SEPARATE,rest,2,a separate verdict leaves both pages exactly as they are,K1:91XW058U2C,page_b,MALEIC ACID,Methysergide,,structure_conflict,related_form_of,
K1:Y6O7T4G8P9,K1:ETJ7Z6XBU4,"an FDA salt/solvate relationship links the pages, but the child page is not a salt form of the parent by structure or by name, so §3.1 does not license a merge",separate,"R9a two separately registered FDA substances: Hydrated Silica ['Y6O7T4G8P9'] and SILICON DIOXIDE ['ETJ7Z6XBU4'], preferred names HYDRATED SILICA and Silicon dioxide; neither is a salt, solvate or stereo form of the other by name or by structure",high,LICENSED-SEPARATE,rest,2,a separate verdict leaves both pages exactly as they are,K1:ETJ7Z6XBU4,page_b,SILICON DIOXIDE,Hydrated Silica,,structure_conflict,related_form_of,
K1:YG391PK0CC,,the named item no longer names two live corpus pages; an earlier identity pass already merged or dropped them,merge,R0 already-merged: corpus merge map records K1:10R1YC115A -> K1:YG391PK0CC; the two names denote one live page (Zilucoplan),high,NOT-LICENSED,band,2,"the row records a merge already in force from identity pass 2/3, not a decision to apply; the cited evidence is the corpus merge record, not one of the three licensed merge evidences",,none recorded,Zilucoplan,,,,,
K1:YG391PK0CC,,the named item no longer names two live corpus pages; an earlier identity pass already merged or dropped them,merge,R0 already-merged: corpus merge map records K1:10R1YC115A -> K1:YG391PK0CC; the two names denote one live page (Zilucoplan),high,NOT-LICENSED,band,2,"the row records a merge already in force from identity pass 2/3, not a decision to apply; the cited evidence is the corpus merge record, not one of the three licensed merge evidences",,none recorded,Zilucoplan,,,,,
K1:YHP6YLT61T,K1:91XW058U2C,"an FDA salt/solvate relationship links the pages, but the child page is not a salt form of the parent by structure or by name, so §3.1 does not license a merge",separate,"R6 the GSRS record on K1:YHP6YLT61T is a mixed salt whose active moiety is Prochlorperazine (YHP6YLT61T); MALEIC ACID is named only as its parent substance, which is the coformer or counter-ion, not the same substance",high,LICENSED-SEPARATE,band,2,a separate verdict leaves both pages exactly as they are,K1:91XW058U2C,page_b,MALEIC ACID,Prochlorperazine,,structure_conflict,related_form_of,
K1:Z56D82TX8V,K1:30KYC7MIAI,"an FDA salt/solvate relationship links the pages, but the child page is not a salt form of the parent by structure or by name, so §3.1 does not license a merge",separate,"R6a GSRS names Aspartic acid as the parent substance of FERROUS ASPARTATE, but it records the active moiety as FERROUS CATION (GW89581OWR); the counter-ion is the substance being recorded",high,LICENSED-SEPARATE,rest,2,a separate verdict leaves both pages exactly as they are,K1:30KYC7MIAI,page_b,Aspartic acid,FERROUS ASPARTATE,,structure_conflict; moiety_match,related_form_of,
K1:Z8E46IA45W,K3:CHEMBL2109130,the evidence links the two pages but no rule in the spec's order decides them,separate,R9 no shared identifier and no structure pair to compare (Technetium TC-99M Albumin Aggregated vs Macrosalb (131i)); UNIIs ['Z8E46IA45W'] vs none,low,LICENSED-SEPARATE,rest,2,a separate verdict leaves both pages exactly as they are,K3:CHEMBL2109130,page_b,Technetium TC-99M Albumin Aggregated,Macrosalb (131i),isotopologue,,,remainder
K1:ZD4D8M32TL,,the named item no longer names two live corpus pages; an earlier identity pass already merged or dropped them,merge,R0 already-merged: corpus merge map records K1:Y30VEG5PH1 -> K1:ZD4D8M32TL; the two names denote one live page (DONIDALORSEN),high,NOT-LICENSED,rest,2,"the row records a merge already in force from identity pass 2/3, not a decision to apply; the cited evidence is the corpus merge record, not one of the three licensed merge evidences",,none recorded,DONIDALORSEN,,,,,
K1:ZD4D8M32TL,,the named item no longer names two live corpus pages; an earlier identity pass already merged or dropped them,merge,R0 already-merged: corpus merge map records K1:Y30VEG5PH1 -> K1:ZD4D8M32TL; the two names denote one live page (DONIDALORSEN),high,NOT-LICENSED,rest,2,"the row records a merge already in force from identity pass 2/3, not a decision to apply; the cited evidence is the corpus merge record, not one of the three licensed merge evidences",,none recorded,DONIDALORSEN,,,,,
K1:ZRW631PTZD,K1:W4888I119H,"an FDA salt/solvate relationship links the pages, but the child page is not a salt form of the parent by structure or by name, so §3.1 does not license a merge",separate,"R9b 'FERROUS TARTRATE' names an element, a cation or an oxidation state, not a moiety; §3.1a refuses a merge between it and TARTARIC ACID",high,LICENSED-SEPARATE,rest,2,a separate verdict leaves both pages exactly as they are,K1:W4888I119H,page_b,TARTARIC ACID,FERROUS TARTRATE,,structure_conflict,related_form_of,
K1:ZS7284E0ZP,K1:XF417D3PSL,"an FDA salt/solvate relationship links the pages, but the child page is not a salt form of the parent by structure or by name, so §3.1 does not license a merge",separate,"R6 the GSRS record on K1:ZS7284E0ZP is a mixed salt whose active moiety is Daunorubicin (ZS7284E0ZP); Anhydrous Citric Acid is named only as its parent substance, which is the coformer or counter-ion, not the same substance",high,LICENSED-SEPARATE,band,2,a separate verdict leaves both pages exactly as they are,K1:XF417D3PSL,page_b,Anhydrous Citric Acid,Daunorubicin,,structure_conflict,related_form_of,
K2:MTMGAHSPYQRCFL-RNLOPGSRSA-N,K3:CHEMBL1201664,"same normalised name; one page holds a structure and the other holds none, so no structural rule applies",merge,"R7y identical name 'Insulin Aspart Protamine Recombinant' and only one page holds a structure, so nothing contradicts the shared name; UNIIs none / none, substance classes [] / []",low,NOT-LICENSED,rest,2,a merge at low confidence,K3:CHEMBL1201664,page_b,Insulin Aspart Protamine Recombinant,INSULIN ASPART PROTAMINE RECOMBINANT,,,,review
K3:CHEMBL5314650,K4:technetium tc 99m labeled carbon,same normalised name and no structure on either page; the identity rules give no evidence that decides them,merge,"R7y identical name 'TECHNETIUM TC-99M LABELED CARBON' and no structure on either page; UNIIs none / none, substance classes [] / []",low,NOT-LICENSED,rest,2,a merge at low confidence,K4:technetium tc 99m labeled carbon,page_b,TECHNETIUM TC-99M LABELED CARBON,Technetium Tc-99m Labeled Carbon,isotopologue,,,review
"COMBO:{K1:1EQV5MLY3D,K1:8ID597Z82X}","COMBO:{K1:8ID597Z82X,K1:E524N2IXA3}","two combination records share an identifier but not their component sets; §3.7 keys a combination by its components, so they are different products unless a component merge makes the sets equal",separate,"RC different products under §3.7: COMBO:{K1:1EQV5MLY3D,K1:8ID597Z82X} adds Taurine, COMBO:{K1:8ID597Z82X,K1:E524N2IXA3} adds Ornithine",high,LICENSED-SEPARATE,rest,3,a separate verdict leaves both pages exactly as they are,"COMBO:{K1:8ID597Z82X,K1:E524N2IXA3}",page_b,Taurine Alpha-Ketoglutarate,ORNITHINE OXOGLURATE,combination,same_full_inchikey,,remainder
"COMBO:{K1:1EQV5MLY3D,K1:8ID597Z82X}","COMBO:{K1:8ID597Z82X,K1:MU72812GK0}","two combination records share an identifier but not their component sets; §3.7 keys a combination by its components, so they are different products unless a component merge makes the sets equal",separate,"RC different products under §3.7: COMBO:{K1:1EQV5MLY3D,K1:8ID597Z82X} adds Taurine, COMBO:{K1:8ID597Z82X,K1:MU72812GK0} adds Creatine",high,LICENSED-SEPARATE,rest,3,a separate verdict leaves both pages exactly as they are,"COMBO:{K1:8ID597Z82X,K1:MU72812GK0}",page_b,Taurine Alpha-Ketoglutarate,Creatine Alpha-Ketoglutarate,combination,same_full_inchikey,,remainder
"COMBO:{K1:8ID597Z82X,K1:E524N2IXA3}","COMBO:{K1:8ID597Z82X,K1:MU72812GK0}","two combination records share an identifier but not their component sets; §3.7 keys a combination by its components, so they are different products unless a component merge makes the sets equal",separate,"RC different products under §3.7: COMBO:{K1:8ID597Z82X,K1:E524N2IXA3} adds Ornithine, COMBO:{K1:8ID597Z82X,K1:MU72812GK0} adds Creatine",high,LICENSED-SEPARATE,rest,3,a separate verdict leaves both pages exactly as they are,"COMBO:{K1:8ID597Z82X,K1:MU72812GK0}",page_b,ORNITHINE OXOGLURATE,Creatine Alpha-Ketoglutarate,combination,same_full_inchikey,,remainder
HOLD:existing:pregnenolone,K1:73R90F7MQ8,the two pages carry the same UNII but different connectivity skeletons; §2 holds a K1/K2 disagreement for a person,form_of,"R1x §3.2 exception to the shared UNII 73R90F7MQ8: the structure on HOLD:existing:pregnenolone is GSRS PREGNENOLONE SUCCINATE (6LN4W6JJK6), one covalent molecule that adds succinate to PREGNENOLONE. An ester or acyl derivative is a distinct substance, so the pages split and link",high,NOT-LICENSED,rest,3,"§2 holds a K1/K2 disagreement for a person and never resolves it by majority, so the second opinion alone does not license a change here",K1:73R90F7MQ8,page_b,Pregnenolone,PREGNENOLONE,ester,same_unii; structure_conflict; moiety_match,,remainder
K1:015582E098,,the named item no longer names two live corpus pages; an earlier identity pass already merged or dropped them,merge,R0 already-merged: corpus merge map records K1:F3H59ON671 -> K1:015582E098; the two names denote one live page (Atesidorsen),high,NOT-LICENSED,rest,3,"the row records a merge already in force from identity pass 2/3, not a decision to apply; the cited evidence is the corpus merge record, not one of the three licensed merge evidences",,none recorded,Atesidorsen,,,,,
K1:02I89C6K47,K4:cynanchum otophyllum,the evidence links the two pages but no rule in the spec's order decides them,separate,R9c Cynanchum Otophyllum Whole and Cynanchum Otophyllum are different registered preparations of one organism (whole); §2 K4 merges only on exact name-family equality and these two families are not equal,medium,LICENSED-SEPARATE,rest,3,a separate verdict leaves both pages exactly as they are,K4:cynanchum otophyllum,page_b,Cynanchum Otophyllum Whole,Cynanchum Otophyllum,,,,remainder
K1:05780F90V3,K1:327C7L2BXQ,the evidence links the two pages but no rule in the spec's order decides them,separate,R8s the two held structures settle it: different skeletons RQEUFEKYXDPUSK vs BHHGXPLMPWCGHP; a name rule does not overrule a structure comparison,high,LICENSED-SEPARATE,rest,3,a separate verdict leaves both pages exactly as they are,K1:327C7L2BXQ,page_b,"1-PHENETHYLAMINE, (-)-",Phenethylamine,,structure_conflict,,remainder
K1:0867I0N41V,K1:185QAE24TR,the evidence links the two pages but no rule in the spec's order decides them,separate,R8s the two held structures settle it: different skeletons GJJVAFUKOBZPCB vs OTXNTMVVOOBZCV; a name rule does not overrule a structure comparison,high,LICENSED-SEPARATE,rest,3,a separate verdict leaves both pages exactly as they are,K1:185QAE24TR,page_b,TOCOTRIENOL,GAMMA-TOCOTRIENOL,,structure_conflict,,remainder
K1:0CF4C9C787,,the named item no longer names two live corpus pages; an earlier identity pass already merged or dropped them,merge,R0 already-merged: corpus merge map records K1:D8IRN5V2N6 -> K1:0CF4C9C787; the two names denote one live page (FESOMERSEN),high,NOT-LICENSED,rest,3,"the row records a merge already in force from identity pass 2/3, not a decision to apply; the cited evidence is the corpus merge record, not one of the three licensed merge evidences",,none recorded,FESOMERSEN,,,,,
K1:0JD5QG20W5,K1:5CSZ8459RP,the evidence links the two pages but no rule in the spec's order decides them,separate,R8s the two held structures settle it: different skeletons WBAXSXXYPPILCT vs UHDGCWIWMRVCDJ; a name rule does not overrule a structure comparison,high,LICENSED-SEPARATE,rest,3,a separate verdict leaves both pages exactly as they are,K1:5CSZ8459RP,page_b,5'-DEOXY-5-FLUORO-N4-(2-METHYL-1-BUTYLOXYCARBONYL)CYTIDINE,CYTIDINE,,structure_conflict,,remainder
K1:0P49L952WZ,K4:andrographis paniculata,the evidence links the two pages but no rule in the spec's order decides them,separate,R9c Andrographis Paniculata Whole and Andrographis Paniculata are different registered preparations of one organism (whole); §2 K4 merges only on exact name-family equality and these two families are not equal,medium,LICENSED-SEPARATE,rest,3,a separate verdict leaves both pages exactly as they are,K4:andrographis paniculata,page_b,Andrographis Paniculata Whole,Andrographis Paniculata,,,,remainder
K1:0TUL3ENK62,K1:WB09NY83YA,the evidence links the two pages but no rule in the spec's order decides them,separate,"R9a two separately registered FDA substances: 2-BUTANOL ['0TUL3ENK62'] and Butanol ['WB09NY83YA'], preferred names 2-Butanol and BUTANOL (MIXED ISOMERS); neither is a salt, solvate or stereo form of the other by name or by structure (the shared UNII WB09NY83YA sits in a page unii field, not in either page key, and is the known Inxight join defect)",high,LICENSED-SEPARATE,rest,3,a separate verdict leaves both pages exactly as they are,K1:WB09NY83YA,page_b,2-BUTANOL,Butanol,,structure_conflict,,remainder
K1:185M5I2ZZN,K1:4A5OM7PI18,same normalised name and no structure on either page; the identity rules give no evidence that decides them,merge,R7 §3.1/§3.1a salt or hydrate on the register's printed name: TOLEVAMER POTASSIUM SODIUM = TOLEVAMER SODIUM + potassium,medium,NOT-LICENSED,rest,3,a merge at medium confidence,K1:4A5OM7PI18,page_b,TOLEVAMER SODIUM,TOLEVAMER POTASSIUM SODIUM,,,,review
K1:1BT0256Y8O,K1:FML65D8PY5,the evidence links the two pages but no rule in the spec's order decides them,separate,R8s the two held structures settle it: different skeletons OUGIDAPQYNCXRA vs VFMMPHCGEFXGIP; a name rule does not overrule a structure comparison,high,LICENSED-SEPARATE,rest,3,a separate verdict leaves both pages exactly as they are,K1:FML65D8PY5,page_b,BETA-NAPHTHOFLAVONE,Alpha-Naphthoflavone,,structure_conflict,,remainder
K1:21M14KDA67,K1:L65MV77ZG6,the evidence links the two pages but no rule in the spec's order decides them,separate,R8s the two held structures settle it: different skeletons WUOACPNHFRMFPN vs WRYLYDPHFGVWKC; a name rule does not overrule a structure comparison,high,LICENSED-SEPARATE,rest,3,a separate verdict leaves both pages exactly as they are,K1:L65MV77ZG6,page_b,Alpha-Terpineol,"4-TERPINEOL, (+/-)-",,structure_conflict,,remainder
K1:256UZ34AF2,,the named item no longer names two live corpus pages; an earlier identity pass already merged or dropped them,merge,R0 already-merged: corpus merge map records K1:HX4CRZ94FC -> K1:256UZ34AF2; the two names denote one live page (Imdusiran),high,NOT-LICENSED,rest,3,"the row records a merge already in force from identity pass 2/3, not a decision to apply; the cited evidence is the corpus merge record, not one of the three licensed merge evidences",,none recorded,Imdusiran,,,,,
K1:2855UV552L,K1:NV1779205D,the evidence links the two pages but no rule in the spec's order decides them,separate,R8s the two held structures settle it: different skeletons SJWFXCIHNDVPSH vs KBPLFHHGFOOTCA; a name rule does not overrule a structure comparison,high,LICENSED-SEPARATE,rest,3,a separate verdict leaves both pages exactly as they are,K1:NV1779205D,page_b,"2-OCTANOL, (2S)-",Caprylic Alcohol,,structure_conflict,,remainder
K1:2D5MRE3SSY,,the named item no longer names two live corpus pages; an earlier identity pass already merged or dropped them,merge,R0 already-merged: corpus merge map records K1:945CRJ0XZ0 -> K1:2D5MRE3SSY; the two names denote one live page (Timbetasin),high,NOT-LICENSED,rest,3,"the row records a merge already in force from identity pass 2/3, not a decision to apply; the cited evidence is the corpus merge record, not one of the three licensed merge evidences",,none recorded,Timbetasin,,,,,
K1:2H47U2SBVO,,the named item no longer names two live corpus pages; an earlier identity pass already merged or dropped them,merge,R0 already-merged: corpus merge map records K1:PX4Q8LA7G6 -> K1:2H47U2SBVO; the two names denote one live page (Tivanisiran),high,NOT-LICENSED,rest,3,"the row records a merge already in force from identity pass 2/3, not a decision to apply; the cited evidence is the corpus merge record, not one of the three licensed merge evidences",,none recorded,Tivanisiran,,,,,
K1:2L9GJK6MGN,K1:Y77501141O,the evidence links the two pages but no rule in the spec's order decides them,separate,R8s the two held structures settle it: different skeletons ZUOUZKKEUPVFJK vs WVIIMZNLDWSIRH; a name rule does not overrule a structure comparison,high,LICENSED-SEPARATE,rest,3,a separate verdict leaves both pages exactly as they are,K1:Y77501141O,page_b,BIPHENYL,Bicyclohexyl,,structure_conflict,,remainder
K1:309713XSKW,K1:91XW058U2C,"an FDA salt/solvate relationship links the pages, but the child page is not a salt form of the parent by structure or by name, so §3.1 does not license a merge",separate,R8s the two held structures settle it: different skeletons CVKJAXCQPFOAIN vs VZCYOOQTPOCHFL; a name rule does not overrule a structure comparison,high,LICENSED-SEPARATE,rest,3,a separate verdict leaves both pages exactly as they are,K1:91XW058U2C,page_b,Cipralisant,MALEIC ACID,,structure_conflict,related_form_of,remainder
K1:31N550RD05,,the named item no longer names two live corpus pages; an earlier identity pass already merged or dropped them,merge,R0 already-merged: corpus merge map records K1:S6A2UYH57V -> K1:31N550RD05; the two names denote one live page (Danvatirsen),high,NOT-LICENSED,rest,3,"the row records a merge already in force from identity pass 2/3, not a decision to apply; the cited evidence is the corpus merge record, not one of the three licensed merge evidences",,none recorded,Danvatirsen,,,,,
K1:328101264R,,the named item no longer names two live corpus pages; an earlier identity pass already merged or dropped them,merge,R0 already-merged: corpus merge map records K1:WWI522K8NY -> K1:328101264R; the two names denote one live page (Cobitolimod),high,NOT-LICENSED,rest,3,"the row records a merge already in force from identity pass 2/3, not a decision to apply; the cited evidence is the corpus merge record, not one of the three licensed merge evidences",,none recorded,Cobitolimod,,,,,
K1:378RL020QM,,the named item no longer names two live corpus pages; an earlier identity pass already merged or dropped them,merge,R0 already-merged: corpus merge map records K1:7EL4K2K27P -> K1:378RL020QM; the two names denote one live page (Afovirsen),high,NOT-LICENSED,rest,3,"the row records a merge already in force from identity pass 2/3, not a decision to apply; the cited evidence is the corpus merge record, not one of the three licensed merge evidences",,none recorded,Afovirsen,,,,,
K1:3FPU23BG52,K1:U6Z9ZSG4XG,the evidence links the two pages but no rule in the spec's order decides them,separate,R8s the two held structures settle it: different skeletons YXFVVABEGXRONW vs PCHRJGRKKJOULQ; a name rule does not overrule a structure comparison,high,LICENSED-SEPARATE,rest,3,a separate verdict leaves both pages exactly as they are,K1:U6Z9ZSG4XG,page_b,TOLUENE,(((3Z)-3-HEXENYLOXY)METHYL)BENZENE,,structure_conflict,,remainder
K1:3JKW7CI9IU,,the named item no longer names two live corpus pages; an earlier identity pass already merged or dropped them,merge,R0 already-merged: corpus merge map records K1:27193E2Y44 -> K1:3JKW7CI9IU; the two names denote one live page (Cobomarsen),high,NOT-LICENSED,rest,3,"the row records a merge already in force from identity pass 2/3, not a decision to apply; the cited evidence is the corpus merge record, not one of the three licensed merge evidences",,none recorded,Cobomarsen,,,,,
K1:3RJ6WVX57J,,the named item no longer names two live corpus pages; an earlier identity pass already merged or dropped them,merge,R0 already-merged: corpus merge map records K1:YU6F4W95PG -> K1:3RJ6WVX57J; the two names denote one live page (Lefelsiran),high,NOT-LICENSED,rest,3,"the row records a merge already in force from identity pass 2/3, not a decision to apply; the cited evidence is the corpus merge record, not one of the three licensed merge evidences",,none recorded,Lefelsiran,,,,,
K1:3VNC7T6Z02,K1:SA8AR2W4ER,the evidence links the two pages but no rule in the spec's order decides them,separate,R9c Matricaria Chamomilla Flowering Top Oil and Matricaria Chamomilla Flowering Top are different registered preparations of one organism (oil); §2 K4 merges only on exact name-family equality and these two families are not equal,medium,LICENSED-SEPARATE,rest,3,a separate verdict leaves both pages exactly as they are,K1:SA8AR2W4ER,page_b,Matricaria Chamomilla Flowering Top,Matricaria Chamomilla Flowering Top Oil,,,,remainder
K1:48OVY2OC72,K1:935XD1L5K2,the evidence links the two pages but no rule in the spec's order decides them,separate,R8s the two held structures settle it: different skeletons XHTRYVMKFMUJLU vs GCPXMJHSNVMWNM; a name rule does not overrule a structure comparison,high,LICENSED-SEPARATE,rest,3,a separate verdict leaves both pages exactly as they are,K1:935XD1L5K2,page_b,SODIUM ARSENITE,Arsenous Acid,,structure_conflict,,remainder
K1:4G1MLN2EKF,K1:PE152PYI6M,a merge chain would join two pages that an exception class keeps separate; the whole chain is held for the second opinion,separate,"R4y both are salts of JVTAAEKCZFNVCJ; neither page is that parent moiety; §3.1 merges a salt into its parent, and that parent is not either of these two pages",high,LICENSED-SEPARATE,rest,3,a separate verdict leaves both pages exactly as they are,K1:PE152PYI6M,page_b,"MAGNESIUM LACTATE DIHYDRATE, L- (structure KSHMINBVGAHXNS)","MAGNESIUM LACTATE, L- (structure OVGXLJDWSLQDRT)",,structure_conflict,,disambiguate
K1:4PIB2155QP,K1:71X53V3RZ1,the evidence links the two pages but no rule in the spec's order decides them,separate,"R9a two separately registered FDA substances: Beef ['4PIB2155QP'] and 2-(CYCLOHEXYLAMINO)ETHANESULFONIC Acid ['71X53V3RZ1'], preferred names BEEF and 2-(CYCLOHEXYLAMINO)ETHANESULFONIC ACID; neither is a salt, solvate or stereo form of the other by name or by structure",high,LICENSED-SEPARATE,rest,3,a separate verdict leaves both pages exactly as they are,K1:71X53V3RZ1,page_b,Beef,2-(CYCLOHEXYLAMINO)ETHANESULFONIC Acid,,,,remainder
K1:4QW4AN84NQ,,the named item no longer names two live corpus pages; an earlier identity pass already merged or dropped them,merge,R0 already-merged: corpus merge map records K1:V5T10N50RD -> K1:4QW4AN84NQ; the two names denote one live page (SEMULOPARIN),high,NOT-LICENSED,rest,3,"the row records a merge already in force from identity pass 2/3, not a decision to apply; the cited evidence is the corpus merge record, not one of the three licensed merge evidences",,none recorded,SEMULOPARIN,,,,,
K1:4UCX5GAV96,,the named item no longer names two live corpus pages; an earlier identity pass already merged or dropped them,merge,R0 already-merged: corpus merge map records K1:5511VZ6NRQ -> K1:4UCX5GAV96; the two names denote one live page (PLOVAMER),high,NOT-LICENSED,rest,3,"the row records a merge already in force from identity pass 2/3, not a decision to apply; the cited evidence is the corpus merge record, not one of the three licensed merge evidences",,none recorded,PLOVAMER,,,,,
K1:4UG613F036,,the named item no longer names two live corpus pages; an earlier identity pass already merged or dropped them,merge,R0 already-merged: corpus merge map records K1:8TW510F64S -> K1:4UG613F036; the two names denote one live page (Edifoligide),high,NOT-LICENSED,rest,3,"the row records a merge already in force from identity pass 2/3, not a decision to apply; the cited evidence is the corpus merge record, not one of the three licensed merge evidences",,none recorded,Edifoligide,,,,,
K1:4V6I63LW1E,K1:206J6X63BE,"an FDA salt/solvate relationship links the pages, but the child page is not a salt form of the parent by structure or by name, so §3.1 does not license a merge",separate,"R6a GSRS names Tiomolibdic acid as the parent substance of TIOMOLIBDATE DIAMMONIUM, but it records the active moiety as TIOMOLIBDATE ION (91U3TGV99T); the counter-ion is the substance being recorded",high,LICENSED-SEPARATE,rest,3,a separate verdict leaves both pages exactly as they are,K1:206J6X63BE,page_b,Tiomolibdic acid,TIOMOLIBDATE DIAMMONIUM,,structure_conflict; moiety_match,related_form_of,
K1:4VON5FNS3C,K1:65OE787Q7W,the evidence links the two pages but no rule in the spec's order decides them,separate,"R4y both are salts of WBZKQQHYRPRKNJ; neither page is that parent moiety; §3.1 merges a salt into its parent, and that parent is not either of these two pages",high,LICENSED-SEPARATE,rest,3,a separate verdict leaves both pages exactly as they are,K1:65OE787Q7W,page_b,SODIUM METABISULFITE,POTASSIUM METABISULFITE,,structure_conflict,,remainder
K1:4YGF4PQP49,K1:I24X278AP1,the evidence links the two pages but no rule in the spec's order decides them,separate,R8s the two held structures settle it: different skeletons YKFLAYDHMOASIY vs YHQGMYUVUMAZJR; a name rule does not overrule a structure comparison,high,LICENSED-SEPARATE,rest,3,a separate verdict leaves both pages exactly as they are,K1:I24X278AP1,page_b,Gamma-Terpinene,ALPHA-TERPINENE,,structure_conflict,,remainder
K1:5313W10MYT,,the named item no longer names two live corpus pages; an earlier identity pass already merged or dropped them,merge,R0 already-merged: corpus merge map records K1:79UH94646K -> K1:5313W10MYT; the two names denote one live page (Avexitide),high,NOT-LICENSED,rest,3,"the row records a merge already in force from identity pass 2/3, not a decision to apply; the cited evidence is the corpus merge record, not one of the three licensed merge evidences",,none recorded,Avexitide,,,,,
K1:59CF90960T,K2:AQTNUGRRZDRZIA-UHFFFAOYSA-N,the evidence links the two pages but no rule in the spec's order decides them,separate,R8s the two held structures settle it: different skeletons ZEGMEJVULDALSH vs AQTNUGRRZDRZIA; a name rule does not overrule a structure comparison,high,LICENSED-SEPARATE,rest,3,a separate verdict leaves both pages exactly as they are,K2:AQTNUGRRZDRZIA-UHFFFAOYSA-N,page_b,LYS-006,CPD 22,,structure_conflict,,remainder
K1:5CXP06X16D,K1:KUB8101TNF,the evidence links the two pages but no rule in the spec's order decides them,separate,R9c Camellia Japonica Flower Oil and Camellia Japonica Flower are different registered preparations of one organism (oil); §2 K4 merges only on exact name-family equality and these two families are not equal,medium,LICENSED-SEPARATE,rest,3,a separate verdict leaves both pages exactly as they are,K1:KUB8101TNF,page_b,Camellia Japonica Flower Oil,Camellia Japonica Flower,,,,remainder
K1:5G6HL9K2G4,,the named item no longer names two live corpus pages; an earlier identity pass already merged or dropped them,merge,R0 already-merged: corpus merge map records K1:7FT6J26HG9 -> K1:5G6HL9K2G4; the two names denote one live page (Zifcasiran),high,NOT-LICENSED,rest,3,"the row records a merge already in force from identity pass 2/3, not a decision to apply; the cited evidence is the corpus merge record, not one of the three licensed merge evidences",,none recorded,Zifcasiran,,,,,
K1:5G7N7E908H,,the named item no longer names two live corpus pages; an earlier identity pass already merged or dropped them,merge,R0 already-merged: corpus merge map records K1:6PVO8I3BR9 -> K1:5G7N7E908H; the two names denote one live page (Delcasertib),high,NOT-LICENSED,rest,3,"the row records a merge already in force from identity pass 2/3, not a decision to apply; the cited evidence is the corpus merge record, not one of the three licensed merge evidences",,none recorded,Delcasertib,,,,,
K1:5Q1I94P4WG,K4:rose geranium,the evidence links the two pages but no rule in the spec's order decides them,separate,R9c Rose Geranium Oil and Rose Geranium are different registered preparations of one organism (oil); §2 K4 merges only on exact name-family equality and these two families are not equal,medium,LICENSED-SEPARATE,rest,3,a separate verdict leaves both pages exactly as they are,K4:rose geranium,page_b,Rose Geranium Oil,Rose Geranium,,,,remainder
K1:5Z657QHG6F,,the named item no longer names two live corpus pages; an earlier identity pass already merged or dropped them,merge,R0 already-merged: corpus merge map records K1:UY95M62TKD -> K1:5Z657QHG6F; the two names denote one live page (Xalnesiran),high,NOT-LICENSED,rest,3,"the row records a merge already in force from identity pass 2/3, not a decision to apply; the cited evidence is the corpus merge record, not one of the three licensed merge evidences",,none recorded,Xalnesiran,,,,,
K1:6930DL209R,,the named item no longer names two live corpus pages; an earlier identity pass already merged or dropped them,merge,R0 already-merged: corpus merge map records K1:I1BSR8FDW9 -> K1:6930DL209R; the two names denote one live page (Curdlan),high,NOT-LICENSED,rest,3,"the row records a merge already in force from identity pass 2/3, not a decision to apply; the cited evidence is the corpus merge record, not one of the three licensed merge evidences",,none recorded,Curdlan,,,,,
K1:724GKU717M,K4:jojoba,the evidence links the two pages but no rule in the spec's order decides them,separate,R9c Jojoba Oil and Jojoba are different registered preparations of one organism (oil); §2 K4 merges only on exact name-family equality and these two families are not equal,medium,LICENSED-SEPARATE,rest,3,a separate verdict leaves both pages exactly as they are,K4:jojoba,page_b,Jojoba Oil,Jojoba,,,,remainder
K1:72Q967Y48V,K1:JDR81QW9ZQ,the evidence links the two pages but no rule in the spec's order decides them,separate,"R9a two separately registered FDA substances: Artemisia Vulgaris Oil ['72Q967Y48V'] and Artemisia Vulgaris Whole ['JDR81QW9ZQ'], preferred names Artemisia vulgaris flowering top oil and ARTEMISIA VULGARIS WHOLE; neither is a salt, solvate or stereo form of the other by name or by structure",high,LICENSED-SEPARATE,rest,3,a separate verdict leaves both pages exactly as they are,K1:JDR81QW9ZQ,page_b,Artemisia Vulgaris Oil,Artemisia Vulgaris Whole,,,,remainder
K1:7857H94KHM,K1:5KV86114PT,"an FDA salt/solvate relationship links the pages, but the child page is not a salt form of the parent by structure or by name, so §3.1 does not license a merge",separate,"R6 the GSRS record on K1:7857H94KHM is a mixed salt whose active moiety is Thioglycolic Acid (7857H94KHM); Ethanolamine is named only as its parent substance, which is the coformer or counter-ion, not the same substance",high,LICENSED-SEPARATE,rest,3,a separate verdict leaves both pages exactly as they are,K1:5KV86114PT,page_b,Ethanolamine,Thioglycolic Acid,,structure_conflict,related_form_of,
K1:7A7G0PQI12,K1:8H4VM8NQA5,the evidence links the two pages but no rule in the spec's order decides them,separate,R9c Cervus Elaphus Horn Oil and Cervus Elaphus Horn are different registered preparations of one organism (oil); §2 K4 merges only on exact name-family equality and these two families are not equal,medium,LICENSED-SEPARATE,rest,3,a separate verdict leaves both pages exactly as they are,K1:8H4VM8NQA5,page_b,Cervus Elaphus Horn Oil,Cervus Elaphus Horn,,,,remainder
K1:7OXK16K08B,,the named item no longer names two live corpus pages; an earlier identity pass already merged or dropped them,merge,R0 already-merged: corpus merge map records K1:H255GGK3NZ -> K1:7OXK16K08B; the two names denote one live page (Rovanersen),high,NOT-LICENSED,rest,3,"the row records a merge already in force from identity pass 2/3, not a decision to apply; the cited evidence is the corpus merge record, not one of the three licensed merge evidences",,none recorded,Rovanersen,,,,,
K1:7RRX3XD4VY,,the named item no longer names two live corpus pages; an earlier identity pass already merged or dropped them,merge,R0 already-merged: corpus merge map records K1:K913U54BW7 -> K1:7RRX3XD4VY; the two names denote one live page (Solbinsiran),high,NOT-LICENSED,rest,3,"the row records a merge already in force from identity pass 2/3, not a decision to apply; the cited evidence is the corpus merge record, not one of the three licensed merge evidences",,none recorded,Solbinsiran,,,,,
K1:7S686LQT6T,K1:NS3OZT14QT,the evidence links the two pages but no rule in the spec's order decides them,separate,R8s the two held structures settle it: different skeletons AVKOENOBFIYBSA vs YUFFSWGQGVEMMI; a name rule does not overrule a structure comparison,high,LICENSED-SEPARATE,rest,3,a separate verdict leaves both pages exactly as they are,K1:NS3OZT14QT,page_b,Osbond Acid,DOCOSAPENTAENOIC ACID,,structure_conflict,,remainder
K1:7UP781YBR6,K1:TW371I5GLO,a merge chain would join two pages that an exception class keeps separate; the whole chain is held for the second opinion,separate,"R8m Salcolex holds 2 different organic components (OEYIOHPDSNJKLS, YGSDEFSMJLZEOE); which one is the moiety is not a question the structure answers; §3.1 merges a salt into one parent moiety and no register names Salcolex Anhydrous and Salcolex as one substance",medium,LICENSED-SEPARATE,rest,3,a separate verdict leaves both pages exactly as they are,K1:TW371I5GLO,page_b,Salcolex Anhydrous (C24H38MgN2O12S),Salcolex (C24H46MgN2O16S),,structure_conflict,,disambiguate
K1:7YNJ3PO35Z,K1:X6T6YN87SU,the evidence links the two pages but no rule in the spec's order decides them,separate,R8s the two held structures settle it: different skeletons UFHFLCQGNIYNRP vs KRKNYBCHXYNGOX; a name rule does not overrule a structure comparison,high,LICENSED-SEPARATE,rest,3,a separate verdict leaves both pages exactly as they are,K1:X6T6YN87SU,page_b,Hydrogen,POTASSIUM SODIUM HYDROGEN CITRATE,,structure_conflict,,remainder
K1:7YNJ3PO35Z,K2:FNWVPWJMPKZALM-UHFFFAOYSA-B,the evidence links the two pages but no rule in the spec's order decides them,separate,R8s the two held structures settle it: different skeletons UFHFLCQGNIYNRP vs KRKNYBCHXYNGOX; a name rule does not overrule a structure comparison,high,LICENSED-SEPARATE,rest,3,a separate verdict leaves both pages exactly as they are,K2:FNWVPWJMPKZALM-UHFFFAOYSA-B,page_b,Hydrogen,POTASSIUM SODIUM HYDROGEN CITRATE ANHYDROUS,,structure_conflict,,remainder
K1:83DNB5FIRF,K1:UP39BHE708,the evidence links the two pages but no rule in the spec's order decides them,separate,R8s the two held structures settle it: different skeletons OQWKEEOHDMUXEO vs FADFGCOCHHNRHF; a name rule does not overrule a structure comparison,high,LICENSED-SEPARATE,rest,3,a separate verdict leaves both pages exactly as they are,K1:UP39BHE708,page_b,SHOGAOL,(10)-SHOGAOL,,structure_conflict,,remainder
K1:85J5ZP6YSL,,the named item no longer names two live corpus pages; an earlier identity pass already merged or dropped them,merge,R0 already-merged: corpus merge map records K1:SH55B0RQ9K -> K1:85J5ZP6YSL; the two names denote one live page (Oblimersen),high,NOT-LICENSED,rest,3,"the row records a merge already in force from identity pass 2/3, not a decision to apply; the cited evidence is the corpus merge record, not one of the three licensed merge evidences",,none recorded,Oblimersen,,,,,
K1:8L70Q75FXE,K1:NYX13NT29D,the evidence links the two pages but no rule in the spec's order decides them,separate,R8s the two held structures settle it: different skeletons ZKHQWZAMYRWXGA vs CAWZRIXWFRFUQB; a name rule does not overrule a structure comparison,high,LICENSED-SEPARATE,rest,3,a separate verdict leaves both pages exactly as they are,K1:NYX13NT29D,page_b,ADENOSINE TRIPHOSPHATE,"(.ALPHA.,.BETA.-METHYLENE)ADENOSINE 5'-TRIPHOSPHATE",,structure_conflict,,remainder
K1:901MC95XSB,K1:91XW058U2C,"an FDA salt/solvate relationship links the pages, but the child page is not a salt form of the parent by structure or by name, so §3.1 does not license a merge",separate,"R6 the GSRS record on K1:901MC95XSB is a mixed salt whose active moiety is Zatosetron (901MC95XSB); MALEIC ACID is named only as its parent substance, which is the coformer or counter-ion, not the same substance",high,LICENSED-SEPARATE,rest,3,a separate verdict leaves both pages exactly as they are,K1:91XW058U2C,page_b,Zatosetron,MALEIC ACID,,structure_conflict,related_form_of,remainder
K1:91GW059KN7,K1:YQQ2QQ3URK,the evidence links the two pages but no rule in the spec's order decides them,separate,R8s the two held structures settle it: different skeletons VGGSQFUCUMXWEO vs DJMQRXRWMWKDAP; a name rule does not overrule a structure comparison,high,LICENSED-SEPARATE,rest,3,a separate verdict leaves both pages exactly as they are,K1:YQQ2QQ3URK,page_b,ETHYLENE,"(1,1,2,2-TETRAFLUOROETHOXY)ETHYLENE",,structure_conflict,,remainder
K1:925QK2Z900,K1:ND6ZLI4J0V,the evidence links the two pages but no rule in the spec's order decides them,separate,R8s the two held structures settle it: different skeletons NLDDIKRKFXEWBK vs AIULWNKTYPZYAN; a name rule does not overrule a structure comparison,high,LICENSED-SEPARATE,rest,3,a separate verdict leaves both pages exactly as they are,K1:ND6ZLI4J0V,page_b,GINGEROL,(10)-GINGEROL,,structure_conflict,,remainder
K1:9871T0PD5P,K1:B423VGH5S9,the evidence links the two pages but no rule in the spec's order decides them,separate,R9c APPLE JUICE and Apple are different registered preparations of one organism (juice); §2 K4 merges only on exact name-family equality and these two families are not equal,medium,LICENSED-SEPARATE,rest,3,a separate verdict leaves both pages exactly as they are,K1:B423VGH5S9,page_b,APPLE JUICE,Apple,,,,remainder
K1:9GA4548JGJ,,the named item no longer names two live corpus pages; an earlier identity pass already merged or dropped them,merge,R0 already-merged: corpus merge map records K1:IZS5WP04OR -> K1:9GA4548JGJ; the two names denote one live page (Trecovirsen),high,NOT-LICENSED,rest,3,"the row records a merge already in force from identity pass 2/3, not a decision to apply; the cited evidence is the corpus merge record, not one of the three licensed merge evidences",,none recorded,Trecovirsen,,,,,
K1:A7YG62NHZ6,,the named item no longer names two live corpus pages; an earlier identity pass already merged or dropped them,merge,R0 already-merged: corpus merge map records K1:X70RY8Q6LI -> K1:A7YG62NHZ6; the two names denote one live page (Vupanorsen),high,NOT-LICENSED,rest,3,"the row records a merge already in force from identity pass 2/3, not a decision to apply; the cited evidence is the corpus merge record, not one of the three licensed merge evidences",,none recorded,Vupanorsen,,,,,
K1:AMW2VPZ3XD,,the named item no longer names two live corpus pages; an earlier identity pass already merged or dropped them,merge,R0 already-merged: corpus merge map records K1:RV6BTB6SX2 -> K1:AMW2VPZ3XD; the two names denote one live page (Lexanersen),high,NOT-LICENSED,rest,3,"the row records a merge already in force from identity pass 2/3, not a decision to apply; the cited evidence is the corpus merge record, not one of the three licensed merge evidences",,none recorded,Lexanersen,,,,,
K1:AXQ9493NT2,,the named item no longer names two live corpus pages; an earlier identity pass already merged or dropped them,merge,R0 already-merged: corpus merge map records K1:37YVE86ZYS -> K1:AXQ9493NT2; the two names denote one live page (Zilganersen),high,NOT-LICENSED,rest,3,"the row records a merge already in force from identity pass 2/3, not a decision to apply; the cited evidence is the corpus merge record, not one of the three licensed merge evidences",,none recorded,Zilganersen,,,,,
K1:AYT02NS64S,K4:bidens pilosa,the evidence links the two pages but no rule in the spec's order decides them,separate,R9c Bidens Pilosa Whole and Bidens Pilosa are different registered preparations of one organism (whole); §2 K4 merges only on exact name-family equality and these two families are not equal,medium,LICENSED-SEPARATE,rest,3,a separate verdict leaves both pages exactly as they are,K4:bidens pilosa,page_b,Bidens Pilosa Whole,Bidens Pilosa,,,,remainder
K1:BX8TS73ATE,,the named item no longer names two live corpus pages; an earlier identity pass already merged or dropped them,merge,R0 already-merged: corpus merge map records K1:V7THR3L5GC -> K1:BX8TS73ATE; the two names denote one live page (Obeversen),high,NOT-LICENSED,rest,3,"the row records a merge already in force from identity pass 2/3, not a decision to apply; the cited evidence is the corpus merge record, not one of the three licensed merge evidences",,none recorded,Obeversen,,,,,
K1:C5M4585ZBZ,K4:camellia sinensis,the evidence links the two pages but no rule in the spec's order decides them,separate,R9c Camellia Sinensis Whole and Camellia Sinensis are different registered preparations of one organism (whole); §2 K4 merges only on exact name-family equality and these two families are not equal,medium,LICENSED-SEPARATE,rest,3,a separate verdict leaves both pages exactly as they are,K4:camellia sinensis,page_b,Camellia Sinensis Whole,Camellia Sinensis,,,,remainder
K1:D81QY6I88E,,"two pages collide on a display name and nothing recorded for them - substance class, primary target, stereo descriptor, UNII or structure - tells one from the other",form_of,R0b same skeleton inside the 'linalool' name group: K1:D81QY6I88E CDOSHBSSFJOMGT-UHFFFAOYSA-N vs K1:F4VNO44C09 CDOSHBSSFJOMGT-SNVBAGLBSA-N; stereo layer differs,high,LICENSED-FORM_OF,rest,3,"the two pages carry one InChIKey skeleton and different full keys, which §3.4 and §5.1 split and link",K1:F4VNO44C09,second-opinion evidence,LINALOOL,Linalool,,same_skeleton_different_full,form_of; stereoisomer_of,
K1:D86I0XLB13,,the named item no longer names two live corpus pages; an earlier identity pass already merged or dropped them,merge,R0 already-merged: corpus merge map records K1:9651C21W3Z -> K1:D86I0XLB13; the two names denote one live page (Mitiglinide),high,NOT-LICENSED,rest,3,"the row records a merge already in force from identity pass 2/3, not a decision to apply; the cited evidence is the corpus merge record, not one of the three licensed merge evidences",,none recorded,Mitiglinide,,,,,
K1:DXS4HJC32N,,the named item no longer names two live corpus pages; an earlier identity pass already merged or dropped them,merge,R0 already-merged: corpus merge map records K1:6BGP5P5P2C -> K1:DXS4HJC32N; the two names denote one live page (Sapablursen),high,NOT-LICENSED,rest,3,"the row records a merge already in force from identity pass 2/3, not a decision to apply; the cited evidence is the corpus merge record, not one of the three licensed merge evidences",,none recorded,Sapablursen,,,,,
K1:DY02T48R2B,K1:LJ16641SFT,"an FDA salt/solvate relationship links the pages, but the child page is not a salt form of the parent by structure or by name, so §3.1 does not license a merge",merge,R5 FDA active moiety: GSRS gives Etirinotecan pegol (LJ16641SFT) as the active moiety of ETIRINOTECAN PEGOL TETRATRIFLUTATE,medium,NOT-LICENSED,rest,3,a merge at medium confidence,K1:LJ16641SFT,page_b,ETIRINOTECAN PEGOL TETRATRIFLUTATE,Etirinotecan pegol,,moiety_match,related_form_of,remainder
K1:E422BH4BRK,,the named item no longer names two live corpus pages; an earlier identity pass already merged or dropped them,merge,R0 already-merged: corpus merge map records K1:A8P3J9MPQ3 -> K1:E422BH4BRK; the two names denote one live page (Zilebesiran),high,NOT-LICENSED,rest,3,"the row records a merge already in force from identity pass 2/3, not a decision to apply; the cited evidence is the corpus merge record, not one of the three licensed merge evidences",,none recorded,Zilebesiran,,,,,
K1:E524N2IXA3,K1:ER5I1W795A,"an FDA salt/solvate relationship links the pages, but the child page is not a salt form of the parent by structure or by name, so §3.1 does not license a merge",separate,R8s the two held structures settle it: different skeletons AHLPHDHHMVZTML vs WLJVXDMOQOGPHL; a name rule does not overrule a structure comparison,high,LICENSED-SEPARATE,rest,3,a separate verdict leaves both pages exactly as they are,K1:ER5I1W795A,page_b,Ornithine,PHENYLACETIC ACID,,structure_conflict,related_form_of,remainder
K1:E6CKI5C54O,K1:88XHZ13131,"an FDA salt/solvate relationship links the pages, but the child page is not a salt form of the parent by structure or by name, so §3.1 does not license a merge",separate,"R6 the GSRS record on K1:E6CKI5C54O is a mixed salt whose active moiety is ABT-925 Anhydrous Free Base (E6CKI5C54O); Fumaric Acid is named only as its parent substance, which is the coformer or counter-ion, not the same substance",high,LICENSED-SEPARATE,rest,3,a separate verdict leaves both pages exactly as they are,K1:88XHZ13131,page_b,Fumaric Acid,ABT-925 Anhydrous Free Base,,structure_conflict,related_form_of,
K1:E8FPK78470,K1:UC6I41G62N,"an FDA salt/solvate relationship links the pages, but the child page is not a salt form of the parent by structure or by name, so §3.1 does not license a merge",merge,"R5 FDA active moiety: GSRS gives ACLATONIUM (UC6I41G62N) as the active moiety of 1,5-NAPHTHALENEDISULFONIC Acid",medium,NOT-LICENSED,rest,3,a merge at medium confidence,K1:UC6I41G62N,page_b,"1,5-NAPHTHALENEDISULFONIC Acid",ACLATONIUM,,structure_conflict,related_form_of,remainder
K1:EN8XKG133D,K2:HZQRATOABKBXJZ-STTLGUQMSA-N,the two pages carry the same UNII but different connectivity skeletons; §2 holds a K1/K2 disagreement for a person,merge,R1 identical UNII EN8XKG133D; one page holds no structure of its own; §2 keys biologics and name-only records on UNII alone,high,NOT-LICENSED,rest,3,"§2 holds a K1/K2 disagreement for a person and never resolves it by majority, so the second opinion alone does not license a change here",K2:HZQRATOABKBXJZ-STTLGUQMSA-N,page_b,Nisin,NISIN,,same_unii; structure_conflict; moiety_match,,remainder
K1:ERZ60E6B7C,K1:91XW058U2C,"an FDA salt/solvate relationship links the pages, but the child page is not a salt form of the parent by structure or by name, so §3.1 does not license a merge",separate,R8s the two held structures settle it: different skeletons MTCMTKNMZCPKLX vs VZCYOOQTPOCHFL; a name rule does not overrule a structure comparison,high,LICENSED-SEPARATE,rest,3,a separate verdict leaves both pages exactly as they are,K1:91XW058U2C,page_b,MALEIC ACID,Icopezil,,structure_conflict,related_form_of,
K1:F3IN55X5PO,K4:patchouly,the evidence links the two pages but no rule in the spec's order decides them,separate,R9c Patchouly Oil and Patchouly are different registered preparations of one organism (oil); §2 K4 merges only on exact name-family equality and these two families are not equal,medium,LICENSED-SEPARATE,rest,3,a separate verdict leaves both pages exactly as they are,K4:patchouly,page_b,Patchouly Oil,Patchouly,,,,remainder
K1:F3NU7CDG3E,,the named item no longer names two live corpus pages; an earlier identity pass already merged or dropped them,merge,R0 already-merged: corpus merge map records K1:NZ52LD879F -> K1:F3NU7CDG3E; the two names denote one live page (Rapirosiran),high,NOT-LICENSED,rest,3,"the row records a merge already in force from identity pass 2/3, not a decision to apply; the cited evidence is the corpus merge record, not one of the three licensed merge evidences",,none recorded,Rapirosiran,,,,,
K1:F4VNO44C09,,"two pages collide on a display name and nothing recorded for them - substance class, primary target, stereo descriptor, UNII or structure - tells one from the other",form_of,R0b same skeleton inside the 'linalool' name group: K1:F4VNO44C09 CDOSHBSSFJOMGT-SNVBAGLBSA-N vs K1:D81QY6I88E CDOSHBSSFJOMGT-UHFFFAOYSA-N; stereo layer differs,high,LICENSED-FORM_OF,rest,3,"the two pages carry one InChIKey skeleton and different full keys, which §3.4 and §5.1 split and link",K1:D81QY6I88E,second-opinion evidence,Linalool,LINALOOL,,same_skeleton_different_full,form_of; stereoisomer_of,
K1:F77TA4U3SP,,the named item no longer names two live corpus pages; an earlier identity pass already merged or dropped them,merge,R0 already-merged: corpus merge map records K1:0U89WRQ06U -> K1:F77TA4U3SP; the two names denote one live page (RUGONERSEN),high,NOT-LICENSED,rest,3,"the row records a merge already in force from identity pass 2/3, not a decision to apply; the cited evidence is the corpus merge record, not one of the three licensed merge evidences",,none recorded,RUGONERSEN,,,,,
K1:F8H3J9KSY9,,the named item no longer names two live corpus pages; an earlier identity pass already merged or dropped them,merge,R0 already-merged: corpus merge map records K1:8Q3B8SV59L -> K1:F8H3J9KSY9; the two names denote one live page (Astodrimer),high,NOT-LICENSED,rest,3,"the row records a merge already in force from identity pass 2/3, not a decision to apply; the cited evidence is the corpus merge record, not one of the three licensed merge evidences",,none recorded,Astodrimer,,,,,
K1:FMT95051CQ,,the named item no longer names two live corpus pages; an earlier identity pass already merged or dropped them,merge,R0 already-merged: corpus merge map records K1:1U68ZWZ6OX -> K1:FMT95051CQ; the two names denote one live page (Aprinocarsen),high,NOT-LICENSED,rest,3,"the row records a merge already in force from identity pass 2/3, not a decision to apply; the cited evidence is the corpus merge record, not one of the three licensed merge evidences",,none recorded,Aprinocarsen,,,,,
K1:G287IC9MH3,,the named item no longer names two live corpus pages; an earlier identity pass already merged or dropped them,merge,R0 already-merged: corpus merge map records K1:I6CNU8SY0F -> K1:G287IC9MH3; the two names denote one live page (Tilsotolimod),high,NOT-LICENSED,rest,3,"the row records a merge already in force from identity pass 2/3, not a decision to apply; the cited evidence is the corpus merge record, not one of the three licensed merge evidences",,none recorded,Tilsotolimod,,,,,
K1:GB4GHH2W9G,K4:rhododendron caucasicum,the evidence links the two pages but no rule in the spec's order decides them,separate,R9c Rhododendron Caucasicum Whole and Rhododendron Caucasicum are different registered preparations of one organism (whole); §2 K4 merges only on exact name-family equality and these two families are not equal,medium,LICENSED-SEPARATE,rest,3,a separate verdict leaves both pages exactly as they are,K4:rhododendron caucasicum,page_b,Rhododendron Caucasicum Whole,Rhododendron Caucasicum,,,,remainder
K1:GOY102QI5I,K4:lactalbumin,the evidence links the two pages but no rule in the spec's order decides them,separate,R9 no shared identifier and no structure pair to compare (Alpha Lactalbumin vs Lactalbumin); UNIIs ['GOY102QI5I'] vs none,low,LICENSED-SEPARATE,rest,3,a separate verdict leaves both pages exactly as they are,K4:lactalbumin,page_b,Alpha Lactalbumin,Lactalbumin,,,,remainder
K1:H5RNU52ZKK,,the named item no longer names two live corpus pages; an earlier identity pass already merged or dropped them,merge,R0 already-merged: corpus merge map records K1:NK22XIK2DP -> K1:H5RNU52ZKK; the two names denote one live page (Nelitolimod),high,NOT-LICENSED,rest,3,"the row records a merge already in force from identity pass 2/3, not a decision to apply; the cited evidence is the corpus merge record, not one of the three licensed merge evidences",,none recorded,Nelitolimod,,,,,
K1:H727SQ6OHQ,K1:LJ16641SFT,same normalised name and no structure on either page; the identity rules give no evidence that decides them,separate,"R6 the GSRS record on K1:H727SQ6OHQ is a mixed salt whose active moiety is ETIRINOTECAN PEGOL TETRAHYDROCHLORIDE (H727SQ6OHQ); Etirinotecan pegol is named only as its parent substance, which is the coformer or counter-ion, not the same substance",high,LICENSED-SEPARATE,rest,3,a separate verdict leaves both pages exactly as they are,K1:LJ16641SFT,page_b,ETIRINOTECAN PEGOL TETRAHYDROCHLORIDE,Etirinotecan pegol,,moiety_match,,review
K1:HBW774Y7U5,K1:SAA04E81UX,the evidence links the two pages but no rule in the spec's order decides them,separate,R8s the two held structures settle it: different skeletons QRSKGVRHSLILFG vs RGJOEKWQDUBAIZ; a name rule does not overrule a structure comparison,high,LICENSED-SEPARATE,rest,3,a separate verdict leaves both pages exactly as they are,K1:SAA04E81UX,page_b,CYCLOHEXANECARBOXYL-COENZYME A,COENZYME_A,,structure_conflict,,remainder
K1:IBX8A21EH6,,the named item no longer names two live corpus pages; an earlier identity pass already merged or dropped them,merge,R0 already-merged: corpus merge map records K1:P9Z955DK1E -> K1:IBX8A21EH6; the two names denote one live page (Suvodirsen),high,NOT-LICENSED,rest,3,"the row records a merge already in force from identity pass 2/3, not a decision to apply; the cited evidence is the corpus merge record, not one of the three licensed merge evidences",,none recorded,Suvodirsen,,,,,
K1:IFJ6X26JW6,,the named item no longer names two live corpus pages; an earlier identity pass already merged or dropped them,merge,R0 already-merged: corpus merge map records K1:3N4G7RE66Y -> K1:IFJ6X26JW6; the two names denote one live page (Apatorsen),high,NOT-LICENSED,rest,3,"the row records a merge already in force from identity pass 2/3, not a decision to apply; the cited evidence is the corpus merge record, not one of the three licensed merge evidences",,none recorded,Apatorsen,,,,,
K1:IIU6V0W3JD,K1:91XW058U2C,"an FDA salt/solvate relationship links the pages, but the child page is not a salt form of the parent by structure or by name, so §3.1 does not license a merge",separate,"R6 the GSRS record on K1:IIU6V0W3JD is a mixed salt whose active moiety is Orvepitant (IIU6V0W3JD); MALEIC ACID is named only as its parent substance, which is the coformer or counter-ion, not the same substance",high,LICENSED-SEPARATE,rest,3,a separate verdict leaves both pages exactly as they are,K1:91XW058U2C,page_b,MALEIC ACID,Orvepitant,,structure_conflict,related_form_of,
K1:J2Y9QT3BWL,,the named item no longer names two live corpus pages; an earlier identity pass already merged or dropped them,merge,R0 already-merged: corpus merge map records K1:J2MMX1VR5I -> K1:J2Y9QT3BWL; the two names denote one live page (FRENLOSIRSEN),high,NOT-LICENSED,rest,3,"the row records a merge already in force from identity pass 2/3, not a decision to apply; the cited evidence is the corpus merge record, not one of the three licensed merge evidences",,none recorded,FRENLOSIRSEN,,,,,
K1:J8435V445B,,the named item no longer names two live corpus pages; an earlier identity pass already merged or dropped them,merge,R0 already-merged: corpus merge map records K1:4TWN6SZB8W -> K1:J8435V445B; the two names denote one live page (Alicaforsen),high,NOT-LICENSED,rest,3,"the row records a merge already in force from identity pass 2/3, not a decision to apply; the cited evidence is the corpus merge record, not one of the three licensed merge evidences",,none recorded,Alicaforsen,,,,,
K1:JHJ6BAP8SZ,K1:OP0UW79H66,the evidence links the two pages but no rule in the spec's order decides them,separate,R8s the two held structures settle it: different skeletons GNMDORSUZRRMFS vs VNWKTOKETHGBQD; a name rule does not overrule a structure comparison,high,LICENSED-SEPARATE,rest,3,a separate verdict leaves both pages exactly as they are,K1:OP0UW79H66,page_b,"P,P'-DIMETHOXYDIBENZOYLMETHANE",METHANE,,structure_conflict,,remainder
K1:JK0MS9P8YL,K1:V1IA3S3CUS,the evidence links the two pages but no rule in the spec's order decides them,separate,R9c Cnidium Monnieri Fruit Oil and Cnidium Monnieri Fruit are different registered preparations of one organism (oil); §2 K4 merges only on exact name-family equality and these two families are not equal,medium,LICENSED-SEPARATE,rest,3,a separate verdict leaves both pages exactly as they are,K1:V1IA3S3CUS,page_b,Cnidium Monnieri Fruit Oil,Cnidium Monnieri Fruit,,,,remainder
K1:JQ9EK2H6BG,K1:O82C39RR8C,the evidence links the two pages but no rule in the spec's order decides them,separate,R9c GRAPEFRUIT JUICE and Grapefruit are different registered preparations of one organism (juice); §2 K4 merges only on exact name-family equality and these two families are not equal,medium,LICENSED-SEPARATE,rest,3,a separate verdict leaves both pages exactly as they are,K1:O82C39RR8C,page_b,GRAPEFRUIT JUICE,Grapefruit,,,,remainder
K1:K5161X06LL,K1:88XHZ13131,"an FDA salt/solvate relationship links the pages, but the child page is not a salt form of the parent by structure or by name, so §3.1 does not license a merge",separate,R8s the two held structures settle it: different skeletons UIKROCXWUNQSPJ vs VZCYOOQTPOCHFL; a name rule does not overrule a structure comparison,high,LICENSED-SEPARATE,rest,3,a separate verdict leaves both pages exactly as they are,K1:88XHZ13131,page_b,Fumaric Acid,Cotinine,,structure_conflict,related_form_of,
K1:K6KJ8AZ05F,,the named item no longer names two live corpus pages; an earlier identity pass already merged or dropped them,merge,R0 already-merged: corpus merge map records K1:CI002S7WH8 -> K1:K6KJ8AZ05F; the two names denote one live page (Cenersen),high,NOT-LICENSED,rest,3,"the row records a merge already in force from identity pass 2/3, not a decision to apply; the cited evidence is the corpus merge record, not one of the three licensed merge evidences",,none recorded,Cenersen,,,,,
K1:K91YT16P5M,,"two pages collide on a display name and nothing recorded for them - substance class, primary target, stereo descriptor, UNII or structure - tells one from the other",separate,"R0b distinct substances sharing the normalised name 'potassium': POTASSIUM SALICYLATE (FRMWBRPWYBNAFB-UHFFFAOYSA-M) against POTASSIUM CITRATE, POTASSIUM CITRATE ANHYDROUS, POTASSIUM GLUCONATE, POTASSIUM SODIUM HYDROGEN CITRATE; disambiguate on the display name, do not merge",high,LICENSED-SEPARATE,rest,3,a separate verdict leaves both pages exactly as they are,,none recorded,POTASSIUM SALICYLATE,,,,,
K1:KK8BAN51PF,,the named item no longer names two live corpus pages; an earlier identity pass already merged or dropped them,merge,R0 already-merged: corpus merge map records K1:KBG15GFL2Z -> K1:KK8BAN51PF; the two names denote one live page (Temavirsen),high,NOT-LICENSED,rest,3,"the row records a merge already in force from identity pass 2/3, not a decision to apply; the cited evidence is the corpus merge record, not one of the three licensed merge evidences",,none recorded,Temavirsen,,,,,
K1:KKQ6AQN9LH,,the named item no longer names two live corpus pages; an earlier identity pass already merged or dropped them,merge,R0 already-merged: corpus merge map records K1:UWG3VFQ5CQ -> K1:KKQ6AQN9LH; the two names denote one live page (Lademirsen),high,NOT-LICENSED,rest,3,"the row records a merge already in force from identity pass 2/3, not a decision to apply; the cited evidence is the corpus merge record, not one of the three licensed merge evidences",,none recorded,Lademirsen,,,,,
K1:L26E95NLRK,,the named item no longer names two live corpus pages; an earlier identity pass already merged or dropped them,merge,R0 already-merged: corpus merge map records K1:ILE26V76EB -> K1:L26E95NLRK; the two names denote one live page (Custirsen),high,NOT-LICENSED,rest,3,"the row records a merge already in force from identity pass 2/3, not a decision to apply; the cited evidence is the corpus merge record, not one of the three licensed merge evidences",,none recorded,Custirsen,,,,,
K1:LM25W02G91,K4:cistanche deserticola,the evidence links the two pages but no rule in the spec's order decides them,separate,R9c Cistanche Deserticola Whole and Cistanche Deserticola are different registered preparations of one organism (whole); §2 K4 merges only on exact name-family equality and these two families are not equal,medium,LICENSED-SEPARATE,rest,3,a separate verdict leaves both pages exactly as they are,K4:cistanche deserticola,page_b,Cistanche Deserticola Whole,Cistanche Deserticola,,,,remainder
K1:LSO9H7UZ90,,the named item no longer names two live corpus pages; an earlier identity pass already merged or dropped them,merge,R0 already-merged: corpus merge map records K1:D1J27662O8 -> K1:LSO9H7UZ90; the two names denote one live page (Pelacarsen),high,NOT-LICENSED,rest,3,"the row records a merge already in force from identity pass 2/3, not a decision to apply; the cited evidence is the corpus merge record, not one of the three licensed merge evidences",,none recorded,Pelacarsen,,,,,
K1:M316WT19D8,,the named item no longer names two live corpus pages; an earlier identity pass already merged or dropped them,merge,R0 already-merged: corpus merge map records K1:U6K360XMIU -> K1:M316WT19D8; the two names denote one live page (PARNAPARIN),high,NOT-LICENSED,rest,3,"the row records a merge already in force from identity pass 2/3, not a decision to apply; the cited evidence is the corpus merge record, not one of the three licensed merge evidences",,none recorded,PARNAPARIN,,,,,
K1:M88B0M598L,,the named item no longer names two live corpus pages; an earlier identity pass already merged or dropped them,merge,R0 already-merged: corpus merge map records K1:LG1II3835L -> K1:M88B0M598L; the two names denote one live page (Diclofenac etalhyaluronate),high,NOT-LICENSED,rest,3,"the row records a merge already in force from identity pass 2/3, not a decision to apply; the cited evidence is the corpus merge record, not one of the three licensed merge evidences",,none recorded,Diclofenac etalhyaluronate,,,,,
K1:M9NPL5PYM6,,the named item no longer names two live corpus pages; an earlier identity pass already merged or dropped them,merge,R0 already-merged: corpus merge map records K1:ZXU8PM7Z5K -> K1:M9NPL5PYM6; the two names denote one live page (OBUDANERSEN),high,NOT-LICENSED,rest,3,"the row records a merge already in force from identity pass 2/3, not a decision to apply; the cited evidence is the corpus merge record, not one of the three licensed merge evidences",,none recorded,OBUDANERSEN,,,,,
K1:NQU9IPY4K9,K1:91XW058U2C,"an FDA salt/solvate relationship links the pages, but the child page is not a salt form of the parent by structure or by name, so §3.1 does not license a merge",separate,R8s the two held structures settle it: different skeletons XXJWYDDUDKYVKI vs VZCYOOQTPOCHFL; a name rule does not overrule a structure comparison,high,LICENSED-SEPARATE,rest,3,a separate verdict leaves both pages exactly as they are,K1:91XW058U2C,page_b,MALEIC ACID,Cediranib,,structure_conflict,related_form_of,
K1:O03W5S19PJ,,the named item no longer names two live corpus pages; an earlier identity pass already merged or dropped them,merge,R0 already-merged: corpus merge map records K1:ME0IRL7KDY -> K1:O03W5S19PJ; the two names denote one live page (Teprasiran),high,NOT-LICENSED,rest,3,"the row records a merge already in force from identity pass 2/3, not a decision to apply; the cited evidence is the corpus merge record, not one of the three licensed merge evidences",,none recorded,Teprasiran,,,,,
K1:O417YBE692,K4:chenopodium album,the evidence links the two pages but no rule in the spec's order decides them,separate,R9c Chenopodium Album Whole and Chenopodium Album are different registered preparations of one organism (whole); §2 K4 merges only on exact name-family equality and these two families are not equal,medium,LICENSED-SEPARATE,rest,3,a separate verdict leaves both pages exactly as they are,K4:chenopodium album,page_b,Chenopodium Album Whole,Chenopodium Album,,,,remainder
K1:P048YHG804,,the named item no longer names two live corpus pages; an earlier identity pass already merged or dropped them,merge,R0 already-merged: corpus merge map records K1:W3077QR2KG -> K1:P048YHG804; the two names denote one live page (Evazarsen),high,NOT-LICENSED,rest,3,"the row records a merge already in force from identity pass 2/3, not a decision to apply; the cited evidence is the corpus merge record, not one of the three licensed merge evidences",,none recorded,Evazarsen,,,,,
K1:P2BKS6T40H,,the named item no longer names two live corpus pages; an earlier identity pass already merged or dropped them,merge,R0 already-merged: corpus merge map records K1:4ROB1M2DHD -> K1:P2BKS6T40H; the two names denote one live page (MUPARFOSTAT),high,NOT-LICENSED,rest,3,"the row records a merge already in force from identity pass 2/3, not a decision to apply; the cited evidence is the corpus merge record, not one of the three licensed merge evidences",,none recorded,MUPARFOSTAT,,,,,
K1:P3UVQ22SHK,,the named item no longer names two live corpus pages; an earlier identity pass already merged or dropped them,merge,R0 already-merged: corpus merge map records K1:F5Y7739G6U -> K1:P3UVQ22SHK; the two names denote one live page (Abetimus),high,NOT-LICENSED,rest,3,"the row records a merge already in force from identity pass 2/3, not a decision to apply; the cited evidence is the corpus merge record, not one of the three licensed merge evidences",,none recorded,Abetimus,,,,,
K1:P58222188P,,the named item no longer names two live corpus pages; an earlier identity pass already merged or dropped them,merge,R0 already-merged: corpus merge map records K1:4516BN0T4B -> K1:P58222188P; the two names denote one live page (Fimasartan),high,NOT-LICENSED,rest,3,"the row records a merge already in force from identity pass 2/3, not a decision to apply; the cited evidence is the corpus merge record, not one of the three licensed merge evidences",,none recorded,Fimasartan,,,,,
K1:P7LJ54BP7G,K1:YH89GMV676,the evidence links the two pages but no rule in the spec's order decides them,separate,R9c Nasturtium Officinale Whole and Nasturtium Officinale are different registered preparations of one organism (whole); §2 K4 merges only on exact name-family equality and these two families are not equal,medium,LICENSED-SEPARATE,rest,3,a separate verdict leaves both pages exactly as they are,K1:YH89GMV676,page_b,Nasturtium Officinale Whole,Nasturtium Officinale,,,,remainder
K1:PHA4727WTP,K2:WQZGKKKJIJFFOK-QTVWNMPRSA-N,the evidence links the two pages but no rule in the spec's order decides them,separate,R8s the two held structures settle it: different skeletons GZCGUPFRVQAUEE vs WQZGKKKJIJFFOK; a name rule does not overrule a structure comparison,high,LICENSED-SEPARATE,rest,3,a separate verdict leaves both pages exactly as they are,K2:WQZGKKKJIJFFOK-QTVWNMPRSA-N,page_b,Demannose,D-MANNOSE,,same_unii; structure_conflict,,remainder
K1:PUE0TO3XDR,,the named item no longer names two live corpus pages; an earlier identity pass already merged or dropped them,merge,R0 already-merged: corpus merge map records K1:P59JKU02CE -> K1:PUE0TO3XDR; the two names denote one live page (BEMIPARIN),high,NOT-LICENSED,rest,3,"the row records a merge already in force from identity pass 2/3, not a decision to apply; the cited evidence is the corpus merge record, not one of the three licensed merge evidences",,none recorded,BEMIPARIN,,,,,
K1:Q3PW846TYN,K2:GPMTWAPXRJMXCC-UHFFFAOYSA-N,the evidence links the two pages but no rule in the spec's order decides them,separate,R8s the two held structures settle it: different skeletons NBOJHRYUGLRASX vs GPMTWAPXRJMXCC; a name rule does not overrule a structure comparison,high,LICENSED-SEPARATE,rest,3,a separate verdict leaves both pages exactly as they are,K2:GPMTWAPXRJMXCC-UHFFFAOYSA-N,page_b,PF-3845,CPD 10,,structure_conflict,,remainder
K1:Q5O76TA0ML,K1:88XHZ13131,"an FDA salt/solvate relationship links the pages, but the child page is not a salt form of the parent by structure or by name, so §3.1 does not license a merge",separate,R8s the two held structures settle it: different skeletons DYJIKHYBKVODAC vs VZCYOOQTPOCHFL; a name rule does not overrule a structure comparison,high,LICENSED-SEPARATE,rest,3,a separate verdict leaves both pages exactly as they are,K1:88XHZ13131,page_b,Fumaric Acid,Palindore,,structure_conflict,related_form_of,
K1:RJ9V9V09VM,K1:91XW058U2C,"an FDA salt/solvate relationship links the pages, but the child page is not a salt form of the parent by structure or by name, so §3.1 does not license a merge",separate,R8s the two held structures settle it: different skeletons NUPUDYKEEJNZRG vs VZCYOOQTPOCHFL; a name rule does not overrule a structure comparison,high,LICENSED-SEPARATE,rest,3,a separate verdict leaves both pages exactly as they are,K1:91XW058U2C,page_b,MALEIC ACID,Altinicline,,structure_conflict,related_form_of,
K1:RUU8G67GQM,K2:MLLNRQWNTKNRGQ-JXJCUFHPSA-N,the two pages carry the same UNII but different connectivity skeletons; §2 holds a K1/K2 disagreement for a person,merge,R1 identical UNII RUU8G67GQM; one page holds no structure of its own; §2 keys biologics and name-only records on UNII alone,high,NOT-LICENSED,rest,3,"§2 holds a K1/K2 disagreement for a person and never resolves it by majority, so the second opinion alone does not license a change here",K2:MLLNRQWNTKNRGQ-JXJCUFHPSA-N,page_b,Aescin,AESCIN,,same_unii; structure_conflict; moiety_match,,remainder
K1:T87K47QVF3,,the named item no longer names two live corpus pages; an earlier identity pass already merged or dropped them,merge,R0 already-merged: corpus merge map records K1:37KI8XF3IH -> K1:T87K47QVF3; the two names denote one live page (Sefaxersen),high,NOT-LICENSED,rest,3,"the row records a merge already in force from identity pass 2/3, not a decision to apply; the cited evidence is the corpus merge record, not one of the three licensed merge evidences",,none recorded,Sefaxersen,,,,,
K1:TL515DW4QS,K1:91XW058U2C,"an FDA salt/solvate relationship links the pages, but the child page is not a salt form of the parent by structure or by name, so §3.1 does not license a merge",separate,"R6 the GSRS record on K1:TL515DW4QS is a mixed salt whose active moiety is Vicriviroc (TL515DW4QS); MALEIC ACID is named only as its parent substance, which is the coformer or counter-ion, not the same substance",high,LICENSED-SEPARATE,rest,3,a separate verdict leaves both pages exactly as they are,K1:91XW058U2C,page_b,MALEIC ACID,Vicriviroc,,structure_conflict,related_form_of,
K1:TND56EA1LE,,the named item no longer names two live corpus pages; an earlier identity pass already merged or dropped them,merge,R0 already-merged: corpus merge map records K1:EOL499F0PD -> K1:TND56EA1LE; the two names denote one live page (Ulefnersen),high,NOT-LICENSED,rest,3,"the row records a merge already in force from identity pass 2/3, not a decision to apply; the cited evidence is the corpus merge record, not one of the three licensed merge evidences",,none recorded,Ulefnersen,,,,,
K1:TVF29Q70Q1,,the named item no longer names two live corpus pages; an earlier identity pass already merged or dropped them,merge,R0 already-merged: corpus merge map records K1:63S35FF5KS -> K1:TVF29Q70Q1; the two names denote one live page (Pexiganan),high,NOT-LICENSED,rest,3,"the row records a merge already in force from identity pass 2/3, not a decision to apply; the cited evidence is the corpus merge record, not one of the three licensed merge evidences",,none recorded,Pexiganan,,,,,
K1:U4YV46D2DT,,the named item no longer names two live corpus pages; an earlier identity pass already merged or dropped them,merge,R0 already-merged: corpus merge map records K1:XBZ2D4R7RF -> K1:U4YV46D2DT; the two names denote one live page (ZOREVUNERSEN),high,NOT-LICENSED,rest,3,"the row records a merge already in force from identity pass 2/3, not a decision to apply; the cited evidence is the corpus merge record, not one of the three licensed merge evidences",,none recorded,ZOREVUNERSEN,,,,,
K1:U5JDO2770Z,K4:alanyl glutamine,"same normalised name; one page holds a structure and the other holds none, so no structural rule applies",separate,R9 no shared identifier and no structure pair to compare (ALANYL GLUTAMINE vs L-Alanyl-Glutamine); UNIIs ['U5JDO2770Z'] vs none; InChIKeys HJCMDXDYPOUFDY-WHFBIAKZSA-N vs none,low,LICENSED-SEPARATE,rest,3,a separate verdict leaves both pages exactly as they are,K4:alanyl glutamine,page_b,ALANYL GLUTAMINE,L-Alanyl-Glutamine,,,,review
K1:ULS0NT2D68,,the named item no longer names two live corpus pages; an earlier identity pass already merged or dropped them,merge,R0 already-merged: corpus merge map records K1:5VUD7QY6RZ -> K1:ULS0NT2D68; the two names denote one live page (Necuparanib),high,NOT-LICENSED,rest,3,"the row records a merge already in force from identity pass 2/3, not a decision to apply; the cited evidence is the corpus merge record, not one of the three licensed merge evidences",,none recorded,Necuparanib,,,,,
K1:UXG268Q86R,K2:JSRSZGUKOAXAJV-MXAPAKLGSA-N,the two pages carry the same UNII but different connectivity skeletons; §2 holds a K1/K2 disagreement for a person,merge,R1 identical UNII UXG268Q86R; one page holds no structure of its own; §2 keys biologics and name-only records on UNII alone,high,NOT-LICENSED,rest,3,"§2 holds a K1/K2 disagreement for a person and never resolves it by majority, so the second opinion alone does not license a change here",K2:JSRSZGUKOAXAJV-MXAPAKLGSA-N,page_b,Lenomorelin,Lenomorelin,,same_unii; structure_conflict; moiety_match,,remainder
K1:V20IVC0OGQ,,the named item no longer names two live corpus pages; an earlier identity pass already merged or dropped them,merge,R0 already-merged: corpus merge map records K1:3LN5C15FP2 -> K1:V20IVC0OGQ; the two names denote one live page (Fazirsiran),high,NOT-LICENSED,rest,3,"the row records a merge already in force from identity pass 2/3, not a decision to apply; the cited evidence is the corpus merge record, not one of the three licensed merge evidences",,none recorded,Fazirsiran,,,,,
K1:V2YK90BZ31,K1:C2K325S808,"an FDA salt/solvate relationship links the pages, but the child page is not a salt form of the parent by structure or by name, so §3.1 does not license a merge",separate,"R6d GSRS names PROTOPORPHYRIN as the parent substance of RBT-9, yet nothing in the names or structures makes one a salt or solvate of the other; the link runs through a coformer",medium,LICENSED-SEPARATE,rest,3,a separate verdict leaves both pages exactly as they are,K1:C2K325S808,page_b,PROTOPORPHYRIN,RBT-9,,structure_conflict; moiety_match,related_form_of,
K1:V72OT3K19I,,the named item no longer names two live corpus pages; an earlier identity pass already merged or dropped them,merge,R0 already-merged: corpus merge map records K1:N816FF9P2W -> K1:V72OT3K19I; the two names denote one live page (CERTOPARIN),high,NOT-LICENSED,rest,3,"the row records a merge already in force from identity pass 2/3, not a decision to apply; the cited evidence is the corpus merge record, not one of the three licensed merge evidences",,none recorded,CERTOPARIN,,,,,
K1:W6YJ85G6YG,,the named item no longer names two live corpus pages; an earlier identity pass already merged or dropped them,merge,R0 already-merged: corpus merge map records K1:28GMY2R77H -> K1:W6YJ85G6YG; the two names denote one live page (Tonlamarsen),high,NOT-LICENSED,rest,3,"the row records a merge already in force from identity pass 2/3, not a decision to apply; the cited evidence is the corpus merge record, not one of the three licensed merge evidences",,none recorded,Tonlamarsen,,,,,
K1:WDN6V96D5U,K1:88XHZ13131,"an FDA salt/solvate relationship links the pages, but the child page is not a salt form of the parent by structure or by name, so §3.1 does not license a merge",separate,"R6 the GSRS record on K1:WDN6V96D5U is a mixed salt whose active moiety is Ipazilide (WDN6V96D5U); Fumaric Acid is named only as its parent substance, which is the coformer or counter-ion, not the same substance",high,LICENSED-SEPARATE,rest,3,a separate verdict leaves both pages exactly as they are,K1:88XHZ13131,page_b,Fumaric Acid,Ipazilide,,structure_conflict,related_form_of,
K1:WUB68Y35M7,K4:rose,the evidence links the two pages but no rule in the spec's order decides them,separate,R9c Rose Oil and Rose are different registered preparations of one organism (oil); §2 K4 merges only on exact name-family equality and these two families are not equal,medium,LICENSED-SEPARATE,rest,3,a separate verdict leaves both pages exactly as they are,K4:rose,page_b,Rose Oil,Rose,,,,remainder
K1:X4BE7S8PN9,,the named item no longer names two live corpus pages; an earlier identity pass already merged or dropped them,merge,R0 already-merged: corpus merge map records K1:7DR6F86F5U -> K1:X4BE7S8PN9; the two names denote one live page (Lepodisiran),high,NOT-LICENSED,rest,3,"the row records a merge already in force from identity pass 2/3, not a decision to apply; the cited evidence is the corpus merge record, not one of the three licensed merge evidences",,none recorded,Lepodisiran,,,,,
K1:X6T6YN87SU,,"two pages collide on a display name and nothing recorded for them - substance class, primary target, stereo descriptor, UNII or structure - tells one from the other",separate,"R0b distinct substances sharing the normalised name 'potassium': POTASSIUM SODIUM HYDROGEN CITRATE (COSZWAUYIUYQBS-UHFFFAOYSA-B) against POTASSIUM CITRATE, POTASSIUM CITRATE ANHYDROUS, POTASSIUM GLUCONATE, POTASSIUM SALICYLATE; disambiguate on the display name, do not merge",high,LICENSED-SEPARATE,rest,3,a separate verdict leaves both pages exactly as they are,,none recorded,POTASSIUM SODIUM HYDROGEN CITRATE,,,,,
K1:XM71MYX0IQ,,the named item no longer names two live corpus pages; an earlier identity pass already merged or dropped them,merge,R0 already-merged: corpus merge map records K1:L82J8IP845 -> K1:XM71MYX0IQ; the two names denote one live page (Rusfertide),high,NOT-LICENSED,rest,3,"the row records a merge already in force from identity pass 2/3, not a decision to apply; the cited evidence is the corpus merge record, not one of the three licensed merge evidences",,none recorded,Rusfertide,,,,,
K1:XQG9Q75WDN,K2:GTZAZEAHZZCTRB-UHFFFAOYSA-N,the evidence links the two pages but no rule in the spec's order decides them,separate,R8s the two held structures settle it: different skeletons NHFUMKJMFWEFCZ vs GTZAZEAHZZCTRB; a name rule does not overrule a structure comparison,high,LICENSED-SEPARATE,rest,3,a separate verdict leaves both pages exactly as they are,K2:GTZAZEAHZZCTRB-UHFFFAOYSA-N,page_b,SODIUM PENTABORATE,PENTABORATE,,structure_conflict,,remainder
K1:XUH21YGS7O,,the named item no longer names two live corpus pages; an earlier identity pass already merged or dropped them,merge,R0 already-merged: corpus merge map records K1:CR8LH47UDV -> K1:XUH21YGS7O; the two names denote one live page (HEPCIDIN),high,NOT-LICENSED,rest,3,"the row records a merge already in force from identity pass 2/3, not a decision to apply; the cited evidence is the corpus merge record, not one of the three licensed merge evidences",,none recorded,HEPCIDIN,,,,,
K1:Y72TWM6CAA,,the named item no longer names two live corpus pages; an earlier identity pass already merged or dropped them,merge,R0 already-merged: corpus merge map records K1:6LG8QHG78H -> K1:Y72TWM6CAA; the two names denote one live page (Zodasiran),high,NOT-LICENSED,rest,3,"the row records a merge already in force from identity pass 2/3, not a decision to apply; the cited evidence is the corpus merge record, not one of the three licensed merge evidences",,none recorded,Zodasiran,,,,,
K1:YA87U85J0D,K4:embelia ribes,the evidence links the two pages but no rule in the spec's order decides them,separate,R9c Embelia Ribes Whole and Embelia Ribes are different registered preparations of one organism (whole); §2 K4 merges only on exact name-family equality and these two families are not equal,medium,LICENSED-SEPARATE,rest,3,a separate verdict leaves both pages exactly as they are,K4:embelia ribes,page_b,Embelia Ribes Whole,Embelia Ribes,,,,remainder
K1:YBM8W799TH,K1:32526637PN,"an FDA salt/solvate relationship links the pages, but the child page is not a salt form of the parent by structure or by name, so §3.1 does not license a merge",separate,"R6d GSRS names 2,4,5-TRICHLOROPHENOL as the parent substance of 3,3'-DIETHYLTHIACARBOCYANINE, yet nothing in the names or structures makes one a salt or solvate of the other; the link runs through a coformer",medium,LICENSED-SEPARATE,rest,3,a separate verdict leaves both pages exactly as they are,K1:32526637PN,page_b,"2,4,5-TRICHLOROPHENOL","3,3'-DIETHYLTHIACARBOCYANINE",,structure_conflict,related_form_of,
K1:YPX537PA31,K4:chrysanthellum indicum,the evidence links the two pages but no rule in the spec's order decides them,separate,R9c Chrysanthellum Indicum Whole and Chrysanthellum Indicum are different registered preparations of one organism (whole); §2 K4 merges only on exact name-family equality and these two families are not equal,medium,LICENSED-SEPARATE,rest,3,a separate verdict leaves both pages exactly as they are,K4:chrysanthellum indicum,page_b,Chrysanthellum Indicum Whole,Chrysanthellum Indicum,,,,remainder
K1:Z87O6SM01N,,the named item no longer names two live corpus pages; an earlier identity pass already merged or dropped them,merge,R0 already-merged: corpus merge map records K1:XCC829VFT7 -> K1:Z87O6SM01N; the two names denote one live page (Bepirovirsen),high,NOT-LICENSED,rest,3,"the row records a merge already in force from identity pass 2/3, not a decision to apply; the cited evidence is the corpus merge record, not one of the three licensed merge evidences",,none recorded,Bepirovirsen,,,,,
K1:ZLT174DL7U,K2:RYEFFICCPKWYML-XZJHJRNISA-N,the two pages carry the same UNII but different connectivity skeletons; §2 holds a K1/K2 disagreement for a person,merge,R1 identical UNII ZLT174DL7U; one page holds no structure of its own; §2 keys biologics and name-only records on UNII alone,high,NOT-LICENSED,rest,3,"§2 holds a K1/K2 disagreement for a person and never resolves it by majority, so the second opinion alone does not license a change here",K2:RYEFFICCPKWYML-XZJHJRNISA-N,page_b,Picrotoxin,PICROTOXIN,,same_unii; structure_conflict; moiety_match,,remainder
K1:ZX5Z2LW23O,K4:eleutherococcus senticosus,the evidence links the two pages but no rule in the spec's order decides them,separate,R9c Eleutherococcus Senticosus Whole and Eleutherococcus Senticosus are different registered preparations of one organism (whole); §2 K4 merges only on exact name-family equality and these two families are not equal,medium,LICENSED-SEPARATE,rest,3,a separate verdict leaves both pages exactly as they are,K4:eleutherococcus senticosus,page_b,Eleutherococcus Senticosus Whole,Eleutherococcus Senticosus,,,,remainder
K1:ZZK8X1CR0R,K2:RHRWRRHWGAOQBC-NHQGMKOOSA-N,the evidence links the two pages but no rule in the spec's order decides them,separate,R8s the two held structures settle it: different skeletons CRJGESKKUOMBCT vs RHRWRRHWGAOQBC; a name rule does not overrule a structure comparison,high,LICENSED-SEPARATE,rest,3,a separate verdict leaves both pages exactly as they are,K2:RHRWRRHWGAOQBC-NHQGMKOOSA-N,page_b,N-ACETYL Dihydrosphingosine,Ceramide,,structure_conflict,,remainder
K2:FNWVPWJMPKZALM-UHFFFAOYSA-B,,"two pages collide on a display name and nothing recorded for them - substance class, primary target, stereo descriptor, UNII or structure - tells one from the other",separate,"R0b distinct substances sharing the normalised name 'potassium': POTASSIUM SODIUM HYDROGEN CITRATE ANHYDROUS (FNWVPWJMPKZALM-UHFFFAOYSA-B) against POTASSIUM CITRATE, POTASSIUM CITRATE ANHYDROUS, POTASSIUM GLUCONATE, POTASSIUM SALICYLATE; disambiguate on the display name, do not merge",high,LICENSED-SEPARATE,rest,3,a separate verdict leaves both pages exactly as they are,,none recorded,POTASSIUM SODIUM HYDROGEN CITRATE ANHYDROUS,,,,,
K2:FYQZGCBXYVWXSP-LCHZDSEPSA-N,K2:INENPLBOLCGOAH-RFNBFDFKSA-N,the two pages carry the same UNII but different connectivity skeletons; §2 holds a K1/K2 disagreement for a person,merge,"R1 identical UNII PP082U6W1L, but the two held structures disagree (different skeletons FYQZGCBXYVWXSP vs INENPLBOLCGOAH); the registry identifier is the stronger evidence and the structure conflict needs a data fix",medium,NOT-LICENSED,rest,3,"§2 holds a K1/K2 disagreement for a person and never resolves it by majority, so the second opinion alone does not license a change here",K2:INENPLBOLCGOAH-RFNBFDFKSA-N,page_b,Zinostatin,NEOCARZINOSTATIN,,same_unii; structure_conflict; moiety_match; fragment_match,,remainder
K2:GCIBXLKDWKQSNJ-SECBINFHSA-N,,"two pages collide on a display name and nothing recorded for them - substance class, primary target, stereo descriptor, UNII or structure - tells one from the other",separate,"R0b distinct substances sharing the normalised name 'linalool': (-)-LINALOOL (GCIBXLKDWKQSNJ-SECBINFHSA-N) against LINALOOL, Linalool; disambiguate on the display name, do not merge",high,LICENSED-SEPARATE,rest,3,a separate verdict leaves both pages exactly as they are,,none recorded,(-)-LINALOOL,,,,,
K3:CHEMBL2108492,K3:CHEMBL2108493,the evidence links the two pages but no rule in the spec's order decides them,merge,"R7y identical name 'Insulin zinc suspension (crystalline)' and no structure on either page; UNIIs none / none, substance classes [] / []",low,NOT-LICENSED,rest,3,a merge at low confidence,K3:CHEMBL2108493,page_b,Insulin zinc suspension (crystalline),Insulin zinc suspension (amorphous),,,,remainder
