page_a,page_b,verdict,evidence,confidence
HOLD:existing:clobetasol,K1:ADN79D536H,form_of,"R1x §3.2 exception to the shared UNII ADN79D536H: the structure on HOLD:existing:clobetasol is GSRS Clobetasol propionate (779619577M), one covalent molecule that adds propionate to CLOBETASOL. An ester or acyl derivative is a distinct substance, so the pages split and link",high
HOLD:existing:cortisone,K1:V27W9254FZ,form_of,"R1x §3.2 exception to the shared UNII V27W9254FZ: the structure on HOLD:existing:cortisone is GSRS Cortisone acetate (883WKN7W8X), one covalent molecule that adds acetate to Cortisone. An ester or acyl derivative is a distinct substance, so the pages split and link",high
HOLD:existing:megestrol,K1:EA6LD1M70M,form_of,"R1x §3.2 exception to the shared UNII EA6LD1M70M: the structure on HOLD:existing:megestrol is GSRS Megestrol Acetate (TJ2M0FR8ES), one covalent molecule that adds acetate to Megestrol. An ester or acyl derivative is a distinct substance, so the pages split and link",high
K1:01Q9PC255D,K1:5138Q19F1X,separate,R4z shared parent QGZKDVFQNNGYKY has 0 carbon atoms; an inorganic anion is not a moiety a drug page merges onto,high
K1:094ZI81Y45,K1:XF417D3PSL,separate,"R6 the GSRS record on K1:094ZI81Y45 is a mixed salt whose active moiety is Tamoxifen (094ZI81Y45); Anhydrous Citric Acid is named only as its parent substance, which is the coformer or counter-ion, not the same substance",high
K1:0RH81L854J,K4:glutamine nitrate,merge,R7 §3.1/§3.1a salt or hydrate on the register's printed name: Glutamine Nitrate = Glutamine + nitrate,medium
K1:11P2JDE17B,K1:7GB7U7M282,separate,R8s the two held structures settle it: different skeletons UCMIRNVEIXFBKS vs OOJZCXFXPZGUBJ; a name rule does not overrule a structure comparison,high
K1:11P2JDE17B,K1:OF5P57N2ZX,separate,R8s the two held structures settle it: different skeletons UCMIRNVEIXFBKS vs QNAYBMKLOCPYGJ; a name rule does not overrule a structure comparison,high
K1:169D1260KM,K1:EAO03PE1TC,merge,R7 §3.1/§3.1a salt or hydrate on the register's printed name: SODIUM NITROPRUSSIDE = NITROPRUSSIDE + sodium,medium
K1:17LEI49C2G,K1:3A9RD92BS4,separate,"R9a two separately registered FDA substances: GALLIUM MALTOLATE ['17LEI49C2G'] and Maltol ['3A9RD92BS4'], preferred names GALLIUM MALTOLATE and Maltol; neither is a salt, solvate or stereo form of the other by name or by structure",high
K1:1PIO77PW2X,K1:XGF7L72M0F,separate,R9c Fish Oil and Fish are different registered preparations of one organism (oil); §2 K4 merges only on exact name-family equality and these two families are not equal,medium
K1:1XU104G55N,,merge,R0 already-merged: corpus merge map records K1:P4SG24WI5Q -> K1:1XU104G55N; the two names denote one live page (Colesevelam),high
K1:1XU104G55N,,merge,R0 already-merged: corpus merge map records K1:P4SG24WI5Q -> K1:1XU104G55N; the two names denote one live page (Colesevelam),high
K1:1Y17CTI5SR,K3:CHEMBL2108974,merge,R7 §3.1/§3.1a salt or hydrate on the register's printed name: INSULIN HUMAN ZINC = Insulin human + zinc,medium
K1:241ATL177A,K1:L7HT8F1ZOD,separate,R9c Soybean Oil and Soybean are different registered preparations of one organism (oil); §2 K4 merges only on exact name-family equality and these two families are not equal,medium
K1:26GW6E5M72,K1:M4F288ZCTR,merge,R7 §3.1/§3.1a salt or hydrate on the register's printed name: HEPARIN CALCIUM = Heparin (PORCINE; 7000 MW) + calcium,medium
K1:3LE3D9D6OY,K1:G2SH0XKK91,merge,R5 FDA active moiety: GSRS gives Retinol (81G40H8B0T) as the active moiety of Vitamin A Acetate,medium
K1:411VRN1TV4,K1:8M4L3H2ZVZ,separate,R4z shared parent GRYLNZFGIOXLOG has 0 carbon atoms; an inorganic anion is not a moiety a drug page merges onto,high
K1:411VRN1TV4,K1:RU45X2JN0Z,separate,R4z shared parent GRYLNZFGIOXLOG has 0 carbon atoms; an inorganic anion is not a moiety a drug page merges onto,high
K1:438HCF2X0M,K1:L7CHH2B2J0,merge,R7 §3.1/§3.1a salt or hydrate on the register's printed name: DEFIBROTIDE SODIUM = Defibrotide (BOVINE) + sodium,medium
K1:45P3261C7T,K1:BQN1B9B9HA,separate,"R4y both are salts of BVKZGUZCCUSVTD; neither page is that parent moiety; §3.1 merges a salt into its parent, and that parent is not either of these two pages",high
K1:45P3261C7T,K1:H0G9379FGK,separate,"R4y both are salts of BVKZGUZCCUSVTD; neither page is that parent moiety; §3.1 merges a salt into its parent, and that parent is not either of these two pages",high
K1:4G4WDK2YBS,K1:94ZLA3W45F,separate,"R6 the GSRS record on K1:4G4WDK2YBS is a mixed salt whose active moiety is ZOFENOPRILAT (4G4WDK2YBS); Arginine is named only as its parent substance, which is the coformer or counter-ion, not the same substance",high
K1:4T6H12BN9U,K1:B6E5W8RQJ4,separate,"R9a two separately registered FDA substances: Petrolatum ['4T6H12BN9U'] and White Petrolatum ['B6E5W8RQJ4'], preferred names PETROLATUM and WHITE PETROLATUM; neither is a salt, solvate or stereo form of the other by name or by structure",high
K1:5138Q19F1X,K1:67M901L9NQ,separate,"R4w Ammonia appears only as a fragment of Ammonium Lactate, not as its parent moiety",high
K1:5138Q19F1X,K1:AC80WD7GPF,separate,"R4w Ammonia appears only as a fragment of Ammonium Benzoate, not as its parent moiety",high
K1:5138Q19F1X,K1:R0JB3224WS,separate,R4z shared parent QGZKDVFQNNGYKY has 0 carbon atoms; an inorganic anion is not a moiety a drug page merges onto,high
K1:53AXN4NNHX,K2:UCZDWGAJSOUHOU-VDBPWWIZSA-N,separate,"R9a two separately registered FDA substances: Semaglutide ['53AXN4NNHX'] and GLP-1 ['0JS9125PIZ'], preferred names Semaglutide and GLUCAGON-LIKE PEPTIDE-I(7-36) AMIDE; neither is a salt, solvate or stereo form of the other by name or by structure",high
K1:69PN84IO1A,K1:91XW058U2C,separate,R8s the two held structures settle it: different skeletons GBXSMTUPTTWBMN vs VZCYOOQTPOCHFL; a name rule does not overrule a structure comparison,high
K1:6QT214X4XU,K1:R16CO5Y76E,merge,R5 FDA active moiety: GSRS gives ASA (R16CO5Y76E) as the active moiety of Aloxiprin,medium
K1:75IZZ8Y727,K1:N20HL7Q941,separate,R9c Camphor Oil and Camphor are different registered preparations of one organism (oil); §2 K4 merges only on exact name-family equality and these two families are not equal,medium
K1:76LA80IG2G,,merge,R0 already-merged: corpus merge map records K1:1H87NVF4DB -> K1:76LA80IG2G; the two names denote one live page (Glucagon),high
K1:76LA80IG2G,,merge,R0 already-merged: corpus merge map records K1:1H87NVF4DB -> K1:76LA80IG2G; the two names denote one live page (Glucagon),high
K1:7GB7U7M282,K1:OF5P57N2ZX,separate,R8s the two held structures settle it: different skeletons OOJZCXFXPZGUBJ vs QNAYBMKLOCPYGJ; a name rule does not overrule a structure comparison,high
K1:7QWA1RIO01,K2:ZAKOWWREFLAJOT-ADUHFSDSSA-N,separate,R8s the two held structures settle it: different skeletons GVJHHUAWPYXKBD vs ZAKOWWREFLAJOT; a name rule does not overrule a structure comparison,high
K1:7UJQ5OPE7D,K1:8MDF5V39QO,separate,R4z shared parent BVKZGUZCCUSVTD has 1 carbon atoms; an inorganic anion is not a moiety a drug page merges onto,high
K1:7UJQ5OPE7D,K1:HM5Z15LEBN,separate,R4z shared parent BVKZGUZCCUSVTD has 1 carbon atoms; an inorganic anion is not a moiety a drug page merges onto,high
K1:7UP781YBR6,K1:N91BDP6H0X,separate,"R6d GSRS names Choline as the parent substance of Salcolex Anhydrous, yet nothing in the names or structures makes one a salt or solvate of the other; the link runs through a coformer",medium
K1:884KT10YB7,K1:XF417D3PSL,separate,"R6 the GSRS record on K1:884KT10YB7 is a mixed salt whose active moiety is Ranitidine (884KT10YB7); Anhydrous Citric Acid is named only as its parent substance, which is the coformer or counter-ion, not the same substance",high
K1:8MDF5V39QO,K1:NPT6P8P3UU,separate,R8s the two held structures settle it: different skeletons BVKZGUZCCUSVTD vs FEWJPZIEWOKRBE; a name rule does not overrule a structure comparison,high
K1:8QTV3DTT8W,K4:chondroitin,merge,R7 §3.1/§3.1a salt or hydrate on the register's printed name: Chondroitin Sulfate Sodium (BOVINE) = Chondroitin + sulfate/sodium,medium
K1:941N5DUU5C,,merge,R0 already-merged: corpus merge map records K1:GLS2PGI8QG -> K1:941N5DUU5C; the two names denote one live page (Sevelamer),high
K1:941N5DUU5C,K1:9YCX42I8IU,merge,R5 FDA active moiety: GSRS gives Sevelamer (941N5DUU5C) as the active moiety of Sevelamer Carbonate; Sevelamer Carbonate = Sevelamer + carbonate,high
K1:94ZLA3W45F,K4:arginine l malate,merge,R7 §3.1/§3.1a salt or hydrate on the register's printed name: Arginine-L-Malate = Arginine + malate,medium
K1:94ZLA3W45F,K4:arginine orotate,separate,R9 no shared identifier and no structure pair to compare (Arginine vs Arginine Orotate); UNIIs ['94ZLA3W45F'] vs none; InChIKeys ODKSFYDXXFIFQN-BYPYZUCNSA-N vs none,low
K1:9U6A490501,K2:ZAKOWWREFLAJOT-ADUHFSDSSA-N,separate,R8s the two held structures settle it: different skeletons WGVKWNUPNGFDFJ vs ZAKOWWREFLAJOT; a name rule does not overrule a structure comparison,high
K1:BGF9MN2HU1,K1:N91BDP6H0X,separate,"R6 the GSRS record on K1:BGF9MN2HU1 is a mixed salt whose active moiety is Fenofibric Acid (BGF9MN2HU1); Choline is named only as its parent substance, which is the coformer or counter-ion, not the same substance",high
K1:BQN1B9B9HA,,separate,"R0b distinct substances sharing the normalised name 'potassium': Potassium Carbonate (BWHMMNNQKKPAPP-UHFFFAOYSA-L) against POTASSIUM CITRATE, POTASSIUM CITRATE ANHYDROUS, POTASSIUM GLUCONATE, POTASSIUM SALICYLATE; disambiguate on the display name, do not merge",high
K1:C5529G5JPQ,K1:SAS9Z1SVUK,separate,R9c Ginger Oil and Ginger are different registered preparations of one organism (oil); §2 K4 merges only on exact name-family equality and these two families are not equal,medium
K1:DJJ95FJP1H,K1:N91BDP6H0X,separate,"R6d GSRS names Choline as the parent substance of CHOLINE MAGNESIUM TRISALICYLATE, yet nothing in the names or structures makes one a salt or solvate of the other; the link runs through a coformer",medium
K1:E6S1NJ4Y5Q,K1:SMD1X3XO9M,separate,"R9a two separately registered FDA substances: CELLULOSE SODIUM PHOSPHATE ['E6S1NJ4Y5Q'] and Powdered Cellulose ['SMD1X3XO9M'], preferred names CELLULOSE SODIUM PHOSPHATE and POWDERED CELLULOSE; neither is a salt, solvate or stereo form of the other by name or by structure",high
K1:EAO03PE1TC,K1:2WTB3V159F,separate,"R9a two separately registered FDA substances: SODIUM NITROPRUSSIDE ['EAO03PE1TC'] and Hydrogen Cyanide ['2WTB3V159F'], preferred names Sodium nitroprusside and Hydrogen cyanide; neither is a salt, solvate or stereo form of the other by name or by structure",high
K1:F60NE4XB53,,merge,R0 already-merged: corpus merge map records K1:2AW48LAZ4I -> K1:F60NE4XB53; the two names denote one live page (Imetelstat),high
K1:F6A27P4Q4R,K1:H6241UJ22B,separate,R8s the two held structures settle it: different skeletons MCAHWIHFGHIESP vs BUGBHKTXTAQXES; a name rule does not overrule a structure comparison,high
K1:FB33469R8E,K2:GJUHUIXJLZINMA-MJCUULBUSA-N,separate,R8s the two held structures settle it: different skeletons PROQIPRRNZUXQM vs GJUHUIXJLZINMA; a name rule does not overrule a structure comparison,high
K1:FD57A79R4P,K1:N91BDP6H0X,separate,"R6a GSRS names Choline as the parent substance of TIOMOLIBDATE CHOLINE, but it records the active moiety as TIOMOLIBDIC ACID (206J6X63BE); the counter-ion is the substance being recorded",high
K1:FO2303MNI2,K1:L99N5N533T,separate,R8s the two held structures settle it: different skeletons LDCRTTXIJACKKU vs OTMSDBZUPAUEDD; a name rule does not overrule a structure comparison,high
K1:I3T12NR296,K1:YEH1EZ96K6,separate,R8s the two held structures settle it: different skeletons MCKJPJYRCPANCC vs DMKSVUSAATWOCU; a name rule does not overrule a structure comparison,high
K1:IU5QR144QX,K2:GJUHUIXJLZINMA-MJCUULBUSA-N,merge,R1 identical UNII IU5QR144QX; one page holds no structure of its own; §2 keys biologics and name-only records on UNII alone,high
K1:JGK960078D,K1:TE7660XO1C,separate,"R9a two separately registered FDA substances: FERROGLYCINE SULFATE ['JGK960078D'] and Glycine ['681VJX72FE', 'TE7660XO1C'], preferred names FERROGLYCINE SULFATE and ZINC GLYCINATE; neither is a salt, solvate or stereo form of the other by name or by structure",high
K1:JHC049LO86,K1:8SKN0B0MIM,separate,R8s the two held structures settle it: different skeletons ZSBOMTDTBDDKMP vs WPYMKLBDIGXBTP; a name rule does not overrule a structure comparison,high
K1:K0U68Q2TXA,K1:L0378Q1565,merge,R5 FDA active moiety: GSRS gives Corticotropin (K0U68Q2TXA) as the active moiety of Corticotropin zinc hydroxide,medium
K1:LZB1G2I725,K1:30KYC7MIAI,separate,"R4w Aspartic acid appears only as a fragment of Arginine Aspartate, not as its parent moiety",high
K1:M0KG633D4F,K1:T2I5UM75DN,separate,R4z shared parent IOVCWXUNBOPUCH has 0 carbon atoms; an inorganic anion is not a moiety a drug page merges onto,high
K1:M4F288ZCTR,K1:ZZ45AB24CA,separate,"R9a two separately registered FDA substances: HEPARIN CALCIUM ['M4F288ZCTR'] and Heparin sodium ['ZZ45AB24CA'], preferred names HEPARIN CALCIUM and HEPARIN SODIUM; neither is a salt, solvate or stereo form of the other by name or by structure",high
K1:M4F288ZCTR,K2:ZFGMDIBRIDKWMY-PASTXAENSA-N,separate,"R9a two separately registered FDA substances: HEPARIN CALCIUM ['M4F288ZCTR'] and SODIUM HEPARIN ['ZZ45AB24CA'], preferred names HEPARIN CALCIUM and HEPARIN SODIUM; neither is a salt, solvate or stereo form of the other by name or by structure",high
K1:MA10QYF1Z0,K1:3A9RD92BS4,separate,"R6a GSRS names Maltol as the parent substance of Ferric maltol, but it records the active moiety as FERRIC CATION (91O4LML611); the counter-ion is the substance being recorded",high
K1:MQG94M5EEO,,merge,R0 already-merged: corpus merge map records K1:LGW5H38VE3 -> K1:MQG94M5EEO; the two names denote one live page (Tesamorelin),high
K1:MQG94M5EEO,,merge,R0 already-merged: corpus merge map records K1:LGW5H38VE3 -> K1:MQG94M5EEO; the two names denote one live page (Tesamorelin),high
K1:MU72812GK0,K4:creatine gluconate,merge,R7 §3.1/§3.1a salt or hydrate on the register's printed name: Creatine Gluconate = Creatine + gluconate,medium
K1:NPT6P8P3UU,,separate,"R0b distinct substances sharing the normalised name 'potassium': Potassium Bitartrate (KYKNRZGSIGMXFH-ZVGUSBNCSA-M) against POTASSIUM CITRATE, POTASSIUM CITRATE ANHYDROUS, POTASSIUM GLUCONATE, POTASSIUM SALICYLATE; disambiguate on the display name, do not merge",high
K1:NPT6P8P3UU,K1:W4888I119H,separate,"R4a Potassium Bitartrate is TARTARIC ACID (FEWJPZIEWOKRBE) plus counter-ions or solvate, but FDA records the active moiety of Potassium Bitartrate as POTASSIUM CATION (295O53K152), not TARTARIC ACID; the counter-ion is the substance being recorded and the organic acid is its carrier",high
K1:QX10HYY4QV,K4:sesame,separate,R9c Sesame Oil and Sesame are different registered preparations of one organism (oil); §2 K4 merges only on exact name-family equality and these two families are not equal,medium
K1:R1B526117P,K1:94ZLA3W45F,separate,"R6d GSRS names Arginine as the parent substance of HEME ARGINATE, yet nothing in the names or structures makes one a salt or solvate of the other; the link runs through a coformer",medium
K1:RU45X2JN0Z,,separate,"R0b distinct substances sharing the normalised name 'potassium': Potassium Nitrate (FGIUAXJPYTZDNR-UHFFFAOYSA-N) against POTASSIUM CITRATE, POTASSIUM CITRATE ANHYDROUS, POTASSIUM GLUCONATE, POTASSIUM SALICYLATE; disambiguate on the display name, do not merge",high
K1:S71T8B8Z6P,K1:QZV2W997JQ,separate,"R9a two separately registered FDA substances: CHROMIUM PICOLINATE ['S71T8B8Z6P'] and Picolinic Acid ['ALO92O31SE', 'QZV2W997JQ'], preferred names CHROMIUM PICOLINATE and ZINC PICOLINATE; neither is a salt, solvate or stereo form of the other by name or by structure",high
K1:SFW1D987QV,K1:TE7660XO1C,separate,"R9a two separately registered FDA substances: FERROUS BISGLYCINATE ['SFW1D987QV'] and Glycine ['681VJX72FE', 'TE7660XO1C'], preferred names FERROUS BISGLYCINATE and ZINC GLYCINATE; neither is a salt, solvate or stereo form of the other by name or by structure",high
K1:SOI2LOH54Z,K1:13S1S8SF37,separate,R4z shared parent PTFCDOFLOPIGGS has 0 carbon atoms; an inorganic anion is not a moiety a drug page merges onto,high
K1:SY7Q814VUP,K1:UV63W89SJM,separate,R8s the two held structures settle it: different skeletons BHPQYMZQTOCNFJ vs POULHZVOKOAJMA; a name rule does not overrule a structure comparison,high
K1:SY7Q814VUP,UNKEYED:existing:calcium-potassium-phosphate-citrate,separate,R9 no shared identifier and no structure pair to compare (CALCIUM vs Calcium Potassium Phosphate Citrate); UNIIs ['SY7Q814VUP'] vs none; InChIKeys OYPRJOBELJOOCE-UHFFFAOYSA-N vs none,low
K1:SZB83O1W42,K1:94ZLA3W45F,separate,"R6 the GSRS record on K1:SZB83O1W42 is a mixed salt whose active moiety is Pidolic acid (SZB83O1W42); Arginine is named only as its parent substance, which is the coformer or counter-ion, not the same substance",high
K1:TLE294X33A,K1:2WTB3V159F,separate,"R9a two separately registered FDA substances: PRUSSIAN BLUE INSOLUBLE ['TLE294X33A'] and Hydrogen Cyanide ['2WTB3V159F'], preferred names FERRIC FERROCYANIDE and Hydrogen cyanide; neither is a salt, solvate or stereo form of the other by name or by structure",high
K1:TW371I5GLO,K1:N91BDP6H0X,separate,"R6d GSRS names Choline as the parent substance of Salcolex, yet nothing in the names or structures makes one a salt or solvate of the other; the link runs through a coformer",medium
K1:U6WSN5SQ1Z,K1:R4R8J0Q44B,separate,"R4x §1 the removed fragment is not a counter-ion: Zinc Gluconate carries Zn that Gluconic Acid does not; shared organic fragment RGHNJXZEOKUKBD is the ligand, not the substance",high
K1:UOW2C71PG5,,merge,R0 already-merged: corpus merge map records K1:UPC6BTX7PY -> K1:UOW2C71PG5; the two names denote one live page (Inclisiran),high
K1:UOW2C71PG5,,merge,R0 already-merged: corpus merge map records K1:UPC6BTX7PY -> K1:UOW2C71PG5; the two names denote one live page (Inclisiran),high
K1:WYQ7N0BPYC,K1:K3Z4F929H6,separate,R8s the two held structures settle it: different skeletons PWKSKIMOESPYIA vs KDXKERNSBIXSRK; a name rule does not overrule a structure comparison,high
K1:YKH834O4BH,K1:W4888I119H,separate,R8s the two held structures settle it: different skeletons UCTWMZQNUQWSLP vs FEWJPZIEWOKRBE; a name rule does not overrule a structure comparison,high
K1:YSE9PPT4TH,K1:B7SG5YV2SI,separate,"R9a two separately registered FDA substances: Sodium Hyaluronate ['YSE9PPT4TH'] and HYALURONIC ACID (NON-ANIMAL STABILIZED) ['B7SG5YV2SI'], preferred names Sodium Hyaluronate and HYALURONIC ACID (NON-ANIMAL STABILIZED); neither is a salt, solvate or stereo form of the other by name or by structure",high
K2:MSWZFWKMSRAUBD-IVMDWMLBSA-N,K4:glucosamine,merge,R7 §3.1/§3.1a salt or hydrate on the register's printed name: Glucosamine Potassium Sulfate = Glucosamine + potassium/sulfate,medium
K2:OAEOAAHCJGWJIC-CEVJMMQXSA-N,K4:chondroitin,merge,R7 §3.1/§3.1a salt or hydrate on the register's printed name: CHONDROITIN SULFATE = Chondroitin + sulfate,medium
K2:ODQWQRRAPPTVAG-UHFFFAOYSA-N,,merge,R0 already-merged: corpus merge map records K1:3U9A0FE9N5 -> K2:ODQWQRRAPPTVAG-UHFFFAOYSA-N; the two names denote one live page (Doxepin),high
K2:OGBMKVWORPGQRR-UMXFMPSGSA-N,,merge,R0 already-merged: corpus merge map records K1:9959P4V12N -> K2:OGBMKVWORPGQRR-UMXFMPSGSA-N; the two names denote one live page (Teriparatide),high
K2:WNBILILJFBJQFP-SDLVTCPTSA-N,K1:RWM8CCW8GP,separate,R8s the two held structures settle it: different skeletons WNBILILJFBJQFP vs DEQANNDTNATYII; a name rule does not overrule a structure comparison,high
K1:59D8RAT1F9,K1:6UKA5VEJ6X,separate,R8s the two held structures settle it: different skeletons KRDOFMHJLWKXIU vs MVWVFYHBGMAFLY; a name rule does not overrule a structure comparison,high
K1:R60L0SM5BC,K1:91XW058U2C,separate,"R6 the GSRS record on K1:R60L0SM5BC is a mixed salt whose active moiety is Midazolam (R60L0SM5BC); MALEIC ACID is named only as its parent substance, which is the coformer or counter-ion, not the same substance",high
K1:S56D65XJ9G,K1:5KV86114PT,separate,R8s the two held structures settle it: different skeletons XDXWLKQMMKQXPV vs HZAXFHJVJLSVMW; a name rule does not overrule a structure comparison,high
"COMBO:{K1:17ERJ0MKGI,K1:80M03YXJ7I}","COMBO:{K1:1J444QC288,K1:80M03YXJ7I}",separate,"RC different products under §3.7: COMBO:{K1:17ERJ0MKGI,K1:80M03YXJ7I} adds Sacubitril, COMBO:{K1:1J444QC288,K1:80M03YXJ7I} adds Amlodipine",high
"COMBO:{K1:25X51I8RD4,K1:PQ6CK8PD0R}","COMBO:{K1:7A314HQM0I,K1:PQ6CK8PD0R}",separate,"RC different products under §3.7: COMBO:{K1:25X51I8RD4,K1:PQ6CK8PD0R} adds Nicotinamide, COMBO:{K1:7A314HQM0I,K1:PQ6CK8PD0R} adds Pentetic Acid",high
"COMBO:{K1:8558G7RUTR,K1:MU72812GK0}","COMBO:{K1:8ID597Z82X,K1:MU72812GK0}",separate,"RC different products under §3.7: COMBO:{K1:8558G7RUTR,K1:MU72812GK0} adds Pyruvic Acid, COMBO:{K1:8ID597Z82X,K1:MU72812GK0} adds Alpha Ketoglutarate",high
HOLD:existing:boldenone,K1:5H7I2IP58X,form_of,"R1x §3.2 exception to the shared UNII 5H7I2IP58X: the structure on HOLD:existing:boldenone is GSRS BOLDENONE UNDECYLENATE (ZS6D2ITA30), one covalent molecule that adds undecylenate to Boldenone. An ester or acyl derivative is a distinct substance, so the pages split and link",high
HOLD:existing:dextroamphetamine-saccharate,K1:QLZ991V4A2,separate,R8s the two held structures settle it: different skeletons KWTSXDURSIMDCE vs DSLZVSRJTYRBFB; a name rule does not overrule a structure comparison,high
HOLD:existing:dromostanolone,K1:7DR7H00HDT,form_of,"R1x §3.2 exception to the shared UNII 7DR7H00HDT: the structure on HOLD:existing:dromostanolone is GSRS DROMOSTANOLONE PROPIONATE (X20UZ57G4O), one covalent molecule that adds propionate to DROMOSTANOLONE. An ester or acyl derivative is a distinct substance, so the pages split and link",high
HOLD:existing:halobetasol,K1:9P6159HM7T,form_of,"R1x §3.2 exception to the shared UNII 9P6159HM7T: the structure on HOLD:existing:halobetasol is GSRS HALOBETASOL PROPIONATE (91A0K1TY3Z), one covalent molecule that adds propionate to HALOBETASOL. An ester or acyl derivative is a distinct substance, so the pages split and link",high
HOLD:existing:paramethasone,K1:VFC6ZX3584,form_of,"R1x §3.2 exception to the shared UNII VFC6ZX3584: the structure on HOLD:existing:paramethasone is GSRS PARAMETHASONE ACETATE (8X50N88ZDP), one covalent molecule that adds acetate to PARAMETHASONE. An ester or acyl derivative is a distinct substance, so the pages split and link",high
HOLD:existing:plicamycin,K1:NIJ123W41V,merge,"R1 identical UNII NIJ123W41V, but the two held structures disagree (different skeletons XDKMHMINQXATOR vs CFCUWKMKBJTWLW); the registry identifier is the stronger evidence and the structure conflict needs a data fix",medium
HOLD:existing:sodium-succinate,K1:P699N4QOWE,merge,R2 identical full InChIKey: both hold InChIKey KZQSXALQTHVPDQ-UHFFFAOYSA-M,high
HOLD:existing:trenbolone,K1:P53R4420TR,form_of,"R1x §3.2 exception to the shared UNII P53R4420TR: the structure on HOLD:existing:trenbolone is GSRS TRENBOLONE ACETATE (RUD5Y4SV0S), one covalent molecule that adds acetate to Trenbolone. An ester or acyl derivative is a distinct substance, so the pages split and link",high
K1:0N8672707O,K1:8470G57WFM,separate,R9c CORN OIL and Corn are different registered preparations of one organism (oil); §2 K4 merges only on exact name-family equality and these two families are not equal,medium
K1:125DP6010H,,merge,R0 already-merged: corpus merge map records K1:P14877CDX2 -> K1:125DP6010H; the two names denote one live page (Polyestradiol),high
K1:125DP6010H,,merge,R0 already-merged: corpus merge map records K1:P14877CDX2 -> K1:125DP6010H; the two names denote one live page (Polyestradiol),high
K1:276897E67U,K1:P2Y1C6M9PS,separate,"R4y both are salts built on JVTAAEKCZFNVCJ; neither page is that parent moiety, and the parents differ (JVTAAEKCZFNVCJ-UHFFFAOYSA-N vs JVTAAEKCZFNVCJ-REOHCLBHSA-N); §3.1 merges a salt into its parent, and that parent is not either of these two pages",high
K1:2H1PA8H1EN,,merge,R0 already-merged: corpus merge map records K1:3HP012Q0FH -> K1:2H1PA8H1EN; the two names denote one live page (Pegaptanib),high
K1:2H1PA8H1EN,,merge,R0 already-merged: corpus merge map records K1:3HP012Q0FH -> K1:2H1PA8H1EN; the two names denote one live page (Pegaptanib),high
K1:2URQ2N32W3,K1:P2Y1C6M9PS,separate,"R4y both are salts built on JVTAAEKCZFNVCJ; neither page is that parent moiety, and the parents differ (JVTAAEKCZFNVCJ-UHFFFAOYSA-N vs JVTAAEKCZFNVCJ-REOHCLBHSA-N); §3.1 merges a salt into its parent, and that parent is not either of these two pages",high
K1:305OE8862Y,K2:PNMZQWKBJIQQJL-FAUHKOHMSA-N,merge,R1 identical UNII 305OE8862Y; one page holds no structure of its own; §2 keys biologics and name-only records on UNII alone,high
K1:32526637PN,K1:1RTM4PAL0V,separate,R8s the two held structures settle it: different skeletons LHJGJYXLEPZJPM vs GLUUGHFHXGJENI; a name rule does not overrule a structure comparison,high
K1:3KX376GY7L,K1:9BKY99A8HJ,separate,R8s the two held structures settle it: different skeletons WHUUTDBJXJRKMK vs GADGMZDHLQLZRI; a name rule does not overrule a structure comparison,high
K1:3U979E1001,K1:UT2BA2O3KN,separate,"R9a two separately registered FDA substances: Imciromab Pentetate ['3U979E1001'] and Imciromab ['UT2BA2O3KN'], preferred names IMCIROMAB PENTETATE and IMCIROMAB; neither is a salt, solvate or stereo form of the other by name or by structure",high
K1:3Z252A2K9G,K1:66YXD4DKO9,separate,R9c Almond Oil and Almond are different registered preparations of one organism (oil); §2 K4 merges only on exact name-family equality and these two families are not equal,medium
K1:415SHH325A,K1:AB2MK88Y6D,separate,R8s the two held structures settle it: different skeletons UDMBCSSLTHHNCD vs RIRGCFBBHQEQQH; a name rule does not overrule a structure comparison,high
K1:4VBL71TY4Y,K1:65UEH262IS,separate,R9c Safflower Oil and Safflower are different registered preparations of one organism (oil); §2 K4 merges only on exact name-family equality and these two families are not equal,medium
K1:4XTQ10247Y,K1:L7T10EIP3A,separate,"R9a two separately registered FDA substances: CHERRY JUICE ['4XTQ10247Y'] and MENTHOL, Unspecified Form ['L7T10EIP3A'], preferred names CHERRY JUICE and MENTHOL, UNSPECIFIED FORM; neither is a salt, solvate or stereo form of the other by name or by structure",high
K1:5A9KE2L9L3,K1:5EVU04N5QU,separate,R9c Orange Juice and Orange are different registered preparations of one organism (juice); §2 K4 merges only on exact name-family equality and these two families are not equal,medium
K1:6VNO72PFC1,K1:SDS87L369F,separate,R9c Avocado Oil and Avocado are different registered preparations of one organism (oil); §2 K4 merges only on exact name-family equality and these two families are not equal,medium
K1:86117BWO7P,HOLD:existing:anhydrous-citric-acid,separate,"R4a Calcium Citrate Anhydrous is Anhydrous Citric Acid (KRKNYBCHXYNGOX) plus counter-ions or solvate, but FDA records the active moiety of Calcium Citrate Anhydrous as CALCIUM CATION (2M83C4R6ZB), not Anhydrous Citric Acid; the counter-ion is the substance being recorded and the organic acid is its carrier",high
K1:86117BWO7P,K1:XF417D3PSL,separate,"R4a Calcium Citrate Anhydrous is Anhydrous Citric Acid (KRKNYBCHXYNGOX) plus counter-ions or solvate, but FDA records the active moiety of Calcium Citrate Anhydrous as CALCIUM CATION (2M83C4R6ZB), not Anhydrous Citric Acid; the counter-ion is the substance being recorded and the organic acid is its carrier",high
K1:8620H6K4QH,K1:91XW058U2C,separate,R8s the two held structures settle it: different skeletons WNTYBHLDCKXEOT vs VZCYOOQTPOCHFL; a name rule does not overrule a structure comparison,high
K1:888Y08971B,K1:B035PIS86W,separate,R8s the two held structures settle it: different skeletons YRALAIOMGQZKOW vs HPNMFZURTQLUMO; a name rule does not overrule a structure comparison,high
K1:89243S03TE,,merge,R0 already-merged: corpus merge map records K1:00IBG87IQW -> K1:89243S03TE; the two names denote one live page (Sermorelin),high
K1:89243S03TE,,merge,R0 already-merged: corpus merge map records K1:00IBG87IQW -> K1:89243S03TE; the two names denote one live page (Sermorelin),high
K1:8GOM182CI3,K4:eurycoma longifolia,separate,R9c Eurycoma Longifolia Whole and Eurycoma Longifolia are different registered preparations of one organism (whole); §2 K4 merges only on exact name-family equality and these two families are not equal,medium
K1:9BKY99A8HJ,K1:M0C2SP444T,separate,R8s the two held structures settle it: different skeletons GADGMZDHLQLZRI vs WHUUTDBJXJRKMK; a name rule does not overrule a structure comparison,high
K1:9M48M2SF02,K1:NDP0H8E844,separate,"R6a GSRS names Depreotide as the parent substance of TECHNETIUM TC 99M DEPREOTIDE, but it records the active moiety as TECHNETIUM TC-99M (6EW75241VU); the counter-ion is the substance being recorded",high
K1:AB2794W8KV,K1:W4888I119H,separate,R8s the two held structures settle it: different skeletons MFOCDFTXLCYLKU vs FEWJPZIEWOKRBE; a name rule does not overrule a structure comparison,high
K1:AD4J2O47FQ,,merge,R0 already-merged: corpus merge map records K1:YQX12245A9 -> K1:AD4J2O47FQ; the two names denote one live page (Dasiglucagon),high
K1:AD4J2O47FQ,,merge,R0 already-merged: corpus merge map records K1:YQX12245A9 -> K1:AD4J2O47FQ; the two names denote one live page (Dasiglucagon),high
K1:CLY16Y8Z7E,K1:91XW058U2C,separate,R8s the two held structures settle it: different skeletons XZSMZRXAEFNJCU vs VZCYOOQTPOCHFL; a name rule does not overrule a structure comparison,high
K1:DB7AK6G4U9,K2:XLXSAKCOAKORKW-AQJXLSMYSA-N,merge,"R7y identical name '(10-GLYCINE)GONADORELIN' and only one page holds a structure, so nothing contradicts the shared name; UNIIs ['DB7AK6G4U9'] / ['2RG1XQ1NYJ'], substance classes ['protein'] / ['mixture']",medium
K1:DUB5K84ELI,K4:bacopa monnieri,separate,R9c Bacopa Monnieri Whole and Bacopa Monnieri are different registered preparations of one organism (whole); §2 K4 merges only on exact name-family equality and these two families are not equal,medium
K1:HM5Z15LEBN,,separate,"R0b distinct substances sharing the normalised name 'potassium': Potassium Bicarbonate (TYJJADVDDVDEDZ-UHFFFAOYSA-M) against POTASSIUM CITRATE, POTASSIUM CITRATE ANHYDROUS, POTASSIUM GLUCONATE, POTASSIUM SALICYLATE; disambiguate on the display name, do not merge",high
K1:JX56W9N61Q,,merge,R0 already-merged: corpus merge map records K1:44STI720CW -> K1:JX56W9N61Q; the two names denote one live page (Peginesatide),high
K1:JX56W9N61Q,,merge,R0 already-merged: corpus merge map records K1:44STI720CW -> K1:JX56W9N61Q; the two names denote one live page (Peginesatide),high
K1:K50N755924,,merge,R0 already-merged: corpus merge map records K1:X7D10K905G -> K1:K50N755924; the two names denote one live page (Colestipol),high
K1:K50N755924,,merge,R0 already-merged: corpus merge map records K1:X7D10K905G -> K1:K50N755924; the two names denote one live page (Colestipol),high
K1:LLM855Y3S3#gmod,K1:WKM56H3TLB,merge,R5 FDA active moiety: GSRS gives Bulevirtide (WKM56H3TLB) as the active moiety of Bulevirtide-Gmod,medium
K1:N02W67RKJS,K1:P28BIW0UTB,merge,R5 FDA active moiety: GSRS gives Mangafodipir (N02W67RKJS) as the active moiety of Fodipir,medium
K1:N0JZU0WGU5,K1:P28BIW0UTB,separate,"R6 the GSRS record on K1:N0JZU0WGU5 is a mixed salt whose active moiety is CALMANGAFODIPIR (N0JZU0WGU5); Fodipir is named only as its parent substance, which is the coformer or counter-ion, not the same substance",high
K1:N7T15V1FUY,,merge,R0 already-merged: corpus merge map records K1:9L64H0UE5Y -> K1:N7T15V1FUY; the two names denote one live page (Setmelanotide),high
K1:PR834Q503T,K1:W4888I119H,separate,R8s the two held structures settle it: different skeletons XCGSFFUVFURLIX vs FEWJPZIEWOKRBE; a name rule does not overrule a structure comparison,high
K1:QI7G114Y98,K3:CHEMBL2109056,separate,"R9c ECHINACEA PURPUREA, POWDERED and Echinacea Purpurea are different registered preparations of one organism (powdered); §2 K4 merges only on exact name-family equality and these two families are not equal",medium
K1:QK8899250F,K1:4E862E7GRQ,separate,"R4x §1 the removed fragment is not a counter-ion: Ferric Pyrophosphate carries Fe that Pyrophosphoric Acid does not; shared organic fragment XPPKVPWEQAFLFU is the ligand, not the substance",high
K1:QTL48N278K,K1:1RTM4PAL0V,separate,R8s the two held structures settle it: different skeletons JKKFKPJIXZFSSB vs GLUUGHFHXGJENI; a name rule does not overrule a structure comparison,high
K1:QX5LK7YCHV,,merge,R0 already-merged: corpus merge map records K1:3Z6W3S36X5 -> K1:QX5LK7YCHV; the two names denote one live page (Fomivirsen),high
K1:QX5LK7YCHV,,merge,R0 already-merged: corpus merge map records K1:3Z6W3S36X5 -> K1:QX5LK7YCHV; the two names denote one live page (Fomivirsen),high
K1:RLM74T3Z9D,K1:N78PI4C683,separate,"R9a two separately registered FDA substances: Gadoversetamide ['RLM74T3Z9D'] and Versetamide ['N78PI4C683'], preferred names GADOVERSETAMIDE and VERSETAMIDE; neither is a salt, solvate or stereo form of the other by name or by structure",high
K1:RS7A450LGA,K4:trisodium,separate,"R9b 'Anhydrous Trisodium Citrate' names an element, a cation or an oxidation state, not a moiety; §3.1a refuses a merge between it and Anhydrous Trisodium",high
K1:ULL76WPU5X,K1:W4888I119H,separate,R8s the two held structures settle it: different skeletons XSBSKEQEUFOSDD vs FEWJPZIEWOKRBE; a name rule does not overrule a structure comparison,high
K1:UVL329170W,K2:DCSUBABJRXZOMT-UHFFFAOYSA-N,form_of,"R3 InChIKey skeleton DCSUBABJRXZOMT shared; DCSUBABJRXZOMT-IRLDBZIGSA-N vs DCSUBABJRXZOMT-UHFFFAOYSA-N; the records carry the same name (Cisapride / Cisapride) so the difference is the stereo or protonation layer alone. §3.2 links these, never merges",medium
K1:UVP74NG1C5,K4:ferric ammonium,separate,"R9b 'FERRIC AMMONIUM CITRATE' names an element, a cation or an oxidation state, not a moiety; §3.1a refuses a merge between it and Ferric Ammonium",high
K1:V10579P3QZ,K2:BWWVAEOLVKTZFQ-ISVUSNJMSA-N,form_of,"R3 InChIKey skeleton BWWVAEOLVKTZFQ shared; BWWVAEOLVKTZFQ-NTZNESFSSA-N vs BWWVAEOLVKTZFQ-ISVUSNJMSA-N; the records carry the same name (Amdinocillin / Mecillinam) so the difference is the stereo or protonation layer alone. §3.2 links these, never merges",medium
K1:VC855RRT77,K1:W2ZU1RY8B0,separate,R9c Camellia Sinensis Leaf Oil and Camellia Sinensis Leaf are different registered preparations of one organism (oil); §2 K4 merges only on exact name-family equality and these two families are not equal,medium
K1:VL0L558GCB,,merge,R0 already-merged: corpus merge map records K1:N3927D01PB -> K1:VL0L558GCB; the two names denote one live page (Ardeparin),high
K1:VL0L558GCB,,merge,R0 already-merged: corpus merge map records K1:N3927D01PB -> K1:VL0L558GCB; the two names denote one live page (Ardeparin),high
K1:WKM56H3TLB,,merge,R0 already-merged: corpus merge map records K1:LLM855Y3S3 -> K1:WKM56H3TLB; the two names denote one live page (Bulevirtide),high
K1:WKM56H3TLB,,merge,R0 already-merged: corpus merge map records K1:LLM855Y3S3 -> K1:WKM56H3TLB; the two names denote one live page (Bulevirtide),high
K1:YIW503MI7V,K1:632XD903SP,separate,"R6a GSRS names Gallic Acid as the parent substance of BISMUTH SUBGALLATE, but it records the active moiety as BISMUTH CATION (ZS9CD1I8YE); the counter-ion is the substance being recorded",high
K1:Z67X93HJG1,,merge,R0 already-merged: corpus merge map records K1:WP15DXU577 -> K1:Z67X93HJG1; the two names denote one live page (Colistin),high
K1:Z67X93HJG1,,merge,R0 already-merged: corpus merge map records K1:WP15DXU577 -> K1:Z67X93HJG1; the two names denote one live page (Colistin),high
K2:BVPYARCRLTXGBD-UHFFFAOYSA-N,K4:trisodium,separate,"R9b 'Trisodium' names an element, a cation or an oxidation state, not a moiety; §3.1a refuses a merge between it and Anhydrous Trisodium",high
K2:JSQIKKVBLLHQSQ-AWJAZODESA-N,K2:PVHLMTREZMEJCG-GDTLVBQBSA-N,merge,"R1 identical UNII IJ3FUK8MOF, but the two held structures disagree (different skeletons JSQIKKVBLLHQSQ vs PVHLMTREZMEJCG); the registry identifier is the stronger evidence and the structure conflict needs a data fix",medium
K3:CHEMBL1201493,K4:simethicone cellulose,merge,"R7y identical name 'SIMETHICONE-CELLULOSE' and no structure on either page; UNIIs none / none, substance classes [] / []",low
K3:CHEMBL1201525,K4:technetium tc 99m polyphosphate kit,merge,"R7y identical name 'TECHNETIUM TC-99M POLYPHOSPHATE KIT' and no structure on either page; UNIIs none / none, substance classes [] / []",low
K3:CHEMBL1201537,K4:trolamine polypeptide oleate condensate,merge,"R7y identical name 'TROLAMINE POLYPEPTIDE OLEATE CONDENSATE' and no structure on either page; UNIIs none / none, substance classes [] / []",low
K3:CHEMBL1201652,K4:protein hydrolysate,merge,"R7y identical name 'PROTEIN HYDROLYSATE' and no structure on either page; UNIIs none / none, substance classes [] / []",low
K3:CHEMBL3707352,K4:policosanol,merge,"R7y identical name 'POLICOSANOL' and no structure on either page; UNIIs none / none, substance classes [] / []",low
"COMBO:{IK:DSFGXPJYDCSWTA-SECBINFHSA-N,K1:2679MF687A}","COMBO:{K1:2679MF687A,K1:TN1B5910V2}",form_of,RC the component sets differ only in the stereo form of one component: IK:DSFGXPJYDCSWTA-SECBINFHSA-N and K1:TN1B5910V2 share skeleton DSFGXPJYDCSWTA with different stereo,medium
"COMBO:{K1:2T8Q726O95,K1:DKO1W9H7M1,K1:WR2TIP26VS}","COMBO:{K1:2T8Q726O95,K1:DKO1W9H7M1}",separate,"RC different products under §3.7: COMBO:{K1:2T8Q726O95,K1:DKO1W9H7M1,K1:WR2TIP26VS} adds Abacavir, COMBO:{K1:2T8Q726O95,K1:DKO1W9H7M1} adds nothing",high
"COMBO:{K1:8GTS82S83M,K1:GE2UA340FM}","COMBO:{K1:8GTS82S83M,K1:M494UE2YEP}",separate,"RC different products under §3.7: COMBO:{K1:8GTS82S83M,K1:GE2UA340FM} adds 8-CHLOROTHEOPHYLLINE, COMBO:{K1:8GTS82S83M,K1:M494UE2YEP} adds ACEFYLLINE",high
HOLD:existing:alclometasone,K1:136H45TB7B,form_of,"R1x §3.2 exception to the shared UNII 136H45TB7B: the structure on HOLD:existing:alclometasone is GSRS Alclometasone dipropionate (S56PQL4N1V), one covalent molecule that adds dipropionate to ALCLOMETASONE. An ester or acyl derivative is a distinct substance, so the pages split and link",high
HOLD:existing:anhydrous-citric-acid,K1:2968PHW8QP,merge,"R1h identical UNII 2968PHW8QP; the structure on HOLD:existing:anhydrous-citric-acid is GSRS Anhydrous citric acid (XF417D3PSL), the same substance as Citric Acid with anhydrous on the name. §3.1 removes solvates and hydrates",high
HOLD:existing:anhydrous-citric-acid,K1:XF417D3PSL,merge,R2 identical full InChIKey: both hold InChIKey KRKNYBCHXYNGOX-UHFFFAOYSA-N,high
HOLD:existing:beclomethasone,K1:KGZ1SLC28Z,form_of,"R1x §3.2 exception to the shared UNII KGZ1SLC28Z: the structure on HOLD:existing:beclomethasone is GSRS BECLOMETHASONE DIPROPIONATE (5B307S63B2), one covalent molecule that adds dipropionate to Beclometasone. An ester or acyl derivative is a distinct substance, so the pages split and link",high
HOLD:existing:ethynodiol,K1:9E01C36A9S,form_of,"R1x §3.2 exception to the shared UNII 9E01C36A9S: the structure on HOLD:existing:ethynodiol is GSRS ETHYNODIOL DIACETATE (62H10A1236), one covalent molecule that adds diacetate to ETHYNODIOL. An ester or acyl derivative is a distinct substance, so the pages split and link",high
HOLD:existing:fludarabine,K1:P2K93U8740,form_of,"R1x §3.2 exception to the shared UNII P2K93U8740: the structure on HOLD:existing:fludarabine is GSRS FLUDARABINE PHOSPHATE (1X9VK9O1SC), one covalent molecule that adds phosphate to Fludarabine. An ester or acyl derivative is a distinct substance, so the pages split and link",high
HOLD:existing:fludrocortisone,K1:U0476M545B,form_of,"R1x §3.2 exception to the shared UNII U0476M545B: the structure on HOLD:existing:fludrocortisone is GSRS Fludrocortisone acetate (V47IF0PVH4), one covalent molecule that adds acetate to Fludrocortisone. An ester or acyl derivative is a distinct substance, so the pages split and link",high
HOLD:existing:fluphenazine,K1:S79426A41Z,form_of,"R1x §3.2 exception to the shared UNII S79426A41Z: the structure on HOLD:existing:fluphenazine is GSRS Fluphenazine enanthate (QSB34YF0W9), one covalent molecule that adds enanthate to Fluphenazine. An ester or acyl derivative is a distinct substance, so the pages split and link",high
HOLD:existing:lactitol,K1:L2B0WJF7ZY,separate,"R1z the structure on HOLD:existing:lactitol is GSRS .ALPHA.-LACTULOSE (9XH2P2N8EP), a substance neither page is named for; Lactitol (L2B0WJF7ZY) is a different substance and the shared UNII field on that page is wrong",high
HOLD:existing:potassium-citrate,,merge,R0b same full InChIKey inside the 'potassium' name group: HOLD:existing:potassium-citrate and K1:86R1NVR0HW both hold QEEAPRPFLLJWCF-UHFFFAOYSA-K,high
HOLD:existing:potassium-citrate,K1:86R1NVR0HW,merge,R2 identical full InChIKey: both hold InChIKey QEEAPRPFLLJWCF-UHFFFAOYSA-K,high
HOLD:existing:potassium-citrate,K1:EE90ONI6FF,merge,"R1h identical UNII EE90ONI6FF; the structure on HOLD:existing:potassium-citrate is GSRS POTASSIUM CITRATE ANHYDROUS (86R1NVR0HW), the same substance as POTASSIUM CITRATE with anhydrous on the name. §3.1 removes solvates and hydrates",high
HOLD:existing:voxilaprevir,K1:0570F37359,merge,"R1 identical UNII 0570F37359, but the two held structures disagree (different skeletons MKDALIOACIEUJM vs MZBLZLWXUBZHSL); the registry identifier is the stronger evidence and the structure conflict needs a data fix",medium
K1:01756N87N8,K1:F84709P2XV,separate,R9c Wormwood Oil and Wormwood are different registered preparations of one organism (oil); §2 K4 merges only on exact name-family equality and these two families are not equal,medium
K1:01G73H6H83,K1:06JI9W529S,separate,R9c Hops Oil and Hops are different registered preparations of one organism (oil); §2 K4 merges only on exact name-family equality and these two families are not equal,medium
K1:0309P36Q66,K1:91O4LML611,separate,R4z shared parent VTLYFUHAOXGGBS has 0 carbon atoms; an inorganic anion is not a moiety a drug page merges onto,high
K1:05456MVL7T,K1:W90AYD6R3Q,separate,R8s the two held structures settle it: different skeletons PZDJSXWIQXZUBJ vs HCWPIIXVSYCSAN; a name rule does not overrule a structure comparison,high
K1:05JZI7B19X,K1:Y3R0RA1Q8S,merge,R7 §3.1/§3.1a salt or hydrate on the register's printed name: Carboxymethylcellulose Sodium (0.7 Carboxymethyl Substitution Per SACCHARIDE; 600 MPA.S At 2%) = Carboxymethylcellulose + sodium,medium
K1:0DQI268449,K1:0WT12SX38S,separate,R8s the two held structures settle it: different skeletons CGQCWMIAEPEHNQ vs AEMRFAOFKBGASW; a name rule does not overrule a structure comparison,high
K1:0F5N573A2Y,K1:29I4YB3S89,separate,R8s the two held structures settle it: different skeletons RTZKZFJDLAIYFH vs BZLVMXJERCGZMT; a name rule does not overrule a structure comparison,high
K1:0GRZ0F5XJ6,,merge,R0 already-merged: corpus merge map records K1:WSP2DHR2BD -> K1:0GRZ0F5XJ6; the two names denote one live page (Eplontersen),high
K1:0GRZ0F5XJ6,,merge,R0 already-merged: corpus merge map records K1:WSP2DHR2BD -> K1:0GRZ0F5XJ6; the two names denote one live page (Eplontersen),high
K1:0I2XIN602U,K1:91O4LML611,separate,"R4w Ferric Cation appears only as a fragment of Ferric Chloride Hexahydrate, not as its parent moiety",high
K1:0IEO0F56LV,,merge,R0 already-merged: corpus merge map records K1:950736UC77 -> K1:0IEO0F56LV; the two names denote one live page (Inotersen),high
K1:0IEO0F56LV,,merge,R0 already-merged: corpus merge map records K1:950736UC77 -> K1:0IEO0F56LV; the two names denote one live page (Inotersen),high
K1:0LB9J2797D,K1:1FQ2RY5YHH,merge,R5 FDA active moiety: GSRS gives Patiromer (1FQ2RY5YHH) as the active moiety of Patiromer Sorbitex Calcium,medium
K1:0UV74P3R0J,K1:96P72VE680,separate,"R9a two separately registered FDA substances: Cerous Oxalate Nonahydrate ['0UV74P3R0J'] and CERIUM OXALATE ['96P72VE680'], preferred names CEROUS OXALATE NONAHYDRATE and CEROUS OXALATE; neither is a salt, solvate or stereo form of the other by name or by structure",high
K1:0UV74P3R0J,K1:9E7R5L6H31,separate,"R4a Cerous Oxalate Nonahydrate is Oxalic Acid (MUBZPKHOEPUJKR) plus counter-ions or solvate, but FDA records the active moiety of Cerous Oxalate Nonahydrate as CEROUS CATION (72Q4U60JWI), not Oxalic Acid; the counter-ion is the substance being recorded and the organic acid is its carrier",high
K1:0V6E9Q2I0Y,K1:IO46B19O1Q,separate,R8s the two held structures settle it: different skeletons QTBSBXVTEAMEQO vs AWYFNIZYMPNGAI; a name rule does not overrule a structure comparison,high
K1:0YIW783RG1,K1:XU8S3M2QRZ,separate,R8s the two held structures settle it: different skeletons BDAGIHXWWSANSR vs MANJIGKYCYWWBD; a name rule does not overrule a structure comparison,high
K1:0YPR65R21J,K1:22ADO53M6F,separate,R8s the two held structures settle it: different skeletons QAOWNCQODCNURD vs NBIIXXVUZAFLBC; a name rule does not overrule a structure comparison,high
K1:0YPR65R21J,K1:CI71S98N1Z,separate,R8s the two held structures settle it: different skeletons QAOWNCQODCNURD vs NBIIXXVUZAFLBC; a name rule does not overrule a structure comparison,high
K1:12H3K5QKN9,,separate,"R0b distinct substances sharing the normalised name 'potassium': POTASSIUM GLUCONATE (HLCFGWHYROZGBI-JJKGCWMISA-M) against POTASSIUM CITRATE, POTASSIUM CITRATE ANHYDROUS, POTASSIUM SALICYLATE, POTASSIUM SODIUM HYDROGEN CITRATE; disambiguate on the display name, do not merge",high
K1:12H3K5QKN9,K1:R4R8J0Q44B,separate,"R4a POTASSIUM GLUCONATE is Gluconic Acid (RGHNJXZEOKUKBD) plus counter-ions or solvate, but FDA records the active moiety of POTASSIUM GLUCONATE as POTASSIUM CATION (295O53K152), not Gluconic Acid; the counter-ion is the substance being recorded and the organic acid is its carrier",high
K1:13U9R5J3WL,,merge,R0 already-merged: corpus merge map records K1:EGR9KYM536 -> K1:13U9R5J3WL; the two names denote one live page (NEDOSIRAN),high
K1:13U9R5J3WL,,merge,R0 already-merged: corpus merge map records K1:EGR9KYM536 -> K1:13U9R5J3WL; the two names denote one live page (NEDOSIRAN),high
K1:1485XST65B,K1:RGL5YE86CZ,separate,R4z shared parent KRHYYFGTRYWZRS has 0 carbon atoms; an inorganic anion is not a moiety a drug page merges onto,high
K1:1699G8679Z,K1:HUI2S00793,separate,"R9a two separately registered FDA substances: Sodium Polystyrene Sulfonate ['1699G8679Z'] and CALCIUM POLYSTYRENE SULFONATE ['HUI2S00793'], preferred names SODIUM POLYSTYRENE SULFONATE and CALCIUM POLYSTYRENE SULFONATE; neither is a salt, solvate or stereo form of the other by name or by structure",high
K1:1AEY1M553N,K1:A4IWO4DDZ9,separate,R9c Mentha Arvensis Leaf Oil and Mentha Arvensis Leaf are different registered preparations of one organism (oil); §2 K4 merges only on exact name-family equality and these two families are not equal,medium
K1:1BJ477IO2L,K1:SMG09YI7I8,separate,"R9a two separately registered FDA substances: Gadobutrol ['1BJ477IO2L'] and Butrol ['SMG09YI7I8'], preferred names Gadobutrol and Butrol; neither is a salt, solvate or stereo form of the other by name or by structure (the shared UNII 1BJ477IO2L sits in a page unii field, not in either page key, and is the known Inxight join defect)",high
K1:1BQV3749L5,K4:stannous,separate,"R9b 'STANNOUS CHLORIDE' names an element, a cation or an oxidation state, not a moiety; §3.1a refuses a merge between it and Stannous",high
K1:1C4QK22F9J,,separate,"R0b distinct substances sharing the normalised name 'potassium': Potassium Iodide (NLKNQRATVPKPDG-UHFFFAOYSA-M) against POTASSIUM CITRATE, POTASSIUM CITRATE ANHYDROUS, POTASSIUM GLUCONATE, POTASSIUM SALICYLATE; disambiguate on the display name, do not merge",high
K1:1C4QK22F9J,K1:F5WR8N145C,separate,"R4y both are salts of XMBWDFGMSWQBCA; neither page is that parent moiety; §3.1 merges a salt into its parent, and that parent is not either of these two pages",high
K1:1FQ2RY5YHH,,merge,R0 already-merged: corpus merge map records K1:7T97I3787N -> K1:1FQ2RY5YHH; the two names denote one live page (Patiromer),high
K1:1HG84L3525,,merge,R0 already-merged: corpus merge map records K1:T0H3L6C7I5 -> K1:1HG84L3525; the two names denote one live page (Formaldehyde),high
K1:1HG84L3525,,merge,R0 already-merged: corpus merge map records K1:T0H3L6C7I5 -> K1:1HG84L3525; the two names denote one live page (Formaldehyde),high
K1:1K573LC5TV,,separate,"R0b distinct substances sharing the normalised name 'potassium': Potassium Sulfate (OTYBMLCTZGSZBG-UHFFFAOYSA-L) against POTASSIUM CITRATE, POTASSIUM CITRATE ANHYDROUS, POTASSIUM GLUCONATE, POTASSIUM SALICYLATE; disambiguate on the display name, do not merge",high
K1:1KC430K0ZN,K4:cupric,separate,"R9b 'Cupric Bromide' names an element, a cation or an oxidation state, not a moiety; §3.1a refuses a merge between it and Cupric",high
K1:1KC430K0ZN,K4:cupric ascorbate,separate,"R9b 'Cupric Bromide' names an element, a cation or an oxidation state, not a moiety; §3.1a refuses a merge between it and Cupric Ascorbate",high
K1:1OV56052IK,K1:7626GC95E5,separate,R9c Coriander Oil and Coriander are different registered preparations of one organism (oil); §2 K4 merges only on exact name-family equality and these two families are not equal,medium
K1:1ZPG1ELY14,K1:BIU7Q7W2SH,merge,R5 FDA active moiety: GSRS gives Rose Bengal Lactone (BIU7Q7W2SH) as the active moiety of Rose Bengal Potassium,medium
K1:21C2F5E8RE,K1:6Y89129C8H,separate,R9c ANISE OIL and Anise are different registered preparations of one organism (oil); §2 K4 merges only on exact name-family equality and these two families are not equal,medium
K1:22ADO53M6F,K4:dibasic,separate,"R9b 'Sodium Phosphate, Dibasic' names an element, a cation or an oxidation state, not a moiety; §3.1a refuses a merge between it and Anhydrous Dibasic",high
K1:23227F83U0,K1:30KYC7MIAI,separate,"R4w Aspartic acid appears only as a fragment of Lysine Aspartate, not as its parent moiety",high
K1:24K790T39B,K4:pulsatilla,separate,R9 no shared identifier and no structure pair to compare (Pulsatilla Montana Whole vs Pulsatilla); UNIIs ['24K790T39B'] vs none,low
K1:24RS0A988O,K1:AGN709ANTJ,separate,R9c Lemon Juice and Lemon are different registered preparations of one organism (juice); §2 K4 merges only on exact name-family equality and these two families are not equal,medium
K1:24RS0A988O,K1:I9GRO824LL,separate,R9c Lemon Oil and Lemon are different registered preparations of one organism (oil); §2 K4 merges only on exact name-family equality and these two families are not equal,medium
K1:2577AQ9262,K1:M911911U02,separate,R8s the two held structures settle it: different skeletons OVSKIKFHRZPJSS vs QTBSBXVTEAMEQO; a name rule does not overrule a structure comparison,high
K1:26SK597UWV,K1:R4R8J0Q44B,separate,"R4x §1 the removed fragment is not a counter-ion: Cobaltous Gluconate carries Co that Gluconic Acid does not; shared organic fragment RGHNJXZEOKUKBD is the ligand, not the substance",high
K1:27618J1N2X,K1:W4888I119H,separate,R8s the two held structures settle it: different skeletons JAQUASYNZVUNQP vs FEWJPZIEWOKRBE; a name rule does not overrule a structure comparison,high
K1:2788Z9758H,K1:M1F96IE0ZC,separate,R9c Glycyrrhiza Glabra Whole and Glycyrrhiza Glabra are different registered preparations of one organism (whole); §2 K4 merges only on exact name-family equality and these two families are not equal,medium
K1:2NVP93XVQ3,K1:53V4OQG6U1,separate,"R4y both are salts of OHORFAFFMDIQRR; neither page is that parent moiety; §3.1 merges a salt into its parent, and that parent is not either of these two pages",high
K1:2O4BE0K238,,merge,R0 already-merged: corpus merge map records K1:6JON30SLDT -> K1:2O4BE0K238; the two names denote one live page (Volanesorsen),high
K1:2R04ONI662,K1:S546YLW6E6,separate,R9c Eucalyptus Globulus Leaf Oil and Eucalyptus Globulus Leaf are different registered preparations of one organism (oil); §2 K4 merges only on exact name-family equality and these two families are not equal,medium
K1:2UA751211N,K1:91O4LML611,separate,"R5z FDA gives Ferric Cation (91O4LML611) as the active moiety of FERRIC HYDROXIDE, but §3.1a refuses a merge onto it: Ferric Cation reduces to VTLYFUHAOXGGBS with 1 heavy atoms and 0 carbons",high
K1:2UK410MY6B,K1:CW657OBU4N,separate,R9c Thyme Oil and Thyme are different registered preparations of one organism (oil); §2 K4 merges only on exact name-family equality and these two families are not equal,medium
K1:2URQ2N32W3,K1:3B8D35Y7S4,separate,"R4a Calcium Lactate is Lactic Acid, Dl (JVTAAEKCZFNVCJ) plus counter-ions or solvate, but FDA records the active moiety of Calcium Lactate as CALCIUM CATION (2M83C4R6ZB), not Lactic Acid, Dl; the counter-ion is the substance being recorded and the organic acid is its carrier",high
K1:33KM3X4QQW,HOLD:existing:anhydrous-citric-acid,separate,"R4x §1 the removed fragment is not a counter-ion: FERROUS CITRATE carries Fe that Anhydrous Citric Acid does not; shared organic fragment KRKNYBCHXYNGOX is the ligand, not the substance",high
K1:33KM3X4QQW,K1:XF417D3PSL,separate,"R4x §1 the removed fragment is not a counter-ion: FERROUS CITRATE carries Fe that Anhydrous Citric Acid does not; shared organic fragment KRKNYBCHXYNGOX is the ligand, not the substance",high
K1:33WDQ7T81E,K1:B0U42518WL,separate,"R9a two separately registered FDA substances: Dalbavancin Hydrochloride ['33WDQ7T81E'] and Dalbavancin B0 ['B0U42518WL'], preferred names Dalbavancin hydrochloride and Dalbavancin B0; neither is a salt, solvate or stereo form of the other by name or by structure (the shared UNII 33WDQ7T81E sits in a page unii field, not in either page key, and is the known Inxight join defect)",high
K1:355G9R500Y,K1:48N6U1781G,separate,R8s the two held structures settle it: different skeletons IPBVNPXQWQGGJP vs WLJVXDMOQOGPHL; a name rule does not overrule a structure comparison,high
K1:35C9R2N24F,K1:3HWS7HF5XD,separate,"R9b 'FERRIC SULFATE' names an element, a cation or an oxidation state, not a moiety; §3.1a refuses a merge between it and Enterobactin",high
K1:35C9R2N24F,K1:434C3EI07T,separate,"R9b 'FERRIC SODIUM CITRATE' names an element, a cation or an oxidation state, not a moiety; §3.1a refuses a merge between it and Enterobactin",high
K1:35C9R2N24F,K1:63G354M39Z,separate,R8s the two held structures settle it: different skeletons SERBHKJMVBATSJ vs KRKNYBCHXYNGOX; a name rule does not overrule a structure comparison,high
K1:35C9R2N24F,K1:9RDO128EH7,separate,R8s the two held structures settle it: different skeletons SERBHKJMVBATSJ vs CPELXLSAUQHCOX; a name rule does not overrule a structure comparison,high
K1:35C9R2N24F,K1:N6BAA189V1,separate,R8s the two held structures settle it: different skeletons SERBHKJMVBATSJ vs NBIIXXVUZAFLBC; a name rule does not overrule a structure comparison,high
K1:3641YW25N2,K1:X7X01WMQ5F,separate,R9c Sandalwood Oil and Sandalwood are different registered preparations of one organism (oil); §2 K4 merges only on exact name-family equality and these two families are not equal,medium
K1:3655633623,HOLD:existing:anhydrous-citric-acid,separate,"R4a LITHIUM CITRATE ANHYDROUS is Anhydrous Citric Acid (KRKNYBCHXYNGOX) plus counter-ions or solvate, but FDA records the active moiety of LITHIUM CITRATE ANHYDROUS as LITHIUM CATION (8H8Z5UER66), not Anhydrous Citric Acid; the counter-ion is the substance being recorded and the organic acid is its carrier",high
K1:3655633623,K1:XF417D3PSL,separate,"R4a LITHIUM CITRATE ANHYDROUS is Anhydrous Citric Acid (KRKNYBCHXYNGOX) plus counter-ions or solvate, but FDA records the active moiety of LITHIUM CITRATE ANHYDROUS as LITHIUM CATION (8H8Z5UER66), not Anhydrous Citric Acid; the counter-ion is the substance being recorded and the organic acid is its carrier",high
K1:36ITO9SKQJ,K1:8NVY8268MY,separate,"R6a GSRS names Mertiatide as the parent substance of TECHNETIUM TC 99M MERTIATIDE, but it records the active moiety as TECHNETIUM TC-99M (6EW75241VU); the counter-ion is the substance being recorded",high
K1:37CB58V15B,K4:thallous,separate,"R9b 'THALLOUS CHLORIDE' names an element, a cation or an oxidation state, not a moiety; §3.1a refuses a merge between it and Thallous",high
K1:385H9E7854,K1:HOY74VZE0M,separate,"R9a two separately registered FDA substances: N-((2S)-2-(BIS(CARBOXYMETHYL)AMINO)-3-(4-ETHOXYPHENYL)PROPYL)-N-(2-(BIS(CARBOXYMETHYL)AMINO)ETHYL)GLYCINE ['3QJA87N40S', '385H9E7854'] and GADOXETATE DISODIUM ['HOY74VZE0M'], preferred names GADOXETIC ACID and Gadoxetate Disodium; neither is a salt, solvate or stereo form of the other by name or by structure",high
K1:38K542K6ZV,K4:insulin susp isophane recombinant human,separate,R9 no shared identifier and no structure pair to compare (Isophane Insulin Human Suspension vs Insulin Susp Isophane Recombinant Human); UNIIs ['38K542K6ZV'] vs none,low
K1:3C5ORO99TY,K1:XF417D3PSL,separate,"R6 the GSRS record on K1:3C5ORO99TY is a mixed salt whose active moiety is Tripelennamine (3C5ORO99TY); Anhydrous Citric Acid is named only as its parent substance, which is the coformer or counter-ion, not the same substance",high
K1:3NXW29V3WO,K1:RN3152OP35,separate,"R9a two separately registered FDA substances: Hypromellose ['3NXW29V3WO'] and Hypromellose 2910 (4000 MPA.S) ['RN3152OP35'], preferred names HYPROMELLOSE, UNSPECIFIED and HYPROMELLOSE 2910 (4000 MPA.S); neither is a salt, solvate or stereo form of the other by name or by structure",high
K1:3Q9L08K71N,K4:evening primrose,separate,R9c Evening Primrose Oil and Evening Primrose are different registered preparations of one organism (oil); §2 K4 merges only on exact name-family equality and these two families are not equal,medium
K1:3RT3536DHY,K1:Q9L0O73W7L,separate,R9c Coconut Oil and Coconut are different registered preparations of one organism (oil); §2 K4 merges only on exact name-family equality and these two families are not equal,medium
K1:403J23EMFA,K1:9G34HU7RV0,separate,"R6a GSRS names Edetic Acid as the parent substance of Sodium feredetate, but it records the active moiety as FERRIC CATION (91O4LML611); the counter-ion is the substance being recorded",high
K1:40S1VHN69B,,merge,R0 already-merged: corpus merge map records K1:7DP3NTV15T -> K1:40S1VHN69B; the two names denote one live page (Bleomycin),high
K1:40S1VHN69B,,merge,R0 already-merged: corpus merge map records K1:7DP3NTV15T -> K1:40S1VHN69B; the two names denote one live page (Bleomycin),high
K1:41728CY7UX,K1:JQ69D454N1,separate,"R4y both are salts of YGSDEFSMJLZEOE; neither page is that parent moiety; §3.1 merges a salt into its parent, and that parent is not either of these two pages",high
K1:42255P5X4D,K1:V561V90BG2,separate,R4z shared parent VLTRZXGMWDSKGL has 0 carbon atoms; an inorganic anion is not a moiety a drug page merges onto,high
K1:433OSF3U8A,K1:G7W43U4YTF,separate,R9c Chaste Tree Fruit Oil and Chaste Tree Fruit are different registered preparations of one organism (oil); §2 K4 merges only on exact name-family equality and these two families are not equal,medium
K1:434C3EI07T,HOLD:existing:anhydrous-citric-acid,separate,"R9b 'FERRIC SODIUM CITRATE' names an element, a cation or an oxidation state, not a moiety; §3.1a refuses a merge between it and Anhydrous Citric Acid",high
K1:434C3EI07T,K1:XF417D3PSL,separate,"R6d GSRS names Anhydrous Citric Acid as the parent substance of FERRIC SODIUM CITRATE, but FERRIC SODIUM CITRATE is a ferric compound: the metal is the substance being recorded and Anhydrous Citric Acid is its ligand or counter-ion",high
K1:45XWE1Z69V,K1:8BK6YA62H6,separate,R8s the two held structures settle it: different skeletons ANVAOWXLWRTKGA vs OENHQHLEOONYIE; a name rule does not overrule a structure comparison,high
K1:471UZB51YK,K1:57U5YI11WP,separate,R8s the two held structures settle it: different skeletons MXOAEAUPQDYUQM vs SKPLBLUECSEIFO; a name rule does not overrule a structure comparison,high
K1:4846Q921YM,K1:E934B3V59H,separate,"R4y both are salts of QAOWNCQODCNURD; neither page is that parent moiety; §3.1 merges a salt into its parent, and that parent is not either of these two pages",high
K1:48GD5780QF,K1:QDL83WN8C2,separate,"R9a two separately registered FDA substances: Sepia Officinalis Whole ['48GD5780QF'] and Sepia Officinalis Juice ['QDL83WN8C2'], preferred names SEPIA OFFICINALIS WHOLE and SEPIA OFFICINALIS JUICE; neither is a salt, solvate or stereo form of the other by name or by structure",high
K1:4GDQ854U53,K1:F7LG22FZCH,separate,R8s the two held structures settle it: different skeletons JUZYLCPPVHEVSV vs WPHAZPCTEVBKES; a name rule does not overrule a structure comparison,high
K1:4J9FJ0HL51,K1:KH7I04HPUU,separate,"R4y both are salts of NBIIXXVUZAFLBC; neither page is that parent moiety; §3.1 merges a salt into its parent, and that parent is not either of these two pages",high
K1:4OI8D3YOH1,K1:55R0S6LC84,separate,R8s the two held structures settle it: different skeletons IJKVHSBPTUYDLN vs RMAQACBXLXPBSY; a name rule does not overrule a structure comparison,high
K1:4OI8D3YOH1,K1:S4255P4G5M,separate,R8s the two held structures settle it: different skeletons IJKVHSBPTUYDLN vs RMAQACBXLXPBSY; a name rule does not overrule a structure comparison,high
K1:4OI8D3YOH1,K1:T57XQ6TH2A,separate,"R9a two separately registered FDA substances: Metasilicic Acid ['4OI8D3YOH1'] and Calcium Metasilicate ['T57XQ6TH2A'], preferred names METASILICIC ACID and CALCIUM METASILICATE; neither is a salt, solvate or stereo form of the other by name or by structure",high
K1:4PW41QCO2M,K1:X7B7P649WQ,separate,R9c Boswellia Serrata Whole and Boswellia Serrata are different registered preparations of one organism (whole); §2 K4 merges only on exact name-family equality and these two families are not equal,medium
K1:4QIH0N49E7,K1:7RRQ8QZ38N,separate,"R6 the GSRS record on K1:4QIH0N49E7 is a mixed salt whose active moiety is Pyrantel (4QIH0N49E7); PAMOIC ACID is named only as its parent substance, which is the coformer or counter-ion, not the same substance",high
K1:4WG8U28833,K1:V1V998DC17,separate,R9c Garlic Oil and Garlic are different registered preparations of one organism (oil); §2 K4 merges only on exact name-family equality and these two families are not equal,medium
K1:50FKX8CB2Y,,merge,R0 already-merged: corpus merge map records K1:WO0YM16LKG -> K1:50FKX8CB2Y; the two names denote one live page (Patisiran),high
K1:50FKX8CB2Y,,merge,R0 already-merged: corpus merge map records K1:WO0YM16LKG -> K1:50FKX8CB2Y; the two names denote one live page (Patisiran),high
K1:511BQ884F7,K1:W4888I119H,separate,R8s the two held structures settle it: different skeletons TUODPMGCCJSJRH vs FEWJPZIEWOKRBE; a name rule does not overrule a structure comparison,high
K1:515610SU8C,K1:Y5432RGW8N,separate,R9c Macadamia Nut Oil and Macadamia Nut are different registered preparations of one organism (oil); §2 K4 merges only on exact name-family equality and these two families are not equal,medium
K1:540REY4Q17,K1:HIE492ZZ3T,separate,R8s the two held structures settle it: different skeletons UTHUZYBSSBFPES vs QCDWFXQBSFUVSP; a name rule does not overrule a structure comparison,high
K1:55DGS3F5YG,K1:597E9BI3Z3,separate,R9c Arctium Lappa Root Oil and Arctium Lappa Root are different registered preparations of one organism (oil); §2 K4 merges only on exact name-family equality and these two families are not equal,medium
K1:578389D6D0,K1:K48IKT5321,separate,R9c Clove Oil and Clove are different registered preparations of one organism (oil); §2 K4 merges only on exact name-family equality and these two families are not equal,medium
K1:57U5YI11WP,K1:I670DAL4SZ,separate,R8s the two held structures settle it: different skeletons SKPLBLUECSEIFO vs MXOAEAUPQDYUQM; a name rule does not overrule a structure comparison,high
K1:5811MI029U,K1:EBU0U94820,separate,R9c Agrimonia Eupatoria Flower and Agrimonia Eupatoria are different registered preparations of one organism (flower); §2 K4 merges only on exact name-family equality and these two families are not equal,medium
K1:58A14F2L60,K1:WWX61E1ZAK,separate,"R9a two separately registered FDA substances: Sinapis Arvensis Whole ['58A14F2L60'] and Rhamphospermum Arvense FLOWERING/FRUITING Top ['WWX61E1ZAK'], preferred names Rhamphospermum arvense whole and Rhamphospermum arvense flowering/fruiting top; neither is a salt, solvate or stereo form of the other by name or by structure",high
K1:5BF646324K,K1:W4888I119H,separate,"R6 the GSRS record on K1:5BF646324K is a mixed salt whose active moiety is Vinflunine (5BF646324K); TARTARIC ACID is named only as its parent substance, which is the coformer or counter-ion, not the same substance",high
K1:5D3DB66WM3,K1:F5WR8N145C,separate,R4z shared parent XMBWDFGMSWQBCA has 0 carbon atoms; an inorganic anion is not a moiety a drug page merges onto,high
K1:5DQP25600A,K1:HV0Y51NC4J,separate,R4z shared parent QYHFIVBSNOWOCQ has 0 carbon atoms; an inorganic anion is not a moiety a drug page merges onto,high
K1:5IE62321P4,K2:NDAYQJDHGXTBJL-MWWSRJDJSA-N,merge,R1 identical UNII 5IE62321P4; one page holds no structure of its own; §2 keys biologics and name-only records on UNII alone,high
K1:5J49Q6B70F,K2:OGWKCGZFUXNPDA-XQKSVPLYSA-N,form_of,"R3 InChIKey skeleton OGWKCGZFUXNPDA shared; OGWKCGZFUXNPDA-CFWMRBGOSA-N vs OGWKCGZFUXNPDA-XQKSVPLYSA-N; the records carry the same name (Vincristine / Vincristine) so the difference is the stereo or protonation layer alone. §3.2 links these, never merges",medium
K1:5K96Y7WG8T,K1:YS6K3EU393,separate,"R6a GSRS names 2,4,6-TRIBROMOPHENOL as the parent substance of BISMUTH TRIBROMOPHENATE, but it records the active moiety as BISMUTH CATION (ZS9CD1I8YE); the counter-ion is the substance being recorded",high
K1:5Q9VVO3QCN,K4:manganese malate,separate,"R9b 'Manganese Iodide' names an element, a cation or an oxidation state, not a moiety; §3.1a refuses a merge between it and Manganese Malate",high
K1:5YDT22B64Y,K1:AB6MNQ6J6L,separate,R8s the two held structures settle it: different skeletons CBRJMHNWUUTCDW vs KDYFGRWQOYBRFD; a name rule does not overrule a structure comparison,high
K1:5Z6E9K79YV,HOLD:existing:anhydrous-citric-acid,separate,"R4a Lithium Citrate is Anhydrous Citric Acid (KRKNYBCHXYNGOX) plus counter-ions or solvate, but FDA records the active moiety of Lithium Citrate as LITHIUM CATION (8H8Z5UER66), not Anhydrous Citric Acid; the counter-ion is the substance being recorded and the organic acid is its carrier",high
K1:5Z6E9K79YV,K1:XF417D3PSL,separate,"R4a Lithium Citrate is Anhydrous Citric Acid (KRKNYBCHXYNGOX) plus counter-ions or solvate, but FDA records the active moiety of Lithium Citrate as LITHIUM CATION (8H8Z5UER66), not Anhydrous Citric Acid; the counter-ion is the substance being recorded and the organic acid is its carrier",high
K1:5Z9SP3X666,,merge,R0 already-merged: corpus merge map records K1:4CHB7QQU1Q -> K1:5Z9SP3X666; the two names denote one live page (Nusinersen),high
K1:5Z9SP3X666,,merge,R0 already-merged: corpus merge map records K1:4CHB7QQU1Q -> K1:5Z9SP3X666; the two names denote one live page (Nusinersen),high
K1:62TEY51RR1,K1:O414PZ4LPZ,separate,"R4x §1 the removed fragment is not a counter-ion: Bismuth Subsalicylate carries Bi that Salicylic Acid does not; shared organic fragment YGSDEFSMJLZEOE is the ligand, not the substance",high
K1:6326W0DRHY,K4:tetradecyl,separate,R9 no shared identifier and no structure pair to compare (Tetradecyl Hydrogen Sulfate (ESTER) vs Sodium Tetradecyl); UNIIs ['6326W0DRHY'] vs none; InChIKeys GROJOWHVXQYQGN-UHFFFAOYSA-N vs none,low
K1:63G354M39Z,HOLD:existing:anhydrous-citric-acid,separate,"R4x §1 the removed fragment is not a counter-ion: Ferric Citrate carries Fe that Anhydrous Citric Acid does not; shared organic fragment KRKNYBCHXYNGOX is the ligand, not the substance",high
K1:63G354M39Z,K1:Q91187K011,separate,"R4y both are salts of KRKNYBCHXYNGOX; neither page is that parent moiety; §3.1 merges a salt into its parent, and that parent is not either of these two pages",high
K1:63G354M39Z,K1:XF417D3PSL,separate,"R4x §1 the removed fragment is not a counter-ion: Ferric Citrate carries Fe that Anhydrous Citric Acid does not; shared organic fragment KRKNYBCHXYNGOX is the ligand, not the substance",high
K1:65R938S4DV,K1:R4R8J0Q44B,separate,"R6 the GSRS record on K1:65R938S4DV is a mixed salt whose active moiety is Lactobionic Acid (65R938S4DV); Gluconic Acid is named only as its parent substance, which is the coformer or counter-ion, not the same substance",high
K1:67M901L9NQ,K1:3B8D35Y7S4,separate,"R4a Ammonium Lactate is Lactic Acid, Dl (JVTAAEKCZFNVCJ) plus counter-ions or solvate, but FDA records the active moiety of Ammonium Lactate as AMMONIUM CATION (54S68520I4), not Lactic Acid, Dl; the counter-ion is the substance being recorded and the organic acid is its carrier",high
K1:6B9991FLU3,K1:7RRQ8QZ38N,separate,"R6 the GSRS record on K1:6B9991FLU3 is a mixed salt whose active moiety is Pyrvinium (6B9991FLU3); PAMOIC ACID is named only as its parent substance, which is the coformer or counter-ion, not the same substance",high
K1:6EW75241VU,K1:PPP8783IQ1,separate,"R9a two separately registered FDA substances: Technetium TC-99M ['6EW75241VU'] and Technetium TC-99M Pertechnetate ['PPP8783IQ1'], preferred names TECHNETIUM TC-99M and TECHNETIUM TC-99M PERTECHNETATE; neither is a salt, solvate or stereo form of the other by name or by structure",high
K1:6J43Y8MXF0,K4:pulsatilla,separate,R9 no shared identifier and no structure pair to compare (Pulsatilla Alpina Whole vs Pulsatilla); UNIIs ['6J43Y8MXF0'] vs none,low
K1:740T4C525W,K1:AZE05TDV2V,separate,"R6 the GSRS record on K1:740T4C525W is a mixed salt whose active moiety is Sulfafurazole (740T4C525W); Diolamine is named only as its parent substance, which is the coformer or counter-ion, not the same substance",high
K1:75G4TW236W,K1:6HG8UB2MUY,separate,"R9a two separately registered FDA substances: MEGLUMINE ANTIMONATE ['75G4TW236W'] and Meglumine ['6HG8UB2MUY'], preferred names MEGLUMINE ANTIMONIATE and Meglumine; neither is a salt, solvate or stereo form of the other by name or by structure",high
K1:763YQN2K7K,K1:OJ245FE5EU,separate,"R4y both are salts of WPYMKLBDIGXBTP; neither page is that parent moiety; §3.1 merges a salt into its parent, and that parent is not either of these two pages",high
K1:781E2AXH0K,K1:R4R8J0Q44B,separate,"R4x §1 the removed fragment is not a counter-ion: FERROUS GLUCONATE ANHYDROUS carries Fe that Gluconic Acid does not; shared organic fragment RGHNJXZEOKUKBD is the ligand, not the substance",high
K1:7FT6QUT299,K1:ZVL325FU75,separate,"R4y both are salts of CBMIPXHVOVTTTL; neither page is that parent moiety; §3.1 merges a salt into its parent, and that parent is not either of these two pages",high
K1:7G09WJ8QIR,K1:R4R8J0Q44B,separate,"R4x §1 the removed fragment is not a counter-ion: Manganese Gluconate Anhydrous carries Mn that Gluconic Acid does not; shared organic fragment RGHNJXZEOKUKBD is the ligand, not the substance",high
K1:7GBN705NH1,K1:O414PZ4LPZ,separate,"R6 the GSRS record on K1:7GBN705NH1 is a mixed salt whose active moiety is Imidazole (7GBN705NH1); Salicylic Acid is named only as its parent substance, which is the coformer or counter-ion, not the same substance",high
K1:7NFE54O27T,K1:XF417D3PSL,separate,"R6 the GSRS record on K1:7NFE54O27T is a mixed salt whose active moiety is Toremifene (7NFE54O27T); Anhydrous Citric Acid is named only as its parent substance, which is the coformer or counter-ion, not the same substance",high
K1:7NJ031HAX5,K1:W4888I119H,separate,R8s the two held structures settle it: different skeletons NVEPPWDVLBMNMB vs FEWJPZIEWOKRBE; a name rule does not overrule a structure comparison,high
K1:7QWA1RIO01,K1:8EF1Z1238F,separate,R8s the two held structures settle it: different skeletons GVJHHUAWPYXKBD vs QUEDXNHFTDJVIY; a name rule does not overrule a structure comparison,high
K1:7UQ7X4Y489,,merge,R0 already-merged: corpus merge map records K1:3S182ET3UA -> K1:7UQ7X4Y489; the two names denote one live page (Tinzaparin),high
K1:7V9926378A,K1:J7IRE7H75D,separate,"R9a two separately registered FDA substances: Indium IN-111 Satumomab Pendetide ['7V9926378A'] and Satumomab ['J7IRE7H75D'], preferred names INDIUM IN-111 SATUMOMAB PENDETIDE and SATUMOMAB; neither is a salt, solvate or stereo form of the other by name or by structure",high
K1:7W2581Z5L8,K1:J3TZF807X5,separate,"R6 the GSRS record on K1:7W2581Z5L8 is a mixed salt whose active moiety is Samidorphan (7W2581Z5L8); Malic Acid is named only as its parent substance, which is the coformer or counter-ion, not the same substance",high
K1:813396S1PC,K1:13S1S8SF37,separate,R4z shared parent PTFCDOFLOPIGGS has 0 carbon atoms; an inorganic anion is not a moiety a drug page merges onto,high
K1:818ZYK7N91,K1:AB6MNQ6J6L,separate,"R9b 'FERROUS SUCCINATE' names an element, a cation or an oxidation state, not a moiety; §3.1a refuses a merge between it and Succinic Acid",high
K1:86Q357L16B,K1:13S1S8SF37,separate,R4z shared parent PTFCDOFLOPIGGS has 0 carbon atoms; an inorganic anion is not a moiety a drug page merges onto,high
K1:86R1NVR0HW,,merge,R0b same full InChIKey inside the 'potassium' name group: K1:86R1NVR0HW and HOLD:existing:potassium-citrate both hold QEEAPRPFLLJWCF-UHFFFAOYSA-K,high
K1:88JLS9ZM6C,K1:8BK6YA62H6,separate,R8s the two held structures settle it: different skeletons VJASLAGEYVTOGS vs OENHQHLEOONYIE; a name rule does not overrule a structure comparison,high
K1:8BK6YA62H6,K1:DH369M0SOE,separate,R8s the two held structures settle it: different skeletons OENHQHLEOONYIE vs HRQKOYFGHJYEFS; a name rule does not overrule a structure comparison,high
K1:8C3Z4148WZ,K1:C269C4G2ZQ,separate,"R9a two separately registered FDA substances: Alginic Acid ['8C3Z4148WZ'] and SODIUM ALGINATE ['C269C4G2ZQ'], preferred names ALGINIC ACID and Sodium alginate; neither is a salt, solvate or stereo form of the other by name or by structure",high
K1:8EKI9QEE2H,K1:F5WR8N145C,separate,"R4y both are salts of XMBWDFGMSWQBCA; neither page is that parent moiety; §3.1 merges a salt into its parent, and that parent is not either of these two pages",high
K1:8KIK8VI3TB,K1:91MBZ8H3QO,separate,R4z shared parent XDVOLDOITVSJGL has 0 carbon atoms; an inorganic anion is not a moiety a drug page merges onto,high
K1:8KK1UTR6IF,K1:K848JZ4886,separate,R8s the two held structures settle it: different skeletons MIUFXQAREUEISL vs XUJNEKJLAYXESH; a name rule does not overrule a structure comparison,high
K1:8LGU7VM393,K1:IJ67X351P9,separate,R9c Rosemary Oil and Rosemary are different registered preparations of one organism (oil); §2 K4 merges only on exact name-family equality and these two families are not equal,medium
K1:8P20S56HZI,K1:8C3Z4148WZ,separate,"R6a GSRS names Alginic Acid as the parent substance of CALCIUM ALGINATE, but it records the active moiety as CALCIUM CATION (2M83C4R6ZB); the counter-ion is the substance being recorded",high
K1:8Q759N78CX,K1:Y0C99N5TMZ,separate,"R4y both are salts of QAOWNCQODCNURD; neither page is that parent moiety; §3.1 merges a salt into its parent, and that parent is not either of these two pages",high
K1:8UQ3W6JXAN,K1:0WT12SX38S,separate,"R6 the GSRS record on K1:8UQ3W6JXAN is a mixed salt whose active moiety is Nedaplatin (8UQ3W6JXAN); GLYCOLIC ACID is named only as its parent substance, which is the coformer or counter-ion, not the same substance",high
K1:8V316C2371,K1:3B8D35Y7S4,separate,"R6d GSRS names Lactic Acid, Dl as the parent substance of Myralact, yet nothing in the names or structures makes one a salt or solvate of the other; the link runs through a coformer",medium
K1:8W8T17847W,K1:H3LE856W64,separate,R8s the two held structures settle it: different skeletons XSQUKJJJFZCRTK vs FGPZLEIOVJZZCD; a name rule does not overrule a structure comparison,high
K1:9078K3MO9U,K1:4QD397987E,separate,"R6d GSRS names Histidine as the parent substance of COPPER HISTIDINE, but COPPER HISTIDINE is a copper compound: the metal is the substance being recorded and Histidine is its ligand or counter-ion",high
K1:9266D9P3PQ,K1:D5NNC1X8FP,separate,R8s the two held structures settle it: different skeletons YTKUWDBFDASYHO vs GPYWLSZJZNELNN; a name rule does not overrule a structure comparison,high
K1:95QN29S1ID,K1:88XHZ13131,separate,R8s the two held structures settle it: different skeletons YNNUSGIPVFPVBX vs VZCYOOQTPOCHFL; a name rule does not overrule a structure comparison,high
K1:96P72VE680,K1:9E7R5L6H31,separate,"R9a two separately registered FDA substances: CERIUM OXALATE ['96P72VE680'] and Oxalic Acid ['9E7R5L6H31'], preferred names CEROUS OXALATE and Oxalic acid; neither is a salt, solvate or stereo form of the other by name or by structure",high
K1:97F4MTY3VA,K1:V561V90BG2,separate,R4z shared parent VLTRZXGMWDSKGL has 0 carbon atoms; an inorganic anion is not a moiety a drug page merges onto,high
K1:97Z1WI3NDX,K1:B7862WZ632,separate,"R9b 'Calcium Phosphate, Unspecified Form' names an element, a cation or an oxidation state, not a moiety; §3.1a refuses a merge between it and Potassium Phosphate, Unspecified Form",high
K1:9B44647H2S,K1:Y41JS2NL6U,separate,R8s the two held structures settle it: different skeletons ZEAYEMJBEYLWSQ vs VHYCDWMUTMEGQY; a name rule does not overrule a structure comparison,high
K1:9G0JE54296,K4:cedrus libani,separate,R9c Cedrus Libani Whole and Cedrus Libani are different registered preparations of one organism (whole); §2 K4 merges only on exact name-family equality and these two families are not equal,medium
K1:9HDT03PZ0N,K4:vitex agnus castus,separate,R9c Vitex Agnus-Castus Whole and Vitex Agnus-Castus are different registered preparations of one organism (whole); §2 K4 merges only on exact name-family equality and these two families are not equal,medium
K1:9J1H7Y9OJV,K1:88XHZ13131,separate,R8s the two held structures settle it: different skeletons KBUZBQVCBVDWKX vs VZCYOOQTPOCHFL; a name rule does not overrule a structure comparison,high
K1:9K730EL8KU,K1:F0Z746KRKQ,separate,R8s the two held structures settle it: different skeletons IGLNJRXAVVLDKE vs NCCSSGKUIKYAJD; a name rule does not overrule a structure comparison,high
K1:9L5JEP7MES,K4:panax ginseng,separate,R9c Panax Ginseng Whole and Panax Ginseng are different registered preparations of one organism (whole); §2 K4 merges only on exact name-family equality and these two families are not equal,medium
K1:9NS3M2Y78S,K1:CZD6M4PY4B,separate,"R9a two separately registered FDA substances: Ornithogalum Umbellatum ['9NS3M2Y78S'] and Ornithogalum Umbellatum Flowering Top ['CZD6M4PY4B'], preferred names ORNITHOGALUM UMBELLATUM WHOLE and ORNITHOGALUM UMBELLATUM FLOWERING TOP; neither is a salt, solvate or stereo form of the other by name or by structure",high
K1:9RES347CKG,K4:lavandin,separate,R9c Lavandin Oil and Lavandin are different registered preparations of one organism (oil); §2 K4 merges only on exact name-family equality and these two families are not equal,medium
K1:9U1VM840SP,K1:O414PZ4LPZ,separate,R8s the two held structures settle it: different skeletons PIJVFDBKTWXHHD vs YGSDEFSMJLZEOE; a name rule does not overrule a structure comparison,high
K1:9U7D5QH5AE,K1:9XH2P2N8EP,separate,R8s the two held structures settle it: different skeletons PFCRQPBOOFTZGQ vs JCQLYHFGKNRPGE; a name rule does not overrule a structure comparison,high
K1:9W34L2CQ9A,K1:K20Y81ACO3,separate,"R9a two separately registered FDA substances: Ambrosia Artemisiifolia ['9W34L2CQ9A'] and Ambrosia Artemisiifolia Pollen ['K20Y81ACO3'], preferred names AMBROSIA ARTEMISIIFOLIA WHOLE and AMBROSIA ARTEMISIIFOLIA POLLEN; neither is a salt, solvate or stereo form of the other by name or by structure",high
K1:A0730CX801,K1:PPP8783IQ1,separate,"R6a GSRS names Technetium TC-99M Pertechnetate as the parent substance of Technetium Tc-99m Sodium Pertechnetate Generator, but it records the active moiety as TECHNETIUM TC-99M (6EW75241VU); the counter-ion is the substance being recorded",high
K1:A4028U842W,K1:D60E3WIF5Y,merge,"R7y identical name 'Fibrinolysin' and no structure on either page; UNIIs ['A4028U842W'] / ['D60E3WIF5Y'], substance classes ['protein'] / ['protein']",medium
K1:AB2MK88Y6D,K1:K72T3FS567,separate,R8s the two held structures settle it: different skeletons RIRGCFBBHQEQQH vs OIRDTQYFTABQOQ; a name rule does not overrule a structure comparison,high
K1:AQ86ZJ9U98,K4:chromic,separate,"R9b 'Chromic Phosphate' names an element, a cation or an oxidation state, not a moiety; §3.1a refuses a merge between it and Chromic",high
K1:B22547B95K,K1:XF417D3PSL,merge,R4 §3.1 salt or solvate: Trisodium Citrate Dihydrate is Anhydrous Citric Acid (KRKNYBCHXYNGOX) plus counter-ions or solvate; FDA records the active moiety of Trisodium Citrate Dihydrate as Anhydrous Citric Acid (XF417D3PSL),high
K1:B7862WZ632,K1:RS7A450LGA,separate,"R9b 'Potassium Phosphate, Unspecified Form' names an element, a cation or an oxidation state, not a moiety; §3.1a refuses a merge between it and Anhydrous Trisodium Citrate",high
K1:BGL0JSY5SI,K1:88XHZ13131,separate,"R6 the GSRS record on K1:BGL0JSY5SI is a mixed salt whose active moiety is Quetiapine (BGL0JSY5SI); Fumaric Acid is named only as its parent substance, which is the coformer or counter-ion, not the same substance",high
K1:BI6GY4U9CW,,merge,R0 already-merged: corpus merge map records K1:5004UU3156 -> K1:BI6GY4U9CW; the two names denote one live page (Danaparoid),high
K1:BI6GY4U9CW,,merge,R0 already-merged: corpus merge map records K1:5004UU3156 -> K1:BI6GY4U9CW; the two names denote one live page (Danaparoid),high
K1:BO9LE4QFZF,K1:X4PT8NAI8E,separate,R8s the two held structures settle it: different skeletons XNKLLVCARDGLGL vs OMYGFARMZNCWPN; a name rule does not overrule a structure comparison,high
K1:C02T02993U,K1:YGR27ZW0Y7,separate,"R4w SODIUM SULFIDE appears only as a fragment of Sodium Sulfide Nonahydrate, not as its parent moiety",high
K1:C21158IIRK,K1:GW89581OWR,separate,"R4x §1 the removed fragment is not a counter-ion: Hekla Lava carries Al/Mn/Ti that Ferrous Cation does not; shared organic fragment CWYNVVGOOAEACU is the ligand, not the substance",high
K1:C2J9B08Q3I,K1:W2FH8O2BBE,separate,R9c CARAWAY OIL and Caraway are different registered preparations of one organism (oil); §2 K4 merges only on exact name-family equality and these two families are not equal,medium
K1:C5H0QJ6V7F,K1:XJ6RUH0O4G,separate,R9c Turpentine Oil and Turpentine are different registered preparations of one organism (oil); §2 K4 merges only on exact name-family equality and these two families are not equal,medium
K1:CC9149U2QX,K1:R4R8J0Q44B,separate,"R9a two separately registered FDA substances: SODIUM FERRIC GLUCONATE COMPLEX ['CC9149U2QX'] and Gluconic Acid ['R4R8J0Q44B'], preferred names SODIUM FERRIC GLUCONATE COMPLEX and Gluconic Acid; neither is a salt, solvate or stereo form of the other by name or by structure",high
K1:CLH5FT6412,K1:91O4LML611,separate,"R4w Ferric Cation appears only as a fragment of Ferumoxytol NON-STOICHIOMETRIC Magnetite, not as its parent moiety",high
K1:CLH5FT6412,K1:GW89581OWR,separate,R4z shared parent CWYNVVGOOAEACU has 0 carbon atoms; an inorganic anion is not a moiety a drug page merges onto,high
K1:CQ2F5O6YIY,K2:QCYLIQBVLZBPNK-WRRJDLEGSA-N,separate,R8s the two held structures settle it: different skeletons BNMGUJRJUUDLHW vs QCYLIQBVLZBPNK; a name rule does not overrule a structure comparison,high
K1:D888C394VO,K1:NVG71ZZ7P0,separate,R8s the two held structures settle it: different skeletons WHKUVVPPKQRRBV vs QTBSBXVTEAMEQO; a name rule does not overrule a structure comparison,high
K1:DL2R53P963,,merge,R0 already-merged: corpus merge map records K1:XW0E5YS77G -> K1:DL2R53P963; the two names denote one live page (COLISTIMETHATE),high
K1:DSV74G1P2J,K1:WQZ3G9PF0H,separate,R9c Atropa Belladonna Whole and Atropa Belladonna are different registered preparations of one organism (whole); §2 K4 merges only on exact name-family equality and these two families are not equal,medium
K1:DY38VHM5OD,K1:712K4CDC10,separate,R4z shared parent QWPPOHNGKGFGJK has 0 carbon atoms; an inorganic anion is not a moiety a drug page merges onto,high
K1:E47C0NF7LV,,merge,R0 already-merged: corpus merge map records K1:8NZ41MIK1O -> K1:E47C0NF7LV; the two names denote one live page (Enoxaparin),high
K1:E4T8TU3LE8,K1:Y0C99N5TMZ,separate,"R4y both are salts of QAOWNCQODCNURD; neither page is that parent moiety; §3.1 merges a salt into its parent, and that parent is not either of these two pages",high
K1:E65RW73PHS,K1:5WBR90FN3H,separate,"R6a GSRS names Fosveset as the parent substance of Gadofosveset, but it records the active moiety as Gadolinium cation (3+) (AZV954TZ9N); the counter-ion is the substance being recorded",high
K1:EDN2NBH5SS,K1:W4888I119H,separate,R8s the two held structures settle it: different skeletons NDAUXUAQIAJITI vs FEWJPZIEWOKRBE; a name rule does not overrule a structure comparison,high
K1:EE90ONI6FF,,merge,R0b same UNII inside the 'potassium' name group: K1:EE90ONI6FF and HOLD:existing:potassium-citrate both hold UNII EE90ONI6FF,high
K1:EE92BBP03H,K1:J3TZF807X5,separate,R8s the two held structures settle it: different skeletons HSUGRBWQSSZJOP vs BJEPYKJPYRNKOW; a name rule does not overrule a structure comparison,high
K1:EEO29FZT86,,merge,R0 already-merged: corpus merge map records K1:JQ72VD4XUL -> K1:EEO29FZT86; the two names denote one live page (Padeliporfin),high
K1:ER29L26N1X,K1:88XHZ13131,separate,"R6 the GSRS record on K1:ER29L26N1X is a mixed salt whose active moiety is Cobimetinib (ER29L26N1X); Fumaric Acid is named only as its parent substance, which is the coformer or counter-ion, not the same substance",high
K1:EUT3557RT5,K2:SGEIEGAXKLMUIZ-XUVDNFPMSA-N,form_of,"R3 InChIKey skeleton SGEIEGAXKLMUIZ shared; SGEIEGAXKLMUIZ-CYBMUJFWSA-N vs SGEIEGAXKLMUIZ-XUVDNFPMSA-N; the records carry the same name (Arimoclomol / Arimoclomol) so the difference is the stereo or protonation layer alone. §3.2 links these, never merges",medium
K1:F1T8QT9U8B,K1:UD4O8TY7RW,separate,"R9a two separately registered FDA substances: Digitalis ['F1T8QT9U8B'] and Digitalis Purpurea Whole ['UD4O8TY7RW'], preferred names DIGITALIS and DIGITALIS PURPUREA WHOLE; neither is a salt, solvate or stereo form of the other by name or by structure",high
K1:F59P8B75R4,,merge,R0 already-merged: corpus merge map records K1:914032762Y -> K1:F59P8B75R4; the two names denote one live page (Pentosan Polysulfate),high
K1:F59P8B75R4,,merge,R0 already-merged: corpus merge map records K1:914032762Y -> K1:F59P8B75R4; the two names denote one live page (Pentosan Polysulfate),high
K1:F5Y53150C8,K1:W4888I119H,separate,R8s the two held structures settle it: different skeletons ZXOSVKYCXLTVGS vs FEWJPZIEWOKRBE; a name rule does not overrule a structure comparison,high
K1:F79059A38U,K1:069647RPT5,separate,"R6 the GSRS record on K1:F79059A38U is a mixed salt whose active moiety is Antimony Trisulfide (F79059A38U); Antimony Cation (3+) is named only as its parent substance, which is the coformer or counter-ion, not the same substance",high
K1:F8PO54Z4V7,K1:F9S9FFU82N,separate,"R6 the GSRS record on K1:F8PO54Z4V7 is a mixed salt whose active moiety is Squalamine (F8PO54Z4V7); Lactic Acid is named only as its parent substance, which is the coformer or counter-ion, not the same substance",high
K1:F8XAG1755S,K1:PB618V0K2W,separate,R9c Borage Oil and Borage are different registered preparations of one organism (oil); §2 K4 merges only on exact name-family equality and these two families are not equal,medium
K1:F91H02EBWT,K1:W4888I119H,separate,R8s the two held structures settle it: different skeletons BPZSYCZIITTYBL vs FEWJPZIEWOKRBE; a name rule does not overrule a structure comparison,high
K1:FI8B4CLS9I,K1:G6W4F0V8Z3,separate,R9c Datura Stramonium Whole and Datura Stramonium are different registered preparations of one organism (whole); §2 K4 merges only on exact name-family equality and these two families are not equal,medium
K1:G23AP190YS,K1:W4888I119H,separate,R8s the two held structures settle it: different skeletons QPYJXFZUIJOGNX vs FEWJPZIEWOKRBE; a name rule does not overrule a structure comparison,high
K1:G43C57162K,K1:VIF565UC2G,separate,R9c Melaleuca Alternifolia Leaf Oil and Melaleuca Alternifolia Leaf are different registered preparations of one organism (oil); §2 K4 merges only on exact name-family equality and these two families are not equal,medium
K1:GB4I2JI8UI,,merge,R0 already-merged: corpus merge map records K1:28O0WP6Z1P -> K1:GB4I2JI8UI; the two names denote one live page (Vutrisiran),high
K1:GB4I2JI8UI,,merge,R0 already-merged: corpus merge map records K1:28O0WP6Z1P -> K1:GB4I2JI8UI; the two names denote one live page (Vutrisiran),high
K1:H5WVD9LZUD,K1:4E862E7GRQ,separate,R4z shared parent XPPKVPWEQAFLFU has 0 carbon atoms; an inorganic anion is not a moiety a drug page merges onto,high
K1:H6CM4TWH1W,K1:IGO73S04D5,separate,R8s the two held structures settle it: different skeletons GRWFGVWFFZKLTI vs WTARULDDTDQWMU; a name rule does not overrule a structure comparison,high
K1:H7965X29HX,K4:cobaltous,separate,"R9b 'Cobaltous Sulfate' names an element, a cation or an oxidation state, not a moiety; §3.1a refuses a merge between it and Cobaltous",high
K1:HF539G9L3Q,K1:XMK14ETW2D,separate,"R4y both are salts of NBIIXXVUZAFLBC; neither page is that parent moiety; §3.1 merges a salt into its parent, and that parent is not either of these two pages",high
K1:HIW548RQ3W,K1:F6A27P4Q4R,separate,R4z shared parent MCAHWIHFGHIESP has 0 carbon atoms; an inorganic anion is not a moiety a drug page merges onto,high
K1:HS813P8QPX,,merge,R0 already-merged: corpus merge map records K1:R3O80H60KX -> K1:HS813P8QPX; the two names denote one live page (Bismuth Subcitrate),high
K1:HS813P8QPX,,merge,R0 already-merged: corpus merge map records K1:R3O80H60KX -> K1:HS813P8QPX; the two names denote one live page (Bismuth Subcitrate),high
K1:HT0935F2JR,K4:mercurous,separate,"R9b 'Mercurous Iodide' names an element, a cation or an oxidation state, not a moiety; §3.1a refuses a merge between it and Mercurous",high
K1:I35H55G906,K1:3B8D35Y7S4,separate,"R6 the GSRS record on K1:I35H55G906 is a mixed salt whose active moiety is Dovitinib (I35H55G906); Lactic Acid, Dl is named only as its parent substance, which is the coformer or counter-ion, not the same substance",high
K1:I8LHQ0D645,K1:L3L3XYP7MP,separate,"R9a two separately registered FDA substances: Dextran 1 ['I8LHQ0D645'] and Isomaltotriose ['K3R6ZDH4DU', 'L3L3XYP7MP'], preferred names DEXTRAN 1 and DEXTRAN 40; neither is a salt, solvate or stereo form of the other by name or by structure",high
K1:I8LHQ0D645,K1:V5LWP0C2L5,separate,"R9a two separately registered FDA substances: Dextran 1 ['I8LHQ0D645'] and Dextran Sulfate Sodium (5000 MW) ['V5LWP0C2L5'], preferred names DEXTRAN 1 and DEXTRAN SULFATE SODIUM (5000 MW); neither is a salt, solvate or stereo form of the other by name or by structure",high
K1:I909J9CFAT,K2:YMXBQIIPWIMAQE-UHFFFAOYSA-N,separate,R9 no shared identifier and no structure pair to compare (Liprotamase Amylase vs Amylase); UNIIs ['I909J9CFAT'] vs none; InChIKeys none vs YMXBQIIPWIMAQE-UHFFFAOYSA-N,low
K1:I909J9CFAT,K3:CHEMBL1201648,separate,R9 no shared identifier and no structure pair to compare (Liprotamase Amylase vs AMYLASE (PANCRELIPASE)); UNIIs ['I909J9CFAT'] vs none,low
K1:IGA15S9H40,K1:IO46B19O1Q,separate,R8s the two held structures settle it: different skeletons QAOWNCQODCNURD vs AWYFNIZYMPNGAI; a name rule does not overrule a structure comparison,high
K1:IO46B19O1Q,K1:W00LYS4T26,separate,R8s the two held structures settle it: different skeletons AWYFNIZYMPNGAI vs QAOWNCQODCNURD; a name rule does not overrule a structure comparison,high
K1:IY191986AO,K4:mercuric,separate,"R9b 'Mercuric Oxide' names an element, a cation or an oxidation state, not a moiety; §3.1a refuses a merge between it and Mercuric",high
K1:IZ05287FTB,K1:ML30MJ2U7I,separate,R8s the two held structures settle it: different skeletons ZRJXRFLDXJTCMA vs QAOWNCQODCNURD; a name rule does not overrule a structure comparison,high
K1:J2VZ07J96K,,merge,R0 already-merged: corpus merge map records K1:19371312D4 -> K1:J2VZ07J96K; the two names denote one live page (Polymyxin b),high
K1:J2VZ07J96K,,merge,R0 already-merged: corpus merge map records K1:19371312D4 -> K1:J2VZ07J96K; the two names denote one live page (Polymyxin b),high
K1:J4L3PPG58I,K4:mercuric,separate,"R9b 'Mercuric Sulfate' names an element, a cation or an oxidation state, not a moiety; §3.1a refuses a merge between it and Mercuric",high
K1:J7YV2RKO6Q,K1:JHU490RVYR,separate,R8s the two held structures settle it: different skeletons MZHCENGPTKEIGP vs XBDQKXXYIPTUBI; a name rule does not overrule a structure comparison,high
K1:J95YY85R52,K1:R10H71BSWG,separate,R8s the two held structures settle it: different skeletons VJHYOZWFHJBKMZ vs PIEUQSKUWLMALL; a name rule does not overrule a structure comparison,high
K1:K4C08XP666,K4:tribasic,separate,"R9b 'Tribasic' names an element, a cation or an oxidation state, not a moiety; §3.1a refuses a merge between it and Tricalcium Phosphate",high
K1:K72I3DEX9B,HOLD:existing:anhydrous-citric-acid,separate,"R4x §1 the removed fragment is not a counter-ion: Zinc Citrate carries Zn that Anhydrous Citric Acid does not; shared organic fragment KRKNYBCHXYNGOX is the ligand, not the substance",high
K1:K72I3DEX9B,K1:XF417D3PSL,separate,"R4x §1 the removed fragment is not a counter-ion: Zinc Citrate carries Zn that Anhydrous Citric Acid does not; shared organic fragment KRKNYBCHXYNGOX is the ligand, not the substance",high
K1:K72T3FS567,K1:RP8X0ZB061,separate,"R9a two separately registered FDA substances: ADENOSINE ['K72T3FS567'] and Lactobacillus Crispatus Strain CTV-05 ['RP8X0ZB061'], preferred names ADENOSINE and LACTOBACILLUS CRISPATUS STRAIN CTV-05; neither is a salt, solvate or stereo form of the other by name or by structure",high
K1:K91YT16P5M,K1:WIQ1H85SYP,separate,"R4y both are salts of YGSDEFSMJLZEOE; neither page is that parent moiety; §3.1 merges a salt into its parent, and that parent is not either of these two pages",high
K1:KH7I04HPUU,K4:monobasic,separate,"R9b 'Sodium Phosphate, Monobasic' names an element, a cation or an oxidation state, not a moiety; §3.1a refuses a merge between it and Monobasic",high
K1:L0ND3981AG,K1:1HTE449DGZ,separate,"R9a two separately registered FDA substances: GADOTERATE MEGLUMINE ['L0ND3981AG'] and Tetraxetan ['1HTE449DGZ'], preferred names Gadoterate meglumine and Tetraxetan; neither is a salt, solvate or stereo form of the other by name or by structure",high
K1:L0ND3981AG,K1:6HG8UB2MUY,separate,"R9a two separately registered FDA substances: GADOTERATE MEGLUMINE ['L0ND3981AG'] and Meglumine ['6HG8UB2MUY'], preferred names Gadoterate meglumine and Meglumine; neither is a salt, solvate or stereo form of the other by name or by structure",high
K1:L11K75P92J,K4:dibasic,separate,"R9b 'Anhydrous Dibasic Calcium Phosphate' names an element, a cation or an oxidation state, not a moiety; §3.1a refuses a merge between it and Anhydrous Dibasic",high
K1:LA9X9UJA2Z,K1:817L1N4CKP,separate,"R4a Magnesium Malate is MALIC ACID (BJEPYKJPYRNKOW) plus counter-ions or solvate, but FDA records the active moiety of Magnesium Malate as MAGNESIUM CATION (T6V3LHY838), not MALIC ACID; the counter-ion is the substance being recorded and the organic acid is its carrier",high
K1:LC1V549NOM,K1:LGN4W9EY7G,separate,R8s the two held structures settle it: different skeletons CPELXLSAUQHCOX vs ZTEATMVVGQUULZ; a name rule does not overrule a structure comparison,high
K1:LC1V549NOM,K1:OSD78555ZM,separate,"R4y both are salts of CPELXLSAUQHCOX; neither page is that parent moiety; §3.1 merges a salt into its parent, and that parent is not either of these two pages",high
K1:LGX9OL562T,K1:5UTX5635HP,separate,"R6a GSRS names Oxyquinoline as the parent substance of INDIUM IN 111 OXYQUINOLINE, but it records the active moiety as INDIUM CATION IN-111 (WJZ06C0H8L); the counter-ion is the substance being recorded",high
K1:M089EFU921,K2:CUKWUWBLQQDQAC-VEQWQPCFSA-N,merge,R1 identical UNII M089EFU921; one page holds no structure of its own; §2 keys biologics and name-only records on UNII alone,high
K1:M15H03K69B,,merge,R0 already-merged: corpus merge map records K1:Y3834SIK5F -> K1:M15H03K69B; the two names denote one live page (Porfimer),high
K1:M15H03K69B,,merge,R0 already-merged: corpus merge map records K1:Y3834SIK5F -> K1:M15H03K69B; the two names denote one live page (Porfimer),high
K1:M7Y086VB5G,K1:R4R8J0Q44B,separate,R8s the two held structures settle it: different skeletons AEMOLEFTQBMNLQ vs RGHNJXZEOKUKBD; a name rule does not overrule a structure comparison,high
K1:MD64P82Y28,K1:AB6MNQ6J6L,separate,"R4a LITHIUM SUCCINATE is Succinic Acid (KDYFGRWQOYBRFD) plus counter-ions or solvate, but FDA records the active moiety of LITHIUM SUCCINATE as LITHIUM CATION (8H8Z5UER66), not Succinic Acid; the counter-ion is the substance being recorded and the organic acid is its carrier",high
K1:MG976Z29OM,K1:RCS9EQ01V4,separate,"R9a two separately registered FDA substances: Glyceryl Phosphate ['MG976Z29OM'] and SODIUM GLYCEROPHOSPHATE ['RCS9EQ01V4'], preferred names GLYCERYL PHOSPHATE and Sodium glycerophosphate; neither is a salt, solvate or stereo form of the other by name or by structure",high
K1:MK831RYX9D,K1:W4888I119H,separate,"R6 the GSRS record on K1:MK831RYX9D is a mixed salt whose active moiety is UT-231B Free Base (MK831RYX9D); TARTARIC ACID is named only as its parent substance, which is the coformer or counter-ion, not the same substance",high
K1:MRJ667KA5E,K1:NPU9M2E6L8,merge,"R7y identical name 'Methylcellulose (4000 MPA.S)' and no structure on either page; UNIIs ['MRJ667KA5E'] / ['NPU9M2E6L8'], substance classes ['polymer'] / ['polymer']",medium
K1:MT6QI8324A,K1:3B8D35Y7S4,separate,"R4a MAGNESIUM LACTATE is Lactic Acid, Dl (JVTAAEKCZFNVCJ) plus counter-ions or solvate, but FDA records the active moiety of MAGNESIUM LACTATE as MAGNESIUM CATION (T6V3LHY838), not Lactic Acid, Dl; the counter-ion is the substance being recorded and the organic acid is its carrier",high
K1:N712M78A8G,K1:V1I29R0RJQ,separate,R8s the two held structures settle it: different skeletons RQNWIZPPADIBDY vs RBFQJDQYXXHULB; a name rule does not overrule a structure comparison,high
K1:N8NP6FR80R,K4:cupric,separate,"R9b 'Cupric Phosphate' names an element, a cation or an oxidation state, not a moiety; §3.1a refuses a merge between it and Cupric",high
K1:N9I9HDB855,K1:W4888I119H,separate,R8s the two held structures settle it: different skeletons RBOXVHNMENFORY vs FEWJPZIEWOKRBE; a name rule does not overrule a structure comparison,high
K1:O352864B8Z,K1:4E862E7GRQ,separate,R4z shared parent XPPKVPWEQAFLFU has 0 carbon atoms; an inorganic anion is not a moiety a drug page merges onto,high
K1:O4L1XPO44W,K1:91XW058U2C,separate,R8s the two held structures settle it: different skeletons CJOFXWAVKWHTFT vs VZCYOOQTPOCHFL; a name rule does not overrule a structure comparison,high
K1:O84B5194RL,K1:SZH16H44UY,separate,R9c Juniper Berry Oil and Juniper Berry are different registered preparations of one organism (oil); §2 K4 merges only on exact name-family equality and these two families are not equal,medium
K1:OSD78555ZM,,separate,"R0b distinct substances sharing the normalised name 'potassium': Potassium Bromide (IOLCXVTUBQKXJR-UHFFFAOYSA-M) against POTASSIUM CITRATE, POTASSIUM CITRATE ANHYDROUS, POTASSIUM GLUCONATE, POTASSIUM SALICYLATE; disambiguate on the display name, do not merge",high
K1:P484053J2Y,K1:8CBV67279L,separate,R4z shared parent JPVYNHNXODAKFH has 0 carbon atoms; an inorganic anion is not a moiety a drug page merges onto,high
K1:Q6C979R91Y,K1:W4888I119H,separate,"R6 the GSRS record on K1:Q6C979R91Y is a mixed salt whose active moiety is Vinorelbine (Q6C979R91Y); TARTARIC ACID is named only as its parent substance, which is the coformer or counter-ion, not the same substance",high
K1:Q7Y33N57ZZ,K1:F9S9FFU82N,separate,R8s the two held structures settle it: different skeletons IFRGXKKQHBVPCQ vs JVTAAEKCZFNVCJ; a name rule does not overrule a structure comparison,high
K1:QB99VZZ7GZ,K1:ZBP1YXW0H8,separate,"R9a two separately registered FDA substances: Citronellal ['QB99VZZ7GZ'] and Lavender Oil ['ZBP1YXW0H8'], preferred names CITRONELLAL and LAVENDER OIL; neither is a salt, solvate or stereo form of the other by name or by structure",high
K1:QVF9Y6955W,K1:1HTE449DGZ,separate,"R9a two separately registered FDA substances: Gadoteric acid ['QVF9Y6955W'] and Tetraxetan ['1HTE449DGZ'], preferred names Gadoteric Acid and Tetraxetan; neither is a salt, solvate or stereo form of the other by name or by structure",high
K1:R17X820ROL,K1:30KYC7MIAI,separate,"R4a Magnesium Aspartate is Aspartic acid (CKLJMWTZIZZHCS) plus counter-ions or solvate, but FDA records the active moiety of Magnesium Aspartate as MAGNESIUM CATION (T6V3LHY838), not Aspartic acid; the counter-ion is the substance being recorded and the organic acid is its carrier",high
K1:R3G3HB38O4,K1:5UTX5635HP,separate,"R9a two separately registered FDA substances: TRIS(8-HYDROXYQUINOLINATO)GALLIUM ['R3G3HB38O4'] and Oxyquinoline ['5UTX5635HP'], preferred names TRIS(8-HYDROXYQUINOLINATO)GALLIUM and Oxyquinoline; neither is a salt, solvate or stereo form of the other by name or by structure",high
K1:R5L488RY0Q,K1:88XHZ13131,separate,"R4x §1 the removed fragment is not a counter-ion: Ferrous Fumarate carries Fe that Fumaric Acid does not; shared organic fragment VZCYOOQTPOCHFL is the ligand, not the substance",high
K1:R74O7T8569,K1:05456MVL7T,separate,R4z shared parent PZDJSXWIQXZUBJ has 0 carbon atoms; an inorganic anion is not a moiety a drug page merges onto,high
K1:RFJ7QXF345,K2:PWZFXELTLAQOKC-UHFFFAOYSA-A,separate,"R4y both are salts of BVKZGUZCCUSVTD; neither page is that parent moiety; §3.1 merges a salt into its parent, and that parent is not either of these two pages",high
K1:RHO26O1T9V,HOLD:existing:anhydrous-citric-acid,separate,"R4a Magnesium Citrate is Anhydrous Citric Acid (KRKNYBCHXYNGOX) plus counter-ions or solvate, but FDA records the active moiety of Magnesium Citrate as MAGNESIUM CATION (T6V3LHY838), not Anhydrous Citric Acid; the counter-ion is the substance being recorded and the organic acid is its carrier",high
K1:RHO26O1T9V,K1:XF417D3PSL,separate,"R4a Magnesium Citrate is Anhydrous Citric Acid (KRKNYBCHXYNGOX) plus counter-ions or solvate, but FDA records the active moiety of Magnesium Citrate as MAGNESIUM CATION (T6V3LHY838), not Anhydrous Citric Acid; the counter-ion is the substance being recorded and the organic acid is its carrier",high
K1:ROV204583W,,merge,R0 already-merged: corpus merge map records K1:5XE21E41RT -> K1:ROV204583W; the two names denote one live page (Givosiran),high
K1:ROV204583W,,merge,R0 already-merged: corpus merge map records K1:5XE21E41RT -> K1:ROV204583W; the two names denote one live page (Givosiran),high
K1:RTJ1W9DF34,K4:cobaltous,separate,"R9b 'Cobaltous Iodide' names an element, a cation or an oxidation state, not a moiety; §3.1a refuses a merge between it and Cobaltous",high
K1:RV823G6G67,K1:R4R8J0Q44B,separate,"R4x §1 the removed fragment is not a counter-ion: Copper Gluconate carries Cu that Gluconic Acid does not; shared organic fragment RGHNJXZEOKUKBD is the ligand, not the substance",high
K1:RZT8C352O1,,merge,R0 already-merged: corpus merge map records K1:67P6XH37HD -> K1:RZT8C352O1; the two names denote one live page (Lumasiran),high
K1:RZT8C352O1,,merge,R0 already-merged: corpus merge map records K1:67P6XH37HD -> K1:RZT8C352O1; the two names denote one live page (Lumasiran),high
K1:S2QG84156O,K1:8CBV67279L,separate,"R4w Cupric Cation appears only as a fragment of Cupric Chloride, not as its parent moiety",high
K1:S3RS2SA30L,,merge,R0 already-merged: corpus merge map records K1:NSY2BY6PSB -> K1:S3RS2SA30L; the two names denote one live page (Olezarsen),high
K1:S3RS2SA30L,,merge,R0 already-merged: corpus merge map records K1:NSY2BY6PSB -> K1:S3RS2SA30L; the two names denote one live page (Olezarsen),high
K1:S3Y25PHP1W,K1:GW89581OWR,separate,"R5z FDA gives Ferrous Cation (GW89581OWR) as the active moiety of FERROUS CHLORIDE, but §3.1a refuses a merge onto it: Ferrous Cation reduces to CWYNVVGOOAEACU with 1 heavy atoms and 0 carbons",high
K1:S4YM38H4U6,K1:SIR7XX2F1K,separate,R8s the two held structures settle it: different skeletons FENJKTQEFUPECW vs PAYRUJLWNCNPSJ; a name rule does not overrule a structure comparison,high
K1:S79O08V79F,,merge,R0 already-merged: corpus merge map records K1:12M44VTJ7B -> K1:S79O08V79F; the two names denote one live page (Dalteparin),high
K1:S79O08V79F,,merge,R0 already-merged: corpus merge map records K1:12M44VTJ7B -> K1:S79O08V79F; the two names denote one live page (Dalteparin),high
K1:SQE6VB453K,K1:R4R8J0Q44B,separate,"R4a CALCIUM GLUCONATE is Gluconic Acid (RGHNJXZEOKUKBD) plus counter-ions or solvate, but FDA records the active moiety of CALCIUM GLUCONATE as CALCIUM CATION (2M83C4R6ZB), not Gluconic Acid; the counter-ion is the substance being recorded and the organic acid is its carrier",high
K1:SW3H1USR4Q,K1:W4888I119H,separate,R8s the two held structures settle it: different skeletons LHXOCOHMBFOVJS vs FEWJPZIEWOKRBE; a name rule does not overrule a structure comparison,high
K1:SZH16H44UY,K2:AJBZENLMTKDAEK-UHFFFAOYSA-N,separate,R9 no shared identifier and no structure pair to compare (Juniper Berry Oil vs Calendula); UNIIs ['SZH16H44UY'] vs none; InChIKeys none vs AJBZENLMTKDAEK-UHFFFAOYSA-N,low
K1:T42NAD2KHC,K1:R4R8J0Q44B,separate,"R4a Magnesium Gluconate is Gluconic Acid (RGHNJXZEOKUKBD) plus counter-ions or solvate, but FDA records the active moiety of Magnesium Gluconate as MAGNESIUM CATION (T6V3LHY838), not Gluconic Acid; the counter-ion is the substance being recorded and the organic acid is its carrier",high
K1:T6HE85WN0Q,,merge,R0 already-merged: corpus merge map records K1:F3F6208UMT -> K1:T6HE85WN0Q; the two names denote one live page (Pegulicianine),high
K1:T6HE85WN0Q,,merge,R0 already-merged: corpus merge map records K1:F3F6208UMT -> K1:T6HE85WN0Q; the two names denote one live page (Pegulicianine),high
K1:TO0PAT081I,K1:B035PIS86W,separate,"R6 the GSRS record on K1:TO0PAT081I is a mixed salt whose active moiety is Dobesilic Acid (TO0PAT081I); DIETHYLAMINE is named only as its parent substance, which is the coformer or counter-ion, not the same substance",high
K1:TT0V5JLG5B,,merge,R0 already-merged: corpus merge map records K1:K86ENL12I5 -> K1:TT0V5JLG5B; the two names denote one live page (AVACINCAPTAD PEGOL),high
K1:TT0V5JLG5B,,merge,R0 already-merged: corpus merge map records K1:K86ENL12I5 -> K1:TT0V5JLG5B; the two names denote one live page (AVACINCAPTAD PEGOL),high
K1:TU1X77K34Q,K1:3KX376GY7L,separate,"R4w Glutamic acid appears only as a fragment of ARGININE GLUTAMATE, not as its parent moiety",high
K1:TU7HW0W0QT,K1:3B8D35Y7S4,separate,"R4a Compound solution of sodium lactate is Lactic Acid, Dl (JVTAAEKCZFNVCJ) plus counter-ions or solvate, but FDA records the active moiety of Compound solution of sodium lactate as Sodium cation (LYR4M0NH37), not Lactic Acid, Dl; the counter-ion is the substance being recorded and the organic acid is its carrier",high
K1:U1B11I423Z,K1:R4R8J0Q44B,separate,"R4x §1 the removed fragment is not a counter-ion: Ferrous Gluconate carries Fe that Gluconic Acid does not; shared organic fragment RGHNJXZEOKUKBD is the ligand, not the substance",high
K1:U38V3ZVV3V,K1:91O4LML611,separate,R4z shared parent VTLYFUHAOXGGBS has 0 carbon atoms; an inorganic anion is not a moiety a drug page merges onto,high
K1:V1XJQ704R4,K1:8CBV67279L,separate,R4z shared parent JPVYNHNXODAKFH has 0 carbon atoms; an inorganic anion is not a moiety a drug page merges onto,high
K1:V7OK6J19HQ,,merge,R0 already-merged: corpus merge map records K1:RH248G8V27 -> K1:V7OK6J19HQ; the two names denote one live page (Gadopentetate),high
K1:V867Q8X3ZD,K1:XF417D3PSL,separate,"R6 the GSRS record on K1:V867Q8X3ZD is a mixed salt whose active moiety is Diethylcarbamazine (V867Q8X3ZD); Anhydrous Citric Acid is named only as its parent substance, which is the coformer or counter-ion, not the same substance",high
K1:V99T50803M,K1:J3TZF807X5,separate,"R6 the GSRS record on K1:V99T50803M is a mixed salt whose active moiety is Sunitinib (V99T50803M); Malic Acid is named only as its parent substance, which is the coformer or counter-ion, not the same substance",high
K1:W108RK810P,K1:R4R8J0Q44B,merge,R5 FDA active moiety: GSRS gives Gluconic Acid (R4R8J0Q44B) as the active moiety of FERRIC GLUCONATE TRIHYDRATE,medium
K1:W53L6FE61V,K1:91XW058U2C,separate,"R6 the GSRS record on K1:W53L6FE61V is a mixed salt whose active moiety is Methylergometrine (W53L6FE61V); MALEIC ACID is named only as its parent substance, which is the coformer or counter-ion, not the same substance",high
K1:W6HS99O8ZO,K1:W4888I119H,separate,"R6 the GSRS record on K1:W6HS99O8ZO is a mixed salt whose active moiety is Varenicline (W6HS99O8ZO); TARTARIC ACID is named only as its parent substance, which is the coformer or counter-ion, not the same substance",high
K1:WHE7A56U7K,K1:W4888I119H,separate,"R6 the GSRS record on K1:WHE7A56U7K is a mixed salt whose active moiety is Tolterodine (WHE7A56U7K); TARTARIC ACID is named only as its parent substance, which is the coformer or counter-ion, not the same substance",high
K1:WZB719DDER,K4:chromic,separate,"R9b 'Chromic Bromide' names an element, a cation or an oxidation state, not a moiety; §3.1a refuses a merge between it and Chromic",high
K1:X49220T18G,K1:88XHZ13131,separate,"R6 the GSRS record on K1:X49220T18G is a mixed salt whose active moiety is Ketotifen (X49220T18G); Fumaric Acid is named only as its parent substance, which is the coformer or counter-ion, not the same substance",high
K1:XG9ARL6P25,,merge,R0 already-merged: corpus merge map records K1:U93HYZ4QU8 -> K1:XG9ARL6P25; the two names denote one live page (Plozasiran),high
K1:XG9ARL6P25,,merge,R0 already-merged: corpus merge map records K1:U93HYZ4QU8 -> K1:XG9ARL6P25; the two names denote one live page (Plozasiran),high
K1:XM33Q67UVH,K1:5WBR90FN3H,separate,"R6a GSRS names Fosveset as the parent substance of GADOFOSVESET TRISODIUM, but it records the active moiety as Gadolinium cation (3+) (AZV954TZ9N); the counter-ion is the substance being recorded",high
K1:XWV9Z12C1C,K1:MG976Z29OM,separate,"R6a GSRS names Glyceryl Phosphate as the parent substance of CALCIUM GLYCEROPHOSPHATE, but it records the active moiety as CALCIUM CATION (2M83C4R6ZB); the counter-ion is the substance being recorded",high
K1:XWV9Z12C1C,K1:WWH06G87W6,separate,"R6a GSRS names Glyceryl 2-PHOSPHATE as the parent substance of CALCIUM GLYCEROPHOSPHATE, but it records the active moiety as CALCIUM CATION (2M83C4R6ZB); the counter-ion is the substance being recorded",high
K1:XZA9HY6Z98,K1:91XW058U2C,separate,"R6 the GSRS record on K1:XZA9HY6Z98 is a mixed salt whose active moiety is Methysergide (XZA9HY6Z98); MALEIC ACID is named only as its parent substance, which is the coformer or counter-ion, not the same substance",high
K1:Y6O7T4G8P9,K1:ETJ7Z6XBU4,separate,"R9a two separately registered FDA substances: Hydrated Silica ['Y6O7T4G8P9'] and SILICON DIOXIDE ['ETJ7Z6XBU4'], preferred names HYDRATED SILICA and Silicon dioxide; neither is a salt, solvate or stereo form of the other by name or by structure",high
K1:YG391PK0CC,,merge,R0 already-merged: corpus merge map records K1:10R1YC115A -> K1:YG391PK0CC; the two names denote one live page (Zilucoplan),high
K1:YG391PK0CC,,merge,R0 already-merged: corpus merge map records K1:10R1YC115A -> K1:YG391PK0CC; the two names denote one live page (Zilucoplan),high
K1:YHP6YLT61T,K1:91XW058U2C,separate,"R6 the GSRS record on K1:YHP6YLT61T is a mixed salt whose active moiety is Prochlorperazine (YHP6YLT61T); MALEIC ACID is named only as its parent substance, which is the coformer or counter-ion, not the same substance",high
K1:Z56D82TX8V,K1:30KYC7MIAI,separate,"R6a GSRS names Aspartic acid as the parent substance of FERROUS ASPARTATE, but it records the active moiety as FERROUS CATION (GW89581OWR); the counter-ion is the substance being recorded",high
K1:Z8E46IA45W,K3:CHEMBL2109130,separate,R9 no shared identifier and no structure pair to compare (Technetium TC-99M Albumin Aggregated vs Macrosalb (131i)); UNIIs ['Z8E46IA45W'] vs none,low
K1:ZD4D8M32TL,,merge,R0 already-merged: corpus merge map records K1:Y30VEG5PH1 -> K1:ZD4D8M32TL; the two names denote one live page (DONIDALORSEN),high
K1:ZD4D8M32TL,,merge,R0 already-merged: corpus merge map records K1:Y30VEG5PH1 -> K1:ZD4D8M32TL; the two names denote one live page (DONIDALORSEN),high
K1:ZRW631PTZD,K1:W4888I119H,separate,"R9b 'FERROUS TARTRATE' names an element, a cation or an oxidation state, not a moiety; §3.1a refuses a merge between it and TARTARIC ACID",high
K1:ZS7284E0ZP,K1:XF417D3PSL,separate,"R6 the GSRS record on K1:ZS7284E0ZP is a mixed salt whose active moiety is Daunorubicin (ZS7284E0ZP); Anhydrous Citric Acid is named only as its parent substance, which is the coformer or counter-ion, not the same substance",high
K2:MTMGAHSPYQRCFL-RNLOPGSRSA-N,K3:CHEMBL1201664,merge,"R7y identical name 'Insulin Aspart Protamine Recombinant' and only one page holds a structure, so nothing contradicts the shared name; UNIIs none / none, substance classes [] / []",low
K3:CHEMBL5314650,K4:technetium tc 99m labeled carbon,merge,"R7y identical name 'TECHNETIUM TC-99M LABELED CARBON' and no structure on either page; UNIIs none / none, substance classes [] / []",low
"COMBO:{K1:1EQV5MLY3D,K1:8ID597Z82X}","COMBO:{K1:8ID597Z82X,K1:E524N2IXA3}",separate,"RC different products under §3.7: COMBO:{K1:1EQV5MLY3D,K1:8ID597Z82X} adds Taurine, COMBO:{K1:8ID597Z82X,K1:E524N2IXA3} adds Ornithine",high
"COMBO:{K1:1EQV5MLY3D,K1:8ID597Z82X}","COMBO:{K1:8ID597Z82X,K1:MU72812GK0}",separate,"RC different products under §3.7: COMBO:{K1:1EQV5MLY3D,K1:8ID597Z82X} adds Taurine, COMBO:{K1:8ID597Z82X,K1:MU72812GK0} adds Creatine",high
"COMBO:{K1:8ID597Z82X,K1:E524N2IXA3}","COMBO:{K1:8ID597Z82X,K1:MU72812GK0}",separate,"RC different products under §3.7: COMBO:{K1:8ID597Z82X,K1:E524N2IXA3} adds Ornithine, COMBO:{K1:8ID597Z82X,K1:MU72812GK0} adds Creatine",high
HOLD:existing:pregnenolone,K1:73R90F7MQ8,form_of,"R1x §3.2 exception to the shared UNII 73R90F7MQ8: the structure on HOLD:existing:pregnenolone is GSRS PREGNENOLONE SUCCINATE (6LN4W6JJK6), one covalent molecule that adds succinate to PREGNENOLONE. An ester or acyl derivative is a distinct substance, so the pages split and link",high
K1:015582E098,,merge,R0 already-merged: corpus merge map records K1:F3H59ON671 -> K1:015582E098; the two names denote one live page (Atesidorsen),high
K1:02I89C6K47,K4:cynanchum otophyllum,separate,R9c Cynanchum Otophyllum Whole and Cynanchum Otophyllum are different registered preparations of one organism (whole); §2 K4 merges only on exact name-family equality and these two families are not equal,medium
K1:05780F90V3,K1:327C7L2BXQ,separate,R8s the two held structures settle it: different skeletons RQEUFEKYXDPUSK vs BHHGXPLMPWCGHP; a name rule does not overrule a structure comparison,high
K1:0867I0N41V,K1:185QAE24TR,separate,R8s the two held structures settle it: different skeletons GJJVAFUKOBZPCB vs OTXNTMVVOOBZCV; a name rule does not overrule a structure comparison,high
K1:0CF4C9C787,,merge,R0 already-merged: corpus merge map records K1:D8IRN5V2N6 -> K1:0CF4C9C787; the two names denote one live page (FESOMERSEN),high
K1:0JD5QG20W5,K1:5CSZ8459RP,separate,R8s the two held structures settle it: different skeletons WBAXSXXYPPILCT vs UHDGCWIWMRVCDJ; a name rule does not overrule a structure comparison,high
K1:0P49L952WZ,K4:andrographis paniculata,separate,R9c Andrographis Paniculata Whole and Andrographis Paniculata are different registered preparations of one organism (whole); §2 K4 merges only on exact name-family equality and these two families are not equal,medium
K1:0TUL3ENK62,K1:WB09NY83YA,separate,"R9a two separately registered FDA substances: 2-BUTANOL ['0TUL3ENK62'] and Butanol ['WB09NY83YA'], preferred names 2-Butanol and BUTANOL (MIXED ISOMERS); neither is a salt, solvate or stereo form of the other by name or by structure (the shared UNII WB09NY83YA sits in a page unii field, not in either page key, and is the known Inxight join defect)",high
K1:185M5I2ZZN,K1:4A5OM7PI18,merge,R7 §3.1/§3.1a salt or hydrate on the register's printed name: TOLEVAMER POTASSIUM SODIUM = TOLEVAMER SODIUM + potassium,medium
K1:1BT0256Y8O,K1:FML65D8PY5,separate,R8s the two held structures settle it: different skeletons OUGIDAPQYNCXRA vs VFMMPHCGEFXGIP; a name rule does not overrule a structure comparison,high
K1:21M14KDA67,K1:L65MV77ZG6,separate,R8s the two held structures settle it: different skeletons WUOACPNHFRMFPN vs WRYLYDPHFGVWKC; a name rule does not overrule a structure comparison,high
K1:256UZ34AF2,,merge,R0 already-merged: corpus merge map records K1:HX4CRZ94FC -> K1:256UZ34AF2; the two names denote one live page (Imdusiran),high
K1:2855UV552L,K1:NV1779205D,separate,R8s the two held structures settle it: different skeletons SJWFXCIHNDVPSH vs KBPLFHHGFOOTCA; a name rule does not overrule a structure comparison,high
K1:2D5MRE3SSY,,merge,R0 already-merged: corpus merge map records K1:945CRJ0XZ0 -> K1:2D5MRE3SSY; the two names denote one live page (Timbetasin),high
K1:2H47U2SBVO,,merge,R0 already-merged: corpus merge map records K1:PX4Q8LA7G6 -> K1:2H47U2SBVO; the two names denote one live page (Tivanisiran),high
K1:2L9GJK6MGN,K1:Y77501141O,separate,R8s the two held structures settle it: different skeletons ZUOUZKKEUPVFJK vs WVIIMZNLDWSIRH; a name rule does not overrule a structure comparison,high
K1:309713XSKW,K1:91XW058U2C,separate,R8s the two held structures settle it: different skeletons CVKJAXCQPFOAIN vs VZCYOOQTPOCHFL; a name rule does not overrule a structure comparison,high
K1:31N550RD05,,merge,R0 already-merged: corpus merge map records K1:S6A2UYH57V -> K1:31N550RD05; the two names denote one live page (Danvatirsen),high
K1:328101264R,,merge,R0 already-merged: corpus merge map records K1:WWI522K8NY -> K1:328101264R; the two names denote one live page (Cobitolimod),high
K1:378RL020QM,,merge,R0 already-merged: corpus merge map records K1:7EL4K2K27P -> K1:378RL020QM; the two names denote one live page (Afovirsen),high
K1:3FPU23BG52,K1:U6Z9ZSG4XG,separate,R8s the two held structures settle it: different skeletons YXFVVABEGXRONW vs PCHRJGRKKJOULQ; a name rule does not overrule a structure comparison,high
K1:3JKW7CI9IU,,merge,R0 already-merged: corpus merge map records K1:27193E2Y44 -> K1:3JKW7CI9IU; the two names denote one live page (Cobomarsen),high
K1:3RJ6WVX57J,,merge,R0 already-merged: corpus merge map records K1:YU6F4W95PG -> K1:3RJ6WVX57J; the two names denote one live page (Lefelsiran),high
K1:3VNC7T6Z02,K1:SA8AR2W4ER,separate,R9c Matricaria Chamomilla Flowering Top Oil and Matricaria Chamomilla Flowering Top are different registered preparations of one organism (oil); §2 K4 merges only on exact name-family equality and these two families are not equal,medium
K1:48OVY2OC72,K1:935XD1L5K2,separate,R8s the two held structures settle it: different skeletons XHTRYVMKFMUJLU vs GCPXMJHSNVMWNM; a name rule does not overrule a structure comparison,high
K1:4G1MLN2EKF,K1:PE152PYI6M,separate,"R4y both are salts of JVTAAEKCZFNVCJ; neither page is that parent moiety; §3.1 merges a salt into its parent, and that parent is not either of these two pages",high
K1:4PIB2155QP,K1:71X53V3RZ1,separate,"R9a two separately registered FDA substances: Beef ['4PIB2155QP'] and 2-(CYCLOHEXYLAMINO)ETHANESULFONIC Acid ['71X53V3RZ1'], preferred names BEEF and 2-(CYCLOHEXYLAMINO)ETHANESULFONIC ACID; neither is a salt, solvate or stereo form of the other by name or by structure",high
K1:4QW4AN84NQ,,merge,R0 already-merged: corpus merge map records K1:V5T10N50RD -> K1:4QW4AN84NQ; the two names denote one live page (SEMULOPARIN),high
K1:4UCX5GAV96,,merge,R0 already-merged: corpus merge map records K1:5511VZ6NRQ -> K1:4UCX5GAV96; the two names denote one live page (PLOVAMER),high
K1:4UG613F036,,merge,R0 already-merged: corpus merge map records K1:8TW510F64S -> K1:4UG613F036; the two names denote one live page (Edifoligide),high
K1:4V6I63LW1E,K1:206J6X63BE,separate,"R6a GSRS names Tiomolibdic acid as the parent substance of TIOMOLIBDATE DIAMMONIUM, but it records the active moiety as TIOMOLIBDATE ION (91U3TGV99T); the counter-ion is the substance being recorded",high
K1:4VON5FNS3C,K1:65OE787Q7W,separate,"R4y both are salts of WBZKQQHYRPRKNJ; neither page is that parent moiety; §3.1 merges a salt into its parent, and that parent is not either of these two pages",high
K1:4YGF4PQP49,K1:I24X278AP1,separate,R8s the two held structures settle it: different skeletons YKFLAYDHMOASIY vs YHQGMYUVUMAZJR; a name rule does not overrule a structure comparison,high
K1:5313W10MYT,,merge,R0 already-merged: corpus merge map records K1:79UH94646K -> K1:5313W10MYT; the two names denote one live page (Avexitide),high
K1:59CF90960T,K2:AQTNUGRRZDRZIA-UHFFFAOYSA-N,separate,R8s the two held structures settle it: different skeletons ZEGMEJVULDALSH vs AQTNUGRRZDRZIA; a name rule does not overrule a structure comparison,high
K1:5CXP06X16D,K1:KUB8101TNF,separate,R9c Camellia Japonica Flower Oil and Camellia Japonica Flower are different registered preparations of one organism (oil); §2 K4 merges only on exact name-family equality and these two families are not equal,medium
K1:5G6HL9K2G4,,merge,R0 already-merged: corpus merge map records K1:7FT6J26HG9 -> K1:5G6HL9K2G4; the two names denote one live page (Zifcasiran),high
K1:5G7N7E908H,,merge,R0 already-merged: corpus merge map records K1:6PVO8I3BR9 -> K1:5G7N7E908H; the two names denote one live page (Delcasertib),high
K1:5Q1I94P4WG,K4:rose geranium,separate,R9c Rose Geranium Oil and Rose Geranium are different registered preparations of one organism (oil); §2 K4 merges only on exact name-family equality and these two families are not equal,medium
K1:5Z657QHG6F,,merge,R0 already-merged: corpus merge map records K1:UY95M62TKD -> K1:5Z657QHG6F; the two names denote one live page (Xalnesiran),high
K1:6930DL209R,,merge,R0 already-merged: corpus merge map records K1:I1BSR8FDW9 -> K1:6930DL209R; the two names denote one live page (Curdlan),high
K1:724GKU717M,K4:jojoba,separate,R9c Jojoba Oil and Jojoba are different registered preparations of one organism (oil); §2 K4 merges only on exact name-family equality and these two families are not equal,medium
K1:72Q967Y48V,K1:JDR81QW9ZQ,separate,"R9a two separately registered FDA substances: Artemisia Vulgaris Oil ['72Q967Y48V'] and Artemisia Vulgaris Whole ['JDR81QW9ZQ'], preferred names Artemisia vulgaris flowering top oil and ARTEMISIA VULGARIS WHOLE; neither is a salt, solvate or stereo form of the other by name or by structure",high
K1:7857H94KHM,K1:5KV86114PT,separate,"R6 the GSRS record on K1:7857H94KHM is a mixed salt whose active moiety is Thioglycolic Acid (7857H94KHM); Ethanolamine is named only as its parent substance, which is the coformer or counter-ion, not the same substance",high
K1:7A7G0PQI12,K1:8H4VM8NQA5,separate,R9c Cervus Elaphus Horn Oil and Cervus Elaphus Horn are different registered preparations of one organism (oil); §2 K4 merges only on exact name-family equality and these two families are not equal,medium
K1:7OXK16K08B,,merge,R0 already-merged: corpus merge map records K1:H255GGK3NZ -> K1:7OXK16K08B; the two names denote one live page (Rovanersen),high
K1:7RRX3XD4VY,,merge,R0 already-merged: corpus merge map records K1:K913U54BW7 -> K1:7RRX3XD4VY; the two names denote one live page (Solbinsiran),high
K1:7S686LQT6T,K1:NS3OZT14QT,separate,R8s the two held structures settle it: different skeletons AVKOENOBFIYBSA vs YUFFSWGQGVEMMI; a name rule does not overrule a structure comparison,high
K1:7UP781YBR6,K1:TW371I5GLO,separate,"R8m Salcolex holds 2 different organic components (OEYIOHPDSNJKLS, YGSDEFSMJLZEOE); which one is the moiety is not a question the structure answers; §3.1 merges a salt into one parent moiety and no register names Salcolex Anhydrous and Salcolex as one substance",medium
K1:7YNJ3PO35Z,K1:X6T6YN87SU,separate,R8s the two held structures settle it: different skeletons UFHFLCQGNIYNRP vs KRKNYBCHXYNGOX; a name rule does not overrule a structure comparison,high
K1:7YNJ3PO35Z,K2:FNWVPWJMPKZALM-UHFFFAOYSA-B,separate,R8s the two held structures settle it: different skeletons UFHFLCQGNIYNRP vs KRKNYBCHXYNGOX; a name rule does not overrule a structure comparison,high
K1:83DNB5FIRF,K1:UP39BHE708,separate,R8s the two held structures settle it: different skeletons OQWKEEOHDMUXEO vs FADFGCOCHHNRHF; a name rule does not overrule a structure comparison,high
K1:85J5ZP6YSL,,merge,R0 already-merged: corpus merge map records K1:SH55B0RQ9K -> K1:85J5ZP6YSL; the two names denote one live page (Oblimersen),high
K1:8L70Q75FXE,K1:NYX13NT29D,separate,R8s the two held structures settle it: different skeletons ZKHQWZAMYRWXGA vs CAWZRIXWFRFUQB; a name rule does not overrule a structure comparison,high
K1:901MC95XSB,K1:91XW058U2C,separate,"R6 the GSRS record on K1:901MC95XSB is a mixed salt whose active moiety is Zatosetron (901MC95XSB); MALEIC ACID is named only as its parent substance, which is the coformer or counter-ion, not the same substance",high
K1:91GW059KN7,K1:YQQ2QQ3URK,separate,R8s the two held structures settle it: different skeletons VGGSQFUCUMXWEO vs DJMQRXRWMWKDAP; a name rule does not overrule a structure comparison,high
K1:925QK2Z900,K1:ND6ZLI4J0V,separate,R8s the two held structures settle it: different skeletons NLDDIKRKFXEWBK vs AIULWNKTYPZYAN; a name rule does not overrule a structure comparison,high
K1:9871T0PD5P,K1:B423VGH5S9,separate,R9c APPLE JUICE and Apple are different registered preparations of one organism (juice); §2 K4 merges only on exact name-family equality and these two families are not equal,medium
K1:9GA4548JGJ,,merge,R0 already-merged: corpus merge map records K1:IZS5WP04OR -> K1:9GA4548JGJ; the two names denote one live page (Trecovirsen),high
K1:A7YG62NHZ6,,merge,R0 already-merged: corpus merge map records K1:X70RY8Q6LI -> K1:A7YG62NHZ6; the two names denote one live page (Vupanorsen),high
K1:AMW2VPZ3XD,,merge,R0 already-merged: corpus merge map records K1:RV6BTB6SX2 -> K1:AMW2VPZ3XD; the two names denote one live page (Lexanersen),high
K1:AXQ9493NT2,,merge,R0 already-merged: corpus merge map records K1:37YVE86ZYS -> K1:AXQ9493NT2; the two names denote one live page (Zilganersen),high
K1:AYT02NS64S,K4:bidens pilosa,separate,R9c Bidens Pilosa Whole and Bidens Pilosa are different registered preparations of one organism (whole); §2 K4 merges only on exact name-family equality and these two families are not equal,medium
K1:BX8TS73ATE,,merge,R0 already-merged: corpus merge map records K1:V7THR3L5GC -> K1:BX8TS73ATE; the two names denote one live page (Obeversen),high
K1:C5M4585ZBZ,K4:camellia sinensis,separate,R9c Camellia Sinensis Whole and Camellia Sinensis are different registered preparations of one organism (whole); §2 K4 merges only on exact name-family equality and these two families are not equal,medium
K1:D81QY6I88E,,form_of,R0b same skeleton inside the 'linalool' name group: K1:D81QY6I88E CDOSHBSSFJOMGT-UHFFFAOYSA-N vs K1:F4VNO44C09 CDOSHBSSFJOMGT-SNVBAGLBSA-N; stereo layer differs,high
K1:D86I0XLB13,,merge,R0 already-merged: corpus merge map records K1:9651C21W3Z -> K1:D86I0XLB13; the two names denote one live page (Mitiglinide),high
K1:DXS4HJC32N,,merge,R0 already-merged: corpus merge map records K1:6BGP5P5P2C -> K1:DXS4HJC32N; the two names denote one live page (Sapablursen),high
K1:DY02T48R2B,K1:LJ16641SFT,merge,R5 FDA active moiety: GSRS gives Etirinotecan pegol (LJ16641SFT) as the active moiety of ETIRINOTECAN PEGOL TETRATRIFLUTATE,medium
K1:E422BH4BRK,,merge,R0 already-merged: corpus merge map records K1:A8P3J9MPQ3 -> K1:E422BH4BRK; the two names denote one live page (Zilebesiran),high
K1:E524N2IXA3,K1:ER5I1W795A,separate,R8s the two held structures settle it: different skeletons AHLPHDHHMVZTML vs WLJVXDMOQOGPHL; a name rule does not overrule a structure comparison,high
K1:E6CKI5C54O,K1:88XHZ13131,separate,"R6 the GSRS record on K1:E6CKI5C54O is a mixed salt whose active moiety is ABT-925 Anhydrous Free Base (E6CKI5C54O); Fumaric Acid is named only as its parent substance, which is the coformer or counter-ion, not the same substance",high
K1:E8FPK78470,K1:UC6I41G62N,merge,"R5 FDA active moiety: GSRS gives ACLATONIUM (UC6I41G62N) as the active moiety of 1,5-NAPHTHALENEDISULFONIC Acid",medium
K1:EN8XKG133D,K2:HZQRATOABKBXJZ-STTLGUQMSA-N,merge,R1 identical UNII EN8XKG133D; one page holds no structure of its own; §2 keys biologics and name-only records on UNII alone,high
K1:ERZ60E6B7C,K1:91XW058U2C,separate,R8s the two held structures settle it: different skeletons MTCMTKNMZCPKLX vs VZCYOOQTPOCHFL; a name rule does not overrule a structure comparison,high
K1:F3IN55X5PO,K4:patchouly,separate,R9c Patchouly Oil and Patchouly are different registered preparations of one organism (oil); §2 K4 merges only on exact name-family equality and these two families are not equal,medium
K1:F3NU7CDG3E,,merge,R0 already-merged: corpus merge map records K1:NZ52LD879F -> K1:F3NU7CDG3E; the two names denote one live page (Rapirosiran),high
K1:F4VNO44C09,,form_of,R0b same skeleton inside the 'linalool' name group: K1:F4VNO44C09 CDOSHBSSFJOMGT-SNVBAGLBSA-N vs K1:D81QY6I88E CDOSHBSSFJOMGT-UHFFFAOYSA-N; stereo layer differs,high
K1:F77TA4U3SP,,merge,R0 already-merged: corpus merge map records K1:0U89WRQ06U -> K1:F77TA4U3SP; the two names denote one live page (RUGONERSEN),high
K1:F8H3J9KSY9,,merge,R0 already-merged: corpus merge map records K1:8Q3B8SV59L -> K1:F8H3J9KSY9; the two names denote one live page (Astodrimer),high
K1:FMT95051CQ,,merge,R0 already-merged: corpus merge map records K1:1U68ZWZ6OX -> K1:FMT95051CQ; the two names denote one live page (Aprinocarsen),high
K1:G287IC9MH3,,merge,R0 already-merged: corpus merge map records K1:I6CNU8SY0F -> K1:G287IC9MH3; the two names denote one live page (Tilsotolimod),high
K1:GB4GHH2W9G,K4:rhododendron caucasicum,separate,R9c Rhododendron Caucasicum Whole and Rhododendron Caucasicum are different registered preparations of one organism (whole); §2 K4 merges only on exact name-family equality and these two families are not equal,medium
K1:GOY102QI5I,K4:lactalbumin,separate,R9 no shared identifier and no structure pair to compare (Alpha Lactalbumin vs Lactalbumin); UNIIs ['GOY102QI5I'] vs none,low
K1:H5RNU52ZKK,,merge,R0 already-merged: corpus merge map records K1:NK22XIK2DP -> K1:H5RNU52ZKK; the two names denote one live page (Nelitolimod),high
K1:H727SQ6OHQ,K1:LJ16641SFT,separate,"R6 the GSRS record on K1:H727SQ6OHQ is a mixed salt whose active moiety is ETIRINOTECAN PEGOL TETRAHYDROCHLORIDE (H727SQ6OHQ); Etirinotecan pegol is named only as its parent substance, which is the coformer or counter-ion, not the same substance",high
K1:HBW774Y7U5,K1:SAA04E81UX,separate,R8s the two held structures settle it: different skeletons QRSKGVRHSLILFG vs RGJOEKWQDUBAIZ; a name rule does not overrule a structure comparison,high
K1:IBX8A21EH6,,merge,R0 already-merged: corpus merge map records K1:P9Z955DK1E -> K1:IBX8A21EH6; the two names denote one live page (Suvodirsen),high
K1:IFJ6X26JW6,,merge,R0 already-merged: corpus merge map records K1:3N4G7RE66Y -> K1:IFJ6X26JW6; the two names denote one live page (Apatorsen),high
K1:IIU6V0W3JD,K1:91XW058U2C,separate,"R6 the GSRS record on K1:IIU6V0W3JD is a mixed salt whose active moiety is Orvepitant (IIU6V0W3JD); MALEIC ACID is named only as its parent substance, which is the coformer or counter-ion, not the same substance",high
K1:J2Y9QT3BWL,,merge,R0 already-merged: corpus merge map records K1:J2MMX1VR5I -> K1:J2Y9QT3BWL; the two names denote one live page (FRENLOSIRSEN),high
K1:J8435V445B,,merge,R0 already-merged: corpus merge map records K1:4TWN6SZB8W -> K1:J8435V445B; the two names denote one live page (Alicaforsen),high
K1:JHJ6BAP8SZ,K1:OP0UW79H66,separate,R8s the two held structures settle it: different skeletons GNMDORSUZRRMFS vs VNWKTOKETHGBQD; a name rule does not overrule a structure comparison,high
K1:JK0MS9P8YL,K1:V1IA3S3CUS,separate,R9c Cnidium Monnieri Fruit Oil and Cnidium Monnieri Fruit are different registered preparations of one organism (oil); §2 K4 merges only on exact name-family equality and these two families are not equal,medium
K1:JQ9EK2H6BG,K1:O82C39RR8C,separate,R9c GRAPEFRUIT JUICE and Grapefruit are different registered preparations of one organism (juice); §2 K4 merges only on exact name-family equality and these two families are not equal,medium
K1:K5161X06LL,K1:88XHZ13131,separate,R8s the two held structures settle it: different skeletons UIKROCXWUNQSPJ vs VZCYOOQTPOCHFL; a name rule does not overrule a structure comparison,high
K1:K6KJ8AZ05F,,merge,R0 already-merged: corpus merge map records K1:CI002S7WH8 -> K1:K6KJ8AZ05F; the two names denote one live page (Cenersen),high
K1:K91YT16P5M,,separate,"R0b distinct substances sharing the normalised name 'potassium': POTASSIUM SALICYLATE (FRMWBRPWYBNAFB-UHFFFAOYSA-M) against POTASSIUM CITRATE, POTASSIUM CITRATE ANHYDROUS, POTASSIUM GLUCONATE, POTASSIUM SODIUM HYDROGEN CITRATE; disambiguate on the display name, do not merge",high
K1:KK8BAN51PF,,merge,R0 already-merged: corpus merge map records K1:KBG15GFL2Z -> K1:KK8BAN51PF; the two names denote one live page (Temavirsen),high
K1:KKQ6AQN9LH,,merge,R0 already-merged: corpus merge map records K1:UWG3VFQ5CQ -> K1:KKQ6AQN9LH; the two names denote one live page (Lademirsen),high
K1:L26E95NLRK,,merge,R0 already-merged: corpus merge map records K1:ILE26V76EB -> K1:L26E95NLRK; the two names denote one live page (Custirsen),high
K1:LM25W02G91,K4:cistanche deserticola,separate,R9c Cistanche Deserticola Whole and Cistanche Deserticola are different registered preparations of one organism (whole); §2 K4 merges only on exact name-family equality and these two families are not equal,medium
K1:LSO9H7UZ90,,merge,R0 already-merged: corpus merge map records K1:D1J27662O8 -> K1:LSO9H7UZ90; the two names denote one live page (Pelacarsen),high
K1:M316WT19D8,,merge,R0 already-merged: corpus merge map records K1:U6K360XMIU -> K1:M316WT19D8; the two names denote one live page (PARNAPARIN),high
K1:M88B0M598L,,merge,R0 already-merged: corpus merge map records K1:LG1II3835L -> K1:M88B0M598L; the two names denote one live page (Diclofenac etalhyaluronate),high
K1:M9NPL5PYM6,,merge,R0 already-merged: corpus merge map records K1:ZXU8PM7Z5K -> K1:M9NPL5PYM6; the two names denote one live page (OBUDANERSEN),high
K1:NQU9IPY4K9,K1:91XW058U2C,separate,R8s the two held structures settle it: different skeletons XXJWYDDUDKYVKI vs VZCYOOQTPOCHFL; a name rule does not overrule a structure comparison,high
K1:O03W5S19PJ,,merge,R0 already-merged: corpus merge map records K1:ME0IRL7KDY -> K1:O03W5S19PJ; the two names denote one live page (Teprasiran),high
K1:O417YBE692,K4:chenopodium album,separate,R9c Chenopodium Album Whole and Chenopodium Album are different registered preparations of one organism (whole); §2 K4 merges only on exact name-family equality and these two families are not equal,medium
K1:P048YHG804,,merge,R0 already-merged: corpus merge map records K1:W3077QR2KG -> K1:P048YHG804; the two names denote one live page (Evazarsen),high
K1:P2BKS6T40H,,merge,R0 already-merged: corpus merge map records K1:4ROB1M2DHD -> K1:P2BKS6T40H; the two names denote one live page (MUPARFOSTAT),high
K1:P3UVQ22SHK,,merge,R0 already-merged: corpus merge map records K1:F5Y7739G6U -> K1:P3UVQ22SHK; the two names denote one live page (Abetimus),high
K1:P58222188P,,merge,R0 already-merged: corpus merge map records K1:4516BN0T4B -> K1:P58222188P; the two names denote one live page (Fimasartan),high
K1:P7LJ54BP7G,K1:YH89GMV676,separate,R9c Nasturtium Officinale Whole and Nasturtium Officinale are different registered preparations of one organism (whole); §2 K4 merges only on exact name-family equality and these two families are not equal,medium
K1:PHA4727WTP,K2:WQZGKKKJIJFFOK-QTVWNMPRSA-N,separate,R8s the two held structures settle it: different skeletons GZCGUPFRVQAUEE vs WQZGKKKJIJFFOK; a name rule does not overrule a structure comparison,high
K1:PUE0TO3XDR,,merge,R0 already-merged: corpus merge map records K1:P59JKU02CE -> K1:PUE0TO3XDR; the two names denote one live page (BEMIPARIN),high
K1:Q3PW846TYN,K2:GPMTWAPXRJMXCC-UHFFFAOYSA-N,separate,R8s the two held structures settle it: different skeletons NBOJHRYUGLRASX vs GPMTWAPXRJMXCC; a name rule does not overrule a structure comparison,high
K1:Q5O76TA0ML,K1:88XHZ13131,separate,R8s the two held structures settle it: different skeletons DYJIKHYBKVODAC vs VZCYOOQTPOCHFL; a name rule does not overrule a structure comparison,high
K1:RJ9V9V09VM,K1:91XW058U2C,separate,R8s the two held structures settle it: different skeletons NUPUDYKEEJNZRG vs VZCYOOQTPOCHFL; a name rule does not overrule a structure comparison,high
K1:RUU8G67GQM,K2:MLLNRQWNTKNRGQ-JXJCUFHPSA-N,merge,R1 identical UNII RUU8G67GQM; one page holds no structure of its own; §2 keys biologics and name-only records on UNII alone,high
K1:T87K47QVF3,,merge,R0 already-merged: corpus merge map records K1:37KI8XF3IH -> K1:T87K47QVF3; the two names denote one live page (Sefaxersen),high
K1:TL515DW4QS,K1:91XW058U2C,separate,"R6 the GSRS record on K1:TL515DW4QS is a mixed salt whose active moiety is Vicriviroc (TL515DW4QS); MALEIC ACID is named only as its parent substance, which is the coformer or counter-ion, not the same substance",high
K1:TND56EA1LE,,merge,R0 already-merged: corpus merge map records K1:EOL499F0PD -> K1:TND56EA1LE; the two names denote one live page (Ulefnersen),high
K1:TVF29Q70Q1,,merge,R0 already-merged: corpus merge map records K1:63S35FF5KS -> K1:TVF29Q70Q1; the two names denote one live page (Pexiganan),high
K1:U4YV46D2DT,,merge,R0 already-merged: corpus merge map records K1:XBZ2D4R7RF -> K1:U4YV46D2DT; the two names denote one live page (ZOREVUNERSEN),high
K1:U5JDO2770Z,K4:alanyl glutamine,separate,R9 no shared identifier and no structure pair to compare (ALANYL GLUTAMINE vs L-Alanyl-Glutamine); UNIIs ['U5JDO2770Z'] vs none; InChIKeys HJCMDXDYPOUFDY-WHFBIAKZSA-N vs none,low
K1:ULS0NT2D68,,merge,R0 already-merged: corpus merge map records K1:5VUD7QY6RZ -> K1:ULS0NT2D68; the two names denote one live page (Necuparanib),high
K1:UXG268Q86R,K2:JSRSZGUKOAXAJV-MXAPAKLGSA-N,merge,R1 identical UNII UXG268Q86R; one page holds no structure of its own; §2 keys biologics and name-only records on UNII alone,high
K1:V20IVC0OGQ,,merge,R0 already-merged: corpus merge map records K1:3LN5C15FP2 -> K1:V20IVC0OGQ; the two names denote one live page (Fazirsiran),high
K1:V2YK90BZ31,K1:C2K325S808,separate,"R6d GSRS names PROTOPORPHYRIN as the parent substance of RBT-9, yet nothing in the names or structures makes one a salt or solvate of the other; the link runs through a coformer",medium
K1:V72OT3K19I,,merge,R0 already-merged: corpus merge map records K1:N816FF9P2W -> K1:V72OT3K19I; the two names denote one live page (CERTOPARIN),high
K1:W6YJ85G6YG,,merge,R0 already-merged: corpus merge map records K1:28GMY2R77H -> K1:W6YJ85G6YG; the two names denote one live page (Tonlamarsen),high
K1:WDN6V96D5U,K1:88XHZ13131,separate,"R6 the GSRS record on K1:WDN6V96D5U is a mixed salt whose active moiety is Ipazilide (WDN6V96D5U); Fumaric Acid is named only as its parent substance, which is the coformer or counter-ion, not the same substance",high
K1:WUB68Y35M7,K4:rose,separate,R9c Rose Oil and Rose are different registered preparations of one organism (oil); §2 K4 merges only on exact name-family equality and these two families are not equal,medium
K1:X4BE7S8PN9,,merge,R0 already-merged: corpus merge map records K1:7DR6F86F5U -> K1:X4BE7S8PN9; the two names denote one live page (Lepodisiran),high
K1:X6T6YN87SU,,separate,"R0b distinct substances sharing the normalised name 'potassium': POTASSIUM SODIUM HYDROGEN CITRATE (COSZWAUYIUYQBS-UHFFFAOYSA-B) against POTASSIUM CITRATE, POTASSIUM CITRATE ANHYDROUS, POTASSIUM GLUCONATE, POTASSIUM SALICYLATE; disambiguate on the display name, do not merge",high
K1:XM71MYX0IQ,,merge,R0 already-merged: corpus merge map records K1:L82J8IP845 -> K1:XM71MYX0IQ; the two names denote one live page (Rusfertide),high
K1:XQG9Q75WDN,K2:GTZAZEAHZZCTRB-UHFFFAOYSA-N,separate,R8s the two held structures settle it: different skeletons NHFUMKJMFWEFCZ vs GTZAZEAHZZCTRB; a name rule does not overrule a structure comparison,high
K1:XUH21YGS7O,,merge,R0 already-merged: corpus merge map records K1:CR8LH47UDV -> K1:XUH21YGS7O; the two names denote one live page (HEPCIDIN),high
K1:Y72TWM6CAA,,merge,R0 already-merged: corpus merge map records K1:6LG8QHG78H -> K1:Y72TWM6CAA; the two names denote one live page (Zodasiran),high
K1:YA87U85J0D,K4:embelia ribes,separate,R9c Embelia Ribes Whole and Embelia Ribes are different registered preparations of one organism (whole); §2 K4 merges only on exact name-family equality and these two families are not equal,medium
K1:YBM8W799TH,K1:32526637PN,separate,"R6d GSRS names 2,4,5-TRICHLOROPHENOL as the parent substance of 3,3'-DIETHYLTHIACARBOCYANINE, yet nothing in the names or structures makes one a salt or solvate of the other; the link runs through a coformer",medium
K1:YPX537PA31,K4:chrysanthellum indicum,separate,R9c Chrysanthellum Indicum Whole and Chrysanthellum Indicum are different registered preparations of one organism (whole); §2 K4 merges only on exact name-family equality and these two families are not equal,medium
K1:Z87O6SM01N,,merge,R0 already-merged: corpus merge map records K1:XCC829VFT7 -> K1:Z87O6SM01N; the two names denote one live page (Bepirovirsen),high
K1:ZLT174DL7U,K2:RYEFFICCPKWYML-XZJHJRNISA-N,merge,R1 identical UNII ZLT174DL7U; one page holds no structure of its own; §2 keys biologics and name-only records on UNII alone,high
K1:ZX5Z2LW23O,K4:eleutherococcus senticosus,separate,R9c Eleutherococcus Senticosus Whole and Eleutherococcus Senticosus are different registered preparations of one organism (whole); §2 K4 merges only on exact name-family equality and these two families are not equal,medium
K1:ZZK8X1CR0R,K2:RHRWRRHWGAOQBC-NHQGMKOOSA-N,separate,R8s the two held structures settle it: different skeletons CRJGESKKUOMBCT vs RHRWRRHWGAOQBC; a name rule does not overrule a structure comparison,high
K2:FNWVPWJMPKZALM-UHFFFAOYSA-B,,separate,"R0b distinct substances sharing the normalised name 'potassium': POTASSIUM SODIUM HYDROGEN CITRATE ANHYDROUS (FNWVPWJMPKZALM-UHFFFAOYSA-B) against POTASSIUM CITRATE, POTASSIUM CITRATE ANHYDROUS, POTASSIUM GLUCONATE, POTASSIUM SALICYLATE; disambiguate on the display name, do not merge",high
K2:FYQZGCBXYVWXSP-LCHZDSEPSA-N,K2:INENPLBOLCGOAH-RFNBFDFKSA-N,merge,"R1 identical UNII PP082U6W1L, but the two held structures disagree (different skeletons FYQZGCBXYVWXSP vs INENPLBOLCGOAH); the registry identifier is the stronger evidence and the structure conflict needs a data fix",medium
K2:GCIBXLKDWKQSNJ-SECBINFHSA-N,,separate,"R0b distinct substances sharing the normalised name 'linalool': (-)-LINALOOL (GCIBXLKDWKQSNJ-SECBINFHSA-N) against LINALOOL, Linalool; disambiguate on the display name, do not merge",high
K3:CHEMBL2108492,K3:CHEMBL2108493,merge,"R7y identical name 'Insulin zinc suspension (crystalline)' and no structure on either page; UNIIs none / none, substance classes [] / []",low
