nct,from_key,to_key,matched_name,action,rule,reason
NCT00464555,K1:N939YFB9KP,K1:L1F2Q2X956,Lisofylline,move,R14-PARENT-NAME-TRIAL,"the registry intervention names Lisofylline, not LISOFYLLINE, (S)-; the trial belongs to the parent page"
NCT00896077,K1:N939YFB9KP,K1:L1F2Q2X956,Lisofylline,move,R14-PARENT-NAME-TRIAL,"the registry intervention names Lisofylline, not LISOFYLLINE, (S)-; the trial belongs to the parent page"
NCT01603121,K1:N939YFB9KP,K1:L1F2Q2X956,Lisofylline,move,R14-PARENT-NAME-TRIAL,"the registry intervention names Lisofylline, not LISOFYLLINE, (S)-; the trial belongs to the parent page"
NCT00150865,K1:0494L275Q6,K1:7IO5LYA57N,ropivacaine,move,R14-PARENT-NAME-TRIAL,"the registry intervention names Ropivacaine, not ROPIVACAINE, (R)-; the trial belongs to the parent page"
NCT00210132,K1:0494L275Q6,K1:7IO5LYA57N,Ropivacaine,move,R14-PARENT-NAME-TRIAL,"the registry intervention names Ropivacaine, not ROPIVACAINE, (R)-; the trial belongs to the parent page"
NCT00295945,K1:0494L275Q6,K1:7IO5LYA57N,ropivacaine hydrochloride,move,R14-PARENT-NAME-TRIAL,"the registry intervention names Ropivacaine, not ROPIVACAINE, (R)-; the trial belongs to the parent page"
NCT00358280,K1:0494L275Q6,K1:7IO5LYA57N,Ropivacaine,move,R14-PARENT-NAME-TRIAL,"the registry intervention names Ropivacaine, not ROPIVACAINE, (R)-; the trial belongs to the parent page"
NCT00433316,K1:0494L275Q6,K1:7IO5LYA57N,ropivacaine,move,R14-PARENT-NAME-TRIAL,"the registry intervention names Ropivacaine, not ROPIVACAINE, (R)-; the trial belongs to the parent page"
NCT00519584,K1:0494L275Q6,K1:7IO5LYA57N,Ropivacaine,move,R14-PARENT-NAME-TRIAL,"the registry intervention names Ropivacaine, not ROPIVACAINE, (R)-; the trial belongs to the parent page"
NCT00523289,K1:0494L275Q6,K1:7IO5LYA57N,Ropivacaine,move,R14-PARENT-NAME-TRIAL,"the registry intervention names Ropivacaine, not ROPIVACAINE, (R)-; the trial belongs to the parent page"
NCT00529425,K1:0494L275Q6,K1:7IO5LYA57N,Ropivacaine,move,R14-PARENT-NAME-TRIAL,"the registry intervention names Ropivacaine, not ROPIVACAINE, (R)-; the trial belongs to the parent page"
NCT00542542,K1:0494L275Q6,K1:7IO5LYA57N,Ropivacaine,move,R14-PARENT-NAME-TRIAL,"the registry intervention names Ropivacaine, not ROPIVACAINE, (R)-; the trial belongs to the parent page"
NCT00552864,K1:0494L275Q6,K1:7IO5LYA57N,Ropivacaine,move,R14-PARENT-NAME-TRIAL,"the registry intervention names Ropivacaine, not ROPIVACAINE, (R)-; the trial belongs to the parent page"
NCT00562627,K1:0494L275Q6,K1:7IO5LYA57N,ropivacaine,move,R14-PARENT-NAME-TRIAL,"the registry intervention names Ropivacaine, not ROPIVACAINE, (R)-; the trial belongs to the parent page"
NCT00567450,K1:0494L275Q6,K1:7IO5LYA57N,ropivacaine,move,R14-PARENT-NAME-TRIAL,"the registry intervention names Ropivacaine, not ROPIVACAINE, (R)-; the trial belongs to the parent page"
NCT00573963,K1:0494L275Q6,K1:7IO5LYA57N,ropivacaine,move,R14-PARENT-NAME-TRIAL,"the registry intervention names Ropivacaine, not ROPIVACAINE, (R)-; the trial belongs to the parent page"
NCT00586976,K1:0494L275Q6,K1:7IO5LYA57N,Ropivacaine,move,R14-PARENT-NAME-TRIAL,"the registry intervention names Ropivacaine, not ROPIVACAINE, (R)-; the trial belongs to the parent page"
NCT00616577,K1:0494L275Q6,K1:7IO5LYA57N,Ropivacaine,move,R14-PARENT-NAME-TRIAL,"the registry intervention names Ropivacaine, not ROPIVACAINE, (R)-; the trial belongs to the parent page"
NCT00616603,K1:0494L275Q6,K1:7IO5LYA57N,Ropivacaine,move,R14-PARENT-NAME-TRIAL,"the registry intervention names Ropivacaine, not ROPIVACAINE, (R)-; the trial belongs to the parent page"
NCT00620490,K1:0494L275Q6,K1:7IO5LYA57N,ropivacaine,move,R14-PARENT-NAME-TRIAL,"the registry intervention names Ropivacaine, not ROPIVACAINE, (R)-; the trial belongs to the parent page"
NCT00626977,K1:0494L275Q6,K1:7IO5LYA57N,ropivacaine,move,R14-PARENT-NAME-TRIAL,"the registry intervention names Ropivacaine, not ROPIVACAINE, (R)-; the trial belongs to the parent page"
NCT00672100,K1:0494L275Q6,K1:7IO5LYA57N,Ropivacaine,move,R14-PARENT-NAME-TRIAL,"the registry intervention names Ropivacaine, not ROPIVACAINE, (R)-; the trial belongs to the parent page"
NCT00680823,K1:0494L275Q6,K1:7IO5LYA57N,Ropivacaine,move,R14-PARENT-NAME-TRIAL,"the registry intervention names Ropivacaine, not ROPIVACAINE, (R)-; the trial belongs to the parent page"
NCT00702416,K1:0494L275Q6,K1:7IO5LYA57N,Ropivacaine,move,R14-PARENT-NAME-TRIAL,"the registry intervention names Ropivacaine, not ROPIVACAINE, (R)-; the trial belongs to the parent page"
NCT00720330,K1:0494L275Q6,K1:7IO5LYA57N,ropivacaine,move,R14-PARENT-NAME-TRIAL,"the registry intervention names Ropivacaine, not ROPIVACAINE, (R)-; the trial belongs to the parent page"
NCT00722709,K1:0494L275Q6,K1:7IO5LYA57N,Ropivacaine,move,R14-PARENT-NAME-TRIAL,"the registry intervention names Ropivacaine, not ROPIVACAINE, (R)-; the trial belongs to the parent page"
NCT00724035,K1:0494L275Q6,K1:7IO5LYA57N,Ropivacaine,move,R14-PARENT-NAME-TRIAL,"the registry intervention names Ropivacaine, not ROPIVACAINE, (R)-; the trial belongs to the parent page"
NCT00769054,K1:0494L275Q6,K1:7IO5LYA57N,Ropivacaine,move,R14-PARENT-NAME-TRIAL,"the registry intervention names Ropivacaine, not ROPIVACAINE, (R)-; the trial belongs to the parent page"
NCT00801138,K1:0494L275Q6,K1:7IO5LYA57N,ropivacaine,move,R14-PARENT-NAME-TRIAL,"the registry intervention names Ropivacaine, not ROPIVACAINE, (R)-; the trial belongs to the parent page"
NCT00815503,K1:0494L275Q6,K1:7IO5LYA57N,Ropivacaine,move,R14-PARENT-NAME-TRIAL,"the registry intervention names Ropivacaine, not ROPIVACAINE, (R)-; the trial belongs to the parent page"
NCT00823576,K1:0494L275Q6,K1:7IO5LYA57N,Ropivacaine,move,R14-PARENT-NAME-TRIAL,"the registry intervention names Ropivacaine, not ROPIVACAINE, (R)-; the trial belongs to the parent page"
NCT00825786,K1:0494L275Q6,K1:7IO5LYA57N,Ropivacaine,move,R14-PARENT-NAME-TRIAL,"the registry intervention names Ropivacaine, not ROPIVACAINE, (R)-; the trial belongs to the parent page"
NCT00883194,K1:0494L275Q6,K1:7IO5LYA57N,Ropivacaine,move,R14-PARENT-NAME-TRIAL,"the registry intervention names Ropivacaine, not ROPIVACAINE, (R)-; the trial belongs to the parent page"
NCT00891540,K1:0494L275Q6,K1:7IO5LYA57N,Ropivacaine,move,R14-PARENT-NAME-TRIAL,"the registry intervention names Ropivacaine, not ROPIVACAINE, (R)-; the trial belongs to the parent page"
NCT00901628,K1:0494L275Q6,K1:7IO5LYA57N,ropivacaine,move,R14-PARENT-NAME-TRIAL,"the registry intervention names Ropivacaine, not ROPIVACAINE, (R)-; the trial belongs to the parent page"
NCT00910013,K1:0494L275Q6,K1:7IO5LYA57N,Ropivacaine,move,R14-PARENT-NAME-TRIAL,"the registry intervention names Ropivacaine, not ROPIVACAINE, (R)-; the trial belongs to the parent page"
NCT00913068,K1:0494L275Q6,K1:7IO5LYA57N,ropivacaine,move,R14-PARENT-NAME-TRIAL,"the registry intervention names Ropivacaine, not ROPIVACAINE, (R)-; the trial belongs to the parent page"
NCT00964639,K1:0494L275Q6,K1:7IO5LYA57N,Ropivacaine,move,R14-PARENT-NAME-TRIAL,"the registry intervention names Ropivacaine, not ROPIVACAINE, (R)-; the trial belongs to the parent page"
NCT00968955,K1:0494L275Q6,K1:7IO5LYA57N,Ropivacaine,move,R14-PARENT-NAME-TRIAL,"the registry intervention names Ropivacaine, not ROPIVACAINE, (R)-; the trial belongs to the parent page"
NCT01015053,K1:0494L275Q6,K1:7IO5LYA57N,ropivacaine,move,R14-PARENT-NAME-TRIAL,"the registry intervention names Ropivacaine, not ROPIVACAINE, (R)-; the trial belongs to the parent page"
NCT01042093,K1:0494L275Q6,K1:7IO5LYA57N,Ropivacaine,move,R14-PARENT-NAME-TRIAL,"the registry intervention names Ropivacaine, not ROPIVACAINE, (R)-; the trial belongs to the parent page"
NCT01052974,K1:0494L275Q6,K1:7IO5LYA57N,ropivacaine,move,R14-PARENT-NAME-TRIAL,"the registry intervention names Ropivacaine, not ROPIVACAINE, (R)-; the trial belongs to the parent page"
NCT01054547,K1:0494L275Q6,K1:7IO5LYA57N,Ropivacaine,move,R14-PARENT-NAME-TRIAL,"the registry intervention names Ropivacaine, not ROPIVACAINE, (R)-; the trial belongs to the parent page"
NCT01075646,K1:0494L275Q6,K1:7IO5LYA57N,ropivacaine,move,R14-PARENT-NAME-TRIAL,"the registry intervention names Ropivacaine, not ROPIVACAINE, (R)-; the trial belongs to the parent page"
NCT01082744,K1:0494L275Q6,K1:7IO5LYA57N,Ropivacaine,move,R14-PARENT-NAME-TRIAL,"the registry intervention names Ropivacaine, not ROPIVACAINE, (R)-; the trial belongs to the parent page"
NCT01111513,K1:0494L275Q6,K1:7IO5LYA57N,ropivacaine,move,R14-PARENT-NAME-TRIAL,"the registry intervention names Ropivacaine, not ROPIVACAINE, (R)-; the trial belongs to the parent page"
NCT01119209,K1:0494L275Q6,K1:7IO5LYA57N,Ropivacaine,move,R14-PARENT-NAME-TRIAL,"the registry intervention names Ropivacaine, not ROPIVACAINE, (R)-; the trial belongs to the parent page"
NCT01142622,K1:0494L275Q6,K1:7IO5LYA57N,Ropivacaine,move,R14-PARENT-NAME-TRIAL,"the registry intervention names Ropivacaine, not ROPIVACAINE, (R)-; the trial belongs to the parent page"
NCT01171885,K1:0494L275Q6,K1:7IO5LYA57N,Ropivacaine,move,R14-PARENT-NAME-TRIAL,"the registry intervention names Ropivacaine, not ROPIVACAINE, (R)-; the trial belongs to the parent page"
NCT01172197,K1:0494L275Q6,K1:7IO5LYA57N,Ropivacaine,move,R14-PARENT-NAME-TRIAL,"the registry intervention names Ropivacaine, not ROPIVACAINE, (R)-; the trial belongs to the parent page"
NCT01194843,K1:0494L275Q6,K1:7IO5LYA57N,Ropivacaine,move,R14-PARENT-NAME-TRIAL,"the registry intervention names Ropivacaine, not ROPIVACAINE, (R)-; the trial belongs to the parent page"
NCT01234272,K1:0494L275Q6,K1:7IO5LYA57N,Ropivacaine,move,R14-PARENT-NAME-TRIAL,"the registry intervention names Ropivacaine, not ROPIVACAINE, (R)-; the trial belongs to the parent page"
NCT01242644,K1:0494L275Q6,K1:7IO5LYA57N,ropivacaine,move,R14-PARENT-NAME-TRIAL,"the registry intervention names Ropivacaine, not ROPIVACAINE, (R)-; the trial belongs to the parent page"
NCT01272921,K1:0494L275Q6,K1:7IO5LYA57N,Ropivacaine,move,R14-PARENT-NAME-TRIAL,"the registry intervention names Ropivacaine, not ROPIVACAINE, (R)-; the trial belongs to the parent page"
NCT01276925,K1:0494L275Q6,K1:7IO5LYA57N,Ropivacaine,move,R14-PARENT-NAME-TRIAL,"the registry intervention names Ropivacaine, not ROPIVACAINE, (R)-; the trial belongs to the parent page"
NCT01293149,K1:0494L275Q6,K1:7IO5LYA57N,Ropivacaine,move,R14-PARENT-NAME-TRIAL,"the registry intervention names Ropivacaine, not ROPIVACAINE, (R)-; the trial belongs to the parent page"
NCT01304212,K1:0494L275Q6,K1:7IO5LYA57N,ropivacaine,move,R14-PARENT-NAME-TRIAL,"the registry intervention names Ropivacaine, not ROPIVACAINE, (R)-; the trial belongs to the parent page"
NCT01307215,K1:0494L275Q6,K1:7IO5LYA57N,Ropivacaine,move,R14-PARENT-NAME-TRIAL,"the registry intervention names Ropivacaine, not ROPIVACAINE, (R)-; the trial belongs to the parent page"
NCT01307969,K1:0494L275Q6,K1:7IO5LYA57N,Ropivacaine,move,R14-PARENT-NAME-TRIAL,"the registry intervention names Ropivacaine, not ROPIVACAINE, (R)-; the trial belongs to the parent page"
NCT01317368,K1:0494L275Q6,K1:7IO5LYA57N,Ropivacaine,move,R14-PARENT-NAME-TRIAL,"the registry intervention names Ropivacaine, not ROPIVACAINE, (R)-; the trial belongs to the parent page"
NCT01337115,K1:0494L275Q6,K1:7IO5LYA57N,Ropivacaine,move,R14-PARENT-NAME-TRIAL,"the registry intervention names Ropivacaine, not ROPIVACAINE, (R)-; the trial belongs to the parent page"
NCT01450007,K1:0494L275Q6,K1:7IO5LYA57N,Ropivacaine,move,R14-PARENT-NAME-TRIAL,"the registry intervention names Ropivacaine, not ROPIVACAINE, (R)-; the trial belongs to the parent page"
NCT01463865,K1:0494L275Q6,K1:7IO5LYA57N,ropivacaine,move,R14-PARENT-NAME-TRIAL,"the registry intervention names Ropivacaine, not ROPIVACAINE, (R)-; the trial belongs to the parent page"
NCT01480089,K1:0494L275Q6,K1:7IO5LYA57N,Ropivacaine,move,R14-PARENT-NAME-TRIAL,"the registry intervention names Ropivacaine, not ROPIVACAINE, (R)-; the trial belongs to the parent page"
NCT01493986,K1:0494L275Q6,K1:7IO5LYA57N,Ropivacaine,move,R14-PARENT-NAME-TRIAL,"the registry intervention names Ropivacaine, not ROPIVACAINE, (R)-; the trial belongs to the parent page"
NCT01511211,K1:0494L275Q6,K1:7IO5LYA57N,Ropivacaine,move,R14-PARENT-NAME-TRIAL,"the registry intervention names Ropivacaine, not ROPIVACAINE, (R)-; the trial belongs to the parent page"
NCT01537146,K1:0494L275Q6,K1:7IO5LYA57N,Ropivacaine,move,R14-PARENT-NAME-TRIAL,"the registry intervention names Ropivacaine, not ROPIVACAINE, (R)-; the trial belongs to the parent page"
NCT01549704,K1:0494L275Q6,K1:7IO5LYA57N,Ropivacaine,move,R14-PARENT-NAME-TRIAL,"the registry intervention names Ropivacaine, not ROPIVACAINE, (R)-; the trial belongs to the parent page"
NCT01575028,K1:0494L275Q6,K1:7IO5LYA57N,Ropivacaine,move,R14-PARENT-NAME-TRIAL,"the registry intervention names Ropivacaine, not ROPIVACAINE, (R)-; the trial belongs to the parent page"
NCT01589354,K1:0494L275Q6,K1:7IO5LYA57N,Ropivacaine,move,R14-PARENT-NAME-TRIAL,"the registry intervention names Ropivacaine, not ROPIVACAINE, (R)-; the trial belongs to the parent page"
NCT01593319,K1:0494L275Q6,K1:7IO5LYA57N,Ropivacaine,move,R14-PARENT-NAME-TRIAL,"the registry intervention names Ropivacaine, not ROPIVACAINE, (R)-; the trial belongs to the parent page"
NCT01602250,K1:0494L275Q6,K1:7IO5LYA57N,ropivacaine,move,R14-PARENT-NAME-TRIAL,"the registry intervention names Ropivacaine, not ROPIVACAINE, (R)-; the trial belongs to the parent page"
NCT01615939,K1:0494L275Q6,K1:7IO5LYA57N,Ropivacaine,move,R14-PARENT-NAME-TRIAL,"the registry intervention names Ropivacaine, not ROPIVACAINE, (R)-; the trial belongs to the parent page"
NCT01620047,K1:0494L275Q6,K1:7IO5LYA57N,Ropivacaine,move,R14-PARENT-NAME-TRIAL,"the registry intervention names Ropivacaine, not ROPIVACAINE, (R)-; the trial belongs to the parent page"
NCT01623635,K1:0494L275Q6,K1:7IO5LYA57N,Ropivacaine,move,R14-PARENT-NAME-TRIAL,"the registry intervention names Ropivacaine, not ROPIVACAINE, (R)-; the trial belongs to the parent page"
NCT01679392,K1:0494L275Q6,K1:7IO5LYA57N,Ropivacaine,move,R14-PARENT-NAME-TRIAL,"the registry intervention names Ropivacaine, not ROPIVACAINE, (R)-; the trial belongs to the parent page"
NCT01686347,K1:0494L275Q6,K1:7IO5LYA57N,ropivacaine,move,R14-PARENT-NAME-TRIAL,"the registry intervention names Ropivacaine, not ROPIVACAINE, (R)-; the trial belongs to the parent page"
NCT01704612,K1:0494L275Q6,K1:7IO5LYA57N,ropivacaine,move,R14-PARENT-NAME-TRIAL,"the registry intervention names Ropivacaine, not ROPIVACAINE, (R)-; the trial belongs to the parent page"
NCT01726686,K1:0494L275Q6,K1:7IO5LYA57N,Ropivacaine,move,R14-PARENT-NAME-TRIAL,"the registry intervention names Ropivacaine, not ROPIVACAINE, (R)-; the trial belongs to the parent page"
NCT01743794,K1:0494L275Q6,K1:7IO5LYA57N,Ropivacaine,move,R14-PARENT-NAME-TRIAL,"the registry intervention names Ropivacaine, not ROPIVACAINE, (R)-; the trial belongs to the parent page"
NCT01760161,K1:0494L275Q6,K1:7IO5LYA57N,Ropivacaine,move,R14-PARENT-NAME-TRIAL,"the registry intervention names Ropivacaine, not ROPIVACAINE, (R)-; the trial belongs to the parent page"
NCT01825863,K1:0494L275Q6,K1:7IO5LYA57N,Ropivacaine,move,R14-PARENT-NAME-TRIAL,"the registry intervention names Ropivacaine, not ROPIVACAINE, (R)-; the trial belongs to the parent page"
NCT01828788,K1:0494L275Q6,K1:7IO5LYA57N,Ropivacaine,move,R14-PARENT-NAME-TRIAL,"the registry intervention names Ropivacaine, not ROPIVACAINE, (R)-; the trial belongs to the parent page"
NCT01840800,K1:0494L275Q6,K1:7IO5LYA57N,Ropivacaine,move,R14-PARENT-NAME-TRIAL,"the registry intervention names Ropivacaine, not ROPIVACAINE, (R)-; the trial belongs to the parent page"
NCT01843153,K1:0494L275Q6,K1:7IO5LYA57N,Ropivacaine,move,R14-PARENT-NAME-TRIAL,"the registry intervention names Ropivacaine, not ROPIVACAINE, (R)-; the trial belongs to the parent page"
NCT01869946,K1:0494L275Q6,K1:7IO5LYA57N,Ropivacaine,move,R14-PARENT-NAME-TRIAL,"the registry intervention names Ropivacaine, not ROPIVACAINE, (R)-; the trial belongs to the parent page"
NCT01873313,K1:0494L275Q6,K1:7IO5LYA57N,Ropivacaine,move,R14-PARENT-NAME-TRIAL,"the registry intervention names Ropivacaine, not ROPIVACAINE, (R)-; the trial belongs to the parent page"
NCT01922596,K1:0494L275Q6,K1:7IO5LYA57N,Ropivacaine,move,R14-PARENT-NAME-TRIAL,"the registry intervention names Ropivacaine, not ROPIVACAINE, (R)-; the trial belongs to the parent page"
NCT01935648,K1:0494L275Q6,K1:7IO5LYA57N,Ropivacaine,move,R14-PARENT-NAME-TRIAL,"the registry intervention names Ropivacaine, not ROPIVACAINE, (R)-; the trial belongs to the parent page"
NCT01971645,K1:0494L275Q6,K1:7IO5LYA57N,Ropivacaine,move,R14-PARENT-NAME-TRIAL,"the registry intervention names Ropivacaine, not ROPIVACAINE, (R)-; the trial belongs to the parent page"
NCT01986751,K1:0494L275Q6,K1:7IO5LYA57N,ropivacaine,move,R14-PARENT-NAME-TRIAL,"the registry intervention names Ropivacaine, not ROPIVACAINE, (R)-; the trial belongs to the parent page"
NCT01987128,K1:0494L275Q6,K1:7IO5LYA57N,Ropivacaine,move,R14-PARENT-NAME-TRIAL,"the registry intervention names Ropivacaine, not ROPIVACAINE, (R)-; the trial belongs to the parent page"
NCT01993290,K1:0494L275Q6,K1:7IO5LYA57N,Ropivacaine,move,R14-PARENT-NAME-TRIAL,"the registry intervention names Ropivacaine, not ROPIVACAINE, (R)-; the trial belongs to the parent page"
NCT01997567,K1:0494L275Q6,K1:7IO5LYA57N,Ropivacaine,move,R14-PARENT-NAME-TRIAL,"the registry intervention names Ropivacaine, not ROPIVACAINE, (R)-; the trial belongs to the parent page"
NCT01999647,K1:0494L275Q6,K1:7IO5LYA57N,Ropivacaine,move,R14-PARENT-NAME-TRIAL,"the registry intervention names Ropivacaine, not ROPIVACAINE, (R)-; the trial belongs to the parent page"
NCT02000973,K1:0494L275Q6,K1:7IO5LYA57N,Ropivacaine,move,R14-PARENT-NAME-TRIAL,"the registry intervention names Ropivacaine, not ROPIVACAINE, (R)-; the trial belongs to the parent page"
NCT02006355,K1:0494L275Q6,K1:7IO5LYA57N,Ropivacaine,move,R14-PARENT-NAME-TRIAL,"the registry intervention names Ropivacaine, not ROPIVACAINE, (R)-; the trial belongs to the parent page"
NCT02007850,K1:0494L275Q6,K1:7IO5LYA57N,ropivacaine,move,R14-PARENT-NAME-TRIAL,"the registry intervention names Ropivacaine, not ROPIVACAINE, (R)-; the trial belongs to the parent page"
NCT02023684,K1:0494L275Q6,K1:7IO5LYA57N,Ropivacaine,move,R14-PARENT-NAME-TRIAL,"the registry intervention names Ropivacaine, not ROPIVACAINE, (R)-; the trial belongs to the parent page"
NCT02033603,K1:0494L275Q6,K1:7IO5LYA57N,Ropivacaine,move,R14-PARENT-NAME-TRIAL,"the registry intervention names Ropivacaine, not ROPIVACAINE, (R)-; the trial belongs to the parent page"
NCT02036242,K1:0494L275Q6,K1:7IO5LYA57N,Ropivacaine,move,R14-PARENT-NAME-TRIAL,"the registry intervention names Ropivacaine, not ROPIVACAINE, (R)-; the trial belongs to the parent page"
NCT02037633,K1:0494L275Q6,K1:7IO5LYA57N,ropivacaine,move,R14-PARENT-NAME-TRIAL,"the registry intervention names Ropivacaine, not ROPIVACAINE, (R)-; the trial belongs to the parent page"
NCT02056288,K1:0494L275Q6,K1:7IO5LYA57N,Ropivacaine,move,R14-PARENT-NAME-TRIAL,"the registry intervention names Ropivacaine, not ROPIVACAINE, (R)-; the trial belongs to the parent page"
NCT02059070,K1:0494L275Q6,K1:7IO5LYA57N,Ropivacaine,move,R14-PARENT-NAME-TRIAL,"the registry intervention names Ropivacaine, not ROPIVACAINE, (R)-; the trial belongs to the parent page"
NCT02084368,K1:0494L275Q6,K1:7IO5LYA57N,Ropivacaine,move,R14-PARENT-NAME-TRIAL,"the registry intervention names Ropivacaine, not ROPIVACAINE, (R)-; the trial belongs to the parent page"
NCT02085902,K1:0494L275Q6,K1:7IO5LYA57N,Ropivacaine,move,R14-PARENT-NAME-TRIAL,"the registry intervention names Ropivacaine, not ROPIVACAINE, (R)-; the trial belongs to the parent page"
NCT02091297,K1:0494L275Q6,K1:7IO5LYA57N,Ropivacaine,move,R14-PARENT-NAME-TRIAL,"the registry intervention names Ropivacaine, not ROPIVACAINE, (R)-; the trial belongs to the parent page"
NCT02094339,K1:0494L275Q6,K1:7IO5LYA57N,ropivacaine,move,R14-PARENT-NAME-TRIAL,"the registry intervention names Ropivacaine, not ROPIVACAINE, (R)-; the trial belongs to the parent page"
NCT02114463,K1:0494L275Q6,K1:7IO5LYA57N,ropivacaine,move,R14-PARENT-NAME-TRIAL,"the registry intervention names Ropivacaine, not ROPIVACAINE, (R)-; the trial belongs to the parent page"
NCT02125903,K1:0494L275Q6,K1:7IO5LYA57N,Ropivacaine,move,R14-PARENT-NAME-TRIAL,"the registry intervention names Ropivacaine, not ROPIVACAINE, (R)-; the trial belongs to the parent page"
NCT02130739,K1:0494L275Q6,K1:7IO5LYA57N,Ropivacaine,move,R14-PARENT-NAME-TRIAL,"the registry intervention names Ropivacaine, not ROPIVACAINE, (R)-; the trial belongs to the parent page"
NCT02139982,K1:0494L275Q6,K1:7IO5LYA57N,ropivacaine,move,R14-PARENT-NAME-TRIAL,"the registry intervention names Ropivacaine, not ROPIVACAINE, (R)-; the trial belongs to the parent page"
NCT02144766,K1:0494L275Q6,K1:7IO5LYA57N,ropivacaine,move,R14-PARENT-NAME-TRIAL,"the registry intervention names Ropivacaine, not ROPIVACAINE, (R)-; the trial belongs to the parent page"
NCT02151487,K1:0494L275Q6,K1:7IO5LYA57N,Ropivacaine,move,R14-PARENT-NAME-TRIAL,"the registry intervention names Ropivacaine, not ROPIVACAINE, (R)-; the trial belongs to the parent page"
NCT02154048,K1:0494L275Q6,K1:7IO5LYA57N,Ropivacaine,move,R14-PARENT-NAME-TRIAL,"the registry intervention names Ropivacaine, not ROPIVACAINE, (R)-; the trial belongs to the parent page"
NCT02154763,K1:0494L275Q6,K1:7IO5LYA57N,Ropivacaine,move,R14-PARENT-NAME-TRIAL,"the registry intervention names Ropivacaine, not ROPIVACAINE, (R)-; the trial belongs to the parent page"
NCT02161705,K1:0494L275Q6,K1:7IO5LYA57N,Ropivacaine,move,R14-PARENT-NAME-TRIAL,"the registry intervention names Ropivacaine, not ROPIVACAINE, (R)-; the trial belongs to the parent page"
NCT02171299,K1:0494L275Q6,K1:7IO5LYA57N,Ropivacaine,move,R14-PARENT-NAME-TRIAL,"the registry intervention names Ropivacaine, not ROPIVACAINE, (R)-; the trial belongs to the parent page"
NCT02178449,K1:0494L275Q6,K1:7IO5LYA57N,Ropivacaine,move,R14-PARENT-NAME-TRIAL,"the registry intervention names Ropivacaine, not ROPIVACAINE, (R)-; the trial belongs to the parent page"
NCT02181296,K1:0494L275Q6,K1:7IO5LYA57N,ropivacaine,move,R14-PARENT-NAME-TRIAL,"the registry intervention names Ropivacaine, not ROPIVACAINE, (R)-; the trial belongs to the parent page"
NCT02182752,K1:0494L275Q6,K1:7IO5LYA57N,Ropivacaine,move,R14-PARENT-NAME-TRIAL,"the registry intervention names Ropivacaine, not ROPIVACAINE, (R)-; the trial belongs to the parent page"
NCT02184559,K1:0494L275Q6,K1:7IO5LYA57N,Ropivacaine,move,R14-PARENT-NAME-TRIAL,"the registry intervention names Ropivacaine, not ROPIVACAINE, (R)-; the trial belongs to the parent page"
NCT02197273,K1:0494L275Q6,K1:7IO5LYA57N,Ropivacaine,move,R14-PARENT-NAME-TRIAL,"the registry intervention names Ropivacaine, not ROPIVACAINE, (R)-; the trial belongs to the parent page"
NCT02198547,K1:0494L275Q6,K1:7IO5LYA57N,Ropivacaine,move,R14-PARENT-NAME-TRIAL,"the registry intervention names Ropivacaine, not ROPIVACAINE, (R)-; the trial belongs to the parent page"
NCT02201784,K1:0494L275Q6,K1:7IO5LYA57N,Ropivacaine,move,R14-PARENT-NAME-TRIAL,"the registry intervention names Ropivacaine, not ROPIVACAINE, (R)-; the trial belongs to the parent page"
NCT02208245,K1:0494L275Q6,K1:7IO5LYA57N,Ropivacaine,move,R14-PARENT-NAME-TRIAL,"the registry intervention names Ropivacaine, not ROPIVACAINE, (R)-; the trial belongs to the parent page"
NCT02225054,K1:0494L275Q6,K1:7IO5LYA57N,Ropivacaine,move,R14-PARENT-NAME-TRIAL,"the registry intervention names Ropivacaine, not ROPIVACAINE, (R)-; the trial belongs to the parent page"
NCT02225418,K1:0494L275Q6,K1:7IO5LYA57N,Ropivacaine,move,R14-PARENT-NAME-TRIAL,"the registry intervention names Ropivacaine, not ROPIVACAINE, (R)-; the trial belongs to the parent page"
NCT02256228,K1:0494L275Q6,K1:7IO5LYA57N,Ropivacaine,move,R14-PARENT-NAME-TRIAL,"the registry intervention names Ropivacaine, not ROPIVACAINE, (R)-; the trial belongs to the parent page"
NCT02267044,K1:0494L275Q6,K1:7IO5LYA57N,Ropivacaine,move,R14-PARENT-NAME-TRIAL,"the registry intervention names Ropivacaine, not ROPIVACAINE, (R)-; the trial belongs to the parent page"
NCT02278601,K1:0494L275Q6,K1:7IO5LYA57N,Ropivacaine,move,R14-PARENT-NAME-TRIAL,"the registry intervention names Ropivacaine, not ROPIVACAINE, (R)-; the trial belongs to the parent page"
NCT02279628,K1:0494L275Q6,K1:7IO5LYA57N,Ropivacaine,move,R14-PARENT-NAME-TRIAL,"the registry intervention names Ropivacaine, not ROPIVACAINE, (R)-; the trial belongs to the parent page"
NCT02289937,K1:0494L275Q6,K1:7IO5LYA57N,Ropivacaine,move,R14-PARENT-NAME-TRIAL,"the registry intervention names Ropivacaine, not ROPIVACAINE, (R)-; the trial belongs to the parent page"
NCT02293525,K1:0494L275Q6,K1:7IO5LYA57N,Ropivacaine,move,R14-PARENT-NAME-TRIAL,"the registry intervention names Ropivacaine, not ROPIVACAINE, (R)-; the trial belongs to the parent page"
NCT02299271,K1:0494L275Q6,K1:7IO5LYA57N,Ropivacaine,move,R14-PARENT-NAME-TRIAL,"the registry intervention names Ropivacaine, not ROPIVACAINE, (R)-; the trial belongs to the parent page"
NCT02311517,K1:0494L275Q6,K1:7IO5LYA57N,Ropivacaine,move,R14-PARENT-NAME-TRIAL,"the registry intervention names Ropivacaine, not ROPIVACAINE, (R)-; the trial belongs to the parent page"
NCT02314104,K1:0494L275Q6,K1:7IO5LYA57N,ropivacaine,move,R14-PARENT-NAME-TRIAL,"the registry intervention names Ropivacaine, not ROPIVACAINE, (R)-; the trial belongs to the parent page"
NCT02323282,K1:0494L275Q6,K1:7IO5LYA57N,ropivacaine,move,R14-PARENT-NAME-TRIAL,"the registry intervention names Ropivacaine, not ROPIVACAINE, (R)-; the trial belongs to the parent page"
NCT02326727,K1:0494L275Q6,K1:7IO5LYA57N,Ropivacaine,move,R14-PARENT-NAME-TRIAL,"the registry intervention names Ropivacaine, not ROPIVACAINE, (R)-; the trial belongs to the parent page"
NCT02330302,K1:0494L275Q6,K1:7IO5LYA57N,Ropivacaine,move,R14-PARENT-NAME-TRIAL,"the registry intervention names Ropivacaine, not ROPIVACAINE, (R)-; the trial belongs to the parent page"
NCT02331576,K1:0494L275Q6,K1:7IO5LYA57N,ropivacaine HCL,move,R14-PARENT-NAME-TRIAL,"the registry intervention names Ropivacaine, not ROPIVACAINE, (R)-; the trial belongs to the parent page"
NCT02341144,K1:0494L275Q6,K1:7IO5LYA57N,Ropivacaine,move,R14-PARENT-NAME-TRIAL,"the registry intervention names Ropivacaine, not ROPIVACAINE, (R)-; the trial belongs to the parent page"
NCT02344264,K1:0494L275Q6,K1:7IO5LYA57N,Ropivacaine,move,R14-PARENT-NAME-TRIAL,"the registry intervention names Ropivacaine, not ROPIVACAINE, (R)-; the trial belongs to the parent page"
NCT02346357,K1:0494L275Q6,K1:7IO5LYA57N,Ropivacaine,move,R14-PARENT-NAME-TRIAL,"the registry intervention names Ropivacaine, not ROPIVACAINE, (R)-; the trial belongs to the parent page"
NCT02353182,K1:0494L275Q6,K1:7IO5LYA57N,Ropivacaine,move,R14-PARENT-NAME-TRIAL,"the registry intervention names Ropivacaine, not ROPIVACAINE, (R)-; the trial belongs to the parent page"
NCT02355093,K1:0494L275Q6,K1:7IO5LYA57N,ropivacaine,move,R14-PARENT-NAME-TRIAL,"the registry intervention names Ropivacaine, not ROPIVACAINE, (R)-; the trial belongs to the parent page"
NCT02361775,K1:0494L275Q6,K1:7IO5LYA57N,Ropivacaine,move,R14-PARENT-NAME-TRIAL,"the registry intervention names Ropivacaine, not ROPIVACAINE, (R)-; the trial belongs to the parent page"
NCT02365727,K1:0494L275Q6,K1:7IO5LYA57N,Ropivacaine,move,R14-PARENT-NAME-TRIAL,"the registry intervention names Ropivacaine, not ROPIVACAINE, (R)-; the trial belongs to the parent page"
NCT02374008,K1:0494L275Q6,K1:7IO5LYA57N,Ropivacaine,move,R14-PARENT-NAME-TRIAL,"the registry intervention names Ropivacaine, not ROPIVACAINE, (R)-; the trial belongs to the parent page"
NCT02375191,K1:0494L275Q6,K1:7IO5LYA57N,Ropivacaine,move,R14-PARENT-NAME-TRIAL,"the registry intervention names Ropivacaine, not ROPIVACAINE, (R)-; the trial belongs to the parent page"
NCT02391142,K1:0494L275Q6,K1:7IO5LYA57N,ropivacaine,move,R14-PARENT-NAME-TRIAL,"the registry intervention names Ropivacaine, not ROPIVACAINE, (R)-; the trial belongs to the parent page"
NCT02393677,K1:0494L275Q6,K1:7IO5LYA57N,Ropivacaine,move,R14-PARENT-NAME-TRIAL,"the registry intervention names Ropivacaine, not ROPIVACAINE, (R)-; the trial belongs to the parent page"
NCT02396563,K1:0494L275Q6,K1:7IO5LYA57N,Ropivacaine,move,R14-PARENT-NAME-TRIAL,"the registry intervention names Ropivacaine, not ROPIVACAINE, (R)-; the trial belongs to the parent page"
NCT02406300,K1:0494L275Q6,K1:7IO5LYA57N,ropivacaine,move,R14-PARENT-NAME-TRIAL,"the registry intervention names Ropivacaine, not ROPIVACAINE, (R)-; the trial belongs to the parent page"
NCT02408393,K1:0494L275Q6,K1:7IO5LYA57N,Ropivacaine,move,R14-PARENT-NAME-TRIAL,"the registry intervention names Ropivacaine, not ROPIVACAINE, (R)-; the trial belongs to the parent page"
NCT02410317,K1:0494L275Q6,K1:7IO5LYA57N,Ropivacaine,move,R14-PARENT-NAME-TRIAL,"the registry intervention names Ropivacaine, not ROPIVACAINE, (R)-; the trial belongs to the parent page"
NCT02424630,K1:0494L275Q6,K1:7IO5LYA57N,Ropivacaine,move,R14-PARENT-NAME-TRIAL,"the registry intervention names Ropivacaine, not ROPIVACAINE, (R)-; the trial belongs to the parent page"
NCT02428283,K1:0494L275Q6,K1:7IO5LYA57N,Ropivacaine,move,R14-PARENT-NAME-TRIAL,"the registry intervention names Ropivacaine, not ROPIVACAINE, (R)-; the trial belongs to the parent page"
NCT02431065,K1:0494L275Q6,K1:7IO5LYA57N,Ropivacaine,move,R14-PARENT-NAME-TRIAL,"the registry intervention names Ropivacaine, not ROPIVACAINE, (R)-; the trial belongs to the parent page"
NCT02436265,K1:0494L275Q6,K1:7IO5LYA57N,Ropivacaine,move,R14-PARENT-NAME-TRIAL,"the registry intervention names Ropivacaine, not ROPIVACAINE, (R)-; the trial belongs to the parent page"
NCT02438852,K1:0494L275Q6,K1:7IO5LYA57N,Ropivacaine Hydrochloride,move,R14-PARENT-NAME-TRIAL,"the registry intervention names Ropivacaine, not ROPIVACAINE, (R)-; the trial belongs to the parent page"
NCT02439281,K1:0494L275Q6,K1:7IO5LYA57N,Ropivacaine,move,R14-PARENT-NAME-TRIAL,"the registry intervention names Ropivacaine, not ROPIVACAINE, (R)-; the trial belongs to the parent page"
NCT02449486,K1:0494L275Q6,K1:7IO5LYA57N,Ropivacaine,move,R14-PARENT-NAME-TRIAL,"the registry intervention names Ropivacaine, not ROPIVACAINE, (R)-; the trial belongs to the parent page"
NCT02449720,K1:0494L275Q6,K1:7IO5LYA57N,Ropivacaine,move,R14-PARENT-NAME-TRIAL,"the registry intervention names Ropivacaine, not ROPIVACAINE, (R)-; the trial belongs to the parent page"
NCT02450084,K1:0494L275Q6,K1:7IO5LYA57N,Ropivacaine,move,R14-PARENT-NAME-TRIAL,"the registry intervention names Ropivacaine, not ROPIVACAINE, (R)-; the trial belongs to the parent page"
NCT02453516,K1:0494L275Q6,K1:7IO5LYA57N,ropivacaine,move,R14-PARENT-NAME-TRIAL,"the registry intervention names Ropivacaine, not ROPIVACAINE, (R)-; the trial belongs to the parent page"
NCT02460640,K1:0494L275Q6,K1:7IO5LYA57N,Ropivacaine,move,R14-PARENT-NAME-TRIAL,"the registry intervention names Ropivacaine, not ROPIVACAINE, (R)-; the trial belongs to the parent page"
NCT02462382,K1:0494L275Q6,K1:7IO5LYA57N,Ropivacaine,move,R14-PARENT-NAME-TRIAL,"the registry intervention names Ropivacaine, not ROPIVACAINE, (R)-; the trial belongs to the parent page"
NCT02472522,K1:0494L275Q6,K1:7IO5LYA57N,Ropivacaine,move,R14-PARENT-NAME-TRIAL,"the registry intervention names Ropivacaine, not ROPIVACAINE, (R)-; the trial belongs to the parent page"
NCT02476799,K1:0494L275Q6,K1:7IO5LYA57N,Ropivacaine,move,R14-PARENT-NAME-TRIAL,"the registry intervention names Ropivacaine, not ROPIVACAINE, (R)-; the trial belongs to the parent page"
NCT02478372,K1:0494L275Q6,K1:7IO5LYA57N,Ropivacaine,move,R14-PARENT-NAME-TRIAL,"the registry intervention names Ropivacaine, not ROPIVACAINE, (R)-; the trial belongs to the parent page"
NCT02479828,K1:0494L275Q6,K1:7IO5LYA57N,Ropivacaine,move,R14-PARENT-NAME-TRIAL,"the registry intervention names Ropivacaine, not ROPIVACAINE, (R)-; the trial belongs to the parent page"
NCT02488473,K1:0494L275Q6,K1:7IO5LYA57N,Ropivacaine,move,R14-PARENT-NAME-TRIAL,"the registry intervention names Ropivacaine, not ROPIVACAINE, (R)-; the trial belongs to the parent page"
NCT02494336,K1:0494L275Q6,K1:7IO5LYA57N,Ropivacaine,move,R14-PARENT-NAME-TRIAL,"the registry intervention names Ropivacaine, not ROPIVACAINE, (R)-; the trial belongs to the parent page"
NCT02499575,K1:0494L275Q6,K1:7IO5LYA57N,ropivacaine,move,R14-PARENT-NAME-TRIAL,"the registry intervention names Ropivacaine, not ROPIVACAINE, (R)-; the trial belongs to the parent page"
NCT02502487,K1:0494L275Q6,K1:7IO5LYA57N,Ropivacaine,move,R14-PARENT-NAME-TRIAL,"the registry intervention names Ropivacaine, not ROPIVACAINE, (R)-; the trial belongs to the parent page"
NCT02506855,K1:0494L275Q6,K1:7IO5LYA57N,Ropivacaine,move,R14-PARENT-NAME-TRIAL,"the registry intervention names Ropivacaine, not ROPIVACAINE, (R)-; the trial belongs to the parent page"
NCT02512471,K1:0494L275Q6,K1:7IO5LYA57N,Ropivacaine,move,R14-PARENT-NAME-TRIAL,"the registry intervention names Ropivacaine, not ROPIVACAINE, (R)-; the trial belongs to the parent page"
NCT02513433,K1:0494L275Q6,K1:7IO5LYA57N,Ropivacaine,move,R14-PARENT-NAME-TRIAL,"the registry intervention names Ropivacaine, not ROPIVACAINE, (R)-; the trial belongs to the parent page"
NCT02525211,K1:0494L275Q6,K1:7IO5LYA57N,Ropivacaine,move,R14-PARENT-NAME-TRIAL,"the registry intervention names Ropivacaine, not ROPIVACAINE, (R)-; the trial belongs to the parent page"
NCT02540070,K1:0494L275Q6,K1:7IO5LYA57N,Ropivacaine,move,R14-PARENT-NAME-TRIAL,"the registry intervention names Ropivacaine, not ROPIVACAINE, (R)-; the trial belongs to the parent page"
NCT02543801,K1:0494L275Q6,K1:7IO5LYA57N,Ropivacaine,move,R14-PARENT-NAME-TRIAL,"the registry intervention names Ropivacaine, not ROPIVACAINE, (R)-; the trial belongs to the parent page"
NCT02544269,K1:0494L275Q6,K1:7IO5LYA57N,Ropivacaine,move,R14-PARENT-NAME-TRIAL,"the registry intervention names Ropivacaine, not ROPIVACAINE, (R)-; the trial belongs to the parent page"
NCT02554864,K1:0494L275Q6,K1:7IO5LYA57N,ropivacaine,move,R14-PARENT-NAME-TRIAL,"the registry intervention names Ropivacaine, not ROPIVACAINE, (R)-; the trial belongs to the parent page"
NCT02565303,K1:0494L275Q6,K1:7IO5LYA57N,Ropivacaine,move,R14-PARENT-NAME-TRIAL,"the registry intervention names Ropivacaine, not ROPIVACAINE, (R)-; the trial belongs to the parent page"
NCT02570022,K1:0494L275Q6,K1:7IO5LYA57N,Ropivacaine,move,R14-PARENT-NAME-TRIAL,"the registry intervention names Ropivacaine, not ROPIVACAINE, (R)-; the trial belongs to the parent page"
NCT02570503,K1:0494L275Q6,K1:7IO5LYA57N,Ropivacaine,move,R14-PARENT-NAME-TRIAL,"the registry intervention names Ropivacaine, not ROPIVACAINE, (R)-; the trial belongs to the parent page"
NCT02576015,K1:0494L275Q6,K1:7IO5LYA57N,ropivacaine,move,R14-PARENT-NAME-TRIAL,"the registry intervention names Ropivacaine, not ROPIVACAINE, (R)-; the trial belongs to the parent page"
NCT02576223,K1:0494L275Q6,K1:7IO5LYA57N,Ropivacaine hydrochloride,move,R14-PARENT-NAME-TRIAL,"the registry intervention names Ropivacaine, not ROPIVACAINE, (R)-; the trial belongs to the parent page"
NCT02576249,K1:0494L275Q6,K1:7IO5LYA57N,Ropivacaine,move,R14-PARENT-NAME-TRIAL,"the registry intervention names Ropivacaine, not ROPIVACAINE, (R)-; the trial belongs to the parent page"
NCT02581683,K1:0494L275Q6,K1:7IO5LYA57N,Ropivacaine,move,R14-PARENT-NAME-TRIAL,"the registry intervention names Ropivacaine, not ROPIVACAINE, (R)-; the trial belongs to the parent page"
NCT02585011,K1:0494L275Q6,K1:7IO5LYA57N,Ropivacaine,move,R14-PARENT-NAME-TRIAL,"the registry intervention names Ropivacaine, not ROPIVACAINE, (R)-; the trial belongs to the parent page"
NCT02586454,K1:0494L275Q6,K1:7IO5LYA57N,ropivacaine,move,R14-PARENT-NAME-TRIAL,"the registry intervention names Ropivacaine, not ROPIVACAINE, (R)-; the trial belongs to the parent page"
NCT02603900,K1:0494L275Q6,K1:7IO5LYA57N,ropivacaine,move,R14-PARENT-NAME-TRIAL,"the registry intervention names Ropivacaine, not ROPIVACAINE, (R)-; the trial belongs to the parent page"
NCT02606448,K1:0494L275Q6,K1:7IO5LYA57N,Ropivacaine,move,R14-PARENT-NAME-TRIAL,"the registry intervention names Ropivacaine, not ROPIVACAINE, (R)-; the trial belongs to the parent page"
NCT02607579,K1:0494L275Q6,K1:7IO5LYA57N,Ropivacaine,move,R14-PARENT-NAME-TRIAL,"the registry intervention names Ropivacaine, not ROPIVACAINE, (R)-; the trial belongs to the parent page"
NCT02619513,K1:0494L275Q6,K1:7IO5LYA57N,Ropivacaine,move,R14-PARENT-NAME-TRIAL,"the registry intervention names Ropivacaine, not ROPIVACAINE, (R)-; the trial belongs to the parent page"
NCT02624089,K1:0494L275Q6,K1:7IO5LYA57N,Ropivacaine,move,R14-PARENT-NAME-TRIAL,"the registry intervention names Ropivacaine, not ROPIVACAINE, (R)-; the trial belongs to the parent page"
NCT02630290,K1:0494L275Q6,K1:7IO5LYA57N,Ropivacaine,move,R14-PARENT-NAME-TRIAL,"the registry intervention names Ropivacaine, not ROPIVACAINE, (R)-; the trial belongs to the parent page"
NCT02645474,K1:0494L275Q6,K1:7IO5LYA57N,Ropivacaine,move,R14-PARENT-NAME-TRIAL,"the registry intervention names Ropivacaine, not ROPIVACAINE, (R)-; the trial belongs to the parent page"
NCT02647047,K1:0494L275Q6,K1:7IO5LYA57N,Ropivacaine,move,R14-PARENT-NAME-TRIAL,"the registry intervention names Ropivacaine, not ROPIVACAINE, (R)-; the trial belongs to the parent page"
NCT02649179,K1:0494L275Q6,K1:7IO5LYA57N,Ropivacaine,move,R14-PARENT-NAME-TRIAL,"the registry intervention names Ropivacaine, not ROPIVACAINE, (R)-; the trial belongs to the parent page"
NCT02652156,K1:0494L275Q6,K1:7IO5LYA57N,Ropivacaine,move,R14-PARENT-NAME-TRIAL,"the registry intervention names Ropivacaine, not ROPIVACAINE, (R)-; the trial belongs to the parent page"
NCT02653144,K1:0494L275Q6,K1:7IO5LYA57N,Ropivacaine,move,R14-PARENT-NAME-TRIAL,"the registry intervention names Ropivacaine, not ROPIVACAINE, (R)-; the trial belongs to the parent page"
NCT02655965,K1:0494L275Q6,K1:7IO5LYA57N,Ropivacaine,move,R14-PARENT-NAME-TRIAL,"the registry intervention names Ropivacaine, not ROPIVACAINE, (R)-; the trial belongs to the parent page"
NCT02657291,K1:0494L275Q6,K1:7IO5LYA57N,Ropivacaine,move,R14-PARENT-NAME-TRIAL,"the registry intervention names Ropivacaine, not ROPIVACAINE, (R)-; the trial belongs to the parent page"
NCT02658149,K1:0494L275Q6,K1:7IO5LYA57N,Ropivacaine,move,R14-PARENT-NAME-TRIAL,"the registry intervention names Ropivacaine, not ROPIVACAINE, (R)-; the trial belongs to the parent page"
NCT02658240,K1:0494L275Q6,K1:7IO5LYA57N,Ropivacaine,move,R14-PARENT-NAME-TRIAL,"the registry intervention names Ropivacaine, not ROPIVACAINE, (R)-; the trial belongs to the parent page"
NCT02679560,K1:0494L275Q6,K1:7IO5LYA57N,Ropivacaine HCL,move,R14-PARENT-NAME-TRIAL,"the registry intervention names Ropivacaine, not ROPIVACAINE, (R)-; the trial belongs to the parent page"
NCT02680626,K1:0494L275Q6,K1:7IO5LYA57N,Ropivacaine,move,R14-PARENT-NAME-TRIAL,"the registry intervention names Ropivacaine, not ROPIVACAINE, (R)-; the trial belongs to the parent page"
NCT02683070,K1:0494L275Q6,K1:7IO5LYA57N,Ropivacaine,move,R14-PARENT-NAME-TRIAL,"the registry intervention names Ropivacaine, not ROPIVACAINE, (R)-; the trial belongs to the parent page"
NCT02689024,K1:0494L275Q6,K1:7IO5LYA57N,Ropivacaine,move,R14-PARENT-NAME-TRIAL,"the registry intervention names Ropivacaine, not ROPIVACAINE, (R)-; the trial belongs to the parent page"
NCT02691195,K1:0494L275Q6,K1:7IO5LYA57N,Ropivacaine,move,R14-PARENT-NAME-TRIAL,"the registry intervention names Ropivacaine, not ROPIVACAINE, (R)-; the trial belongs to the parent page"
NCT02698995,K1:0494L275Q6,K1:7IO5LYA57N,Ropivacaine,move,R14-PARENT-NAME-TRIAL,"the registry intervention names Ropivacaine, not ROPIVACAINE, (R)-; the trial belongs to the parent page"
NCT02701296,K1:0494L275Q6,K1:7IO5LYA57N,Ropivacaine,move,R14-PARENT-NAME-TRIAL,"the registry intervention names Ropivacaine, not ROPIVACAINE, (R)-; the trial belongs to the parent page"
NCT02719795,K1:0494L275Q6,K1:7IO5LYA57N,Ropivacaine,move,R14-PARENT-NAME-TRIAL,"the registry intervention names Ropivacaine, not ROPIVACAINE, (R)-; the trial belongs to the parent page"
NCT02722746,K1:0494L275Q6,K1:7IO5LYA57N,Ropivacaine,move,R14-PARENT-NAME-TRIAL,"the registry intervention names Ropivacaine, not ROPIVACAINE, (R)-; the trial belongs to the parent page"
NCT02726620,K1:0494L275Q6,K1:7IO5LYA57N,Ropivacaine,move,R14-PARENT-NAME-TRIAL,"the registry intervention names Ropivacaine, not ROPIVACAINE, (R)-; the trial belongs to the parent page"
NCT02740127,K1:0494L275Q6,K1:7IO5LYA57N,Ropivacaine,move,R14-PARENT-NAME-TRIAL,"the registry intervention names Ropivacaine, not ROPIVACAINE, (R)-; the trial belongs to the parent page"
NCT02740192,K1:0494L275Q6,K1:7IO5LYA57N,Ropivacaine,move,R14-PARENT-NAME-TRIAL,"the registry intervention names Ropivacaine, not ROPIVACAINE, (R)-; the trial belongs to the parent page"
NCT02749162,K1:0494L275Q6,K1:7IO5LYA57N,Ropivacaine,move,R14-PARENT-NAME-TRIAL,"the registry intervention names Ropivacaine, not ROPIVACAINE, (R)-; the trial belongs to the parent page"
NCT02751268,K1:0494L275Q6,K1:7IO5LYA57N,Ropivacaine,move,R14-PARENT-NAME-TRIAL,"the registry intervention names Ropivacaine, not ROPIVACAINE, (R)-; the trial belongs to the parent page"
NCT02766556,K1:0494L275Q6,K1:7IO5LYA57N,Ropivacaine,move,R14-PARENT-NAME-TRIAL,"the registry intervention names Ropivacaine, not ROPIVACAINE, (R)-; the trial belongs to the parent page"
NCT02785276,K1:0494L275Q6,K1:7IO5LYA57N,Ropivacaine,move,R14-PARENT-NAME-TRIAL,"the registry intervention names Ropivacaine, not ROPIVACAINE, (R)-; the trial belongs to the parent page"
NCT02788019,K1:0494L275Q6,K1:7IO5LYA57N,Ropivacaine,move,R14-PARENT-NAME-TRIAL,"the registry intervention names Ropivacaine, not ROPIVACAINE, (R)-; the trial belongs to the parent page"
NCT02793947,K1:0494L275Q6,K1:7IO5LYA57N,Ropivacaine,move,R14-PARENT-NAME-TRIAL,"the registry intervention names Ropivacaine, not ROPIVACAINE, (R)-; the trial belongs to the parent page"
NCT02799589,K1:0494L275Q6,K1:7IO5LYA57N,Ropivacaine,move,R14-PARENT-NAME-TRIAL,"the registry intervention names Ropivacaine, not ROPIVACAINE, (R)-; the trial belongs to the parent page"
NCT02809742,K1:0494L275Q6,K1:7IO5LYA57N,Ropivacaine,move,R14-PARENT-NAME-TRIAL,"the registry intervention names Ropivacaine, not ROPIVACAINE, (R)-; the trial belongs to the parent page"
NCT02818140,K1:0494L275Q6,K1:7IO5LYA57N,Ropivacaine,move,R14-PARENT-NAME-TRIAL,"the registry intervention names Ropivacaine, not ROPIVACAINE, (R)-; the trial belongs to the parent page"
NCT02821169,K1:0494L275Q6,K1:7IO5LYA57N,ropivacaine,move,R14-PARENT-NAME-TRIAL,"the registry intervention names Ropivacaine, not ROPIVACAINE, (R)-; the trial belongs to the parent page"
NCT02826876,K1:0494L275Q6,K1:7IO5LYA57N,Ropivacaine,move,R14-PARENT-NAME-TRIAL,"the registry intervention names Ropivacaine, not ROPIVACAINE, (R)-; the trial belongs to the parent page"
NCT02828059,K1:0494L275Q6,K1:7IO5LYA57N,Ropivacaine,move,R14-PARENT-NAME-TRIAL,"the registry intervention names Ropivacaine, not ROPIVACAINE, (R)-; the trial belongs to the parent page"
NCT02829697,K1:0494L275Q6,K1:7IO5LYA57N,Ropivacaine,move,R14-PARENT-NAME-TRIAL,"the registry intervention names Ropivacaine, not ROPIVACAINE, (R)-; the trial belongs to the parent page"
NCT02829944,K1:0494L275Q6,K1:7IO5LYA57N,Ropivacaine,move,R14-PARENT-NAME-TRIAL,"the registry intervention names Ropivacaine, not ROPIVACAINE, (R)-; the trial belongs to the parent page"
NCT02841488,K1:0494L275Q6,K1:7IO5LYA57N,Ropivacaine,move,R14-PARENT-NAME-TRIAL,"the registry intervention names Ropivacaine, not ROPIVACAINE, (R)-; the trial belongs to the parent page"
NCT02848157,K1:0494L275Q6,K1:7IO5LYA57N,Ropivacaine,move,R14-PARENT-NAME-TRIAL,"the registry intervention names Ropivacaine, not ROPIVACAINE, (R)-; the trial belongs to the parent page"
NCT02848287,K1:0494L275Q6,K1:7IO5LYA57N,ropivacaine,move,R14-PARENT-NAME-TRIAL,"the registry intervention names Ropivacaine, not ROPIVACAINE, (R)-; the trial belongs to the parent page"
NCT02849678,K1:0494L275Q6,K1:7IO5LYA57N,Ropivacaine,move,R14-PARENT-NAME-TRIAL,"the registry intervention names Ropivacaine, not ROPIVACAINE, (R)-; the trial belongs to the parent page"
NCT02851888,K1:0494L275Q6,K1:7IO5LYA57N,Ropivacaine,move,R14-PARENT-NAME-TRIAL,"the registry intervention names Ropivacaine, not ROPIVACAINE, (R)-; the trial belongs to the parent page"
NCT02857465,K1:0494L275Q6,K1:7IO5LYA57N,Ropivacaine,move,R14-PARENT-NAME-TRIAL,"the registry intervention names Ropivacaine, not ROPIVACAINE, (R)-; the trial belongs to the parent page"
NCT02863120,K1:0494L275Q6,K1:7IO5LYA57N,Ropivacaine,move,R14-PARENT-NAME-TRIAL,"the registry intervention names Ropivacaine, not ROPIVACAINE, (R)-; the trial belongs to the parent page"
NCT02871193,K1:0494L275Q6,K1:7IO5LYA57N,Ropivacaine,move,R14-PARENT-NAME-TRIAL,"the registry intervention names Ropivacaine, not ROPIVACAINE, (R)-; the trial belongs to the parent page"
NCT02873091,K1:0494L275Q6,K1:7IO5LYA57N,ropivacaine,move,R14-PARENT-NAME-TRIAL,"the registry intervention names Ropivacaine, not ROPIVACAINE, (R)-; the trial belongs to the parent page"
NCT02893423,K1:0494L275Q6,K1:7IO5LYA57N,Ropivacaine,move,R14-PARENT-NAME-TRIAL,"the registry intervention names Ropivacaine, not ROPIVACAINE, (R)-; the trial belongs to the parent page"
NCT02903719,K1:0494L275Q6,K1:7IO5LYA57N,Ropivacaine,move,R14-PARENT-NAME-TRIAL,"the registry intervention names Ropivacaine, not ROPIVACAINE, (R)-; the trial belongs to the parent page"
NCT02914015,K1:0494L275Q6,K1:7IO5LYA57N,Ropivacaine,move,R14-PARENT-NAME-TRIAL,"the registry intervention names Ropivacaine, not ROPIVACAINE, (R)-; the trial belongs to the parent page"
NCT02919072,K1:0494L275Q6,K1:7IO5LYA57N,Ropivacaine,move,R14-PARENT-NAME-TRIAL,"the registry intervention names Ropivacaine, not ROPIVACAINE, (R)-; the trial belongs to the parent page"
NCT02924324,K1:0494L275Q6,K1:7IO5LYA57N,ropivacaine,move,R14-PARENT-NAME-TRIAL,"the registry intervention names Ropivacaine, not ROPIVACAINE, (R)-; the trial belongs to the parent page"
NCT02925832,K1:0494L275Q6,K1:7IO5LYA57N,Ropivacaine,move,R14-PARENT-NAME-TRIAL,"the registry intervention names Ropivacaine, not ROPIVACAINE, (R)-; the trial belongs to the parent page"
NCT02933671,K1:0494L275Q6,K1:7IO5LYA57N,Ropivacaine,move,R14-PARENT-NAME-TRIAL,"the registry intervention names Ropivacaine, not ROPIVACAINE, (R)-; the trial belongs to the parent page"
NCT02945696,K1:0494L275Q6,K1:7IO5LYA57N,Ropivacaine,move,R14-PARENT-NAME-TRIAL,"the registry intervention names Ropivacaine, not ROPIVACAINE, (R)-; the trial belongs to the parent page"
NCT02946268,K1:0494L275Q6,K1:7IO5LYA57N,Ropivacaine,move,R14-PARENT-NAME-TRIAL,"the registry intervention names Ropivacaine, not ROPIVACAINE, (R)-; the trial belongs to the parent page"
NCT02949271,K1:0494L275Q6,K1:7IO5LYA57N,Ropivacaine,move,R14-PARENT-NAME-TRIAL,"the registry intervention names Ropivacaine, not ROPIVACAINE, (R)-; the trial belongs to the parent page"
NCT02949674,K1:0494L275Q6,K1:7IO5LYA57N,Ropivacaine,move,R14-PARENT-NAME-TRIAL,"the registry intervention names Ropivacaine, not ROPIVACAINE, (R)-; the trial belongs to the parent page"
NCT02949778,K1:0494L275Q6,K1:7IO5LYA57N,Ropivacaine,move,R14-PARENT-NAME-TRIAL,"the registry intervention names Ropivacaine, not ROPIVACAINE, (R)-; the trial belongs to the parent page"
NCT02950558,K1:0494L275Q6,K1:7IO5LYA57N,Ropivacaine,move,R14-PARENT-NAME-TRIAL,"the registry intervention names Ropivacaine, not ROPIVACAINE, (R)-; the trial belongs to the parent page"
NCT02954484,K1:0494L275Q6,K1:7IO5LYA57N,Ropivacaine,move,R14-PARENT-NAME-TRIAL,"the registry intervention names Ropivacaine, not ROPIVACAINE, (R)-; the trial belongs to the parent page"
NCT02957903,K1:0494L275Q6,K1:7IO5LYA57N,Ropivacaine,move,R14-PARENT-NAME-TRIAL,"the registry intervention names Ropivacaine, not ROPIVACAINE, (R)-; the trial belongs to the parent page"
NCT02959476,K1:0494L275Q6,K1:7IO5LYA57N,Ropivacaine,move,R14-PARENT-NAME-TRIAL,"the registry intervention names Ropivacaine, not ROPIVACAINE, (R)-; the trial belongs to the parent page"
NCT02961361,K1:0494L275Q6,K1:7IO5LYA57N,ropivacaine,move,R14-PARENT-NAME-TRIAL,"the registry intervention names Ropivacaine, not ROPIVACAINE, (R)-; the trial belongs to the parent page"
NCT02967172,K1:0494L275Q6,K1:7IO5LYA57N,Ropivacaine,move,R14-PARENT-NAME-TRIAL,"the registry intervention names Ropivacaine, not ROPIVACAINE, (R)-; the trial belongs to the parent page"
NCT02971540,K1:0494L275Q6,K1:7IO5LYA57N,Ropivacaine,move,R14-PARENT-NAME-TRIAL,"the registry intervention names Ropivacaine, not ROPIVACAINE, (R)-; the trial belongs to the parent page"
NCT02980835,K1:0494L275Q6,K1:7IO5LYA57N,Ropivacaine,move,R14-PARENT-NAME-TRIAL,"the registry intervention names Ropivacaine, not ROPIVACAINE, (R)-; the trial belongs to the parent page"
NCT02983344,K1:0494L275Q6,K1:7IO5LYA57N,Ropivacaine,move,R14-PARENT-NAME-TRIAL,"the registry intervention names Ropivacaine, not ROPIVACAINE, (R)-; the trial belongs to the parent page"
NCT03005808,K1:0494L275Q6,K1:7IO5LYA57N,Ropivacaine,move,R14-PARENT-NAME-TRIAL,"the registry intervention names Ropivacaine, not ROPIVACAINE, (R)-; the trial belongs to the parent page"
NCT03011905,K1:0494L275Q6,K1:7IO5LYA57N,Ropivacaine,move,R14-PARENT-NAME-TRIAL,"the registry intervention names Ropivacaine, not ROPIVACAINE, (R)-; the trial belongs to the parent page"
NCT03013361,K1:0494L275Q6,K1:7IO5LYA57N,Ropivacaine,move,R14-PARENT-NAME-TRIAL,"the registry intervention names Ropivacaine, not ROPIVACAINE, (R)-; the trial belongs to the parent page"
NCT03015532,K1:0494L275Q6,K1:7IO5LYA57N,Ropivacaine,move,R14-PARENT-NAME-TRIAL,"the registry intervention names Ropivacaine, not ROPIVACAINE, (R)-; the trial belongs to the parent page"
NCT03023462,K1:0494L275Q6,K1:7IO5LYA57N,Ropivacaine,move,R14-PARENT-NAME-TRIAL,"the registry intervention names Ropivacaine, not ROPIVACAINE, (R)-; the trial belongs to the parent page"
NCT03035656,K1:0494L275Q6,K1:7IO5LYA57N,Ropivacaine,move,R14-PARENT-NAME-TRIAL,"the registry intervention names Ropivacaine, not ROPIVACAINE, (R)-; the trial belongs to the parent page"
NCT03038425,K1:0494L275Q6,K1:7IO5LYA57N,Ropivacaine,move,R14-PARENT-NAME-TRIAL,"the registry intervention names Ropivacaine, not ROPIVACAINE, (R)-; the trial belongs to the parent page"
NCT03041935,K1:0494L275Q6,K1:7IO5LYA57N,Ropivacaine,move,R14-PARENT-NAME-TRIAL,"the registry intervention names Ropivacaine, not ROPIVACAINE, (R)-; the trial belongs to the parent page"
NCT03046290,K1:0494L275Q6,K1:7IO5LYA57N,Ropivacaine,move,R14-PARENT-NAME-TRIAL,"the registry intervention names Ropivacaine, not ROPIVACAINE, (R)-; the trial belongs to the parent page"
NCT03054610,K1:0494L275Q6,K1:7IO5LYA57N,Ropivacaine,move,R14-PARENT-NAME-TRIAL,"the registry intervention names Ropivacaine, not ROPIVACAINE, (R)-; the trial belongs to the parent page"
NCT03057015,K1:0494L275Q6,K1:7IO5LYA57N,Ropivacaine,move,R14-PARENT-NAME-TRIAL,"the registry intervention names Ropivacaine, not ROPIVACAINE, (R)-; the trial belongs to the parent page"
NCT03068260,K1:0494L275Q6,K1:7IO5LYA57N,Ropivacaine,move,R14-PARENT-NAME-TRIAL,"the registry intervention names Ropivacaine, not ROPIVACAINE, (R)-; the trial belongs to the parent page"
NCT03073889,K1:0494L275Q6,K1:7IO5LYA57N,Ropivacaine,move,R14-PARENT-NAME-TRIAL,"the registry intervention names Ropivacaine, not ROPIVACAINE, (R)-; the trial belongs to the parent page"
NCT03073928,K1:0494L275Q6,K1:7IO5LYA57N,Ropivacaine,move,R14-PARENT-NAME-TRIAL,"the registry intervention names Ropivacaine, not ROPIVACAINE, (R)-; the trial belongs to the parent page"
NCT03077919,K1:0494L275Q6,K1:7IO5LYA57N,Ropivacaine,move,R14-PARENT-NAME-TRIAL,"the registry intervention names Ropivacaine, not ROPIVACAINE, (R)-; the trial belongs to the parent page"
NCT03080142,K1:0494L275Q6,K1:7IO5LYA57N,Ropivacaine,move,R14-PARENT-NAME-TRIAL,"the registry intervention names Ropivacaine, not ROPIVACAINE, (R)-; the trial belongs to the parent page"
NCT03083080,K1:0494L275Q6,K1:7IO5LYA57N,Ropivacaine,move,R14-PARENT-NAME-TRIAL,"the registry intervention names Ropivacaine, not ROPIVACAINE, (R)-; the trial belongs to the parent page"
NCT03086213,K1:0494L275Q6,K1:7IO5LYA57N,Ropivacaine,move,R14-PARENT-NAME-TRIAL,"the registry intervention names Ropivacaine, not ROPIVACAINE, (R)-; the trial belongs to the parent page"
NCT03092466,K1:0494L275Q6,K1:7IO5LYA57N,Ropivacaine,move,R14-PARENT-NAME-TRIAL,"the registry intervention names Ropivacaine, not ROPIVACAINE, (R)-; the trial belongs to the parent page"
NCT03099720,K1:0494L275Q6,K1:7IO5LYA57N,Ropivacaine,move,R14-PARENT-NAME-TRIAL,"the registry intervention names Ropivacaine, not ROPIVACAINE, (R)-; the trial belongs to the parent page"
NCT03118076,K1:0494L275Q6,K1:7IO5LYA57N,Ropivacaine,move,R14-PARENT-NAME-TRIAL,"the registry intervention names Ropivacaine, not ROPIVACAINE, (R)-; the trial belongs to the parent page"
NCT03119038,K1:0494L275Q6,K1:7IO5LYA57N,Ropivacaine,move,R14-PARENT-NAME-TRIAL,"the registry intervention names Ropivacaine, not ROPIVACAINE, (R)-; the trial belongs to the parent page"
NCT03128216,K1:0494L275Q6,K1:7IO5LYA57N,Ropivacaine,move,R14-PARENT-NAME-TRIAL,"the registry intervention names Ropivacaine, not ROPIVACAINE, (R)-; the trial belongs to the parent page"
NCT03133481,K1:0494L275Q6,K1:7IO5LYA57N,ropivacaine,move,R14-PARENT-NAME-TRIAL,"the registry intervention names Ropivacaine, not ROPIVACAINE, (R)-; the trial belongs to the parent page"
NCT03149783,K1:0494L275Q6,K1:7IO5LYA57N,Ropivacaine HCL,move,R14-PARENT-NAME-TRIAL,"the registry intervention names Ropivacaine, not ROPIVACAINE, (R)-; the trial belongs to the parent page"
NCT03154658,K1:0494L275Q6,K1:7IO5LYA57N,Ropivacaine,move,R14-PARENT-NAME-TRIAL,"the registry intervention names Ropivacaine, not ROPIVACAINE, (R)-; the trial belongs to the parent page"
NCT03167905,K1:0494L275Q6,K1:7IO5LYA57N,Ropivacaine,move,R14-PARENT-NAME-TRIAL,"the registry intervention names Ropivacaine, not ROPIVACAINE, (R)-; the trial belongs to the parent page"
NCT03175081,K1:0494L275Q6,K1:7IO5LYA57N,Ropivacaine,move,R14-PARENT-NAME-TRIAL,"the registry intervention names Ropivacaine, not ROPIVACAINE, (R)-; the trial belongs to the parent page"
NCT03185403,K1:0494L275Q6,K1:7IO5LYA57N,ropivacaine,move,R14-PARENT-NAME-TRIAL,"the registry intervention names Ropivacaine, not ROPIVACAINE, (R)-; the trial belongs to the parent page"
NCT03187899,K1:0494L275Q6,K1:7IO5LYA57N,Ropivacaine,move,R14-PARENT-NAME-TRIAL,"the registry intervention names Ropivacaine, not ROPIVACAINE, (R)-; the trial belongs to the parent page"
NCT03195309,K1:0494L275Q6,K1:7IO5LYA57N,Ropivacaine,move,R14-PARENT-NAME-TRIAL,"the registry intervention names Ropivacaine, not ROPIVACAINE, (R)-; the trial belongs to the parent page"
NCT03206554,K1:0494L275Q6,K1:7IO5LYA57N,Ropivacaine,move,R14-PARENT-NAME-TRIAL,"the registry intervention names Ropivacaine, not ROPIVACAINE, (R)-; the trial belongs to the parent page"
NCT03214536,K1:0494L275Q6,K1:7IO5LYA57N,Ropivacaine,move,R14-PARENT-NAME-TRIAL,"the registry intervention names Ropivacaine, not ROPIVACAINE, (R)-; the trial belongs to the parent page"
NCT03219983,K1:0494L275Q6,K1:7IO5LYA57N,Ropivacaine,move,R14-PARENT-NAME-TRIAL,"the registry intervention names Ropivacaine, not ROPIVACAINE, (R)-; the trial belongs to the parent page"
NCT03230565,K1:0494L275Q6,K1:7IO5LYA57N,Ropivacaine,move,R14-PARENT-NAME-TRIAL,"the registry intervention names Ropivacaine, not ROPIVACAINE, (R)-; the trial belongs to the parent page"
NCT03244540,K1:0494L275Q6,K1:7IO5LYA57N,Ropivacaine,move,R14-PARENT-NAME-TRIAL,"the registry intervention names Ropivacaine, not ROPIVACAINE, (R)-; the trial belongs to the parent page"
NCT03279679,K1:0494L275Q6,K1:7IO5LYA57N,Ropivacaine,move,R14-PARENT-NAME-TRIAL,"the registry intervention names Ropivacaine, not ROPIVACAINE, (R)-; the trial belongs to the parent page"
NCT03293472,K1:0494L275Q6,K1:7IO5LYA57N,Ropivacaine,move,R14-PARENT-NAME-TRIAL,"the registry intervention names Ropivacaine, not ROPIVACAINE, (R)-; the trial belongs to the parent page"
NCT03326609,K1:0494L275Q6,K1:7IO5LYA57N,Ropivacaine,move,R14-PARENT-NAME-TRIAL,"the registry intervention names Ropivacaine, not ROPIVACAINE, (R)-; the trial belongs to the parent page"
NCT03329456,K1:0494L275Q6,K1:7IO5LYA57N,Ropivacaine,move,R14-PARENT-NAME-TRIAL,"the registry intervention names Ropivacaine, not ROPIVACAINE, (R)-; the trial belongs to the parent page"
NCT03353233,K1:0494L275Q6,K1:7IO5LYA57N,Ropivacaine,move,R14-PARENT-NAME-TRIAL,"the registry intervention names Ropivacaine, not ROPIVACAINE, (R)-; the trial belongs to the parent page"
NCT03360214,K1:0494L275Q6,K1:7IO5LYA57N,Ropivacaine Hydrochloride,move,R14-PARENT-NAME-TRIAL,"the registry intervention names Ropivacaine, not ROPIVACAINE, (R)-; the trial belongs to the parent page"
NCT03367728,K1:0494L275Q6,K1:7IO5LYA57N,Ropivacaine,move,R14-PARENT-NAME-TRIAL,"the registry intervention names Ropivacaine, not ROPIVACAINE, (R)-; the trial belongs to the parent page"
NCT03376048,K1:0494L275Q6,K1:7IO5LYA57N,ropivacaine,move,R14-PARENT-NAME-TRIAL,"the registry intervention names Ropivacaine, not ROPIVACAINE, (R)-; the trial belongs to the parent page"
NCT03382938,K1:0494L275Q6,K1:7IO5LYA57N,Ropivacaine,move,R14-PARENT-NAME-TRIAL,"the registry intervention names Ropivacaine, not ROPIVACAINE, (R)-; the trial belongs to the parent page"
NCT03385967,K1:0494L275Q6,K1:7IO5LYA57N,ropivacaine,move,R14-PARENT-NAME-TRIAL,"the registry intervention names Ropivacaine, not ROPIVACAINE, (R)-; the trial belongs to the parent page"
NCT03404908,K1:0494L275Q6,K1:7IO5LYA57N,Ropivacaine,move,R14-PARENT-NAME-TRIAL,"the registry intervention names Ropivacaine, not ROPIVACAINE, (R)-; the trial belongs to the parent page"
NCT03413371,K1:0494L275Q6,K1:7IO5LYA57N,ropivacaine,move,R14-PARENT-NAME-TRIAL,"the registry intervention names Ropivacaine, not ROPIVACAINE, (R)-; the trial belongs to the parent page"
NCT03421821,K1:0494L275Q6,K1:7IO5LYA57N,Ropivacaine,move,R14-PARENT-NAME-TRIAL,"the registry intervention names Ropivacaine, not ROPIVACAINE, (R)-; the trial belongs to the parent page"
NCT03428633,K1:0494L275Q6,K1:7IO5LYA57N,Ropivacaine,move,R14-PARENT-NAME-TRIAL,"the registry intervention names Ropivacaine, not ROPIVACAINE, (R)-; the trial belongs to the parent page"
NCT03435692,K1:0494L275Q6,K1:7IO5LYA57N,Ropivacaine,move,R14-PARENT-NAME-TRIAL,"the registry intervention names Ropivacaine, not ROPIVACAINE, (R)-; the trial belongs to the parent page"
NCT03476642,K1:0494L275Q6,K1:7IO5LYA57N,Ropivacaine,move,R14-PARENT-NAME-TRIAL,"the registry intervention names Ropivacaine, not ROPIVACAINE, (R)-; the trial belongs to the parent page"
NCT03480165,K1:0494L275Q6,K1:7IO5LYA57N,Ropivacaine,move,R14-PARENT-NAME-TRIAL,"the registry intervention names Ropivacaine, not ROPIVACAINE, (R)-; the trial belongs to the parent page"
NCT03497364,K1:0494L275Q6,K1:7IO5LYA57N,ropivacaine,move,R14-PARENT-NAME-TRIAL,"the registry intervention names Ropivacaine, not ROPIVACAINE, (R)-; the trial belongs to the parent page"
NCT03533452,K1:0494L275Q6,K1:7IO5LYA57N,Ropivacaine,move,R14-PARENT-NAME-TRIAL,"the registry intervention names Ropivacaine, not ROPIVACAINE, (R)-; the trial belongs to the parent page"
NCT03541837,K1:0494L275Q6,K1:7IO5LYA57N,Ropivacaine,move,R14-PARENT-NAME-TRIAL,"the registry intervention names Ropivacaine, not ROPIVACAINE, (R)-; the trial belongs to the parent page"
NCT03570541,K1:0494L275Q6,K1:7IO5LYA57N,Ropivacaine,move,R14-PARENT-NAME-TRIAL,"the registry intervention names Ropivacaine, not ROPIVACAINE, (R)-; the trial belongs to the parent page"
NCT03571490,K1:0494L275Q6,K1:7IO5LYA57N,Ropivacaine,move,R14-PARENT-NAME-TRIAL,"the registry intervention names Ropivacaine, not ROPIVACAINE, (R)-; the trial belongs to the parent page"
NCT03586934,K1:0494L275Q6,K1:7IO5LYA57N,Ropivacaine,move,R14-PARENT-NAME-TRIAL,"the registry intervention names Ropivacaine, not ROPIVACAINE, (R)-; the trial belongs to the parent page"
NCT03588689,K1:0494L275Q6,K1:7IO5LYA57N,Ropivacaine,move,R14-PARENT-NAME-TRIAL,"the registry intervention names Ropivacaine, not ROPIVACAINE, (R)-; the trial belongs to the parent page"
NCT03598192,K1:0494L275Q6,K1:7IO5LYA57N,Ropivacaine,move,R14-PARENT-NAME-TRIAL,"the registry intervention names Ropivacaine, not ROPIVACAINE, (R)-; the trial belongs to the parent page"
NCT03618264,K1:0494L275Q6,K1:7IO5LYA57N,Ropivacaine,move,R14-PARENT-NAME-TRIAL,"the registry intervention names Ropivacaine, not ROPIVACAINE, (R)-; the trial belongs to the parent page"
NCT03632044,K1:0494L275Q6,K1:7IO5LYA57N,Ropivacaine,move,R14-PARENT-NAME-TRIAL,"the registry intervention names Ropivacaine, not ROPIVACAINE, (R)-; the trial belongs to the parent page"
NCT03634111,K1:0494L275Q6,K1:7IO5LYA57N,Ropivacaine,move,R14-PARENT-NAME-TRIAL,"the registry intervention names Ropivacaine, not ROPIVACAINE, (R)-; the trial belongs to the parent page"
NCT03636165,K1:0494L275Q6,K1:7IO5LYA57N,Ropivacaine,move,R14-PARENT-NAME-TRIAL,"the registry intervention names Ropivacaine, not ROPIVACAINE, (R)-; the trial belongs to the parent page"
NCT03645304,K1:0494L275Q6,K1:7IO5LYA57N,Ropivacaine,move,R14-PARENT-NAME-TRIAL,"the registry intervention names Ropivacaine, not ROPIVACAINE, (R)-; the trial belongs to the parent page"
NCT03648034,K1:0494L275Q6,K1:7IO5LYA57N,ropivacaine,move,R14-PARENT-NAME-TRIAL,"the registry intervention names Ropivacaine, not ROPIVACAINE, (R)-; the trial belongs to the parent page"
NCT03650998,K1:0494L275Q6,K1:7IO5LYA57N,Ropivacaine,move,R14-PARENT-NAME-TRIAL,"the registry intervention names Ropivacaine, not ROPIVACAINE, (R)-; the trial belongs to the parent page"
NCT03657979,K1:0494L275Q6,K1:7IO5LYA57N,Ropivacaine,move,R14-PARENT-NAME-TRIAL,"the registry intervention names Ropivacaine, not ROPIVACAINE, (R)-; the trial belongs to the parent page"
NCT03663478,K1:0494L275Q6,K1:7IO5LYA57N,Ropivacaine,move,R14-PARENT-NAME-TRIAL,"the registry intervention names Ropivacaine, not ROPIVACAINE, (R)-; the trial belongs to the parent page"
NCT03666663,K1:0494L275Q6,K1:7IO5LYA57N,Ropivacaine,move,R14-PARENT-NAME-TRIAL,"the registry intervention names Ropivacaine, not ROPIVACAINE, (R)-; the trial belongs to the parent page"
NCT03691935,K1:0494L275Q6,K1:7IO5LYA57N,Ropivacaine,move,R14-PARENT-NAME-TRIAL,"the registry intervention names Ropivacaine, not ROPIVACAINE, (R)-; the trial belongs to the parent page"
NCT03695172,K1:0494L275Q6,K1:7IO5LYA57N,Ropivacaine,move,R14-PARENT-NAME-TRIAL,"the registry intervention names Ropivacaine, not ROPIVACAINE, (R)-; the trial belongs to the parent page"
NCT03702647,K1:0494L275Q6,K1:7IO5LYA57N,Ropivacaine,move,R14-PARENT-NAME-TRIAL,"the registry intervention names Ropivacaine, not ROPIVACAINE, (R)-; the trial belongs to the parent page"
NCT03704753,K1:0494L275Q6,K1:7IO5LYA57N,Ropivacaine,move,R14-PARENT-NAME-TRIAL,"the registry intervention names Ropivacaine, not ROPIVACAINE, (R)-; the trial belongs to the parent page"
NCT03721406,K1:0494L275Q6,K1:7IO5LYA57N,Ropivacaine,move,R14-PARENT-NAME-TRIAL,"the registry intervention names Ropivacaine, not ROPIVACAINE, (R)-; the trial belongs to the parent page"
NCT03730584,K1:0494L275Q6,K1:7IO5LYA57N,Ropivacaine,move,R14-PARENT-NAME-TRIAL,"the registry intervention names Ropivacaine, not ROPIVACAINE, (R)-; the trial belongs to the parent page"
NCT03734159,K1:0494L275Q6,K1:7IO5LYA57N,Ropivacaine,move,R14-PARENT-NAME-TRIAL,"the registry intervention names Ropivacaine, not ROPIVACAINE, (R)-; the trial belongs to the parent page"
NCT03738696,K1:0494L275Q6,K1:7IO5LYA57N,Ropivacaine,move,R14-PARENT-NAME-TRIAL,"the registry intervention names Ropivacaine, not ROPIVACAINE, (R)-; the trial belongs to the parent page"
NCT03739021,K1:0494L275Q6,K1:7IO5LYA57N,Ropivacaine,move,R14-PARENT-NAME-TRIAL,"the registry intervention names Ropivacaine, not ROPIVACAINE, (R)-; the trial belongs to the parent page"
NCT03768440,K1:0494L275Q6,K1:7IO5LYA57N,Ropivacaine,move,R14-PARENT-NAME-TRIAL,"the registry intervention names Ropivacaine, not ROPIVACAINE, (R)-; the trial belongs to the parent page"
NCT03794505,K1:0494L275Q6,K1:7IO5LYA57N,Ropivacaine,move,R14-PARENT-NAME-TRIAL,"the registry intervention names Ropivacaine, not ROPIVACAINE, (R)-; the trial belongs to the parent page"
NCT03796572,K1:0494L275Q6,K1:7IO5LYA57N,Ropivacaine,move,R14-PARENT-NAME-TRIAL,"the registry intervention names Ropivacaine, not ROPIVACAINE, (R)-; the trial belongs to the parent page"
NCT03801863,K1:0494L275Q6,K1:7IO5LYA57N,Ropivacaine,move,R14-PARENT-NAME-TRIAL,"the registry intervention names Ropivacaine, not ROPIVACAINE, (R)-; the trial belongs to the parent page"
NCT03805360,K1:0494L275Q6,K1:7IO5LYA57N,Ropivacaine,move,R14-PARENT-NAME-TRIAL,"the registry intervention names Ropivacaine, not ROPIVACAINE, (R)-; the trial belongs to the parent page"
NCT03809442,K1:0494L275Q6,K1:7IO5LYA57N,Ropivacaine,move,R14-PARENT-NAME-TRIAL,"the registry intervention names Ropivacaine, not ROPIVACAINE, (R)-; the trial belongs to the parent page"
NCT03812731,K1:0494L275Q6,K1:7IO5LYA57N,Ropivacaine,move,R14-PARENT-NAME-TRIAL,"the registry intervention names Ropivacaine, not ROPIVACAINE, (R)-; the trial belongs to the parent page"
NCT03864588,K1:0494L275Q6,K1:7IO5LYA57N,Ropivacaine,move,R14-PARENT-NAME-TRIAL,"the registry intervention names Ropivacaine, not ROPIVACAINE, (R)-; the trial belongs to the parent page"
NCT03867695,K1:0494L275Q6,K1:7IO5LYA57N,Ropivacaine,move,R14-PARENT-NAME-TRIAL,"the registry intervention names Ropivacaine, not ROPIVACAINE, (R)-; the trial belongs to the parent page"
NCT03921034,K1:0494L275Q6,K1:7IO5LYA57N,Ropivacaine,move,R14-PARENT-NAME-TRIAL,"the registry intervention names Ropivacaine, not ROPIVACAINE, (R)-; the trial belongs to the parent page"
NCT03936387,K1:0494L275Q6,K1:7IO5LYA57N,Ropivacaine,move,R14-PARENT-NAME-TRIAL,"the registry intervention names Ropivacaine, not ROPIVACAINE, (R)-; the trial belongs to the parent page"
NCT03936790,K1:0494L275Q6,K1:7IO5LYA57N,Ropivacaine,move,R14-PARENT-NAME-TRIAL,"the registry intervention names Ropivacaine, not ROPIVACAINE, (R)-; the trial belongs to the parent page"
NCT03955458,K1:0494L275Q6,K1:7IO5LYA57N,Ropivacaine,move,R14-PARENT-NAME-TRIAL,"the registry intervention names Ropivacaine, not ROPIVACAINE, (R)-; the trial belongs to the parent page"
NCT03971708,K1:0494L275Q6,K1:7IO5LYA57N,Ropivacaine,move,R14-PARENT-NAME-TRIAL,"the registry intervention names Ropivacaine, not ROPIVACAINE, (R)-; the trial belongs to the parent page"
NCT03977454,K1:0494L275Q6,K1:7IO5LYA57N,Ropivacaine,move,R14-PARENT-NAME-TRIAL,"the registry intervention names Ropivacaine, not ROPIVACAINE, (R)-; the trial belongs to the parent page"
NCT03995563,K1:0494L275Q6,K1:7IO5LYA57N,Ropivacaine,move,R14-PARENT-NAME-TRIAL,"the registry intervention names Ropivacaine, not ROPIVACAINE, (R)-; the trial belongs to the parent page"
NCT03998813,K1:0494L275Q6,K1:7IO5LYA57N,Ropivacaine,move,R14-PARENT-NAME-TRIAL,"the registry intervention names Ropivacaine, not ROPIVACAINE, (R)-; the trial belongs to the parent page"
NCT04011150,K1:0494L275Q6,K1:7IO5LYA57N,Ropivacaine,move,R14-PARENT-NAME-TRIAL,"the registry intervention names Ropivacaine, not ROPIVACAINE, (R)-; the trial belongs to the parent page"
NCT04016740,K1:0494L275Q6,K1:7IO5LYA57N,Ropivacaine,move,R14-PARENT-NAME-TRIAL,"the registry intervention names Ropivacaine, not ROPIVACAINE, (R)-; the trial belongs to the parent page"
NCT04020601,K1:0494L275Q6,K1:7IO5LYA57N,Ropivacaine,move,R14-PARENT-NAME-TRIAL,"the registry intervention names Ropivacaine, not ROPIVACAINE, (R)-; the trial belongs to the parent page"
NCT04046744,K1:0494L275Q6,K1:7IO5LYA57N,Ropivacaine,move,R14-PARENT-NAME-TRIAL,"the registry intervention names Ropivacaine, not ROPIVACAINE, (R)-; the trial belongs to the parent page"
NCT04051684,K1:0494L275Q6,K1:7IO5LYA57N,Ropivacaine,move,R14-PARENT-NAME-TRIAL,"the registry intervention names Ropivacaine, not ROPIVACAINE, (R)-; the trial belongs to the parent page"
NCT04065009,K1:0494L275Q6,K1:7IO5LYA57N,Ropivacaine,move,R14-PARENT-NAME-TRIAL,"the registry intervention names Ropivacaine, not ROPIVACAINE, (R)-; the trial belongs to the parent page"
NCT04118777,K1:0494L275Q6,K1:7IO5LYA57N,Ropivacaine,move,R14-PARENT-NAME-TRIAL,"the registry intervention names Ropivacaine, not ROPIVACAINE, (R)-; the trial belongs to the parent page"
NCT04141319,K1:0494L275Q6,K1:7IO5LYA57N,Ropivacaine,move,R14-PARENT-NAME-TRIAL,"the registry intervention names Ropivacaine, not ROPIVACAINE, (R)-; the trial belongs to the parent page"
NCT04155983,K1:0494L275Q6,K1:7IO5LYA57N,Ropivacaine,move,R14-PARENT-NAME-TRIAL,"the registry intervention names Ropivacaine, not ROPIVACAINE, (R)-; the trial belongs to the parent page"
NCT04209504,K1:0494L275Q6,K1:7IO5LYA57N,Ropivacaine,move,R14-PARENT-NAME-TRIAL,"the registry intervention names Ropivacaine, not ROPIVACAINE, (R)-; the trial belongs to the parent page"
NCT04247373,K1:0494L275Q6,K1:7IO5LYA57N,Ropivacaine,move,R14-PARENT-NAME-TRIAL,"the registry intervention names Ropivacaine, not ROPIVACAINE, (R)-; the trial belongs to the parent page"
NCT04250805,K1:0494L275Q6,K1:7IO5LYA57N,Ropivacaine,move,R14-PARENT-NAME-TRIAL,"the registry intervention names Ropivacaine, not ROPIVACAINE, (R)-; the trial belongs to the parent page"
NCT04257682,K1:0494L275Q6,K1:7IO5LYA57N,Ropivacaine,move,R14-PARENT-NAME-TRIAL,"the registry intervention names Ropivacaine, not ROPIVACAINE, (R)-; the trial belongs to the parent page"
NCT04290442,K1:0494L275Q6,K1:7IO5LYA57N,Ropivacaine,move,R14-PARENT-NAME-TRIAL,"the registry intervention names Ropivacaine, not ROPIVACAINE, (R)-; the trial belongs to the parent page"
NCT04298099,K1:0494L275Q6,K1:7IO5LYA57N,Ropivacaine,move,R14-PARENT-NAME-TRIAL,"the registry intervention names Ropivacaine, not ROPIVACAINE, (R)-; the trial belongs to the parent page"
NCT04311099,K1:0494L275Q6,K1:7IO5LYA57N,Ropivacaine,move,R14-PARENT-NAME-TRIAL,"the registry intervention names Ropivacaine, not ROPIVACAINE, (R)-; the trial belongs to the parent page"
NCT04327063,K1:0494L275Q6,K1:7IO5LYA57N,Ropivacaine,move,R14-PARENT-NAME-TRIAL,"the registry intervention names Ropivacaine, not ROPIVACAINE, (R)-; the trial belongs to the parent page"
NCT04368364,K1:0494L275Q6,K1:7IO5LYA57N,ropivacaine hydrochloride,move,R14-PARENT-NAME-TRIAL,"the registry intervention names Ropivacaine, not ROPIVACAINE, (R)-; the trial belongs to the parent page"
NCT04380298,K1:0494L275Q6,K1:7IO5LYA57N,Ropivacaine,move,R14-PARENT-NAME-TRIAL,"the registry intervention names Ropivacaine, not ROPIVACAINE, (R)-; the trial belongs to the parent page"
NCT04394481,K1:0494L275Q6,K1:7IO5LYA57N,Ropivacaine,move,R14-PARENT-NAME-TRIAL,"the registry intervention names Ropivacaine, not ROPIVACAINE, (R)-; the trial belongs to the parent page"
NCT04481451,K1:0494L275Q6,K1:7IO5LYA57N,Ropivacaine,move,R14-PARENT-NAME-TRIAL,"the registry intervention names Ropivacaine, not ROPIVACAINE, (R)-; the trial belongs to the parent page"
NCT04494100,K1:0494L275Q6,K1:7IO5LYA57N,Ropivacaine,move,R14-PARENT-NAME-TRIAL,"the registry intervention names Ropivacaine, not ROPIVACAINE, (R)-; the trial belongs to the parent page"
NCT04495504,K1:0494L275Q6,K1:7IO5LYA57N,Ropivacaine,move,R14-PARENT-NAME-TRIAL,"the registry intervention names Ropivacaine, not ROPIVACAINE, (R)-; the trial belongs to the parent page"
NCT04562103,K1:0494L275Q6,K1:7IO5LYA57N,Ropivacaine,move,R14-PARENT-NAME-TRIAL,"the registry intervention names Ropivacaine, not ROPIVACAINE, (R)-; the trial belongs to the parent page"
NCT04575233,K1:0494L275Q6,K1:7IO5LYA57N,Ropivacaine,move,R14-PARENT-NAME-TRIAL,"the registry intervention names Ropivacaine, not ROPIVACAINE, (R)-; the trial belongs to the parent page"
NCT04669145,K1:0494L275Q6,K1:7IO5LYA57N,Ropivacaine,move,R14-PARENT-NAME-TRIAL,"the registry intervention names Ropivacaine, not ROPIVACAINE, (R)-; the trial belongs to the parent page"
NCT04697537,K1:0494L275Q6,K1:7IO5LYA57N,Ropivacaine,move,R14-PARENT-NAME-TRIAL,"the registry intervention names Ropivacaine, not ROPIVACAINE, (R)-; the trial belongs to the parent page"
NCT04702685,K1:0494L275Q6,K1:7IO5LYA57N,Ropivacaine,move,R14-PARENT-NAME-TRIAL,"the registry intervention names Ropivacaine, not ROPIVACAINE, (R)-; the trial belongs to the parent page"
NCT04759742,K1:0494L275Q6,K1:7IO5LYA57N,ropivacaine,move,R14-PARENT-NAME-TRIAL,"the registry intervention names Ropivacaine, not ROPIVACAINE, (R)-; the trial belongs to the parent page"
NCT04764045,K1:0494L275Q6,K1:7IO5LYA57N,Ropivacaine,move,R14-PARENT-NAME-TRIAL,"the registry intervention names Ropivacaine, not ROPIVACAINE, (R)-; the trial belongs to the parent page"
NCT04773301,K1:0494L275Q6,K1:7IO5LYA57N,Ropivacaine,move,R14-PARENT-NAME-TRIAL,"the registry intervention names Ropivacaine, not ROPIVACAINE, (R)-; the trial belongs to the parent page"
NCT04786470,K1:0494L275Q6,K1:7IO5LYA57N,Ropivacaine,move,R14-PARENT-NAME-TRIAL,"the registry intervention names Ropivacaine, not ROPIVACAINE, (R)-; the trial belongs to the parent page"
NCT04807504,K1:0494L275Q6,K1:7IO5LYA57N,Ropivacaine,move,R14-PARENT-NAME-TRIAL,"the registry intervention names Ropivacaine, not ROPIVACAINE, (R)-; the trial belongs to the parent page"
NCT04824599,K1:0494L275Q6,K1:7IO5LYA57N,Ropivacaine,move,R14-PARENT-NAME-TRIAL,"the registry intervention names Ropivacaine, not ROPIVACAINE, (R)-; the trial belongs to the parent page"
NCT04833296,K1:0494L275Q6,K1:7IO5LYA57N,Ropivacaine,move,R14-PARENT-NAME-TRIAL,"the registry intervention names Ropivacaine, not ROPIVACAINE, (R)-; the trial belongs to the parent page"
NCT04834440,K1:0494L275Q6,K1:7IO5LYA57N,Ropivacaine,move,R14-PARENT-NAME-TRIAL,"the registry intervention names Ropivacaine, not ROPIVACAINE, (R)-; the trial belongs to the parent page"
NCT04910165,K1:0494L275Q6,K1:7IO5LYA57N,Ropivacaine,move,R14-PARENT-NAME-TRIAL,"the registry intervention names Ropivacaine, not ROPIVACAINE, (R)-; the trial belongs to the parent page"
NCT04916418,K1:0494L275Q6,K1:7IO5LYA57N,Ropivacaine,move,R14-PARENT-NAME-TRIAL,"the registry intervention names Ropivacaine, not ROPIVACAINE, (R)-; the trial belongs to the parent page"
NCT04916691,K1:0494L275Q6,K1:7IO5LYA57N,Ropivacaine,move,R14-PARENT-NAME-TRIAL,"the registry intervention names Ropivacaine, not ROPIVACAINE, (R)-; the trial belongs to the parent page"
NCT04938882,K1:0494L275Q6,K1:7IO5LYA57N,Ropivacaine,move,R14-PARENT-NAME-TRIAL,"the registry intervention names Ropivacaine, not ROPIVACAINE, (R)-; the trial belongs to the parent page"
NCT05015907,K1:0494L275Q6,K1:7IO5LYA57N,Ropivacaine,move,R14-PARENT-NAME-TRIAL,"the registry intervention names Ropivacaine, not ROPIVACAINE, (R)-; the trial belongs to the parent page"
NCT05016180,K1:0494L275Q6,K1:7IO5LYA57N,Ropivacaine,move,R14-PARENT-NAME-TRIAL,"the registry intervention names Ropivacaine, not ROPIVACAINE, (R)-; the trial belongs to the parent page"
NCT05023343,K1:0494L275Q6,K1:7IO5LYA57N,Ropivacaine,move,R14-PARENT-NAME-TRIAL,"the registry intervention names Ropivacaine, not ROPIVACAINE, (R)-; the trial belongs to the parent page"
NCT05110339,K1:0494L275Q6,K1:7IO5LYA57N,Ropivacaine,move,R14-PARENT-NAME-TRIAL,"the registry intervention names Ropivacaine, not ROPIVACAINE, (R)-; the trial belongs to the parent page"
NCT05122338,K1:0494L275Q6,K1:7IO5LYA57N,Ropivacaine,move,R14-PARENT-NAME-TRIAL,"the registry intervention names Ropivacaine, not ROPIVACAINE, (R)-; the trial belongs to the parent page"
NCT05161637,K1:0494L275Q6,K1:7IO5LYA57N,Ropivacaine,move,R14-PARENT-NAME-TRIAL,"the registry intervention names Ropivacaine, not ROPIVACAINE, (R)-; the trial belongs to the parent page"
NCT05175001,K1:0494L275Q6,K1:7IO5LYA57N,Ropivacaine,move,R14-PARENT-NAME-TRIAL,"the registry intervention names Ropivacaine, not ROPIVACAINE, (R)-; the trial belongs to the parent page"
NCT05205720,K1:0494L275Q6,K1:7IO5LYA57N,Ropivacaine,move,R14-PARENT-NAME-TRIAL,"the registry intervention names Ropivacaine, not ROPIVACAINE, (R)-; the trial belongs to the parent page"
NCT05231941,K1:0494L275Q6,K1:7IO5LYA57N,Ropivacaine,move,R14-PARENT-NAME-TRIAL,"the registry intervention names Ropivacaine, not ROPIVACAINE, (R)-; the trial belongs to the parent page"
NCT05274113,K1:0494L275Q6,K1:7IO5LYA57N,Ropivacaine,move,R14-PARENT-NAME-TRIAL,"the registry intervention names Ropivacaine, not ROPIVACAINE, (R)-; the trial belongs to the parent page"
NCT05279898,K1:0494L275Q6,K1:7IO5LYA57N,Ropivacaine,move,R14-PARENT-NAME-TRIAL,"the registry intervention names Ropivacaine, not ROPIVACAINE, (R)-; the trial belongs to the parent page"
NCT05297422,K1:0494L275Q6,K1:7IO5LYA57N,Ropivacaine,move,R14-PARENT-NAME-TRIAL,"the registry intervention names Ropivacaine, not ROPIVACAINE, (R)-; the trial belongs to the parent page"
NCT05320718,K1:0494L275Q6,K1:7IO5LYA57N,Ropivacaine,move,R14-PARENT-NAME-TRIAL,"the registry intervention names Ropivacaine, not ROPIVACAINE, (R)-; the trial belongs to the parent page"
NCT05365555,K1:0494L275Q6,K1:7IO5LYA57N,Ropivacaine,move,R14-PARENT-NAME-TRIAL,"the registry intervention names Ropivacaine, not ROPIVACAINE, (R)-; the trial belongs to the parent page"
NCT05368753,K1:0494L275Q6,K1:7IO5LYA57N,ropivacaine,move,R14-PARENT-NAME-TRIAL,"the registry intervention names Ropivacaine, not ROPIVACAINE, (R)-; the trial belongs to the parent page"
NCT05376904,K1:0494L275Q6,K1:7IO5LYA57N,ropivacaine HCl.,move,R14-PARENT-NAME-TRIAL,"the registry intervention names Ropivacaine, not ROPIVACAINE, (R)-; the trial belongs to the parent page"
NCT05437718,K1:0494L275Q6,K1:7IO5LYA57N,Ropivacaine,move,R14-PARENT-NAME-TRIAL,"the registry intervention names Ropivacaine, not ROPIVACAINE, (R)-; the trial belongs to the parent page"
NCT05437835,K1:0494L275Q6,K1:7IO5LYA57N,Ropivacaine,move,R14-PARENT-NAME-TRIAL,"the registry intervention names Ropivacaine, not ROPIVACAINE, (R)-; the trial belongs to the parent page"
NCT05487196,K1:0494L275Q6,K1:7IO5LYA57N,Ropivacaine,move,R14-PARENT-NAME-TRIAL,"the registry intervention names Ropivacaine, not ROPIVACAINE, (R)-; the trial belongs to the parent page"
NCT05494125,K1:0494L275Q6,K1:7IO5LYA57N,Ropivacaine,move,R14-PARENT-NAME-TRIAL,"the registry intervention names Ropivacaine, not ROPIVACAINE, (R)-; the trial belongs to the parent page"
NCT05504967,K1:0494L275Q6,K1:7IO5LYA57N,Ropivacaine,move,R14-PARENT-NAME-TRIAL,"the registry intervention names Ropivacaine, not ROPIVACAINE, (R)-; the trial belongs to the parent page"
NCT05519189,K1:0494L275Q6,K1:7IO5LYA57N,Ropivacaine,move,R14-PARENT-NAME-TRIAL,"the registry intervention names Ropivacaine, not ROPIVACAINE, (R)-; the trial belongs to the parent page"
NCT05543109,K1:0494L275Q6,K1:7IO5LYA57N,Ropivacaine,move,R14-PARENT-NAME-TRIAL,"the registry intervention names Ropivacaine, not ROPIVACAINE, (R)-; the trial belongs to the parent page"
NCT05544721,K1:0494L275Q6,K1:7IO5LYA57N,Ropivacaine,move,R14-PARENT-NAME-TRIAL,"the registry intervention names Ropivacaine, not ROPIVACAINE, (R)-; the trial belongs to the parent page"
NCT05596071,K1:0494L275Q6,K1:7IO5LYA57N,Ropivacaine,move,R14-PARENT-NAME-TRIAL,"the registry intervention names Ropivacaine, not ROPIVACAINE, (R)-; the trial belongs to the parent page"
NCT05625802,K1:0494L275Q6,K1:7IO5LYA57N,Ropivacaine,move,R14-PARENT-NAME-TRIAL,"the registry intervention names Ropivacaine, not ROPIVACAINE, (R)-; the trial belongs to the parent page"
NCT05642026,K1:0494L275Q6,K1:7IO5LYA57N,Ropivacaine,move,R14-PARENT-NAME-TRIAL,"the registry intervention names Ropivacaine, not ROPIVACAINE, (R)-; the trial belongs to the parent page"
NCT05667324,K1:0494L275Q6,K1:7IO5LYA57N,Ropivacaine,move,R14-PARENT-NAME-TRIAL,"the registry intervention names Ropivacaine, not ROPIVACAINE, (R)-; the trial belongs to the parent page"
NCT05753644,K1:0494L275Q6,K1:7IO5LYA57N,Ropivacaine,move,R14-PARENT-NAME-TRIAL,"the registry intervention names Ropivacaine, not ROPIVACAINE, (R)-; the trial belongs to the parent page"
NCT05755334,K1:0494L275Q6,K1:7IO5LYA57N,Ropivacaine,move,R14-PARENT-NAME-TRIAL,"the registry intervention names Ropivacaine, not ROPIVACAINE, (R)-; the trial belongs to the parent page"
NCT05769855,K1:0494L275Q6,K1:7IO5LYA57N,ropivacaine HCl,move,R14-PARENT-NAME-TRIAL,"the registry intervention names Ropivacaine, not ROPIVACAINE, (R)-; the trial belongs to the parent page"
NCT05773846,K1:0494L275Q6,K1:7IO5LYA57N,Ropivacaine,move,R14-PARENT-NAME-TRIAL,"the registry intervention names Ropivacaine, not ROPIVACAINE, (R)-; the trial belongs to the parent page"
NCT05820997,K1:0494L275Q6,K1:7IO5LYA57N,Ropivacaine,move,R14-PARENT-NAME-TRIAL,"the registry intervention names Ropivacaine, not ROPIVACAINE, (R)-; the trial belongs to the parent page"
NCT05831449,K1:0494L275Q6,K1:7IO5LYA57N,ropivacaine HCl,move,R14-PARENT-NAME-TRIAL,"the registry intervention names Ropivacaine, not ROPIVACAINE, (R)-; the trial belongs to the parent page"
NCT05860452,K1:0494L275Q6,K1:7IO5LYA57N,ropivacaine,move,R14-PARENT-NAME-TRIAL,"the registry intervention names Ropivacaine, not ROPIVACAINE, (R)-; the trial belongs to the parent page"
NCT05877131,K1:0494L275Q6,K1:7IO5LYA57N,Ropivacaine,move,R14-PARENT-NAME-TRIAL,"the registry intervention names Ropivacaine, not ROPIVACAINE, (R)-; the trial belongs to the parent page"
NCT05897307,K1:0494L275Q6,K1:7IO5LYA57N,Ropivacaine,move,R14-PARENT-NAME-TRIAL,"the registry intervention names Ropivacaine, not ROPIVACAINE, (R)-; the trial belongs to the parent page"
NCT05901441,K1:0494L275Q6,K1:7IO5LYA57N,Ropivacaine,move,R14-PARENT-NAME-TRIAL,"the registry intervention names Ropivacaine, not ROPIVACAINE, (R)-; the trial belongs to the parent page"
NCT05922605,K1:0494L275Q6,K1:7IO5LYA57N,Ropivacaine,move,R14-PARENT-NAME-TRIAL,"the registry intervention names Ropivacaine, not ROPIVACAINE, (R)-; the trial belongs to the parent page"
NCT05964985,K1:0494L275Q6,K1:7IO5LYA57N,Ropivacaine,move,R14-PARENT-NAME-TRIAL,"the registry intervention names Ropivacaine, not ROPIVACAINE, (R)-; the trial belongs to the parent page"
NCT05972018,K1:0494L275Q6,K1:7IO5LYA57N,Ropivacaine,move,R14-PARENT-NAME-TRIAL,"the registry intervention names Ropivacaine, not ROPIVACAINE, (R)-; the trial belongs to the parent page"
NCT05974501,K1:0494L275Q6,K1:7IO5LYA57N,Ropivacaine,move,R14-PARENT-NAME-TRIAL,"the registry intervention names Ropivacaine, not ROPIVACAINE, (R)-; the trial belongs to the parent page"
NCT06023329,K1:0494L275Q6,K1:7IO5LYA57N,ropivacaine,move,R14-PARENT-NAME-TRIAL,"the registry intervention names Ropivacaine, not ROPIVACAINE, (R)-; the trial belongs to the parent page"
NCT06035692,K1:0494L275Q6,K1:7IO5LYA57N,Ropivacaine,move,R14-PARENT-NAME-TRIAL,"the registry intervention names Ropivacaine, not ROPIVACAINE, (R)-; the trial belongs to the parent page"
NCT06036797,K1:0494L275Q6,K1:7IO5LYA57N,Ropivacaine,move,R14-PARENT-NAME-TRIAL,"the registry intervention names Ropivacaine, not ROPIVACAINE, (R)-; the trial belongs to the parent page"
NCT06054750,K1:0494L275Q6,K1:7IO5LYA57N,Ropivacaine,move,R14-PARENT-NAME-TRIAL,"the registry intervention names Ropivacaine, not ROPIVACAINE, (R)-; the trial belongs to the parent page"
NCT06114121,K1:0494L275Q6,K1:7IO5LYA57N,Ropivacaine,move,R14-PARENT-NAME-TRIAL,"the registry intervention names Ropivacaine, not ROPIVACAINE, (R)-; the trial belongs to the parent page"
NCT06145945,K1:0494L275Q6,K1:7IO5LYA57N,Ropivacaine,move,R14-PARENT-NAME-TRIAL,"the registry intervention names Ropivacaine, not ROPIVACAINE, (R)-; the trial belongs to the parent page"
NCT06218160,K1:0494L275Q6,K1:7IO5LYA57N,Ropivacaine,move,R14-PARENT-NAME-TRIAL,"the registry intervention names Ropivacaine, not ROPIVACAINE, (R)-; the trial belongs to the parent page"
NCT06230003,K1:0494L275Q6,K1:7IO5LYA57N,Ropivacaine,move,R14-PARENT-NAME-TRIAL,"the registry intervention names Ropivacaine, not ROPIVACAINE, (R)-; the trial belongs to the parent page"
NCT06293131,K1:0494L275Q6,K1:7IO5LYA57N,Ropivacaine,move,R14-PARENT-NAME-TRIAL,"the registry intervention names Ropivacaine, not ROPIVACAINE, (R)-; the trial belongs to the parent page"
NCT06293144,K1:0494L275Q6,K1:7IO5LYA57N,Ropivacaine,move,R14-PARENT-NAME-TRIAL,"the registry intervention names Ropivacaine, not ROPIVACAINE, (R)-; the trial belongs to the parent page"
NCT06405724,K1:0494L275Q6,K1:7IO5LYA57N,Ropivacaine,move,R14-PARENT-NAME-TRIAL,"the registry intervention names Ropivacaine, not ROPIVACAINE, (R)-; the trial belongs to the parent page"
NCT06427551,K1:0494L275Q6,K1:7IO5LYA57N,Ropivacaine,move,R14-PARENT-NAME-TRIAL,"the registry intervention names Ropivacaine, not ROPIVACAINE, (R)-; the trial belongs to the parent page"
NCT06430112,K1:0494L275Q6,K1:7IO5LYA57N,Ropivacaine,move,R14-PARENT-NAME-TRIAL,"the registry intervention names Ropivacaine, not ROPIVACAINE, (R)-; the trial belongs to the parent page"
NCT06470204,K1:0494L275Q6,K1:7IO5LYA57N,Ropivacaine,move,R14-PARENT-NAME-TRIAL,"the registry intervention names Ropivacaine, not ROPIVACAINE, (R)-; the trial belongs to the parent page"
NCT06470334,K1:0494L275Q6,K1:7IO5LYA57N,Ropivacaine,move,R14-PARENT-NAME-TRIAL,"the registry intervention names Ropivacaine, not ROPIVACAINE, (R)-; the trial belongs to the parent page"
NCT06472232,K1:0494L275Q6,K1:7IO5LYA57N,Ropivacaine,move,R14-PARENT-NAME-TRIAL,"the registry intervention names Ropivacaine, not ROPIVACAINE, (R)-; the trial belongs to the parent page"
NCT06498583,K1:0494L275Q6,K1:7IO5LYA57N,Ropivacaine,move,R14-PARENT-NAME-TRIAL,"the registry intervention names Ropivacaine, not ROPIVACAINE, (R)-; the trial belongs to the parent page"
NCT06557044,K1:0494L275Q6,K1:7IO5LYA57N,Ropivacaine,move,R14-PARENT-NAME-TRIAL,"the registry intervention names Ropivacaine, not ROPIVACAINE, (R)-; the trial belongs to the parent page"
NCT06565910,K1:0494L275Q6,K1:7IO5LYA57N,Ropivacaine,move,R14-PARENT-NAME-TRIAL,"the registry intervention names Ropivacaine, not ROPIVACAINE, (R)-; the trial belongs to the parent page"
NCT06570538,K1:0494L275Q6,K1:7IO5LYA57N,Ropivacaine,move,R14-PARENT-NAME-TRIAL,"the registry intervention names Ropivacaine, not ROPIVACAINE, (R)-; the trial belongs to the parent page"
NCT06574269,K1:0494L275Q6,K1:7IO5LYA57N,Ropivacaine,move,R14-PARENT-NAME-TRIAL,"the registry intervention names Ropivacaine, not ROPIVACAINE, (R)-; the trial belongs to the parent page"
NCT06636578,K1:0494L275Q6,K1:7IO5LYA57N,ropivacaine,move,R14-PARENT-NAME-TRIAL,"the registry intervention names Ropivacaine, not ROPIVACAINE, (R)-; the trial belongs to the parent page"
NCT06688136,K1:0494L275Q6,K1:7IO5LYA57N,ropivacaine,move,R14-PARENT-NAME-TRIAL,"the registry intervention names Ropivacaine, not ROPIVACAINE, (R)-; the trial belongs to the parent page"
NCT06709612,K1:0494L275Q6,K1:7IO5LYA57N,ropivacaine,move,R14-PARENT-NAME-TRIAL,"the registry intervention names Ropivacaine, not ROPIVACAINE, (R)-; the trial belongs to the parent page"
NCT06781632,K1:0494L275Q6,K1:7IO5LYA57N,ropivacaine,move,R14-PARENT-NAME-TRIAL,"the registry intervention names Ropivacaine, not ROPIVACAINE, (R)-; the trial belongs to the parent page"
NCT06870357,K1:0494L275Q6,K1:7IO5LYA57N,Ropivacaine,move,R14-PARENT-NAME-TRIAL,"the registry intervention names Ropivacaine, not ROPIVACAINE, (R)-; the trial belongs to the parent page"
NCT06925789,K1:0494L275Q6,K1:7IO5LYA57N,Ropivacaine,move,R14-PARENT-NAME-TRIAL,"the registry intervention names Ropivacaine, not ROPIVACAINE, (R)-; the trial belongs to the parent page"
NCT06953661,K1:0494L275Q6,K1:7IO5LYA57N,Ropivacaine,move,R14-PARENT-NAME-TRIAL,"the registry intervention names Ropivacaine, not ROPIVACAINE, (R)-; the trial belongs to the parent page"
NCT06981949,K1:0494L275Q6,K1:7IO5LYA57N,Ropivacaine,move,R14-PARENT-NAME-TRIAL,"the registry intervention names Ropivacaine, not ROPIVACAINE, (R)-; the trial belongs to the parent page"
NCT07013526,K1:0494L275Q6,K1:7IO5LYA57N,Ropivacaine,move,R14-PARENT-NAME-TRIAL,"the registry intervention names Ropivacaine, not ROPIVACAINE, (R)-; the trial belongs to the parent page"
NCT07087015,K1:0494L275Q6,K1:7IO5LYA57N,Ropivacaine,move,R14-PARENT-NAME-TRIAL,"the registry intervention names Ropivacaine, not ROPIVACAINE, (R)-; the trial belongs to the parent page"
NCT07092566,K1:0494L275Q6,K1:7IO5LYA57N,Ropivacaine HCL,move,R14-PARENT-NAME-TRIAL,"the registry intervention names Ropivacaine, not ROPIVACAINE, (R)-; the trial belongs to the parent page"
NCT07116343,K1:0494L275Q6,K1:7IO5LYA57N,Ropivacaine,move,R14-PARENT-NAME-TRIAL,"the registry intervention names Ropivacaine, not ROPIVACAINE, (R)-; the trial belongs to the parent page"
NCT07196631,K1:0494L275Q6,K1:7IO5LYA57N,ropivacaine,move,R14-PARENT-NAME-TRIAL,"the registry intervention names Ropivacaine, not ROPIVACAINE, (R)-; the trial belongs to the parent page"
NCT07209345,K1:0494L275Q6,K1:7IO5LYA57N,Ropivacaine,move,R14-PARENT-NAME-TRIAL,"the registry intervention names Ropivacaine, not ROPIVACAINE, (R)-; the trial belongs to the parent page"
NCT07259772,K1:0494L275Q6,K1:7IO5LYA57N,Ropivacaine,move,R14-PARENT-NAME-TRIAL,"the registry intervention names Ropivacaine, not ROPIVACAINE, (R)-; the trial belongs to the parent page"
NCT07271979,K1:0494L275Q6,K1:7IO5LYA57N,ropivacaine,move,R14-PARENT-NAME-TRIAL,"the registry intervention names Ropivacaine, not ROPIVACAINE, (R)-; the trial belongs to the parent page"
NCT07316166,K1:0494L275Q6,K1:7IO5LYA57N,Ropivacaine,move,R14-PARENT-NAME-TRIAL,"the registry intervention names Ropivacaine, not ROPIVACAINE, (R)-; the trial belongs to the parent page"
NCT07327372,K1:0494L275Q6,K1:7IO5LYA57N,Ropivacaine hydrochloride,move,R14-PARENT-NAME-TRIAL,"the registry intervention names Ropivacaine, not ROPIVACAINE, (R)-; the trial belongs to the parent page"
NCT07353307,K1:0494L275Q6,K1:7IO5LYA57N,Ropivacaine hydrochloride,move,R14-PARENT-NAME-TRIAL,"the registry intervention names Ropivacaine, not ROPIVACAINE, (R)-; the trial belongs to the parent page"
NCT07414706,K1:0494L275Q6,K1:7IO5LYA57N,ropivacaine,move,R14-PARENT-NAME-TRIAL,"the registry intervention names Ropivacaine, not ROPIVACAINE, (R)-; the trial belongs to the parent page"
NCT07423910,K1:0494L275Q6,K1:7IO5LYA57N,Ropivacaine,move,R14-PARENT-NAME-TRIAL,"the registry intervention names Ropivacaine, not ROPIVACAINE, (R)-; the trial belongs to the parent page"
NCT07425678,K1:0494L275Q6,K1:7IO5LYA57N,Ropivacaine,move,R14-PARENT-NAME-TRIAL,"the registry intervention names Ropivacaine, not ROPIVACAINE, (R)-; the trial belongs to the parent page"
NCT07519109,K1:0494L275Q6,K1:7IO5LYA57N,Ropivacaine hydrochloride,move,R14-PARENT-NAME-TRIAL,"the registry intervention names Ropivacaine, not ROPIVACAINE, (R)-; the trial belongs to the parent page"
NCT07562945,K1:0494L275Q6,K1:7IO5LYA57N,Ropivacaine,move,R14-PARENT-NAME-TRIAL,"the registry intervention names Ropivacaine, not ROPIVACAINE, (R)-; the trial belongs to the parent page"
NCT07624916,K1:0494L275Q6,K1:7IO5LYA57N,Ropivacaine,move,R14-PARENT-NAME-TRIAL,"the registry intervention names Ropivacaine, not ROPIVACAINE, (R)-; the trial belongs to the parent page"
NCT07651722,K1:0494L275Q6,K1:7IO5LYA57N,ropivacaine hydrochloride,move,R14-PARENT-NAME-TRIAL,"the registry intervention names Ropivacaine, not ROPIVACAINE, (R)-; the trial belongs to the parent page"
NCT07666178,K1:0494L275Q6,K1:7IO5LYA57N,Ropivacaine,move,R14-PARENT-NAME-TRIAL,"the registry intervention names Ropivacaine, not ROPIVACAINE, (R)-; the trial belongs to the parent page"
NCT07704970,K1:0494L275Q6,K1:7IO5LYA57N,ropivacaine,move,R14-PARENT-NAME-TRIAL,"the registry intervention names Ropivacaine, not ROPIVACAINE, (R)-; the trial belongs to the parent page"
NCT07722234,K1:0494L275Q6,K1:7IO5LYA57N,Ropivacaine,move,R14-PARENT-NAME-TRIAL,"the registry intervention names Ropivacaine, not ROPIVACAINE, (R)-; the trial belongs to the parent page"
NCT07771829,K1:0494L275Q6,K1:7IO5LYA57N,ropivacaine,move,R14-PARENT-NAME-TRIAL,"the registry intervention names Ropivacaine, not ROPIVACAINE, (R)-; the trial belongs to the parent page"
NCT07795203,K1:0494L275Q6,K1:7IO5LYA57N,Ropivacaine Hydrochloride,move,R14-PARENT-NAME-TRIAL,"the registry intervention names Ropivacaine, not ROPIVACAINE, (R)-; the trial belongs to the parent page"
NCT01350050,K1:73HW87WZKH,K1:D3SQ406G9X,articaine,move,R14-PARENT-NAME-TRIAL,"the registry intervention names Articaine, not ARTICAINE, (R)-; the trial belongs to the parent page"
NCT01912755,K1:73HW87WZKH,K1:D3SQ406G9X,articaine,move,R14-PARENT-NAME-TRIAL,"the registry intervention names Articaine, not ARTICAINE, (R)-; the trial belongs to the parent page"
NCT01951820,K1:73HW87WZKH,K1:D3SQ406G9X,Articaine,move,R14-PARENT-NAME-TRIAL,"the registry intervention names Articaine, not ARTICAINE, (R)-; the trial belongs to the parent page"
NCT02422823,K1:73HW87WZKH,K1:D3SQ406G9X,Articaine,move,R14-PARENT-NAME-TRIAL,"the registry intervention names Articaine, not ARTICAINE, (R)-; the trial belongs to the parent page"
NCT02726620,K1:73HW87WZKH,K1:D3SQ406G9X,Articaine,move,R14-PARENT-NAME-TRIAL,"the registry intervention names Articaine, not ARTICAINE, (R)-; the trial belongs to the parent page"
NCT03318952,K1:73HW87WZKH,K1:D3SQ406G9X,articaine,move,R14-PARENT-NAME-TRIAL,"the registry intervention names Articaine, not ARTICAINE, (R)-; the trial belongs to the parent page"
NCT03612323,K1:73HW87WZKH,K1:D3SQ406G9X,Articaine,move,R14-PARENT-NAME-TRIAL,"the registry intervention names Articaine, not ARTICAINE, (R)-; the trial belongs to the parent page"
NCT03942991,K1:73HW87WZKH,K1:D3SQ406G9X,articaine,move,R14-PARENT-NAME-TRIAL,"the registry intervention names Articaine, not ARTICAINE, (R)-; the trial belongs to the parent page"
NCT04171349,K1:73HW87WZKH,K1:D3SQ406G9X,Articaine,move,R14-PARENT-NAME-TRIAL,"the registry intervention names Articaine, not ARTICAINE, (R)-; the trial belongs to the parent page"
NCT04189198,K1:73HW87WZKH,K1:D3SQ406G9X,Articaine,move,R14-PARENT-NAME-TRIAL,"the registry intervention names Articaine, not ARTICAINE, (R)-; the trial belongs to the parent page"
NCT04513652,K1:73HW87WZKH,K1:D3SQ406G9X,articaine,move,R14-PARENT-NAME-TRIAL,"the registry intervention names Articaine, not ARTICAINE, (R)-; the trial belongs to the parent page"
NCT04822415,K1:73HW87WZKH,K1:D3SQ406G9X,Articaine,move,R14-PARENT-NAME-TRIAL,"the registry intervention names Articaine, not ARTICAINE, (R)-; the trial belongs to the parent page"
NCT04829344,K1:73HW87WZKH,K1:D3SQ406G9X,articaine,move,R14-PARENT-NAME-TRIAL,"the registry intervention names Articaine, not ARTICAINE, (R)-; the trial belongs to the parent page"
NCT05325853,K1:73HW87WZKH,K1:D3SQ406G9X,articaine,move,R14-PARENT-NAME-TRIAL,"the registry intervention names Articaine, not ARTICAINE, (R)-; the trial belongs to the parent page"
NCT05443009,K1:73HW87WZKH,K1:D3SQ406G9X,Articaine,move,R14-PARENT-NAME-TRIAL,"the registry intervention names Articaine, not ARTICAINE, (R)-; the trial belongs to the parent page"
NCT05501860,K1:73HW87WZKH,K1:D3SQ406G9X,articaine,move,R14-PARENT-NAME-TRIAL,"the registry intervention names Articaine, not ARTICAINE, (R)-; the trial belongs to the parent page"
NCT05614440,K1:73HW87WZKH,K1:D3SQ406G9X,Articaine,move,R14-PARENT-NAME-TRIAL,"the registry intervention names Articaine, not ARTICAINE, (R)-; the trial belongs to the parent page"
NCT06423859,K1:73HW87WZKH,K1:D3SQ406G9X,Articaine,move,R14-PARENT-NAME-TRIAL,"the registry intervention names Articaine, not ARTICAINE, (R)-; the trial belongs to the parent page"
NCT03485911,K1:8YE5ABM3A9,K1:XZA0KB1BDQ,Berotralstat,move,R14-PARENT-NAME-TRIAL,"the registry intervention names Berotralstat, not BEROTRALSTAT, (S)-; the trial belongs to the parent page"
NCT04428632,K1:8YE5ABM3A9,K1:XZA0KB1BDQ,Berotralstat,move,R14-PARENT-NAME-TRIAL,"the registry intervention names Berotralstat, not BEROTRALSTAT, (S)-; the trial belongs to the parent page"
NCT04933721,K1:8YE5ABM3A9,K1:XZA0KB1BDQ,berotralstat,move,R14-PARENT-NAME-TRIAL,"the registry intervention names Berotralstat, not BEROTRALSTAT, (S)-; the trial belongs to the parent page"
NCT05453968,K1:8YE5ABM3A9,K1:XZA0KB1BDQ,Berotralstat,move,R14-PARENT-NAME-TRIAL,"the registry intervention names Berotralstat, not BEROTRALSTAT, (S)-; the trial belongs to the parent page"
NCT01405248,K1:9465GZ4W47,K1:822Q956KGM,Butylphthalide,move,R14-PARENT-NAME-TRIAL,"the registry intervention names Butylphthalide, not BUTYLPHTHALIDE, (R)-; the trial belongs to the parent page"
NCT03539445,K1:9465GZ4W47,K1:822Q956KGM,Butylphthalide,move,R14-PARENT-NAME-TRIAL,"the registry intervention names Butylphthalide, not BUTYLPHTHALIDE, (R)-; the trial belongs to the parent page"
NCT05068349,K1:9465GZ4W47,K1:822Q956KGM,Butylphthalide,move,R14-PARENT-NAME-TRIAL,"the registry intervention names Butylphthalide, not BUTYLPHTHALIDE, (R)-; the trial belongs to the parent page"
NCT05086874,K1:9465GZ4W47,K1:822Q956KGM,butylphthalide,move,R14-PARENT-NAME-TRIAL,"the registry intervention names Butylphthalide, not BUTYLPHTHALIDE, (R)-; the trial belongs to the parent page"
NCT06331494,K1:9465GZ4W47,K1:822Q956KGM,Butylphthalide,move,R14-PARENT-NAME-TRIAL,"the registry intervention names Butylphthalide, not BUTYLPHTHALIDE, (R)-; the trial belongs to the parent page"
NCT06704685,K1:9465GZ4W47,K1:822Q956KGM,Butylphthalide,move,R14-PARENT-NAME-TRIAL,"the registry intervention names Butylphthalide, not BUTYLPHTHALIDE, (R)-; the trial belongs to the parent page"
NCT07193277,K1:9465GZ4W47,K1:822Q956KGM,Butylphthalide,move,R14-PARENT-NAME-TRIAL,"the registry intervention names Butylphthalide, not BUTYLPHTHALIDE, (R)-; the trial belongs to the parent page"
NCT07230587,K1:9465GZ4W47,K1:822Q956KGM,Butylphthalide,move,R14-PARENT-NAME-TRIAL,"the registry intervention names Butylphthalide, not BUTYLPHTHALIDE, (R)-; the trial belongs to the parent page"
NCT07252544,K1:9465GZ4W47,K1:822Q956KGM,Butylphthalide,move,R14-PARENT-NAME-TRIAL,"the registry intervention names Butylphthalide, not BUTYLPHTHALIDE, (R)-; the trial belongs to the parent page"
NCT07528456,K1:9465GZ4W47,K1:822Q956KGM,Butylphthalide,move,R14-PARENT-NAME-TRIAL,"the registry intervention names Butylphthalide, not BUTYLPHTHALIDE, (R)-; the trial belongs to the parent page"
NCT01428622,K1:B6QJ6CAW2G,K1:VD2YSN1AFD,Olodaterol,move,R14-PARENT-NAME-TRIAL,"the registry intervention names Olodaterol, not OLODATEROL, (S)-; the trial belongs to the parent page"
NCT01431274,K1:B6QJ6CAW2G,K1:VD2YSN1AFD,olodaterol,move,R14-PARENT-NAME-TRIAL,"the registry intervention names Olodaterol, not OLODATEROL, (S)-; the trial belongs to the parent page"
NCT01431287,K1:B6QJ6CAW2G,K1:VD2YSN1AFD,olodaterol,move,R14-PARENT-NAME-TRIAL,"the registry intervention names Olodaterol, not OLODATEROL, (S)-; the trial belongs to the parent page"
NCT01533922,K1:B6QJ6CAW2G,K1:VD2YSN1AFD,Olodaterol,move,R14-PARENT-NAME-TRIAL,"the registry intervention names Olodaterol, not OLODATEROL, (S)-; the trial belongs to the parent page"
NCT01533935,K1:B6QJ6CAW2G,K1:VD2YSN1AFD,Olodaterol,move,R14-PARENT-NAME-TRIAL,"the registry intervention names Olodaterol, not OLODATEROL, (S)-; the trial belongs to the parent page"
NCT01536262,K1:B6QJ6CAW2G,K1:VD2YSN1AFD,Olodaterol,move,R14-PARENT-NAME-TRIAL,"the registry intervention names Olodaterol, not OLODATEROL, (S)-; the trial belongs to the parent page"
NCT01559116,K1:B6QJ6CAW2G,K1:VD2YSN1AFD,olodaterol,move,R14-PARENT-NAME-TRIAL,"the registry intervention names Olodaterol, not OLODATEROL, (S)-; the trial belongs to the parent page"
NCT01694771,K1:B6QJ6CAW2G,K1:VD2YSN1AFD,Olodaterol,move,R14-PARENT-NAME-TRIAL,"the registry intervention names Olodaterol, not OLODATEROL, (S)-; the trial belongs to the parent page"
NCT01696058,K1:B6QJ6CAW2G,K1:VD2YSN1AFD,Olodaterol,move,R14-PARENT-NAME-TRIAL,"the registry intervention names Olodaterol, not OLODATEROL, (S)-; the trial belongs to the parent page"
NCT01964352,K1:B6QJ6CAW2G,K1:VD2YSN1AFD,olodaterol,move,R14-PARENT-NAME-TRIAL,"the registry intervention names Olodaterol, not OLODATEROL, (S)-; the trial belongs to the parent page"
NCT01969721,K1:B6QJ6CAW2G,K1:VD2YSN1AFD,olodaterol,move,R14-PARENT-NAME-TRIAL,"the registry intervention names Olodaterol, not OLODATEROL, (S)-; the trial belongs to the parent page"
NCT02006732,K1:B6QJ6CAW2G,K1:VD2YSN1AFD,olodaterol,move,R14-PARENT-NAME-TRIAL,"the registry intervention names Olodaterol, not OLODATEROL, (S)-; the trial belongs to the parent page"
NCT02030535,K1:B6QJ6CAW2G,K1:VD2YSN1AFD,olodaterol,move,R14-PARENT-NAME-TRIAL,"the registry intervention names Olodaterol, not OLODATEROL, (S)-; the trial belongs to the parent page"
NCT02296138,K1:B6QJ6CAW2G,K1:VD2YSN1AFD,olodaterol,move,R14-PARENT-NAME-TRIAL,"the registry intervention names Olodaterol, not OLODATEROL, (S)-; the trial belongs to the parent page"
NCT02629965,K1:B6QJ6CAW2G,K1:VD2YSN1AFD,olodaterol,move,R14-PARENT-NAME-TRIAL,"the registry intervention names Olodaterol, not OLODATEROL, (S)-; the trial belongs to the parent page"
NCT02683109,K1:B6QJ6CAW2G,K1:VD2YSN1AFD,Olodaterol,move,R14-PARENT-NAME-TRIAL,"the registry intervention names Olodaterol, not OLODATEROL, (S)-; the trial belongs to the parent page"
NCT02853123,K1:B6QJ6CAW2G,K1:VD2YSN1AFD,Olodaterol,move,R14-PARENT-NAME-TRIAL,"the registry intervention names Olodaterol, not OLODATEROL, (S)-; the trial belongs to the parent page"
NCT02969317,K1:B6QJ6CAW2G,K1:VD2YSN1AFD,Olodaterol,move,R14-PARENT-NAME-TRIAL,"the registry intervention names Olodaterol, not OLODATEROL, (S)-; the trial belongs to the parent page"
NCT03030638,K1:B6QJ6CAW2G,K1:VD2YSN1AFD,Olodaterol,move,R14-PARENT-NAME-TRIAL,"the registry intervention names Olodaterol, not OLODATEROL, (S)-; the trial belongs to the parent page"
NCT03055988,K1:B6QJ6CAW2G,K1:VD2YSN1AFD,Olodaterol,move,R14-PARENT-NAME-TRIAL,"the registry intervention names Olodaterol, not OLODATEROL, (S)-; the trial belongs to the parent page"
NCT03240575,K1:B6QJ6CAW2G,K1:VD2YSN1AFD,Olodaterol,move,R14-PARENT-NAME-TRIAL,"the registry intervention names Olodaterol, not OLODATEROL, (S)-; the trial belongs to the parent page"
NCT05927155,K1:B6QJ6CAW2G,K1:VD2YSN1AFD,Olodaterol,move,R14-PARENT-NAME-TRIAL,"the registry intervention names Olodaterol, not OLODATEROL, (S)-; the trial belongs to the parent page"
NCT07541378,K1:B6QJ6CAW2G,K1:VD2YSN1AFD,Olodaterol,move,R14-PARENT-NAME-TRIAL,"the registry intervention names Olodaterol, not OLODATEROL, (S)-; the trial belongs to the parent page"
NCT00003076,K1:C780YUS9YI,K1:ZQN1G5V6SR,eflornithine,move,R14-PARENT-NAME-TRIAL,"the registry intervention names Eflornithine, not EFLORNITHINE, (S)-; the trial belongs to the parent page"
NCT00003814,K1:C780YUS9YI,K1:ZQN1G5V6SR,eflornithine,move,R14-PARENT-NAME-TRIAL,"the registry intervention names Eflornithine, not EFLORNITHINE, (S)-; the trial belongs to the parent page"
NCT00005884,K1:C780YUS9YI,K1:ZQN1G5V6SR,eflornithine,move,R14-PARENT-NAME-TRIAL,"the registry intervention names Eflornithine, not EFLORNITHINE, (S)-; the trial belongs to the parent page"
NCT00006079,K1:C780YUS9YI,K1:ZQN1G5V6SR,Eflornithine,move,R14-PARENT-NAME-TRIAL,"the registry intervention names Eflornithine, not EFLORNITHINE, (S)-; the trial belongs to the parent page"
NCT00006101,K1:C780YUS9YI,K1:ZQN1G5V6SR,eflornithine,move,R14-PARENT-NAME-TRIAL,"the registry intervention names Eflornithine, not EFLORNITHINE, (S)-; the trial belongs to the parent page"
NCT00021294,K1:C780YUS9YI,K1:ZQN1G5V6SR,eflornithine,move,R14-PARENT-NAME-TRIAL,"the registry intervention names Eflornithine, not EFLORNITHINE, (S)-; the trial belongs to the parent page"
NCT00033371,K1:C780YUS9YI,K1:ZQN1G5V6SR,eflornithine,move,R14-PARENT-NAME-TRIAL,"the registry intervention names Eflornithine, not EFLORNITHINE, (S)-; the trial belongs to the parent page"
NCT00086736,K1:C780YUS9YI,K1:ZQN1G5V6SR,eflornithine,move,R14-PARENT-NAME-TRIAL,"the registry intervention names Eflornithine, not EFLORNITHINE, (S)-; the trial belongs to the parent page"
NCT00118365,K1:C780YUS9YI,K1:ZQN1G5V6SR,eflornithine,move,R14-PARENT-NAME-TRIAL,"the registry intervention names Eflornithine, not EFLORNITHINE, (S)-; the trial belongs to the parent page"
NCT00146627,K1:C780YUS9YI,K1:ZQN1G5V6SR,Eflornithine,move,R14-PARENT-NAME-TRIAL,"the registry intervention names Eflornithine, not EFLORNITHINE, (S)-; the trial belongs to the parent page"
NCT00152048,K1:C780YUS9YI,K1:ZQN1G5V6SR,Eflornithine hydrochloride,move,R14-PARENT-NAME-TRIAL,"the registry intervention names Eflornithine, not EFLORNITHINE, (S)-; the trial belongs to the parent page"
NCT00983580,K1:C780YUS9YI,K1:ZQN1G5V6SR,Eflornithine,move,R14-PARENT-NAME-TRIAL,"the registry intervention names Eflornithine, not EFLORNITHINE, (S)-; the trial belongs to the parent page"
NCT01483144,K1:C780YUS9YI,K1:ZQN1G5V6SR,Eflornithine,move,R14-PARENT-NAME-TRIAL,"the registry intervention names Eflornithine, not EFLORNITHINE, (S)-; the trial belongs to the parent page"
NCT01685827,K1:C780YUS9YI,K1:ZQN1G5V6SR,Eflornithine,move,R14-PARENT-NAME-TRIAL,"the registry intervention names Eflornithine, not EFLORNITHINE, (S)-; the trial belongs to the parent page"
NCT02139397,K1:C780YUS9YI,K1:ZQN1G5V6SR,Eflornithine,move,R14-PARENT-NAME-TRIAL,"the registry intervention names Eflornithine, not EFLORNITHINE, (S)-; the trial belongs to the parent page"
NCT02395666,K1:C780YUS9YI,K1:ZQN1G5V6SR,eflornithine HCl,move,R14-PARENT-NAME-TRIAL,"the registry intervention names Eflornithine, not EFLORNITHINE, (S)-; the trial belongs to the parent page"
NCT02679144,K1:C780YUS9YI,K1:ZQN1G5V6SR,eflornithine,move,R14-PARENT-NAME-TRIAL,"the registry intervention names Eflornithine, not EFLORNITHINE, (S)-; the trial belongs to the parent page"
NCT02794428,K1:C780YUS9YI,K1:ZQN1G5V6SR,Eflornithine,move,R14-PARENT-NAME-TRIAL,"the registry intervention names Eflornithine, not EFLORNITHINE, (S)-; the trial belongs to the parent page"
NCT02796261,K1:C780YUS9YI,K1:ZQN1G5V6SR,Eflornithine,move,R14-PARENT-NAME-TRIAL,"the registry intervention names Eflornithine, not EFLORNITHINE, (S)-; the trial belongs to the parent page"
NCT03581240,K1:C780YUS9YI,K1:ZQN1G5V6SR,eflornithine HCl,move,R14-PARENT-NAME-TRIAL,"the registry intervention names Eflornithine, not EFLORNITHINE, (S)-; the trial belongs to the parent page"
NCT03794349,K1:C780YUS9YI,K1:ZQN1G5V6SR,Eflornithine Hydrochloride,move,R14-PARENT-NAME-TRIAL,"the registry intervention names Eflornithine, not EFLORNITHINE, (S)-; the trial belongs to the parent page"
NCT04301843,K1:C780YUS9YI,K1:ZQN1G5V6SR,Eflornithine,move,R14-PARENT-NAME-TRIAL,"the registry intervention names Eflornithine, not EFLORNITHINE, (S)-; the trial belongs to the parent page"
NCT04696029,K1:C780YUS9YI,K1:ZQN1G5V6SR,Eflornithine,move,R14-PARENT-NAME-TRIAL,"the registry intervention names Eflornithine, not EFLORNITHINE, (S)-; the trial belongs to the parent page"
NCT05717153,K1:C780YUS9YI,K1:ZQN1G5V6SR,Eflornithine,move,R14-PARENT-NAME-TRIAL,"the registry intervention names Eflornithine, not EFLORNITHINE, (S)-; the trial belongs to the parent page"
NCT06059118,K1:C780YUS9YI,K1:ZQN1G5V6SR,eflornithine,move,R14-PARENT-NAME-TRIAL,"the registry intervention names Eflornithine, not EFLORNITHINE, (S)-; the trial belongs to the parent page"
NCT07321912,K1:C780YUS9YI,K1:ZQN1G5V6SR,Eflornithine,move,R14-PARENT-NAME-TRIAL,"the registry intervention names Eflornithine, not EFLORNITHINE, (S)-; the trial belongs to the parent page"
NCT07468136,K1:C780YUS9YI,K1:ZQN1G5V6SR,Eflornithine,move,R14-PARENT-NAME-TRIAL,"the registry intervention names Eflornithine, not EFLORNITHINE, (S)-; the trial belongs to the parent page"
NCT00003706,K1:FG8Q47888S,K1:04Q9AIZ7NO,pemetrexed disodium,move,R14-PARENT-NAME-TRIAL,"the registry intervention names Pemetrexed, not PEMETREXED, (R)-; the trial belongs to the parent page"
NCT00003711,K1:FG8Q47888S,K1:04Q9AIZ7NO,pemetrexed disodium,move,R14-PARENT-NAME-TRIAL,"the registry intervention names Pemetrexed, not PEMETREXED, (R)-; the trial belongs to the parent page"
NCT00005636,K1:FG8Q47888S,K1:04Q9AIZ7NO,pemetrexed disodium,move,R14-PARENT-NAME-TRIAL,"the registry intervention names Pemetrexed, not PEMETREXED, (R)-; the trial belongs to the parent page"
NCT00006007,K1:FG8Q47888S,K1:04Q9AIZ7NO,pemetrexed disodium,move,R14-PARENT-NAME-TRIAL,"the registry intervention names Pemetrexed, not PEMETREXED, (R)-; the trial belongs to the parent page"
NCT00022646,K1:FG8Q47888S,K1:04Q9AIZ7NO,pemetrexed disodium,move,R14-PARENT-NAME-TRIAL,"the registry intervention names Pemetrexed, not PEMETREXED, (R)-; the trial belongs to the parent page"
NCT00034489,K1:FG8Q47888S,K1:04Q9AIZ7NO,pemetrexed,move,R14-PARENT-NAME-TRIAL,"the registry intervention names Pemetrexed, not PEMETREXED, (R)-; the trial belongs to the parent page"
NCT00035061,K1:FG8Q47888S,K1:04Q9AIZ7NO,pemetrexed,move,R14-PARENT-NAME-TRIAL,"the registry intervention names Pemetrexed, not PEMETREXED, (R)-; the trial belongs to the parent page"
NCT00040625,K1:FG8Q47888S,K1:04Q9AIZ7NO,Pemetrexed,move,R14-PARENT-NAME-TRIAL,"the registry intervention names Pemetrexed, not PEMETREXED, (R)-; the trial belongs to the parent page"
NCT00053209,K1:FG8Q47888S,K1:04Q9AIZ7NO,pemetrexed disodium,move,R14-PARENT-NAME-TRIAL,"the registry intervention names Pemetrexed, not PEMETREXED, (R)-; the trial belongs to the parent page"
NCT00059865,K1:FG8Q47888S,K1:04Q9AIZ7NO,pemetrexed disodium,move,R14-PARENT-NAME-TRIAL,"the registry intervention names Pemetrexed, not PEMETREXED, (R)-; the trial belongs to the parent page"
NCT00061451,K1:FG8Q47888S,K1:04Q9AIZ7NO,Pemetrexed,move,R14-PARENT-NAME-TRIAL,"the registry intervention names Pemetrexed, not PEMETREXED, (R)-; the trial belongs to the parent page"
NCT00061464,K1:FG8Q47888S,K1:04Q9AIZ7NO,pemetrexed,move,R14-PARENT-NAME-TRIAL,"the registry intervention names Pemetrexed, not PEMETREXED, (R)-; the trial belongs to the parent page"
NCT00061477,K1:FG8Q47888S,K1:04Q9AIZ7NO,Pemetrexed,move,R14-PARENT-NAME-TRIAL,"the registry intervention names Pemetrexed, not PEMETREXED, (R)-; the trial belongs to the parent page"
NCT00063570,K1:FG8Q47888S,K1:04Q9AIZ7NO,Pemetrexed,move,R14-PARENT-NAME-TRIAL,"the registry intervention names Pemetrexed, not PEMETREXED, (R)-; the trial belongs to the parent page"
NCT00065533,K1:FG8Q47888S,K1:04Q9AIZ7NO,pemetrexed,move,R14-PARENT-NAME-TRIAL,"the registry intervention names Pemetrexed, not PEMETREXED, (R)-; the trial belongs to the parent page"
NCT00070473,K1:FG8Q47888S,K1:04Q9AIZ7NO,pemetrexed disodium,move,R14-PARENT-NAME-TRIAL,"the registry intervention names Pemetrexed, not PEMETREXED, (R)-; the trial belongs to the parent page"
NCT00071136,K1:FG8Q47888S,K1:04Q9AIZ7NO,pemetrexed,move,R14-PARENT-NAME-TRIAL,"the registry intervention names Pemetrexed, not PEMETREXED, (R)-; the trial belongs to the parent page"
NCT00072865,K1:FG8Q47888S,K1:04Q9AIZ7NO,Pemetrexed,move,R14-PARENT-NAME-TRIAL,"the registry intervention names Pemetrexed, not PEMETREXED, (R)-; the trial belongs to the parent page"
NCT00078260,K1:FG8Q47888S,K1:04Q9AIZ7NO,pemetrexed,move,R14-PARENT-NAME-TRIAL,"the registry intervention names Pemetrexed, not PEMETREXED, (R)-; the trial belongs to the parent page"
NCT00079872,K1:FG8Q47888S,K1:04Q9AIZ7NO,Pemetrexed,move,R14-PARENT-NAME-TRIAL,"the registry intervention names Pemetrexed, not PEMETREXED, (R)-; the trial belongs to the parent page"
NCT00087087,K1:FG8Q47888S,K1:04Q9AIZ7NO,pemetrexed disodium,move,R14-PARENT-NAME-TRIAL,"the registry intervention names Pemetrexed, not PEMETREXED, (R)-; the trial belongs to the parent page"
NCT00087100,K1:FG8Q47888S,K1:04Q9AIZ7NO,pemetrexed disodium,move,R14-PARENT-NAME-TRIAL,"the registry intervention names Pemetrexed, not PEMETREXED, (R)-; the trial belongs to the parent page"
NCT00087113,K1:FG8Q47888S,K1:04Q9AIZ7NO,pemetrexed disodium,move,R14-PARENT-NAME-TRIAL,"the registry intervention names Pemetrexed, not PEMETREXED, (R)-; the trial belongs to the parent page"
NCT00087698,K1:FG8Q47888S,K1:04Q9AIZ7NO,pemetrexed,move,R14-PARENT-NAME-TRIAL,"the registry intervention names Pemetrexed, not PEMETREXED, (R)-; the trial belongs to the parent page"
NCT00087711,K1:FG8Q47888S,K1:04Q9AIZ7NO,pemetrexed,move,R14-PARENT-NAME-TRIAL,"the registry intervention names Pemetrexed, not PEMETREXED, (R)-; the trial belongs to the parent page"
NCT00095199,K1:FG8Q47888S,K1:04Q9AIZ7NO,Pemetrexed,move,R14-PARENT-NAME-TRIAL,"the registry intervention names Pemetrexed, not PEMETREXED, (R)-; the trial belongs to the parent page"
NCT00096187,K1:FG8Q47888S,K1:04Q9AIZ7NO,pemetrexed disodium,move,R14-PARENT-NAME-TRIAL,"the registry intervention names Pemetrexed, not PEMETREXED, (R)-; the trial belongs to the parent page"
NCT00101283,K1:FG8Q47888S,K1:04Q9AIZ7NO,pemetrexed disodium,move,R14-PARENT-NAME-TRIAL,"the registry intervention names Pemetrexed, not PEMETREXED, (R)-; the trial belongs to the parent page"
NCT00101842,K1:FG8Q47888S,K1:04Q9AIZ7NO,Pemetrexed,move,R14-PARENT-NAME-TRIAL,"the registry intervention names Pemetrexed, not PEMETREXED, (R)-; the trial belongs to the parent page"
NCT00102219,K1:FG8Q47888S,K1:04Q9AIZ7NO,Pemetrexed,move,R14-PARENT-NAME-TRIAL,"the registry intervention names Pemetrexed, not PEMETREXED, (R)-; the trial belongs to the parent page"
NCT00102804,K1:FG8Q47888S,K1:04Q9AIZ7NO,Pemetrexed,move,R14-PARENT-NAME-TRIAL,"the registry intervention names Pemetrexed, not PEMETREXED, (R)-; the trial belongs to the parent page"
NCT00106002,K1:FG8Q47888S,K1:04Q9AIZ7NO,pemetrexed,move,R14-PARENT-NAME-TRIAL,"the registry intervention names Pemetrexed, not PEMETREXED, (R)-; the trial belongs to the parent page"
NCT00107419,K1:FG8Q47888S,K1:04Q9AIZ7NO,pemetrexed disodium,move,R14-PARENT-NAME-TRIAL,"the registry intervention names Pemetrexed, not PEMETREXED, (R)-; the trial belongs to the parent page"
NCT00109096,K1:FG8Q47888S,K1:04Q9AIZ7NO,Pemetrexed,move,R14-PARENT-NAME-TRIAL,"the registry intervention names Pemetrexed, not PEMETREXED, (R)-; the trial belongs to the parent page"
NCT00111839,K1:FG8Q47888S,K1:04Q9AIZ7NO,Pemetrexed,move,R14-PARENT-NAME-TRIAL,"the registry intervention names Pemetrexed, not PEMETREXED, (R)-; the trial belongs to the parent page"
NCT00117962,K1:FG8Q47888S,K1:04Q9AIZ7NO,pemetrexed disodium,move,R14-PARENT-NAME-TRIAL,"the registry intervention names Pemetrexed, not PEMETREXED, (R)-; the trial belongs to the parent page"
NCT00149214,K1:FG8Q47888S,K1:04Q9AIZ7NO,pemetrexed,move,R14-PARENT-NAME-TRIAL,"the registry intervention names Pemetrexed, not PEMETREXED, (R)-; the trial belongs to the parent page"
NCT00179699,K1:FG8Q47888S,K1:04Q9AIZ7NO,pemetrexed,move,R14-PARENT-NAME-TRIAL,"the registry intervention names Pemetrexed, not PEMETREXED, (R)-; the trial belongs to the parent page"
NCT00190671,K1:FG8Q47888S,K1:04Q9AIZ7NO,pemetrexed,move,R14-PARENT-NAME-TRIAL,"the registry intervention names Pemetrexed, not PEMETREXED, (R)-; the trial belongs to the parent page"
NCT00190762,K1:FG8Q47888S,K1:04Q9AIZ7NO,Pemetrexed,move,R14-PARENT-NAME-TRIAL,"the registry intervention names Pemetrexed, not PEMETREXED, (R)-; the trial belongs to the parent page"
NCT00190801,K1:FG8Q47888S,K1:04Q9AIZ7NO,pemetrexed,move,R14-PARENT-NAME-TRIAL,"the registry intervention names Pemetrexed, not PEMETREXED, (R)-; the trial belongs to the parent page"
NCT00190840,K1:FG8Q47888S,K1:04Q9AIZ7NO,pemetrexed,move,R14-PARENT-NAME-TRIAL,"the registry intervention names Pemetrexed, not PEMETREXED, (R)-; the trial belongs to the parent page"
NCT00190918,K1:FG8Q47888S,K1:04Q9AIZ7NO,Pemetrexed,move,R14-PARENT-NAME-TRIAL,"the registry intervention names Pemetrexed, not PEMETREXED, (R)-; the trial belongs to the parent page"
NCT00190983,K1:FG8Q47888S,K1:04Q9AIZ7NO,Pemetrexed,move,R14-PARENT-NAME-TRIAL,"the registry intervention names Pemetrexed, not PEMETREXED, (R)-; the trial belongs to the parent page"
NCT00191308,K1:FG8Q47888S,K1:04Q9AIZ7NO,pemetrexed,move,R14-PARENT-NAME-TRIAL,"the registry intervention names Pemetrexed, not PEMETREXED, (R)-; the trial belongs to the parent page"
NCT00191347,K1:FG8Q47888S,K1:04Q9AIZ7NO,pemetrexed,move,R14-PARENT-NAME-TRIAL,"the registry intervention names Pemetrexed, not PEMETREXED, (R)-; the trial belongs to the parent page"
NCT00191412,K1:FG8Q47888S,K1:04Q9AIZ7NO,Pemetrexed,move,R14-PARENT-NAME-TRIAL,"the registry intervention names Pemetrexed, not PEMETREXED, (R)-; the trial belongs to the parent page"
NCT00191503,K1:FG8Q47888S,K1:04Q9AIZ7NO,Pemetrexed,move,R14-PARENT-NAME-TRIAL,"the registry intervention names Pemetrexed, not PEMETREXED, (R)-; the trial belongs to the parent page"
NCT00191750,K1:FG8Q47888S,K1:04Q9AIZ7NO,Pemetrexed,move,R14-PARENT-NAME-TRIAL,"the registry intervention names Pemetrexed, not PEMETREXED, (R)-; the trial belongs to the parent page"
NCT00191984,K1:FG8Q47888S,K1:04Q9AIZ7NO,pemetrexed,move,R14-PARENT-NAME-TRIAL,"the registry intervention names Pemetrexed, not PEMETREXED, (R)-; the trial belongs to the parent page"
NCT00192088,K1:FG8Q47888S,K1:04Q9AIZ7NO,pemetrexed,move,R14-PARENT-NAME-TRIAL,"the registry intervention names Pemetrexed, not PEMETREXED, (R)-; the trial belongs to the parent page"
NCT00193414,K1:FG8Q47888S,K1:04Q9AIZ7NO,Pemetrexed,move,R14-PARENT-NAME-TRIAL,"the registry intervention names Pemetrexed, not PEMETREXED, (R)-; the trial belongs to the parent page"
NCT00203931,K1:FG8Q47888S,K1:04Q9AIZ7NO,Pemetrexed,move,R14-PARENT-NAME-TRIAL,"the registry intervention names Pemetrexed, not PEMETREXED, (R)-; the trial belongs to the parent page"
NCT00216099,K1:FG8Q47888S,K1:04Q9AIZ7NO,Pemetrexed,move,R14-PARENT-NAME-TRIAL,"the registry intervention names Pemetrexed, not PEMETREXED, (R)-; the trial belongs to the parent page"
NCT00216203,K1:FG8Q47888S,K1:04Q9AIZ7NO,Pemetrexed,move,R14-PARENT-NAME-TRIAL,"the registry intervention names Pemetrexed, not PEMETREXED, (R)-; the trial belongs to the parent page"
NCT00216216,K1:FG8Q47888S,K1:04Q9AIZ7NO,Pemetrexed,move,R14-PARENT-NAME-TRIAL,"the registry intervention names Pemetrexed, not PEMETREXED, (R)-; the trial belongs to the parent page"
NCT00222729,K1:FG8Q47888S,K1:04Q9AIZ7NO,Pemetrexed,move,R14-PARENT-NAME-TRIAL,"the registry intervention names Pemetrexed, not PEMETREXED, (R)-; the trial belongs to the parent page"
NCT00226577,K1:FG8Q47888S,K1:04Q9AIZ7NO,Pemetrexed,move,R14-PARENT-NAME-TRIAL,"the registry intervention names Pemetrexed, not PEMETREXED, (R)-; the trial belongs to the parent page"
NCT00227019,K1:FG8Q47888S,K1:04Q9AIZ7NO,Pemetrexed,move,R14-PARENT-NAME-TRIAL,"the registry intervention names Pemetrexed, not PEMETREXED, (R)-; the trial belongs to the parent page"
NCT00227539,K1:FG8Q47888S,K1:04Q9AIZ7NO,pemetrexed disodium,move,R14-PARENT-NAME-TRIAL,"the registry intervention names Pemetrexed, not PEMETREXED, (R)-; the trial belongs to the parent page"
NCT00227565,K1:FG8Q47888S,K1:04Q9AIZ7NO,pemetrexed disodium,move,R14-PARENT-NAME-TRIAL,"the registry intervention names Pemetrexed, not PEMETREXED, (R)-; the trial belongs to the parent page"
NCT00227630,K1:FG8Q47888S,K1:04Q9AIZ7NO,pemetrexed disodium,move,R14-PARENT-NAME-TRIAL,"the registry intervention names Pemetrexed, not PEMETREXED, (R)-; the trial belongs to the parent page"
NCT00230542,K1:FG8Q47888S,K1:04Q9AIZ7NO,Pemetrexed,move,R14-PARENT-NAME-TRIAL,"the registry intervention names Pemetrexed, not PEMETREXED, (R)-; the trial belongs to the parent page"
NCT00234052,K1:FG8Q47888S,K1:04Q9AIZ7NO,pemetrexed,move,R14-PARENT-NAME-TRIAL,"the registry intervention names Pemetrexed, not PEMETREXED, (R)-; the trial belongs to the parent page"
NCT00248495,K1:FG8Q47888S,K1:04Q9AIZ7NO,pemetrexed disodium,move,R14-PARENT-NAME-TRIAL,"the registry intervention names Pemetrexed, not PEMETREXED, (R)-; the trial belongs to the parent page"
NCT00251550,K1:FG8Q47888S,K1:04Q9AIZ7NO,Pemetrexed,move,R14-PARENT-NAME-TRIAL,"the registry intervention names Pemetrexed, not PEMETREXED, (R)-; the trial belongs to the parent page"
NCT00259285,K1:FG8Q47888S,K1:04Q9AIZ7NO,pemetrexed,move,R14-PARENT-NAME-TRIAL,"the registry intervention names Pemetrexed, not PEMETREXED, (R)-; the trial belongs to the parent page"
NCT00265785,K1:FG8Q47888S,K1:04Q9AIZ7NO,pemetrexed,move,R14-PARENT-NAME-TRIAL,"the registry intervention names Pemetrexed, not PEMETREXED, (R)-; the trial belongs to the parent page"
NCT00268437,K1:FG8Q47888S,K1:04Q9AIZ7NO,Pemetrexed,move,R14-PARENT-NAME-TRIAL,"the registry intervention names Pemetrexed, not PEMETREXED, (R)-; the trial belongs to the parent page"
NCT00268489,K1:FG8Q47888S,K1:04Q9AIZ7NO,pemetrexed disodium,move,R14-PARENT-NAME-TRIAL,"the registry intervention names Pemetrexed, not PEMETREXED, (R)-; the trial belongs to the parent page"
NCT00269152,K1:FG8Q47888S,K1:04Q9AIZ7NO,pemetrexed,move,R14-PARENT-NAME-TRIAL,"the registry intervention names Pemetrexed, not PEMETREXED, (R)-; the trial belongs to the parent page"
NCT00276783,K1:FG8Q47888S,K1:04Q9AIZ7NO,pemetrexed,move,R14-PARENT-NAME-TRIAL,"the registry intervention names Pemetrexed, not PEMETREXED, (R)-; the trial belongs to the parent page"
NCT00280748,K1:FG8Q47888S,K1:04Q9AIZ7NO,pemetrexed disodium,move,R14-PARENT-NAME-TRIAL,"the registry intervention names Pemetrexed, not PEMETREXED, (R)-; the trial belongs to the parent page"
NCT00290017,K1:FG8Q47888S,K1:04Q9AIZ7NO,pemetrexed,move,R14-PARENT-NAME-TRIAL,"the registry intervention names Pemetrexed, not PEMETREXED, (R)-; the trial belongs to the parent page"
NCT00291707,K1:FG8Q47888S,K1:04Q9AIZ7NO,Pemetrexed,move,R14-PARENT-NAME-TRIAL,"the registry intervention names Pemetrexed, not PEMETREXED, (R)-; the trial belongs to the parent page"
NCT00293579,K1:FG8Q47888S,K1:04Q9AIZ7NO,Pemetrexed,move,R14-PARENT-NAME-TRIAL,"the registry intervention names Pemetrexed, not PEMETREXED, (R)-; the trial belongs to the parent page"
NCT00295503,K1:FG8Q47888S,K1:04Q9AIZ7NO,pemetrexed,move,R14-PARENT-NAME-TRIAL,"the registry intervention names Pemetrexed, not PEMETREXED, (R)-; the trial belongs to the parent page"
NCT00297089,K1:FG8Q47888S,K1:04Q9AIZ7NO,pemetrexed,move,R14-PARENT-NAME-TRIAL,"the registry intervention names Pemetrexed, not PEMETREXED, (R)-; the trial belongs to the parent page"
NCT00301808,K1:FG8Q47888S,K1:04Q9AIZ7NO,Pemetrexed disodium,move,R14-PARENT-NAME-TRIAL,"the registry intervention names Pemetrexed, not PEMETREXED, (R)-; the trial belongs to the parent page"
NCT00308750,K1:FG8Q47888S,K1:04Q9AIZ7NO,pemetrexed,move,R14-PARENT-NAME-TRIAL,"the registry intervention names Pemetrexed, not PEMETREXED, (R)-; the trial belongs to the parent page"
NCT00310050,K1:FG8Q47888S,K1:04Q9AIZ7NO,pemetrexed disodium,move,R14-PARENT-NAME-TRIAL,"the registry intervention names Pemetrexed, not PEMETREXED, (R)-; the trial belongs to the parent page"
NCT00315861,K1:FG8Q47888S,K1:04Q9AIZ7NO,pemetrexed,move,R14-PARENT-NAME-TRIAL,"the registry intervention names Pemetrexed, not PEMETREXED, (R)-; the trial belongs to the parent page"
NCT00316225,K1:FG8Q47888S,K1:04Q9AIZ7NO,pemetrexed,move,R14-PARENT-NAME-TRIAL,"the registry intervention names Pemetrexed, not PEMETREXED, (R)-; the trial belongs to the parent page"
NCT00320073,K1:FG8Q47888S,K1:04Q9AIZ7NO,pemetrexed disodium,move,R14-PARENT-NAME-TRIAL,"the registry intervention names Pemetrexed, not PEMETREXED, (R)-; the trial belongs to the parent page"
NCT00320515,K1:FG8Q47888S,K1:04Q9AIZ7NO,pemetrexed,move,R14-PARENT-NAME-TRIAL,"the registry intervention names Pemetrexed, not PEMETREXED, (R)-; the trial belongs to the parent page"
NCT00321308,K1:FG8Q47888S,K1:04Q9AIZ7NO,pemetrexed,move,R14-PARENT-NAME-TRIAL,"the registry intervention names Pemetrexed, not PEMETREXED, (R)-; the trial belongs to the parent page"
NCT00324805,K1:FG8Q47888S,K1:04Q9AIZ7NO,Pemetrexed Disodium,move,R14-PARENT-NAME-TRIAL,"the registry intervention names Pemetrexed, not PEMETREXED, (R)-; the trial belongs to the parent page"
NCT00325234,K1:FG8Q47888S,K1:04Q9AIZ7NO,Pemetrexed,move,R14-PARENT-NAME-TRIAL,"the registry intervention names Pemetrexed, not PEMETREXED, (R)-; the trial belongs to the parent page"
NCT00330915,K1:FG8Q47888S,K1:04Q9AIZ7NO,pemetrexed,move,R14-PARENT-NAME-TRIAL,"the registry intervention names Pemetrexed, not PEMETREXED, (R)-; the trial belongs to the parent page"
NCT00334594,K1:FG8Q47888S,K1:04Q9AIZ7NO,Pemetrexed,move,R14-PARENT-NAME-TRIAL,"the registry intervention names Pemetrexed, not PEMETREXED, (R)-; the trial belongs to the parent page"
NCT00349089,K1:FG8Q47888S,K1:04Q9AIZ7NO,Pemetrexed,move,R14-PARENT-NAME-TRIAL,"the registry intervention names Pemetrexed, not PEMETREXED, (R)-; the trial belongs to the parent page"
NCT00350792,K1:FG8Q47888S,K1:04Q9AIZ7NO,pemetrexed,move,R14-PARENT-NAME-TRIAL,"the registry intervention names Pemetrexed, not PEMETREXED, (R)-; the trial belongs to the parent page"
NCT00351039,K1:FG8Q47888S,K1:04Q9AIZ7NO,Pemetrexed,move,R14-PARENT-NAME-TRIAL,"the registry intervention names Pemetrexed, not PEMETREXED, (R)-; the trial belongs to the parent page"
NCT00356525,K1:FG8Q47888S,K1:04Q9AIZ7NO,Pemetrexed,move,R14-PARENT-NAME-TRIAL,"the registry intervention names Pemetrexed, not PEMETREXED, (R)-; the trial belongs to the parent page"
NCT00363415,K1:FG8Q47888S,K1:04Q9AIZ7NO,pemetrexed,move,R14-PARENT-NAME-TRIAL,"the registry intervention names Pemetrexed, not PEMETREXED, (R)-; the trial belongs to the parent page"
NCT00369629,K1:FG8Q47888S,K1:04Q9AIZ7NO,Pemetrexed,move,R14-PARENT-NAME-TRIAL,"the registry intervention names Pemetrexed, not PEMETREXED, (R)-; the trial belongs to the parent page"
NCT00372788,K1:FG8Q47888S,K1:04Q9AIZ7NO,Pemetrexed,move,R14-PARENT-NAME-TRIAL,"the registry intervention names Pemetrexed, not PEMETREXED, (R)-; the trial belongs to the parent page"
NCT00374868,K1:FG8Q47888S,K1:04Q9AIZ7NO,pemetrexed,move,R14-PARENT-NAME-TRIAL,"the registry intervention names Pemetrexed, not PEMETREXED, (R)-; the trial belongs to the parent page"
NCT00377520,K1:FG8Q47888S,K1:04Q9AIZ7NO,pemetrexed,move,R14-PARENT-NAME-TRIAL,"the registry intervention names Pemetrexed, not PEMETREXED, (R)-; the trial belongs to the parent page"
NCT00380718,K1:FG8Q47888S,K1:04Q9AIZ7NO,pemetrexed,move,R14-PARENT-NAME-TRIAL,"the registry intervention names Pemetrexed, not PEMETREXED, (R)-; the trial belongs to the parent page"
NCT00383266,K1:FG8Q47888S,K1:04Q9AIZ7NO,Pemetrexed,move,R14-PARENT-NAME-TRIAL,"the registry intervention names Pemetrexed, not PEMETREXED, (R)-; the trial belongs to the parent page"
NCT00383331,K1:FG8Q47888S,K1:04Q9AIZ7NO,Pemetrexed,move,R14-PARENT-NAME-TRIAL,"the registry intervention names Pemetrexed, not PEMETREXED, (R)-; the trial belongs to the parent page"
NCT00386815,K1:FG8Q47888S,K1:04Q9AIZ7NO,pemetrexed,move,R14-PARENT-NAME-TRIAL,"the registry intervention names Pemetrexed, not PEMETREXED, (R)-; the trial belongs to the parent page"
NCT00387322,K1:FG8Q47888S,K1:04Q9AIZ7NO,pemetrexed disodium,move,R14-PARENT-NAME-TRIAL,"the registry intervention names Pemetrexed, not PEMETREXED, (R)-; the trial belongs to the parent page"
NCT00389688,K1:FG8Q47888S,K1:04Q9AIZ7NO,pemetrexed disodium,move,R14-PARENT-NAME-TRIAL,"the registry intervention names Pemetrexed, not PEMETREXED, (R)-; the trial belongs to the parent page"
NCT00389805,K1:FG8Q47888S,K1:04Q9AIZ7NO,pemetrexed disodium,move,R14-PARENT-NAME-TRIAL,"the registry intervention names Pemetrexed, not PEMETREXED, (R)-; the trial belongs to the parent page"
NCT00390000,K1:FG8Q47888S,K1:04Q9AIZ7NO,pemetrexed disodium,move,R14-PARENT-NAME-TRIAL,"the registry intervention names Pemetrexed, not PEMETREXED, (R)-; the trial belongs to the parent page"
NCT00391274,K1:FG8Q47888S,K1:04Q9AIZ7NO,pemetrexed,move,R14-PARENT-NAME-TRIAL,"the registry intervention names Pemetrexed, not PEMETREXED, (R)-; the trial belongs to the parent page"
NCT00394147,K1:FG8Q47888S,K1:04Q9AIZ7NO,pemetrexed,move,R14-PARENT-NAME-TRIAL,"the registry intervention names Pemetrexed, not PEMETREXED, (R)-; the trial belongs to the parent page"
NCT00402051,K1:FG8Q47888S,K1:04Q9AIZ7NO,Pemetrexed,move,R14-PARENT-NAME-TRIAL,"the registry intervention names Pemetrexed, not PEMETREXED, (R)-; the trial belongs to the parent page"
NCT00402766,K1:FG8Q47888S,K1:04Q9AIZ7NO,Pemetrexed,move,R14-PARENT-NAME-TRIAL,"the registry intervention names Pemetrexed, not PEMETREXED, (R)-; the trial belongs to the parent page"
NCT00402883,K1:FG8Q47888S,K1:04Q9AIZ7NO,Pemetrexed,move,R14-PARENT-NAME-TRIAL,"the registry intervention names Pemetrexed, not PEMETREXED, (R)-; the trial belongs to the parent page"
NCT00407550,K1:FG8Q47888S,K1:04Q9AIZ7NO,pemetrexed disodium,move,R14-PARENT-NAME-TRIAL,"the registry intervention names Pemetrexed, not PEMETREXED, (R)-; the trial belongs to the parent page"
NCT00408226,K1:FG8Q47888S,K1:04Q9AIZ7NO,pemetrexed,move,R14-PARENT-NAME-TRIAL,"the registry intervention names Pemetrexed, not PEMETREXED, (R)-; the trial belongs to the parent page"
NCT00409006,K1:FG8Q47888S,K1:04Q9AIZ7NO,Pemetrexed,move,R14-PARENT-NAME-TRIAL,"the registry intervention names Pemetrexed, not PEMETREXED, (R)-; the trial belongs to the parent page"
NCT00410904,K1:FG8Q47888S,K1:04Q9AIZ7NO,pemetrexed disodium,move,R14-PARENT-NAME-TRIAL,"the registry intervention names Pemetrexed, not PEMETREXED, (R)-; the trial belongs to the parent page"
NCT00415168,K1:FG8Q47888S,K1:04Q9AIZ7NO,pemetrexed,move,R14-PARENT-NAME-TRIAL,"the registry intervention names Pemetrexed, not PEMETREXED, (R)-; the trial belongs to the parent page"
NCT00415194,K1:FG8Q47888S,K1:04Q9AIZ7NO,pemetrexed,move,R14-PARENT-NAME-TRIAL,"the registry intervention names Pemetrexed, not PEMETREXED, (R)-; the trial belongs to the parent page"
NCT00415636,K1:FG8Q47888S,K1:04Q9AIZ7NO,pemetrexed,move,R14-PARENT-NAME-TRIAL,"the registry intervention names Pemetrexed, not PEMETREXED, (R)-; the trial belongs to the parent page"
NCT00418886,K1:FG8Q47888S,K1:04Q9AIZ7NO,Pemetrexed,move,R14-PARENT-NAME-TRIAL,"the registry intervention names Pemetrexed, not PEMETREXED, (R)-; the trial belongs to the parent page"
NCT00424242,K1:FG8Q47888S,K1:04Q9AIZ7NO,Pemetrexed,move,R14-PARENT-NAME-TRIAL,"the registry intervention names Pemetrexed, not PEMETREXED, (R)-; the trial belongs to the parent page"
NCT00424723,K1:FG8Q47888S,K1:04Q9AIZ7NO,Pemetrexed,move,R14-PARENT-NAME-TRIAL,"the registry intervention names Pemetrexed, not PEMETREXED, (R)-; the trial belongs to the parent page"
NCT00427466,K1:FG8Q47888S,K1:04Q9AIZ7NO,Pemetrexed,move,R14-PARENT-NAME-TRIAL,"the registry intervention names Pemetrexed, not PEMETREXED, (R)-; the trial belongs to the parent page"
NCT00434174,K1:FG8Q47888S,K1:04Q9AIZ7NO,Pemetrexed,move,R14-PARENT-NAME-TRIAL,"the registry intervention names Pemetrexed, not PEMETREXED, (R)-; the trial belongs to the parent page"
NCT00438204,K1:FG8Q47888S,K1:04Q9AIZ7NO,pemetrexed disodium,move,R14-PARENT-NAME-TRIAL,"the registry intervention names Pemetrexed, not PEMETREXED, (R)-; the trial belongs to the parent page"
NCT00447057,K1:FG8Q47888S,K1:04Q9AIZ7NO,Pemetrexed,move,R14-PARENT-NAME-TRIAL,"the registry intervention names Pemetrexed, not PEMETREXED, (R)-; the trial belongs to the parent page"
NCT00447421,K1:FG8Q47888S,K1:04Q9AIZ7NO,pemetrexed,move,R14-PARENT-NAME-TRIAL,"the registry intervention names Pemetrexed, not PEMETREXED, (R)-; the trial belongs to the parent page"
NCT00454194,K1:FG8Q47888S,K1:04Q9AIZ7NO,pemetrexed disodium,move,R14-PARENT-NAME-TRIAL,"the registry intervention names Pemetrexed, not PEMETREXED, (R)-; the trial belongs to the parent page"
NCT00456261,K1:FG8Q47888S,K1:04Q9AIZ7NO,Pemetrexed,move,R14-PARENT-NAME-TRIAL,"the registry intervention names Pemetrexed, not PEMETREXED, (R)-; the trial belongs to the parent page"
NCT00461786,K1:FG8Q47888S,K1:04Q9AIZ7NO,pemetrexed,move,R14-PARENT-NAME-TRIAL,"the registry intervention names Pemetrexed, not PEMETREXED, (R)-; the trial belongs to the parent page"
NCT00470405,K1:FG8Q47888S,K1:04Q9AIZ7NO,pemetrexed disodium,move,R14-PARENT-NAME-TRIAL,"the registry intervention names Pemetrexed, not PEMETREXED, (R)-; the trial belongs to the parent page"
NCT00475657,K1:FG8Q47888S,K1:04Q9AIZ7NO,pemetrexed,move,R14-PARENT-NAME-TRIAL,"the registry intervention names Pemetrexed, not PEMETREXED, (R)-; the trial belongs to the parent page"
NCT00482014,K1:FG8Q47888S,K1:04Q9AIZ7NO,pemetrexed,move,R14-PARENT-NAME-TRIAL,"the registry intervention names Pemetrexed, not PEMETREXED, (R)-; the trial belongs to the parent page"
NCT00489983,K1:FG8Q47888S,K1:04Q9AIZ7NO,pemetrexed,move,R14-PARENT-NAME-TRIAL,"the registry intervention names Pemetrexed, not PEMETREXED, (R)-; the trial belongs to the parent page"
NCT00490373,K1:FG8Q47888S,K1:04Q9AIZ7NO,pemetrexed,move,R14-PARENT-NAME-TRIAL,"the registry intervention names Pemetrexed, not PEMETREXED, (R)-; the trial belongs to the parent page"
NCT00491075,K1:FG8Q47888S,K1:04Q9AIZ7NO,Pemetrexed,move,R14-PARENT-NAME-TRIAL,"the registry intervention names Pemetrexed, not PEMETREXED, (R)-; the trial belongs to the parent page"
NCT00494026,K1:FG8Q47888S,K1:04Q9AIZ7NO,pemetrexed,move,R14-PARENT-NAME-TRIAL,"the registry intervention names Pemetrexed, not PEMETREXED, (R)-; the trial belongs to the parent page"
NCT00497770,K1:FG8Q47888S,K1:04Q9AIZ7NO,Pemetrexed,move,R14-PARENT-NAME-TRIAL,"the registry intervention names Pemetrexed, not PEMETREXED, (R)-; the trial belongs to the parent page"
NCT00502567,K1:FG8Q47888S,K1:04Q9AIZ7NO,Pemetrexed,move,R14-PARENT-NAME-TRIAL,"the registry intervention names Pemetrexed, not PEMETREXED, (R)-; the trial belongs to the parent page"
NCT00503997,K1:FG8Q47888S,K1:04Q9AIZ7NO,pemetrexed disodium,move,R14-PARENT-NAME-TRIAL,"the registry intervention names Pemetrexed, not PEMETREXED, (R)-; the trial belongs to the parent page"
NCT00506051,K1:FG8Q47888S,K1:04Q9AIZ7NO,pemetrexed,move,R14-PARENT-NAME-TRIAL,"the registry intervention names Pemetrexed, not PEMETREXED, (R)-; the trial belongs to the parent page"
NCT00507858,K1:FG8Q47888S,K1:04Q9AIZ7NO,Pemetrexed,move,R14-PARENT-NAME-TRIAL,"the registry intervention names Pemetrexed, not PEMETREXED, (R)-; the trial belongs to the parent page"
NCT00520676,K1:FG8Q47888S,K1:04Q9AIZ7NO,pemetrexed,move,R14-PARENT-NAME-TRIAL,"the registry intervention names Pemetrexed, not PEMETREXED, (R)-; the trial belongs to the parent page"
NCT00520845,K1:FG8Q47888S,K1:04Q9AIZ7NO,pemetrexed disodium,move,R14-PARENT-NAME-TRIAL,"the registry intervention names Pemetrexed, not PEMETREXED, (R)-; the trial belongs to the parent page"
NCT00520936,K1:FG8Q47888S,K1:04Q9AIZ7NO,pemetrexed,move,R14-PARENT-NAME-TRIAL,"the registry intervention names Pemetrexed, not PEMETREXED, (R)-; the trial belongs to the parent page"
NCT00523419,K1:FG8Q47888S,K1:04Q9AIZ7NO,Pemetrexed,move,R14-PARENT-NAME-TRIAL,"the registry intervention names Pemetrexed, not PEMETREXED, (R)-; the trial belongs to the parent page"
NCT00528281,K1:FG8Q47888S,K1:04Q9AIZ7NO,Pemetrexed,move,R14-PARENT-NAME-TRIAL,"the registry intervention names Pemetrexed, not PEMETREXED, (R)-; the trial belongs to the parent page"
NCT00530621,K1:FG8Q47888S,K1:04Q9AIZ7NO,pemetrexed,move,R14-PARENT-NAME-TRIAL,"the registry intervention names Pemetrexed, not PEMETREXED, (R)-; the trial belongs to the parent page"
NCT00533429,K1:FG8Q47888S,K1:04Q9AIZ7NO,pemetrexed,move,R14-PARENT-NAME-TRIAL,"the registry intervention names Pemetrexed, not PEMETREXED, (R)-; the trial belongs to the parent page"
NCT00538681,K1:FG8Q47888S,K1:04Q9AIZ7NO,pemetrexed,move,R14-PARENT-NAME-TRIAL,"the registry intervention names Pemetrexed, not PEMETREXED, (R)-; the trial belongs to the parent page"
NCT00540241,K1:FG8Q47888S,K1:04Q9AIZ7NO,Pemetrexed,move,R14-PARENT-NAME-TRIAL,"the registry intervention names Pemetrexed, not PEMETREXED, (R)-; the trial belongs to the parent page"
NCT00541073,K1:FG8Q47888S,K1:04Q9AIZ7NO,pemetrexed disodium,move,R14-PARENT-NAME-TRIAL,"the registry intervention names Pemetrexed, not PEMETREXED, (R)-; the trial belongs to the parent page"
NCT00550173,K1:FG8Q47888S,K1:04Q9AIZ7NO,pemetrexed,move,R14-PARENT-NAME-TRIAL,"the registry intervention names Pemetrexed, not PEMETREXED, (R)-; the trial belongs to the parent page"
NCT00560573,K1:FG8Q47888S,K1:04Q9AIZ7NO,Pemetrexed,move,R14-PARENT-NAME-TRIAL,"the registry intervention names Pemetrexed, not PEMETREXED, (R)-; the trial belongs to the parent page"
NCT00573690,K1:FG8Q47888S,K1:04Q9AIZ7NO,pemetrexed disodium,move,R14-PARENT-NAME-TRIAL,"the registry intervention names Pemetrexed, not PEMETREXED, (R)-; the trial belongs to the parent page"
NCT00573989,K1:FG8Q47888S,K1:04Q9AIZ7NO,pemetrexed disodium,move,R14-PARENT-NAME-TRIAL,"the registry intervention names Pemetrexed, not PEMETREXED, (R)-; the trial belongs to the parent page"
NCT00577707,K1:FG8Q47888S,K1:04Q9AIZ7NO,Pemetrexed,move,R14-PARENT-NAME-TRIAL,"the registry intervention names Pemetrexed, not PEMETREXED, (R)-; the trial belongs to the parent page"
NCT00606021,K1:FG8Q47888S,K1:04Q9AIZ7NO,pemetrexed,move,R14-PARENT-NAME-TRIAL,"the registry intervention names Pemetrexed, not PEMETREXED, (R)-; the trial belongs to the parent page"
NCT00609518,K1:FG8Q47888S,K1:04Q9AIZ7NO,pemetrexed,move,R14-PARENT-NAME-TRIAL,"the registry intervention names Pemetrexed, not PEMETREXED, (R)-; the trial belongs to the parent page"
NCT00612677,K1:FG8Q47888S,K1:04Q9AIZ7NO,Pemetrexed,move,R14-PARENT-NAME-TRIAL,"the registry intervention names Pemetrexed, not PEMETREXED, (R)-; the trial belongs to the parent page"
NCT00614965,K1:FG8Q47888S,K1:04Q9AIZ7NO,Pemetrexed,move,R14-PARENT-NAME-TRIAL,"the registry intervention names Pemetrexed, not PEMETREXED, (R)-; the trial belongs to the parent page"
NCT00619424,K1:FG8Q47888S,K1:04Q9AIZ7NO,pemetrexed,move,R14-PARENT-NAME-TRIAL,"the registry intervention names Pemetrexed, not PEMETREXED, (R)-; the trial belongs to the parent page"
NCT00660816,K1:FG8Q47888S,K1:04Q9AIZ7NO,pemetrexed disodium,move,R14-PARENT-NAME-TRIAL,"the registry intervention names Pemetrexed, not PEMETREXED, (R)-; the trial belongs to the parent page"
NCT00684099,K1:FG8Q47888S,K1:04Q9AIZ7NO,Pemetrexed,move,R14-PARENT-NAME-TRIAL,"the registry intervention names Pemetrexed, not PEMETREXED, (R)-; the trial belongs to the parent page"
NCT00686959,K1:FG8Q47888S,K1:04Q9AIZ7NO,Pemetrexed,move,R14-PARENT-NAME-TRIAL,"the registry intervention names Pemetrexed, not PEMETREXED, (R)-; the trial belongs to the parent page"
NCT00691301,K1:FG8Q47888S,K1:04Q9AIZ7NO,pemetrexed disodium,move,R14-PARENT-NAME-TRIAL,"the registry intervention names Pemetrexed, not PEMETREXED, (R)-; the trial belongs to the parent page"
NCT00698815,K1:FG8Q47888S,K1:04Q9AIZ7NO,Pemetrexed Disodium,move,R14-PARENT-NAME-TRIAL,"the registry intervention names Pemetrexed, not PEMETREXED, (R)-; the trial belongs to the parent page"
NCT00701857,K1:FG8Q47888S,K1:04Q9AIZ7NO,Pemetrexed,move,R14-PARENT-NAME-TRIAL,"the registry intervention names Pemetrexed, not PEMETREXED, (R)-; the trial belongs to the parent page"
NCT00702299,K1:FG8Q47888S,K1:04Q9AIZ7NO,pemetrexed disodium,move,R14-PARENT-NAME-TRIAL,"the registry intervention names Pemetrexed, not PEMETREXED, (R)-; the trial belongs to the parent page"
NCT00703638,K1:FG8Q47888S,K1:04Q9AIZ7NO,pemetrexed disodium,move,R14-PARENT-NAME-TRIAL,"the registry intervention names Pemetrexed, not PEMETREXED, (R)-; the trial belongs to the parent page"
NCT00703976,K1:FG8Q47888S,K1:04Q9AIZ7NO,Pemetrexed,move,R14-PARENT-NAME-TRIAL,"the registry intervention names Pemetrexed, not PEMETREXED, (R)-; the trial belongs to the parent page"
NCT00712062,K1:FG8Q47888S,K1:04Q9AIZ7NO,Pemetrexed,move,R14-PARENT-NAME-TRIAL,"the registry intervention names Pemetrexed, not PEMETREXED, (R)-; the trial belongs to the parent page"
NCT00732303,K1:FG8Q47888S,K1:04Q9AIZ7NO,Pemetrexed,move,R14-PARENT-NAME-TRIAL,"the registry intervention names Pemetrexed, not PEMETREXED, (R)-; the trial belongs to the parent page"
NCT00733031,K1:FG8Q47888S,K1:04Q9AIZ7NO,pemetrexed,move,R14-PARENT-NAME-TRIAL,"the registry intervention names Pemetrexed, not PEMETREXED, (R)-; the trial belongs to the parent page"
NCT00738582,K1:FG8Q47888S,K1:04Q9AIZ7NO,Pemetrexed,move,R14-PARENT-NAME-TRIAL,"the registry intervention names Pemetrexed, not PEMETREXED, (R)-; the trial belongs to the parent page"
NCT00738881,K1:FG8Q47888S,K1:04Q9AIZ7NO,Pemetrexed Disodium,move,R14-PARENT-NAME-TRIAL,"the registry intervention names Pemetrexed, not PEMETREXED, (R)-; the trial belongs to the parent page"
NCT00741221,K1:FG8Q47888S,K1:04Q9AIZ7NO,Pemetrexed,move,R14-PARENT-NAME-TRIAL,"the registry intervention names Pemetrexed, not PEMETREXED, (R)-; the trial belongs to the parent page"
NCT00745875,K1:FG8Q47888S,K1:04Q9AIZ7NO,Pemetrexed,move,R14-PARENT-NAME-TRIAL,"the registry intervention names Pemetrexed, not PEMETREXED, (R)-; the trial belongs to the parent page"
NCT00762034,K1:FG8Q47888S,K1:04Q9AIZ7NO,Pemetrexed,move,R14-PARENT-NAME-TRIAL,"the registry intervention names Pemetrexed, not PEMETREXED, (R)-; the trial belongs to the parent page"
NCT00769600,K1:FG8Q47888S,K1:04Q9AIZ7NO,Pemetrexed,move,R14-PARENT-NAME-TRIAL,"the registry intervention names Pemetrexed, not PEMETREXED, (R)-; the trial belongs to the parent page"
NCT00786331,K1:FG8Q47888S,K1:04Q9AIZ7NO,Pemetrexed,move,R14-PARENT-NAME-TRIAL,"the registry intervention names Pemetrexed, not PEMETREXED, (R)-; the trial belongs to the parent page"
NCT00789373,K1:FG8Q47888S,K1:04Q9AIZ7NO,Pemetrexed,move,R14-PARENT-NAME-TRIAL,"the registry intervention names Pemetrexed, not PEMETREXED, (R)-; the trial belongs to the parent page"
NCT00794417,K1:FG8Q47888S,K1:04Q9AIZ7NO,Pemetrexed,move,R14-PARENT-NAME-TRIAL,"the registry intervention names Pemetrexed, not PEMETREXED, (R)-; the trial belongs to the parent page"
NCT00798603,K1:FG8Q47888S,K1:04Q9AIZ7NO,pemetrexed disodium,move,R14-PARENT-NAME-TRIAL,"the registry intervention names Pemetrexed, not PEMETREXED, (R)-; the trial belongs to the parent page"
NCT00806819,K1:FG8Q47888S,K1:04Q9AIZ7NO,Pemetrexed,move,R14-PARENT-NAME-TRIAL,"the registry intervention names Pemetrexed, not PEMETREXED, (R)-; the trial belongs to the parent page"
NCT00807573,K1:FG8Q47888S,K1:04Q9AIZ7NO,Pemetrexed,move,R14-PARENT-NAME-TRIAL,"the registry intervention names Pemetrexed, not PEMETREXED, (R)-; the trial belongs to the parent page"
NCT00824408,K1:FG8Q47888S,K1:04Q9AIZ7NO,pemetrexed,move,R14-PARENT-NAME-TRIAL,"the registry intervention names Pemetrexed, not PEMETREXED, (R)-; the trial belongs to the parent page"
NCT00859495,K1:FG8Q47888S,K1:04Q9AIZ7NO,Pemetrexed,move,R14-PARENT-NAME-TRIAL,"the registry intervention names Pemetrexed, not PEMETREXED, (R)-; the trial belongs to the parent page"
NCT00863512,K1:FG8Q47888S,K1:04Q9AIZ7NO,pemetrexed disodium,move,R14-PARENT-NAME-TRIAL,"the registry intervention names Pemetrexed, not PEMETREXED, (R)-; the trial belongs to the parent page"
NCT00864513,K1:FG8Q47888S,K1:04Q9AIZ7NO,pemetrexed,move,R14-PARENT-NAME-TRIAL,"the registry intervention names Pemetrexed, not PEMETREXED, (R)-; the trial belongs to the parent page"
NCT00867009,K1:FG8Q47888S,K1:04Q9AIZ7NO,Pemetrexed,move,R14-PARENT-NAME-TRIAL,"the registry intervention names Pemetrexed, not PEMETREXED, (R)-; the trial belongs to the parent page"
NCT00868192,K1:FG8Q47888S,K1:04Q9AIZ7NO,Pemetrexed,move,R14-PARENT-NAME-TRIAL,"the registry intervention names Pemetrexed, not PEMETREXED, (R)-; the trial belongs to the parent page"
NCT00886678,K1:FG8Q47888S,K1:04Q9AIZ7NO,pemetrexed,move,R14-PARENT-NAME-TRIAL,"the registry intervention names Pemetrexed, not PEMETREXED, (R)-; the trial belongs to the parent page"
NCT00887549,K1:FG8Q47888S,K1:04Q9AIZ7NO,pemetrexed,move,R14-PARENT-NAME-TRIAL,"the registry intervention names Pemetrexed, not PEMETREXED, (R)-; the trial belongs to the parent page"
NCT00892710,K1:FG8Q47888S,K1:04Q9AIZ7NO,Pemetrexed,move,R14-PARENT-NAME-TRIAL,"the registry intervention names Pemetrexed, not PEMETREXED, (R)-; the trial belongs to the parent page"
NCT00895648,K1:FG8Q47888S,K1:04Q9AIZ7NO,Pemetrexed,move,R14-PARENT-NAME-TRIAL,"the registry intervention names Pemetrexed, not PEMETREXED, (R)-; the trial belongs to the parent page"
NCT00906282,K1:FG8Q47888S,K1:04Q9AIZ7NO,Pemetrexed,move,R14-PARENT-NAME-TRIAL,"the registry intervention names Pemetrexed, not PEMETREXED, (R)-; the trial belongs to the parent page"
NCT00907179,K1:FG8Q47888S,K1:04Q9AIZ7NO,Pemetrexed,move,R14-PARENT-NAME-TRIAL,"the registry intervention names Pemetrexed, not PEMETREXED, (R)-; the trial belongs to the parent page"
NCT00916630,K1:FG8Q47888S,K1:04Q9AIZ7NO,pemetrexed,move,R14-PARENT-NAME-TRIAL,"the registry intervention names Pemetrexed, not PEMETREXED, (R)-; the trial belongs to the parent page"
NCT00921310,K1:FG8Q47888S,K1:04Q9AIZ7NO,Pemetrexed,move,R14-PARENT-NAME-TRIAL,"the registry intervention names Pemetrexed, not PEMETREXED, (R)-; the trial belongs to the parent page"
NCT00923273,K1:FG8Q47888S,K1:04Q9AIZ7NO,Pemetrexed,move,R14-PARENT-NAME-TRIAL,"the registry intervention names Pemetrexed, not PEMETREXED, (R)-; the trial belongs to the parent page"
NCT00932893,K1:FG8Q47888S,K1:04Q9AIZ7NO,Pemetrexed,move,R14-PARENT-NAME-TRIAL,"the registry intervention names Pemetrexed, not PEMETREXED, (R)-; the trial belongs to the parent page"
NCT00940069,K1:FG8Q47888S,K1:04Q9AIZ7NO,pemetrexed,move,R14-PARENT-NAME-TRIAL,"the registry intervention names Pemetrexed, not PEMETREXED, (R)-; the trial belongs to the parent page"
NCT00948675,K1:FG8Q47888S,K1:04Q9AIZ7NO,Pemetrexed,move,R14-PARENT-NAME-TRIAL,"the registry intervention names Pemetrexed, not PEMETREXED, (R)-; the trial belongs to the parent page"
NCT00949650,K1:FG8Q47888S,K1:04Q9AIZ7NO,Pemetrexed,move,R14-PARENT-NAME-TRIAL,"the registry intervention names Pemetrexed, not PEMETREXED, (R)-; the trial belongs to the parent page"
NCT00950365,K1:FG8Q47888S,K1:04Q9AIZ7NO,Pemetrexed Disodium,move,R14-PARENT-NAME-TRIAL,"the registry intervention names Pemetrexed, not PEMETREXED, (R)-; the trial belongs to the parent page"
NCT00961415,K1:FG8Q47888S,K1:04Q9AIZ7NO,pemetrexed,move,R14-PARENT-NAME-TRIAL,"the registry intervention names Pemetrexed, not PEMETREXED, (R)-; the trial belongs to the parent page"
NCT00974584,K1:FG8Q47888S,K1:04Q9AIZ7NO,pemetrexed,move,R14-PARENT-NAME-TRIAL,"the registry intervention names Pemetrexed, not PEMETREXED, (R)-; the trial belongs to the parent page"
NCT00982111,K1:FG8Q47888S,K1:04Q9AIZ7NO,Pemetrexed,move,R14-PARENT-NAME-TRIAL,"the registry intervention names Pemetrexed, not PEMETREXED, (R)-; the trial belongs to the parent page"
NCT00988858,K1:FG8Q47888S,K1:04Q9AIZ7NO,Pemetrexed,move,R14-PARENT-NAME-TRIAL,"the registry intervention names Pemetrexed, not PEMETREXED, (R)-; the trial belongs to the parent page"
NCT00989690,K1:FG8Q47888S,K1:04Q9AIZ7NO,pemetrexed disodium,move,R14-PARENT-NAME-TRIAL,"the registry intervention names Pemetrexed, not PEMETREXED, (R)-; the trial belongs to the parent page"
NCT00994097,K1:FG8Q47888S,K1:04Q9AIZ7NO,Pemetrexed,move,R14-PARENT-NAME-TRIAL,"the registry intervention names Pemetrexed, not PEMETREXED, (R)-; the trial belongs to the parent page"
NCT00998166,K1:FG8Q47888S,K1:04Q9AIZ7NO,Pemetrexed,move,R14-PARENT-NAME-TRIAL,"the registry intervention names Pemetrexed, not PEMETREXED, (R)-; the trial belongs to the parent page"
NCT01000480,K1:FG8Q47888S,K1:04Q9AIZ7NO,Pemetrexed,move,R14-PARENT-NAME-TRIAL,"the registry intervention names Pemetrexed, not PEMETREXED, (R)-; the trial belongs to the parent page"
NCT01001910,K1:FG8Q47888S,K1:04Q9AIZ7NO,Pemetrexed Disodium,move,R14-PARENT-NAME-TRIAL,"the registry intervention names Pemetrexed, not PEMETREXED, (R)-; the trial belongs to the parent page"
NCT01004250,K1:FG8Q47888S,K1:04Q9AIZ7NO,Pemetrexed,move,R14-PARENT-NAME-TRIAL,"the registry intervention names Pemetrexed, not PEMETREXED, (R)-; the trial belongs to the parent page"
NCT01004601,K1:FG8Q47888S,K1:04Q9AIZ7NO,pemetrexed,move,R14-PARENT-NAME-TRIAL,"the registry intervention names Pemetrexed, not PEMETREXED, (R)-; the trial belongs to the parent page"
NCT01005680,K1:FG8Q47888S,K1:04Q9AIZ7NO,Pemetrexed,move,R14-PARENT-NAME-TRIAL,"the registry intervention names Pemetrexed, not PEMETREXED, (R)-; the trial belongs to the parent page"
NCT01017874,K1:FG8Q47888S,K1:04Q9AIZ7NO,Pemetrexed,move,R14-PARENT-NAME-TRIAL,"the registry intervention names Pemetrexed, not PEMETREXED, (R)-; the trial belongs to the parent page"
NCT01020786,K1:FG8Q47888S,K1:04Q9AIZ7NO,Pemetrexed,move,R14-PARENT-NAME-TRIAL,"the registry intervention names Pemetrexed, not PEMETREXED, (R)-; the trial belongs to the parent page"
NCT01041781,K1:FG8Q47888S,K1:04Q9AIZ7NO,pemetrexed disodium,move,R14-PARENT-NAME-TRIAL,"the registry intervention names Pemetrexed, not PEMETREXED, (R)-; the trial belongs to the parent page"
NCT01042288,K1:FG8Q47888S,K1:04Q9AIZ7NO,Pemetrexed,move,R14-PARENT-NAME-TRIAL,"the registry intervention names Pemetrexed, not PEMETREXED, (R)-; the trial belongs to the parent page"
NCT01057589,K1:FG8Q47888S,K1:04Q9AIZ7NO,Pemetrexed,move,R14-PARENT-NAME-TRIAL,"the registry intervention names Pemetrexed, not PEMETREXED, (R)-; the trial belongs to the parent page"
NCT01063283,K1:FG8Q47888S,K1:04Q9AIZ7NO,Pemetrexed,move,R14-PARENT-NAME-TRIAL,"the registry intervention names Pemetrexed, not PEMETREXED, (R)-; the trial belongs to the parent page"
NCT01064648,K1:FG8Q47888S,K1:04Q9AIZ7NO,Pemetrexed Disodium,move,R14-PARENT-NAME-TRIAL,"the registry intervention names Pemetrexed, not PEMETREXED, (R)-; the trial belongs to the parent page"
NCT01085630,K1:FG8Q47888S,K1:04Q9AIZ7NO,pemetrexed disodium,move,R14-PARENT-NAME-TRIAL,"the registry intervention names Pemetrexed, not PEMETREXED, (R)-; the trial belongs to the parent page"
NCT01087970,K1:FG8Q47888S,K1:04Q9AIZ7NO,Pemetrexed,move,R14-PARENT-NAME-TRIAL,"the registry intervention names Pemetrexed, not PEMETREXED, (R)-; the trial belongs to the parent page"
NCT01088620,K1:FG8Q47888S,K1:04Q9AIZ7NO,Pemetrexed,move,R14-PARENT-NAME-TRIAL,"the registry intervention names Pemetrexed, not PEMETREXED, (R)-; the trial belongs to the parent page"
NCT01105390,K1:FG8Q47888S,K1:04Q9AIZ7NO,pemetrexed disodium,move,R14-PARENT-NAME-TRIAL,"the registry intervention names Pemetrexed, not PEMETREXED, (R)-; the trial belongs to the parent page"
NCT01107626,K1:FG8Q47888S,K1:04Q9AIZ7NO,Pemetrexed Disodium Heptahydrate,move,R14-PARENT-NAME-TRIAL,"the registry intervention names Pemetrexed, not PEMETREXED, (R)-; the trial belongs to the parent page"
NCT01109615,K1:FG8Q47888S,K1:04Q9AIZ7NO,Pemetrexed,move,R14-PARENT-NAME-TRIAL,"the registry intervention names Pemetrexed, not PEMETREXED, (R)-; the trial belongs to the parent page"
NCT01126736,K1:FG8Q47888S,K1:04Q9AIZ7NO,pemetrexed,move,R14-PARENT-NAME-TRIAL,"the registry intervention names Pemetrexed, not PEMETREXED, (R)-; the trial belongs to the parent page"
NCT01139775,K1:FG8Q47888S,K1:04Q9AIZ7NO,Pemetrexed,move,R14-PARENT-NAME-TRIAL,"the registry intervention names Pemetrexed, not PEMETREXED, (R)-; the trial belongs to the parent page"
NCT01160744,K1:FG8Q47888S,K1:04Q9AIZ7NO,Pemetrexed,move,R14-PARENT-NAME-TRIAL,"the registry intervention names Pemetrexed, not PEMETREXED, (R)-; the trial belongs to the parent page"
NCT01165021,K1:FG8Q47888S,K1:04Q9AIZ7NO,Pemetrexed,move,R14-PARENT-NAME-TRIAL,"the registry intervention names Pemetrexed, not PEMETREXED, (R)-; the trial belongs to the parent page"
NCT01169675,K1:FG8Q47888S,K1:04Q9AIZ7NO,pemetrexed,move,R14-PARENT-NAME-TRIAL,"the registry intervention names Pemetrexed, not PEMETREXED, (R)-; the trial belongs to the parent page"
NCT01170871,K1:FG8Q47888S,K1:04Q9AIZ7NO,Pemetrexed,move,R14-PARENT-NAME-TRIAL,"the registry intervention names Pemetrexed, not PEMETREXED, (R)-; the trial belongs to the parent page"
NCT01172470,K1:FG8Q47888S,K1:04Q9AIZ7NO,Pemetrexed,move,R14-PARENT-NAME-TRIAL,"the registry intervention names Pemetrexed, not PEMETREXED, (R)-; the trial belongs to the parent page"
NCT01185847,K1:FG8Q47888S,K1:04Q9AIZ7NO,pemetrexed,move,R14-PARENT-NAME-TRIAL,"the registry intervention names Pemetrexed, not PEMETREXED, (R)-; the trial belongs to the parent page"
NCT01192165,K1:FG8Q47888S,K1:04Q9AIZ7NO,Pemetrexed,move,R14-PARENT-NAME-TRIAL,"the registry intervention names Pemetrexed, not PEMETREXED, (R)-; the trial belongs to the parent page"
NCT01192243,K1:FG8Q47888S,K1:04Q9AIZ7NO,Pemetrexed,move,R14-PARENT-NAME-TRIAL,"the registry intervention names Pemetrexed, not PEMETREXED, (R)-; the trial belongs to the parent page"
NCT01209520,K1:FG8Q47888S,K1:04Q9AIZ7NO,Pemetrexed,move,R14-PARENT-NAME-TRIAL,"the registry intervention names Pemetrexed, not PEMETREXED, (R)-; the trial belongs to the parent page"
NCT01215916,K1:FG8Q47888S,K1:04Q9AIZ7NO,Pemetrexed,move,R14-PARENT-NAME-TRIAL,"the registry intervention names Pemetrexed, not PEMETREXED, (R)-; the trial belongs to the parent page"
NCT01218516,K1:FG8Q47888S,K1:04Q9AIZ7NO,Pemetrexed,move,R14-PARENT-NAME-TRIAL,"the registry intervention names Pemetrexed, not PEMETREXED, (R)-; the trial belongs to the parent page"
NCT01232452,K1:FG8Q47888S,K1:04Q9AIZ7NO,Pemetrexed,move,R14-PARENT-NAME-TRIAL,"the registry intervention names Pemetrexed, not PEMETREXED, (R)-; the trial belongs to the parent page"
NCT01263782,K1:FG8Q47888S,K1:04Q9AIZ7NO,Pemetrexed,move,R14-PARENT-NAME-TRIAL,"the registry intervention names Pemetrexed, not PEMETREXED, (R)-; the trial belongs to the parent page"
NCT01282151,K1:FG8Q47888S,K1:04Q9AIZ7NO,Pemetrexed,move,R14-PARENT-NAME-TRIAL,"the registry intervention names Pemetrexed, not PEMETREXED, (R)-; the trial belongs to the parent page"
NCT01287520,K1:FG8Q47888S,K1:04Q9AIZ7NO,pemetrexed,move,R14-PARENT-NAME-TRIAL,"the registry intervention names Pemetrexed, not PEMETREXED, (R)-; the trial belongs to the parent page"
NCT01296568,K1:FG8Q47888S,K1:04Q9AIZ7NO,Pemetrexed,move,R14-PARENT-NAME-TRIAL,"the registry intervention names Pemetrexed, not PEMETREXED, (R)-; the trial belongs to the parent page"
NCT01301716,K1:FG8Q47888S,K1:04Q9AIZ7NO,pemetrexed,move,R14-PARENT-NAME-TRIAL,"the registry intervention names Pemetrexed, not PEMETREXED, (R)-; the trial belongs to the parent page"
NCT01313663,K1:FG8Q47888S,K1:04Q9AIZ7NO,pemetrexed,move,R14-PARENT-NAME-TRIAL,"the registry intervention names Pemetrexed, not PEMETREXED, (R)-; the trial belongs to the parent page"
NCT01333696,K1:FG8Q47888S,K1:04Q9AIZ7NO,Pemetrexed,move,R14-PARENT-NAME-TRIAL,"the registry intervention names Pemetrexed, not PEMETREXED, (R)-; the trial belongs to the parent page"
NCT01336543,K1:FG8Q47888S,K1:04Q9AIZ7NO,Pemetrexed,move,R14-PARENT-NAME-TRIAL,"the registry intervention names Pemetrexed, not PEMETREXED, (R)-; the trial belongs to the parent page"
NCT01338792,K1:FG8Q47888S,K1:04Q9AIZ7NO,pemetrexed disodium,move,R14-PARENT-NAME-TRIAL,"the registry intervention names Pemetrexed, not PEMETREXED, (R)-; the trial belongs to the parent page"
NCT01344824,K1:FG8Q47888S,K1:04Q9AIZ7NO,pemetrexed disodium,move,R14-PARENT-NAME-TRIAL,"the registry intervention names Pemetrexed, not PEMETREXED, (R)-; the trial belongs to the parent page"
NCT01351415,K1:FG8Q47888S,K1:04Q9AIZ7NO,Pemetrexed,move,R14-PARENT-NAME-TRIAL,"the registry intervention names Pemetrexed, not PEMETREXED, (R)-; the trial belongs to the parent page"
NCT01353482,K1:FG8Q47888S,K1:04Q9AIZ7NO,Pemetrexed,move,R14-PARENT-NAME-TRIAL,"the registry intervention names Pemetrexed, not PEMETREXED, (R)-; the trial belongs to the parent page"
NCT01358968,K1:FG8Q47888S,K1:04Q9AIZ7NO,Pemetrexed,move,R14-PARENT-NAME-TRIAL,"the registry intervention names Pemetrexed, not PEMETREXED, (R)-; the trial belongs to the parent page"
NCT01373463,K1:FG8Q47888S,K1:04Q9AIZ7NO,Pemetrexed,move,R14-PARENT-NAME-TRIAL,"the registry intervention names Pemetrexed, not PEMETREXED, (R)-; the trial belongs to the parent page"
NCT01383148,K1:FG8Q47888S,K1:04Q9AIZ7NO,pemetrexed,move,R14-PARENT-NAME-TRIAL,"the registry intervention names Pemetrexed, not PEMETREXED, (R)-; the trial belongs to the parent page"
NCT01397305,K1:FG8Q47888S,K1:04Q9AIZ7NO,Pemetrexed,move,R14-PARENT-NAME-TRIAL,"the registry intervention names Pemetrexed, not PEMETREXED, (R)-; the trial belongs to the parent page"
NCT01443078,K1:FG8Q47888S,K1:04Q9AIZ7NO,pemetrexed,move,R14-PARENT-NAME-TRIAL,"the registry intervention names Pemetrexed, not PEMETREXED, (R)-; the trial belongs to the parent page"
NCT01445392,K1:FG8Q47888S,K1:04Q9AIZ7NO,Pemetrexed,move,R14-PARENT-NAME-TRIAL,"the registry intervention names Pemetrexed, not PEMETREXED, (R)-; the trial belongs to the parent page"
NCT01447225,K1:FG8Q47888S,K1:04Q9AIZ7NO,Pemetrexed,move,R14-PARENT-NAME-TRIAL,"the registry intervention names Pemetrexed, not PEMETREXED, (R)-; the trial belongs to the parent page"
NCT01450384,K1:FG8Q47888S,K1:04Q9AIZ7NO,pemetrexed disodium,move,R14-PARENT-NAME-TRIAL,"the registry intervention names Pemetrexed, not PEMETREXED, (R)-; the trial belongs to the parent page"
NCT01454102,K1:FG8Q47888S,K1:04Q9AIZ7NO,Pemetrexed,move,R14-PARENT-NAME-TRIAL,"the registry intervention names Pemetrexed, not PEMETREXED, (R)-; the trial belongs to the parent page"
NCT01469000,K1:FG8Q47888S,K1:04Q9AIZ7NO,Pemetrexed,move,R14-PARENT-NAME-TRIAL,"the registry intervention names Pemetrexed, not PEMETREXED, (R)-; the trial belongs to the parent page"
NCT01471197,K1:FG8Q47888S,K1:04Q9AIZ7NO,Pemetrexed,move,R14-PARENT-NAME-TRIAL,"the registry intervention names Pemetrexed, not PEMETREXED, (R)-; the trial belongs to the parent page"
NCT01473563,K1:FG8Q47888S,K1:04Q9AIZ7NO,Pemetrexed,move,R14-PARENT-NAME-TRIAL,"the registry intervention names Pemetrexed, not PEMETREXED, (R)-; the trial belongs to the parent page"
NCT01481259,K1:FG8Q47888S,K1:04Q9AIZ7NO,Pemetrexed,move,R14-PARENT-NAME-TRIAL,"the registry intervention names Pemetrexed, not PEMETREXED, (R)-; the trial belongs to the parent page"
NCT01490437,K1:FG8Q47888S,K1:04Q9AIZ7NO,Pemetrexed,move,R14-PARENT-NAME-TRIAL,"the registry intervention names Pemetrexed, not PEMETREXED, (R)-; the trial belongs to the parent page"
NCT01496742,K1:FG8Q47888S,K1:04Q9AIZ7NO,pemetrexed,move,R14-PARENT-NAME-TRIAL,"the registry intervention names Pemetrexed, not PEMETREXED, (R)-; the trial belongs to the parent page"
NCT01531790,K1:FG8Q47888S,K1:04Q9AIZ7NO,Pemetrexed,move,R14-PARENT-NAME-TRIAL,"the registry intervention names Pemetrexed, not PEMETREXED, (R)-; the trial belongs to the parent page"
NCT01544179,K1:FG8Q47888S,K1:04Q9AIZ7NO,Pemetrexed,move,R14-PARENT-NAME-TRIAL,"the registry intervention names Pemetrexed, not PEMETREXED, (R)-; the trial belongs to the parent page"
NCT01548144,K1:FG8Q47888S,K1:04Q9AIZ7NO,Pemetrexed,move,R14-PARENT-NAME-TRIAL,"the registry intervention names Pemetrexed, not PEMETREXED, (R)-; the trial belongs to the parent page"
NCT01553942,K1:FG8Q47888S,K1:04Q9AIZ7NO,Pemetrexed,move,R14-PARENT-NAME-TRIAL,"the registry intervention names Pemetrexed, not PEMETREXED, (R)-; the trial belongs to the parent page"
NCT01565538,K1:FG8Q47888S,K1:04Q9AIZ7NO,Pemetrexed,move,R14-PARENT-NAME-TRIAL,"the registry intervention names Pemetrexed, not PEMETREXED, (R)-; the trial belongs to the parent page"
NCT01569919,K1:FG8Q47888S,K1:04Q9AIZ7NO,Pemetrexed,move,R14-PARENT-NAME-TRIAL,"the registry intervention names Pemetrexed, not PEMETREXED, (R)-; the trial belongs to the parent page"
NCT01578668,K1:FG8Q47888S,K1:04Q9AIZ7NO,pemetrexed,move,R14-PARENT-NAME-TRIAL,"the registry intervention names Pemetrexed, not PEMETREXED, (R)-; the trial belongs to the parent page"
NCT01631136,K1:FG8Q47888S,K1:04Q9AIZ7NO,Pemetrexed,move,R14-PARENT-NAME-TRIAL,"the registry intervention names Pemetrexed, not PEMETREXED, (R)-; the trial belongs to the parent page"
NCT01633970,K1:FG8Q47888S,K1:04Q9AIZ7NO,Pemetrexed,move,R14-PARENT-NAME-TRIAL,"the registry intervention names Pemetrexed, not PEMETREXED, (R)-; the trial belongs to the parent page"
NCT01646125,K1:FG8Q47888S,K1:04Q9AIZ7NO,Pemetrexed,move,R14-PARENT-NAME-TRIAL,"the registry intervention names Pemetrexed, not PEMETREXED, (R)-; the trial belongs to the parent page"
NCT01655225,K1:FG8Q47888S,K1:04Q9AIZ7NO,Pemetrexed,move,R14-PARENT-NAME-TRIAL,"the registry intervention names Pemetrexed, not PEMETREXED, (R)-; the trial belongs to the parent page"
NCT01656551,K1:FG8Q47888S,K1:04Q9AIZ7NO,Pemetrexed,move,R14-PARENT-NAME-TRIAL,"the registry intervention names Pemetrexed, not PEMETREXED, (R)-; the trial belongs to the parent page"
NCT01664754,K1:FG8Q47888S,K1:04Q9AIZ7NO,pemetrexed disodium,move,R14-PARENT-NAME-TRIAL,"the registry intervention names Pemetrexed, not PEMETREXED, (R)-; the trial belongs to the parent page"
NCT01666977,K1:FG8Q47888S,K1:04Q9AIZ7NO,Pemetrexed,move,R14-PARENT-NAME-TRIAL,"the registry intervention names Pemetrexed, not PEMETREXED, (R)-; the trial belongs to the parent page"
NCT01674738,K1:FG8Q47888S,K1:04Q9AIZ7NO,Pemetrexed,move,R14-PARENT-NAME-TRIAL,"the registry intervention names Pemetrexed, not PEMETREXED, (R)-; the trial belongs to the parent page"
NCT01700400,K1:FG8Q47888S,K1:04Q9AIZ7NO,Pemetrexed,move,R14-PARENT-NAME-TRIAL,"the registry intervention names Pemetrexed, not PEMETREXED, (R)-; the trial belongs to the parent page"
NCT01703910,K1:FG8Q47888S,K1:04Q9AIZ7NO,Pemetrexed,move,R14-PARENT-NAME-TRIAL,"the registry intervention names Pemetrexed, not PEMETREXED, (R)-; the trial belongs to the parent page"
NCT01705184,K1:FG8Q47888S,K1:04Q9AIZ7NO,Pemetrexed,move,R14-PARENT-NAME-TRIAL,"the registry intervention names Pemetrexed, not PEMETREXED, (R)-; the trial belongs to the parent page"
NCT01708993,K1:FG8Q47888S,K1:04Q9AIZ7NO,Pemetrexed,move,R14-PARENT-NAME-TRIAL,"the registry intervention names Pemetrexed, not PEMETREXED, (R)-; the trial belongs to the parent page"
NCT01714037,K1:FG8Q47888S,K1:04Q9AIZ7NO,Pemetrexed,move,R14-PARENT-NAME-TRIAL,"the registry intervention names Pemetrexed, not PEMETREXED, (R)-; the trial belongs to the parent page"
NCT01723800,K1:FG8Q47888S,K1:04Q9AIZ7NO,pemetrexed disodium,move,R14-PARENT-NAME-TRIAL,"the registry intervention names Pemetrexed, not PEMETREXED, (R)-; the trial belongs to the parent page"
NCT01742767,K1:FG8Q47888S,K1:04Q9AIZ7NO,Pemetrexed,move,R14-PARENT-NAME-TRIAL,"the registry intervention names Pemetrexed, not PEMETREXED, (R)-; the trial belongs to the parent page"
NCT01774578,K1:FG8Q47888S,K1:04Q9AIZ7NO,Pemetrexed,move,R14-PARENT-NAME-TRIAL,"the registry intervention names Pemetrexed, not PEMETREXED, (R)-; the trial belongs to the parent page"
NCT01783197,K1:FG8Q47888S,K1:04Q9AIZ7NO,Pemetrexed,move,R14-PARENT-NAME-TRIAL,"the registry intervention names Pemetrexed, not PEMETREXED, (R)-; the trial belongs to the parent page"
NCT01783834,K1:FG8Q47888S,K1:04Q9AIZ7NO,Pemetrexed,move,R14-PARENT-NAME-TRIAL,"the registry intervention names Pemetrexed, not PEMETREXED, (R)-; the trial belongs to the parent page"
NCT01784640,K1:FG8Q47888S,K1:04Q9AIZ7NO,pemetrexed disodium,move,R14-PARENT-NAME-TRIAL,"the registry intervention names Pemetrexed, not PEMETREXED, (R)-; the trial belongs to the parent page"
NCT01803282,K1:FG8Q47888S,K1:04Q9AIZ7NO,Pemetrexed,move,R14-PARENT-NAME-TRIAL,"the registry intervention names Pemetrexed, not PEMETREXED, (R)-; the trial belongs to the parent page"
NCT01809210,K1:FG8Q47888S,K1:04Q9AIZ7NO,pemetrexed,move,R14-PARENT-NAME-TRIAL,"the registry intervention names Pemetrexed, not PEMETREXED, (R)-; the trial belongs to the parent page"
NCT01828099,K1:FG8Q47888S,K1:04Q9AIZ7NO,Pemetrexed,move,R14-PARENT-NAME-TRIAL,"the registry intervention names Pemetrexed, not PEMETREXED, (R)-; the trial belongs to the parent page"
NCT01828112,K1:FG8Q47888S,K1:04Q9AIZ7NO,Pemetrexed,move,R14-PARENT-NAME-TRIAL,"the registry intervention names Pemetrexed, not PEMETREXED, (R)-; the trial belongs to the parent page"
NCT01836341,K1:FG8Q47888S,K1:04Q9AIZ7NO,Pemetrexed,move,R14-PARENT-NAME-TRIAL,"the registry intervention names Pemetrexed, not PEMETREXED, (R)-; the trial belongs to the parent page"
NCT01836575,K1:FG8Q47888S,K1:04Q9AIZ7NO,Pemetrexed,move,R14-PARENT-NAME-TRIAL,"the registry intervention names Pemetrexed, not PEMETREXED, (R)-; the trial belongs to the parent page"
NCT01850303,K1:FG8Q47888S,K1:04Q9AIZ7NO,Pemetrexed,move,R14-PARENT-NAME-TRIAL,"the registry intervention names Pemetrexed, not PEMETREXED, (R)-; the trial belongs to the parent page"
NCT01860040,K1:FG8Q47888S,K1:04Q9AIZ7NO,Pemetrexed,move,R14-PARENT-NAME-TRIAL,"the registry intervention names Pemetrexed, not PEMETREXED, (R)-; the trial belongs to the parent page"
NCT01868022,K1:FG8Q47888S,K1:04Q9AIZ7NO,pemetrexed,move,R14-PARENT-NAME-TRIAL,"the registry intervention names Pemetrexed, not PEMETREXED, (R)-; the trial belongs to the parent page"
NCT01878617,K1:FG8Q47888S,K1:04Q9AIZ7NO,Pemetrexed,move,R14-PARENT-NAME-TRIAL,"the registry intervention names Pemetrexed, not PEMETREXED, (R)-; the trial belongs to the parent page"
NCT01907100,K1:FG8Q47888S,K1:04Q9AIZ7NO,Pemetrexed,move,R14-PARENT-NAME-TRIAL,"the registry intervention names Pemetrexed, not PEMETREXED, (R)-; the trial belongs to the parent page"
NCT01909830,K1:FG8Q47888S,K1:04Q9AIZ7NO,Pemetrexed,move,R14-PARENT-NAME-TRIAL,"the registry intervention names Pemetrexed, not PEMETREXED, (R)-; the trial belongs to the parent page"
NCT01928160,K1:FG8Q47888S,K1:04Q9AIZ7NO,pemetrexed disodium,move,R14-PARENT-NAME-TRIAL,"the registry intervention names Pemetrexed, not PEMETREXED, (R)-; the trial belongs to the parent page"
NCT01935947,K1:FG8Q47888S,K1:04Q9AIZ7NO,Pemetrexed Disodium,move,R14-PARENT-NAME-TRIAL,"the registry intervention names Pemetrexed, not PEMETREXED, (R)-; the trial belongs to the parent page"
NCT01953419,K1:FG8Q47888S,K1:04Q9AIZ7NO,Pemetrexed disodium,move,R14-PARENT-NAME-TRIAL,"the registry intervention names Pemetrexed, not PEMETREXED, (R)-; the trial belongs to the parent page"
NCT01958372,K1:FG8Q47888S,K1:04Q9AIZ7NO,pemetrexed disodium,move,R14-PARENT-NAME-TRIAL,"the registry intervention names Pemetrexed, not PEMETREXED, (R)-; the trial belongs to the parent page"
NCT01982955,K1:FG8Q47888S,K1:04Q9AIZ7NO,Pemetrexed,move,R14-PARENT-NAME-TRIAL,"the registry intervention names Pemetrexed, not PEMETREXED, (R)-; the trial belongs to the parent page"
NCT01993810,K1:FG8Q47888S,K1:04Q9AIZ7NO,Pemetrexed Disodium,move,R14-PARENT-NAME-TRIAL,"the registry intervention names Pemetrexed, not PEMETREXED, (R)-; the trial belongs to the parent page"
NCT02001168,K1:FG8Q47888S,K1:04Q9AIZ7NO,Pemetrexed,move,R14-PARENT-NAME-TRIAL,"the registry intervention names Pemetrexed, not PEMETREXED, (R)-; the trial belongs to the parent page"
NCT02013453,K1:FG8Q47888S,K1:04Q9AIZ7NO,Pemetrexed,move,R14-PARENT-NAME-TRIAL,"the registry intervention names Pemetrexed, not PEMETREXED, (R)-; the trial belongs to the parent page"
NCT02031601,K1:FG8Q47888S,K1:04Q9AIZ7NO,Pemetrexed,move,R14-PARENT-NAME-TRIAL,"the registry intervention names Pemetrexed, not PEMETREXED, (R)-; the trial belongs to the parent page"
NCT02037997,K1:FG8Q47888S,K1:04Q9AIZ7NO,pemetrexed,move,R14-PARENT-NAME-TRIAL,"the registry intervention names Pemetrexed, not PEMETREXED, (R)-; the trial belongs to the parent page"
NCT02039674,K1:FG8Q47888S,K1:04Q9AIZ7NO,Pemetrexed,move,R14-PARENT-NAME-TRIAL,"the registry intervention names Pemetrexed, not PEMETREXED, (R)-; the trial belongs to the parent page"
NCT02041533,K1:FG8Q47888S,K1:04Q9AIZ7NO,Pemetrexed,move,R14-PARENT-NAME-TRIAL,"the registry intervention names Pemetrexed, not PEMETREXED, (R)-; the trial belongs to the parent page"
NCT02076477,K1:FG8Q47888S,K1:04Q9AIZ7NO,pemetrexed,move,R14-PARENT-NAME-TRIAL,"the registry intervention names Pemetrexed, not PEMETREXED, (R)-; the trial belongs to the parent page"
NCT02079636,K1:FG8Q47888S,K1:04Q9AIZ7NO,Pemetrexed,move,R14-PARENT-NAME-TRIAL,"the registry intervention names Pemetrexed, not PEMETREXED, (R)-; the trial belongs to the parent page"
NCT02087241,K1:FG8Q47888S,K1:04Q9AIZ7NO,pemetrexed,move,R14-PARENT-NAME-TRIAL,"the registry intervention names Pemetrexed, not PEMETREXED, (R)-; the trial belongs to the parent page"
NCT02117167,K1:FG8Q47888S,K1:04Q9AIZ7NO,Pemetrexed,move,R14-PARENT-NAME-TRIAL,"the registry intervention names Pemetrexed, not PEMETREXED, (R)-; the trial belongs to the parent page"
NCT02119650,K1:FG8Q47888S,K1:04Q9AIZ7NO,Pemetrexed,move,R14-PARENT-NAME-TRIAL,"the registry intervention names Pemetrexed, not PEMETREXED, (R)-; the trial belongs to the parent page"
NCT02120807,K1:FG8Q47888S,K1:04Q9AIZ7NO,pemetrexed,move,R14-PARENT-NAME-TRIAL,"the registry intervention names Pemetrexed, not PEMETREXED, (R)-; the trial belongs to the parent page"
NCT02124148,K1:FG8Q47888S,K1:04Q9AIZ7NO,Pemetrexed,move,R14-PARENT-NAME-TRIAL,"the registry intervention names Pemetrexed, not PEMETREXED, (R)-; the trial belongs to the parent page"
NCT02134912,K1:FG8Q47888S,K1:04Q9AIZ7NO,pemetrexed disodium,move,R14-PARENT-NAME-TRIAL,"the registry intervention names Pemetrexed, not PEMETREXED, (R)-; the trial belongs to the parent page"
NCT02142738,K1:FG8Q47888S,K1:04Q9AIZ7NO,Pemetrexed,move,R14-PARENT-NAME-TRIAL,"the registry intervention names Pemetrexed, not PEMETREXED, (R)-; the trial belongs to the parent page"
NCT02145078,K1:FG8Q47888S,K1:04Q9AIZ7NO,pemetrexed disodium,move,R14-PARENT-NAME-TRIAL,"the registry intervention names Pemetrexed, not PEMETREXED, (R)-; the trial belongs to the parent page"
NCT02162537,K1:FG8Q47888S,K1:04Q9AIZ7NO,Pemetrexed,move,R14-PARENT-NAME-TRIAL,"the registry intervention names Pemetrexed, not PEMETREXED, (R)-; the trial belongs to the parent page"
NCT02182102,K1:FG8Q47888S,K1:04Q9AIZ7NO,Pemetrexed,move,R14-PARENT-NAME-TRIAL,"the registry intervention names Pemetrexed, not PEMETREXED, (R)-; the trial belongs to the parent page"
NCT02185690,K1:FG8Q47888S,K1:04Q9AIZ7NO,Pemetrexed,move,R14-PARENT-NAME-TRIAL,"the registry intervention names Pemetrexed, not PEMETREXED, (R)-; the trial belongs to the parent page"
NCT02194738,K1:FG8Q47888S,K1:04Q9AIZ7NO,Pemetrexed,move,R14-PARENT-NAME-TRIAL,"the registry intervention names Pemetrexed, not PEMETREXED, (R)-; the trial belongs to the parent page"
NCT02211833,K1:FG8Q47888S,K1:04Q9AIZ7NO,Pemetrexed,move,R14-PARENT-NAME-TRIAL,"the registry intervention names Pemetrexed, not PEMETREXED, (R)-; the trial belongs to the parent page"
NCT02220894,K1:FG8Q47888S,K1:04Q9AIZ7NO,pemetrexed,move,R14-PARENT-NAME-TRIAL,"the registry intervention names Pemetrexed, not PEMETREXED, (R)-; the trial belongs to the parent page"
NCT02259582,K1:FG8Q47888S,K1:04Q9AIZ7NO,Pemetrexed,move,R14-PARENT-NAME-TRIAL,"the registry intervention names Pemetrexed, not PEMETREXED, (R)-; the trial belongs to the parent page"
NCT02264990,K1:FG8Q47888S,K1:04Q9AIZ7NO,Pemetrexed,move,R14-PARENT-NAME-TRIAL,"the registry intervention names Pemetrexed, not PEMETREXED, (R)-; the trial belongs to the parent page"
NCT02284490,K1:FG8Q47888S,K1:04Q9AIZ7NO,pemetrexed,move,R14-PARENT-NAME-TRIAL,"the registry intervention names Pemetrexed, not PEMETREXED, (R)-; the trial belongs to the parent page"
NCT02296671,K1:FG8Q47888S,K1:04Q9AIZ7NO,Pemetrexed,move,R14-PARENT-NAME-TRIAL,"the registry intervention names Pemetrexed, not PEMETREXED, (R)-; the trial belongs to the parent page"
NCT02337530,K1:FG8Q47888S,K1:04Q9AIZ7NO,Pemetrexed,move,R14-PARENT-NAME-TRIAL,"the registry intervention names Pemetrexed, not PEMETREXED, (R)-; the trial belongs to the parent page"
NCT02347917,K1:FG8Q47888S,K1:04Q9AIZ7NO,Pemetrexed,move,R14-PARENT-NAME-TRIAL,"the registry intervention names Pemetrexed, not PEMETREXED, (R)-; the trial belongs to the parent page"
NCT02357147,K1:FG8Q47888S,K1:04Q9AIZ7NO,Pemetrexed,move,R14-PARENT-NAME-TRIAL,"the registry intervention names Pemetrexed, not PEMETREXED, (R)-; the trial belongs to the parent page"
NCT02367781,K1:FG8Q47888S,K1:04Q9AIZ7NO,Pemetrexed,move,R14-PARENT-NAME-TRIAL,"the registry intervention names Pemetrexed, not PEMETREXED, (R)-; the trial belongs to the parent page"
NCT02383212,K1:FG8Q47888S,K1:04Q9AIZ7NO,Pemetrexed,move,R14-PARENT-NAME-TRIAL,"the registry intervention names Pemetrexed, not PEMETREXED, (R)-; the trial belongs to the parent page"
NCT02397928,K1:FG8Q47888S,K1:04Q9AIZ7NO,Pemetrexed,move,R14-PARENT-NAME-TRIAL,"the registry intervention names Pemetrexed, not PEMETREXED, (R)-; the trial belongs to the parent page"
NCT02407366,K1:FG8Q47888S,K1:04Q9AIZ7NO,Pemetrexed,move,R14-PARENT-NAME-TRIAL,"the registry intervention names Pemetrexed, not PEMETREXED, (R)-; the trial belongs to the parent page"
NCT02409342,K1:FG8Q47888S,K1:04Q9AIZ7NO,Pemetrexed,move,R14-PARENT-NAME-TRIAL,"the registry intervention names Pemetrexed, not PEMETREXED, (R)-; the trial belongs to the parent page"
NCT02419495,K1:FG8Q47888S,K1:04Q9AIZ7NO,Pemetrexed,move,R14-PARENT-NAME-TRIAL,"the registry intervention names Pemetrexed, not PEMETREXED, (R)-; the trial belongs to the parent page"
NCT02426658,K1:FG8Q47888S,K1:04Q9AIZ7NO,Pemetrexed Disodium,move,R14-PARENT-NAME-TRIAL,"the registry intervention names Pemetrexed, not PEMETREXED, (R)-; the trial belongs to the parent page"
NCT02439450,K1:FG8Q47888S,K1:04Q9AIZ7NO,Pemetrexed,move,R14-PARENT-NAME-TRIAL,"the registry intervention names Pemetrexed, not PEMETREXED, (R)-; the trial belongs to the parent page"
NCT02477826,K1:FG8Q47888S,K1:04Q9AIZ7NO,Pemetrexed,move,R14-PARENT-NAME-TRIAL,"the registry intervention names Pemetrexed, not PEMETREXED, (R)-; the trial belongs to the parent page"
NCT02486718,K1:FG8Q47888S,K1:04Q9AIZ7NO,Pemetrexed,move,R14-PARENT-NAME-TRIAL,"the registry intervention names Pemetrexed, not PEMETREXED, (R)-; the trial belongs to the parent page"
NCT02488694,K1:FG8Q47888S,K1:04Q9AIZ7NO,Pemetrexed,move,R14-PARENT-NAME-TRIAL,"the registry intervention names Pemetrexed, not PEMETREXED, (R)-; the trial belongs to the parent page"
NCT02489903,K1:FG8Q47888S,K1:04Q9AIZ7NO,Pemetrexed,move,R14-PARENT-NAME-TRIAL,"the registry intervention names Pemetrexed, not PEMETREXED, (R)-; the trial belongs to the parent page"
NCT02498860,K1:FG8Q47888S,K1:04Q9AIZ7NO,Pemetrexed,move,R14-PARENT-NAME-TRIAL,"the registry intervention names Pemetrexed, not PEMETREXED, (R)-; the trial belongs to the parent page"
NCT02518802,K1:FG8Q47888S,K1:04Q9AIZ7NO,Pemetrexed,move,R14-PARENT-NAME-TRIAL,"the registry intervention names Pemetrexed, not PEMETREXED, (R)-; the trial belongs to the parent page"
NCT02531854,K1:FG8Q47888S,K1:04Q9AIZ7NO,Pemetrexed,move,R14-PARENT-NAME-TRIAL,"the registry intervention names Pemetrexed, not PEMETREXED, (R)-; the trial belongs to the parent page"
NCT02535312,K1:FG8Q47888S,K1:04Q9AIZ7NO,Pemetrexed Disodium,move,R14-PARENT-NAME-TRIAL,"the registry intervention names Pemetrexed, not PEMETREXED, (R)-; the trial belongs to the parent page"
NCT02535325,K1:FG8Q47888S,K1:04Q9AIZ7NO,Pemetrexed,move,R14-PARENT-NAME-TRIAL,"the registry intervention names Pemetrexed, not PEMETREXED, (R)-; the trial belongs to the parent page"
NCT02568033,K1:FG8Q47888S,K1:04Q9AIZ7NO,Pemetrexed,move,R14-PARENT-NAME-TRIAL,"the registry intervention names Pemetrexed, not PEMETREXED, (R)-; the trial belongs to the parent page"
NCT02574078,K1:FG8Q47888S,K1:04Q9AIZ7NO,Pemetrexed,move,R14-PARENT-NAME-TRIAL,"the registry intervention names Pemetrexed, not PEMETREXED, (R)-; the trial belongs to the parent page"
NCT02576574,K1:FG8Q47888S,K1:04Q9AIZ7NO,Pemetrexed,move,R14-PARENT-NAME-TRIAL,"the registry intervention names Pemetrexed, not PEMETREXED, (R)-; the trial belongs to the parent page"
NCT02578680,K1:FG8Q47888S,K1:04Q9AIZ7NO,Pemetrexed,move,R14-PARENT-NAME-TRIAL,"the registry intervention names Pemetrexed, not PEMETREXED, (R)-; the trial belongs to the parent page"
NCT02579564,K1:FG8Q47888S,K1:04Q9AIZ7NO,Pemetrexed,move,R14-PARENT-NAME-TRIAL,"the registry intervention names Pemetrexed, not PEMETREXED, (R)-; the trial belongs to the parent page"
NCT02588781,K1:FG8Q47888S,K1:04Q9AIZ7NO,Pemetrexed,move,R14-PARENT-NAME-TRIAL,"the registry intervention names Pemetrexed, not PEMETREXED, (R)-; the trial belongs to the parent page"
NCT02591615,K1:FG8Q47888S,K1:04Q9AIZ7NO,Pemetrexed,move,R14-PARENT-NAME-TRIAL,"the registry intervention names Pemetrexed, not PEMETREXED, (R)-; the trial belongs to the parent page"
NCT02595840,K1:FG8Q47888S,K1:04Q9AIZ7NO,Pemetrexed,move,R14-PARENT-NAME-TRIAL,"the registry intervention names Pemetrexed, not PEMETREXED, (R)-; the trial belongs to the parent page"
NCT02603003,K1:FG8Q47888S,K1:04Q9AIZ7NO,Pemetrexed,move,R14-PARENT-NAME-TRIAL,"the registry intervention names Pemetrexed, not PEMETREXED, (R)-; the trial belongs to the parent page"
NCT02604342,K1:FG8Q47888S,K1:04Q9AIZ7NO,Pemetrexed,move,R14-PARENT-NAME-TRIAL,"the registry intervention names Pemetrexed, not PEMETREXED, (R)-; the trial belongs to the parent page"
NCT02607423,K1:FG8Q47888S,K1:04Q9AIZ7NO,Pemetrexed Disodium,move,R14-PARENT-NAME-TRIAL,"the registry intervention names Pemetrexed, not PEMETREXED, (R)-; the trial belongs to the parent page"
NCT02609776,K1:FG8Q47888S,K1:04Q9AIZ7NO,Pemetrexed,move,R14-PARENT-NAME-TRIAL,"the registry intervention names Pemetrexed, not PEMETREXED, (R)-; the trial belongs to the parent page"
NCT02639091,K1:FG8Q47888S,K1:04Q9AIZ7NO,Pemetrexed,move,R14-PARENT-NAME-TRIAL,"the registry intervention names Pemetrexed, not PEMETREXED, (R)-; the trial belongs to the parent page"
NCT02654587,K1:FG8Q47888S,K1:04Q9AIZ7NO,Pemetrexed,move,R14-PARENT-NAME-TRIAL,"the registry intervention names Pemetrexed, not PEMETREXED, (R)-; the trial belongs to the parent page"
NCT02657434,K1:FG8Q47888S,K1:04Q9AIZ7NO,Pemetrexed,move,R14-PARENT-NAME-TRIAL,"the registry intervention names Pemetrexed, not PEMETREXED, (R)-; the trial belongs to the parent page"
NCT02693717,K1:FG8Q47888S,K1:04Q9AIZ7NO,Pemetrexed Disodium,move,R14-PARENT-NAME-TRIAL,"the registry intervention names Pemetrexed, not PEMETREXED, (R)-; the trial belongs to the parent page"
NCT02709512,K1:FG8Q47888S,K1:04Q9AIZ7NO,Pemetrexed,move,R14-PARENT-NAME-TRIAL,"the registry intervention names Pemetrexed, not PEMETREXED, (R)-; the trial belongs to the parent page"
NCT02710396,K1:FG8Q47888S,K1:04Q9AIZ7NO,Pemetrexed,move,R14-PARENT-NAME-TRIAL,"the registry intervention names Pemetrexed, not PEMETREXED, (R)-; the trial belongs to the parent page"
NCT02723578,K1:FG8Q47888S,K1:04Q9AIZ7NO,Pemetrexed,move,R14-PARENT-NAME-TRIAL,"the registry intervention names Pemetrexed, not PEMETREXED, (R)-; the trial belongs to the parent page"
NCT02723955,K1:FG8Q47888S,K1:04Q9AIZ7NO,Pemetrexed,move,R14-PARENT-NAME-TRIAL,"the registry intervention names Pemetrexed, not PEMETREXED, (R)-; the trial belongs to the parent page"
NCT02725918,K1:FG8Q47888S,K1:04Q9AIZ7NO,Pemetrexed,move,R14-PARENT-NAME-TRIAL,"the registry intervention names Pemetrexed, not PEMETREXED, (R)-; the trial belongs to the parent page"
NCT02743923,K1:FG8Q47888S,K1:04Q9AIZ7NO,Pemetrexed,move,R14-PARENT-NAME-TRIAL,"the registry intervention names Pemetrexed, not PEMETREXED, (R)-; the trial belongs to the parent page"
NCT02784171,K1:FG8Q47888S,K1:04Q9AIZ7NO,Pemetrexed,move,R14-PARENT-NAME-TRIAL,"the registry intervention names Pemetrexed, not PEMETREXED, (R)-; the trial belongs to the parent page"
NCT02787473,K1:FG8Q47888S,K1:04Q9AIZ7NO,pemetrexed,move,R14-PARENT-NAME-TRIAL,"the registry intervention names Pemetrexed, not PEMETREXED, (R)-; the trial belongs to the parent page"
NCT02794571,K1:FG8Q47888S,K1:04Q9AIZ7NO,Pemetrexed,move,R14-PARENT-NAME-TRIAL,"the registry intervention names Pemetrexed, not PEMETREXED, (R)-; the trial belongs to the parent page"
NCT02804646,K1:FG8Q47888S,K1:04Q9AIZ7NO,pemetrexed disodium,move,R14-PARENT-NAME-TRIAL,"the registry intervention names Pemetrexed, not PEMETREXED, (R)-; the trial belongs to the parent page"
NCT02817633,K1:FG8Q47888S,K1:04Q9AIZ7NO,Pemetrexed,move,R14-PARENT-NAME-TRIAL,"the registry intervention names Pemetrexed, not PEMETREXED, (R)-; the trial belongs to the parent page"
NCT02838745,K1:FG8Q47888S,K1:04Q9AIZ7NO,Pemetrexed,move,R14-PARENT-NAME-TRIAL,"the registry intervention names Pemetrexed, not PEMETREXED, (R)-; the trial belongs to the parent page"
NCT02864251,K1:FG8Q47888S,K1:04Q9AIZ7NO,Pemetrexed,move,R14-PARENT-NAME-TRIAL,"the registry intervention names Pemetrexed, not PEMETREXED, (R)-; the trial belongs to the parent page"
NCT02868892,K1:FG8Q47888S,K1:04Q9AIZ7NO,Pemetrexed,move,R14-PARENT-NAME-TRIAL,"the registry intervention names Pemetrexed, not PEMETREXED, (R)-; the trial belongs to the parent page"
NCT02886195,K1:FG8Q47888S,K1:04Q9AIZ7NO,pemetrexed,move,R14-PARENT-NAME-TRIAL,"the registry intervention names Pemetrexed, not PEMETREXED, (R)-; the trial belongs to the parent page"
NCT02899299,K1:FG8Q47888S,K1:04Q9AIZ7NO,Pemetrexed,move,R14-PARENT-NAME-TRIAL,"the registry intervention names Pemetrexed, not PEMETREXED, (R)-; the trial belongs to the parent page"
NCT02900742,K1:FG8Q47888S,K1:04Q9AIZ7NO,Pemetrexed®,move,R14-PARENT-NAME-TRIAL,"the registry intervention names Pemetrexed, not PEMETREXED, (R)-; the trial belongs to the parent page"
NCT02919462,K1:FG8Q47888S,K1:04Q9AIZ7NO,Pemetrexed,move,R14-PARENT-NAME-TRIAL,"the registry intervention names Pemetrexed, not PEMETREXED, (R)-; the trial belongs to the parent page"
NCT02921984,K1:FG8Q47888S,K1:04Q9AIZ7NO,Pemetrexed,move,R14-PARENT-NAME-TRIAL,"the registry intervention names Pemetrexed, not PEMETREXED, (R)-; the trial belongs to the parent page"
NCT02922764,K1:FG8Q47888S,K1:04Q9AIZ7NO,Pemetrexed,move,R14-PARENT-NAME-TRIAL,"the registry intervention names Pemetrexed, not PEMETREXED, (R)-; the trial belongs to the parent page"
NCT02944396,K1:FG8Q47888S,K1:04Q9AIZ7NO,pemetrexed,move,R14-PARENT-NAME-TRIAL,"the registry intervention names Pemetrexed, not PEMETREXED, (R)-; the trial belongs to the parent page"
NCT02947113,K1:FG8Q47888S,K1:04Q9AIZ7NO,Pemetrexed,move,R14-PARENT-NAME-TRIAL,"the registry intervention names Pemetrexed, not PEMETREXED, (R)-; the trial belongs to the parent page"
NCT02964013,K1:FG8Q47888S,K1:04Q9AIZ7NO,pemetrexed,move,R14-PARENT-NAME-TRIAL,"the registry intervention names Pemetrexed, not PEMETREXED, (R)-; the trial belongs to the parent page"
NCT02964689,K1:FG8Q47888S,K1:04Q9AIZ7NO,Pemetrexed,move,R14-PARENT-NAME-TRIAL,"the registry intervention names Pemetrexed, not PEMETREXED, (R)-; the trial belongs to the parent page"
NCT02980991,K1:FG8Q47888S,K1:04Q9AIZ7NO,Pemetrexed,move,R14-PARENT-NAME-TRIAL,"the registry intervention names Pemetrexed, not PEMETREXED, (R)-; the trial belongs to the parent page"
NCT02998528,K1:FG8Q47888S,K1:04Q9AIZ7NO,Pemetrexed,move,R14-PARENT-NAME-TRIAL,"the registry intervention names Pemetrexed, not PEMETREXED, (R)-; the trial belongs to the parent page"
NCT03023319,K1:FG8Q47888S,K1:04Q9AIZ7NO,Pemetrexed,move,R14-PARENT-NAME-TRIAL,"the registry intervention names Pemetrexed, not PEMETREXED, (R)-; the trial belongs to the parent page"
NCT03041181,K1:FG8Q47888S,K1:04Q9AIZ7NO,Pemetrexed,move,R14-PARENT-NAME-TRIAL,"the registry intervention names Pemetrexed, not PEMETREXED, (R)-; the trial belongs to the parent page"
NCT03050437,K1:FG8Q47888S,K1:04Q9AIZ7NO,Pemetrexed,move,R14-PARENT-NAME-TRIAL,"the registry intervention names Pemetrexed, not PEMETREXED, (R)-; the trial belongs to the parent page"
NCT03058094,K1:FG8Q47888S,K1:04Q9AIZ7NO,Pemetrexed,move,R14-PARENT-NAME-TRIAL,"the registry intervention names Pemetrexed, not PEMETREXED, (R)-; the trial belongs to the parent page"
NCT03061058,K1:FG8Q47888S,K1:04Q9AIZ7NO,Pemetrexed,move,R14-PARENT-NAME-TRIAL,"the registry intervention names Pemetrexed, not PEMETREXED, (R)-; the trial belongs to the parent page"
NCT03062800,K1:FG8Q47888S,K1:04Q9AIZ7NO,pemetrexed,move,R14-PARENT-NAME-TRIAL,"the registry intervention names Pemetrexed, not PEMETREXED, (R)-; the trial belongs to the parent page"
NCT03064854,K1:FG8Q47888S,K1:04Q9AIZ7NO,Pemetrexed,move,R14-PARENT-NAME-TRIAL,"the registry intervention names Pemetrexed, not PEMETREXED, (R)-; the trial belongs to the parent page"
NCT03085914,K1:FG8Q47888S,K1:04Q9AIZ7NO,Pemetrexed,move,R14-PARENT-NAME-TRIAL,"the registry intervention names Pemetrexed, not PEMETREXED, (R)-; the trial belongs to the parent page"
NCT03086538,K1:FG8Q47888S,K1:04Q9AIZ7NO,Pemetrexed,move,R14-PARENT-NAME-TRIAL,"the registry intervention names Pemetrexed, not PEMETREXED, (R)-; the trial belongs to the parent page"
NCT03088540,K1:FG8Q47888S,K1:04Q9AIZ7NO,Pemetrexed,move,R14-PARENT-NAME-TRIAL,"the registry intervention names Pemetrexed, not PEMETREXED, (R)-; the trial belongs to the parent page"
NCT03101579,K1:FG8Q47888S,K1:04Q9AIZ7NO,Pemetrexed,move,R14-PARENT-NAME-TRIAL,"the registry intervention names Pemetrexed, not PEMETREXED, (R)-; the trial belongs to the parent page"
NCT03132532,K1:FG8Q47888S,K1:04Q9AIZ7NO,Pemetrexed,move,R14-PARENT-NAME-TRIAL,"the registry intervention names Pemetrexed, not PEMETREXED, (R)-; the trial belongs to the parent page"
NCT03134872,K1:FG8Q47888S,K1:04Q9AIZ7NO,Pemetrexed,move,R14-PARENT-NAME-TRIAL,"the registry intervention names Pemetrexed, not PEMETREXED, (R)-; the trial belongs to the parent page"
NCT03137771,K1:FG8Q47888S,K1:04Q9AIZ7NO,Pemetrexed Disodium,move,R14-PARENT-NAME-TRIAL,"the registry intervention names Pemetrexed, not PEMETREXED, (R)-; the trial belongs to the parent page"
NCT03138889,K1:FG8Q47888S,K1:04Q9AIZ7NO,Pemetrexed,move,R14-PARENT-NAME-TRIAL,"the registry intervention names Pemetrexed, not PEMETREXED, (R)-; the trial belongs to the parent page"
NCT03158129,K1:FG8Q47888S,K1:04Q9AIZ7NO,Pemetrexed,move,R14-PARENT-NAME-TRIAL,"the registry intervention names Pemetrexed, not PEMETREXED, (R)-; the trial belongs to the parent page"
NCT03164694,K1:FG8Q47888S,K1:04Q9AIZ7NO,Pemetrexed,move,R14-PARENT-NAME-TRIAL,"the registry intervention names Pemetrexed, not PEMETREXED, (R)-; the trial belongs to the parent page"
NCT03177291,K1:FG8Q47888S,K1:04Q9AIZ7NO,Pemetrexed,move,R14-PARENT-NAME-TRIAL,"the registry intervention names Pemetrexed, not PEMETREXED, (R)-; the trial belongs to the parent page"
NCT03178552,K1:FG8Q47888S,K1:04Q9AIZ7NO,Pemetrexed,move,R14-PARENT-NAME-TRIAL,"the registry intervention names Pemetrexed, not PEMETREXED, (R)-; the trial belongs to the parent page"
NCT03190239,K1:FG8Q47888S,K1:04Q9AIZ7NO,Pemetrexed,move,R14-PARENT-NAME-TRIAL,"the registry intervention names Pemetrexed, not PEMETREXED, (R)-; the trial belongs to the parent page"
NCT03193788,K1:FG8Q47888S,K1:04Q9AIZ7NO,pemetrexed,move,R14-PARENT-NAME-TRIAL,"the registry intervention names Pemetrexed, not PEMETREXED, (R)-; the trial belongs to the parent page"
NCT03215706,K1:FG8Q47888S,K1:04Q9AIZ7NO,Pemetrexed,move,R14-PARENT-NAME-TRIAL,"the registry intervention names Pemetrexed, not PEMETREXED, (R)-; the trial belongs to the parent page"
NCT03228537,K1:FG8Q47888S,K1:04Q9AIZ7NO,Pemetrexed Disodium,move,R14-PARENT-NAME-TRIAL,"the registry intervention names Pemetrexed, not PEMETREXED, (R)-; the trial belongs to the parent page"
NCT03233139,K1:FG8Q47888S,K1:04Q9AIZ7NO,Pemetrexed,move,R14-PARENT-NAME-TRIAL,"the registry intervention names Pemetrexed, not PEMETREXED, (R)-; the trial belongs to the parent page"
NCT03242915,K1:FG8Q47888S,K1:04Q9AIZ7NO,Pemetrexed,move,R14-PARENT-NAME-TRIAL,"the registry intervention names Pemetrexed, not PEMETREXED, (R)-; the trial belongs to the parent page"
NCT03256136,K1:FG8Q47888S,K1:04Q9AIZ7NO,pemetrexed,move,R14-PARENT-NAME-TRIAL,"the registry intervention names Pemetrexed, not PEMETREXED, (R)-; the trial belongs to the parent page"
NCT03267316,K1:FG8Q47888S,K1:04Q9AIZ7NO,Pemetrexed,move,R14-PARENT-NAME-TRIAL,"the registry intervention names Pemetrexed, not PEMETREXED, (R)-; the trial belongs to the parent page"
NCT03269162,K1:FG8Q47888S,K1:04Q9AIZ7NO,Pemetrexed,move,R14-PARENT-NAME-TRIAL,"the registry intervention names Pemetrexed, not PEMETREXED, (R)-; the trial belongs to the parent page"
NCT03337698,K1:FG8Q47888S,K1:04Q9AIZ7NO,Pemetrexed,move,R14-PARENT-NAME-TRIAL,"the registry intervention names Pemetrexed, not PEMETREXED, (R)-; the trial belongs to the parent page"
NCT03348904,K1:FG8Q47888S,K1:04Q9AIZ7NO,Pemetrexed,move,R14-PARENT-NAME-TRIAL,"the registry intervention names Pemetrexed, not PEMETREXED, (R)-; the trial belongs to the parent page"
NCT03366766,K1:FG8Q47888S,K1:04Q9AIZ7NO,Pemetrexed Disodium,move,R14-PARENT-NAME-TRIAL,"the registry intervention names Pemetrexed, not PEMETREXED, (R)-; the trial belongs to the parent page"
NCT03376737,K1:FG8Q47888S,K1:04Q9AIZ7NO,Pemetrexed,move,R14-PARENT-NAME-TRIAL,"the registry intervention names Pemetrexed, not PEMETREXED, (R)-; the trial belongs to the parent page"
NCT03380871,K1:FG8Q47888S,K1:04Q9AIZ7NO,Pemetrexed,move,R14-PARENT-NAME-TRIAL,"the registry intervention names Pemetrexed, not PEMETREXED, (R)-; the trial belongs to the parent page"
NCT03396445,K1:FG8Q47888S,K1:04Q9AIZ7NO,Pemetrexed,move,R14-PARENT-NAME-TRIAL,"the registry intervention names Pemetrexed, not PEMETREXED, (R)-; the trial belongs to the parent page"
NCT03402048,K1:FG8Q47888S,K1:04Q9AIZ7NO,Pemetrexed,move,R14-PARENT-NAME-TRIAL,"the registry intervention names Pemetrexed, not PEMETREXED, (R)-; the trial belongs to the parent page"
NCT03425643,K1:FG8Q47888S,K1:04Q9AIZ7NO,Pemetrexed,move,R14-PARENT-NAME-TRIAL,"the registry intervention names Pemetrexed, not PEMETREXED, (R)-; the trial belongs to the parent page"
NCT03432598,K1:FG8Q47888S,K1:04Q9AIZ7NO,Pemetrexed,move,R14-PARENT-NAME-TRIAL,"the registry intervention names Pemetrexed, not PEMETREXED, (R)-; the trial belongs to the parent page"
NCT03456063,K1:FG8Q47888S,K1:04Q9AIZ7NO,Pemetrexed,move,R14-PARENT-NAME-TRIAL,"the registry intervention names Pemetrexed, not PEMETREXED, (R)-; the trial belongs to the parent page"
NCT03456076,K1:FG8Q47888S,K1:04Q9AIZ7NO,Pemetrexed,move,R14-PARENT-NAME-TRIAL,"the registry intervention names Pemetrexed, not PEMETREXED, (R)-; the trial belongs to the parent page"
NCT03460678,K1:FG8Q47888S,K1:04Q9AIZ7NO,Pemetrexed,move,R14-PARENT-NAME-TRIAL,"the registry intervention names Pemetrexed, not PEMETREXED, (R)-; the trial belongs to the parent page"
NCT03489616,K1:FG8Q47888S,K1:04Q9AIZ7NO,Pemetrexed,move,R14-PARENT-NAME-TRIAL,"the registry intervention names Pemetrexed, not PEMETREXED, (R)-; the trial belongs to the parent page"
NCT03498222,K1:FG8Q47888S,K1:04Q9AIZ7NO,Pemetrexed,move,R14-PARENT-NAME-TRIAL,"the registry intervention names Pemetrexed, not PEMETREXED, (R)-; the trial belongs to the parent page"
NCT03507244,K1:FG8Q47888S,K1:04Q9AIZ7NO,Pemetrexed,move,R14-PARENT-NAME-TRIAL,"the registry intervention names Pemetrexed, not PEMETREXED, (R)-; the trial belongs to the parent page"
NCT03509012,K1:FG8Q47888S,K1:04Q9AIZ7NO,Pemetrexed,move,R14-PARENT-NAME-TRIAL,"the registry intervention names Pemetrexed, not PEMETREXED, (R)-; the trial belongs to the parent page"
NCT03515837,K1:FG8Q47888S,K1:04Q9AIZ7NO,pemetrexed,move,R14-PARENT-NAME-TRIAL,"the registry intervention names Pemetrexed, not PEMETREXED, (R)-; the trial belongs to the parent page"
NCT03530397,K1:FG8Q47888S,K1:04Q9AIZ7NO,Pemetrexed,move,R14-PARENT-NAME-TRIAL,"the registry intervention names Pemetrexed, not PEMETREXED, (R)-; the trial belongs to the parent page"
NCT03559049,K1:FG8Q47888S,K1:04Q9AIZ7NO,Pemetrexed,move,R14-PARENT-NAME-TRIAL,"the registry intervention names Pemetrexed, not PEMETREXED, (R)-; the trial belongs to the parent page"
NCT03564691,K1:FG8Q47888S,K1:04Q9AIZ7NO,Pemetrexed,move,R14-PARENT-NAME-TRIAL,"the registry intervention names Pemetrexed, not PEMETREXED, (R)-; the trial belongs to the parent page"
NCT03566576,K1:FG8Q47888S,K1:04Q9AIZ7NO,Pemetrexed,move,R14-PARENT-NAME-TRIAL,"the registry intervention names Pemetrexed, not PEMETREXED, (R)-; the trial belongs to the parent page"
NCT03574402,K1:FG8Q47888S,K1:04Q9AIZ7NO,Pemetrexed,move,R14-PARENT-NAME-TRIAL,"the registry intervention names Pemetrexed, not PEMETREXED, (R)-; the trial belongs to the parent page"
NCT03607149,K1:FG8Q47888S,K1:04Q9AIZ7NO,Pemetrexed,move,R14-PARENT-NAME-TRIAL,"the registry intervention names Pemetrexed, not PEMETREXED, (R)-; the trial belongs to the parent page"
NCT03607539,K1:FG8Q47888S,K1:04Q9AIZ7NO,Pemetrexed,move,R14-PARENT-NAME-TRIAL,"the registry intervention names Pemetrexed, not PEMETREXED, (R)-; the trial belongs to the parent page"
NCT03623776,K1:FG8Q47888S,K1:04Q9AIZ7NO,Pemetrexed,move,R14-PARENT-NAME-TRIAL,"the registry intervention names Pemetrexed, not PEMETREXED, (R)-; the trial belongs to the parent page"
NCT03626922,K1:FG8Q47888S,K1:04Q9AIZ7NO,Pemetrexed,move,R14-PARENT-NAME-TRIAL,"the registry intervention names Pemetrexed, not PEMETREXED, (R)-; the trial belongs to the parent page"
NCT03631199,K1:FG8Q47888S,K1:04Q9AIZ7NO,pemetrexed,move,R14-PARENT-NAME-TRIAL,"the registry intervention names Pemetrexed, not PEMETREXED, (R)-; the trial belongs to the parent page"
NCT03645928,K1:FG8Q47888S,K1:04Q9AIZ7NO,Pemetrexed,move,R14-PARENT-NAME-TRIAL,"the registry intervention names Pemetrexed, not PEMETREXED, (R)-; the trial belongs to the parent page"
NCT03647956,K1:FG8Q47888S,K1:04Q9AIZ7NO,Pemetrexed,move,R14-PARENT-NAME-TRIAL,"the registry intervention names Pemetrexed, not PEMETREXED, (R)-; the trial belongs to the parent page"
NCT03655821,K1:FG8Q47888S,K1:04Q9AIZ7NO,Pemetrexed,move,R14-PARENT-NAME-TRIAL,"the registry intervention names Pemetrexed, not PEMETREXED, (R)-; the trial belongs to the parent page"
NCT03655834,K1:FG8Q47888S,K1:04Q9AIZ7NO,Pemetrexed,move,R14-PARENT-NAME-TRIAL,"the registry intervention names Pemetrexed, not PEMETREXED, (R)-; the trial belongs to the parent page"
NCT03663205,K1:FG8Q47888S,K1:04Q9AIZ7NO,Pemetrexed,move,R14-PARENT-NAME-TRIAL,"the registry intervention names Pemetrexed, not PEMETREXED, (R)-; the trial belongs to the parent page"
NCT03664024,K1:FG8Q47888S,K1:04Q9AIZ7NO,Pemetrexed,move,R14-PARENT-NAME-TRIAL,"the registry intervention names Pemetrexed, not PEMETREXED, (R)-; the trial belongs to the parent page"
NCT03671538,K1:FG8Q47888S,K1:04Q9AIZ7NO,pemetrexed,move,R14-PARENT-NAME-TRIAL,"the registry intervention names Pemetrexed, not PEMETREXED, (R)-; the trial belongs to the parent page"
NCT03706703,K1:FG8Q47888S,K1:04Q9AIZ7NO,Pemetrexed,move,R14-PARENT-NAME-TRIAL,"the registry intervention names Pemetrexed, not PEMETREXED, (R)-; the trial belongs to the parent page"
NCT03709147,K1:FG8Q47888S,K1:04Q9AIZ7NO,Pemetrexed,move,R14-PARENT-NAME-TRIAL,"the registry intervention names Pemetrexed, not PEMETREXED, (R)-; the trial belongs to the parent page"
NCT03713944,K1:FG8Q47888S,K1:04Q9AIZ7NO,Pemetrexed,move,R14-PARENT-NAME-TRIAL,"the registry intervention names Pemetrexed, not PEMETREXED, (R)-; the trial belongs to the parent page"
NCT03715933,K1:FG8Q47888S,K1:04Q9AIZ7NO,pemetrexed,move,R14-PARENT-NAME-TRIAL,"the registry intervention names Pemetrexed, not PEMETREXED, (R)-; the trial belongs to the parent page"
NCT03737994,K1:FG8Q47888S,K1:04Q9AIZ7NO,Pemetrexed,move,R14-PARENT-NAME-TRIAL,"the registry intervention names Pemetrexed, not PEMETREXED, (R)-; the trial belongs to the parent page"
NCT03744793,K1:FG8Q47888S,K1:04Q9AIZ7NO,Pemetrexed,move,R14-PARENT-NAME-TRIAL,"the registry intervention names Pemetrexed, not PEMETREXED, (R)-; the trial belongs to the parent page"
NCT03760575,K1:FG8Q47888S,K1:04Q9AIZ7NO,Pemetrexed,move,R14-PARENT-NAME-TRIAL,"the registry intervention names Pemetrexed, not PEMETREXED, (R)-; the trial belongs to the parent page"
NCT03762018,K1:FG8Q47888S,K1:04Q9AIZ7NO,Pemetrexed,move,R14-PARENT-NAME-TRIAL,"the registry intervention names Pemetrexed, not PEMETREXED, (R)-; the trial belongs to the parent page"
NCT03768037,K1:FG8Q47888S,K1:04Q9AIZ7NO,Pemetrexed,move,R14-PARENT-NAME-TRIAL,"the registry intervention names Pemetrexed, not PEMETREXED, (R)-; the trial belongs to the parent page"
NCT03768063,K1:FG8Q47888S,K1:04Q9AIZ7NO,Pemetrexed,move,R14-PARENT-NAME-TRIAL,"the registry intervention names Pemetrexed, not PEMETREXED, (R)-; the trial belongs to the parent page"
NCT03770299,K1:FG8Q47888S,K1:04Q9AIZ7NO,Pemetrexed,move,R14-PARENT-NAME-TRIAL,"the registry intervention names Pemetrexed, not PEMETREXED, (R)-; the trial belongs to the parent page"
NCT03777124,K1:FG8Q47888S,K1:04Q9AIZ7NO,Pemetrexed,move,R14-PARENT-NAME-TRIAL,"the registry intervention names Pemetrexed, not PEMETREXED, (R)-; the trial belongs to the parent page"
NCT03792503,K1:FG8Q47888S,K1:04Q9AIZ7NO,Pemetrexed,move,R14-PARENT-NAME-TRIAL,"the registry intervention names Pemetrexed, not PEMETREXED, (R)-; the trial belongs to the parent page"
NCT03793179,K1:FG8Q47888S,K1:04Q9AIZ7NO,Pemetrexed,move,R14-PARENT-NAME-TRIAL,"the registry intervention names Pemetrexed, not PEMETREXED, (R)-; the trial belongs to the parent page"
NCT03800134,K1:FG8Q47888S,K1:04Q9AIZ7NO,Pemetrexed,move,R14-PARENT-NAME-TRIAL,"the registry intervention names Pemetrexed, not PEMETREXED, (R)-; the trial belongs to the parent page"
NCT03802240,K1:FG8Q47888S,K1:04Q9AIZ7NO,Pemetrexed,move,R14-PARENT-NAME-TRIAL,"the registry intervention names Pemetrexed, not PEMETREXED, (R)-; the trial belongs to the parent page"
NCT03819465,K1:FG8Q47888S,K1:04Q9AIZ7NO,Pemetrexed,move,R14-PARENT-NAME-TRIAL,"the registry intervention names Pemetrexed, not PEMETREXED, (R)-; the trial belongs to the parent page"
NCT03829319,K1:FG8Q47888S,K1:04Q9AIZ7NO,Pemetrexed,move,R14-PARENT-NAME-TRIAL,"the registry intervention names Pemetrexed, not PEMETREXED, (R)-; the trial belongs to the parent page"
NCT03830411,K1:FG8Q47888S,K1:04Q9AIZ7NO,Pemetrexed,move,R14-PARENT-NAME-TRIAL,"the registry intervention names Pemetrexed, not PEMETREXED, (R)-; the trial belongs to the parent page"
NCT03838848,K1:FG8Q47888S,K1:04Q9AIZ7NO,Pemetrexed,move,R14-PARENT-NAME-TRIAL,"the registry intervention names Pemetrexed, not PEMETREXED, (R)-; the trial belongs to the parent page"
NCT03840902,K1:FG8Q47888S,K1:04Q9AIZ7NO,Pemetrexed,move,R14-PARENT-NAME-TRIAL,"the registry intervention names Pemetrexed, not PEMETREXED, (R)-; the trial belongs to the parent page"
NCT03840915,K1:FG8Q47888S,K1:04Q9AIZ7NO,Pemetrexed,move,R14-PARENT-NAME-TRIAL,"the registry intervention names Pemetrexed, not PEMETREXED, (R)-; the trial belongs to the parent page"
NCT03843853,K1:FG8Q47888S,K1:04Q9AIZ7NO,Pemetrexed,move,R14-PARENT-NAME-TRIAL,"the registry intervention names Pemetrexed, not PEMETREXED, (R)-; the trial belongs to the parent page"
NCT03846310,K1:FG8Q47888S,K1:04Q9AIZ7NO,Pemetrexed,move,R14-PARENT-NAME-TRIAL,"the registry intervention names Pemetrexed, not PEMETREXED, (R)-; the trial belongs to the parent page"
NCT03850444,K1:FG8Q47888S,K1:04Q9AIZ7NO,pemetrexed,move,R14-PARENT-NAME-TRIAL,"the registry intervention names Pemetrexed, not PEMETREXED, (R)-; the trial belongs to the parent page"
NCT03863483,K1:FG8Q47888S,K1:04Q9AIZ7NO,Pemetrexed,move,R14-PARENT-NAME-TRIAL,"the registry intervention names Pemetrexed, not PEMETREXED, (R)-; the trial belongs to the parent page"
NCT03866980,K1:FG8Q47888S,K1:04Q9AIZ7NO,pemetrexed,move,R14-PARENT-NAME-TRIAL,"the registry intervention names Pemetrexed, not PEMETREXED, (R)-; the trial belongs to the parent page"
NCT03872661,K1:FG8Q47888S,K1:04Q9AIZ7NO,Pemetrexed,move,R14-PARENT-NAME-TRIAL,"the registry intervention names Pemetrexed, not PEMETREXED, (R)-; the trial belongs to the parent page"
NCT03875144,K1:FG8Q47888S,K1:04Q9AIZ7NO,Pemetrexed,move,R14-PARENT-NAME-TRIAL,"the registry intervention names Pemetrexed, not PEMETREXED, (R)-; the trial belongs to the parent page"
NCT03899155,K1:FG8Q47888S,K1:04Q9AIZ7NO,Pemetrexed,move,R14-PARENT-NAME-TRIAL,"the registry intervention names Pemetrexed, not PEMETREXED, (R)-; the trial belongs to the parent page"
NCT03912389,K1:FG8Q47888S,K1:04Q9AIZ7NO,Pemetrexed,move,R14-PARENT-NAME-TRIAL,"the registry intervention names Pemetrexed, not PEMETREXED, (R)-; the trial belongs to the parent page"
NCT03918278,K1:FG8Q47888S,K1:04Q9AIZ7NO,Pemetrexed,move,R14-PARENT-NAME-TRIAL,"the registry intervention names Pemetrexed, not PEMETREXED, (R)-; the trial belongs to the parent page"
NCT03920839,K1:FG8Q47888S,K1:04Q9AIZ7NO,Pemetrexed,move,R14-PARENT-NAME-TRIAL,"the registry intervention names Pemetrexed, not PEMETREXED, (R)-; the trial belongs to the parent page"
NCT03944772,K1:FG8Q47888S,K1:04Q9AIZ7NO,Pemetrexed,move,R14-PARENT-NAME-TRIAL,"the registry intervention names Pemetrexed, not PEMETREXED, (R)-; the trial belongs to the parent page"
NCT03950674,K1:FG8Q47888S,K1:04Q9AIZ7NO,Pemetrexed,move,R14-PARENT-NAME-TRIAL,"the registry intervention names Pemetrexed, not PEMETREXED, (R)-; the trial belongs to the parent page"
NCT03952403,K1:FG8Q47888S,K1:04Q9AIZ7NO,Pemetrexed,move,R14-PARENT-NAME-TRIAL,"the registry intervention names Pemetrexed, not PEMETREXED, (R)-; the trial belongs to the parent page"
NCT03955042,K1:FG8Q47888S,K1:04Q9AIZ7NO,Pemetrexed,move,R14-PARENT-NAME-TRIAL,"the registry intervention names Pemetrexed, not PEMETREXED, (R)-; the trial belongs to the parent page"
NCT03970746,K1:FG8Q47888S,K1:04Q9AIZ7NO,Pemetrexed,move,R14-PARENT-NAME-TRIAL,"the registry intervention names Pemetrexed, not PEMETREXED, (R)-; the trial belongs to the parent page"
NCT03971474,K1:FG8Q47888S,K1:04Q9AIZ7NO,Pemetrexed,move,R14-PARENT-NAME-TRIAL,"the registry intervention names Pemetrexed, not PEMETREXED, (R)-; the trial belongs to the parent page"
NCT03976323,K1:FG8Q47888S,K1:04Q9AIZ7NO,Pemetrexed,move,R14-PARENT-NAME-TRIAL,"the registry intervention names Pemetrexed, not PEMETREXED, (R)-; the trial belongs to the parent page"
NCT03987867,K1:FG8Q47888S,K1:04Q9AIZ7NO,Pemetrexed,move,R14-PARENT-NAME-TRIAL,"the registry intervention names Pemetrexed, not PEMETREXED, (R)-; the trial belongs to the parent page"
NCT03991403,K1:FG8Q47888S,K1:04Q9AIZ7NO,Pemetrexed,move,R14-PARENT-NAME-TRIAL,"the registry intervention names Pemetrexed, not PEMETREXED, (R)-; the trial belongs to the parent page"
NCT03992885,K1:FG8Q47888S,K1:04Q9AIZ7NO,Pemetrexed,move,R14-PARENT-NAME-TRIAL,"the registry intervention names Pemetrexed, not PEMETREXED, (R)-; the trial belongs to the parent page"
NCT04022876,K1:FG8Q47888S,K1:04Q9AIZ7NO,Pemetrexed,move,R14-PARENT-NAME-TRIAL,"the registry intervention names Pemetrexed, not PEMETREXED, (R)-; the trial belongs to the parent page"
NCT04025879,K1:FG8Q47888S,K1:04Q9AIZ7NO,Pemetrexed,move,R14-PARENT-NAME-TRIAL,"the registry intervention names Pemetrexed, not PEMETREXED, (R)-; the trial belongs to the parent page"
NCT04047862,K1:FG8Q47888S,K1:04Q9AIZ7NO,Pemetrexed,move,R14-PARENT-NAME-TRIAL,"the registry intervention names Pemetrexed, not PEMETREXED, (R)-; the trial belongs to the parent page"
NCT04054531,K1:FG8Q47888S,K1:04Q9AIZ7NO,Pemetrexed,move,R14-PARENT-NAME-TRIAL,"the registry intervention names Pemetrexed, not PEMETREXED, (R)-; the trial belongs to the parent page"
NCT04061590,K1:FG8Q47888S,K1:04Q9AIZ7NO,Pemetrexed,move,R14-PARENT-NAME-TRIAL,"the registry intervention names Pemetrexed, not PEMETREXED, (R)-; the trial belongs to the parent page"
NCT04077463,K1:FG8Q47888S,K1:04Q9AIZ7NO,Pemetrexed,move,R14-PARENT-NAME-TRIAL,"the registry intervention names Pemetrexed, not PEMETREXED, (R)-; the trial belongs to the parent page"
NCT04083599,K1:FG8Q47888S,K1:04Q9AIZ7NO,Pemetrexed,move,R14-PARENT-NAME-TRIAL,"the registry intervention names Pemetrexed, not PEMETREXED, (R)-; the trial belongs to the parent page"
NCT04092283,K1:FG8Q47888S,K1:04Q9AIZ7NO,Pemetrexed Disodium,move,R14-PARENT-NAME-TRIAL,"the registry intervention names Pemetrexed, not PEMETREXED, (R)-; the trial belongs to the parent page"
NCT04094909,K1:FG8Q47888S,K1:04Q9AIZ7NO,pemetrexed,move,R14-PARENT-NAME-TRIAL,"the registry intervention names Pemetrexed, not PEMETREXED, (R)-; the trial belongs to the parent page"
NCT04115410,K1:FG8Q47888S,K1:04Q9AIZ7NO,Pemetrexed,move,R14-PARENT-NAME-TRIAL,"the registry intervention names Pemetrexed, not PEMETREXED, (R)-; the trial belongs to the parent page"
NCT04129502,K1:FG8Q47888S,K1:04Q9AIZ7NO,Pemetrexed,move,R14-PARENT-NAME-TRIAL,"the registry intervention names Pemetrexed, not PEMETREXED, (R)-; the trial belongs to the parent page"
NCT04136535,K1:FG8Q47888S,K1:04Q9AIZ7NO,Pemetrexed,move,R14-PARENT-NAME-TRIAL,"the registry intervention names Pemetrexed, not PEMETREXED, (R)-; the trial belongs to the parent page"
NCT04153565,K1:FG8Q47888S,K1:04Q9AIZ7NO,Pemetrexed,move,R14-PARENT-NAME-TRIAL,"the registry intervention names Pemetrexed, not PEMETREXED, (R)-; the trial belongs to the parent page"
NCT04153734,K1:FG8Q47888S,K1:04Q9AIZ7NO,Pemetrexed,move,R14-PARENT-NAME-TRIAL,"the registry intervention names Pemetrexed, not PEMETREXED, (R)-; the trial belongs to the parent page"
NCT04158141,K1:FG8Q47888S,K1:04Q9AIZ7NO,Pemetrexed,move,R14-PARENT-NAME-TRIAL,"the registry intervention names Pemetrexed, not PEMETREXED, (R)-; the trial belongs to the parent page"
NCT04158440,K1:FG8Q47888S,K1:04Q9AIZ7NO,Pemetrexed;,move,R14-PARENT-NAME-TRIAL,"the registry intervention names Pemetrexed, not PEMETREXED, (R)-; the trial belongs to the parent page"
NCT04162015,K1:FG8Q47888S,K1:04Q9AIZ7NO,Pemetrexed,move,R14-PARENT-NAME-TRIAL,"the registry intervention names Pemetrexed, not PEMETREXED, (R)-; the trial belongs to the parent page"
NCT04163432,K1:FG8Q47888S,K1:04Q9AIZ7NO,Pemetrexed,move,R14-PARENT-NAME-TRIAL,"the registry intervention names Pemetrexed, not PEMETREXED, (R)-; the trial belongs to the parent page"
NCT04165070,K1:FG8Q47888S,K1:04Q9AIZ7NO,Pemetrexed,move,R14-PARENT-NAME-TRIAL,"the registry intervention names Pemetrexed, not PEMETREXED, (R)-; the trial belongs to the parent page"
NCT04166487,K1:FG8Q47888S,K1:04Q9AIZ7NO,PEMETREXED,move,R14-PARENT-NAME-TRIAL,"the registry intervention names Pemetrexed, not PEMETREXED, (R)-; the trial belongs to the parent page"
NCT04173338,K1:FG8Q47888S,K1:04Q9AIZ7NO,Pemetrexed,move,R14-PARENT-NAME-TRIAL,"the registry intervention names Pemetrexed, not PEMETREXED, (R)-; the trial belongs to the parent page"
NCT04194203,K1:FG8Q47888S,K1:04Q9AIZ7NO,Pemetrexed,move,R14-PARENT-NAME-TRIAL,"the registry intervention names Pemetrexed, not PEMETREXED, (R)-; the trial belongs to the parent page"
NCT04194944,K1:FG8Q47888S,K1:04Q9AIZ7NO,Pemetrexed,move,R14-PARENT-NAME-TRIAL,"the registry intervention names Pemetrexed, not PEMETREXED, (R)-; the trial belongs to the parent page"
NCT04203511,K1:FG8Q47888S,K1:04Q9AIZ7NO,Pemetrexed,move,R14-PARENT-NAME-TRIAL,"the registry intervention names Pemetrexed, not PEMETREXED, (R)-; the trial belongs to the parent page"
NCT04205812,K1:FG8Q47888S,K1:04Q9AIZ7NO,Pemetrexed,move,R14-PARENT-NAME-TRIAL,"the registry intervention names Pemetrexed, not PEMETREXED, (R)-; the trial belongs to the parent page"
NCT04211090,K1:FG8Q47888S,K1:04Q9AIZ7NO,Pemetrexed,move,R14-PARENT-NAME-TRIAL,"the registry intervention names Pemetrexed, not PEMETREXED, (R)-; the trial belongs to the parent page"
NCT04220892,K1:FG8Q47888S,K1:04Q9AIZ7NO,Pemetrexed,move,R14-PARENT-NAME-TRIAL,"the registry intervention names Pemetrexed, not PEMETREXED, (R)-; the trial belongs to the parent page"
NCT04222972,K1:FG8Q47888S,K1:04Q9AIZ7NO,Pemetrexed,move,R14-PARENT-NAME-TRIAL,"the registry intervention names Pemetrexed, not PEMETREXED, (R)-; the trial belongs to the parent page"
NCT04245085,K1:FG8Q47888S,K1:04Q9AIZ7NO,Pemetrexed,move,R14-PARENT-NAME-TRIAL,"the registry intervention names Pemetrexed, not PEMETREXED, (R)-; the trial belongs to the parent page"
NCT04253964,K1:FG8Q47888S,K1:04Q9AIZ7NO,Pemetrexed,move,R14-PARENT-NAME-TRIAL,"the registry intervention names Pemetrexed, not PEMETREXED, (R)-; the trial belongs to the parent page"
NCT04262869,K1:FG8Q47888S,K1:04Q9AIZ7NO,Pemetrexed,move,R14-PARENT-NAME-TRIAL,"the registry intervention names Pemetrexed, not PEMETREXED, (R)-; the trial belongs to the parent page"
NCT04267848,K1:FG8Q47888S,K1:04Q9AIZ7NO,Pemetrexed Disodium,move,R14-PARENT-NAME-TRIAL,"the registry intervention names Pemetrexed, not PEMETREXED, (R)-; the trial belongs to the parent page"
NCT04287894,K1:FG8Q47888S,K1:04Q9AIZ7NO,Pemetrexed,move,R14-PARENT-NAME-TRIAL,"the registry intervention names Pemetrexed, not PEMETREXED, (R)-; the trial belongs to the parent page"
NCT04322578,K1:FG8Q47888S,K1:04Q9AIZ7NO,Pemetrexed,move,R14-PARENT-NAME-TRIAL,"the registry intervention names Pemetrexed, not PEMETREXED, (R)-; the trial belongs to the parent page"
NCT04328844,K1:FG8Q47888S,K1:04Q9AIZ7NO,Pemetrexed,move,R14-PARENT-NAME-TRIAL,"the registry intervention names Pemetrexed, not PEMETREXED, (R)-; the trial belongs to the parent page"
NCT04339218,K1:FG8Q47888S,K1:04Q9AIZ7NO,Pemetrexed,move,R14-PARENT-NAME-TRIAL,"the registry intervention names Pemetrexed, not PEMETREXED, (R)-; the trial belongs to the parent page"
NCT04351555,K1:FG8Q47888S,K1:04Q9AIZ7NO,Pemetrexed,move,R14-PARENT-NAME-TRIAL,"the registry intervention names Pemetrexed, not PEMETREXED, (R)-; the trial belongs to the parent page"
NCT04364048,K1:FG8Q47888S,K1:04Q9AIZ7NO,pemetrexed,move,R14-PARENT-NAME-TRIAL,"the registry intervention names Pemetrexed, not PEMETREXED, (R)-; the trial belongs to the parent page"
NCT04367311,K1:FG8Q47888S,K1:04Q9AIZ7NO,Pemetrexed,move,R14-PARENT-NAME-TRIAL,"the registry intervention names Pemetrexed, not PEMETREXED, (R)-; the trial belongs to the parent page"
NCT04372927,K1:FG8Q47888S,K1:04Q9AIZ7NO,Pemetrexed,move,R14-PARENT-NAME-TRIAL,"the registry intervention names Pemetrexed, not PEMETREXED, (R)-; the trial belongs to the parent page"
NCT04379635,K1:FG8Q47888S,K1:04Q9AIZ7NO,Pemetrexed Disodium,move,R14-PARENT-NAME-TRIAL,"the registry intervention names Pemetrexed, not PEMETREXED, (R)-; the trial belongs to the parent page"
NCT04380636,K1:FG8Q47888S,K1:04Q9AIZ7NO,Pemetrexed,move,R14-PARENT-NAME-TRIAL,"the registry intervention names Pemetrexed, not PEMETREXED, (R)-; the trial belongs to the parent page"
NCT04396457,K1:FG8Q47888S,K1:04Q9AIZ7NO,Pemetrexed,move,R14-PARENT-NAME-TRIAL,"the registry intervention names Pemetrexed, not PEMETREXED, (R)-; the trial belongs to the parent page"
NCT04405674,K1:FG8Q47888S,K1:04Q9AIZ7NO,Pemetrexed,move,R14-PARENT-NAME-TRIAL,"the registry intervention names Pemetrexed, not PEMETREXED, (R)-; the trial belongs to the parent page"
NCT04410796,K1:FG8Q47888S,K1:04Q9AIZ7NO,Pemetrexed,move,R14-PARENT-NAME-TRIAL,"the registry intervention names Pemetrexed, not PEMETREXED, (R)-; the trial belongs to the parent page"
NCT04452214,K1:FG8Q47888S,K1:04Q9AIZ7NO,Pemetrexed,move,R14-PARENT-NAME-TRIAL,"the registry intervention names Pemetrexed, not PEMETREXED, (R)-; the trial belongs to the parent page"
NCT04453423,K1:FG8Q47888S,K1:04Q9AIZ7NO,Pemetrexed,move,R14-PARENT-NAME-TRIAL,"the registry intervention names Pemetrexed, not PEMETREXED, (R)-; the trial belongs to the parent page"
NCT04455594,K1:FG8Q47888S,K1:04Q9AIZ7NO,Pemetrexed,move,R14-PARENT-NAME-TRIAL,"the registry intervention names Pemetrexed, not PEMETREXED, (R)-; the trial belongs to the parent page"
NCT04459611,K1:FG8Q47888S,K1:04Q9AIZ7NO,pemetrexed,move,R14-PARENT-NAME-TRIAL,"the registry intervention names Pemetrexed, not PEMETREXED, (R)-; the trial belongs to the parent page"
NCT04465942,K1:FG8Q47888S,K1:04Q9AIZ7NO,pemetrexed,move,R14-PARENT-NAME-TRIAL,"the registry intervention names Pemetrexed, not PEMETREXED, (R)-; the trial belongs to the parent page"
NCT04470674,K1:FG8Q47888S,K1:04Q9AIZ7NO,Pemetrexed,move,R14-PARENT-NAME-TRIAL,"the registry intervention names Pemetrexed, not PEMETREXED, (R)-; the trial belongs to the parent page"
NCT04512430,K1:FG8Q47888S,K1:04Q9AIZ7NO,Pemetrexed,move,R14-PARENT-NAME-TRIAL,"the registry intervention names Pemetrexed, not PEMETREXED, (R)-; the trial belongs to the parent page"
NCT04524689,K1:FG8Q47888S,K1:04Q9AIZ7NO,Pemetrexed,move,R14-PARENT-NAME-TRIAL,"the registry intervention names Pemetrexed, not PEMETREXED, (R)-; the trial belongs to the parent page"
NCT04530227,K1:FG8Q47888S,K1:04Q9AIZ7NO,Pemetrexed,move,R14-PARENT-NAME-TRIAL,"the registry intervention names Pemetrexed, not PEMETREXED, (R)-; the trial belongs to the parent page"
NCT04533451,K1:FG8Q47888S,K1:04Q9AIZ7NO,Pemetrexed,move,R14-PARENT-NAME-TRIAL,"the registry intervention names Pemetrexed, not PEMETREXED, (R)-; the trial belongs to the parent page"
NCT04538664,K1:FG8Q47888S,K1:04Q9AIZ7NO,Pemetrexed,move,R14-PARENT-NAME-TRIAL,"the registry intervention names Pemetrexed, not PEMETREXED, (R)-; the trial belongs to the parent page"
NCT04585490,K1:FG8Q47888S,K1:04Q9AIZ7NO,Pemetrexed,move,R14-PARENT-NAME-TRIAL,"the registry intervention names Pemetrexed, not PEMETREXED, (R)-; the trial belongs to the parent page"
NCT04592666,K1:FG8Q47888S,K1:04Q9AIZ7NO,Pemetrexed,move,R14-PARENT-NAME-TRIAL,"the registry intervention names Pemetrexed, not PEMETREXED, (R)-; the trial belongs to the parent page"
NCT04611776,K1:FG8Q47888S,K1:04Q9AIZ7NO,Pemetrexed,move,R14-PARENT-NAME-TRIAL,"the registry intervention names Pemetrexed, not PEMETREXED, (R)-; the trial belongs to the parent page"
NCT04619797,K1:FG8Q47888S,K1:04Q9AIZ7NO,Pemetrexed,move,R14-PARENT-NAME-TRIAL,"the registry intervention names Pemetrexed, not PEMETREXED, (R)-; the trial belongs to the parent page"
NCT04622007,K1:FG8Q47888S,K1:04Q9AIZ7NO,Pemetrexed,move,R14-PARENT-NAME-TRIAL,"the registry intervention names Pemetrexed, not PEMETREXED, (R)-; the trial belongs to the parent page"
NCT04623775,K1:FG8Q47888S,K1:04Q9AIZ7NO,Pemetrexed,move,R14-PARENT-NAME-TRIAL,"the registry intervention names Pemetrexed, not PEMETREXED, (R)-; the trial belongs to the parent page"
NCT04638582,K1:FG8Q47888S,K1:04Q9AIZ7NO,Pemetrexed,move,R14-PARENT-NAME-TRIAL,"the registry intervention names Pemetrexed, not PEMETREXED, (R)-; the trial belongs to the parent page"
NCT04649385,K1:FG8Q47888S,K1:04Q9AIZ7NO,Pemetrexed,move,R14-PARENT-NAME-TRIAL,"the registry intervention names Pemetrexed, not PEMETREXED, (R)-; the trial belongs to the parent page"
NCT04683965,K1:FG8Q47888S,K1:04Q9AIZ7NO,Pemetrexed,move,R14-PARENT-NAME-TRIAL,"the registry intervention names Pemetrexed, not PEMETREXED, (R)-; the trial belongs to the parent page"
NCT04686305,K1:FG8Q47888S,K1:04Q9AIZ7NO,Pemetrexed,move,R14-PARENT-NAME-TRIAL,"the registry intervention names Pemetrexed, not PEMETREXED, (R)-; the trial belongs to the parent page"
NCT04695925,K1:FG8Q47888S,K1:04Q9AIZ7NO,Pemetrexed,move,R14-PARENT-NAME-TRIAL,"the registry intervention names Pemetrexed, not PEMETREXED, (R)-; the trial belongs to the parent page"
NCT04697628,K1:FG8Q47888S,K1:04Q9AIZ7NO,pemetrexed,move,R14-PARENT-NAME-TRIAL,"the registry intervention names Pemetrexed, not PEMETREXED, (R)-; the trial belongs to the parent page"
NCT04713761,K1:FG8Q47888S,K1:04Q9AIZ7NO,pemetrexed,move,R14-PARENT-NAME-TRIAL,"the registry intervention names Pemetrexed, not PEMETREXED, (R)-; the trial belongs to the parent page"
NCT04716933,K1:FG8Q47888S,K1:04Q9AIZ7NO,Pemetrexed,move,R14-PARENT-NAME-TRIAL,"the registry intervention names Pemetrexed, not PEMETREXED, (R)-; the trial belongs to the parent page"
NCT04717375,K1:FG8Q47888S,K1:04Q9AIZ7NO,Pemetrexed,move,R14-PARENT-NAME-TRIAL,"the registry intervention names Pemetrexed, not PEMETREXED, (R)-; the trial belongs to the parent page"
NCT04736173,K1:FG8Q47888S,K1:04Q9AIZ7NO,Pemetrexed,move,R14-PARENT-NAME-TRIAL,"the registry intervention names Pemetrexed, not PEMETREXED, (R)-; the trial belongs to the parent page"
NCT04736823,K1:FG8Q47888S,K1:04Q9AIZ7NO,Pemetrexed,move,R14-PARENT-NAME-TRIAL,"the registry intervention names Pemetrexed, not PEMETREXED, (R)-; the trial belongs to the parent page"
NCT04750083,K1:FG8Q47888S,K1:04Q9AIZ7NO,pemetrexed,move,R14-PARENT-NAME-TRIAL,"the registry intervention names Pemetrexed, not PEMETREXED, (R)-; the trial belongs to the parent page"
NCT04754815,K1:FG8Q47888S,K1:04Q9AIZ7NO,Pemetrexed,move,R14-PARENT-NAME-TRIAL,"the registry intervention names Pemetrexed, not PEMETREXED, (R)-; the trial belongs to the parent page"
NCT04762459,K1:FG8Q47888S,K1:04Q9AIZ7NO,Pemetrexed,move,R14-PARENT-NAME-TRIAL,"the registry intervention names Pemetrexed, not PEMETREXED, (R)-; the trial belongs to the parent page"
NCT04768075,K1:FG8Q47888S,K1:04Q9AIZ7NO,Pemetrexed,move,R14-PARENT-NAME-TRIAL,"the registry intervention names Pemetrexed, not PEMETREXED, (R)-; the trial belongs to the parent page"
NCT04786964,K1:FG8Q47888S,K1:04Q9AIZ7NO,Pemetrexed,move,R14-PARENT-NAME-TRIAL,"the registry intervention names Pemetrexed, not PEMETREXED, (R)-; the trial belongs to the parent page"
NCT04816214,K1:FG8Q47888S,K1:04Q9AIZ7NO,Pemetrexed,move,R14-PARENT-NAME-TRIAL,"the registry intervention names Pemetrexed, not PEMETREXED, (R)-; the trial belongs to the parent page"
NCT04832854,K1:FG8Q47888S,K1:04Q9AIZ7NO,Pemetrexed,move,R14-PARENT-NAME-TRIAL,"the registry intervention names Pemetrexed, not PEMETREXED, (R)-; the trial belongs to the parent page"
NCT04836728,K1:FG8Q47888S,K1:04Q9AIZ7NO,Pemetrexed,move,R14-PARENT-NAME-TRIAL,"the registry intervention names Pemetrexed, not PEMETREXED, (R)-; the trial belongs to the parent page"
NCT04837716,K1:FG8Q47888S,K1:04Q9AIZ7NO,Pemetrexed,move,R14-PARENT-NAME-TRIAL,"the registry intervention names Pemetrexed, not PEMETREXED, (R)-; the trial belongs to the parent page"
NCT04843007,K1:FG8Q47888S,K1:04Q9AIZ7NO,Pemetrexed,move,R14-PARENT-NAME-TRIAL,"the registry intervention names Pemetrexed, not PEMETREXED, (R)-; the trial belongs to the parent page"
NCT04856176,K1:FG8Q47888S,K1:04Q9AIZ7NO,pemetrexed,move,R14-PARENT-NAME-TRIAL,"the registry intervention names Pemetrexed, not PEMETREXED, (R)-; the trial belongs to the parent page"
NCT04861948,K1:FG8Q47888S,K1:04Q9AIZ7NO,Pemetrexed,move,R14-PARENT-NAME-TRIAL,"the registry intervention names Pemetrexed, not PEMETREXED, (R)-; the trial belongs to the parent page"
NCT04892953,K1:FG8Q47888S,K1:04Q9AIZ7NO,Pemetrexed,move,R14-PARENT-NAME-TRIAL,"the registry intervention names Pemetrexed, not PEMETREXED, (R)-; the trial belongs to the parent page"
NCT04895735,K1:FG8Q47888S,K1:04Q9AIZ7NO,Pemetrexed Disodium,move,R14-PARENT-NAME-TRIAL,"the registry intervention names Pemetrexed, not PEMETREXED, (R)-; the trial belongs to the parent page"
NCT04897386,K1:FG8Q47888S,K1:04Q9AIZ7NO,Pemetrexed,move,R14-PARENT-NAME-TRIAL,"the registry intervention names Pemetrexed, not PEMETREXED, (R)-; the trial belongs to the parent page"
NCT04943627,K1:FG8Q47888S,K1:04Q9AIZ7NO,Pemetrexed,move,R14-PARENT-NAME-TRIAL,"the registry intervention names Pemetrexed, not PEMETREXED, (R)-; the trial belongs to the parent page"
NCT04956640,K1:FG8Q47888S,K1:04Q9AIZ7NO,Pemetrexed,move,R14-PARENT-NAME-TRIAL,"the registry intervention names Pemetrexed, not PEMETREXED, (R)-; the trial belongs to the parent page"
NCT04956692,K1:FG8Q47888S,K1:04Q9AIZ7NO,Pemetrexed,move,R14-PARENT-NAME-TRIAL,"the registry intervention names Pemetrexed, not PEMETREXED, (R)-; the trial belongs to the parent page"
NCT04964960,K1:FG8Q47888S,K1:04Q9AIZ7NO,Pemetrexed,move,R14-PARENT-NAME-TRIAL,"the registry intervention names Pemetrexed, not PEMETREXED, (R)-; the trial belongs to the parent page"
NCT04966663,K1:FG8Q47888S,K1:04Q9AIZ7NO,Pemetrexed,move,R14-PARENT-NAME-TRIAL,"the registry intervention names Pemetrexed, not PEMETREXED, (R)-; the trial belongs to the parent page"
NCT04971187,K1:FG8Q47888S,K1:04Q9AIZ7NO,Pemetrexed,move,R14-PARENT-NAME-TRIAL,"the registry intervention names Pemetrexed, not PEMETREXED, (R)-; the trial belongs to the parent page"
NCT04988295,K1:FG8Q47888S,K1:04Q9AIZ7NO,Pemetrexed,move,R14-PARENT-NAME-TRIAL,"the registry intervention names Pemetrexed, not PEMETREXED, (R)-; the trial belongs to the parent page"
NCT04989283,K1:FG8Q47888S,K1:04Q9AIZ7NO,Pemetrexed,move,R14-PARENT-NAME-TRIAL,"the registry intervention names Pemetrexed, not PEMETREXED, (R)-; the trial belongs to the parent page"
NCT04989322,K1:FG8Q47888S,K1:04Q9AIZ7NO,Pemetrexed,move,R14-PARENT-NAME-TRIAL,"the registry intervention names Pemetrexed, not PEMETREXED, (R)-; the trial belongs to the parent page"
NCT04991025,K1:FG8Q47888S,K1:04Q9AIZ7NO,Pemetrexed,move,R14-PARENT-NAME-TRIAL,"the registry intervention names Pemetrexed, not PEMETREXED, (R)-; the trial belongs to the parent page"
NCT04993677,K1:FG8Q47888S,K1:04Q9AIZ7NO,pemetrexed,move,R14-PARENT-NAME-TRIAL,"the registry intervention names Pemetrexed, not PEMETREXED, (R)-; the trial belongs to the parent page"
NCT05001880,K1:FG8Q47888S,K1:04Q9AIZ7NO,Pemetrexed,move,R14-PARENT-NAME-TRIAL,"the registry intervention names Pemetrexed, not PEMETREXED, (R)-; the trial belongs to the parent page"
NCT05011487,K1:FG8Q47888S,K1:04Q9AIZ7NO,Pemetrexed,move,R14-PARENT-NAME-TRIAL,"the registry intervention names Pemetrexed, not PEMETREXED, (R)-; the trial belongs to the parent page"
NCT05012254,K1:FG8Q47888S,K1:04Q9AIZ7NO,Pemetrexed,move,R14-PARENT-NAME-TRIAL,"the registry intervention names Pemetrexed, not PEMETREXED, (R)-; the trial belongs to the parent page"
NCT05014464,K1:FG8Q47888S,K1:04Q9AIZ7NO,Pemetrexed,move,R14-PARENT-NAME-TRIAL,"the registry intervention names Pemetrexed, not PEMETREXED, (R)-; the trial belongs to the parent page"
NCT05014815,K1:FG8Q47888S,K1:04Q9AIZ7NO,Pemetrexed,move,R14-PARENT-NAME-TRIAL,"the registry intervention names Pemetrexed, not PEMETREXED, (R)-; the trial belongs to the parent page"
NCT05017012,K1:FG8Q47888S,K1:04Q9AIZ7NO,Pemetrexed,move,R14-PARENT-NAME-TRIAL,"the registry intervention names Pemetrexed, not PEMETREXED, (R)-; the trial belongs to the parent page"
NCT05048797,K1:FG8Q47888S,K1:04Q9AIZ7NO,Pemetrexed,move,R14-PARENT-NAME-TRIAL,"the registry intervention names Pemetrexed, not PEMETREXED, (R)-; the trial belongs to the parent page"
NCT05055908,K1:FG8Q47888S,K1:04Q9AIZ7NO,Pemetrexed,move,R14-PARENT-NAME-TRIAL,"the registry intervention names Pemetrexed, not PEMETREXED, (R)-; the trial belongs to the parent page"
NCT05059522,K1:FG8Q47888S,K1:04Q9AIZ7NO,Pemetrexed,move,R14-PARENT-NAME-TRIAL,"the registry intervention names Pemetrexed, not PEMETREXED, (R)-; the trial belongs to the parent page"
NCT05067283,K1:FG8Q47888S,K1:04Q9AIZ7NO,pemetrexed,move,R14-PARENT-NAME-TRIAL,"the registry intervention names Pemetrexed, not PEMETREXED, (R)-; the trial belongs to the parent page"
NCT05083481,K1:FG8Q47888S,K1:04Q9AIZ7NO,Pemetrexed,move,R14-PARENT-NAME-TRIAL,"the registry intervention names Pemetrexed, not PEMETREXED, (R)-; the trial belongs to the parent page"
NCT05096663,K1:FG8Q47888S,K1:04Q9AIZ7NO,Pemetrexed,move,R14-PARENT-NAME-TRIAL,"the registry intervention names Pemetrexed, not PEMETREXED, (R)-; the trial belongs to the parent page"
NCT05098132,K1:FG8Q47888S,K1:04Q9AIZ7NO,pemetrexed,move,R14-PARENT-NAME-TRIAL,"the registry intervention names Pemetrexed, not PEMETREXED, (R)-; the trial belongs to the parent page"
NCT05104788,K1:FG8Q47888S,K1:04Q9AIZ7NO,Pemetrexed,move,R14-PARENT-NAME-TRIAL,"the registry intervention names Pemetrexed, not PEMETREXED, (R)-; the trial belongs to the parent page"
NCT05112965,K1:FG8Q47888S,K1:04Q9AIZ7NO,Pemetrexed,move,R14-PARENT-NAME-TRIAL,"the registry intervention names Pemetrexed, not PEMETREXED, (R)-; the trial belongs to the parent page"
NCT05116462,K1:FG8Q47888S,K1:04Q9AIZ7NO,Pemetrexed,move,R14-PARENT-NAME-TRIAL,"the registry intervention names Pemetrexed, not PEMETREXED, (R)-; the trial belongs to the parent page"
NCT05117476,K1:FG8Q47888S,K1:04Q9AIZ7NO,pemetrexed,move,R14-PARENT-NAME-TRIAL,"the registry intervention names Pemetrexed, not PEMETREXED, (R)-; the trial belongs to the parent page"
NCT05118854,K1:FG8Q47888S,K1:04Q9AIZ7NO,Pemetrexed,move,R14-PARENT-NAME-TRIAL,"the registry intervention names Pemetrexed, not PEMETREXED, (R)-; the trial belongs to the parent page"
NCT05132985,K1:FG8Q47888S,K1:04Q9AIZ7NO,Pemetrexed,move,R14-PARENT-NAME-TRIAL,"the registry intervention names Pemetrexed, not PEMETREXED, (R)-; the trial belongs to the parent page"
NCT05136677,K1:FG8Q47888S,K1:04Q9AIZ7NO,Pemetrexed,move,R14-PARENT-NAME-TRIAL,"the registry intervention names Pemetrexed, not PEMETREXED, (R)-; the trial belongs to the parent page"
NCT05136846,K1:FG8Q47888S,K1:04Q9AIZ7NO,Pemetrexed,move,R14-PARENT-NAME-TRIAL,"the registry intervention names Pemetrexed, not PEMETREXED, (R)-; the trial belongs to the parent page"
NCT05153408,K1:FG8Q47888S,K1:04Q9AIZ7NO,pemetrexed,move,R14-PARENT-NAME-TRIAL,"the registry intervention names Pemetrexed, not PEMETREXED, (R)-; the trial belongs to the parent page"
NCT05184712,K1:FG8Q47888S,K1:04Q9AIZ7NO,Pemetrexed,move,R14-PARENT-NAME-TRIAL,"the registry intervention names Pemetrexed, not PEMETREXED, (R)-; the trial belongs to the parent page"
NCT05198830,K1:FG8Q47888S,K1:04Q9AIZ7NO,Pemetrexed,move,R14-PARENT-NAME-TRIAL,"the registry intervention names Pemetrexed, not PEMETREXED, (R)-; the trial belongs to the parent page"
NCT05200481,K1:FG8Q47888S,K1:04Q9AIZ7NO,Pemetrexed,move,R14-PARENT-NAME-TRIAL,"the registry intervention names Pemetrexed, not PEMETREXED, (R)-; the trial belongs to the parent page"
NCT05209256,K1:FG8Q47888S,K1:04Q9AIZ7NO,pemetrexed,move,R14-PARENT-NAME-TRIAL,"the registry intervention names Pemetrexed, not PEMETREXED, (R)-; the trial belongs to the parent page"
NCT05209620,K1:FG8Q47888S,K1:04Q9AIZ7NO,Pemetrexed,move,R14-PARENT-NAME-TRIAL,"the registry intervention names Pemetrexed, not PEMETREXED, (R)-; the trial belongs to the parent page"
NCT05226598,K1:FG8Q47888S,K1:04Q9AIZ7NO,Pemetrexed,move,R14-PARENT-NAME-TRIAL,"the registry intervention names Pemetrexed, not PEMETREXED, (R)-; the trial belongs to the parent page"
NCT05241873,K1:FG8Q47888S,K1:04Q9AIZ7NO,Pemetrexed,move,R14-PARENT-NAME-TRIAL,"the registry intervention names Pemetrexed, not PEMETREXED, (R)-; the trial belongs to the parent page"
NCT05244837,K1:FG8Q47888S,K1:04Q9AIZ7NO,pemetrexed,move,R14-PARENT-NAME-TRIAL,"the registry intervention names Pemetrexed, not PEMETREXED, (R)-; the trial belongs to the parent page"
NCT05253118,K1:FG8Q47888S,K1:04Q9AIZ7NO,Pemetrexed,move,R14-PARENT-NAME-TRIAL,"the registry intervention names Pemetrexed, not PEMETREXED, (R)-; the trial belongs to the parent page"
NCT05255302,K1:FG8Q47888S,K1:04Q9AIZ7NO,Pemetrexed,move,R14-PARENT-NAME-TRIAL,"the registry intervention names Pemetrexed, not PEMETREXED, (R)-; the trial belongs to the parent page"
NCT05258279,K1:FG8Q47888S,K1:04Q9AIZ7NO,Pemetrexed,move,R14-PARENT-NAME-TRIAL,"the registry intervention names Pemetrexed, not PEMETREXED, (R)-; the trial belongs to the parent page"
NCT05261399,K1:FG8Q47888S,K1:04Q9AIZ7NO,Pemetrexed,move,R14-PARENT-NAME-TRIAL,"the registry intervention names Pemetrexed, not PEMETREXED, (R)-; the trial belongs to the parent page"
NCT05266846,K1:FG8Q47888S,K1:04Q9AIZ7NO,pemetrexed,move,R14-PARENT-NAME-TRIAL,"the registry intervention names Pemetrexed, not PEMETREXED, (R)-; the trial belongs to the parent page"
NCT05273814,K1:FG8Q47888S,K1:04Q9AIZ7NO,Pemetrexed,move,R14-PARENT-NAME-TRIAL,"the registry intervention names Pemetrexed, not PEMETREXED, (R)-; the trial belongs to the parent page"
NCT05281406,K1:FG8Q47888S,K1:04Q9AIZ7NO,Pemetrexed,move,R14-PARENT-NAME-TRIAL,"the registry intervention names Pemetrexed, not PEMETREXED, (R)-; the trial belongs to the parent page"
NCT05284539,K1:FG8Q47888S,K1:04Q9AIZ7NO,Pemetrexed,move,R14-PARENT-NAME-TRIAL,"the registry intervention names Pemetrexed, not PEMETREXED, (R)-; the trial belongs to the parent page"
NCT05298423,K1:FG8Q47888S,K1:04Q9AIZ7NO,pemetrexed,move,R14-PARENT-NAME-TRIAL,"the registry intervention names Pemetrexed, not PEMETREXED, (R)-; the trial belongs to the parent page"
NCT05298592,K1:FG8Q47888S,K1:04Q9AIZ7NO,Pemetrexed,move,R14-PARENT-NAME-TRIAL,"the registry intervention names Pemetrexed, not PEMETREXED, (R)-; the trial belongs to the parent page"
NCT05305885,K1:FG8Q47888S,K1:04Q9AIZ7NO,Pemetrexed,move,R14-PARENT-NAME-TRIAL,"the registry intervention names Pemetrexed, not PEMETREXED, (R)-; the trial belongs to the parent page"
NCT05335941,K1:FG8Q47888S,K1:04Q9AIZ7NO,Pemetrexed,move,R14-PARENT-NAME-TRIAL,"the registry intervention names Pemetrexed, not PEMETREXED, (R)-; the trial belongs to the parent page"
NCT05358548,K1:FG8Q47888S,K1:04Q9AIZ7NO,Pemetrexed,move,R14-PARENT-NAME-TRIAL,"the registry intervention names Pemetrexed, not PEMETREXED, (R)-; the trial belongs to the parent page"
NCT05364645,K1:FG8Q47888S,K1:04Q9AIZ7NO,Pemetrexed,move,R14-PARENT-NAME-TRIAL,"the registry intervention names Pemetrexed, not PEMETREXED, (R)-; the trial belongs to the parent page"
NCT05382559,K1:FG8Q47888S,K1:04Q9AIZ7NO,Pemetrexed,move,R14-PARENT-NAME-TRIAL,"the registry intervention names Pemetrexed, not PEMETREXED, (R)-; the trial belongs to the parent page"
NCT05386888,K1:FG8Q47888S,K1:04Q9AIZ7NO,Pemetrexed,move,R14-PARENT-NAME-TRIAL,"the registry intervention names Pemetrexed, not PEMETREXED, (R)-; the trial belongs to the parent page"
NCT05403385,K1:FG8Q47888S,K1:04Q9AIZ7NO,Pemetrexed,move,R14-PARENT-NAME-TRIAL,"the registry intervention names Pemetrexed, not PEMETREXED, (R)-; the trial belongs to the parent page"
NCT05410145,K1:FG8Q47888S,K1:04Q9AIZ7NO,Pemetrexed,move,R14-PARENT-NAME-TRIAL,"the registry intervention names Pemetrexed, not PEMETREXED, (R)-; the trial belongs to the parent page"
NCT05431270,K1:FG8Q47888S,K1:04Q9AIZ7NO,Pemetrexed,move,R14-PARENT-NAME-TRIAL,"the registry intervention names Pemetrexed, not PEMETREXED, (R)-; the trial belongs to the parent page"
NCT05443126,K1:FG8Q47888S,K1:04Q9AIZ7NO,Pemetrexed,move,R14-PARENT-NAME-TRIAL,"the registry intervention names Pemetrexed, not PEMETREXED, (R)-; the trial belongs to the parent page"
NCT05448781,K1:FG8Q47888S,K1:04Q9AIZ7NO,Pemetrexed,move,R14-PARENT-NAME-TRIAL,"the registry intervention names Pemetrexed, not PEMETREXED, (R)-; the trial belongs to the parent page"
NCT05456256,K1:FG8Q47888S,K1:04Q9AIZ7NO,Pemetrexed,move,R14-PARENT-NAME-TRIAL,"the registry intervention names Pemetrexed, not PEMETREXED, (R)-; the trial belongs to the parent page"
NCT05458726,K1:FG8Q47888S,K1:04Q9AIZ7NO,pemetrexed,move,R14-PARENT-NAME-TRIAL,"the registry intervention names Pemetrexed, not PEMETREXED, (R)-; the trial belongs to the parent page"
NCT05459441,K1:FG8Q47888S,K1:04Q9AIZ7NO,pemetrexed,move,R14-PARENT-NAME-TRIAL,"the registry intervention names Pemetrexed, not PEMETREXED, (R)-; the trial belongs to the parent page"
NCT05469178,K1:FG8Q47888S,K1:04Q9AIZ7NO,Pemetrexed,move,R14-PARENT-NAME-TRIAL,"the registry intervention names Pemetrexed, not PEMETREXED, (R)-; the trial belongs to the parent page"
NCT05477615,K1:FG8Q47888S,K1:04Q9AIZ7NO,Pemetrexed,move,R14-PARENT-NAME-TRIAL,"the registry intervention names Pemetrexed, not PEMETREXED, (R)-; the trial belongs to the parent page"
NCT05487391,K1:FG8Q47888S,K1:04Q9AIZ7NO,Pemetrexed,move,R14-PARENT-NAME-TRIAL,"the registry intervention names Pemetrexed, not PEMETREXED, (R)-; the trial belongs to the parent page"
NCT05493501,K1:FG8Q47888S,K1:04Q9AIZ7NO,Pemetrexed,move,R14-PARENT-NAME-TRIAL,"the registry intervention names Pemetrexed, not PEMETREXED, (R)-; the trial belongs to the parent page"
NCT05498428,K1:FG8Q47888S,K1:04Q9AIZ7NO,Pemetrexed,move,R14-PARENT-NAME-TRIAL,"the registry intervention names Pemetrexed, not PEMETREXED, (R)-; the trial belongs to the parent page"
NCT05500092,K1:FG8Q47888S,K1:04Q9AIZ7NO,Pemetrexed,move,R14-PARENT-NAME-TRIAL,"the registry intervention names Pemetrexed, not PEMETREXED, (R)-; the trial belongs to the parent page"
NCT05501665,K1:FG8Q47888S,K1:04Q9AIZ7NO,Pemetrexed,move,R14-PARENT-NAME-TRIAL,"the registry intervention names Pemetrexed, not PEMETREXED, (R)-; the trial belongs to the parent page"
NCT05502237,K1:FG8Q47888S,K1:04Q9AIZ7NO,Pemetrexed,move,R14-PARENT-NAME-TRIAL,"the registry intervention names Pemetrexed, not PEMETREXED, (R)-; the trial belongs to the parent page"
NCT05504278,K1:FG8Q47888S,K1:04Q9AIZ7NO,pemetrexed,move,R14-PARENT-NAME-TRIAL,"the registry intervention names Pemetrexed, not PEMETREXED, (R)-; the trial belongs to the parent page"
NCT05507606,K1:FG8Q47888S,K1:04Q9AIZ7NO,Pemetrexed,move,R14-PARENT-NAME-TRIAL,"the registry intervention names Pemetrexed, not PEMETREXED, (R)-; the trial belongs to the parent page"
NCT05527808,K1:FG8Q47888S,K1:04Q9AIZ7NO,pemetrexed,move,R14-PARENT-NAME-TRIAL,"the registry intervention names Pemetrexed, not PEMETREXED, (R)-; the trial belongs to the parent page"
NCT05555732,K1:FG8Q47888S,K1:04Q9AIZ7NO,Pemetrexed,move,R14-PARENT-NAME-TRIAL,"the registry intervention names Pemetrexed, not PEMETREXED, (R)-; the trial belongs to the parent page"
NCT05574998,K1:FG8Q47888S,K1:04Q9AIZ7NO,Pemetrexed,move,R14-PARENT-NAME-TRIAL,"the registry intervention names Pemetrexed, not PEMETREXED, (R)-; the trial belongs to the parent page"
NCT05577702,K1:FG8Q47888S,K1:04Q9AIZ7NO,Pemetrexed,move,R14-PARENT-NAME-TRIAL,"the registry intervention names Pemetrexed, not PEMETREXED, (R)-; the trial belongs to the parent page"
NCT05583188,K1:FG8Q47888S,K1:04Q9AIZ7NO,Pemetrexed,move,R14-PARENT-NAME-TRIAL,"the registry intervention names Pemetrexed, not PEMETREXED, (R)-; the trial belongs to the parent page"
NCT05624996,K1:FG8Q47888S,K1:04Q9AIZ7NO,Pemetrexed,move,R14-PARENT-NAME-TRIAL,"the registry intervention names Pemetrexed, not PEMETREXED, (R)-; the trial belongs to the parent page"
NCT05633667,K1:FG8Q47888S,K1:04Q9AIZ7NO,Pemetrexed,move,R14-PARENT-NAME-TRIAL,"the registry intervention names Pemetrexed, not PEMETREXED, (R)-; the trial belongs to the parent page"
NCT05635708,K1:FG8Q47888S,K1:04Q9AIZ7NO,pemetrexed,move,R14-PARENT-NAME-TRIAL,"the registry intervention names Pemetrexed, not PEMETREXED, (R)-; the trial belongs to the parent page"
NCT05636267,K1:FG8Q47888S,K1:04Q9AIZ7NO,Pemetrexed,move,R14-PARENT-NAME-TRIAL,"the registry intervention names Pemetrexed, not PEMETREXED, (R)-; the trial belongs to the parent page"
NCT05648071,K1:FG8Q47888S,K1:04Q9AIZ7NO,Pemetrexed,move,R14-PARENT-NAME-TRIAL,"the registry intervention names Pemetrexed, not PEMETREXED, (R)-; the trial belongs to the parent page"
NCT05664971,K1:FG8Q47888S,K1:04Q9AIZ7NO,Pemetrexed,move,R14-PARENT-NAME-TRIAL,"the registry intervention names Pemetrexed, not PEMETREXED, (R)-; the trial belongs to the parent page"
NCT05681195,K1:FG8Q47888S,K1:04Q9AIZ7NO,Pemetrexed,move,R14-PARENT-NAME-TRIAL,"the registry intervention names Pemetrexed, not PEMETREXED, (R)-; the trial belongs to the parent page"
NCT05687266,K1:FG8Q47888S,K1:04Q9AIZ7NO,Pemetrexed,move,R14-PARENT-NAME-TRIAL,"the registry intervention names Pemetrexed, not PEMETREXED, (R)-; the trial belongs to the parent page"
NCT05689671,K1:FG8Q47888S,K1:04Q9AIZ7NO,Pemetrexed,move,R14-PARENT-NAME-TRIAL,"the registry intervention names Pemetrexed, not PEMETREXED, (R)-; the trial belongs to the parent page"
NCT05715229,K1:FG8Q47888S,K1:04Q9AIZ7NO,Pemetrexed,move,R14-PARENT-NAME-TRIAL,"the registry intervention names Pemetrexed, not PEMETREXED, (R)-; the trial belongs to the parent page"
NCT05719558,K1:FG8Q47888S,K1:04Q9AIZ7NO,Pemetrexed,move,R14-PARENT-NAME-TRIAL,"the registry intervention names Pemetrexed, not PEMETREXED, (R)-; the trial belongs to the parent page"
NCT05722015,K1:FG8Q47888S,K1:04Q9AIZ7NO,Pemetrexed,move,R14-PARENT-NAME-TRIAL,"the registry intervention names Pemetrexed, not PEMETREXED, (R)-; the trial belongs to the parent page"
NCT05741021,K1:FG8Q47888S,K1:04Q9AIZ7NO,Pemetrexed,move,R14-PARENT-NAME-TRIAL,"the registry intervention names Pemetrexed, not PEMETREXED, (R)-; the trial belongs to the parent page"
NCT05746481,K1:FG8Q47888S,K1:04Q9AIZ7NO,Pemetrexed,move,R14-PARENT-NAME-TRIAL,"the registry intervention names Pemetrexed, not PEMETREXED, (R)-; the trial belongs to the parent page"
NCT05751187,K1:FG8Q47888S,K1:04Q9AIZ7NO,Pemetrexed,move,R14-PARENT-NAME-TRIAL,"the registry intervention names Pemetrexed, not PEMETREXED, (R)-; the trial belongs to the parent page"
NCT05756972,K1:FG8Q47888S,K1:04Q9AIZ7NO,Pemetrexed,move,R14-PARENT-NAME-TRIAL,"the registry intervention names Pemetrexed, not PEMETREXED, (R)-; the trial belongs to the parent page"
NCT05766800,K1:FG8Q47888S,K1:04Q9AIZ7NO,Pemetrexed,move,R14-PARENT-NAME-TRIAL,"the registry intervention names Pemetrexed, not PEMETREXED, (R)-; the trial belongs to the parent page"
NCT05775289,K1:FG8Q47888S,K1:04Q9AIZ7NO,Pemetrexed,move,R14-PARENT-NAME-TRIAL,"the registry intervention names Pemetrexed, not PEMETREXED, (R)-; the trial belongs to the parent page"
NCT05789082,K1:FG8Q47888S,K1:04Q9AIZ7NO,Pemetrexed,move,R14-PARENT-NAME-TRIAL,"the registry intervention names Pemetrexed, not PEMETREXED, (R)-; the trial belongs to the parent page"
NCT05791097,K1:FG8Q47888S,K1:04Q9AIZ7NO,Pemetrexed,move,R14-PARENT-NAME-TRIAL,"the registry intervention names Pemetrexed, not PEMETREXED, (R)-; the trial belongs to the parent page"
NCT05800015,K1:FG8Q47888S,K1:04Q9AIZ7NO,Pemetrexed,move,R14-PARENT-NAME-TRIAL,"the registry intervention names Pemetrexed, not PEMETREXED, (R)-; the trial belongs to the parent page"
NCT05800340,K1:FG8Q47888S,K1:04Q9AIZ7NO,Pemetrexed,move,R14-PARENT-NAME-TRIAL,"the registry intervention names Pemetrexed, not PEMETREXED, (R)-; the trial belongs to the parent page"
NCT05800587,K1:FG8Q47888S,K1:04Q9AIZ7NO,Pemetrexed,move,R14-PARENT-NAME-TRIAL,"the registry intervention names Pemetrexed, not PEMETREXED, (R)-; the trial belongs to the parent page"
NCT05805631,K1:FG8Q47888S,K1:04Q9AIZ7NO,Pemetrexed,move,R14-PARENT-NAME-TRIAL,"the registry intervention names Pemetrexed, not PEMETREXED, (R)-; the trial belongs to the parent page"
NCT05825443,K1:FG8Q47888S,K1:04Q9AIZ7NO,pemetrexed,move,R14-PARENT-NAME-TRIAL,"the registry intervention names Pemetrexed, not PEMETREXED, (R)-; the trial belongs to the parent page"
NCT05870319,K1:FG8Q47888S,K1:04Q9AIZ7NO,Pemetrexed,move,R14-PARENT-NAME-TRIAL,"the registry intervention names Pemetrexed, not PEMETREXED, (R)-; the trial belongs to the parent page"
NCT05891080,K1:FG8Q47888S,K1:04Q9AIZ7NO,Pemetrexed,move,R14-PARENT-NAME-TRIAL,"the registry intervention names Pemetrexed, not PEMETREXED, (R)-; the trial belongs to the parent page"
NCT05904379,K1:FG8Q47888S,K1:04Q9AIZ7NO,pemetrexed,move,R14-PARENT-NAME-TRIAL,"the registry intervention names Pemetrexed, not PEMETREXED, (R)-; the trial belongs to the parent page"
NCT05911308,K1:FG8Q47888S,K1:04Q9AIZ7NO,Pemetrexed,move,R14-PARENT-NAME-TRIAL,"the registry intervention names Pemetrexed, not PEMETREXED, (R)-; the trial belongs to the parent page"
NCT05918107,K1:FG8Q47888S,K1:04Q9AIZ7NO,Pemetrexed,move,R14-PARENT-NAME-TRIAL,"the registry intervention names Pemetrexed, not PEMETREXED, (R)-; the trial belongs to the parent page"
NCT05948462,K1:FG8Q47888S,K1:04Q9AIZ7NO,Pemetrexed,move,R14-PARENT-NAME-TRIAL,"the registry intervention names Pemetrexed, not PEMETREXED, (R)-; the trial belongs to the parent page"
NCT05984277,K1:FG8Q47888S,K1:04Q9AIZ7NO,Pemetrexed,move,R14-PARENT-NAME-TRIAL,"the registry intervention names Pemetrexed, not PEMETREXED, (R)-; the trial belongs to the parent page"
NCT05990127,K1:FG8Q47888S,K1:04Q9AIZ7NO,Pemetrexed,move,R14-PARENT-NAME-TRIAL,"the registry intervention names Pemetrexed, not PEMETREXED, (R)-; the trial belongs to the parent page"
NCT06001151,K1:FG8Q47888S,K1:04Q9AIZ7NO,Pemetrexed,move,R14-PARENT-NAME-TRIAL,"the registry intervention names Pemetrexed, not PEMETREXED, (R)-; the trial belongs to the parent page"
NCT06008093,K1:FG8Q47888S,K1:04Q9AIZ7NO,Pemetrexed,move,R14-PARENT-NAME-TRIAL,"the registry intervention names Pemetrexed, not PEMETREXED, (R)-; the trial belongs to the parent page"
NCT06045767,K1:FG8Q47888S,K1:04Q9AIZ7NO,Pemetrexed,move,R14-PARENT-NAME-TRIAL,"the registry intervention names Pemetrexed, not PEMETREXED, (R)-; the trial belongs to the parent page"
NCT06057935,K1:FG8Q47888S,K1:04Q9AIZ7NO,Pemetrexed,move,R14-PARENT-NAME-TRIAL,"the registry intervention names Pemetrexed, not PEMETREXED, (R)-; the trial belongs to the parent page"
NCT06074588,K1:FG8Q47888S,K1:04Q9AIZ7NO,Pemetrexed,move,R14-PARENT-NAME-TRIAL,"the registry intervention names Pemetrexed, not PEMETREXED, (R)-; the trial belongs to the parent page"
NCT06093503,K1:FG8Q47888S,K1:04Q9AIZ7NO,Pemetrexed,move,R14-PARENT-NAME-TRIAL,"the registry intervention names Pemetrexed, not PEMETREXED, (R)-; the trial belongs to the parent page"
NCT06094296,K1:FG8Q47888S,K1:04Q9AIZ7NO,Pemetrexed,move,R14-PARENT-NAME-TRIAL,"the registry intervention names Pemetrexed, not PEMETREXED, (R)-; the trial belongs to the parent page"
NCT06096844,K1:FG8Q47888S,K1:04Q9AIZ7NO,Pemetrexed,move,R14-PARENT-NAME-TRIAL,"the registry intervention names Pemetrexed, not PEMETREXED, (R)-; the trial belongs to the parent page"
NCT06097728,K1:FG8Q47888S,K1:04Q9AIZ7NO,Pemetrexed,move,R14-PARENT-NAME-TRIAL,"the registry intervention names Pemetrexed, not PEMETREXED, (R)-; the trial belongs to the parent page"
NCT06109402,K1:FG8Q47888S,K1:04Q9AIZ7NO,Pemetrexed,move,R14-PARENT-NAME-TRIAL,"the registry intervention names Pemetrexed, not PEMETREXED, (R)-; the trial belongs to the parent page"
NCT06119581,K1:FG8Q47888S,K1:04Q9AIZ7NO,Pemetrexed,move,R14-PARENT-NAME-TRIAL,"the registry intervention names Pemetrexed, not PEMETREXED, (R)-; the trial belongs to the parent page"
NCT06151574,K1:FG8Q47888S,K1:04Q9AIZ7NO,pemetrexed,move,R14-PARENT-NAME-TRIAL,"the registry intervention names Pemetrexed, not PEMETREXED, (R)-; the trial belongs to the parent page"
NCT06161441,K1:FG8Q47888S,K1:04Q9AIZ7NO,Pemetrexed,move,R14-PARENT-NAME-TRIAL,"the registry intervention names Pemetrexed, not PEMETREXED, (R)-; the trial belongs to the parent page"
NCT06162221,K1:FG8Q47888S,K1:04Q9AIZ7NO,Pemetrexed,move,R14-PARENT-NAME-TRIAL,"the registry intervention names Pemetrexed, not PEMETREXED, (R)-; the trial belongs to the parent page"
NCT06208033,K1:FG8Q47888S,K1:04Q9AIZ7NO,Pemetrexed Disodium,move,R14-PARENT-NAME-TRIAL,"the registry intervention names Pemetrexed, not PEMETREXED, (R)-; the trial belongs to the parent page"
NCT06212752,K1:FG8Q47888S,K1:04Q9AIZ7NO,Pemetrexed,move,R14-PARENT-NAME-TRIAL,"the registry intervention names Pemetrexed, not PEMETREXED, (R)-; the trial belongs to the parent page"
NCT06236438,K1:FG8Q47888S,K1:04Q9AIZ7NO,Pemetrexed,move,R14-PARENT-NAME-TRIAL,"the registry intervention names Pemetrexed, not PEMETREXED, (R)-; the trial belongs to the parent page"
NCT06246110,K1:FG8Q47888S,K1:04Q9AIZ7NO,Pemetrexed,move,R14-PARENT-NAME-TRIAL,"the registry intervention names Pemetrexed, not PEMETREXED, (R)-; the trial belongs to the parent page"
NCT06280196,K1:FG8Q47888S,K1:04Q9AIZ7NO,Pemetrexed,move,R14-PARENT-NAME-TRIAL,"the registry intervention names Pemetrexed, not PEMETREXED, (R)-; the trial belongs to the parent page"
NCT06296745,K1:FG8Q47888S,K1:04Q9AIZ7NO,Pemetrexed,move,R14-PARENT-NAME-TRIAL,"the registry intervention names Pemetrexed, not PEMETREXED, (R)-; the trial belongs to the parent page"
NCT06304441,K1:FG8Q47888S,K1:04Q9AIZ7NO,Pemetrexed,move,R14-PARENT-NAME-TRIAL,"the registry intervention names Pemetrexed, not PEMETREXED, (R)-; the trial belongs to the parent page"
NCT06305754,K1:FG8Q47888S,K1:04Q9AIZ7NO,Pemetrexed,move,R14-PARENT-NAME-TRIAL,"the registry intervention names Pemetrexed, not PEMETREXED, (R)-; the trial belongs to the parent page"
NCT06312137,K1:FG8Q47888S,K1:04Q9AIZ7NO,Pemetrexed,move,R14-PARENT-NAME-TRIAL,"the registry intervention names Pemetrexed, not PEMETREXED, (R)-; the trial belongs to the parent page"
NCT06315686,K1:FG8Q47888S,K1:04Q9AIZ7NO,pemetrexed,move,R14-PARENT-NAME-TRIAL,"the registry intervention names Pemetrexed, not PEMETREXED, (R)-; the trial belongs to the parent page"
NCT06318286,K1:FG8Q47888S,K1:04Q9AIZ7NO,Pemetrexed,move,R14-PARENT-NAME-TRIAL,"the registry intervention names Pemetrexed, not PEMETREXED, (R)-; the trial belongs to the parent page"
NCT06333951,K1:FG8Q47888S,K1:04Q9AIZ7NO,Pemetrexed,move,R14-PARENT-NAME-TRIAL,"the registry intervention names Pemetrexed, not PEMETREXED, (R)-; the trial belongs to the parent page"
NCT06334757,K1:FG8Q47888S,K1:04Q9AIZ7NO,Pemetrexed,move,R14-PARENT-NAME-TRIAL,"the registry intervention names Pemetrexed, not PEMETREXED, (R)-; the trial belongs to the parent page"
NCT06346977,K1:FG8Q47888S,K1:04Q9AIZ7NO,Pemetrexed,move,R14-PARENT-NAME-TRIAL,"the registry intervention names Pemetrexed, not PEMETREXED, (R)-; the trial belongs to the parent page"
NCT06364917,K1:FG8Q47888S,K1:04Q9AIZ7NO,Pemetrexed,move,R14-PARENT-NAME-TRIAL,"the registry intervention names Pemetrexed, not PEMETREXED, (R)-; the trial belongs to the parent page"
NCT06391008,K1:FG8Q47888S,K1:04Q9AIZ7NO,Pemetrexed,move,R14-PARENT-NAME-TRIAL,"the registry intervention names Pemetrexed, not PEMETREXED, (R)-; the trial belongs to the parent page"
NCT06396065,K1:FG8Q47888S,K1:04Q9AIZ7NO,Pemetrexed,move,R14-PARENT-NAME-TRIAL,"the registry intervention names Pemetrexed, not PEMETREXED, (R)-; the trial belongs to the parent page"
NCT06399926,K1:FG8Q47888S,K1:04Q9AIZ7NO,Pemetrexed,move,R14-PARENT-NAME-TRIAL,"the registry intervention names Pemetrexed, not PEMETREXED, (R)-; the trial belongs to the parent page"
NCT06412471,K1:FG8Q47888S,K1:04Q9AIZ7NO,Pemetrexed,move,R14-PARENT-NAME-TRIAL,"the registry intervention names Pemetrexed, not PEMETREXED, (R)-; the trial belongs to the parent page"
NCT06416410,K1:FG8Q47888S,K1:04Q9AIZ7NO,Pemetrexed,move,R14-PARENT-NAME-TRIAL,"the registry intervention names Pemetrexed, not PEMETREXED, (R)-; the trial belongs to the parent page"
NCT06417814,K1:FG8Q47888S,K1:04Q9AIZ7NO,Pemetrexed,move,R14-PARENT-NAME-TRIAL,"the registry intervention names Pemetrexed, not PEMETREXED, (R)-; the trial belongs to the parent page"
NCT06431685,K1:FG8Q47888S,K1:04Q9AIZ7NO,Pemetrexed,move,R14-PARENT-NAME-TRIAL,"the registry intervention names Pemetrexed, not PEMETREXED, (R)-; the trial belongs to the parent page"
NCT06440954,K1:FG8Q47888S,K1:04Q9AIZ7NO,pemetrexed,move,R14-PARENT-NAME-TRIAL,"the registry intervention names Pemetrexed, not PEMETREXED, (R)-; the trial belongs to the parent page"
NCT06447662,K1:FG8Q47888S,K1:04Q9AIZ7NO,pemetrexed,move,R14-PARENT-NAME-TRIAL,"the registry intervention names Pemetrexed, not PEMETREXED, (R)-; the trial belongs to the parent page"
NCT06448754,K1:FG8Q47888S,K1:04Q9AIZ7NO,Pemetrexed,move,R14-PARENT-NAME-TRIAL,"the registry intervention names Pemetrexed, not PEMETREXED, (R)-; the trial belongs to the parent page"
NCT06452277,K1:FG8Q47888S,K1:04Q9AIZ7NO,Pemetrexed,move,R14-PARENT-NAME-TRIAL,"the registry intervention names Pemetrexed, not PEMETREXED, (R)-; the trial belongs to the parent page"
NCT06459180,K1:FG8Q47888S,K1:04Q9AIZ7NO,Pemetrexed,move,R14-PARENT-NAME-TRIAL,"the registry intervention names Pemetrexed, not PEMETREXED, (R)-; the trial belongs to the parent page"
NCT06462092,K1:FG8Q47888S,K1:04Q9AIZ7NO,Pemetrexed,move,R14-PARENT-NAME-TRIAL,"the registry intervention names Pemetrexed, not PEMETREXED, (R)-; the trial belongs to the parent page"
NCT06475300,K1:FG8Q47888S,K1:04Q9AIZ7NO,Pemetrexed Disodium,move,R14-PARENT-NAME-TRIAL,"the registry intervention names Pemetrexed, not PEMETREXED, (R)-; the trial belongs to the parent page"
NCT06475755,K1:FG8Q47888S,K1:04Q9AIZ7NO,Pemetrexed,move,R14-PARENT-NAME-TRIAL,"the registry intervention names Pemetrexed, not PEMETREXED, (R)-; the trial belongs to the parent page"
NCT06497543,K1:FG8Q47888S,K1:04Q9AIZ7NO,Pemetrexed,move,R14-PARENT-NAME-TRIAL,"the registry intervention names Pemetrexed, not PEMETREXED, (R)-; the trial belongs to the parent page"
NCT06522360,K1:FG8Q47888S,K1:04Q9AIZ7NO,Pemetrexed,move,R14-PARENT-NAME-TRIAL,"the registry intervention names Pemetrexed, not PEMETREXED, (R)-; the trial belongs to the parent page"
NCT06532149,K1:FG8Q47888S,K1:04Q9AIZ7NO,Pemetrexed,move,R14-PARENT-NAME-TRIAL,"the registry intervention names Pemetrexed, not PEMETREXED, (R)-; the trial belongs to the parent page"
NCT06561386,K1:FG8Q47888S,K1:04Q9AIZ7NO,Pemetrexed,move,R14-PARENT-NAME-TRIAL,"the registry intervention names Pemetrexed, not PEMETREXED, (R)-; the trial belongs to the parent page"
NCT06561685,K1:FG8Q47888S,K1:04Q9AIZ7NO,Pemetrexed,move,R14-PARENT-NAME-TRIAL,"the registry intervention names Pemetrexed, not PEMETREXED, (R)-; the trial belongs to the parent page"
NCT06564844,K1:FG8Q47888S,K1:04Q9AIZ7NO,Pemetrexed,move,R14-PARENT-NAME-TRIAL,"the registry intervention names Pemetrexed, not PEMETREXED, (R)-; the trial belongs to the parent page"
NCT06576635,K1:FG8Q47888S,K1:04Q9AIZ7NO,Pemetrexed,move,R14-PARENT-NAME-TRIAL,"the registry intervention names Pemetrexed, not PEMETREXED, (R)-; the trial belongs to the parent page"
NCT06585189,K1:FG8Q47888S,K1:04Q9AIZ7NO,Pemetrexed,move,R14-PARENT-NAME-TRIAL,"the registry intervention names Pemetrexed, not PEMETREXED, (R)-; the trial belongs to the parent page"
NCT06594874,K1:FG8Q47888S,K1:04Q9AIZ7NO,Pemetrexed,move,R14-PARENT-NAME-TRIAL,"the registry intervention names Pemetrexed, not PEMETREXED, (R)-; the trial belongs to the parent page"
NCT06607185,K1:FG8Q47888S,K1:04Q9AIZ7NO,Pemetrexed,move,R14-PARENT-NAME-TRIAL,"the registry intervention names Pemetrexed, not PEMETREXED, (R)-; the trial belongs to the parent page"
NCT06607393,K1:FG8Q47888S,K1:04Q9AIZ7NO,Pemetrexed,move,R14-PARENT-NAME-TRIAL,"the registry intervention names Pemetrexed, not PEMETREXED, (R)-; the trial belongs to the parent page"
NCT06623422,K1:FG8Q47888S,K1:04Q9AIZ7NO,Pemetrexed,move,R14-PARENT-NAME-TRIAL,"the registry intervention names Pemetrexed, not PEMETREXED, (R)-; the trial belongs to the parent page"
NCT06624059,K1:FG8Q47888S,K1:04Q9AIZ7NO,Pemetrexed,move,R14-PARENT-NAME-TRIAL,"the registry intervention names Pemetrexed, not PEMETREXED, (R)-; the trial belongs to the parent page"
NCT06627647,K1:FG8Q47888S,K1:04Q9AIZ7NO,Pemetrexed,move,R14-PARENT-NAME-TRIAL,"the registry intervention names Pemetrexed, not PEMETREXED, (R)-; the trial belongs to the parent page"
NCT06630325,K1:FG8Q47888S,K1:04Q9AIZ7NO,Pemetrexed,move,R14-PARENT-NAME-TRIAL,"the registry intervention names Pemetrexed, not PEMETREXED, (R)-; the trial belongs to the parent page"
NCT06630416,K1:FG8Q47888S,K1:04Q9AIZ7NO,Pemetrexed,move,R14-PARENT-NAME-TRIAL,"the registry intervention names Pemetrexed, not PEMETREXED, (R)-; the trial belongs to the parent page"
NCT06632327,K1:FG8Q47888S,K1:04Q9AIZ7NO,Pemetrexed,move,R14-PARENT-NAME-TRIAL,"the registry intervention names Pemetrexed, not PEMETREXED, (R)-; the trial belongs to the parent page"
NCT06643000,K1:FG8Q47888S,K1:04Q9AIZ7NO,pemetrexed,move,R14-PARENT-NAME-TRIAL,"the registry intervention names Pemetrexed, not PEMETREXED, (R)-; the trial belongs to the parent page"
NCT06659042,K1:FG8Q47888S,K1:04Q9AIZ7NO,Pemetrexed Disodium,move,R14-PARENT-NAME-TRIAL,"the registry intervention names Pemetrexed, not PEMETREXED, (R)-; the trial belongs to the parent page"
NCT06663306,K1:FG8Q47888S,K1:04Q9AIZ7NO,Pemetrexed,move,R14-PARENT-NAME-TRIAL,"the registry intervention names Pemetrexed, not PEMETREXED, (R)-; the trial belongs to the parent page"
NCT06687369,K1:FG8Q47888S,K1:04Q9AIZ7NO,Pemetrexed,move,R14-PARENT-NAME-TRIAL,"the registry intervention names Pemetrexed, not PEMETREXED, (R)-; the trial belongs to the parent page"
NCT06694454,K1:FG8Q47888S,K1:04Q9AIZ7NO,pemetrexed,move,R14-PARENT-NAME-TRIAL,"the registry intervention names Pemetrexed, not PEMETREXED, (R)-; the trial belongs to the parent page"
NCT06704620,K1:FG8Q47888S,K1:04Q9AIZ7NO,Pemetrexed,move,R14-PARENT-NAME-TRIAL,"the registry intervention names Pemetrexed, not PEMETREXED, (R)-; the trial belongs to the parent page"
NCT06704724,K1:FG8Q47888S,K1:04Q9AIZ7NO,pemetrexed,move,R14-PARENT-NAME-TRIAL,"the registry intervention names Pemetrexed, not PEMETREXED, (R)-; the trial belongs to the parent page"
NCT06711900,K1:FG8Q47888S,K1:04Q9AIZ7NO,pemetrexed,move,R14-PARENT-NAME-TRIAL,"the registry intervention names Pemetrexed, not PEMETREXED, (R)-; the trial belongs to the parent page"
NCT06712316,K1:FG8Q47888S,K1:04Q9AIZ7NO,Pemetrexed,move,R14-PARENT-NAME-TRIAL,"the registry intervention names Pemetrexed, not PEMETREXED, (R)-; the trial belongs to the parent page"
NCT06731907,K1:FG8Q47888S,K1:04Q9AIZ7NO,Pemetrexed,move,R14-PARENT-NAME-TRIAL,"the registry intervention names Pemetrexed, not PEMETREXED, (R)-; the trial belongs to the parent page"
NCT06741644,K1:FG8Q47888S,K1:04Q9AIZ7NO,Pemetrexed,move,R14-PARENT-NAME-TRIAL,"the registry intervention names Pemetrexed, not PEMETREXED, (R)-; the trial belongs to the parent page"
NCT06745882,K1:FG8Q47888S,K1:04Q9AIZ7NO,Pemetrexed,move,R14-PARENT-NAME-TRIAL,"the registry intervention names Pemetrexed, not PEMETREXED, (R)-; the trial belongs to the parent page"
NCT06754644,K1:FG8Q47888S,K1:04Q9AIZ7NO,Pemetrexed,move,R14-PARENT-NAME-TRIAL,"the registry intervention names Pemetrexed, not PEMETREXED, (R)-; the trial belongs to the parent page"
NCT06758557,K1:FG8Q47888S,K1:04Q9AIZ7NO,Pemetrexed,move,R14-PARENT-NAME-TRIAL,"the registry intervention names Pemetrexed, not PEMETREXED, (R)-; the trial belongs to the parent page"
NCT06769295,K1:FG8Q47888S,K1:04Q9AIZ7NO,Pemetrexed,move,R14-PARENT-NAME-TRIAL,"the registry intervention names Pemetrexed, not PEMETREXED, (R)-; the trial belongs to the parent page"
NCT06772623,K1:FG8Q47888S,K1:04Q9AIZ7NO,Pemetrexed,move,R14-PARENT-NAME-TRIAL,"the registry intervention names Pemetrexed, not PEMETREXED, (R)-; the trial belongs to the parent page"
NCT06775275,K1:FG8Q47888S,K1:04Q9AIZ7NO,pemetrexed,move,R14-PARENT-NAME-TRIAL,"the registry intervention names Pemetrexed, not PEMETREXED, (R)-; the trial belongs to the parent page"
NCT06788912,K1:FG8Q47888S,K1:04Q9AIZ7NO,Pemetrexed,move,R14-PARENT-NAME-TRIAL,"the registry intervention names Pemetrexed, not PEMETREXED, (R)-; the trial belongs to the parent page"
NCT06793215,K1:FG8Q47888S,K1:04Q9AIZ7NO,Pemetrexed,move,R14-PARENT-NAME-TRIAL,"the registry intervention names Pemetrexed, not PEMETREXED, (R)-; the trial belongs to the parent page"
NCT06812871,K1:FG8Q47888S,K1:04Q9AIZ7NO,pemetrexed,move,R14-PARENT-NAME-TRIAL,"the registry intervention names Pemetrexed, not PEMETREXED, (R)-; the trial belongs to the parent page"
NCT06829459,K1:FG8Q47888S,K1:04Q9AIZ7NO,Pemetrexed,move,R14-PARENT-NAME-TRIAL,"the registry intervention names Pemetrexed, not PEMETREXED, (R)-; the trial belongs to the parent page"
NCT06839105,K1:FG8Q47888S,K1:04Q9AIZ7NO,Pemetrexed,move,R14-PARENT-NAME-TRIAL,"the registry intervention names Pemetrexed, not PEMETREXED, (R)-; the trial belongs to the parent page"
NCT06861218,K1:FG8Q47888S,K1:04Q9AIZ7NO,pemetrexed,move,R14-PARENT-NAME-TRIAL,"the registry intervention names Pemetrexed, not PEMETREXED, (R)-; the trial belongs to the parent page"
NCT06868836,K1:FG8Q47888S,K1:04Q9AIZ7NO,Pemetrexed,move,R14-PARENT-NAME-TRIAL,"the registry intervention names Pemetrexed, not PEMETREXED, (R)-; the trial belongs to the parent page"
NCT06875310,K1:FG8Q47888S,K1:04Q9AIZ7NO,Pemetrexed,move,R14-PARENT-NAME-TRIAL,"the registry intervention names Pemetrexed, not PEMETREXED, (R)-; the trial belongs to the parent page"
NCT06899126,K1:FG8Q47888S,K1:04Q9AIZ7NO,Pemetrexed,move,R14-PARENT-NAME-TRIAL,"the registry intervention names Pemetrexed, not PEMETREXED, (R)-; the trial belongs to the parent page"
NCT06917079,K1:FG8Q47888S,K1:04Q9AIZ7NO,Pemetrexed,move,R14-PARENT-NAME-TRIAL,"the registry intervention names Pemetrexed, not PEMETREXED, (R)-; the trial belongs to the parent page"
NCT06927986,K1:FG8Q47888S,K1:04Q9AIZ7NO,Pemetrexed,move,R14-PARENT-NAME-TRIAL,"the registry intervention names Pemetrexed, not PEMETREXED, (R)-; the trial belongs to the parent page"
NCT06943820,K1:FG8Q47888S,K1:04Q9AIZ7NO,Pemetrexed,move,R14-PARENT-NAME-TRIAL,"the registry intervention names Pemetrexed, not PEMETREXED, (R)-; the trial belongs to the parent page"
NCT06946797,K1:FG8Q47888S,K1:04Q9AIZ7NO,Pemetrexed,move,R14-PARENT-NAME-TRIAL,"the registry intervention names Pemetrexed, not PEMETREXED, (R)-; the trial belongs to the parent page"
NCT06969612,K1:FG8Q47888S,K1:04Q9AIZ7NO,Pemetrexed,move,R14-PARENT-NAME-TRIAL,"the registry intervention names Pemetrexed, not PEMETREXED, (R)-; the trial belongs to the parent page"
NCT06996782,K1:FG8Q47888S,K1:04Q9AIZ7NO,Pemetrexed,move,R14-PARENT-NAME-TRIAL,"the registry intervention names Pemetrexed, not PEMETREXED, (R)-; the trial belongs to the parent page"
NCT07005102,K1:FG8Q47888S,K1:04Q9AIZ7NO,Pemetrexed,move,R14-PARENT-NAME-TRIAL,"the registry intervention names Pemetrexed, not PEMETREXED, (R)-; the trial belongs to the parent page"
NCT07005336,K1:FG8Q47888S,K1:04Q9AIZ7NO,Pemetrexed,move,R14-PARENT-NAME-TRIAL,"the registry intervention names Pemetrexed, not PEMETREXED, (R)-; the trial belongs to the parent page"
NCT07063745,K1:FG8Q47888S,K1:04Q9AIZ7NO,Pemetrexed,move,R14-PARENT-NAME-TRIAL,"the registry intervention names Pemetrexed, not PEMETREXED, (R)-; the trial belongs to the parent page"
NCT07070440,K1:FG8Q47888S,K1:04Q9AIZ7NO,Pemetrexed,move,R14-PARENT-NAME-TRIAL,"the registry intervention names Pemetrexed, not PEMETREXED, (R)-; the trial belongs to the parent page"
NCT07100080,K1:FG8Q47888S,K1:04Q9AIZ7NO,Pemetrexed,move,R14-PARENT-NAME-TRIAL,"the registry intervention names Pemetrexed, not PEMETREXED, (R)-; the trial belongs to the parent page"
NCT07122687,K1:FG8Q47888S,K1:04Q9AIZ7NO,Pemetrexed,move,R14-PARENT-NAME-TRIAL,"the registry intervention names Pemetrexed, not PEMETREXED, (R)-; the trial belongs to the parent page"
NCT07128303,K1:FG8Q47888S,K1:04Q9AIZ7NO,Pemetrexed,move,R14-PARENT-NAME-TRIAL,"the registry intervention names Pemetrexed, not PEMETREXED, (R)-; the trial belongs to the parent page"
NCT07178795,K1:FG8Q47888S,K1:04Q9AIZ7NO,Pemetrexed,move,R14-PARENT-NAME-TRIAL,"the registry intervention names Pemetrexed, not PEMETREXED, (R)-; the trial belongs to the parent page"
NCT07190248,K1:FG8Q47888S,K1:04Q9AIZ7NO,Pemetrexed,move,R14-PARENT-NAME-TRIAL,"the registry intervention names Pemetrexed, not PEMETREXED, (R)-; the trial belongs to the parent page"
NCT07229339,K1:FG8Q47888S,K1:04Q9AIZ7NO,Pemetrexed,move,R14-PARENT-NAME-TRIAL,"the registry intervention names Pemetrexed, not PEMETREXED, (R)-; the trial belongs to the parent page"
NCT07234877,K1:FG8Q47888S,K1:04Q9AIZ7NO,Pemetrexed,move,R14-PARENT-NAME-TRIAL,"the registry intervention names Pemetrexed, not PEMETREXED, (R)-; the trial belongs to the parent page"
NCT07256509,K1:FG8Q47888S,K1:04Q9AIZ7NO,Pemetrexed,move,R14-PARENT-NAME-TRIAL,"the registry intervention names Pemetrexed, not PEMETREXED, (R)-; the trial belongs to the parent page"
NCT07274384,K1:FG8Q47888S,K1:04Q9AIZ7NO,pemetrexed,move,R14-PARENT-NAME-TRIAL,"the registry intervention names Pemetrexed, not PEMETREXED, (R)-; the trial belongs to the parent page"
NCT07365410,K1:FG8Q47888S,K1:04Q9AIZ7NO,pemetrexed,move,R14-PARENT-NAME-TRIAL,"the registry intervention names Pemetrexed, not PEMETREXED, (R)-; the trial belongs to the parent page"
NCT07381829,K1:FG8Q47888S,K1:04Q9AIZ7NO,Pemetrexed,move,R14-PARENT-NAME-TRIAL,"the registry intervention names Pemetrexed, not PEMETREXED, (R)-; the trial belongs to the parent page"
NCT07405190,K1:FG8Q47888S,K1:04Q9AIZ7NO,pemetrexed,move,R14-PARENT-NAME-TRIAL,"the registry intervention names Pemetrexed, not PEMETREXED, (R)-; the trial belongs to the parent page"
NCT07415031,K1:FG8Q47888S,K1:04Q9AIZ7NO,Pemetrexed,move,R14-PARENT-NAME-TRIAL,"the registry intervention names Pemetrexed, not PEMETREXED, (R)-; the trial belongs to the parent page"
NCT07416058,K1:FG8Q47888S,K1:04Q9AIZ7NO,pemetrexed,move,R14-PARENT-NAME-TRIAL,"the registry intervention names Pemetrexed, not PEMETREXED, (R)-; the trial belongs to the parent page"
NCT07420439,K1:FG8Q47888S,K1:04Q9AIZ7NO,Pemetrexed,move,R14-PARENT-NAME-TRIAL,"the registry intervention names Pemetrexed, not PEMETREXED, (R)-; the trial belongs to the parent page"
NCT07486817,K1:FG8Q47888S,K1:04Q9AIZ7NO,Pemetrexed,move,R14-PARENT-NAME-TRIAL,"the registry intervention names Pemetrexed, not PEMETREXED, (R)-; the trial belongs to the parent page"
NCT07492680,K1:FG8Q47888S,K1:04Q9AIZ7NO,Pemetrexed,move,R14-PARENT-NAME-TRIAL,"the registry intervention names Pemetrexed, not PEMETREXED, (R)-; the trial belongs to the parent page"
NCT07554859,K1:FG8Q47888S,K1:04Q9AIZ7NO,Pemetrexed disodium,move,R14-PARENT-NAME-TRIAL,"the registry intervention names Pemetrexed, not PEMETREXED, (R)-; the trial belongs to the parent page"
NCT07586202,K1:FG8Q47888S,K1:04Q9AIZ7NO,Pemetrexed,move,R14-PARENT-NAME-TRIAL,"the registry intervention names Pemetrexed, not PEMETREXED, (R)-; the trial belongs to the parent page"
NCT07594626,K1:FG8Q47888S,K1:04Q9AIZ7NO,Pemetrexed,move,R14-PARENT-NAME-TRIAL,"the registry intervention names Pemetrexed, not PEMETREXED, (R)-; the trial belongs to the parent page"
NCT07608731,K1:FG8Q47888S,K1:04Q9AIZ7NO,Pemetrexed,move,R14-PARENT-NAME-TRIAL,"the registry intervention names Pemetrexed, not PEMETREXED, (R)-; the trial belongs to the parent page"
NCT07642024,K1:FG8Q47888S,K1:04Q9AIZ7NO,Pemetrexed,move,R14-PARENT-NAME-TRIAL,"the registry intervention names Pemetrexed, not PEMETREXED, (R)-; the trial belongs to the parent page"
NCT07662395,K1:FG8Q47888S,K1:04Q9AIZ7NO,Pemetrexed,move,R14-PARENT-NAME-TRIAL,"the registry intervention names Pemetrexed, not PEMETREXED, (R)-; the trial belongs to the parent page"
NCT07680790,K1:FG8Q47888S,K1:04Q9AIZ7NO,Pemetrexed,move,R14-PARENT-NAME-TRIAL,"the registry intervention names Pemetrexed, not PEMETREXED, (R)-; the trial belongs to the parent page"
NCT07739186,K1:FG8Q47888S,K1:04Q9AIZ7NO,Pemetrexed,move,R14-PARENT-NAME-TRIAL,"the registry intervention names Pemetrexed, not PEMETREXED, (R)-; the trial belongs to the parent page"
NCT07739966,K1:FG8Q47888S,K1:04Q9AIZ7NO,Pemetrexed,move,R14-PARENT-NAME-TRIAL,"the registry intervention names Pemetrexed, not PEMETREXED, (R)-; the trial belongs to the parent page"
NCT07775040,K1:FG8Q47888S,K1:04Q9AIZ7NO,Pemetrexed,move,R14-PARENT-NAME-TRIAL,"the registry intervention names Pemetrexed, not PEMETREXED, (R)-; the trial belongs to the parent page"
NCT07793942,K1:FG8Q47888S,K1:04Q9AIZ7NO,Pemetrexed,move,R14-PARENT-NAME-TRIAL,"the registry intervention names Pemetrexed, not PEMETREXED, (R)-; the trial belongs to the parent page"
NCT07797153,K1:FG8Q47888S,K1:04Q9AIZ7NO,Pemetrexed,move,R14-PARENT-NAME-TRIAL,"the registry intervention names Pemetrexed, not PEMETREXED, (R)-; the trial belongs to the parent page"
NCT03974022,K1:PRS2K479R5,K1:L1Q2K5JYO8,Sunvozertinib,move,R14-PARENT-NAME-TRIAL,"the registry intervention names SUNVOZERTINIB, not SUNVOZERTINIB, (S)-; the trial belongs to the parent page"
NCT05668988,K1:PRS2K479R5,K1:L1Q2K5JYO8,sunvozertinib,move,R14-PARENT-NAME-TRIAL,"the registry intervention names SUNVOZERTINIB, not SUNVOZERTINIB, (S)-; the trial belongs to the parent page"
NCT05712902,K1:PRS2K479R5,K1:L1Q2K5JYO8,Sunvozertinib,move,R14-PARENT-NAME-TRIAL,"the registry intervention names SUNVOZERTINIB, not SUNVOZERTINIB, (S)-; the trial belongs to the parent page"
NCT06195189,K1:PRS2K479R5,K1:L1Q2K5JYO8,Sunvozertinib,move,R14-PARENT-NAME-TRIAL,"the registry intervention names SUNVOZERTINIB, not SUNVOZERTINIB, (S)-; the trial belongs to the parent page"
NCT06563999,K1:PRS2K479R5,K1:L1Q2K5JYO8,Sunvozertinib,move,R14-PARENT-NAME-TRIAL,"the registry intervention names SUNVOZERTINIB, not SUNVOZERTINIB, (S)-; the trial belongs to the parent page"
NCT06786208,K1:PRS2K479R5,K1:L1Q2K5JYO8,Sunvozertinib,move,R14-PARENT-NAME-TRIAL,"the registry intervention names SUNVOZERTINIB, not SUNVOZERTINIB, (S)-; the trial belongs to the parent page"
NCT06864624,K1:PRS2K479R5,K1:L1Q2K5JYO8,Sunvozertinib,move,R14-PARENT-NAME-TRIAL,"the registry intervention names SUNVOZERTINIB, not SUNVOZERTINIB, (S)-; the trial belongs to the parent page"
NCT06905197,K1:PRS2K479R5,K1:L1Q2K5JYO8,Sunvozertinib,move,R14-PARENT-NAME-TRIAL,"the registry intervention names SUNVOZERTINIB, not SUNVOZERTINIB, (S)-; the trial belongs to the parent page"
NCT07079475,K1:PRS2K479R5,K1:L1Q2K5JYO8,Sunvozertinib,move,R14-PARENT-NAME-TRIAL,"the registry intervention names SUNVOZERTINIB, not SUNVOZERTINIB, (S)-; the trial belongs to the parent page"
NCT07182682,K1:PRS2K479R5,K1:L1Q2K5JYO8,sunvozertinib,move,R14-PARENT-NAME-TRIAL,"the registry intervention names SUNVOZERTINIB, not SUNVOZERTINIB, (S)-; the trial belongs to the parent page"
NCT07274761,K1:PRS2K479R5,K1:L1Q2K5JYO8,Sunvozertinib,move,R14-PARENT-NAME-TRIAL,"the registry intervention names SUNVOZERTINIB, not SUNVOZERTINIB, (S)-; the trial belongs to the parent page"
NCT00440232,K1:R4QX3D7GUF,K1:H82Q2D5WA7,Frovatriptan,move,R14-PARENT-NAME-TRIAL,"the registry intervention names Frovatriptan, not FROVATRIPTAN, (S)-; the trial belongs to the parent page"
NCT00644033,K1:R4QX3D7GUF,K1:H82Q2D5WA7,Frovatriptan,move,R14-PARENT-NAME-TRIAL,"the registry intervention names Frovatriptan, not FROVATRIPTAN, (S)-; the trial belongs to the parent page"
NCT00700128,K1:R4QX3D7GUF,K1:H82Q2D5WA7,frovatriptan,move,R14-PARENT-NAME-TRIAL,"the registry intervention names Frovatriptan, not FROVATRIPTAN, (S)-; the trial belongs to the parent page"
NCT00821483,K1:R4QX3D7GUF,K1:H82Q2D5WA7,Frovatriptan,move,R14-PARENT-NAME-TRIAL,"the registry intervention names Frovatriptan, not FROVATRIPTAN, (S)-; the trial belongs to the parent page"
NCT00846495,K1:R4QX3D7GUF,K1:H82Q2D5WA7,frovatriptan,move,R14-PARENT-NAME-TRIAL,"the registry intervention names Frovatriptan, not FROVATRIPTAN, (S)-; the trial belongs to the parent page"
NCT00904098,K1:R4QX3D7GUF,K1:H82Q2D5WA7,Frovatriptan,move,R14-PARENT-NAME-TRIAL,"the registry intervention names Frovatriptan, not FROVATRIPTAN, (S)-; the trial belongs to the parent page"
NCT01044251,K1:R4QX3D7GUF,K1:H82Q2D5WA7,Frovatriptan,move,R14-PARENT-NAME-TRIAL,"the registry intervention names Frovatriptan, not FROVATRIPTAN, (S)-; the trial belongs to the parent page"
NCT00123578,K1:U7D0E1VOAM,K1:I4744080IR,Pentobarbital,move,R14-PARENT-NAME-TRIAL,"the registry intervention names Pentobarbital, not PENTOBARBITAL, (S)-; the trial belongs to the parent page"
NCT00622570,K1:U7D0E1VOAM,K1:I4744080IR,Pentobarbital,move,R14-PARENT-NAME-TRIAL,"the registry intervention names Pentobarbital, not PENTOBARBITAL, (S)-; the trial belongs to the parent page"
NCT01431326,K1:U7D0E1VOAM,K1:I4744080IR,pentobarbital,move,R14-PARENT-NAME-TRIAL,"the registry intervention names Pentobarbital, not PENTOBARBITAL, (S)-; the trial belongs to the parent page"
NCT02250820,K1:U7D0E1VOAM,K1:I4744080IR,Pentobarbital,move,R14-PARENT-NAME-TRIAL,"the registry intervention names Pentobarbital, not PENTOBARBITAL, (S)-; the trial belongs to the parent page"
NCT00000277,K1:VYJ123WTU1,K1:C56709M5NH,Mazindol,move,R14-PARENT-NAME-TRIAL,"the registry intervention names Mazindol, not MAZINDOL, (R)-; the trial belongs to the parent page"
NCT02808104,K1:VYJ123WTU1,K1:C56709M5NH,mazindol,move,R14-PARENT-NAME-TRIAL,"the registry intervention names Mazindol, not MAZINDOL, (R)-; the trial belongs to the parent page"
NCT05055024,K1:VYJ123WTU1,K1:C56709M5NH,Mazindol,move,R14-PARENT-NAME-TRIAL,"the registry intervention names Mazindol, not MAZINDOL, (R)-; the trial belongs to the parent page"
NCT00053703,K1:W3XP4529RW,K1:RT3Y3QMF8N,Molindone,move,R14-PARENT-NAME-TRIAL,"the registry intervention names Molindone, not MOLINDONE, (R)-; the trial belongs to the parent page"
NCT00626236,K1:W3XP4529RW,K1:RT3Y3QMF8N,molindone,move,R14-PARENT-NAME-TRIAL,"the registry intervention names Molindone, not MOLINDONE, (R)-; the trial belongs to the parent page"
NCT01416064,K1:W3XP4529RW,K1:RT3Y3QMF8N,Molindone,move,R14-PARENT-NAME-TRIAL,"the registry intervention names Molindone, not MOLINDONE, (R)-; the trial belongs to the parent page"
NCT01431326,K1:W3XP4529RW,K1:RT3Y3QMF8N,molindone,move,R14-PARENT-NAME-TRIAL,"the registry intervention names Molindone, not MOLINDONE, (R)-; the trial belongs to the parent page"
NCT00543608,K1:7P9VLC9Y9D,K1:42445HUU0O,iclaprim,move,R14-PARENT-NAME-TRIAL,"the registry intervention names Iclaprim, not ICLAPRIM, (S)-; the trial belongs to the parent page"
NCT02600611,K1:7P9VLC9Y9D,K1:42445HUU0O,iclaprim,move,R14-PARENT-NAME-TRIAL,"the registry intervention names Iclaprim, not ICLAPRIM, (S)-; the trial belongs to the parent page"
NCT02607618,K1:7P9VLC9Y9D,K1:42445HUU0O,Iclaprim,move,R14-PARENT-NAME-TRIAL,"the registry intervention names Iclaprim, not ICLAPRIM, (S)-; the trial belongs to the parent page"
NCT00543608,K1:RG4NWL6NKS,K1:42445HUU0O,iclaprim,move,R14-PARENT-NAME-TRIAL,"the registry intervention names Iclaprim, not ICLAPRIM, (R)-; the trial belongs to the parent page"
NCT02600611,K1:RG4NWL6NKS,K1:42445HUU0O,iclaprim,move,R14-PARENT-NAME-TRIAL,"the registry intervention names Iclaprim, not ICLAPRIM, (R)-; the trial belongs to the parent page"
NCT02607618,K1:RG4NWL6NKS,K1:42445HUU0O,Iclaprim,move,R14-PARENT-NAME-TRIAL,"the registry intervention names Iclaprim, not ICLAPRIM, (R)-; the trial belongs to the parent page"
NCT00002633,K1:Z9DL98I0AF,K1:A0Z3NAU9DP,bicalutamide,move,R14-PARENT-NAME-TRIAL,"the registry intervention names Bicalutamide, not (R)-BICALUTAMIDE; the trial belongs to the parent page"
NCT00002651,K1:Z9DL98I0AF,K1:A0Z3NAU9DP,bicalutamide,move,R14-PARENT-NAME-TRIAL,"the registry intervention names Bicalutamide, not (R)-BICALUTAMIDE; the trial belongs to the parent page"
NCT00002855,K1:Z9DL98I0AF,K1:A0Z3NAU9DP,Bicalutamide,move,R14-PARENT-NAME-TRIAL,"the registry intervention names Bicalutamide, not (R)-BICALUTAMIDE; the trial belongs to the parent page"
NCT00002874,K1:Z9DL98I0AF,K1:A0Z3NAU9DP,bicalutamide,move,R14-PARENT-NAME-TRIAL,"the registry intervention names Bicalutamide, not (R)-BICALUTAMIDE; the trial belongs to the parent page"
NCT00003026,K1:Z9DL98I0AF,K1:A0Z3NAU9DP,bicalutamide,move,R14-PARENT-NAME-TRIAL,"the registry intervention names Bicalutamide, not (R)-BICALUTAMIDE; the trial belongs to the parent page"
NCT00003517,K1:Z9DL98I0AF,K1:A0Z3NAU9DP,bicalutamide,move,R14-PARENT-NAME-TRIAL,"the registry intervention names Bicalutamide, not (R)-BICALUTAMIDE; the trial belongs to the parent page"
NCT00003645,K1:Z9DL98I0AF,K1:A0Z3NAU9DP,Bicalutamide,move,R14-PARENT-NAME-TRIAL,"the registry intervention names Bicalutamide, not (R)-BICALUTAMIDE; the trial belongs to the parent page"
NCT00003653,K1:Z9DL98I0AF,K1:A0Z3NAU9DP,bicalutamide,move,R14-PARENT-NAME-TRIAL,"the registry intervention names Bicalutamide, not (R)-BICALUTAMIDE; the trial belongs to the parent page"
NCT00004054,K1:Z9DL98I0AF,K1:A0Z3NAU9DP,bicalutamide,move,R14-PARENT-NAME-TRIAL,"the registry intervention names Bicalutamide, not (R)-BICALUTAMIDE; the trial belongs to the parent page"
NCT00004124,K1:Z9DL98I0AF,K1:A0Z3NAU9DP,bicalutamide,move,R14-PARENT-NAME-TRIAL,"the registry intervention names Bicalutamide, not (R)-BICALUTAMIDE; the trial belongs to the parent page"
NCT00005044,K1:Z9DL98I0AF,K1:A0Z3NAU9DP,bicalutamide,move,R14-PARENT-NAME-TRIAL,"the registry intervention names Bicalutamide, not (R)-BICALUTAMIDE; the trial belongs to the parent page"
NCT00012090,K1:Z9DL98I0AF,K1:A0Z3NAU9DP,bicalutamide,move,R14-PARENT-NAME-TRIAL,"the registry intervention names Bicalutamide, not (R)-BICALUTAMIDE; the trial belongs to the parent page"
NCT00014586,K1:Z9DL98I0AF,K1:A0Z3NAU9DP,bicalutamide,move,R14-PARENT-NAME-TRIAL,"the registry intervention names Bicalutamide, not (R)-BICALUTAMIDE; the trial belongs to the parent page"
NCT00021450,K1:Z9DL98I0AF,K1:A0Z3NAU9DP,bicalutamide,move,R14-PARENT-NAME-TRIAL,"the registry intervention names Bicalutamide, not (R)-BICALUTAMIDE; the trial belongs to the parent page"
NCT00023829,K1:Z9DL98I0AF,K1:A0Z3NAU9DP,bicalutamide,move,R14-PARENT-NAME-TRIAL,"the registry intervention names Bicalutamide, not (R)-BICALUTAMIDE; the trial belongs to the parent page"
NCT00026377,K1:Z9DL98I0AF,K1:A0Z3NAU9DP,bicalutamide,move,R14-PARENT-NAME-TRIAL,"the registry intervention names Bicalutamide, not (R)-BICALUTAMIDE; the trial belongs to the parent page"
NCT00028769,K1:Z9DL98I0AF,K1:A0Z3NAU9DP,bicalutamide,move,R14-PARENT-NAME-TRIAL,"the registry intervention names Bicalutamide, not (R)-BICALUTAMIDE; the trial belongs to the parent page"
NCT00030654,K1:Z9DL98I0AF,K1:A0Z3NAU9DP,bicalutamide,move,R14-PARENT-NAME-TRIAL,"the registry intervention names Bicalutamide, not (R)-BICALUTAMIDE; the trial belongs to the parent page"
NCT00055731,K1:Z9DL98I0AF,K1:A0Z3NAU9DP,bicalutamide,move,R14-PARENT-NAME-TRIAL,"the registry intervention names Bicalutamide, not (R)-BICALUTAMIDE; the trial belongs to the parent page"
NCT00067015,K1:Z9DL98I0AF,K1:A0Z3NAU9DP,bicalutamide,move,R14-PARENT-NAME-TRIAL,"the registry intervention names Bicalutamide, not (R)-BICALUTAMIDE; the trial belongs to the parent page"
NCT00086736,K1:Z9DL98I0AF,K1:A0Z3NAU9DP,bicalutamide,move,R14-PARENT-NAME-TRIAL,"the registry intervention names Bicalutamide, not (R)-BICALUTAMIDE; the trial belongs to the parent page"
NCT00094328,K1:Z9DL98I0AF,K1:A0Z3NAU9DP,Bicalutamide,move,R14-PARENT-NAME-TRIAL,"the registry intervention names Bicalutamide, not (R)-BICALUTAMIDE; the trial belongs to the parent page"
NCT00099086,K1:Z9DL98I0AF,K1:A0Z3NAU9DP,Bicalutamide,move,R14-PARENT-NAME-TRIAL,"the registry intervention names Bicalutamide, not (R)-BICALUTAMIDE; the trial belongs to the parent page"
NCT00108732,K1:Z9DL98I0AF,K1:A0Z3NAU9DP,Bicalutamide,move,R14-PARENT-NAME-TRIAL,"the registry intervention names Bicalutamide, not (R)-BICALUTAMIDE; the trial belongs to the parent page"
NCT00170157,K1:Z9DL98I0AF,K1:A0Z3NAU9DP,Bicalutamide,move,R14-PARENT-NAME-TRIAL,"the registry intervention names Bicalutamide, not (R)-BICALUTAMIDE; the trial belongs to the parent page"
NCT00233610,K1:Z9DL98I0AF,K1:A0Z3NAU9DP,Bicalutamide,move,R14-PARENT-NAME-TRIAL,"the registry intervention names Bicalutamide, not (R)-BICALUTAMIDE; the trial belongs to the parent page"
NCT00244920,K1:Z9DL98I0AF,K1:A0Z3NAU9DP,bicalutamide,move,R14-PARENT-NAME-TRIAL,"the registry intervention names Bicalutamide, not (R)-BICALUTAMIDE; the trial belongs to the parent page"
NCT00255268,K1:Z9DL98I0AF,K1:A0Z3NAU9DP,Bicalutamide,move,R14-PARENT-NAME-TRIAL,"the registry intervention names Bicalutamide, not (R)-BICALUTAMIDE; the trial belongs to the parent page"
NCT00348998,K1:Z9DL98I0AF,K1:A0Z3NAU9DP,bicalutamide,move,R14-PARENT-NAME-TRIAL,"the registry intervention names Bicalutamide, not (R)-BICALUTAMIDE; the trial belongs to the parent page"
NCT00388804,K1:Z9DL98I0AF,K1:A0Z3NAU9DP,Bicalutamide,move,R14-PARENT-NAME-TRIAL,"the registry intervention names Bicalutamide, not (R)-BICALUTAMIDE; the trial belongs to the parent page"
NCT00418080,K1:Z9DL98I0AF,K1:A0Z3NAU9DP,bicalutamide,move,R14-PARENT-NAME-TRIAL,"the registry intervention names Bicalutamide, not (R)-BICALUTAMIDE; the trial belongs to the parent page"
NCT00421694,K1:Z9DL98I0AF,K1:A0Z3NAU9DP,Bicalutamide,move,R14-PARENT-NAME-TRIAL,"the registry intervention names Bicalutamide, not (R)-BICALUTAMIDE; the trial belongs to the parent page"
NCT00468715,K1:Z9DL98I0AF,K1:A0Z3NAU9DP,bicalutamide,move,R14-PARENT-NAME-TRIAL,"the registry intervention names Bicalutamide, not (R)-BICALUTAMIDE; the trial belongs to the parent page"
NCT00470834,K1:Z9DL98I0AF,K1:A0Z3NAU9DP,bicalutamide,move,R14-PARENT-NAME-TRIAL,"the registry intervention names Bicalutamide, not (R)-BICALUTAMIDE; the trial belongs to the parent page"
NCT00482807,K1:Z9DL98I0AF,K1:A0Z3NAU9DP,bicalutamide,move,R14-PARENT-NAME-TRIAL,"the registry intervention names Bicalutamide, not (R)-BICALUTAMIDE; the trial belongs to the parent page"
NCT00486642,K1:Z9DL98I0AF,K1:A0Z3NAU9DP,Bicalutamide,move,R14-PARENT-NAME-TRIAL,"the registry intervention names Bicalutamide, not (R)-BICALUTAMIDE; the trial belongs to the parent page"
NCT00512668,K1:Z9DL98I0AF,K1:A0Z3NAU9DP,bicalutamide,move,R14-PARENT-NAME-TRIAL,"the registry intervention names Bicalutamide, not (R)-BICALUTAMIDE; the trial belongs to the parent page"
NCT00514917,K1:Z9DL98I0AF,K1:A0Z3NAU9DP,Bicalutamide,move,R14-PARENT-NAME-TRIAL,"the registry intervention names Bicalutamide, not (R)-BICALUTAMIDE; the trial belongs to the parent page"
NCT00521781,K1:Z9DL98I0AF,K1:A0Z3NAU9DP,Bicalutamide,move,R14-PARENT-NAME-TRIAL,"the registry intervention names Bicalutamide, not (R)-BICALUTAMIDE; the trial belongs to the parent page"
NCT00528866,K1:Z9DL98I0AF,K1:A0Z3NAU9DP,bicalutamide,move,R14-PARENT-NAME-TRIAL,"the registry intervention names Bicalutamide, not (R)-BICALUTAMIDE; the trial belongs to the parent page"
NCT00541047,K1:Z9DL98I0AF,K1:A0Z3NAU9DP,bicalutamide,move,R14-PARENT-NAME-TRIAL,"the registry intervention names Bicalutamide, not (R)-BICALUTAMIDE; the trial belongs to the parent page"
NCT00544830,K1:Z9DL98I0AF,K1:A0Z3NAU9DP,Bicalutamide,move,R14-PARENT-NAME-TRIAL,"the registry intervention names Bicalutamide, not (R)-BICALUTAMIDE; the trial belongs to the parent page"
NCT00551044,K1:Z9DL98I0AF,K1:A0Z3NAU9DP,Bicalutamide,move,R14-PARENT-NAME-TRIAL,"the registry intervention names Bicalutamide, not (R)-BICALUTAMIDE; the trial belongs to the parent page"
NCT00567580,K1:Z9DL98I0AF,K1:A0Z3NAU9DP,bicalutamide,move,R14-PARENT-NAME-TRIAL,"the registry intervention names Bicalutamide, not (R)-BICALUTAMIDE; the trial belongs to the parent page"
NCT00586898,K1:Z9DL98I0AF,K1:A0Z3NAU9DP,Bicalutamide,move,R14-PARENT-NAME-TRIAL,"the registry intervention names Bicalutamide, not (R)-BICALUTAMIDE; the trial belongs to the parent page"
NCT00589472,K1:Z9DL98I0AF,K1:A0Z3NAU9DP,Bicalutamide,move,R14-PARENT-NAME-TRIAL,"the registry intervention names Bicalutamide, not (R)-BICALUTAMIDE; the trial belongs to the parent page"
NCT00630344,K1:Z9DL98I0AF,K1:A0Z3NAU9DP,Bicalutamide,move,R14-PARENT-NAME-TRIAL,"the registry intervention names Bicalutamide, not (R)-BICALUTAMIDE; the trial belongs to the parent page"
NCT00631527,K1:Z9DL98I0AF,K1:A0Z3NAU9DP,Bicalutamide,move,R14-PARENT-NAME-TRIAL,"the registry intervention names Bicalutamide, not (R)-BICALUTAMIDE; the trial belongs to the parent page"
NCT00651326,K1:Z9DL98I0AF,K1:A0Z3NAU9DP,bicalutamide,move,R14-PARENT-NAME-TRIAL,"the registry intervention names Bicalutamide, not (R)-BICALUTAMIDE; the trial belongs to the parent page"
NCT00657904,K1:Z9DL98I0AF,K1:A0Z3NAU9DP,Bicalutamide,move,R14-PARENT-NAME-TRIAL,"the registry intervention names Bicalutamide, not (R)-BICALUTAMIDE; the trial belongs to the parent page"
NCT00658697,K1:Z9DL98I0AF,K1:A0Z3NAU9DP,Bicalutamide,move,R14-PARENT-NAME-TRIAL,"the registry intervention names Bicalutamide, not (R)-BICALUTAMIDE; the trial belongs to the parent page"
NCT00659438,K1:Z9DL98I0AF,K1:A0Z3NAU9DP,Bicalutamide,move,R14-PARENT-NAME-TRIAL,"the registry intervention names Bicalutamide, not (R)-BICALUTAMIDE; the trial belongs to the parent page"
NCT00666666,K1:Z9DL98I0AF,K1:A0Z3NAU9DP,Bicalutamide,move,R14-PARENT-NAME-TRIAL,"the registry intervention names Bicalutamide, not (R)-BICALUTAMIDE; the trial belongs to the parent page"
NCT00672282,K1:Z9DL98I0AF,K1:A0Z3NAU9DP,Bicalutamide,move,R14-PARENT-NAME-TRIAL,"the registry intervention names Bicalutamide, not (R)-BICALUTAMIDE; the trial belongs to the parent page"
NCT00673205,K1:Z9DL98I0AF,K1:A0Z3NAU9DP,Bicalutamide,move,R14-PARENT-NAME-TRIAL,"the registry intervention names Bicalutamide, not (R)-BICALUTAMIDE; the trial belongs to the parent page"
NCT00684905,K1:Z9DL98I0AF,K1:A0Z3NAU9DP,bicalutamide,move,R14-PARENT-NAME-TRIAL,"the registry intervention names Bicalutamide, not (R)-BICALUTAMIDE; the trial belongs to the parent page"
NCT00685633,K1:Z9DL98I0AF,K1:A0Z3NAU9DP,bicalutamide,move,R14-PARENT-NAME-TRIAL,"the registry intervention names Bicalutamide, not (R)-BICALUTAMIDE; the trial belongs to the parent page"
NCT00757692,K1:Z9DL98I0AF,K1:A0Z3NAU9DP,Bicalutamide,move,R14-PARENT-NAME-TRIAL,"the registry intervention names Bicalutamide, not (R)-BICALUTAMIDE; the trial belongs to the parent page"
NCT00769795,K1:Z9DL98I0AF,K1:A0Z3NAU9DP,Bicalutamide,move,R14-PARENT-NAME-TRIAL,"the registry intervention names Bicalutamide, not (R)-BICALUTAMIDE; the trial belongs to the parent page"
NCT00771017,K1:Z9DL98I0AF,K1:A0Z3NAU9DP,bicalutamide,move,R14-PARENT-NAME-TRIAL,"the registry intervention names Bicalutamide, not (R)-BICALUTAMIDE; the trial belongs to the parent page"
NCT00776594,K1:Z9DL98I0AF,K1:A0Z3NAU9DP,bicalutamide,move,R14-PARENT-NAME-TRIAL,"the registry intervention names Bicalutamide, not (R)-BICALUTAMIDE; the trial belongs to the parent page"
NCT00814788,K1:Z9DL98I0AF,K1:A0Z3NAU9DP,Bicalutamide,move,R14-PARENT-NAME-TRIAL,"the registry intervention names Bicalutamide, not (R)-BICALUTAMIDE; the trial belongs to the parent page"
NCT00831233,K1:Z9DL98I0AF,K1:A0Z3NAU9DP,Bicalutamide,move,R14-PARENT-NAME-TRIAL,"the registry intervention names Bicalutamide, not (R)-BICALUTAMIDE; the trial belongs to the parent page"
NCT00833248,K1:Z9DL98I0AF,K1:A0Z3NAU9DP,Bicalutamide,move,R14-PARENT-NAME-TRIAL,"the registry intervention names Bicalutamide, not (R)-BICALUTAMIDE; the trial belongs to the parent page"
NCT00846976,K1:Z9DL98I0AF,K1:A0Z3NAU9DP,Bicalutamide,move,R14-PARENT-NAME-TRIAL,"the registry intervention names Bicalutamide, not (R)-BICALUTAMIDE; the trial belongs to the parent page"
NCT00878436,K1:Z9DL98I0AF,K1:A0Z3NAU9DP,Bicalutamide,move,R14-PARENT-NAME-TRIAL,"the registry intervention names Bicalutamide, not (R)-BICALUTAMIDE; the trial belongs to the parent page"
NCT00884273,K1:Z9DL98I0AF,K1:A0Z3NAU9DP,Bicalutamide,move,R14-PARENT-NAME-TRIAL,"the registry intervention names Bicalutamide, not (R)-BICALUTAMIDE; the trial belongs to the parent page"
NCT00924807,K1:Z9DL98I0AF,K1:A0Z3NAU9DP,Bicalutamide,move,R14-PARENT-NAME-TRIAL,"the registry intervention names Bicalutamide, not (R)-BICALUTAMIDE; the trial belongs to the parent page"
NCT00936390,K1:Z9DL98I0AF,K1:A0Z3NAU9DP,bicalutamide,move,R14-PARENT-NAME-TRIAL,"the registry intervention names Bicalutamide, not (R)-BICALUTAMIDE; the trial belongs to the parent page"
NCT00943956,K1:Z9DL98I0AF,K1:A0Z3NAU9DP,bicalutamide,move,R14-PARENT-NAME-TRIAL,"the registry intervention names Bicalutamide, not (R)-BICALUTAMIDE; the trial belongs to the parent page"
NCT00972855,K1:Z9DL98I0AF,K1:A0Z3NAU9DP,Bicalutamide,move,R14-PARENT-NAME-TRIAL,"the registry intervention names Bicalutamide, not (R)-BICALUTAMIDE; the trial belongs to the parent page"
NCT00973050,K1:Z9DL98I0AF,K1:A0Z3NAU9DP,Bicalutamide,move,R14-PARENT-NAME-TRIAL,"the registry intervention names Bicalutamide, not (R)-BICALUTAMIDE; the trial belongs to the parent page"
NCT01020305,K1:Z9DL98I0AF,K1:A0Z3NAU9DP,bicalutamide,move,R14-PARENT-NAME-TRIAL,"the registry intervention names Bicalutamide, not (R)-BICALUTAMIDE; the trial belongs to the parent page"
NCT01044706,K1:Z9DL98I0AF,K1:A0Z3NAU9DP,Bicalutamide,move,R14-PARENT-NAME-TRIAL,"the registry intervention names Bicalutamide, not (R)-BICALUTAMIDE; the trial belongs to the parent page"
NCT01050842,K1:Z9DL98I0AF,K1:A0Z3NAU9DP,bicalutamide,move,R14-PARENT-NAME-TRIAL,"the registry intervention names Bicalutamide, not (R)-BICALUTAMIDE; the trial belongs to the parent page"
NCT01120236,K1:Z9DL98I0AF,K1:A0Z3NAU9DP,Bicalutamide,move,R14-PARENT-NAME-TRIAL,"the registry intervention names Bicalutamide, not (R)-BICALUTAMIDE; the trial belongs to the parent page"
NCT01200810,K1:Z9DL98I0AF,K1:A0Z3NAU9DP,bicalutamide,move,R14-PARENT-NAME-TRIAL,"the registry intervention names Bicalutamide, not (R)-BICALUTAMIDE; the trial belongs to the parent page"
NCT01250717,K1:Z9DL98I0AF,K1:A0Z3NAU9DP,Bicalutamide,move,R14-PARENT-NAME-TRIAL,"the registry intervention names Bicalutamide, not (R)-BICALUTAMIDE; the trial belongs to the parent page"
NCT01251861,K1:Z9DL98I0AF,K1:A0Z3NAU9DP,Bicalutamide,move,R14-PARENT-NAME-TRIAL,"the registry intervention names Bicalutamide, not (R)-BICALUTAMIDE; the trial belongs to the parent page"
NCT01288911,K1:Z9DL98I0AF,K1:A0Z3NAU9DP,bicalutamide,move,R14-PARENT-NAME-TRIAL,"the registry intervention names Bicalutamide, not (R)-BICALUTAMIDE; the trial belongs to the parent page"
NCT01342367,K1:Z9DL98I0AF,K1:A0Z3NAU9DP,Bicalutamide,move,R14-PARENT-NAME-TRIAL,"the registry intervention names Bicalutamide, not (R)-BICALUTAMIDE; the trial belongs to the parent page"
NCT01546987,K1:Z9DL98I0AF,K1:A0Z3NAU9DP,bicalutamide,move,R14-PARENT-NAME-TRIAL,"the registry intervention names Bicalutamide, not (R)-BICALUTAMIDE; the trial belongs to the parent page"
NCT01658527,K1:Z9DL98I0AF,K1:A0Z3NAU9DP,Bicalutamide,move,R14-PARENT-NAME-TRIAL,"the registry intervention names Bicalutamide, not (R)-BICALUTAMIDE; the trial belongs to the parent page"
NCT01664923,K1:Z9DL98I0AF,K1:A0Z3NAU9DP,Bicalutamide,move,R14-PARENT-NAME-TRIAL,"the registry intervention names Bicalutamide, not (R)-BICALUTAMIDE; the trial belongs to the parent page"
NCT01786265,K1:Z9DL98I0AF,K1:A0Z3NAU9DP,Bicalutamide,move,R14-PARENT-NAME-TRIAL,"the registry intervention names Bicalutamide, not (R)-BICALUTAMIDE; the trial belongs to the parent page"
NCT01809691,K1:Z9DL98I0AF,K1:A0Z3NAU9DP,Bicalutamide,move,R14-PARENT-NAME-TRIAL,"the registry intervention names Bicalutamide, not (R)-BICALUTAMIDE; the trial belongs to the parent page"
NCT02058706,K1:Z9DL98I0AF,K1:A0Z3NAU9DP,bicalutamide,move,R14-PARENT-NAME-TRIAL,"the registry intervention names Bicalutamide, not (R)-BICALUTAMIDE; the trial belongs to the parent page"
NCT02059213,K1:Z9DL98I0AF,K1:A0Z3NAU9DP,Bicalutamide,move,R14-PARENT-NAME-TRIAL,"the registry intervention names Bicalutamide, not (R)-BICALUTAMIDE; the trial belongs to the parent page"
NCT02064036,K1:Z9DL98I0AF,K1:A0Z3NAU9DP,Bicalutamide,move,R14-PARENT-NAME-TRIAL,"the registry intervention names Bicalutamide, not (R)-BICALUTAMIDE; the trial belongs to the parent page"
NCT02085252,K1:Z9DL98I0AF,K1:A0Z3NAU9DP,Bicalutamide,move,R14-PARENT-NAME-TRIAL,"the registry intervention names Bicalutamide, not (R)-BICALUTAMIDE; the trial belongs to the parent page"
NCT02299999,K1:Z9DL98I0AF,K1:A0Z3NAU9DP,Bicalutamide,move,R14-PARENT-NAME-TRIAL,"the registry intervention names Bicalutamide, not (R)-BICALUTAMIDE; the trial belongs to the parent page"
NCT02346253,K1:Z9DL98I0AF,K1:A0Z3NAU9DP,Bicalutamide,move,R14-PARENT-NAME-TRIAL,"the registry intervention names Bicalutamide, not (R)-BICALUTAMIDE; the trial belongs to the parent page"
NCT02348281,K1:Z9DL98I0AF,K1:A0Z3NAU9DP,Bicalutamide,move,R14-PARENT-NAME-TRIAL,"the registry intervention names Bicalutamide, not (R)-BICALUTAMIDE; the trial belongs to the parent page"
NCT02353988,K1:Z9DL98I0AF,K1:A0Z3NAU9DP,Bicalutamide,move,R14-PARENT-NAME-TRIAL,"the registry intervention names Bicalutamide, not (R)-BICALUTAMIDE; the trial belongs to the parent page"
NCT02366494,K1:Z9DL98I0AF,K1:A0Z3NAU9DP,Bicalutamide,move,R14-PARENT-NAME-TRIAL,"the registry intervention names Bicalutamide, not (R)-BICALUTAMIDE; the trial belongs to the parent page"
NCT02382094,K1:Z9DL98I0AF,K1:A0Z3NAU9DP,Bicalutamide,move,R14-PARENT-NAME-TRIAL,"the registry intervention names Bicalutamide, not (R)-BICALUTAMIDE; the trial belongs to the parent page"
NCT02531516,K1:Z9DL98I0AF,K1:A0Z3NAU9DP,Bicalutamide,move,R14-PARENT-NAME-TRIAL,"the registry intervention names Bicalutamide, not (R)-BICALUTAMIDE; the trial belongs to the parent page"
NCT02582749,K1:Z9DL98I0AF,K1:A0Z3NAU9DP,Bicalutamide,move,R14-PARENT-NAME-TRIAL,"the registry intervention names Bicalutamide, not (R)-BICALUTAMIDE; the trial belongs to the parent page"
NCT02605226,K1:Z9DL98I0AF,K1:A0Z3NAU9DP,bicalutamide,move,R14-PARENT-NAME-TRIAL,"the registry intervention names Bicalutamide, not (R)-BICALUTAMIDE; the trial belongs to the parent page"
NCT02605486,K1:Z9DL98I0AF,K1:A0Z3NAU9DP,Bicalutamide,move,R14-PARENT-NAME-TRIAL,"the registry intervention names Bicalutamide, not (R)-BICALUTAMIDE; the trial belongs to the parent page"
NCT02615223,K1:Z9DL98I0AF,K1:A0Z3NAU9DP,Bicalutamide,move,R14-PARENT-NAME-TRIAL,"the registry intervention names Bicalutamide, not (R)-BICALUTAMIDE; the trial belongs to the parent page"
NCT02697032,K1:Z9DL98I0AF,K1:A0Z3NAU9DP,Bicalutamide,move,R14-PARENT-NAME-TRIAL,"the registry intervention names Bicalutamide, not (R)-BICALUTAMIDE; the trial belongs to the parent page"
NCT02716974,K1:Z9DL98I0AF,K1:A0Z3NAU9DP,Bicalutamide,move,R14-PARENT-NAME-TRIAL,"the registry intervention names Bicalutamide, not (R)-BICALUTAMIDE; the trial belongs to the parent page"
NCT02742675,K1:Z9DL98I0AF,K1:A0Z3NAU9DP,Bicalutamide,move,R14-PARENT-NAME-TRIAL,"the registry intervention names Bicalutamide, not (R)-BICALUTAMIDE; the trial belongs to the parent page"
NCT02910050,K1:Z9DL98I0AF,K1:A0Z3NAU9DP,Bicalutamide,move,R14-PARENT-NAME-TRIAL,"the registry intervention names Bicalutamide, not (R)-BICALUTAMIDE; the trial belongs to the parent page"
NCT03043807,K1:Z9DL98I0AF,K1:A0Z3NAU9DP,Bicalutamide,move,R14-PARENT-NAME-TRIAL,"the registry intervention names Bicalutamide, not (R)-BICALUTAMIDE; the trial belongs to the parent page"
NCT03070886,K1:Z9DL98I0AF,K1:A0Z3NAU9DP,Bicalutamide,move,R14-PARENT-NAME-TRIAL,"the registry intervention names Bicalutamide, not (R)-BICALUTAMIDE; the trial belongs to the parent page"
NCT03090165,K1:Z9DL98I0AF,K1:A0Z3NAU9DP,Bicalutamide,move,R14-PARENT-NAME-TRIAL,"the registry intervention names Bicalutamide, not (R)-BICALUTAMIDE; the trial belongs to the parent page"
NCT03141671,K1:Z9DL98I0AF,K1:A0Z3NAU9DP,Bicalutamide,move,R14-PARENT-NAME-TRIAL,"the registry intervention names Bicalutamide, not (R)-BICALUTAMIDE; the trial belongs to the parent page"
NCT03147196,K1:Z9DL98I0AF,K1:A0Z3NAU9DP,Bicalutamide,move,R14-PARENT-NAME-TRIAL,"the registry intervention names Bicalutamide, not (R)-BICALUTAMIDE; the trial belongs to the parent page"
NCT03358563,K1:Z9DL98I0AF,K1:A0Z3NAU9DP,Bicalutamide,move,R14-PARENT-NAME-TRIAL,"the registry intervention names Bicalutamide, not (R)-BICALUTAMIDE; the trial belongs to the parent page"
NCT03520478,K1:Z9DL98I0AF,K1:A0Z3NAU9DP,Bicalutamide,move,R14-PARENT-NAME-TRIAL,"the registry intervention names Bicalutamide, not (R)-BICALUTAMIDE; the trial belongs to the parent page"
NCT03541928,K1:Z9DL98I0AF,K1:A0Z3NAU9DP,Bicalutamide,move,R14-PARENT-NAME-TRIAL,"the registry intervention names Bicalutamide, not (R)-BICALUTAMIDE; the trial belongs to the parent page"
NCT03650894,K1:Z9DL98I0AF,K1:A0Z3NAU9DP,Bicalutamide,move,R14-PARENT-NAME-TRIAL,"the registry intervention names Bicalutamide, not (R)-BICALUTAMIDE; the trial belongs to the parent page"
NCT03678025,K1:Z9DL98I0AF,K1:A0Z3NAU9DP,Bicalutamide,move,R14-PARENT-NAME-TRIAL,"the registry intervention names Bicalutamide, not (R)-BICALUTAMIDE; the trial belongs to the parent page"
NCT03809000,K1:Z9DL98I0AF,K1:A0Z3NAU9DP,Bicalutamide,move,R14-PARENT-NAME-TRIAL,"the registry intervention names Bicalutamide, not (R)-BICALUTAMIDE; the trial belongs to the parent page"
NCT03878524,K1:Z9DL98I0AF,K1:A0Z3NAU9DP,Bicalutamide,move,R14-PARENT-NAME-TRIAL,"the registry intervention names Bicalutamide, not (R)-BICALUTAMIDE; the trial belongs to the parent page"
NCT04025372,K1:Z9DL98I0AF,K1:A0Z3NAU9DP,Bicalutamide,move,R14-PARENT-NAME-TRIAL,"the registry intervention names Bicalutamide, not (R)-BICALUTAMIDE; the trial belongs to the parent page"
NCT04034095,K1:Z9DL98I0AF,K1:A0Z3NAU9DP,Bicalutamide,move,R14-PARENT-NAME-TRIAL,"the registry intervention names Bicalutamide, not (R)-BICALUTAMIDE; the trial belongs to the parent page"
NCT04248621,K1:Z9DL98I0AF,K1:A0Z3NAU9DP,Bicalutamide,move,R14-PARENT-NAME-TRIAL,"the registry intervention names Bicalutamide, not (R)-BICALUTAMIDE; the trial belongs to the parent page"
NCT04513717,K1:Z9DL98I0AF,K1:A0Z3NAU9DP,Bicalutamide,move,R14-PARENT-NAME-TRIAL,"the registry intervention names Bicalutamide, not (R)-BICALUTAMIDE; the trial belongs to the parent page"
NCT04734730,K1:Z9DL98I0AF,K1:A0Z3NAU9DP,Bicalutamide,move,R14-PARENT-NAME-TRIAL,"the registry intervention names Bicalutamide, not (R)-BICALUTAMIDE; the trial belongs to the parent page"
NCT04943536,K1:Z9DL98I0AF,K1:A0Z3NAU9DP,bicalutamide,move,R14-PARENT-NAME-TRIAL,"the registry intervention names Bicalutamide, not (R)-BICALUTAMIDE; the trial belongs to the parent page"
NCT05050084,K1:Z9DL98I0AF,K1:A0Z3NAU9DP,Bicalutamide,move,R14-PARENT-NAME-TRIAL,"the registry intervention names Bicalutamide, not (R)-BICALUTAMIDE; the trial belongs to the parent page"
NCT05087706,K1:Z9DL98I0AF,K1:A0Z3NAU9DP,Bicalutamide,move,R14-PARENT-NAME-TRIAL,"the registry intervention names Bicalutamide, not (R)-BICALUTAMIDE; the trial belongs to the parent page"
NCT05095207,K1:Z9DL98I0AF,K1:A0Z3NAU9DP,Bicalutamide,move,R14-PARENT-NAME-TRIAL,"the registry intervention names Bicalutamide, not (R)-BICALUTAMIDE; the trial belongs to the parent page"
NCT05327647,K1:Z9DL98I0AF,K1:A0Z3NAU9DP,Bicalutamide,move,R14-PARENT-NAME-TRIAL,"the registry intervention names Bicalutamide, not (R)-BICALUTAMIDE; the trial belongs to the parent page"
NCT05521698,K1:Z9DL98I0AF,K1:A0Z3NAU9DP,Bicalutamide,move,R14-PARENT-NAME-TRIAL,"the registry intervention names Bicalutamide, not (R)-BICALUTAMIDE; the trial belongs to the parent page"
NCT05700903,K1:Z9DL98I0AF,K1:A0Z3NAU9DP,Bicalutamide,move,R14-PARENT-NAME-TRIAL,"the registry intervention names Bicalutamide, not (R)-BICALUTAMIDE; the trial belongs to the parent page"
NCT06365788,K1:Z9DL98I0AF,K1:A0Z3NAU9DP,Bicalutamide,move,R14-PARENT-NAME-TRIAL,"the registry intervention names Bicalutamide, not (R)-BICALUTAMIDE; the trial belongs to the parent page"
NCT06501911,K1:Z9DL98I0AF,K1:A0Z3NAU9DP,Bicalutamide,move,R14-PARENT-NAME-TRIAL,"the registry intervention names Bicalutamide, not (R)-BICALUTAMIDE; the trial belongs to the parent page"
NCT06528210,K1:Z9DL98I0AF,K1:A0Z3NAU9DP,Bicalutamide,move,R14-PARENT-NAME-TRIAL,"the registry intervention names Bicalutamide, not (R)-BICALUTAMIDE; the trial belongs to the parent page"
NCT06650579,K1:Z9DL98I0AF,K1:A0Z3NAU9DP,Bicalutamide,move,R14-PARENT-NAME-TRIAL,"the registry intervention names Bicalutamide, not (R)-BICALUTAMIDE; the trial belongs to the parent page"
NCT07455903,K1:Z9DL98I0AF,K1:A0Z3NAU9DP,Bicalutamide,move,R14-PARENT-NAME-TRIAL,"the registry intervention names Bicalutamide, not (R)-BICALUTAMIDE; the trial belongs to the parent page"
NCT07593079,K1:Z9DL98I0AF,K1:A0Z3NAU9DP,Bicalutamide,move,R14-PARENT-NAME-TRIAL,"the registry intervention names Bicalutamide, not (R)-BICALUTAMIDE; the trial belongs to the parent page"
NCT07783282,K1:Z9DL98I0AF,K1:A0Z3NAU9DP,bicalutamide,move,R14-PARENT-NAME-TRIAL,"the registry intervention names Bicalutamide, not (R)-BICALUTAMIDE; the trial belongs to the parent page"
NCT00056004,K1:8POY3UMU73,K1:V1L22WVE2S,zileuton,move,R14-PARENT-NAME-TRIAL,"the registry intervention names Zileuton, not (R)-(+)-Zileuton; the trial belongs to the parent page"
NCT00070486,K1:8POY3UMU73,K1:V1L22WVE2S,zileuton,move,R14-PARENT-NAME-TRIAL,"the registry intervention names Zileuton, not (R)-(+)-Zileuton; the trial belongs to the parent page"
NCT00098358,K1:8POY3UMU73,K1:V1L22WVE2S,Zileuton,move,R14-PARENT-NAME-TRIAL,"the registry intervention names Zileuton, not (R)-(+)-Zileuton; the trial belongs to the parent page"
NCT00262405,K1:8POY3UMU73,K1:V1L22WVE2S,zileuton,move,R14-PARENT-NAME-TRIAL,"the registry intervention names Zileuton, not (R)-(+)-Zileuton; the trial belongs to the parent page"
NCT00467831,K1:8POY3UMU73,K1:V1L22WVE2S,Zileuton,move,R14-PARENT-NAME-TRIAL,"the registry intervention names Zileuton, not (R)-(+)-Zileuton; the trial belongs to the parent page"
NCT00493974,K1:8POY3UMU73,K1:V1L22WVE2S,Zileuton,move,R14-PARENT-NAME-TRIAL,"the registry intervention names Zileuton, not (R)-(+)-Zileuton; the trial belongs to the parent page"
NCT00534625,K1:8POY3UMU73,K1:V1L22WVE2S,zileuton,move,R14-PARENT-NAME-TRIAL,"the registry intervention names Zileuton, not (R)-(+)-Zileuton; the trial belongs to the parent page"
NCT00575861,K1:8POY3UMU73,K1:V1L22WVE2S,zileuton,move,R14-PARENT-NAME-TRIAL,"the registry intervention names Zileuton, not (R)-(+)-Zileuton; the trial belongs to the parent page"
NCT00723021,K1:8POY3UMU73,K1:V1L22WVE2S,zileuton,move,R14-PARENT-NAME-TRIAL,"the registry intervention names Zileuton, not (R)-(+)-Zileuton; the trial belongs to the parent page"
NCT01021215,K1:8POY3UMU73,K1:V1L22WVE2S,Zileuton,move,R14-PARENT-NAME-TRIAL,"the registry intervention names Zileuton, not (R)-(+)-Zileuton; the trial belongs to the parent page"
NCT01130688,K1:8POY3UMU73,K1:V1L22WVE2S,Zileuton,move,R14-PARENT-NAME-TRIAL,"the registry intervention names Zileuton, not (R)-(+)-Zileuton; the trial belongs to the parent page"
NCT01136941,K1:8POY3UMU73,K1:V1L22WVE2S,Zileuton,move,R14-PARENT-NAME-TRIAL,"the registry intervention names Zileuton, not (R)-(+)-Zileuton; the trial belongs to the parent page"
NCT01174056,K1:8POY3UMU73,K1:V1L22WVE2S,Zileuton,move,R14-PARENT-NAME-TRIAL,"the registry intervention names Zileuton, not (R)-(+)-Zileuton; the trial belongs to the parent page"
NCT02348203,K1:8POY3UMU73,K1:V1L22WVE2S,Zileuton,move,R14-PARENT-NAME-TRIAL,"the registry intervention names Zileuton, not (R)-(+)-Zileuton; the trial belongs to the parent page"
NCT04996199,K1:8POY3UMU73,K1:V1L22WVE2S,zileuton,move,R14-PARENT-NAME-TRIAL,"the registry intervention names Zileuton, not (R)-(+)-Zileuton; the trial belongs to the parent page"
NCT00104273,K1:4KM7HJ6CBA,K1:003N66TS6T,Rasagiline,move,R14-PARENT-NAME-TRIAL,"the registry intervention names Rasagiline, not RASAGILINE, (S)-; the trial belongs to the parent page"
NCT00203060,K1:4KM7HJ6CBA,K1:003N66TS6T,Rasagiline Mesylate,move,R14-PARENT-NAME-TRIAL,"the registry intervention names Rasagiline, not RASAGILINE, (S)-; the trial belongs to the parent page"
NCT00203125,K1:4KM7HJ6CBA,K1:003N66TS6T,rasagiline mesylate,move,R14-PARENT-NAME-TRIAL,"the registry intervention names Rasagiline, not RASAGILINE, (S)-; the trial belongs to the parent page"
NCT00203138,K1:4KM7HJ6CBA,K1:003N66TS6T,rasagiline mesylate,move,R14-PARENT-NAME-TRIAL,"the registry intervention names Rasagiline, not RASAGILINE, (S)-; the trial belongs to the parent page"
NCT00203164,K1:4KM7HJ6CBA,K1:003N66TS6T,rasagiline mesylate,move,R14-PARENT-NAME-TRIAL,"the registry intervention names Rasagiline, not RASAGILINE, (S)-; the trial belongs to the parent page"
NCT00203177,K1:4KM7HJ6CBA,K1:003N66TS6T,rasagiline mesylate,move,R14-PARENT-NAME-TRIAL,"the registry intervention names Rasagiline, not RASAGILINE, (S)-; the trial belongs to the parent page"
NCT00256204,K1:4KM7HJ6CBA,K1:003N66TS6T,Rasagiline Mesylate,move,R14-PARENT-NAME-TRIAL,"the registry intervention names Rasagiline, not RASAGILINE, (S)-; the trial belongs to the parent page"
NCT00399477,K1:4KM7HJ6CBA,K1:003N66TS6T,rasagiline mesylate,move,R14-PARENT-NAME-TRIAL,"the registry intervention names Rasagiline, not RASAGILINE, (S)-; the trial belongs to the parent page"
NCT00696215,K1:4KM7HJ6CBA,K1:003N66TS6T,rasagiline,move,R14-PARENT-NAME-TRIAL,"the registry intervention names Rasagiline, not RASAGILINE, (S)-; the trial belongs to the parent page"
NCT00755027,K1:4KM7HJ6CBA,K1:003N66TS6T,Rasagiline,move,R14-PARENT-NAME-TRIAL,"the registry intervention names Rasagiline, not RASAGILINE, (S)-; the trial belongs to the parent page"
NCT00936676,K1:4KM7HJ6CBA,K1:003N66TS6T,rasagiline mesylate,move,R14-PARENT-NAME-TRIAL,"the registry intervention names Rasagiline, not RASAGILINE, (S)-; the trial belongs to the parent page"
NCT00977665,K1:4KM7HJ6CBA,K1:003N66TS6T,rasagiline mesylate,move,R14-PARENT-NAME-TRIAL,"the registry intervention names Rasagiline, not RASAGILINE, (S)-; the trial belongs to the parent page"
NCT01007630,K1:4KM7HJ6CBA,K1:003N66TS6T,Rasagiline,move,R14-PARENT-NAME-TRIAL,"the registry intervention names Rasagiline, not RASAGILINE, (S)-; the trial belongs to the parent page"
NCT01032486,K1:4KM7HJ6CBA,K1:003N66TS6T,Rasagiline mesylate,move,R14-PARENT-NAME-TRIAL,"the registry intervention names Rasagiline, not RASAGILINE, (S)-; the trial belongs to the parent page"
NCT01048229,K1:4KM7HJ6CBA,K1:003N66TS6T,Rasagiline,move,R14-PARENT-NAME-TRIAL,"the registry intervention names Rasagiline, not RASAGILINE, (S)-; the trial belongs to the parent page"
NCT01049984,K1:4KM7HJ6CBA,K1:003N66TS6T,Rasagiline,move,R14-PARENT-NAME-TRIAL,"the registry intervention names Rasagiline, not RASAGILINE, (S)-; the trial belongs to the parent page"
NCT01055379,K1:4KM7HJ6CBA,K1:003N66TS6T,Rasagiline,move,R14-PARENT-NAME-TRIAL,"the registry intervention names Rasagiline, not RASAGILINE, (S)-; the trial belongs to the parent page"
NCT01168596,K1:4KM7HJ6CBA,K1:003N66TS6T,Rasagiline,move,R14-PARENT-NAME-TRIAL,"the registry intervention names Rasagiline, not RASAGILINE, (S)-; the trial belongs to the parent page"
NCT01178047,K1:4KM7HJ6CBA,K1:003N66TS6T,Rasagiline,move,R14-PARENT-NAME-TRIAL,"the registry intervention names Rasagiline, not RASAGILINE, (S)-; the trial belongs to the parent page"
NCT01187888,K1:4KM7HJ6CBA,K1:003N66TS6T,Rasagiline,move,R14-PARENT-NAME-TRIAL,"the registry intervention names Rasagiline, not RASAGILINE, (S)-; the trial belongs to the parent page"
NCT01192503,K1:4KM7HJ6CBA,K1:003N66TS6T,rasagiline,move,R14-PARENT-NAME-TRIAL,"the registry intervention names Rasagiline, not RASAGILINE, (S)-; the trial belongs to the parent page"
NCT01215227,K1:4KM7HJ6CBA,K1:003N66TS6T,Rasagiline,move,R14-PARENT-NAME-TRIAL,"the registry intervention names Rasagiline, not RASAGILINE, (S)-; the trial belongs to the parent page"
NCT01232738,K1:4KM7HJ6CBA,K1:003N66TS6T,rasagiline,move,R14-PARENT-NAME-TRIAL,"the registry intervention names Rasagiline, not RASAGILINE, (S)-; the trial belongs to the parent page"
NCT01382342,K1:4KM7HJ6CBA,K1:003N66TS6T,Rasagiline,move,R14-PARENT-NAME-TRIAL,"the registry intervention names Rasagiline, not RASAGILINE, (S)-; the trial belongs to the parent page"
NCT01385735,K1:4KM7HJ6CBA,K1:003N66TS6T,Rasagiline,move,R14-PARENT-NAME-TRIAL,"the registry intervention names Rasagiline, not RASAGILINE, (S)-; the trial belongs to the parent page"
NCT01442610,K1:4KM7HJ6CBA,K1:003N66TS6T,Rasagiline,move,R14-PARENT-NAME-TRIAL,"the registry intervention names Rasagiline, not RASAGILINE, (S)-; the trial belongs to the parent page"
NCT01497652,K1:4KM7HJ6CBA,K1:003N66TS6T,Rasagiline,move,R14-PARENT-NAME-TRIAL,"the registry intervention names Rasagiline, not RASAGILINE, (S)-; the trial belongs to the parent page"
NCT01532128,K1:4KM7HJ6CBA,K1:003N66TS6T,rasagiline,move,R14-PARENT-NAME-TRIAL,"the registry intervention names Rasagiline, not RASAGILINE, (S)-; the trial belongs to the parent page"
NCT01532141,K1:4KM7HJ6CBA,K1:003N66TS6T,Rasagiline,move,R14-PARENT-NAME-TRIAL,"the registry intervention names Rasagiline, not RASAGILINE, (S)-; the trial belongs to the parent page"
NCT01556165,K1:4KM7HJ6CBA,K1:003N66TS6T,rasagiline,move,R14-PARENT-NAME-TRIAL,"the registry intervention names Rasagiline, not RASAGILINE, (S)-; the trial belongs to the parent page"
NCT01652313,K1:4KM7HJ6CBA,K1:003N66TS6T,Rasagiline,move,R14-PARENT-NAME-TRIAL,"the registry intervention names Rasagiline, not RASAGILINE, (S)-; the trial belongs to the parent page"
NCT01723228,K1:4KM7HJ6CBA,K1:003N66TS6T,Rasagiline,move,R14-PARENT-NAME-TRIAL,"the registry intervention names Rasagiline, not RASAGILINE, (S)-; the trial belongs to the parent page"
NCT01736891,K1:4KM7HJ6CBA,K1:003N66TS6T,Rasagiline,move,R14-PARENT-NAME-TRIAL,"the registry intervention names Rasagiline, not RASAGILINE, (S)-; the trial belongs to the parent page"
NCT01786603,K1:4KM7HJ6CBA,K1:003N66TS6T,Rasagiline,move,R14-PARENT-NAME-TRIAL,"the registry intervention names Rasagiline, not RASAGILINE, (S)-; the trial belongs to the parent page"
NCT01879241,K1:4KM7HJ6CBA,K1:003N66TS6T,Rasagiline,move,R14-PARENT-NAME-TRIAL,"the registry intervention names Rasagiline, not RASAGILINE, (S)-; the trial belongs to the parent page"
NCT01879748,K1:4KM7HJ6CBA,K1:003N66TS6T,Rasagiline,move,R14-PARENT-NAME-TRIAL,"the registry intervention names Rasagiline, not RASAGILINE, (S)-; the trial belongs to the parent page"
NCT02068625,K1:4KM7HJ6CBA,K1:003N66TS6T,Rasagiline,move,R14-PARENT-NAME-TRIAL,"the registry intervention names Rasagiline, not RASAGILINE, (S)-; the trial belongs to the parent page"
NCT02278588,K1:4KM7HJ6CBA,K1:003N66TS6T,Rasagiline,move,R14-PARENT-NAME-TRIAL,"the registry intervention names Rasagiline, not RASAGILINE, (S)-; the trial belongs to the parent page"
NCT02359552,K1:4KM7HJ6CBA,K1:003N66TS6T,Rasagiline,move,R14-PARENT-NAME-TRIAL,"the registry intervention names Rasagiline, not RASAGILINE, (S)-; the trial belongs to the parent page"
NCT02789020,K1:4KM7HJ6CBA,K1:003N66TS6T,Rasagiline,move,R14-PARENT-NAME-TRIAL,"the registry intervention names Rasagiline, not RASAGILINE, (S)-; the trial belongs to the parent page"
NCT03727139,K1:4KM7HJ6CBA,K1:003N66TS6T,Rasagiline,move,R14-PARENT-NAME-TRIAL,"the registry intervention names Rasagiline, not RASAGILINE, (S)-; the trial belongs to the parent page"
NCT05611372,K1:4KM7HJ6CBA,K1:003N66TS6T,Rasagiline,move,R14-PARENT-NAME-TRIAL,"the registry intervention names Rasagiline, not RASAGILINE, (S)-; the trial belongs to the parent page"
NCT00000464,K1:4KQ8G4M9DE,K1:1U511HHV4Z,mexiletine,move,R14-PARENT-NAME-TRIAL,"the registry intervention names Mexiletine, not (R)-MEXILETINE; the trial belongs to the parent page"
NCT00000518,K1:4KQ8G4M9DE,K1:1U511HHV4Z,mexiletine,move,R14-PARENT-NAME-TRIAL,"the registry intervention names Mexiletine, not (R)-MEXILETINE; the trial belongs to the parent page"
NCT00000793,K1:4KQ8G4M9DE,K1:1U511HHV4Z,Mexiletine hydrochloride,move,R14-PARENT-NAME-TRIAL,"the registry intervention names Mexiletine, not (R)-MEXILETINE; the trial belongs to the parent page"
NCT00001784,K1:4KQ8G4M9DE,K1:1U511HHV4Z,Mexiletine,move,R14-PARENT-NAME-TRIAL,"the registry intervention names Mexiletine, not (R)-MEXILETINE; the trial belongs to the parent page"
NCT00004647,K1:4KQ8G4M9DE,K1:1U511HHV4Z,mexiletine,move,R14-PARENT-NAME-TRIAL,"the registry intervention names Mexiletine, not (R)-MEXILETINE; the trial belongs to the parent page"
NCT00832000,K1:4KQ8G4M9DE,K1:1U511HHV4Z,Mexiletine,move,R14-PARENT-NAME-TRIAL,"the registry intervention names Mexiletine, not (R)-MEXILETINE; the trial belongs to the parent page"
NCT01406873,K1:4KQ8G4M9DE,K1:1U511HHV4Z,Mexiletine,move,R14-PARENT-NAME-TRIAL,"the registry intervention names Mexiletine, not (R)-MEXILETINE; the trial belongs to the parent page"
NCT01717404,K1:4KQ8G4M9DE,K1:1U511HHV4Z,Mexiletine,move,R14-PARENT-NAME-TRIAL,"the registry intervention names Mexiletine, not (R)-MEXILETINE; the trial belongs to the parent page"
NCT01811355,K1:4KQ8G4M9DE,K1:1U511HHV4Z,Mexiletine,move,R14-PARENT-NAME-TRIAL,"the registry intervention names Mexiletine, not (R)-MEXILETINE; the trial belongs to the parent page"
NCT01849770,K1:4KQ8G4M9DE,K1:1U511HHV4Z,Mexiletine,move,R14-PARENT-NAME-TRIAL,"the registry intervention names Mexiletine, not (R)-MEXILETINE; the trial belongs to the parent page"
NCT02045667,K1:4KQ8G4M9DE,K1:1U511HHV4Z,Mexiletine,move,R14-PARENT-NAME-TRIAL,"the registry intervention names Mexiletine, not (R)-MEXILETINE; the trial belongs to the parent page"
NCT02260388,K1:4KQ8G4M9DE,K1:1U511HHV4Z,Mexiletine,move,R14-PARENT-NAME-TRIAL,"the registry intervention names Mexiletine, not (R)-MEXILETINE; the trial belongs to the parent page"
NCT02308748,K1:4KQ8G4M9DE,K1:1U511HHV4Z,Mexiletine,move,R14-PARENT-NAME-TRIAL,"the registry intervention names Mexiletine, not (R)-MEXILETINE; the trial belongs to the parent page"
NCT02336477,K1:4KQ8G4M9DE,K1:1U511HHV4Z,Mexiletine,move,R14-PARENT-NAME-TRIAL,"the registry intervention names Mexiletine, not (R)-MEXILETINE; the trial belongs to the parent page"
NCT02561702,K1:4KQ8G4M9DE,K1:1U511HHV4Z,Mexiletine,move,R14-PARENT-NAME-TRIAL,"the registry intervention names Mexiletine, not (R)-MEXILETINE; the trial belongs to the parent page"
NCT02781454,K1:4KQ8G4M9DE,K1:1U511HHV4Z,Mexiletine,move,R14-PARENT-NAME-TRIAL,"the registry intervention names Mexiletine, not (R)-MEXILETINE; the trial belongs to the parent page"
NCT04616807,K1:4KQ8G4M9DE,K1:1U511HHV4Z,Mexiletine,move,R14-PARENT-NAME-TRIAL,"the registry intervention names Mexiletine, not (R)-MEXILETINE; the trial belongs to the parent page"
NCT04622553,K1:4KQ8G4M9DE,K1:1U511HHV4Z,Mexiletine,move,R14-PARENT-NAME-TRIAL,"the registry intervention names Mexiletine, not (R)-MEXILETINE; the trial belongs to the parent page"
NCT04624750,K1:4KQ8G4M9DE,K1:1U511HHV4Z,Mexiletine,move,R14-PARENT-NAME-TRIAL,"the registry intervention names Mexiletine, not (R)-MEXILETINE; the trial belongs to the parent page"
NCT05017155,K1:4KQ8G4M9DE,K1:1U511HHV4Z,Mexiletine,move,R14-PARENT-NAME-TRIAL,"the registry intervention names Mexiletine, not (R)-MEXILETINE; the trial belongs to the parent page"
NCT05619120,K1:4KQ8G4M9DE,K1:1U511HHV4Z,Mexiletine,move,R14-PARENT-NAME-TRIAL,"the registry intervention names Mexiletine, not (R)-MEXILETINE; the trial belongs to the parent page"
NCT06862596,K1:4KQ8G4M9DE,K1:1U511HHV4Z,Mexiletine hydrochloride,move,R14-PARENT-NAME-TRIAL,"the registry intervention names Mexiletine, not (R)-MEXILETINE; the trial belongs to the parent page"
NCT07154654,K1:4KQ8G4M9DE,K1:1U511HHV4Z,Mexiletine,move,R14-PARENT-NAME-TRIAL,"the registry intervention names Mexiletine, not (R)-MEXILETINE; the trial belongs to the parent page"
NCT00437177,K1:LH812IV7LI,K1:N21FAR7B4S,apomorphine,move,R14-PARENT-NAME-TRIAL,"the registry intervention names Apomorphine, not (S)APOMORPHINE; the trial belongs to the parent page"
NCT00472355,K1:LH812IV7LI,K1:N21FAR7B4S,apomorphine,move,R14-PARENT-NAME-TRIAL,"the registry intervention names Apomorphine, not (S)APOMORPHINE; the trial belongs to the parent page"
NCT00524914,K1:LH812IV7LI,K1:N21FAR7B4S,apomorphine,move,R14-PARENT-NAME-TRIAL,"the registry intervention names Apomorphine, not (S)APOMORPHINE; the trial belongs to the parent page"
NCT00610103,K1:LH812IV7LI,K1:N21FAR7B4S,apomorphine hydrochloride,move,R14-PARENT-NAME-TRIAL,"the registry intervention names Apomorphine, not (S)APOMORPHINE; the trial belongs to the parent page"
NCT00758368,K1:LH812IV7LI,K1:N21FAR7B4S,Apomorphine,move,R14-PARENT-NAME-TRIAL,"the registry intervention names Apomorphine, not (S)APOMORPHINE; the trial belongs to the parent page"
NCT00761228,K1:LH812IV7LI,K1:N21FAR7B4S,Apomorphine,move,R14-PARENT-NAME-TRIAL,"the registry intervention names Apomorphine, not (S)APOMORPHINE; the trial belongs to the parent page"
NCT01744964,K1:LH812IV7LI,K1:N21FAR7B4S,Apomorphine,move,R14-PARENT-NAME-TRIAL,"the registry intervention names Apomorphine, not (S)APOMORPHINE; the trial belongs to the parent page"
NCT02006121,K1:LH812IV7LI,K1:N21FAR7B4S,Apomorphine hydrochloride,move,R14-PARENT-NAME-TRIAL,"the registry intervention names Apomorphine, not (S)APOMORPHINE; the trial belongs to the parent page"
NCT02549573,K1:LH812IV7LI,K1:N21FAR7B4S,Apomorphine,move,R14-PARENT-NAME-TRIAL,"the registry intervention names Apomorphine, not (S)APOMORPHINE; the trial belongs to the parent page"
NCT02688465,K1:LH812IV7LI,K1:N21FAR7B4S,Apomorphine,move,R14-PARENT-NAME-TRIAL,"the registry intervention names Apomorphine, not (S)APOMORPHINE; the trial belongs to the parent page"
NCT02702076,K1:LH812IV7LI,K1:N21FAR7B4S,Apomorphine,move,R14-PARENT-NAME-TRIAL,"the registry intervention names Apomorphine, not (S)APOMORPHINE; the trial belongs to the parent page"
NCT02864004,K1:LH812IV7LI,K1:N21FAR7B4S,Apomorphine,move,R14-PARENT-NAME-TRIAL,"the registry intervention names Apomorphine, not (S)APOMORPHINE; the trial belongs to the parent page"
NCT02940912,K1:LH812IV7LI,K1:N21FAR7B4S,Apomorphine,move,R14-PARENT-NAME-TRIAL,"the registry intervention names Apomorphine, not (S)APOMORPHINE; the trial belongs to the parent page"
NCT02969629,K1:LH812IV7LI,K1:N21FAR7B4S,Apomorphine,move,R14-PARENT-NAME-TRIAL,"the registry intervention names Apomorphine, not (S)APOMORPHINE; the trial belongs to the parent page"
NCT03391882,K1:LH812IV7LI,K1:N21FAR7B4S,Apomorphine Hydrochloride,move,R14-PARENT-NAME-TRIAL,"the registry intervention names Apomorphine, not (S)APOMORPHINE; the trial belongs to the parent page"
NCT03693872,K1:LH812IV7LI,K1:N21FAR7B4S,Apomorphine,move,R14-PARENT-NAME-TRIAL,"the registry intervention names Apomorphine, not (S)APOMORPHINE; the trial belongs to the parent page"
NCT04786158,K1:LH812IV7LI,K1:N21FAR7B4S,Apomorphine,move,R14-PARENT-NAME-TRIAL,"the registry intervention names Apomorphine, not (S)APOMORPHINE; the trial belongs to the parent page"
NCT04887467,K1:LH812IV7LI,K1:N21FAR7B4S,Apomorphine,move,R14-PARENT-NAME-TRIAL,"the registry intervention names Apomorphine, not (S)APOMORPHINE; the trial belongs to the parent page"
