key,printed_name,reason,evidence
K1:55VNK5440P,AN-9,bare abbreviation,the printed name is 4 capital characters and the record holds no title-case common or INN synonym for it
K1:62T278S1MX,DNQX,bare abbreviation,the printed name is 4 capital characters and the record holds no title-case common or INN synonym for it
K1:78QVZ7RG8L,PALA,bare abbreviation,the printed name is 4 capital characters and the record holds no title-case common or INN synonym for it
K1:80P1Q21652,JS-K,bare abbreviation,the printed name is 4 capital characters and the record holds no title-case common or INN synonym for it
K1:8BK3483OW5,NU-3,bare abbreviation,the printed name is 4 capital characters and the record holds no title-case common or INN synonym for it
K1:8LZ6Q43V2S,NBQX,bare abbreviation,the printed name is 4 capital characters and the record holds no title-case common or INN synonym for it
K1:9Q765ZIF8L,T-62,bare abbreviation,the printed name is 4 capital characters and the record holds no title-case common or INN synonym for it
K1:BI12FRY055,TOFA,bare abbreviation,the printed name is 4 capital characters and the record holds no title-case common or INN synonym for it
K1:BS16QT99Q1,AKBA,bare abbreviation,the printed name is 4 capital characters and the record holds no title-case common or INN synonym for it
K1:C7X2M0VVNH,LIME,bare abbreviation,the printed name is 4 capital characters and the record holds no title-case common or INN synonym for it
K1:DOB7Y3RSX0,HPPH,bare abbreviation,the printed name is 4 capital characters and the record holds no title-case common or INN synonym for it
K1:IJ5CEP760Y,RH-1,bare abbreviation,the printed name is 4 capital characters and the record holds no title-case common or INN synonym for it
K1:M876330O56,H-89,bare abbreviation,the printed name is 4 capital characters and the record holds no title-case common or INN synonym for it
K1:NA92ZAR7N2,PJ34,bare abbreviation,the printed name is 4 capital characters and the record holds no title-case common or INN synonym for it
K1:PP549Z0645,DASB,bare abbreviation,the printed name is 4 capital characters and the record holds no title-case common or INN synonym for it
K1:R16CO5Y76E,ASA,bare abbreviation,the printed name is 3 capital characters and the record holds no title-case common or INN synonym for it
K1:SA2ND7EHY4,PP1,bare abbreviation,the printed name is 3 capital characters and the record holds no title-case common or INN synonym for it
K1:TX3R141LEP,Z160,bare abbreviation,the printed name is 4 capital characters and the record holds no title-case common or INN synonym for it
K1:UKI9MLD5OI,DOM,bare abbreviation,the printed name is 3 capital characters and the record holds no title-case common or INN synonym for it
K1:V77772N32H,2C-B,bare abbreviation,the printed name is 4 capital characters and the record holds no title-case common or INN synonym for it
K1:XDK89456WM,S-23,bare abbreviation,the printed name is 4 capital characters and the record holds no title-case common or INN synonym for it
K1:Z41H3C5BT9,J147,bare abbreviation,the printed name is 4 capital characters and the record holds no title-case common or INN synonym for it
K1:Z8MXU5GH4Q,IRGD,bare abbreviation,the printed name is 4 capital characters and the record holds no title-case common or INN synonym for it
K2:AAHNBILIYONQLX-UHFFFAOYSA-N,GSM1,bare abbreviation,the printed name is 4 capital characters and the record holds no title-case common or INN synonym for it
K2:AQTPWCUIYUOEMG-INIZCTEOSA-N,2W4,bare abbreviation,the printed name is 3 capital characters and the record holds no title-case common or INN synonym for it
K2:AUWUGRCKTQSGJY-HHHXNRCGSA-N,2SF,bare abbreviation,the printed name is 3 capital characters and the record holds no title-case common or INN synonym for it
K2:BWBUPDTUXQDHSX-AWEZNQCLSA-N,640,bare abbreviation,the printed name is 3 capital characters and the record holds no title-case common or INN synonym for it
K2:BXCPYBFBMAWDDY-UHFFFAOYSA-N,CPS2,bare abbreviation,the printed name is 4 capital characters and the record holds no title-case common or INN synonym for it
K2:CQCWHSDMJBAGDC-UHFFFAOYSA-N,9UA,bare abbreviation,the printed name is 3 capital characters and the record holds no title-case common or INN synonym for it
K2:CXJCGSPAPOTTSF-VURMDHGXSA-N,2WU7,bare abbreviation,the printed name is 4 capital characters and the record holds no title-case common or INN synonym for it
K2:DDLZLOKCJHBUHD-WAVHTBQISA-N,6BIO,bare abbreviation,the printed name is 4 capital characters and the record holds no title-case common or INN synonym for it
K2:DSUZLJDXUJUTGI-LLVKDONJSA-N,28A,bare abbreviation,the printed name is 3 capital characters and the record holds no title-case common or INN synonym for it
K2:FOECKIWHCOYYFL-UHFFFAOYSA-N,PPTN,bare abbreviation,the printed name is 4 capital characters and the record holds no title-case common or INN synonym for it
K2:FQAXDSVNYVVQSE-UHFFFAOYSA-N,51E,bare abbreviation,the printed name is 3 capital characters and the record holds no title-case common or INN synonym for it
K2:HDMHBHNRWDNNCD-UHFFFAOYSA-N,HEPT,bare abbreviation,the printed name is 4 capital characters and the record holds no title-case common or INN synonym for it
K2:HDZWHJYZJWLTAG-UHFFFAOYSA-N,105,bare abbreviation,the printed name is 3 capital characters and the record holds no title-case common or INN synonym for it
K2:HKXSBJJCHBFTMB-UHFFFAOYSA-N,C18,bare abbreviation,the printed name is 3 capital characters and the record holds no title-case common or INN synonym for it
K2:KYOIGHSNTIJBPW-UHFFFAOYSA-N,9D,bare abbreviation,the printed name is 2 capital characters and the record holds no title-case common or INN synonym for it
K2:LGWDVWIZDPGCFG-UHFFFAOYSA-N,7DQ,bare abbreviation,the printed name is 3 capital characters and the record holds no title-case common or INN synonym for it
K2:LPCWQWNRCGWRFC-UHFFFAOYSA-N,6,bare abbreviation,the printed name is 1 capital characters and the record holds no title-case common or INN synonym for it
K2:LRJAGMBMPSXEFP-UDPUMDPQSA-N,17,bare abbreviation,the printed name is 2 capital characters and the record holds no title-case common or INN synonym for it
K2:LUHCYAOYQIFNRN-UHFFFAOYSA-N,10A,bare abbreviation,the printed name is 3 capital characters and the record holds no title-case common or INN synonym for it
K2:MRHRACKJKBOJEI-UHFFFAOYSA-N,TH65,bare abbreviation,the printed name is 4 capital characters and the record holds no title-case common or INN synonym for it
K2:NDVQUNZCNAMROD-RZUBCFFCSA-N,2,bare abbreviation,the printed name is 1 capital characters and the record holds no title-case common or INN synonym for it
K2:OTKTZEZTFCAULO-DEOSSOPVSA-N,26D,bare abbreviation,the printed name is 3 capital characters and the record holds no title-case common or INN synonym for it
K2:PIJSEUOSRTYUJM-UHFFFAOYSA-N,MR24,bare abbreviation,the printed name is 4 capital characters and the record holds no title-case common or INN synonym for it
K2:QMDKVNSQXPVCRD-RQNOJGIXSA-N,49L,bare abbreviation,the printed name is 3 capital characters and the record holds no title-case common or INN synonym for it
K2:QXCXMVYVUHVFLP-UHFFFAOYSA-N,28,bare abbreviation,the printed name is 2 capital characters and the record holds no title-case common or INN synonym for it
K2:RHFIAUKMKYHHFA-UHFFFAOYSA-N,50D,bare abbreviation,the printed name is 3 capital characters and the record holds no title-case common or INN synonym for it
K2:RTFQFPZKDYMMMJ-RIAKQDHQSA-N,DAT8,bare abbreviation,the printed name is 4 capital characters and the record holds no title-case common or INN synonym for it
K2:RZXMIHOUHYSGJO-UHFFFAOYSA-N,2OL,bare abbreviation,the printed name is 3 capital characters and the record holds no title-case common or INN synonym for it
K2:SQNZDYHMCMIGGV-TZPPCSJFSA-N,AT-1,bare abbreviation,the printed name is 4 capital characters and the record holds no title-case common or INN synonym for it
K2:VIQXILLOJLATEF-UHFFFAOYSA-N,AEV,bare abbreviation,the printed name is 3 capital characters and the record holds no title-case common or INN synonym for it
K2:WGJCHHJGGFCCRS-DEYDLUNASA-N,CM11,bare abbreviation,the printed name is 4 capital characters and the record holds no title-case common or INN synonym for it
K2:XFYUTGIEFKGWND-NRFANRHFSA-N,2W6,bare abbreviation,the printed name is 3 capital characters and the record holds no title-case common or INN synonym for it
K2:XMNLWOQHMQRHDV-UHFFFAOYSA-N,86,bare abbreviation,the printed name is 2 capital characters and the record holds no title-case common or INN synonym for it
K2:XSMABFRQESMONQ-SFHVURJKSA-N,9DJ,bare abbreviation,the printed name is 3 capital characters and the record holds no title-case common or INN synonym for it
K2:YDPMMWAOCCOULO-JBRSBNLGSA-N,6XX,bare abbreviation,the printed name is 3 capital characters and the record holds no title-case common or INN synonym for it
K2:ZJJZBBBSQKVNHL-BYBNZYMESA-N,IR-2,bare abbreviation,the printed name is 4 capital characters and the record holds no title-case common or INN synonym for it
K2:ZKXZLIFRWWKZRY-KRWDZBQOSA-N,3XV,bare abbreviation,the printed name is 3 capital characters and the record holds no title-case common or INN synonym for it
K3:CHEMBL2109267,M195,bare abbreviation,the printed name is 4 capital characters and the record holds no title-case common or INN synonym for it
K3:CHEMBL2109352,BL22,bare abbreviation,the printed name is 4 capital characters and the record holds no title-case common or INN synonym for it
K3:CHEMBL2109421,4B5,bare abbreviation,the printed name is 3 capital characters and the record holds no title-case common or INN synonym for it
K3:CHEMBL2109443,F105,bare abbreviation,the printed name is 4 capital characters and the record holds no title-case common or INN synonym for it
K3:CHEMBL2109481,ICM3,bare abbreviation,the printed name is 4 capital characters and the record holds no title-case common or INN synonym for it
K3:CHEMBL2109483,SC-1,bare abbreviation,the printed name is 4 capital characters and the record holds no title-case common or INN synonym for it
K3:CHEMBL2109495,E2.3,bare abbreviation,the printed name is 4 capital characters and the record holds no title-case common or INN synonym for it
K3:CHEMBL2109523,M170,bare abbreviation,the printed name is 4 capital characters and the record holds no title-case common or INN synonym for it
K3:CHEMBL2109588,CA2,bare abbreviation,the printed name is 3 capital characters and the record holds no title-case common or INN synonym for it
K3:CHEMBL3545093,ZYH7,bare abbreviation,the printed name is 4 capital characters and the record holds no title-case common or INN synonym for it
K3:CHEMBL4301788,RM-2,bare abbreviation,the printed name is 4 capital characters and the record holds no title-case common or INN synonym for it
K3:CHEMBL4525123,HMA,bare abbreviation,the printed name is 3 capital characters and the record holds no title-case common or INN synonym for it
K3:CHEMBL4526634,1,bare abbreviation,the printed name is 1 capital characters and the record holds no title-case common or INN synonym for it
K3:CHEMBL4526635,2,bare abbreviation,the printed name is 1 capital characters and the record holds no title-case common or INN synonym for it
K4:rna,RNA,bare abbreviation,the printed name is 3 capital characters and the record holds no title-case common or INN synonym for it
COMBO:NAME:astragalus exscapus flowering fruiting,Astragalus Exscapus Whole Flowering/Fruiting,"material, not a medicine",GSRS substance class structurallyDiverse
COMBO:NAME:bordetella pertussis fimbriae 2 3 antigen,Bordetella Pertussis Fimbriae 2/3 Antigen,"material, not a medicine",GSRS substance class structurallyDiverse
COMBO:NAME:cairina moschata heart liver autolysate,Cairina Moschata Heart/Liver Autolysate,"material, not a medicine",GSRS substance class structurallyDiverse
COMBO:NAME:comocladia dentata bark leaf,Comocladia Dentata Bark/Leaf,"material, not a medicine",GSRS substance class structurallyDiverse
COMBO:NAME:euonymus atropurpureus branch bark root bark,Euonymus Atropurpureus Branch Bark/Root Bark,"material, not a medicine",GSRS substance class structurallyDiverse
COMBO:NAME:grindelia camporum flower leaf,Grindelia Camporum Flower/Leaf,"material, not a medicine",GSRS substance class structurallyDiverse
COMBO:NAME:hamamelis virginiana root bark stem bark,Hamamelis Virginiana Root Bark/Stem Bark,"material, not a medicine",GSRS substance class structurallyDiverse
COMBO:NAME:human botulinum neurotoxin a b immune globulin,Human Botulinum Neurotoxin A/B Immune Globulin,"material, not a medicine",GSRS substance class structurallyDiverse
COMBO:NAME:influenza a virus a croatia 10136rv 2023 x 425a antigen,Influenza A Virus A/Croatia/10136rv/2023 X-425a Antigen,"material, not a medicine",GSRS substance class structurallyDiverse
COMBO:NAME:influenza a virus a darwin 6 2021,Influenza A Virus A/Darwin/6/2021 Whole,"material, not a medicine",GSRS substance class structurallyDiverse
COMBO:NAME:influenza a virus a darwin 9 2021 ivr 228 antigen,Influenza A Virus A/Darwin/9/2021 Ivr-228 Antigen,"material, not a medicine",GSRS substance class structurallyDiverse
COMBO:NAME:influenza a virus a darwin 9 2021 ivr 228 hemagglutinin antigen,Influenza A Virus A/Darwin/9/2021 Ivr-228 Hemagglutinin Antigen,"material, not a medicine",GSRS substance class structurallyDiverse
COMBO:NAME:influenza a virus a guangdong maonan swl1536 2019 cnic 1909 antigen,Influenza A Virus A/Guangdong-Maonan/Swl1536/2019 Cnic-1909 Antigen,"material, not a medicine",GSRS substance class structurallyDiverse
COMBO:NAME:influenza a virus a hong kong 2671 2019 ivr 208 antigen,Influenza A Virus A/Hong Kong/2671/2019 Ivr-208 Antigen,"material, not a medicine",GSRS substance class structurallyDiverse
COMBO:NAME:influenza a virus a michigan 105 2025 san 049a antigen,Influenza A Virus A/Michigan/105/2025 San-049a Antigen,"material, not a medicine",GSRS substance class structurallyDiverse
COMBO:NAME:influenza a virus a north carolina 04 2016,Influenza A Virus A/North Carolina/04/2016 Whole,"material, not a medicine",GSRS substance class structurallyDiverse
COMBO:NAME:influenza a virus a singapore gp1908 2015 ivr 180,Influenza A Virus A/Singapore/Gp1908/2015 Ivr-180 Whole,"material, not a medicine",GSRS substance class structurallyDiverse
COMBO:NAME:influenza a virus a singapore gp20238 2024 ivr 277 antigen,Influenza A Virus A/Singapore/Gp20238/2024 Ivr-277 Antigen,"material, not a medicine",GSRS substance class structurallyDiverse
COMBO:NAME:influenza a virus a switzerland 6849 2025 ivr 278 antigen,Influenza A Virus A/Switzerland/6849/2025 Ivr-278 Antigen,"material, not a medicine",GSRS substance class structurallyDiverse
COMBO:NAME:influenza a virus a tasmania 503 2020 ivr 221 antigen,Influenza A Virus A/Tasmania/503/2020 Ivr-221 Antigen,"material, not a medicine",GSRS substance class structurallyDiverse
COMBO:NAME:influenza a virus a thailand 8 2022 ivr 237 antigen,Influenza A Virus A/Thailand/8/2022 Ivr-237 Antigen,"material, not a medicine",GSRS substance class structurallyDiverse
COMBO:NAME:influenza a virus a thailand 8 2022 ivr 237 hemagglutinin antigen,Influenza A Virus A/Thailand/8/2022 Ivr-237 Hemagglutinin Antigen,"material, not a medicine",GSRS substance class structurallyDiverse
COMBO:NAME:influenza a virus a victoria 2454 2019 ivr 207 antigen,Influenza A Virus A/Victoria/2454/2019 Ivr-207 Antigen,"material, not a medicine",GSRS substance class structurallyDiverse
COMBO:NAME:influenza a virus a victoria 2570 2019 ivr 215 antigen,Influenza A Virus A/Victoria/2570/2019 Ivr-215 Antigen,"material, not a medicine",GSRS substance class structurallyDiverse
COMBO:NAME:influenza a virus a victoria 2570 2019 ivr 215 hemagglutinin antigen,Influenza A Virus A/Victoria/2570/2019 Ivr-215 Hemagglutinin Antigen,"material, not a medicine",GSRS substance class structurallyDiverse
COMBO:NAME:influenza a virus a victoria 4897 2022 ivr 238 antigen,Influenza A Virus A/Victoria/4897/2022 Ivr-238 Antigen,"material, not a medicine",GSRS substance class structurallyDiverse
COMBO:NAME:influenza b virus b austria 1359417 2021 bvr 26,Influenza B Virus B/Austria/1359417/2021 Bvr-26 Whole,"material, not a medicine",GSRS substance class structurallyDiverse
COMBO:NAME:influenza b virus b austria 1359417 2021 bvr 26 antigen,Influenza B Virus B/Austria/1359417/2021 Bvr-26 Antigen,"material, not a medicine",GSRS substance class structurallyDiverse
COMBO:NAME:influenza b virus b iowa 06 2017,Influenza B Virus B/Iowa/06/2017 Whole,"material, not a medicine",GSRS substance class structurallyDiverse
COMBO:NAME:influenza b virus b michigan 01 2021 antigen,Influenza B Virus B/Michigan/01/2021 Antigen,"material, not a medicine",GSRS substance class structurallyDiverse
COMBO:NAME:influenza b virus b michigan 01 2021 hemagglutinin antigen,Influenza B Virus B/Michigan/01/2021 Hemagglutinin Antigen,"material, not a medicine",GSRS substance class structurallyDiverse
COMBO:NAME:influenza b virus b phuket 3073 2013 antigen,Influenza B Virus B/Phuket/3073/2013 Antigen,"material, not a medicine",GSRS substance class structurallyDiverse
COMBO:NAME:influenza b virus b phuket 3073 2013 bvr 1b,Influenza B Virus B/Phuket/3073/2013 Bvr-1b Whole,"material, not a medicine",GSRS substance class structurallyDiverse
COMBO:NAME:influenza b virus b phuket 3073 2013 hemagglutinin antigen,Influenza B Virus B/Phuket/3073/2013 Hemagglutinin Antigen,"material, not a medicine",GSRS substance class structurallyDiverse
COMBO:NAME:influenza b virus b singapore inftt 16 0610 2016,Influenza B Virus B/Singapore/Inftt-16-0610/2016 Whole,"material, not a medicine",GSRS substance class structurallyDiverse
COMBO:NAME:influenza b virus b tokyo eis13 175 2025 antigen,Influenza B Virus B/Tokyo/Eis13-175/2025 Antigen,"material, not a medicine",GSRS substance class structurallyDiverse
COMBO:NAME:influenza b virus b washington 02 2019 antigen,Influenza B Virus B/Washington/02/2019 Antigen,"material, not a medicine",GSRS substance class structurallyDiverse
COMBO:NAME:juglans cinerea branch bark root bark,Juglans Cinerea Branch Bark/Root Bark,"material, not a medicine",GSRS substance class structurallyDiverse
COMBO:NAME:rhamphospermum arvense flowering fruiting top,COMBO:NAME:rhamphospermum arvense flowering fruiting top,"material, not a medicine",GSRS substance class structurallyDiverse
COMBO:NAME:rubella virus strain wistar ra 27 3 live antigen,Rubella Virus Strain Wistar Ra 27/3 Live Antigen,"material, not a medicine",GSRS substance class structurallyDiverse
COMBO:NAME:scrophularia nodosa leaf with stem,Scrophularia Nodosa Leaf with Stem,"material, not a medicine",GSRS substance class structurallyDiverse
COMBO:NAME:sinapis arvensis flowering fruiting top,Sinapis Arvensis Flowering/Fruiting Top,"material, not a medicine",GSRS substance class structurallyDiverse
COMBO:NAME:valeriana officinalis rhizome root,Valeriana Officinalis Rhizome/Root,"material, not a medicine",GSRS substance class structurallyDiverse
COMBO:NAME:varicella zoster virus strain oka merck live antigen,Varicella-Zoster Virus Strain Oka/Merck Live Antigen,"material, not a medicine",GSRS substance class structurallyDiverse
K1:0005633KTU,Symphyotrichum Oblongifolium Whole,"material, not a medicine",GSRS substance class structurallyDiverse
K1:0008D0X3XI,Plantago Australis Whole,"material, not a medicine",GSRS substance class structurallyDiverse
K1:0022LFJ74Y,Taraxacum Officinale Leaf,"material, not a medicine",GSRS substance class structurallyDiverse
K1:003ABL14YC,Blue Tilapia Whole,"material, not a medicine",GSRS substance class structurallyDiverse
K1:00543AP1JV,Delphinium Staphisagria Seed,"material, not a medicine",GSRS substance class structurallyDiverse
K1:005ICF6L27,Lycopodium Clavatum Whole,"material, not a medicine",GSRS substance class structurallyDiverse
K1:006H22D6PZ,Ambrosia Tenuifolia Whole,"material, not a medicine",GSRS substance class structurallyDiverse
K1:00AOG6IRLE,Hedychium Flavescens Whole,"material, not a medicine",GSRS substance class structurallyDiverse
K1:00CR8124AS,English Sole,"material, not a medicine",GSRS substance class structurallyDiverse
K1:00GG7UT6PL,"Chicken Skin, Cooked","material, not a medicine",GSRS substance class structurallyDiverse
K1:00IF91KFKQ,Crocus Sativus Flower,"material, not a medicine",GSRS substance class structurallyDiverse
K1:00T5SH6SEJ,Bai Ji,"material, not a medicine",GSRS substance class structurallyDiverse
K1:00UK7646FG,Capsicum,"material, not a medicine",GSRS substance class structurallyDiverse
K1:012RCE5TWE,Salix Lutea Pollen,"material, not a medicine",GSRS substance class structurallyDiverse
K1:01756N87N8,Wormwood Oil,"material, not a medicine",GSRS substance class structurallyDiverse
K1:01800C6E6B,Dieffenbachia Seguine,"material, not a medicine",GSRS substance class structurallyDiverse
K1:01B3X858LI,Acer Pensylvanicum Whole,"material, not a medicine",GSRS substance class structurallyDiverse
K1:01G73H6H83,Hops,"material, not a medicine",GSRS substance class structurallyDiverse
K1:01G9XEA93N,Claviceps Purpurea Sclerotium,"material, not a medicine",GSRS substance class structurallyDiverse
K1:01WNS05SFO,Oryctolagus Cuniculus Spleen,"material, not a medicine",GSRS substance class structurallyDiverse
K1:022461SR75,Azficel t,"material, not a medicine",GSRS substance class structurallyDiverse
K1:023XWA119J,Eschscholzia Californica Flowering Top,"material, not a medicine",GSRS substance class structurallyDiverse
K1:0243Q4990L,Solanum Lycopersicum,"material, not a medicine",GSRS substance class structurallyDiverse
K1:024W88F557,Fraxinus Latifolia Whole,"material, not a medicine",GSRS substance class structurallyDiverse
K1:025JEQ4O6S,Hippeastrum Puniceum Whole,"material, not a medicine",GSRS substance class structurallyDiverse
K1:0269TQ4H2N,Magnolia X Alba Whole,"material, not a medicine",GSRS substance class structurallyDiverse
K1:0296055VE0,Clostridium Botulinum,"material, not a medicine",GSRS substance class structurallyDiverse
K1:02AI5I027Q,Townsendia Exscapa Whole,"material, not a medicine",GSRS substance class structurallyDiverse
K1:02I3VKA20E,Anacardium Occidentale Bark,"material, not a medicine",GSRS substance class structurallyDiverse
K1:02I89C6K47,Cynanchum Otophyllum Whole,"material, not a medicine",GSRS substance class structurallyDiverse
K1:02RVY6X9EC,Quercus Kelloggii Pollen,"material, not a medicine",GSRS substance class structurallyDiverse
K1:02VJ3CEY9G,Codonopsis Pilosula Root,"material, not a medicine",GSRS substance class structurallyDiverse
K1:02WM57RXZJ,Black Walnut,"material, not a medicine",GSRS substance class structurallyDiverse
K1:030FN29S9H,Petroselinum Crispum Root,"material, not a medicine",GSRS substance class structurallyDiverse
K1:030R993R8E,Ulmus Pumila Pollen,"material, not a medicine",GSRS substance class structurallyDiverse
K1:039G4OZ3G2,Loxosceles Reclusa,"material, not a medicine",GSRS substance class structurallyDiverse
K1:03T08D1SW6,Astragalus Americanus Whole,"material, not a medicine",GSRS substance class structurallyDiverse
K1:03T60V100Y,Sus Scrofa Rectal Mucosa,"material, not a medicine",GSRS substance class structurallyDiverse
K1:03Z3I85RNE,Bos Taurus Spinal Cord,"material, not a medicine",GSRS substance class structurallyDiverse
K1:042SUA2DS9,Pinus Ponderosa Pollen,"material, not a medicine",GSRS substance class structurallyDiverse
K1:046PB542M7,Ephedra Nevadensis Whole,"material, not a medicine",GSRS substance class structurallyDiverse
K1:046Y1357I6,Lamium Album,"material, not a medicine",GSRS substance class structurallyDiverse
K1:04W636S1V3,Malus Domestica Whole,"material, not a medicine",GSRS substance class structurallyDiverse
K1:04W97Z676Y,Bassia Scoparia Fruit,"material, not a medicine",GSRS substance class structurallyDiverse
K1:050QZ2EDK7,Sus Scrofa Pineal Gland,"material, not a medicine",GSRS substance class structurallyDiverse
K1:053IJC048X,Aloe Spicata Whole,"material, not a medicine",GSRS substance class structurallyDiverse
K1:055456JHI7,Citrus Aurantium Fruit Rind,"material, not a medicine",GSRS substance class structurallyDiverse
K1:05KB30NGW2,Alcaligenes Faecalis,"material, not a medicine",GSRS substance class structurallyDiverse
K1:05P93760L4,Primula Hendersonii Whole,"material, not a medicine",GSRS substance class structurallyDiverse
K1:05S7L91ZTR,Canis Lupus Familiaris Hair,"material, not a medicine",GSRS substance class structurallyDiverse
K1:05T3M06HCM,Pteridium Aquilinum Whole,"material, not a medicine",GSRS substance class structurallyDiverse
K1:0601Z4Z0LU,Liriodendron Tulipifera Whole,"material, not a medicine",GSRS substance class structurallyDiverse
K1:063VBA799E,Human Papillomavirus Serotype 16 Whole,"material, not a medicine",GSRS substance class structurallyDiverse
K1:065C5D077J,Sage,"material, not a medicine",GSRS substance class structurallyDiverse
K1:06JI9W529S,Hops Oil,"material, not a medicine",GSRS substance class structurallyDiverse
K1:06JMS448M5,Cymbopogon Citratus Leaf,"material, not a medicine",GSRS substance class structurallyDiverse
K1:06M320D5U9,Asimina Triloba Whole,"material, not a medicine",GSRS substance class structurallyDiverse
K1:06ZPE0373L,Prosopis Cineraria Wood,"material, not a medicine",GSRS substance class structurallyDiverse
K1:072D7X60WS,Panicum Miliaceum Whole,"material, not a medicine",GSRS substance class structurallyDiverse
K1:074P18919S,Sargassum Pallidum,"material, not a medicine",GSRS substance class structurallyDiverse
K1:079XQO23D9,Lilium Lancifolium Whole,"material, not a medicine",GSRS substance class structurallyDiverse
K1:07A108ZKW5,Bassia Scoparia Pollen,"material, not a medicine",GSRS substance class structurallyDiverse
K1:07L86FJ69J,Amaranthus Hybridus Leaf,"material, not a medicine",GSRS substance class structurallyDiverse
K1:07V4DX094T,Elder Flower,"material, not a medicine",GSRS substance class structurallyDiverse
K1:07YL55QKZ9,Carpinus Betulus Flower,"material, not a medicine",GSRS substance class structurallyDiverse
K1:0823G3NGQP,Melaleuca Viridiflora Whole,"material, not a medicine",GSRS substance class structurallyDiverse
K1:086263LQDD,Biancaea Sappan Wood,"material, not a medicine",GSRS substance class structurallyDiverse
K1:08A7Y81S1P,Hieracium Pilosella Flowering Top,"material, not a medicine",GSRS substance class structurallyDiverse
K1:08F85I5YAV,Gastrodia,"material, not a medicine",GSRS substance class structurallyDiverse
K1:08T3N29QJB,Atractylodes Macrocephala Root,"material, not a medicine",GSRS substance class structurallyDiverse
K1:08X0K2M57P,Bos Taurus Bone Marrow,"material, not a medicine",GSRS substance class structurallyDiverse
K1:090CTY533N,Chicory,"material, not a medicine",GSRS substance class structurallyDiverse
K1:092IJ99835,Staphylococcus Haemolyticus,"material, not a medicine",GSRS substance class structurallyDiverse
K1:097FL89535,Colchicum Autumnale Flower,"material, not a medicine",GSRS substance class structurallyDiverse
K1:0980L90RNP,Human Respiratory Syncytial Virus,"material, not a medicine",GSRS substance class structurallyDiverse
K1:098LKX5NCN,Chenopodium Album Pollen,"material, not a medicine",GSRS substance class structurallyDiverse
K1:09N62XQ70Y,Oryctolagus Cuniculus Hair,"material, not a medicine",GSRS substance class structurallyDiverse
K1:09PA36CT5R,Klebsiella Pneumoniae,"material, not a medicine",GSRS substance class structurallyDiverse
K1:0A04Z76C13,Bos Taurus Intervertebral Disc,"material, not a medicine",GSRS substance class structurallyDiverse
K1:0B24UR1O1S,Fraxinus Americana Bark,"material, not a medicine",GSRS substance class structurallyDiverse
K1:0B27814T7X,Cinnamomum Camphora Whole,"material, not a medicine",GSRS substance class structurallyDiverse
K1:0BKP293XE9,Salsola Kali Whole,"material, not a medicine",GSRS substance class structurallyDiverse
K1:0C28EK6VVG,Narcissus Poeticus Whole,"material, not a medicine",GSRS substance class structurallyDiverse
K1:0C5WAA83X5,Amaranthus Cruentus Seed,"material, not a medicine",GSRS substance class structurallyDiverse
K1:0D145J8EME,Aloe Ferox Leaf,"material, not a medicine",GSRS substance class structurallyDiverse
K1:0D65UF0V4W,Wahoo,"material, not a medicine",GSRS substance class structurallyDiverse
K1:0DAF87OMMD,Eleutherococcus Senticosus Root Oil,"material, not a medicine",GSRS substance class structurallyDiverse
K1:0DE9724IHC,Protamine sulfate,"material, not a medicine",GSRS substance class structurallyDiverse
K1:0E250104F5,Kalimeris Indica Whole,"material, not a medicine",GSRS substance class structurallyDiverse
K1:0E49E3V9U6,Citrullus Colocynthis Fruit,"material, not a medicine",GSRS substance class structurallyDiverse
K1:0E5AT8T16U,Oregano,"material, not a medicine",GSRS substance class structurallyDiverse
K1:0E7SS2999Y,Lachnanthes Caroliniana,"material, not a medicine",GSRS substance class structurallyDiverse
K1:0FEX06A7KX,Elaeis Oleifera Kernel Oil,"material, not a medicine",GSRS substance class structurallyDiverse
K1:0FF8N9C1NY,Chard,"material, not a medicine",GSRS substance class structurallyDiverse
K1:0FIE1UZN3V,Alnus Rhombifolia Bark,"material, not a medicine",GSRS substance class structurallyDiverse
K1:0FMD6WV47M,Solanum Nigrum Whole,"material, not a medicine",GSRS substance class structurallyDiverse
K1:0G750PYD4W,Sus Scrofa Adrenal Cortex,"material, not a medicine",GSRS substance class structurallyDiverse
K1:0G82TT8ZFY,Juniperus Scopulorum Pollen,"material, not a medicine",GSRS substance class structurallyDiverse
K1:0H1V4V5V9L,Juniperus Californica Pollen,"material, not a medicine",GSRS substance class structurallyDiverse
K1:0HK2GZK66E,Croton Tiglium Seed,"material, not a medicine",GSRS substance class structurallyDiverse
K1:0HNC1J1YED,Citrus Limon Fruit Oil,"material, not a medicine",GSRS substance class structurallyDiverse
K1:0I353W9H7M,Paeonia X Suffruticosa Seed,"material, not a medicine",GSRS substance class structurallyDiverse
K1:0I77C68AWS,Eastern Oyster,"material, not a medicine",GSRS substance class structurallyDiverse
K1:0IQW001KPE,Hyssopus Officinalis Whole,"material, not a medicine",GSRS substance class structurallyDiverse
K1:0J0X819B3C,Mucor Circinelloides F. Lusitanicus,"material, not a medicine",GSRS substance class structurallyDiverse
K1:0J28O82L6I,Lonicera Canadensis Whole,"material, not a medicine",GSRS substance class structurallyDiverse
K1:0J8NV9V5Q8,Borrelia Burgdorferi,"material, not a medicine",GSRS substance class structurallyDiverse
K1:0JTX26L7CL,Jacaranda Caroba Flower,"material, not a medicine",GSRS substance class structurallyDiverse
K1:0JXZ63016V,Coltsfoot,"material, not a medicine",GSRS substance class structurallyDiverse
K1:0K0S2P98ZJ,Streptococcus Pneumoniae Type 7f Capsular Polysaccharide Diphtheria Crm197 Protein Conjugate Antigen,"material, not a medicine",GSRS substance class structurallyDiverse
K1:0K803ZTV5N,Suaeda Maritima Flowering Top,"material, not a medicine",GSRS substance class structurallyDiverse
K1:0K96FZ8ZI2,Heimia Salicifolia Leaf,"material, not a medicine",GSRS substance class structurallyDiverse
K1:0KD7R09EAS,Prunus Cerasifera Flower,"material, not a medicine",GSRS substance class structurallyDiverse
K1:0KZ676D44N,Candida Parapsilosis,"material, not a medicine",GSRS substance class structurallyDiverse
K1:0L1F17908Q,Ciltacabtagene Autoleucel,"material, not a medicine",GSRS substance class structurallyDiverse
K1:0LFT87M341,Plasmodium Knowlesi,"material, not a medicine",GSRS substance class structurallyDiverse
K1:0LMC25OLZY,Eupatorium Perfoliatum Whole,"material, not a medicine",GSRS substance class structurallyDiverse
K1:0LVY784C09,Poliovirus Type 1 Antigen (FORMALDEHYDE INACTIVATED),"material, not a medicine",GSRS substance class structurallyDiverse
K1:0M6MOQ3BOU,Rickettsia Akari,"material, not a medicine",GSRS substance class structurallyDiverse
K1:0MF1EI01KJ,Angelica Pubescens Root,"material, not a medicine",GSRS substance class structurallyDiverse
K1:0MGE63QPFJ,Populus Nigra Pollen,"material, not a medicine",GSRS substance class structurallyDiverse
K1:0MT70OWS53,Aspidosperma Quebracho-Blanco Root,"material, not a medicine",GSRS substance class structurallyDiverse
K1:0MVO31Q3QS,Cranberry,"material, not a medicine",GSRS substance class structurallyDiverse
K1:0N0F73S1JO,Arctostaphylos Tomentosa Whole,"material, not a medicine",GSRS substance class structurallyDiverse
K1:0N3Z1P4B2W,Pleospora Herbarum,"material, not a medicine",GSRS substance class structurallyDiverse
K1:0N8672707O,Corn,"material, not a medicine",GSRS substance class structurallyDiverse
K1:0O005HD2J8,Bos Taurus Ligament,"material, not a medicine",GSRS substance class structurallyDiverse
K1:0O0H79JKAY,Oxytropis Lambertii Top,"material, not a medicine",GSRS substance class structurallyDiverse
K1:0OO9PG91FF,Capers,"material, not a medicine",GSRS substance class structurallyDiverse
K1:0OOS09O1FH,Nadofaragene firadenovec,"material, not a medicine",GSRS substance class structurallyDiverse
K1:0ORO6NCA4M,Vipera Berus Venom,"material, not a medicine",GSRS substance class structurallyDiverse
K1:0P067WOA1X,Panax Quinquefolius Whole,"material, not a medicine",GSRS substance class structurallyDiverse
K1:0P46LFE4VC,Phleum Pratense,"material, not a medicine",GSRS substance class structurallyDiverse
K1:0P49L952WZ,Andrographis Paniculata Whole,"material, not a medicine",GSRS substance class structurallyDiverse
K1:0P5G9CD0Z7,Alnus Glutinosa Whole,"material, not a medicine",GSRS substance class structurallyDiverse
K1:0P6ERS26LL,Syzygium Aromaticum Fruit,"material, not a medicine",GSRS substance class structurallyDiverse
K1:0PMA62ZZ6X,Rosa Luciae Flowering Top,"material, not a medicine",GSRS substance class structurallyDiverse
K1:0Q3R71D98M,Kokam,"material, not a medicine",GSRS substance class structurallyDiverse
K1:0Q8K841432,Jasmine,"material, not a medicine",GSRS substance class structurallyDiverse
K1:0R4AQI398X,Rye,"material, not a medicine",GSRS substance class structurallyDiverse
K1:0R715588D2,Juniperus Sabina Leaf,"material, not a medicine",GSRS substance class structurallyDiverse
K1:0RT0F1AT47,Elaeagnus Angustifolia Whole,"material, not a medicine",GSRS substance class structurallyDiverse
K1:0S9A4XK1WT,Dabocemagene autoficel,"material, not a medicine",GSRS substance class structurallyDiverse
K1:0SLJ2C1IHA,Bos Taurus Urinary Bladder,"material, not a medicine",GSRS substance class structurallyDiverse
K1:0SVP95L23G,Rubia Tinctorum Root,"material, not a medicine",GSRS substance class structurallyDiverse
K1:0T0DQN8786,Thuja Occidentalis Leaf,"material, not a medicine",GSRS substance class structurallyDiverse
K1:0TUP42692Z,Corydalis Yanhusuo Tuber,"material, not a medicine",GSRS substance class structurallyDiverse
K1:0TVP714IPW,Quercus Acutissima Whole,"material, not a medicine",GSRS substance class structurallyDiverse
K1:0U790UB32K,Citrus Sinensis Pollen,"material, not a medicine",GSRS substance class structurallyDiverse
K1:0UE22Q87VC,Apple Cider Vinegar,"material, not a medicine",GSRS substance class structurallyDiverse
K1:0UNK9RZQ7X,Lingonberry,"material, not a medicine",GSRS substance class structurallyDiverse
K1:0UQK6O82OW,Artemisia Annua Flowering Top,"material, not a medicine",GSRS substance class structurallyDiverse
K1:0UVP9AC86N,Liatris Spicata Root,"material, not a medicine",GSRS substance class structurallyDiverse
K1:0V3J4YEX2W,Ustilago Cynodontis,"material, not a medicine",GSRS substance class structurallyDiverse
K1:0V564J05CA,Camellia Chekiangoleosa Seed Oil,"material, not a medicine",GSRS substance class structurallyDiverse
K1:0VLM3TE44K,Vespula Vulgaris Whole,"material, not a medicine",GSRS substance class structurallyDiverse
K1:0VYG5PVN5Q,Eutrochium Purpureum Root,"material, not a medicine",GSRS substance class structurallyDiverse
K1:0W913N2K5N,Ailanthus Altissima Fruit,"material, not a medicine",GSRS substance class structurallyDiverse
K1:0W9O574LE8,Bromus Ramosus Flower,"material, not a medicine",GSRS substance class structurallyDiverse
K1:0X8Q245Y7B,Chicken,"material, not a medicine",GSRS substance class structurallyDiverse
K1:0XH1TH76XZ,American Chestnut,"material, not a medicine",GSRS substance class structurallyDiverse
K1:0Y3L4J38H1,Kale,"material, not a medicine",GSRS substance class structurallyDiverse
K1:0ZK6G3W3BI,Xanthium Strumarium Var. Canadense Pollen,"material, not a medicine",GSRS substance class structurallyDiverse
K1:0ZQ1D2FDLI,Billygoat Plum,"material, not a medicine",GSRS substance class structurallyDiverse
K1:101I4J0U34,Witch Hazel,"material, not a medicine",GSRS substance class structurallyDiverse
K1:104010O5VU,Angostura Bark,"material, not a medicine",GSRS substance class structurallyDiverse
K1:10464S0TAA,Teucrium Marum,"material, not a medicine",GSRS substance class structurallyDiverse
K1:1085871XJA,Pine Nut,"material, not a medicine",GSRS substance class structurallyDiverse
K1:10AX0OV0LC,Bartonella Clarridgeiae DNA,"material, not a medicine",GSRS substance class structurallyDiverse
K1:10T15Y9F0M,Astragalus Gummifer Root,"material, not a medicine",GSRS substance class structurallyDiverse
K1:10TCS27K2T,Prunus Armeniaca Whole,"material, not a medicine",GSRS substance class structurallyDiverse
K1:112YH1ZMX2,Lima Bean,"material, not a medicine",GSRS substance class structurallyDiverse
K1:1162N20M3O,Lupinus Elegans Whole,"material, not a medicine",GSRS substance class structurallyDiverse
K1:1178E5679M,Dianthus Superbus Flowering Top,"material, not a medicine",GSRS substance class structurallyDiverse
K1:118OYG6W3H,Sus Scrofa Umbilical Cord,"material, not a medicine",GSRS substance class structurallyDiverse
K1:11982A05XX,Taraxacum Sinicum Whole,"material, not a medicine",GSRS substance class structurallyDiverse
K1:11B89M58UN,Amaryllis Belladonna Whole,"material, not a medicine",GSRS substance class structurallyDiverse
K1:11E6VI8VEG,Phytolacca Americana Root,"material, not a medicine",GSRS substance class structurallyDiverse
K1:11I0GD34ZJ,Draba Verna Whole,"material, not a medicine",GSRS substance class structurallyDiverse
K1:11JCK302I4,Canis Lupus Familiaris Dander,"material, not a medicine",GSRS substance class structurallyDiverse
K1:11R319D14O,Millettia Pinnata Whole,"material, not a medicine",GSRS substance class structurallyDiverse
K1:11T9HCO30O,Proteus Vulgaris,"material, not a medicine",GSRS substance class structurallyDiverse
K1:123C43G128,Zedoary,"material, not a medicine",GSRS substance class structurallyDiverse
K1:123T84GFBH,Melilotus Albus Top,"material, not a medicine",GSRS substance class structurallyDiverse
K1:128UH9LOAE,Broccoli Sprout,"material, not a medicine",GSRS substance class structurallyDiverse
K1:12958C0BR3,Thuja Occidentalis Root,"material, not a medicine",GSRS substance class structurallyDiverse
K1:12F08874Y7,Citrus Paradisi Seed,"material, not a medicine",GSRS substance class structurallyDiverse
K1:12M71ST1GZ,Secale Cereale Whole,"material, not a medicine",GSRS substance class structurallyDiverse
K1:12MCS4H09N,Quince,"material, not a medicine",GSRS substance class structurallyDiverse
K1:12SEC09GR1,Bos Taurus Tonsil,"material, not a medicine",GSRS substance class structurallyDiverse
K1:12ZC3K09X7#tuna,Yellowfin Tuna,"material, not a medicine",GSRS substance class structurallyDiverse
K1:1314JZ2X6W,Influenza B Virus,"material, not a medicine",GSRS substance class structurallyDiverse
K1:1341ZC68MK,Mentha Suaveolens Leaf,"material, not a medicine",GSRS substance class structurallyDiverse
K1:137PC46F89,Epimedium Grandiflorum Top,"material, not a medicine",GSRS substance class structurallyDiverse
K1:13811K7P3X,"Casein, Emmental Cultured","material, not a medicine",GSRS substance class structurallyDiverse
K1:138LUT2DWV,Cauliflower,"material, not a medicine",GSRS substance class structurallyDiverse
K1:138TJ2U1SD,Issatchenkia Orientalis Whole,"material, not a medicine",GSRS substance class structurallyDiverse
K1:13H90KC831,VIAGENPUMATUCEL-L,"material, not a medicine",GSRS substance class structurallyDiverse
K1:13KFG30UBR,Iva Axillaris Pollen,"material, not a medicine",GSRS substance class structurallyDiverse
K1:13TE483N5I,Wine,"material, not a medicine",GSRS substance class structurallyDiverse
K1:147AL91LPR,Ilex Aquifolium Fruiting Top,"material, not a medicine",GSRS substance class structurallyDiverse
K1:14BZI1Z096,Ranunculus Glacialis Whole,"material, not a medicine",GSRS substance class structurallyDiverse
K1:14ZY3JP7M6,Helicobacter Pylori DNA,"material, not a medicine",GSRS substance class structurallyDiverse
K1:151F45R21P,Parthenium Hysterophorus,"material, not a medicine",GSRS substance class structurallyDiverse
K1:15430747KF,Streptomyces Fradiae,"material, not a medicine",GSRS substance class structurallyDiverse
K1:154QC2322L,Betula Pubescens Whole,"material, not a medicine",GSRS substance class structurallyDiverse
K1:1564HD0N96,Felis Catus Hair,"material, not a medicine",GSRS substance class structurallyDiverse
K1:15E04LZ9CT,Enterococcus Faecalis,"material, not a medicine",GSRS substance class structurallyDiverse
K1:15E7C67EE8,Laminaria Digitata,"material, not a medicine",GSRS substance class structurallyDiverse
K1:15L060HV8H,Juniperus Osteosperma Pollen,"material, not a medicine",GSRS substance class structurallyDiverse
K1:15V0BLB71G,Apium Graveolens Whole,"material, not a medicine",GSRS substance class structurallyDiverse
K1:15W490729X,Prevotella Intermedia,"material, not a medicine",GSRS substance class structurallyDiverse
K1:15W81V867R,Rhodotorula Rubra,"material, not a medicine",GSRS substance class structurallyDiverse
K1:15XI414745,Anser Anser Feather,"material, not a medicine",GSRS substance class structurallyDiverse
K1:168S4EO8YJ,Ascophyllum Nodosum,"material, not a medicine",GSRS substance class structurallyDiverse
K1:16902YVY2B,Podophyllum Resin,"material, not a medicine",GSRS substance class structurallyDiverse
K1:1693AM5SBN,Danshen,"material, not a medicine",GSRS substance class structurallyDiverse
K1:16D08B0B9N,Erigeron Canadensis,"material, not a medicine",GSRS substance class structurallyDiverse
K1:16I9IX46F2,Human Herpesvirus 8,"material, not a medicine",GSRS substance class structurallyDiverse
K1:16M9MK8C4W,Capra Hircus Hair,"material, not a medicine",GSRS substance class structurallyDiverse
K1:16Z04YR6FK,Citrobacter Freundii,"material, not a medicine",GSRS substance class structurallyDiverse
K1:175F461W10,Cynodon Dactylon Pollen,"material, not a medicine",GSRS substance class structurallyDiverse
K1:17A930VR0G,Adonis Vernalis Flowering Top,"material, not a medicine",GSRS substance class structurallyDiverse
K1:17B4I9SE7R,Calotropis Gigantea,"material, not a medicine",GSRS substance class structurallyDiverse
K1:17Q05812N1,Pinus Nigra Pollen,"material, not a medicine",GSRS substance class structurallyDiverse
K1:17RH99LQ7G,Mucor Racemosus,"material, not a medicine",GSRS substance class structurallyDiverse
K1:181JI0338P,Ruta Graveolens Whole,"material, not a medicine",GSRS substance class structurallyDiverse
K1:1824QUA0U3,Fraxinus Excelsior Pollen,"material, not a medicine",GSRS substance class structurallyDiverse
K1:1842H27PGA,Pheretima Aspergillum,"material, not a medicine",GSRS substance class structurallyDiverse
K1:18E7415PXQ,Calendula Officinalis Flowering Top,"material, not a medicine",GSRS substance class structurallyDiverse
K1:18J93016IT,Betula Pendula Whole,"material, not a medicine",GSRS substance class structurallyDiverse
K1:18X4G0SE73,Melia Azedarach Whole,"material, not a medicine",GSRS substance class structurallyDiverse
K1:190Q9MB3U3,Bos Taurus Spleen,"material, not a medicine",GSRS substance class structurallyDiverse
K1:192426I5JU,Erythranthe Guttata Flowering Top,"material, not a medicine",GSRS substance class structurallyDiverse
K1:1948X6KEG3,Babesia Microti,"material, not a medicine",GSRS substance class structurallyDiverse
K1:197B3Q7T5Q,Veratrum Viride Root,"material, not a medicine",GSRS substance class structurallyDiverse
K1:19988ORO24,Field Mushroom,"material, not a medicine",GSRS substance class structurallyDiverse
K1:199I7J3JIV,Trichophyton Mentagrophytes,"material, not a medicine",GSRS substance class structurallyDiverse
K1:19AH1RAF4M,Lavandula Angustifolia Flower,"material, not a medicine",GSRS substance class structurallyDiverse
K1:19FUJ2C58T,Ginkgo,"material, not a medicine",GSRS substance class structurallyDiverse
K1:19GWB0JENH,Prunus Persica Flower,"material, not a medicine",GSRS substance class structurallyDiverse
K1:19MU22KQ26,Picrorhiza Kurroa Whole,"material, not a medicine",GSRS substance class structurallyDiverse
K1:19Q34QZ03Z,Populus Trichocarpa Whole,"material, not a medicine",GSRS substance class structurallyDiverse
K1:19RAD88E6O,Thuja Occidentalis Bark,"material, not a medicine",GSRS substance class structurallyDiverse
K1:1A0769Q0NA,Rhopalurus Princeps Venom,"material, not a medicine",GSRS substance class structurallyDiverse
K1:1A3CS89UKD,Ligustrum Lucidum Seed,"material, not a medicine",GSRS substance class structurallyDiverse
K1:1A64QN2D2F,Shiitake Mushroom,"material, not a medicine",GSRS substance class structurallyDiverse
K1:1AEY1M553N,Mentha Arvensis Leaf Oil,"material, not a medicine",GSRS substance class structurallyDiverse
K1:1AKM860CX4,Daphne Mezereum Whole,"material, not a medicine",GSRS substance class structurallyDiverse
K1:1AWP0DKL4I,Human Hair,"material, not a medicine",GSRS substance class structurallyDiverse
K1:1B1CMC06QJ,Quercus Robur Wood,"material, not a medicine",GSRS substance class structurallyDiverse
K1:1BEM3U6LQQ,Rehmannia Glutinosa Root,"material, not a medicine",GSRS substance class structurallyDiverse
K1:1BTG48T6EA,Iva Angustifolia Whole,"material, not a medicine",GSRS substance class structurallyDiverse
K1:1BV28146ZR,Juglans Nigra Pollen,"material, not a medicine",GSRS substance class structurallyDiverse
K1:1C89KKC04E,Kerosene,"material, not a medicine",GSRS substance class structurallyDiverse
K1:1C8T78BD9Q,Sus Scrofa Meniscus,"material, not a medicine",GSRS substance class structurallyDiverse
K1:1CTB7R80VI,Harpagophytum Zeyheri Root,"material, not a medicine",GSRS substance class structurallyDiverse
K1:1D5HJN5DG4,Epimedium Brevicornu Top,"material, not a medicine",GSRS substance class structurallyDiverse
K1:1DBN9N0FWJ,Prunus Dulcis Flower,"material, not a medicine",GSRS substance class structurallyDiverse
K1:1DI56QDM62,"Lecithin, Soybean","material, not a medicine",GSRS substance class structurallyDiverse
K1:1DP6Y6B65Z,Equisetum Arvense Top,"material, not a medicine",GSRS substance class structurallyDiverse
K1:1EP6R5562J,Shigella Dysenteriae,"material, not a medicine",GSRS substance class structurallyDiverse
K1:1EU532DCW4,Monascus Purpureus,"material, not a medicine",GSRS substance class structurallyDiverse
K1:1F8VIW1479,Cola Acuminata Seed,"material, not a medicine",GSRS substance class structurallyDiverse
K1:1FCM16V0FV,Gallus Gallus Feather,"material, not a medicine",GSRS substance class structurallyDiverse
K1:1FG47O9LG5,Corchorus Olitorius Leaf,"material, not a medicine",GSRS substance class structurallyDiverse
K1:1FH355G8HF,Fraxinus Latifolia Pollen,"material, not a medicine",GSRS substance class structurallyDiverse
K1:1FT87R544S,Dipsacus Fullonum Whole,"material, not a medicine",GSRS substance class structurallyDiverse
K1:1G1EAA320L,Celery Seed,"material, not a medicine",GSRS substance class structurallyDiverse
K1:1G5HNE09V8,Zea Mays Subsp. Mays Whole,"material, not a medicine",GSRS substance class structurallyDiverse
K1:1G73Z7H22I,Pteris Ensiformis Whole,"material, not a medicine",GSRS substance class structurallyDiverse
K1:1GH3WV23KH,Amaranthus Palmeri Pollen,"material, not a medicine",GSRS substance class structurallyDiverse
K1:1H23589PLJ,Mitchella Repens,"material, not a medicine",GSRS substance class structurallyDiverse
K1:1I4Z17WN0D,Pandanus Tectorius Root,"material, not a medicine",GSRS substance class structurallyDiverse
K1:1IEK4UDP5M,Stemphylium Solani,"material, not a medicine",GSRS substance class structurallyDiverse
K1:1KE45XD28S,Cichorium Intybus Whole,"material, not a medicine",GSRS substance class structurallyDiverse
K1:1L0VKZ185E,Equisetum Arvense Branch,"material, not a medicine",GSRS substance class structurallyDiverse
K1:1L29G6428X,Sour Cherry,"material, not a medicine",GSRS substance class structurallyDiverse
K1:1L6FS9X8O1,Human Herpesvirus 7,"material, not a medicine",GSRS substance class structurallyDiverse
K1:1L8K0593B6,Quillaja Saponaria Wood,"material, not a medicine",GSRS substance class structurallyDiverse
K1:1L922R9NG2,Corn Bran,"material, not a medicine",GSRS substance class structurallyDiverse
K1:1LIB31N73G,Mung Bean,"material, not a medicine",GSRS substance class structurallyDiverse
K1:1LS938417A,Stachyurus Chinensis Whole,"material, not a medicine",GSRS substance class structurallyDiverse
K1:1LZ13MQR0S,Frangula Californica Bark,"material, not a medicine",GSRS substance class structurallyDiverse
K1:1M529TNT1D,Bos Taurus Pancreas,"material, not a medicine",GSRS substance class structurallyDiverse
K1:1MV1Z7MKVQ,Glycyrrhiza Inflata Root,"material, not a medicine",GSRS substance class structurallyDiverse
K1:1N8KG72C5M,Ledum Palustre Whole,"material, not a medicine",GSRS substance class structurallyDiverse
K1:1NM3M2487K,Strychnos Ignatii Seed,"material, not a medicine",GSRS substance class structurallyDiverse
K1:1NT28V9397,Thuja Occidentalis Leafy Twig,"material, not a medicine",GSRS substance class structurallyDiverse
K1:1O11RD9U53,Acmella Oleracea Flowering Top,"material, not a medicine",GSRS substance class structurallyDiverse
K1:1OV56052IK,Coriander,"material, not a medicine",GSRS substance class structurallyDiverse
K1:1OYM338E89,Devil's Claw,"material, not a medicine",GSRS substance class structurallyDiverse
K1:1P1OT1MFZ9,Periplaneta Australasiae,"material, not a medicine",GSRS substance class structurallyDiverse
K1:1P66FXU2MW,Bos Taurus Prostate Gland,"material, not a medicine",GSRS substance class structurallyDiverse
K1:1PIP394IID,"Spongia Officinalis Skeleton, Roasted","material, not a medicine",GSRS substance class structurallyDiverse
K1:1PRR1V42V5,Lactobacillus Acidophilus,"material, not a medicine",GSRS substance class structurallyDiverse
K1:1Q84T0P2G3,Juniper Tar,"material, not a medicine",GSRS substance class structurallyDiverse
K1:1Q953B4O4F,Mate,"material, not a medicine",GSRS substance class structurallyDiverse
K1:1QBV21VOZI,Alpinia Oxyphylla Fruit,"material, not a medicine",GSRS substance class structurallyDiverse
K1:1RA4P35F0I,Veronicastrum Virginicum Whole,"material, not a medicine",GSRS substance class structurallyDiverse
K1:1SB49SV239,Penicillium Digitatum,"material, not a medicine",GSRS substance class structurallyDiverse
K1:1SNM7Q6O5Y,Carpinus Caroliniana Whole,"material, not a medicine",GSRS substance class structurallyDiverse
K1:1SYA8HK01B,Clitoria Ternatea Flower,"material, not a medicine",GSRS substance class structurallyDiverse
K1:1T0HU649UI,New Jersey Tea,"material, not a medicine",GSRS substance class structurallyDiverse
K1:1TH8Q20J0U,Berberis Vulgaris Root Bark,"material, not a medicine",GSRS substance class structurallyDiverse
K1:1TI1O9028K,Euphorbia Resinifera Resin,"material, not a medicine",GSRS substance class structurallyDiverse
K1:1U601HV1HW,Common Shrimp,"material, not a medicine",GSRS substance class structurallyDiverse
K1:1UEC056CS0,Eupatorium Cannabinum Whole,"material, not a medicine",GSRS substance class structurallyDiverse
K1:1V3SHR7QB7,English Walnut,"material, not a medicine",GSRS substance class structurallyDiverse
K1:1V63N2S972,Angelica Dahurica Root,"material, not a medicine",GSRS substance class structurallyDiverse
K1:1VDG5Y5HS6,Reynoutria Japonica Whole,"material, not a medicine",GSRS substance class structurallyDiverse
K1:1VH544O5AT,Copaifera Officinalis Resin,"material, not a medicine",GSRS substance class structurallyDiverse
K1:1W0775VX6E,Eupatorium Perfoliatum Flowering Top,"material, not a medicine",GSRS substance class structurallyDiverse
K1:1WZA4Y92EX,Petroselinum Crispum,"material, not a medicine",GSRS substance class structurallyDiverse
K1:1X0T378SXY,Lonicera Caprifolium Flowering Top,"material, not a medicine",GSRS substance class structurallyDiverse
K1:1X259JGO78,Moraxella Catarrhalis Subsp. Catarrhalis,"material, not a medicine",GSRS substance class structurallyDiverse
K1:1XCH439UQR,Human Milk,"material, not a medicine",GSRS substance class structurallyDiverse
K1:1XSC3BB35Z,Penicillium Expansum,"material, not a medicine",GSRS substance class structurallyDiverse
K1:1XY644QKWG,Melopsittacus Undulatus Feather,"material, not a medicine",GSRS substance class structurallyDiverse
K1:1Z74184RGV,Egg Phospholipids,"material, not a medicine",GSRS substance class structurallyDiverse
K1:1ZL82U5D18,Asclepias Tuberosa Root,"material, not a medicine",GSRS substance class structurallyDiverse
K1:1ZX4OXU3N6,Avena Sativa Top,"material, not a medicine",GSRS substance class structurallyDiverse
K1:2004Q810JO,Sus Scrofa Ligament,"material, not a medicine",GSRS substance class structurallyDiverse
K1:2042VC712P,Physalis Alkekengi Fruit,"material, not a medicine",GSRS substance class structurallyDiverse
K1:205JZ3JIKD,Cytisus Scoparius Flower,"material, not a medicine",GSRS substance class structurallyDiverse
K1:205MXS71H7,Salix Alba Bark,"material, not a medicine",GSRS substance class structurallyDiverse
K1:2064U29D4Y,Indian Ipecac,"material, not a medicine",GSRS substance class structurallyDiverse
K1:206PI19V7R,Avena Sativa Leaf,"material, not a medicine",GSRS substance class structurallyDiverse
K1:2072U60DUI,Neurospora Intermedia,"material, not a medicine",GSRS substance class structurallyDiverse
K1:20E4R0BF12,avalotcagene ontaparvovec,"material, not a medicine",GSRS substance class structurallyDiverse
K1:20OK4AFR4Y,Alipogene tiparvovec,"material, not a medicine",GSRS substance class structurallyDiverse
K1:20ZOM5K94D,Ptychopetalum Olacoides Root,"material, not a medicine",GSRS substance class structurallyDiverse
K1:2147EPR64I,Juglans Californica Pollen,"material, not a medicine",GSRS substance class structurallyDiverse
K1:216V7S21BH,Eichhornia Crassipes Whole,"material, not a medicine",GSRS substance class structurallyDiverse
K1:21AF0IHY5U,Fagus Sylvatica Flowering Top,"material, not a medicine",GSRS substance class structurallyDiverse
K1:21C2F5E8RE,Anise,"material, not a medicine",GSRS substance class structurallyDiverse
K1:21L92F0HMH,Impatiens Glandulifera Whole,"material, not a medicine",GSRS substance class structurallyDiverse
K1:21MID214D4,Schinus Terebinthifolia Pollen,"material, not a medicine",GSRS substance class structurallyDiverse
K1:21W82Q764G,Rosa Damascena Flowering Top,"material, not a medicine",GSRS substance class structurallyDiverse
K1:21Y9GZ1LZA,Cypripedium Parviflorum Var. Pubescens Root,"material, not a medicine",GSRS substance class structurallyDiverse
K1:2218S6BEDD,Horse,"material, not a medicine",GSRS substance class structurallyDiverse
K1:22E66I250J,Vitis Vinifera Whole,"material, not a medicine",GSRS substance class structurallyDiverse
K1:22G38P19RL,Human Herpesvirus 1,"material, not a medicine",GSRS substance class structurallyDiverse
K1:22TCU7HE9E,Pomlucabtagene autoleucel,"material, not a medicine",GSRS substance class structurallyDiverse
K1:22Z32PWR7R,Corallium Rubrum Whole,"material, not a medicine",GSRS substance class structurallyDiverse
K1:23036553F6,Streptococcus Pneumoniae Type 18c Capsular Polysaccharide Antigen,"material, not a medicine",GSRS substance class structurallyDiverse
K1:231473QB6R,Watermelon,"material, not a medicine",GSRS substance class structurallyDiverse
K1:232DMH0XVF,Cupressus Arizonica Pollen,"material, not a medicine",GSRS substance class structurallyDiverse
K1:232L6DS3Y4,Urtica Dioica Subsp. Dioica Leaf,"material, not a medicine",GSRS substance class structurallyDiverse
K1:2331W47PSX,Aesculus Hippocastanum Whole,"material, not a medicine",GSRS substance class structurallyDiverse
K1:236YGP181O,Human Rotavirus A Type G3P7(5) Strain WI78 Live Antigen,"material, not a medicine",GSRS substance class structurallyDiverse
K1:238RQ26259,Gardnerella Vaginalis,"material, not a medicine",GSRS substance class structurallyDiverse
K1:23CVL7WF4J,Human Papillomavirus,"material, not a medicine",GSRS substance class structurallyDiverse
K1:23H32AOH17,Citrullus Colocynthis Fruit Pulp,"material, not a medicine",GSRS substance class structurallyDiverse
K1:23H70FYJ5U,Betula Populifolia Pollen,"material, not a medicine",GSRS substance class structurallyDiverse
K1:23JE9KDF4R,Poliovirus Type 2 Antigen (FORMALDEHYDE INACTIVATED),"material, not a medicine",GSRS substance class structurallyDiverse
K1:23NL8NQ187,Cornus Officinalis Fruit,"material, not a medicine",GSRS substance class structurallyDiverse
K1:23PJ4252VL,Sus Scrofa Diencephalon,"material, not a medicine",GSRS substance class structurallyDiverse
K1:23Z87HTQ6P,Opuntia Ficus-Indica Whole,"material, not a medicine",GSRS substance class structurallyDiverse
K1:241ATL177A,Soybean Oil,"material, not a medicine",GSRS substance class structurallyDiverse
K1:242A53RB80,Aspergillus Nidulans,"material, not a medicine",GSRS substance class structurallyDiverse
K1:2458J91U39,Glechoma Hederacea Flowering Top,"material, not a medicine",GSRS substance class structurallyDiverse
K1:2496VW6S9J,Sedum Acre,"material, not a medicine",GSRS substance class structurallyDiverse
K1:24A0VB48CA,Alnus Glutinosa Bark,"material, not a medicine",GSRS substance class structurallyDiverse
K1:24HBF856C8,"Egg Shell, Cooked","material, not a medicine",GSRS substance class structurallyDiverse
K1:24K790T39B,Pulsatilla Montana Whole,"material, not a medicine",GSRS substance class structurallyDiverse
K1:24Q8LJQ6Y2,Rivunatpagene miziparvovec,"material, not a medicine",GSRS substance class structurallyDiverse
K1:24RS0A988O,Lemon,"material, not a medicine",GSRS substance class structurallyDiverse
K1:24SO2J296O,Acacia Longifolia Pollen,"material, not a medicine",GSRS substance class structurallyDiverse
K1:24V7GNT6V5,Eleutherococcus Senticosus Stem,"material, not a medicine",GSRS substance class structurallyDiverse
K1:2510RH3I89,Sus Scrofa Vein,"material, not a medicine",GSRS substance class structurallyDiverse
K1:253A0356PN,Sus Scrofa Capillary Tissue,"material, not a medicine",GSRS substance class structurallyDiverse
K1:253B88SCZ4,Garcinia,"material, not a medicine",GSRS substance class structurallyDiverse
K1:257GC6QO0Q,Leymus Condensatus Pollen,"material, not a medicine",GSRS substance class structurallyDiverse
K1:2595C75F1P,Sus Scrofa Uterus,"material, not a medicine",GSRS substance class structurallyDiverse
K1:25B1Y14T8N,Ceanothus Americanus Leaf,"material, not a medicine",GSRS substance class structurallyDiverse
K1:25B9S57F3D,Ruellia Simplex Whole,"material, not a medicine",GSRS substance class structurallyDiverse
K1:25CKM33EOX,Epigaea Repens,"material, not a medicine",GSRS substance class structurallyDiverse
K1:25IMQ489AW,Androctonus Australis Venom,"material, not a medicine",GSRS substance class structurallyDiverse
K1:25N8E57V6T,Streptococcus Pneumoniae Type 23f Capsular Polysaccharide Diphtheria Crm197 Protein Conjugate Antigen,"material, not a medicine",GSRS substance class structurallyDiverse
K1:25P9H3QU5E,Citrus Reticulata Fruit Oil,"material, not a medicine",GSRS substance class structurallyDiverse
K1:25VC15141Q,Human Rotavirus A Type G1P7(5) Strain WI79 Live Antigen,"material, not a medicine",GSRS substance class structurallyDiverse
K1:25VR943RPP,White Mustard,"material, not a medicine",GSRS substance class structurallyDiverse
K1:26473073GC,Sulglicotide,"material, not a medicine",GSRS substance class structurallyDiverse
K1:267F5Y81NT,Coconut Water,"material, not a medicine",GSRS substance class structurallyDiverse
K1:267H8I71ZT,Bacillus CALMETTE-GUERIN Substrain Tokyo 172-1 Live Antigen,"material, not a medicine",GSRS substance class structurallyDiverse
K1:267PZ9316M,Common Periwinkle,"material, not a medicine",GSRS substance class structurallyDiverse
K1:268IL53Q7O,Lactobacillus Brevis,"material, not a medicine",GSRS substance class structurallyDiverse
K1:269CJD5GZ9,Apricot,"material, not a medicine",GSRS substance class structurallyDiverse
K1:269XH13919,Nux Vomica,"material, not a medicine",GSRS substance class structurallyDiverse
K1:26I94X9A1K,Bellis Perennis Flower,"material, not a medicine",GSRS substance class structurallyDiverse
K1:26U0BU8G83,Atriplex Canescens Pollen,"material, not a medicine",GSRS substance class structurallyDiverse
K1:26ZE1BZ2US,Pilocarpus Jaborandi Leaf,"material, not a medicine",GSRS substance class structurallyDiverse
K1:270AG5WWGC,Physalis Virginiana Whole,"material, not a medicine",GSRS substance class structurallyDiverse
K1:2711I21VE5,Tannic Acid (QUERCUS Infectoria NUTGALL),"material, not a medicine",GSRS substance class structurallyDiverse
K1:276X2YNL0K,Rubus Idaeus Fruit Volatile Oil,"material, not a medicine",GSRS substance class structurallyDiverse
K1:2774MIM2V7,Chinese Chestnut,"material, not a medicine",GSRS substance class structurallyDiverse
K1:27793ZFD2L,Black Carrot,"material, not a medicine",GSRS substance class structurallyDiverse
K1:277KBB5IW5,Cicada Periostracum,"material, not a medicine",GSRS substance class structurallyDiverse
K1:2788Z9758H,Glycyrrhiza Glabra,"material, not a medicine",GSRS substance class structurallyDiverse
K1:2866QMZ434,Phellodendron Chinensis Bark,"material, not a medicine",GSRS substance class structurallyDiverse
K1:287VJO13M9,Salix Purpurea Bark,"material, not a medicine",GSRS substance class structurallyDiverse
K1:28B8477RCE,Cercis Siliquastrum Whole,"material, not a medicine",GSRS substance class structurallyDiverse
K1:28D6K7E9IP,Helianthus Annuus Pollen,"material, not a medicine",GSRS substance class structurallyDiverse
K1:28M1820ACT,Artemisia Cina Flower,"material, not a medicine",GSRS substance class structurallyDiverse
K1:28ON068RWM,Duck,"material, not a medicine",GSRS substance class structurallyDiverse
K1:28WIH9KKYG,Bos Taurus Limbic System,"material, not a medicine",GSRS substance class structurallyDiverse
K1:29104Z8OW7,Quercus Agrifolia Whole,"material, not a medicine",GSRS substance class structurallyDiverse
K1:291P45F896,Egg,"material, not a medicine",GSRS substance class structurallyDiverse
K1:291PPU5K9I,Scleromitrion Diffusum Whole,"material, not a medicine",GSRS substance class structurallyDiverse
K1:2944357O2O,Tragacanth,"material, not a medicine",GSRS substance class structurallyDiverse
K1:294L626TT0,Quercus Velutina Pollen,"material, not a medicine",GSRS substance class structurallyDiverse
K1:2983RA66TS,Ophiopogon Japonicus Whole,"material, not a medicine",GSRS substance class structurallyDiverse
K1:29CA62712F,Pediculus Humanus Var. Capitis,"material, not a medicine",GSRS substance class structurallyDiverse
K1:29CIF30B1Z,Chinese Yam,"material, not a medicine",GSRS substance class structurallyDiverse
K1:29NJ4M748Q,Aratinga Erythrogenys Feather,"material, not a medicine",GSRS substance class structurallyDiverse
K1:29NVY5MR1A,Pulsatilla Pratensis Flowering Top,"material, not a medicine",GSRS substance class structurallyDiverse
K1:29SUH5R3HU,Rancid Beef,"material, not a medicine",GSRS substance class structurallyDiverse
K1:2A26YW7PNX,Human Herpesvirus 4,"material, not a medicine",GSRS substance class structurallyDiverse
K1:2A64U81OQ3,Ailanthus Altissima Pollen,"material, not a medicine",GSRS substance class structurallyDiverse
K1:2A6D37HK4A,Justicia Spicigera Leaf,"material, not a medicine",GSRS substance class structurallyDiverse
K1:2A88ZO081O,Pineapple,"material, not a medicine",GSRS substance class structurallyDiverse
K1:2A8I57T4MX,Solanum Tuberosum,"material, not a medicine",GSRS substance class structurallyDiverse
K1:2A9PW94VJX,Aconitum Carmichaeli Lateral Root,"material, not a medicine",GSRS substance class structurallyDiverse
K1:2AHE793C13,Trillium Chloropetalum Whole,"material, not a medicine",GSRS substance class structurallyDiverse
K1:2B3763S671,Streptococcus Agalactiae,"material, not a medicine",GSRS substance class structurallyDiverse
K1:2C1F12C6AP,Limosilactobacillus Fermentum,"material, not a medicine",GSRS substance class structurallyDiverse
K1:2C6A9NH2Z8,Lovotibeglogene autotemcel,"material, not a medicine",GSRS substance class structurallyDiverse
K1:2C839WQ03N,Pellitory-Of-The-Wall,"material, not a medicine",GSRS substance class structurallyDiverse
K1:2CA71K0DLE,Corallium Rubrum Exoskeleton,"material, not a medicine",GSRS substance class structurallyDiverse
K1:2DF0NS0O2Z,Platycodon Grandiflorum Root,"material, not a medicine",GSRS substance class structurallyDiverse
K1:2DGH0N5419,Chlorella Minutissima,"material, not a medicine",GSRS substance class structurallyDiverse
K1:2DQE8SE78C,Black Raspberry,"material, not a medicine",GSRS substance class structurallyDiverse
K1:2E1M7F958B,Streptococcus Pneumoniae Type 19f Capsular Polysaccharide Diphtheria Crm197 Protein Conjugate Antigen,"material, not a medicine",GSRS substance class structurallyDiverse
K1:2E32821G6I,"Oyster Shell Calcium CARBONATE, Crude","material, not a medicine",GSRS substance class structurallyDiverse
K1:2EIQ8686WC,Enterobacter Aerogenes,"material, not a medicine",GSRS substance class structurallyDiverse
K1:2EMS3QFX65,Echinacea Purpurea Flowering Top,"material, not a medicine",GSRS substance class structurallyDiverse
K1:2F92409L9Z,Apocynum Cannabinum Root,"material, not a medicine",GSRS substance class structurallyDiverse
K1:2FCJ9QNJ7O,Eriobotrya Japonica Whole,"material, not a medicine",GSRS substance class structurallyDiverse
K1:2FFJ8WJ6EM,Pritebegene zepadenovec,"material, not a medicine",GSRS substance class structurallyDiverse
K1:2FGT9T2SQC,Abies Balsamea Leaf Oil,"material, not a medicine",GSRS substance class structurallyDiverse
K1:2FV55IRB5B,Phoenix Dactylifera Pollen,"material, not a medicine",GSRS substance class structurallyDiverse
K1:2FXJ6SW4PK,Achillea Millefolium,"material, not a medicine",GSRS substance class structurallyDiverse
K1:2G74ILK8G4,Delphinium Ajacis Seed,"material, not a medicine",GSRS substance class structurallyDiverse
K1:2GNP7PE0CG,Dazagamglogene autogedtemcel,"material, not a medicine",GSRS substance class structurallyDiverse
K1:2GQP5Q33SQ,Coin-Leaf Desmodium,"material, not a medicine",GSRS substance class structurallyDiverse
K1:2GYP0LIJ8Z,Descurainia Sophia Seed,"material, not a medicine",GSRS substance class structurallyDiverse
K1:2H03479QVR,Chickweed,"material, not a medicine",GSRS substance class structurallyDiverse
K1:2H1576D5WG,Sarsaparilla,"material, not a medicine",GSRS substance class structurallyDiverse
K1:2H2969OLVD,Lactucarium,"material, not a medicine",GSRS substance class structurallyDiverse
K1:2HA12BTZ65,Sus Scrofa Fallopian Tube,"material, not a medicine",GSRS substance class structurallyDiverse
K1:2HEM73YI9I,Pinus Sylvestris Flowering Top,"material, not a medicine",GSRS substance class structurallyDiverse
K1:2HI4019I96,Lysimachia Christinae Whole,"material, not a medicine",GSRS substance class structurallyDiverse
K1:2HU33I03UY,Bellis Perennis,"material, not a medicine",GSRS substance class structurallyDiverse
K1:2I1RTO1MBR,Beef Lung,"material, not a medicine",GSRS substance class structurallyDiverse
K1:2I2A73IYL7,Pogostemon Cablin Top,"material, not a medicine",GSRS substance class structurallyDiverse
K1:2I30IJ24E8,Mus Musculus Hair,"material, not a medicine",GSRS substance class structurallyDiverse
K1:2IN23YUE0I,Penicillium Glabrum,"material, not a medicine",GSRS substance class structurallyDiverse
K1:2JFK226947,Quercus Robur Twig Bark,"material, not a medicine",GSRS substance class structurallyDiverse
K1:2JYC99Q0WZ,Artemisia Argyi Leaf,"material, not a medicine",GSRS substance class structurallyDiverse
K1:2K524Y8G0J,"BLOOD CELLS, RED","material, not a medicine",GSRS substance class structurallyDiverse
K1:2KBE35NE8S,Sus Scrofa Parathyroid Gland,"material, not a medicine",GSRS substance class structurallyDiverse
K1:2KIK19R45Y,Anthoxanthum Odoratum Pollen,"material, not a medicine",GSRS substance class structurallyDiverse
K1:2LQ0UUW8IN,Natural Latex Rubber,"material, not a medicine",GSRS substance class structurallyDiverse
K1:2M6X9U918C,Carapichea Ipecacuanha Whole,"material, not a medicine",GSRS substance class structurallyDiverse
K1:2MBR3KL7IN,Myosotis Sylvatica Flowering Top,"material, not a medicine",GSRS substance class structurallyDiverse
K1:2MEL770SC5,Sophora Alopecuroides Whole,"material, not a medicine",GSRS substance class structurallyDiverse
K1:2MGG3XW1L2,Streptococcus Pneumoniae Type 33f Capsular Polysaccharide Antigen,"material, not a medicine",GSRS substance class structurallyDiverse
K1:2MH135KC6G,Salsola Kali Pollen,"material, not a medicine",GSRS substance class structurallyDiverse
K1:2MJ724W91Q,Teucrium Scorodonia Whole,"material, not a medicine",GSRS substance class structurallyDiverse
K1:2MT5XMR2YW,Spanish Chestnut,"material, not a medicine",GSRS substance class structurallyDiverse
K1:2NMG4EA7B1,Indian Long Pepper,"material, not a medicine",GSRS substance class structurallyDiverse
K1:2NS91NJI8N,Cucurbita Pepo Subsp. Ovifera Whole,"material, not a medicine",GSRS substance class structurallyDiverse
K1:2P6QV2ZE52,Delandistrogene moxeparvovec,"material, not a medicine",GSRS substance class structurallyDiverse
K1:2PU6O23V1G,Sutilains,"material, not a medicine",GSRS substance class structurallyDiverse
K1:2PYI6D7HCQ,Trichinella Spiralis,"material, not a medicine",GSRS substance class structurallyDiverse
K1:2Q8MR21NHK,Bermuda Grass,"material, not a medicine",GSRS substance class structurallyDiverse
K1:2QNL82089R,Bordetella Pertussis,"material, not a medicine",GSRS substance class structurallyDiverse
K1:2QOF601J1M,Xanthium Strumarium Pollen,"material, not a medicine",GSRS substance class structurallyDiverse
K1:2QX977G5YV,Famzeretcel,"material, not a medicine",GSRS substance class structurallyDiverse
K1:2R04ONI662,Eucalyptus Globulus Leaf Oil,"material, not a medicine",GSRS substance class structurallyDiverse
K1:2RM4VT46R8,Chikungunya Virus LR2006 OPY1 (ATTENUATED STRAIN) Antigen,"material, not a medicine",GSRS substance class structurallyDiverse
K1:2RQ1L9N089,Periplaneta Americana,"material, not a medicine",GSRS substance class structurallyDiverse
K1:2S713A4VP3,Podophyllum,"material, not a medicine",GSRS substance class structurallyDiverse
K1:2SPI046IKD,Voretigene neparvovec,"material, not a medicine",GSRS substance class structurallyDiverse
K1:2SS05WO6EV,Nalotimagene carmaleucel,"material, not a medicine",GSRS substance class structurallyDiverse
K1:2TU49609L2,Gardenia Jasminoides Flower,"material, not a medicine",GSRS substance class structurallyDiverse
K1:2U0KZP0FDW,Basil,"material, not a medicine",GSRS substance class structurallyDiverse
K1:2U9H66X7VX,Tamarind,"material, not a medicine",GSRS substance class structurallyDiverse
K1:2UK410MY6B,Thyme Oil,"material, not a medicine",GSRS substance class structurallyDiverse
K1:2V2JJ0S00T,Japanese Encephalitis Virus Strain NAKAYAMA-NIH Antigen (FORMALDEHYDE INACTIVATED),"material, not a medicine",GSRS substance class structurallyDiverse
K1:2VB15HSB75,Simaba Cedron Whole,"material, not a medicine",GSRS substance class structurallyDiverse
K1:2VF3V7175U,Streptococcus Pneumoniae Type 3 Capsular Polysaccharide Diphtheria Crm197 Protein Conjugate Antigen,"material, not a medicine",GSRS substance class structurallyDiverse
K1:2WF6750061,Costus Root Oil,"material, not a medicine",GSRS substance class structurallyDiverse
K1:2WID9OCG7P,Hydrolysed Marine Collagen (ENZYMATIC; 2000 MW),"material, not a medicine",GSRS substance class structurallyDiverse
K1:2WRS0PE04O,Ezaladcigene resoparvovec,"material, not a medicine",GSRS substance class structurallyDiverse
K1:2WZG2G15WX,Fraxinus Pennsylvanica Pollen,"material, not a medicine",GSRS substance class structurallyDiverse
K1:2XC2HJ478W,Entamoeba Histolytica,"material, not a medicine",GSRS substance class structurallyDiverse
K1:2XCT0M29LM,Sterculia Urens Whole,"material, not a medicine",GSRS substance class structurallyDiverse
K1:2XF6I0446G,Crotalus Durissus Terrificus Venom,"material, not a medicine",GSRS substance class structurallyDiverse
K1:2XQ558L16Z,Bacillus Calmette-Guerin Substrain Tice Live Antigen,"material, not a medicine",GSRS substance class structurallyDiverse
K1:2Y7TIQ135H,Eriodictyon Californicum Leaf,"material, not a medicine",GSRS substance class structurallyDiverse
K1:2YWL9J7EE8,Plantago Lanceolata Leaf,"material, not a medicine",GSRS substance class structurallyDiverse
K1:2Z0R8NIR73,Intestine,"material, not a medicine",GSRS substance class structurallyDiverse
K1:2ZA36H0S2V,"WAX, YELLOW","material, not a medicine",GSRS substance class structurallyDiverse
K1:2ZAU32517N,Trichophyton Rubrum,"material, not a medicine",GSRS substance class structurallyDiverse
K1:2ZK6ZS8392,Gymnema Sylvestre Leaf,"material, not a medicine",GSRS substance class structurallyDiverse
K1:2ZN3FO349A,Papaya Seed,"material, not a medicine",GSRS substance class structurallyDiverse
K1:2ZN8DWC0YF,Pear,"material, not a medicine",GSRS substance class structurallyDiverse
K1:3080251PAI,Tamarix Gallica Whole,"material, not a medicine",GSRS substance class structurallyDiverse
K1:308LM01C72,Sus Scrofa Small Intestine Mucosa Lymph Follicle,"material, not a medicine",GSRS substance class structurallyDiverse
K1:30D02U2IRN,Fomitopsis Pinicola,"material, not a medicine",GSRS substance class structurallyDiverse
K1:30NOV1XI0P,Rhododendron Ferrugineum Leaf,"material, not a medicine",GSRS substance class structurallyDiverse
K1:311PNK9CDZ,Verbena Officinalis Flowering Top,"material, not a medicine",GSRS substance class structurallyDiverse
K1:313LJP87ET,Streptococcus Pneumoniae Type 9n Capsular Polysaccharide Antigen,"material, not a medicine",GSRS substance class structurallyDiverse
K1:31FL06Y50D,Plumeria Rubra Whole,"material, not a medicine",GSRS substance class structurallyDiverse
K1:31GYU1X0FP,Adzuki Bean,"material, not a medicine",GSRS substance class structurallyDiverse
K1:31T0FF0472,Haematococcus Pluvialis,"material, not a medicine",GSRS substance class structurallyDiverse
K1:31W7R94KYT,Darvadstrocel,"material, not a medicine",GSRS substance class structurallyDiverse
K1:32766B2FHX,Angelica Gigas Root,"material, not a medicine",GSRS substance class structurallyDiverse
K1:32E5V7G32B,Platycladus Orientalis Leaf,"material, not a medicine",GSRS substance class structurallyDiverse
K1:32IT7G8BAW,Hyoscyamus Niger Leaf,"material, not a medicine",GSRS substance class structurallyDiverse
K1:32JS91VU1G,Betula Pubescens Flower Bud,"material, not a medicine",GSRS substance class structurallyDiverse
K1:32MP823R8S,Artemisia Vulgaris Root,"material, not a medicine",GSRS substance class structurallyDiverse
K1:332Y7EES96,Helleborus Foetidus Root,"material, not a medicine",GSRS substance class structurallyDiverse
K1:3349V12Y8N,Ulex Europaeus Whole,"material, not a medicine",GSRS substance class structurallyDiverse
K1:339AZK21GR,Mockernut,"material, not a medicine",GSRS substance class structurallyDiverse
K1:339W5OG02M,Antirrhinum Majus Leaf,"material, not a medicine",GSRS substance class structurallyDiverse
K1:33A7VYU29L,Sus Scrofa Lymph,"material, not a medicine",GSRS substance class structurallyDiverse
K1:33JR96IW2B,Torreya Nucifera Seed Oil,"material, not a medicine",GSRS substance class structurallyDiverse
K1:33P1Z2B61F,Geum Urbanum Root,"material, not a medicine",GSRS substance class structurallyDiverse
K1:33T61IWL27,Human Varicella-Zoster Immune Globulin,"material, not a medicine",GSRS substance class structurallyDiverse
K1:33WVT714QS,Cherimoya,"material, not a medicine",GSRS substance class structurallyDiverse
K1:341ALE870W,Saraca Indica Bark,"material, not a medicine",GSRS substance class structurallyDiverse
K1:343455G79K,Bos Taurus Nasal Mucosa,"material, not a medicine",GSRS substance class structurallyDiverse
K1:344821WD61,Emu Oil,"material, not a medicine",GSRS substance class structurallyDiverse
K1:3487HP6F7K,Artemisia Douglasiana Whole,"material, not a medicine",GSRS substance class structurallyDiverse
K1:34969JX79R,Guggul,"material, not a medicine",GSRS substance class structurallyDiverse
K1:34T63W8ULS,Ocimum Tenuiflorum Top,"material, not a medicine",GSRS substance class structurallyDiverse
K1:34X886W1H4,Fagus Grandifolia Pollen,"material, not a medicine",GSRS substance class structurallyDiverse
K1:34YYS7G16P,Enterococcus Faecium,"material, not a medicine",GSRS substance class structurallyDiverse
K1:350Z948N4J,Malus Sylvestris Whole,"material, not a medicine",GSRS substance class structurallyDiverse
K1:351BFM11D0,Heloderma Suspectum Whole,"material, not a medicine",GSRS substance class structurallyDiverse
K1:3538FNV8AY,Betula Papyrifera Pollen,"material, not a medicine",GSRS substance class structurallyDiverse
K1:3560D81V50,Pancrelipase Protease,"material, not a medicine",GSRS substance class structurallyDiverse
K1:35C6UF9WLP,Evruleucel,"material, not a medicine",GSRS substance class structurallyDiverse
K1:35R6OC827M,Hyriopsis Cumingii Shell,"material, not a medicine",GSRS substance class structurallyDiverse
K1:35X9XB2HBG,Prizloncabtagene autoleucel,"material, not a medicine",GSRS substance class structurallyDiverse
K1:360QM23QBR,Juniperus Communis Var. Saxatilis Whole,"material, not a medicine",GSRS substance class structurallyDiverse
K1:3629601H5D,Drimia Maritima Bulb,"material, not a medicine",GSRS substance class structurallyDiverse
K1:3641YW25N2,Sandalwood,"material, not a medicine",GSRS substance class structurallyDiverse
K1:367E55FXGW,Myrtus Communis Top,"material, not a medicine",GSRS substance class structurallyDiverse
K1:369DDH39Z0,Agathosma Betulina Leaf,"material, not a medicine",GSRS substance class structurallyDiverse
K1:36K54AW5KX,Veratrum Viride Whole,"material, not a medicine",GSRS substance class structurallyDiverse
K1:36R82U4DL6,Artemisia Annua Pollen,"material, not a medicine",GSRS substance class structurallyDiverse
K1:36XQ854NWW,Pseudognaphalium Obtusifolium Whole,"material, not a medicine",GSRS substance class structurallyDiverse
K1:3729L8MA2C,Bee Pollen,"material, not a medicine",GSRS substance class structurallyDiverse
K1:37515NWH9U,Tilactase,"material, not a medicine",GSRS substance class structurallyDiverse
K1:37M3MZ001L,Opium,"material, not a medicine",GSRS substance class structurallyDiverse
K1:37O494C4B6,Strychnos Wallichiana Whole,"material, not a medicine",GSRS substance class structurallyDiverse
K1:37TB8LUP9Z,Chrysopogon Zizanioides Root,"material, not a medicine",GSRS substance class structurallyDiverse
K1:38010FNG4Y,Servicetree,"material, not a medicine",GSRS substance class structurallyDiverse
K1:3802H34QRI,Bos Taurus Mesenchyme,"material, not a medicine",GSRS substance class structurallyDiverse
K1:380W4HYR6N,Amaranthus Spinosus Pollen,"material, not a medicine",GSRS substance class structurallyDiverse
K1:3828PQ8E9V,Abutilon Theophrasti Seed,"material, not a medicine",GSRS substance class structurallyDiverse
K1:3848WN92L2,Scleranthus Annuus Whole,"material, not a medicine",GSRS substance class structurallyDiverse
K1:38QL9598DU,Paeonia Californica Whole,"material, not a medicine",GSRS substance class structurallyDiverse
K1:38SNL0F81Z,Origanum Vulgare Subsp. Hirtum Whole,"material, not a medicine",GSRS substance class structurallyDiverse
K1:390AN9GB09,Mus Musculus Skin,"material, not a medicine",GSRS substance class structurallyDiverse
K1:390VZ1D0L5,Alnus Serrulata Pollen,"material, not a medicine",GSRS substance class structurallyDiverse
K1:3936L105P1,Mimulus Guttatus Whole,"material, not a medicine",GSRS substance class structurallyDiverse
K1:395A3P448Z,Chondrodendron Tomentosum Root,"material, not a medicine",GSRS substance class structurallyDiverse
K1:396421SP9F,Clematis Recta Flowering Top,"material, not a medicine",GSRS substance class structurallyDiverse
K1:398DBS1PXN,Ulex Europaeus Flower,"material, not a medicine",GSRS substance class structurallyDiverse
K1:398IYQ16YV,Sus Scrofa Adrenal Gland,"material, not a medicine",GSRS substance class structurallyDiverse
K1:39981FM375,Dandelion,"material, not a medicine",GSRS substance class structurallyDiverse
K1:399TDD3AWD,Beef Short Plate,"material, not a medicine",GSRS substance class structurallyDiverse
K1:39W1PKE3JI,Bergamot,"material, not a medicine",GSRS substance class structurallyDiverse
K1:3ADI26ATFY,Lonicera Hypoglauca Flower,"material, not a medicine",GSRS substance class structurallyDiverse
K1:3B7C0987O9,Butter,"material, not a medicine",GSRS substance class structurallyDiverse
K1:3BA2N709NG,Juglans Regia Flowering Top,"material, not a medicine",GSRS substance class structurallyDiverse
K1:3BKX485ZP0,Agkistrodon Contortrix Venom,"material, not a medicine",GSRS substance class structurallyDiverse
K1:3BN57UN4US,Mephitis Mephitis Anal Gland Fluid,"material, not a medicine",GSRS substance class structurallyDiverse
K1:3C18L6RJAZ,Horse Chestnut,"material, not a medicine",GSRS substance class structurallyDiverse
K1:3C3Y389JBU,Triticum Aestivum Whole,"material, not a medicine",GSRS substance class structurallyDiverse
K1:3CIP16A418,Zanthoxylum Bungeanum Fruit,"material, not a medicine",GSRS substance class structurallyDiverse
K1:3CK0EOO6FA,Beet Fiber,"material, not a medicine",GSRS substance class structurallyDiverse
K1:3CLE6O58O9,Momordica Charantia Stem,"material, not a medicine",GSRS substance class structurallyDiverse
K1:3D10KUA6BM,Hedera Helix Flowering Twig,"material, not a medicine",GSRS substance class structurallyDiverse
K1:3D6Q7UV74J,Sus Scrofa Thalamus,"material, not a medicine",GSRS substance class structurallyDiverse
K1:3DGJ7BUA01,Sempervivum Tectorum Leaf,"material, not a medicine",GSRS substance class structurallyDiverse
K1:3E0I92Z2GR,Albumen,"material, not a medicine",GSRS substance class structurallyDiverse
K1:3E271BSI0C,Mucuna Pruriens Fruit Trichome,"material, not a medicine",GSRS substance class structurallyDiverse
K1:3E4MG0DM0M,Houttuynia Cordata Top,"material, not a medicine",GSRS substance class structurallyDiverse
K1:3E698BL84C,Cicuta Virosa Whole,"material, not a medicine",GSRS substance class structurallyDiverse
K1:3E8P1PU8SY,Jack-In-The-Pulpit,"material, not a medicine",GSRS substance class structurallyDiverse
K1:3E8XBL6YYK,Anamirta Cocculus Fruit,"material, not a medicine",GSRS substance class structurallyDiverse
K1:3EM4VW6TQN,Sus Scrofa Skin,"material, not a medicine",GSRS substance class structurallyDiverse
K1:3F36V0451W,Acremonium Strictum,"material, not a medicine",GSRS substance class structurallyDiverse
K1:3FNT9K2294,Citrus Paradisi Whole,"material, not a medicine",GSRS substance class structurallyDiverse
K1:3FU86L9OS0,Actaea Spicata,"material, not a medicine",GSRS substance class structurallyDiverse
K1:3FYP5M0IJX,Sennosides,"material, not a medicine",GSRS substance class structurallyDiverse
K1:3G7U72W8DA,Sus Scrofa Urinary Bladder,"material, not a medicine",GSRS substance class structurallyDiverse
K1:3H5U5CX7KO,Cashew,"material, not a medicine",GSRS substance class structurallyDiverse
K1:3HBM7CA87P,Zabilugene almadenorepvec,"material, not a medicine",GSRS substance class structurallyDiverse
K1:3HCS22V02P,Prickly Ash Bark,"material, not a medicine",GSRS substance class structurallyDiverse
K1:3I9T68187H,Morus Alba Pollen,"material, not a medicine",GSRS substance class structurallyDiverse
K1:3IXW0F6P8W,Elymus Repens Root,"material, not a medicine",GSRS substance class structurallyDiverse
K1:3J888Y9L13,Aspergillus Flavus,"material, not a medicine",GSRS substance class structurallyDiverse
K1:3K873H631W,Mesocricetus Auratus Skin,"material, not a medicine",GSRS substance class structurallyDiverse
K1:3KJ43QLJ8F,Enekinragene inzadenovec,"material, not a medicine",GSRS substance class structurallyDiverse
K1:3LN5B70U4W,Cochliobolus Sativus,"material, not a medicine",GSRS substance class structurallyDiverse
K1:3M5V3D1X36,Arctostaphylos Uva-Ursi Leaf,"material, not a medicine",GSRS substance class structurallyDiverse
K1:3MDX759C0W,Pinus Monticola Pollen,"material, not a medicine",GSRS substance class structurallyDiverse
K1:3ME9TTI5QB,Rildinadstrocel,"material, not a medicine",GSRS substance class structurallyDiverse
K1:3MLB4858X7,Sloe,"material, not a medicine",GSRS substance class structurallyDiverse
K1:3NJQ5D8S6N,Gambir,"material, not a medicine",GSRS substance class structurallyDiverse
K1:3NQP837A96,Quercus Velutina Whole,"material, not a medicine",GSRS substance class structurallyDiverse
K1:3O33B2269R,Consolida Regalis Flower,"material, not a medicine",GSRS substance class structurallyDiverse
K1:3O36ZH5U1G,Cornus,"material, not a medicine",GSRS substance class structurallyDiverse
K1:3O44K14A86,Listeria Monocytogenes,"material, not a medicine",GSRS substance class structurallyDiverse
K1:3OKE88I3QG,Peach,"material, not a medicine",GSRS substance class structurallyDiverse
K1:3OM8I6L7CD,Abrus Precatorius Seed,"material, not a medicine",GSRS substance class structurallyDiverse
K1:3PCT9PZ598,Bartonella Vinsonii DNA,"material, not a medicine",GSRS substance class structurallyDiverse
K1:3Q034RO3BT,Lytta Vesicatoria,"material, not a medicine",GSRS substance class structurallyDiverse
K1:3Q9L08K71N,Evening Primrose Oil,"material, not a medicine",GSRS substance class structurallyDiverse
K1:3R504894L9,Betula Pubescens Bark,"material, not a medicine",GSRS substance class structurallyDiverse
K1:3R8874KEYH,Limulus Polyphemus,"material, not a medicine",GSRS substance class structurallyDiverse
K1:3R963LO08T,Kalanchoe Pinnata Leaf,"material, not a medicine",GSRS substance class structurallyDiverse
K1:3RDU1QQR8H,Fritillaria Delavayi Whole,"material, not a medicine",GSRS substance class structurallyDiverse
K1:3RT3536DHY,Coconut,"material, not a medicine",GSRS substance class structurallyDiverse
K1:3S41TU3DPS,Agarwood,"material, not a medicine",GSRS substance class structurallyDiverse
K1:3S5ITS5ULN,Sedum Roseum Root,"material, not a medicine",GSRS substance class structurallyDiverse
K1:3SJ3U7J6V2,Casanthranol,"material, not a medicine",GSRS substance class structurallyDiverse
K1:3SNK70F46Y,Trifolium Pratense Pollen,"material, not a medicine",GSRS substance class structurallyDiverse
K1:3STW243384,Oxalis Stricta Whole,"material, not a medicine",GSRS substance class structurallyDiverse
K1:3SU44U90RR,Briza Maxima Whole,"material, not a medicine",GSRS substance class structurallyDiverse
K1:3SW678MX72,Arabica Coffee Bean,"material, not a medicine",GSRS substance class structurallyDiverse
K1:3SXM338GIQ,Cinchona Officinalis Whole,"material, not a medicine",GSRS substance class structurallyDiverse
K1:3T07RFM9UY,Dioscorea Alata Whole,"material, not a medicine",GSRS substance class structurallyDiverse
K1:3TE8A92UPM,Azadirachta Indica Flower,"material, not a medicine",GSRS substance class structurallyDiverse
K1:3TNW8D08V3,Rosa Canina Fruit,"material, not a medicine",GSRS substance class structurallyDiverse
K1:3TVP4E28JR,Donor Human Stool,"material, not a medicine",GSRS substance class structurallyDiverse
K1:3UN285QN0C,Ammi Visnaga Fruit,"material, not a medicine",GSRS substance class structurallyDiverse
K1:3VD070DG5G,Inula Helenium Whole,"material, not a medicine",GSRS substance class structurallyDiverse
K1:3VNC7T6Z02,Matricaria Chamomilla Flowering Top,"material, not a medicine",GSRS substance class structurallyDiverse
K1:3W1JG795YI,Helianthus Annuus Seed Oil,"material, not a medicine",GSRS substance class structurallyDiverse
K1:3W51R3EK30,Angelica Acutiloba Root,"material, not a medicine",GSRS substance class structurallyDiverse
K1:3Y1PE1GCIG,Penicillium Chrysogenum Var. Chrysogenum,"material, not a medicine",GSRS substance class structurallyDiverse
K1:3Y5X6RT823,Citharacanthus Spinicrus,"material, not a medicine",GSRS substance class structurallyDiverse
K1:3Z252A2K9G,Almond,"material, not a medicine",GSRS substance class structurallyDiverse
K1:3Z3866YW6P,Paeonia Lactiflora Root,"material, not a medicine",GSRS substance class structurallyDiverse
K1:3ZB6AJ77OE,Elettaria Ensal Whole,"material, not a medicine",GSRS substance class structurallyDiverse
K1:4040O0IM00,Bartonella Washoensis,"material, not a medicine",GSRS substance class structurallyDiverse
K1:40GMI0R60L,Pork Intestine,"material, not a medicine",GSRS substance class structurallyDiverse
K1:40OMQ8YEPD,Enterobacter Cloacae,"material, not a medicine",GSRS substance class structurallyDiverse
K1:40S83Y133C,Betula Pendula Bark,"material, not a medicine",GSRS substance class structurallyDiverse
K1:40W0G99GIW,Wood Tar Hydrocarbon Distillate,"material, not a medicine",GSRS substance class structurallyDiverse
K1:4110YT348C,Flaxseed,"material, not a medicine",GSRS substance class structurallyDiverse
K1:413EU9081Y,Fidanacogene elaparvovec,"material, not a medicine",GSRS substance class structurallyDiverse
K1:413MGP37HQ,Cucurbita Pepo Flower,"material, not a medicine",GSRS substance class structurallyDiverse
K1:4162LZ0N4O,Bos Taurus Gallstone,"material, not a medicine",GSRS substance class structurallyDiverse
K1:41A3V2257T,Betula Lenta Whole,"material, not a medicine",GSRS substance class structurallyDiverse
K1:41LZ22DD4N,Bacillus Anthracis Immunoserum Rabbit,"material, not a medicine",GSRS substance class structurallyDiverse
K1:421Y06RY77,Escherichia Coli Lipopolysaccharide,"material, not a medicine",GSRS substance class structurallyDiverse
K1:426RHB4302,Populus Fremontii Pollen,"material, not a medicine",GSRS substance class structurallyDiverse
K1:42LD90786Y,Lesser Galangal,"material, not a medicine",GSRS substance class structurallyDiverse
K1:42XD79UQQ6,TICK-BORNE Encephalitis Purified Antigen (FORMALDEHYDE INACTIVATED),"material, not a medicine",GSRS substance class structurallyDiverse
K1:43372HYR9Y,Oryctolagus Cuniculus Heart,"material, not a medicine",GSRS substance class structurallyDiverse
K1:4339THL77S,Caulophyllum Robustum Root,"material, not a medicine",GSRS substance class structurallyDiverse
K1:433OSF3U8A,Chaste Tree Fruit,"material, not a medicine",GSRS substance class structurallyDiverse
K1:434209F77F,Strophanthus Kombe Seed,"material, not a medicine",GSRS substance class structurallyDiverse
K1:437GVI6AH4,Bartonella Elizabethae,"material, not a medicine",GSRS substance class structurallyDiverse
K1:438W01FC7A,Viola Odorata Flower,"material, not a medicine",GSRS substance class structurallyDiverse
K1:43CAU2Q6DY,Red Yeast Rice,"material, not a medicine",GSRS substance class structurallyDiverse
K1:43IR7KR479,Tamarix Gallica Pollen,"material, not a medicine",GSRS substance class structurallyDiverse
K1:43MX67MYM9,"Blood, whole","material, not a medicine",GSRS substance class structurallyDiverse
K1:43R41XZ627,Olea Europaea Pollen,"material, not a medicine",GSRS substance class structurallyDiverse
K1:43U98KSL1G,Wurfbainia Villosa VAR. Xanthioides Fruit,"material, not a medicine",GSRS substance class structurallyDiverse
K1:44445L49J2,Poncirus Trifoliata Fruit,"material, not a medicine",GSRS substance class structurallyDiverse
K1:4465L2WS4Y,Lonicera Japonica Flower,"material, not a medicine",GSRS substance class structurallyDiverse
K1:44IDY6DTKX,Celery,"material, not a medicine",GSRS substance class structurallyDiverse
K1:459ROM8M9M,Poliovirus Type 3 Antigen (FORMALDEHYDE INACTIVATED),"material, not a medicine",GSRS substance class structurallyDiverse
K1:45BEI4ZF64,Cistanche,"material, not a medicine",GSRS substance class structurallyDiverse
K1:45E08M336T,Artemisia Tridentata Whole,"material, not a medicine",GSRS substance class structurallyDiverse
K1:45IT5T2X3K,Hyacinth Bean,"material, not a medicine",GSRS substance class structurallyDiverse
K1:45KA5D7541,Culex Pipiens,"material, not a medicine",GSRS substance class structurallyDiverse
K1:45KLN7N6UV,Vusolimogene Oderparepvec,"material, not a medicine",GSRS substance class structurallyDiverse
K1:463JZS0XJ3,Cow Milk Fat,"material, not a medicine",GSRS substance class structurallyDiverse
K1:464910T5N9,Juniperus Communis Whole,"material, not a medicine",GSRS substance class structurallyDiverse
K1:466251J72G,Pork Brain,"material, not a medicine",GSRS substance class structurallyDiverse
K1:467D26HS0B,Spigelia,"material, not a medicine",GSRS substance class structurallyDiverse
K1:46883LR90E,Anagallis Arvensis,"material, not a medicine",GSRS substance class structurallyDiverse
K1:46AM2VJ0AW,Acai,"material, not a medicine",GSRS substance class structurallyDiverse
K1:46G3W789Q3,Crocanthemum Canadense,"material, not a medicine",GSRS substance class structurallyDiverse
K1:46N107B71O,Lac Resin,"material, not a medicine",GSRS substance class structurallyDiverse
K1:46PYZ1F82M,Toxicodendron Pubescens Shoot,"material, not a medicine",GSRS substance class structurallyDiverse
K1:46QZ19OEX8,Levisticum Officinale Root,"material, not a medicine",GSRS substance class structurallyDiverse
K1:475247QF1Z,Equine Thymocyte Immune Globulin,"material, not a medicine",GSRS substance class structurallyDiverse
K1:476DVV63WP,Populus Deltoides Pollen,"material, not a medicine",GSRS substance class structurallyDiverse
K1:47QB6MX9KU,Mumps Virus Strain B Level Jeryl Lynn Live Antigen,"material, not a medicine",GSRS substance class structurallyDiverse
K1:47QB6MX9KU#live,MUMPS VIRUS VACCINE LIVE,"material, not a medicine",GSRS substance class structurallyDiverse
K1:47R2ZYV242,Bavebegene tovacivec,"material, not a medicine",GSRS substance class structurallyDiverse
K1:47S8KM316R,Polistes Fuscatus Whole,"material, not a medicine",GSRS substance class structurallyDiverse
K1:47Z05W73EZ,Lilium Lancifolium Bulb,"material, not a medicine",GSRS substance class structurallyDiverse
K1:4817H7M565,Adiantum Capillus-Veneris Leaf,"material, not a medicine",GSRS substance class structurallyDiverse
K1:48268V50D5,Casein,"material, not a medicine",GSRS substance class structurallyDiverse
K1:482QQ7H44Q,Oryctolagus Cuniculus Kidney,"material, not a medicine",GSRS substance class structurallyDiverse
K1:483B0A2Y00,Pulmonaria Officinalis Whole,"material, not a medicine",GSRS substance class structurallyDiverse
K1:484TEV85XS,Igrelimogene litadenorepvec,"material, not a medicine",GSRS substance class structurallyDiverse
K1:487DXM62F2,Serenoa Repens Whole,"material, not a medicine",GSRS substance class structurallyDiverse
K1:487RI96K8Z,Fenugreek Leaf,"material, not a medicine",GSRS substance class structurallyDiverse
K1:489F5JNV5B,"Casein, Lactococcus Lactis Cultured","material, not a medicine",GSRS substance class structurallyDiverse
K1:48GD5780QF,Sepia Officinalis Whole,"material, not a medicine",GSRS substance class structurallyDiverse
K1:48JCS720FN,Salvia Officinalis Flowering Top,"material, not a medicine",GSRS substance class structurallyDiverse
K1:48PS81XHK0,Stephania Root,"material, not a medicine",GSRS substance class structurallyDiverse
K1:48TG5UWC7Z,Ornithogalum Umbellatum Bulb,"material, not a medicine",GSRS substance class structurallyDiverse
K1:48V44WX64I,Cucurbita Pepo Whole,"material, not a medicine",GSRS substance class structurallyDiverse
K1:48W7181FLP,Human RHO(D) Immune Globulin,"material, not a medicine",GSRS substance class structurallyDiverse
K1:48Z8OUT98B,Mucor Circinelloides F. Circinelloides,"material, not a medicine",GSRS substance class structurallyDiverse
K1:490F0009OP,Clematis Vitalba Pre-Flowering Top,"material, not a medicine",GSRS substance class structurallyDiverse
K1:490XI1KB4S,Sus Scrofa Temporal Lobe,"material, not a medicine",GSRS substance class structurallyDiverse
K1:492225Q21H,Onion,"material, not a medicine",GSRS substance class structurallyDiverse
K1:492B79913J,Berberis Vulgaris Whole,"material, not a medicine",GSRS substance class structurallyDiverse
K1:492LCM0TUL,Brucella Abortus,"material, not a medicine",GSRS substance class structurallyDiverse
K1:4938BNS0GU,Tremella Fuciformis Whole,"material, not a medicine",GSRS substance class structurallyDiverse
K1:4989JW6TRZ,Veronica Beccabunga,"material, not a medicine",GSRS substance class structurallyDiverse
K1:498M34P1VZ,Olea Europaea Flower,"material, not a medicine",GSRS substance class structurallyDiverse
K1:49G13A93VE,Pseudolarix Amabilis Bark,"material, not a medicine",GSRS substance class structurallyDiverse
K1:49NGK53TPQ,Sus Scrofa Cerebellum,"material, not a medicine",GSRS substance class structurallyDiverse
K1:49OY13BE7Z,Ostrea Edulis Shell,"material, not a medicine",GSRS substance class structurallyDiverse
K1:49SKT79UB3,Oryctolagus Cuniculus Spinal Cord,"material, not a medicine",GSRS substance class structurallyDiverse
K1:49W168AES4,Eurotium Herbariorum,"material, not a medicine",GSRS substance class structurallyDiverse
K1:49Y788T742,Trifolium Repens Flower,"material, not a medicine",GSRS substance class structurallyDiverse
K1:4A10JR4E7E,Anacardium Occidentale Fruit,"material, not a medicine",GSRS substance class structurallyDiverse
K1:4A4FLA6DZA,Renizgamglogene autogedtemcel,"material, not a medicine",GSRS substance class structurallyDiverse
K1:4AF9K48H9O,Cynomorium Coccineum Subsp. Songaricum Whole,"material, not a medicine",GSRS substance class structurallyDiverse
K1:4AJZ4765R9,Banana,"material, not a medicine",GSRS substance class structurallyDiverse
K1:4B28FOZ5UQ,Bluegill,"material, not a medicine",GSRS substance class structurallyDiverse
K1:4B51SRR959,Cyperus Rotundus Tuber,"material, not a medicine",GSRS substance class structurallyDiverse
K1:4B57CWT710,Gebasaxturev,"material, not a medicine",GSRS substance class structurallyDiverse
K1:4BEJ6K4DQ9,Firicabtagene autoleucel,"material, not a medicine",GSRS substance class structurallyDiverse
K1:4BXR6YZN92,Senna Alata Leaf,"material, not a medicine",GSRS substance class structurallyDiverse
K1:4C38SS0J60,Citrus X Limon Flowering Top Oil,"material, not a medicine",GSRS substance class structurallyDiverse
K1:4CNL65E04H,Epimedium Wushanense Whole,"material, not a medicine",GSRS substance class structurallyDiverse
K1:4D7G21HDBC,Candida Albicans,"material, not a medicine",GSRS substance class structurallyDiverse
K1:4DKJ9B3K2T,Azadirachta Indica Seed Oil,"material, not a medicine",GSRS substance class structurallyDiverse
K1:4E0768623E,Tsuga Canadensis Whole,"material, not a medicine",GSRS substance class structurallyDiverse
K1:4E7YW35Q0H,Prunus Persica Whole,"material, not a medicine",GSRS substance class structurallyDiverse
K1:4E8QL88U6H,Taraxacum Mongolicum,"material, not a medicine",GSRS substance class structurallyDiverse
K1:4EE983392U,Sus Scrofa Bile Duct,"material, not a medicine",GSRS substance class structurallyDiverse
K1:4EX119B76E,Ocimum Americanum Leaf,"material, not a medicine",GSRS substance class structurallyDiverse
K1:4F1D271XW0,Pulsatilla Vulgaris Top,"material, not a medicine",GSRS substance class structurallyDiverse
K1:4F35XG0149,Equus Caballus Hair,"material, not a medicine",GSRS substance class structurallyDiverse
K1:4F3W47PLBE,Artichoke,"material, not a medicine",GSRS substance class structurallyDiverse
K1:4F67A99YTF,Lonicera Caprifolium Whole,"material, not a medicine",GSRS substance class structurallyDiverse
K1:4FBM3KR723,Zimislecel,"material, not a medicine",GSRS substance class structurallyDiverse
K1:4FY2944729,Pelargonium Sidoides Whole,"material, not a medicine",GSRS substance class structurallyDiverse
K1:4G174V5051,Beta Vulgaris,"material, not a medicine",GSRS substance class structurallyDiverse
K1:4G7DT7PP3L,Brinretigene vesgedparvovec,"material, not a medicine",GSRS substance class structurallyDiverse
K1:4G7VTP9FC4,Convallaria Majalis Flowering Top,"material, not a medicine",GSRS substance class structurallyDiverse
K1:4GB5DQR532,Sus Scrofa Cerebrum,"material, not a medicine",GSRS substance class structurallyDiverse
K1:4H5RSU087I,Dysphania Ambrosioides Whole,"material, not a medicine",GSRS substance class structurallyDiverse
K1:4I65KLV2A9,Mimosa Pudica,"material, not a medicine",GSRS substance class structurallyDiverse
K1:4IPS17B70T,Egg Yolk,"material, not a medicine",GSRS substance class structurallyDiverse
K1:4IX4VP35CR,Human Herpesvirus 6,"material, not a medicine",GSRS substance class structurallyDiverse
K1:4J2I0SN84Y,Wheat,"material, not a medicine",GSRS substance class structurallyDiverse
K1:4J2TY8Y81V,Strawberry,"material, not a medicine",GSRS substance class structurallyDiverse
K1:4J4DOU3HEK,Green Bell Pepper,"material, not a medicine",GSRS substance class structurallyDiverse
K1:4JS0838828,Trifolium Pratense Flower,"material, not a medicine",GSRS substance class structurallyDiverse
K1:4K7Z7K7SWG,Ustilago Maydis,"material, not a medicine",GSRS substance class structurallyDiverse
K1:4K8X931028,Adimlecleucel,"material, not a medicine",GSRS substance class structurallyDiverse
K1:4L1B1DW0X8,Bandtooth Conger,"material, not a medicine",GSRS substance class structurallyDiverse
K1:4LS0IJZ59V,Rexlemestrocel-L,"material, not a medicine",GSRS substance class structurallyDiverse
K1:4LVZ0Z0ITT,Nigella Sativa Seed,"material, not a medicine",GSRS substance class structurallyDiverse
K1:4M0784008H,Vibrio Cholerae,"material, not a medicine",GSRS substance class structurallyDiverse
K1:4M1169RWJD,Anemone Patens Whole,"material, not a medicine",GSRS substance class structurallyDiverse
K1:4M543JVT7G,Streptococcus Pneumoniae Type 6b Capsular Polysaccharide Diphtheria Crm197 Protein Conjugate Antigen,"material, not a medicine",GSRS substance class structurallyDiverse
K1:4MD2J2T8SJ,Brexucabtagene autoleucel,"material, not a medicine",GSRS substance class structurallyDiverse
K1:4MGZ04S7LT,Erythranthe Cardinalis Whole,"material, not a medicine",GSRS substance class structurallyDiverse
K1:4N14V5R27W,Raspberry,"material, not a medicine",GSRS substance class structurallyDiverse
K1:4N9UU1HQKG,Asclepias Incarnata Root,"material, not a medicine",GSRS substance class structurallyDiverse
K1:4NYV2HT01X,Sanguisorba Officinalis Root,"material, not a medicine",GSRS substance class structurallyDiverse
K1:4O1FFR8ARN,Pinus Taeda Pollen,"material, not a medicine",GSRS substance class structurallyDiverse
K1:4P5BNR11MB,Acer Nigrum Whole,"material, not a medicine",GSRS substance class structurallyDiverse
K1:4P83085QFM,Trichosanthes Kirilowii Seed,"material, not a medicine",GSRS substance class structurallyDiverse
K1:4P8TSC4FR8,DESCARTES 30,"material, not a medicine",GSRS substance class structurallyDiverse
K1:4PIB2155QP,Beef,"material, not a medicine",GSRS substance class structurallyDiverse
K1:4PNW66TTHR,Quercus Robur Pollen,"material, not a medicine",GSRS substance class structurallyDiverse
K1:4PW41QCO2M,Boswellia Serrata,"material, not a medicine",GSRS substance class structurallyDiverse
K1:4Q4V6NTZ1F,Coix Lacryma-Jobi Seed,"material, not a medicine",GSRS substance class structurallyDiverse
K1:4SV59689SK,Vaccinia Virus Strain New York City Board of Health Live Antigen,"material, not a medicine",GSRS substance class structurallyDiverse
K1:4T1TW8LE2W,Homarus Americanus Digestive Fluid,"material, not a medicine",GSRS substance class structurallyDiverse
K1:4T4453CLX7,Levisticum Officinale Leaf,"material, not a medicine",GSRS substance class structurallyDiverse
K1:4T6H12BN9U,Petrolatum,"material, not a medicine",GSRS substance class structurallyDiverse
K1:4T81LB52R0,Lolium Perenne Pollen,"material, not a medicine",GSRS substance class structurallyDiverse
K1:4U4V2F2E4Y,Chinese Cinnamon Leaf Oil,"material, not a medicine",GSRS substance class structurallyDiverse
K1:4UD6VQR2UP,Cinnamomum Cassia Twig,"material, not a medicine",GSRS substance class structurallyDiverse
K1:4UDO46YBK2,Ipomoea Purga Root,"material, not a medicine",GSRS substance class structurallyDiverse
K1:4UU2O40RHU,Prademagene zamikeracel,"material, not a medicine",GSRS substance class structurallyDiverse
K1:4V023DD7KL,Persimmon,"material, not a medicine",GSRS substance class structurallyDiverse
K1:4V59G5UW9X,Argan Oil,"material, not a medicine",GSRS substance class structurallyDiverse
K1:4V873H15CG,Rubia Cordifolia Root,"material, not a medicine",GSRS substance class structurallyDiverse
K1:4VBL71TY4Y,Safflower,"material, not a medicine",GSRS substance class structurallyDiverse
K1:4VBP01X99F,Cascara Sagrada,"material, not a medicine",GSRS substance class structurallyDiverse
K1:4WAN8PQK15,Neisseria Meningitidis Group Y Capsular Polysaccharide Tetanus Toxoid Conjugate Antigen,"material, not a medicine",GSRS substance class structurallyDiverse
K1:4WG8U28833,Garlic Oil,"material, not a medicine",GSRS substance class structurallyDiverse
K1:4WR9DAN53I,Amanita Pantherina Fruiting Body,"material, not a medicine",GSRS substance class structurallyDiverse
K1:4WRK2153H3,Henbane,"material, not a medicine",GSRS substance class structurallyDiverse
K1:4X4HLN92OT,Tribulus,"material, not a medicine",GSRS substance class structurallyDiverse
K1:4XTQ10247Y,CHERRY JUICE,"material, not a medicine",GSRS substance class structurallyDiverse
K1:4Y711UM25Y,Oenanthe Crocata Whole,"material, not a medicine",GSRS substance class structurallyDiverse
K1:4ZWP7FWI8W,Treponemic Skin Canker Human,"material, not a medicine",GSRS substance class structurallyDiverse
K1:4ZWY20GTGO,Cladosporium Cladosporioides,"material, not a medicine",GSRS substance class structurallyDiverse
K1:5016WB8B8A,Chaetomium Globosum,"material, not a medicine",GSRS substance class structurallyDiverse
K1:50268139XV,Brucea Javanica Fruit,"material, not a medicine",GSRS substance class structurallyDiverse
K1:503LYG631H,Sheep Wool,"material, not a medicine",GSRS substance class structurallyDiverse
K1:50A63WC635,Summer Flounder,"material, not a medicine",GSRS substance class structurallyDiverse
K1:50D2ZE9219,Melissa Officinalis Leaf,"material, not a medicine",GSRS substance class structurallyDiverse
K1:50J4V3X4H8,Melia Azedarach Fruit,"material, not a medicine",GSRS substance class structurallyDiverse
K1:50JZ5Z98QY,Maritime Pine,"material, not a medicine",GSRS substance class structurallyDiverse
K1:50L35LKK9W,Gentianella Quinquefolia,"material, not a medicine",GSRS substance class structurallyDiverse
K1:50SG618FGN,Diphtherial Respiratory Pseudomembrane Human,"material, not a medicine",GSRS substance class structurallyDiverse
K1:511VMJ8QZ4,Syzygium Cumini Fruit,"material, not a medicine",GSRS substance class structurallyDiverse
K1:51217XIL5L,Lavandula Angustifolia Whole,"material, not a medicine",GSRS substance class structurallyDiverse
K1:512OYT1CRR,Cocoa Butter,"material, not a medicine",GSRS substance class structurallyDiverse
K1:514B9K0L10,Escherichia Coli,"material, not a medicine",GSRS substance class structurallyDiverse
K1:515610SU8C,Macadamia Nut Oil,"material, not a medicine",GSRS substance class structurallyDiverse
K1:517Q7XRT2T,Lindera Aggregata Root,"material, not a medicine",GSRS substance class structurallyDiverse
K1:51BRR32WPP,Helianthemum Nummularium Flower,"material, not a medicine",GSRS substance class structurallyDiverse
K1:51FI676N6F,Herring Sperm Dna,"material, not a medicine",GSRS substance class structurallyDiverse
K1:51I6N3XIML,Broussonetia Papyrifera Pollen,"material, not a medicine",GSRS substance class structurallyDiverse
K1:51ME2L7STL,Okra,"material, not a medicine",GSRS substance class structurallyDiverse
K1:52202H034Z#live,RUBELLA VIRUS VACCINE LIVE,"material, not a medicine",GSRS substance class structurallyDiverse
K1:52360307SI,Leuzea Rhapontica Root,"material, not a medicine",GSRS substance class structurallyDiverse
K1:52B1340190,Aspidosperma Quebracho-Blanco Bark,"material, not a medicine",GSRS substance class structurallyDiverse
K1:52B29REC7H,Alternaria Alternata,"material, not a medicine",GSRS substance class structurallyDiverse
K1:52JDS841PX,Illicium Verum Whole,"material, not a medicine",GSRS substance class structurallyDiverse
K1:52U584F1CA,Guarana,"material, not a medicine",GSRS substance class structurallyDiverse
K1:5307V7XW8I,Bifidobacterium Animalis Lactis,"material, not a medicine",GSRS substance class structurallyDiverse
K1:5308ED00EL,Felis Catus Skin,"material, not a medicine",GSRS substance class structurallyDiverse
K1:5329928G5N,Lomatium,"material, not a medicine",GSRS substance class structurallyDiverse
K1:532BCG080L,Juniperus Virginiana Twig,"material, not a medicine",GSRS substance class structurallyDiverse
K1:535787266D,Blatta Orientalis,"material, not a medicine",GSRS substance class structurallyDiverse
K1:535G2ABX9M,Bladderwrack,"material, not a medicine",GSRS substance class structurallyDiverse
K1:536WV61NML,Plasmodium Falciparum,"material, not a medicine",GSRS substance class structurallyDiverse
K1:538Q433GB7,Sus Scrofa Cerebral Cortex,"material, not a medicine",GSRS substance class structurallyDiverse
K1:5398RXP8KU,Fusarium Oxysporum,"material, not a medicine",GSRS substance class structurallyDiverse
K1:53UB5FH7CX,Bryonia Cretica Subsp. Dioica Root,"material, not a medicine",GSRS substance class structurallyDiverse
K1:53Y84VPS2W,Prunus Spinosa Flower Bud,"material, not a medicine",GSRS substance class structurallyDiverse
K1:5405K23S50,Solidago Virgaurea Flowering Top,"material, not a medicine",GSRS substance class structurallyDiverse
K1:544F8MEY0Y,Juniperus Ashei Pollen,"material, not a medicine",GSRS substance class structurallyDiverse
K1:5460RYZ91D,Angelica Seed,"material, not a medicine",GSRS substance class structurallyDiverse
K1:54C8E6W6JY,Button Mushroom,"material, not a medicine",GSRS substance class structurallyDiverse
K1:54EC0SE5PZ,Streptococcus Pneumoniae Type 1 Capsular Polysaccharide Diphtheria Crm197 Protein Conjugate Antigen,"material, not a medicine",GSRS substance class structurallyDiverse
K1:54UN9R2798,Carya Ovata Pollen,"material, not a medicine",GSRS substance class structurallyDiverse
K1:5543O0CEID,Populus Tremuloides Bark,"material, not a medicine",GSRS substance class structurallyDiverse
K1:557II4LLC3,Fennel,"material, not a medicine",GSRS substance class structurallyDiverse
K1:55862Q3XEU,Achillea Millefolium Flowering Top,"material, not a medicine",GSRS substance class structurallyDiverse
K1:55DGS3F5YG,Arctium Lappa Root Oil,"material, not a medicine",GSRS substance class structurallyDiverse
K1:55DP96JT7A,Symphoricarpos Albus Whole,"material, not a medicine",GSRS substance class structurallyDiverse
K1:55G8SQ543S,Cowhage,"material, not a medicine",GSRS substance class structurallyDiverse
K1:55H0W83JO5,Formica Rufa,"material, not a medicine",GSRS substance class structurallyDiverse
K1:55J167EEON,Catechu,"material, not a medicine",GSRS substance class structurallyDiverse
K1:55L3XLO37E,Ephedra Sinica Stem,"material, not a medicine",GSRS substance class structurallyDiverse
K1:55OE7WF161,Bacillus Megaterium,"material, not a medicine",GSRS substance class structurallyDiverse
K1:5610HF69OB,Trigonella Foenum-Graecum Whole,"material, not a medicine",GSRS substance class structurallyDiverse
K1:565ZR7YWT0,Silene Laciniata Whole,"material, not a medicine",GSRS substance class structurallyDiverse
K1:56687D1Z4D,Pomegranate,"material, not a medicine",GSRS substance class structurallyDiverse
K1:568ZVX88G6,Betula Pendula Wood,"material, not a medicine",GSRS substance class structurallyDiverse
K1:5694HE17ZQ,Ascaris Lumbricoides,"material, not a medicine",GSRS substance class structurallyDiverse
K1:56GUI1LUO7,Chrysops Vittatus Whole,"material, not a medicine",GSRS substance class structurallyDiverse
K1:56K0VVT47P,Bryonia Alba Whole,"material, not a medicine",GSRS substance class structurallyDiverse
K1:56W138ID6K,Acer Negundo Root Bark,"material, not a medicine",GSRS substance class structurallyDiverse
K1:56X6LID5ZY,Proteus Morganii,"material, not a medicine",GSRS substance class structurallyDiverse
K1:57586C96ZL,Parkinsonia Florida Pollen,"material, not a medicine",GSRS substance class structurallyDiverse
K1:575DY8C1ER,Aloe Vera Flower,"material, not a medicine",GSRS substance class structurallyDiverse
K1:576980937I,Pleione Bulbocodioides Whole,"material, not a medicine",GSRS substance class structurallyDiverse
K1:577VA5B4HP,Sorghum Halepense Pollen,"material, not a medicine",GSRS substance class structurallyDiverse
K1:578389D6D0,Clove Oil,"material, not a medicine",GSRS substance class structurallyDiverse
K1:57BTU4547U,Quercus Macrocarpa Pollen,"material, not a medicine",GSRS substance class structurallyDiverse
K1:57F7254B6Q,Streptococcus Pneumoniae Type 6b Capsular Polysaccharide Antigen,"material, not a medicine",GSRS substance class structurallyDiverse
K1:57KIJ4772H,Artemisia Ludoviciana Pollen,"material, not a medicine",GSRS substance class structurallyDiverse
K1:57L1Z5378K,Dermatophagoides Pteronyssinus,"material, not a medicine",GSRS substance class structurallyDiverse
K1:57X4TSH58S,Centaurium Erythraea,"material, not a medicine",GSRS substance class structurallyDiverse
K1:5811MI029U,Agrimonia Eupatoria Flower,"material, not a medicine",GSRS substance class structurallyDiverse
K1:58A14F2L60,Sinapis Arvensis Whole,"material, not a medicine",GSRS substance class structurallyDiverse
K1:58FMD0Q0EV,Parsley,"material, not a medicine",GSRS substance class structurallyDiverse
K1:59070I8M63,Pinus Sylvestris Pollen,"material, not a medicine",GSRS substance class structurallyDiverse
K1:59150S2EOG,Lophophytum Leandrii,"material, not a medicine",GSRS substance class structurallyDiverse
K1:591BV50NV8,Chlorella Pyrenoidosa,"material, not a medicine",GSRS substance class structurallyDiverse
K1:5928LJ1441,Populus Deltoides Subsp. Monilifera Pollen,"material, not a medicine",GSRS substance class structurallyDiverse
K1:5964J742O8,Geotrichum Candidum,"material, not a medicine",GSRS substance class structurallyDiverse
K1:59677RXH25,Equisetum Hyemale,"material, not a medicine",GSRS substance class structurallyDiverse
K1:597E9BI3Z3,Arctium Lappa Root,"material, not a medicine",GSRS substance class structurallyDiverse
K1:597LBL467J,Formosan Sweet-Gum,"material, not a medicine",GSRS substance class structurallyDiverse
K1:597RLJ09RG,Sus Scrofa Bone,"material, not a medicine",GSRS substance class structurallyDiverse
K1:599O6K8K81,Abelmoschus Moschatus Flower,"material, not a medicine",GSRS substance class structurallyDiverse
K1:59CH355QGQ,Centaurea Solstitialis Whole,"material, not a medicine",GSRS substance class structurallyDiverse
K1:59H16CDI5E,Phyllolobium Chinense Seed,"material, not a medicine",GSRS substance class structurallyDiverse
K1:59WJ3TGA5K,Rilimogene galvacirepvec,"material, not a medicine",GSRS substance class structurallyDiverse
K1:5A3Y60049Z,Felis Catus Milk,"material, not a medicine",GSRS substance class structurallyDiverse
K1:5A9KE2L9L3,Orange Juice,"material, not a medicine",GSRS substance class structurallyDiverse
K1:5AN5LR8L3F,Artemisia Frigida Pollen,"material, not a medicine",GSRS substance class structurallyDiverse
K1:5AZ4S6N66F,Melaleuca Alternifolia Flowering Top,"material, not a medicine",GSRS substance class structurallyDiverse
K1:5AZZ2GHR69,Sus Scrofa Parasympathetic Nerve,"material, not a medicine",GSRS substance class structurallyDiverse
K1:5BFC8LZ6LQ,Hepatitis A Virus Strain HM175 Antigen (FORMALDEHYDE INACTIVATED),"material, not a medicine",GSRS substance class structurallyDiverse
K1:5BGG872373,Carya Laciniosa Pollen,"material, not a medicine",GSRS substance class structurallyDiverse
K1:5BIA40E9ED,Lemongrass Oil,"material, not a medicine",GSRS substance class structurallyDiverse
K1:5C5403N26O,Acacia,"material, not a medicine",GSRS substance class structurallyDiverse
K1:5C7J33MJJ1,Streptococcus Mutans,"material, not a medicine",GSRS substance class structurallyDiverse
K1:5CIT1X6U5V,Melon,"material, not a medicine",GSRS substance class structurallyDiverse
K1:5CXP06X16D,Camellia Japonica Flower Oil,"material, not a medicine",GSRS substance class structurallyDiverse
K1:5D48E975HA,Prunus Serotina Bark,"material, not a medicine",GSRS substance class structurallyDiverse
K1:5EF0HWI5WU,Baptisia Tinctoria Root,"material, not a medicine",GSRS substance class structurallyDiverse
K1:5ENR9SAN1W,Ilex Aquifolium Flowering Top,"material, not a medicine",GSRS substance class structurallyDiverse
K1:5ERQ90UTGC,Ehrlichia Chaffeensis,"material, not a medicine",GSRS substance class structurallyDiverse
K1:5EVU04N5QU,Orange,"material, not a medicine",GSRS substance class structurallyDiverse
K1:5F5728J5E8,Plantago Asiatica Whole,"material, not a medicine",GSRS substance class structurallyDiverse
K1:5F658PFU56,Hyacinthoides Non-Scripta,"material, not a medicine",GSRS substance class structurallyDiverse
K1:5G7820U646,Leptinotarsa Decemlineata,"material, not a medicine",GSRS substance class structurallyDiverse
K1:5G78C6GB5E,Ailanthus Altissima Whole,"material, not a medicine",GSRS substance class structurallyDiverse
K1:5GP3N2YX96,Lasmecabtagene timgedleucel,"material, not a medicine",GSRS substance class structurallyDiverse
K1:5HBV6WCE3N,Thuja Occidentalis Whole,"material, not a medicine",GSRS substance class structurallyDiverse
K1:5HOC10FSIC,Beef Kidney,"material, not a medicine",GSRS substance class structurallyDiverse
K1:5HW39H9KDH,Betula Pendula Leaf,"material, not a medicine",GSRS substance class structurallyDiverse
K1:5I0R0U8ZL0,Crassostrea Gigas Shell,"material, not a medicine",GSRS substance class structurallyDiverse
K1:5IH4D25X1Q,Norwalk Virus,"material, not a medicine",GSRS substance class structurallyDiverse
K1:5J340B7H82,Fragaria Vesca Whole,"material, not a medicine",GSRS substance class structurallyDiverse
K1:5J7KGY73BE,Cirsium Arvense Stem,"material, not a medicine",GSRS substance class structurallyDiverse
K1:5JH60A416W,Moringa Oleifera Whole,"material, not a medicine",GSRS substance class structurallyDiverse
K1:5K0VU709JD,Streptococcus Pneumoniae Type 19f Capsular Polysaccharide Antigen,"material, not a medicine",GSRS substance class structurallyDiverse
K1:5K1UO2888Y,Baptisia Tinctoria,"material, not a medicine",GSRS substance class structurallyDiverse
K1:5KEZ82GMGU,Ruscus Aculeatus Whole,"material, not a medicine",GSRS substance class structurallyDiverse
K1:5KQR6FTT0D,Ptelea Trifoliata Bark,"material, not a medicine",GSRS substance class structurallyDiverse
K1:5M338IN22E,Mustard Greens,"material, not a medicine",GSRS substance class structurallyDiverse
K1:5M609NV974,Magnolia Officinalis Bark,"material, not a medicine",GSRS substance class structurallyDiverse
K1:5MG5Z946UO,Carob,"material, not a medicine",GSRS substance class structurallyDiverse
K1:5N1WD9784U,Lonicera Caprifolium Flower,"material, not a medicine",GSRS substance class structurallyDiverse
K1:5NF60V72O5,Canarium Album Whole,"material, not a medicine",GSRS substance class structurallyDiverse
K1:5NXR7DJ9WO,Coleus Forskohlii Root Oil,"material, not a medicine",GSRS substance class structurallyDiverse
K1:5O59RMR6DU,Melaleuca Cajuputi Leaf Oil,"material, not a medicine",GSRS substance class structurallyDiverse
K1:5O7CR4P444,Solenopsis Invicta,"material, not a medicine",GSRS substance class structurallyDiverse
K1:5P8D0Z74RG,Avena Sativa Whole,"material, not a medicine",GSRS substance class structurallyDiverse
K1:5PM50140E4,Calendula Arvensis Whole,"material, not a medicine",GSRS substance class structurallyDiverse
K1:5PO6NN3RRJ,Lettuce,"material, not a medicine",GSRS substance class structurallyDiverse
K1:5PWM7YLI7R,Barley,"material, not a medicine",GSRS substance class structurallyDiverse
K1:5Q01F7TPJJ,Populus Tremula Flowering Top,"material, not a medicine",GSRS substance class structurallyDiverse
K1:5Q1I94P4WG,Rose Geranium Oil,"material, not a medicine",GSRS substance class structurallyDiverse
K1:5Q246DS5BS,Liquidambar Styraciflua Pollen,"material, not a medicine",GSRS substance class structurallyDiverse
K1:5Q5PRH05GI,Ofranergene obadenovec,"material, not a medicine",GSRS substance class structurallyDiverse
K1:5Q6Y7K4846,Mentha Pulegium Whole,"material, not a medicine",GSRS substance class structurallyDiverse
K1:5Q768OY0GI,Streptococcus Pneumoniae Type 9v Capsular Polysaccharide Diphtheria Crm197 Protein Conjugate Antigen,"material, not a medicine",GSRS substance class structurallyDiverse
K1:5QIU26R6P1,Achyranthes Bidentata Root,"material, not a medicine",GSRS substance class structurallyDiverse
K1:5QUO05548Z,Oil Palm,"material, not a medicine",GSRS substance class structurallyDiverse
K1:5R6HPB294Y,Holarrhena Antidysenterica,"material, not a medicine",GSRS substance class structurallyDiverse
K1:5S25H8GOFC,Lilium Longiflorum Bulb,"material, not a medicine",GSRS substance class structurallyDiverse
K1:5S29HWU6QB,Ceylon Cinnamon,"material, not a medicine",GSRS substance class structurallyDiverse
K1:5S8I11UZ7P,Trapa Bicornis Seed,"material, not a medicine",GSRS substance class structurallyDiverse
K1:5SKG37872O,Streptococcus Pneumoniae Type 5 Capsular Polysaccharide Diphtheria Crm197 Protein Conjugate Antigen,"material, not a medicine",GSRS substance class structurallyDiverse
K1:5T6S1T25EB,Terminalia Arjuna Whole,"material, not a medicine",GSRS substance class structurallyDiverse
K1:5TXQ46WBCE,Bindweed,"material, not a medicine",GSRS substance class structurallyDiverse
K1:5U38E02853,Campylobacter Jejuni,"material, not a medicine",GSRS substance class structurallyDiverse
K1:5UAU16Z1U4,Scabies Lesion Lysate (HUMAN),"material, not a medicine",GSRS substance class structurallyDiverse
K1:5UWX3W0MAN,Magnolia Denudata Flower Bud,"material, not a medicine",GSRS substance class structurallyDiverse
K1:5V2WV5E8ZJ,Tesrivetcel,"material, not a medicine",GSRS substance class structurallyDiverse
K1:5VM709H93V,Prickly Pear Leaf,"material, not a medicine",GSRS substance class structurallyDiverse
K1:5W5Y77N8W9,Rudbeckia Hirta Whole,"material, not a medicine",GSRS substance class structurallyDiverse
K1:5W6JAI84OI,Allenrolfea Occidentalis Pollen,"material, not a medicine",GSRS substance class structurallyDiverse
K1:5WE8P977RQ,Hydrolysed Bovine Collagen (ENZYMATIC; 3500 MW),"material, not a medicine",GSRS substance class structurallyDiverse
K1:5WS1632J8W,Packera Aurea,"material, not a medicine",GSRS substance class structurallyDiverse
K1:5WT9515NDE,Ovis Aries Whole,"material, not a medicine",GSRS substance class structurallyDiverse
K1:5X9Y89ENI9,Ctenocephalides Felis,"material, not a medicine",GSRS substance class structurallyDiverse
K1:5Y05905N7G,Pimpinella Saxifraga Root,"material, not a medicine",GSRS substance class structurallyDiverse
K1:5YM66ALY0U,Ailanthus Altissima Bark,"material, not a medicine",GSRS substance class structurallyDiverse
K1:5Z6Q4P5ET5,Sonpiretigene isteparvovec,"material, not a medicine",GSRS substance class structurallyDiverse
K1:5Z72SSS34W,Aglatimagene besadenovec,"material, not a medicine",GSRS substance class structurallyDiverse
K1:604NK4250S,Onosmodium Virginianum,"material, not a medicine",GSRS substance class structurallyDiverse
K1:605T96G8Y5,Alnus Incana Subsp. Rugosa Pollen,"material, not a medicine",GSRS substance class structurallyDiverse
K1:6069DS9S3U,Jacobaea Maritima Leaf,"material, not a medicine",GSRS substance class structurallyDiverse
K1:608DGJ6815,Black Hellebore,"material, not a medicine",GSRS substance class structurallyDiverse
K1:60BVI1Y89A,Aphanamixis Polystachya Whole,"material, not a medicine",GSRS substance class structurallyDiverse
K1:60EUO12HBX,Pinus Tabuliformis Pollen,"material, not a medicine",GSRS substance class structurallyDiverse
K1:60Q6UP226V,Lonicera Japonica Top,"material, not a medicine",GSRS substance class structurallyDiverse
K1:60RO23IR87,Poppy Seed,"material, not a medicine",GSRS substance class structurallyDiverse
K1:612HZ21596,Eryngium Yuccifolium Root,"material, not a medicine",GSRS substance class structurallyDiverse
K1:612YOZ36DG,Trifolium Pratense Leaf,"material, not a medicine",GSRS substance class structurallyDiverse
K1:6177A89GA2,Tussilago Farfara Whole,"material, not a medicine",GSRS substance class structurallyDiverse
K1:61W322NLDV,Nelumbo Nucifera Flower,"material, not a medicine",GSRS substance class structurallyDiverse
K1:621HHM46SV,Lemna Minor,"material, not a medicine",GSRS substance class structurallyDiverse
K1:6268MFA917,Lilium Lancifolium Flowering Top,"material, not a medicine",GSRS substance class structurallyDiverse
K1:62GJ4SI7G8,Canine Morbillivirus,"material, not a medicine",GSRS substance class structurallyDiverse
K1:62I3C8233L,Ipecac,"material, not a medicine",GSRS substance class structurallyDiverse
K1:62IB9494JA,White Dead Nettle Flower,"material, not a medicine",GSRS substance class structurallyDiverse
K1:62OII98F1T,Melaleuca Citrina Pollen,"material, not a medicine",GSRS substance class structurallyDiverse
K1:62TY3X4N9Z,Rhodotorula Mucilaginosa,"material, not a medicine",GSRS substance class structurallyDiverse
K1:63218N1ZBI,Fagus Sylvatica Pollen,"material, not a medicine",GSRS substance class structurallyDiverse
K1:6334XMP4KC,Human Rotavirus A Type G4P7(5) Strain Brb Live Antigen,"material, not a medicine",GSRS substance class structurallyDiverse
K1:639KR60Q1Q,Gelsemium Sempervirens Root,"material, not a medicine",GSRS substance class structurallyDiverse
K1:63E6RXM429,Human Coxsackievirus B5,"material, not a medicine",GSRS substance class structurallyDiverse
K1:63O327782Q,Sus Scrofa Artery,"material, not a medicine",GSRS substance class structurallyDiverse
K1:63POE2M46Y,Elm,"material, not a medicine",GSRS substance class structurallyDiverse
K1:63TBJ590BL,Ambrosia Confertiflora Pollen,"material, not a medicine",GSRS substance class structurallyDiverse
K1:63V91G4W93,Storax,"material, not a medicine",GSRS substance class structurallyDiverse
K1:644C3CSB6E,Styphnolobium Japonicum Flower,"material, not a medicine",GSRS substance class structurallyDiverse
K1:644CZ16IR5,Solidago Canadensis Pollen,"material, not a medicine",GSRS substance class structurallyDiverse
K1:646O39K8BJ,Arum Maculatum Root,"material, not a medicine",GSRS substance class structurallyDiverse
K1:64O5K2QE92,Chicken Gizzard,"material, not a medicine",GSRS substance class structurallyDiverse
K1:64SQ6WC9ET,Zertomibgene cazparvovec,"material, not a medicine",GSRS substance class structurallyDiverse
K1:6532U64A3X,Sarcobatus Vermiculatus Pollen,"material, not a medicine",GSRS substance class structurallyDiverse
K1:654825W09Z,Fenugreek,"material, not a medicine",GSRS substance class structurallyDiverse
K1:6559FC0U1B,Qin Jiao,"material, not a medicine",GSRS substance class structurallyDiverse
K1:659G217HPG,Brown Rice,"material, not a medicine",GSRS substance class structurallyDiverse
K1:65J267BAZT,Actaea Cimicifuga Root,"material, not a medicine",GSRS substance class structurallyDiverse
K1:65KD9TD4C3,Nectarine,"material, not a medicine",GSRS substance class structurallyDiverse
K1:65M88RW2EG,Phleum Pratense Pollen,"material, not a medicine",GSRS substance class structurallyDiverse
K1:65UEH262IS,Safflower Oil,"material, not a medicine",GSRS substance class structurallyDiverse
K1:660486U6OI,Ginkgo Biloba Whole,"material, not a medicine",GSRS substance class structurallyDiverse
K1:662J7FTA7T,Ambrosia Salsola Pollen,"material, not a medicine",GSRS substance class structurallyDiverse
K1:6654882GP8,Artemisia Maritima Flower,"material, not a medicine",GSRS substance class structurallyDiverse
K1:666773BZEN,Apis Cerana Whole,"material, not a medicine",GSRS substance class structurallyDiverse
K1:669818346F,Streptococcus Pneumoniae Type 8 Capsular Polysaccharide Antigen,"material, not a medicine",GSRS substance class structurallyDiverse
K1:66KX72J4H6,Blastocystis Hominis,"material, not a medicine",GSRS substance class structurallyDiverse
K1:66LZN1C747,Bos Taurus Ovary,"material, not a medicine",GSRS substance class structurallyDiverse
K1:66Y330CJHS,Human Immunoglobulin G,"material, not a medicine",GSRS substance class structurallyDiverse
K1:66YXD4DKO9,Almond Oil,"material, not a medicine",GSRS substance class structurallyDiverse
K1:66ZQ85S65H,Sparganium,"material, not a medicine",GSRS substance class structurallyDiverse
K1:67B9LP62ET,Satricabtagene autoleucel,"material, not a medicine",GSRS substance class structurallyDiverse
K1:67K644H3TO,Artemisia Capillaris Top,"material, not a medicine",GSRS substance class structurallyDiverse
K1:67M3EQ6BE1,Plum,"material, not a medicine",GSRS substance class structurallyDiverse
K1:67P4WI780Z,Mycobacterium Avium,"material, not a medicine",GSRS substance class structurallyDiverse
K1:6810070TYD,Centella Asiatica Leaf,"material, not a medicine",GSRS substance class structurallyDiverse
K1:6815CPT6ZJ,Pistachio,"material, not a medicine",GSRS substance class structurallyDiverse
K1:681K1JDI8M,Valoctocogene roxaparvovec,"material, not a medicine",GSRS substance class structurallyDiverse
K1:68HKD4QMJR,Ehrendorferia Chrysantha Whole,"material, not a medicine",GSRS substance class structurallyDiverse
K1:68OG1407SM,Boletus Satanas Fruiting Body,"material, not a medicine",GSRS substance class structurallyDiverse
K1:68P4F4M6VD,Elaeagnus Angustifolia Pollen,"material, not a medicine",GSRS substance class structurallyDiverse
K1:68R9X9Y96X,Celtis Occidentalis Pollen,"material, not a medicine",GSRS substance class structurallyDiverse
K1:68W3SD800Q,Chicken Bone,"material, not a medicine",GSRS substance class structurallyDiverse
K1:692OX2DX0E,Sus Scrofa Mammary Gland,"material, not a medicine",GSRS substance class structurallyDiverse
K1:69441FUI2H,Ficus Religiosa,"material, not a medicine",GSRS substance class structurallyDiverse
K1:69J42KMV8D,Epifagus Virginiana Whole,"material, not a medicine",GSRS substance class structurallyDiverse
K1:69KDL2830A,Rattus Norvegicus Hair,"material, not a medicine",GSRS substance class structurallyDiverse
K1:69O1DAO10G,Human Coxsackievirus B3,"material, not a medicine",GSRS substance class structurallyDiverse
K1:69VJ1LPN1S,Cannabis Sativa Seed Oil,"material, not a medicine",GSRS substance class structurallyDiverse
K1:6A001Y4M5A,Skim Milk,"material, not a medicine",GSRS substance class structurallyDiverse
K1:6AU0ZD8T1O,Pascopyrum Smithii Pollen,"material, not a medicine",GSRS substance class structurallyDiverse
K1:6CO90XQD9O,Sequoiadendron Giganteum Whole,"material, not a medicine",GSRS substance class structurallyDiverse
K1:6D4M1DAL6O,Polyoxyl 35 Castor Oil,"material, not a medicine",GSRS substance class structurallyDiverse
K1:6D5V13045W,Fagus Sylvatica Flower Bud,"material, not a medicine",GSRS substance class structurallyDiverse
K1:6D74QW4H67,Lactuca Virosa,"material, not a medicine",GSRS substance class structurallyDiverse
K1:6DI1HBV20R,Nicotiana Tabacum Whole,"material, not a medicine",GSRS substance class structurallyDiverse
K1:6DRV3D37XS,Saururus Chinensis Whole,"material, not a medicine",GSRS substance class structurallyDiverse
K1:6DXR2088WL,Alisma Plantago-Aquatica Root,"material, not a medicine",GSRS substance class structurallyDiverse
K1:6EC706HI7F,Pork Liver,"material, not a medicine",GSRS substance class structurallyDiverse
K1:6EF1RL8Z5O,Histoplasma Capsulatum,"material, not a medicine",GSRS substance class structurallyDiverse
K1:6EIJ3D04MR,Prosopis Juliflora Pollen,"material, not a medicine",GSRS substance class structurallyDiverse
K1:6F61V9UVRC,Human Coxsackievirus A,"material, not a medicine",GSRS substance class structurallyDiverse
K1:6FL1LS2S6K,Vaccinia Virus Strain Lister (PRODUCED In Chick EMBRYO),"material, not a medicine",GSRS substance class structurallyDiverse
K1:6FP5625ZD4,Viscum Album Subsp. Abietis Whole,"material, not a medicine",GSRS substance class structurallyDiverse
K1:6FS6FK5S8N,Oenanthe Crocata Root,"material, not a medicine",GSRS substance class structurallyDiverse
K1:6G3UN932VF,Chelone Glabra,"material, not a medicine",GSRS substance class structurallyDiverse
K1:6G53L8ESRK,Green Peppercorn,"material, not a medicine",GSRS substance class structurallyDiverse
K1:6GE7Z0761K,Tanacetum Parthenium Whole,"material, not a medicine",GSRS substance class structurallyDiverse
K1:6GLA1946WX,Handroanthus Impetiginosus Bark,"material, not a medicine",GSRS substance class structurallyDiverse
K1:6H7JQ0XD0D,Berberis Repens Root,"material, not a medicine",GSRS substance class structurallyDiverse
K1:6H89ZY31MR,Euphorbia Hirta Flowering Top,"material, not a medicine",GSRS substance class structurallyDiverse
K1:6HD2W46UEG,Green Olive,"material, not a medicine",GSRS substance class structurallyDiverse
K1:6HHE9M7R1C,Gecko,"material, not a medicine",GSRS substance class structurallyDiverse
K1:6ICN6T7FEM,Anemone Hepatica Var. Obtusa,"material, not a medicine",GSRS substance class structurallyDiverse
K1:6IO182RP7A,Toxicodendron Pubescens Leaf,"material, not a medicine",GSRS substance class structurallyDiverse
K1:6J43Y8MXF0,Pulsatilla Alpina Whole,"material, not a medicine",GSRS substance class structurallyDiverse
K1:6JR6JTN25S,Epidermophyton Floccosum,"material, not a medicine",GSRS substance class structurallyDiverse
K1:6KF1RLN1CI,Pine Needle Oil (PINUS MUGO),"material, not a medicine",GSRS substance class structurallyDiverse
K1:6L5ZL09795,Centaurea Benedicta,"material, not a medicine",GSRS substance class structurallyDiverse
K1:6L966A1IMR,Wheat Bran,"material, not a medicine",GSRS substance class structurallyDiverse
K1:6LK42KUV6W,Bombyx Mori Fiber,"material, not a medicine",GSRS substance class structurallyDiverse
K1:6M2JIH93ZN,Salix Nigra Pollen,"material, not a medicine",GSRS substance class structurallyDiverse
K1:6M47G7C4SY,Cayenne Pepper,"material, not a medicine",GSRS substance class structurallyDiverse
K1:6M98DC08TZ,Fusarium Oxysporum Vasinfectum,"material, not a medicine",GSRS substance class structurallyDiverse
K1:6MT58Z9E5P,Bombyx Mori Whole,"material, not a medicine",GSRS substance class structurallyDiverse
K1:6MW97Q6E8M,Atropa Belladonna Root,"material, not a medicine",GSRS substance class structurallyDiverse
K1:6N0G8XY3T8,Viburnum Opulus Root,"material, not a medicine",GSRS substance class structurallyDiverse
K1:6NAF1689IO,Schoenocaulon Officinale Seed,"material, not a medicine",GSRS substance class structurallyDiverse
K1:6NWC5E4H38,Bos Taurus Parotid Gland,"material, not a medicine",GSRS substance class structurallyDiverse
K1:6O38V6B52O,Lentil,"material, not a medicine",GSRS substance class structurallyDiverse
K1:6OFG7K362R,Dicentra Formosa Whole,"material, not a medicine",GSRS substance class structurallyDiverse
K1:6OH33Q0G1O,Combretum Indicum Whole,"material, not a medicine",GSRS substance class structurallyDiverse
K1:6PRJ93602P,"ALCOHOL, X-RAY Exposed (1000 RAD)","material, not a medicine",GSRS substance class structurallyDiverse
K1:6RV024OAUQ,Sus Scrofa Thyroid,"material, not a medicine",GSRS substance class structurallyDiverse
K1:6S5Q1Q537Z,Chaenomeles Sinensis Fruit,"material, not a medicine",GSRS substance class structurallyDiverse
K1:6S9317F2UT,Caltha Palustris,"material, not a medicine",GSRS substance class structurallyDiverse
K1:6SZ0G98BHM,Spongilla Lacustris,"material, not a medicine",GSRS substance class structurallyDiverse
K1:6T362S6JF6,American Lobster,"material, not a medicine",GSRS substance class structurallyDiverse
K1:6T6CO7R3Z5,Araneus Diadematus,"material, not a medicine",GSRS substance class structurallyDiverse
K1:6TG3V35HTV,Vitis Vinifera Flowering Top,"material, not a medicine",GSRS substance class structurallyDiverse
K1:6TN2P16IOQ,Treponema Denticola,"material, not a medicine",GSRS substance class structurallyDiverse
K1:6U600U1326,Quercus Nigra Pollen,"material, not a medicine",GSRS substance class structurallyDiverse
K1:6ULF85Z07J,Noni Fruit Juice,"material, not a medicine",GSRS substance class structurallyDiverse
K1:6UYK2W1W1E,Olive Oil,"material, not a medicine",GSRS substance class structurallyDiverse
K1:6VNO72PFC1,Avocado Oil,"material, not a medicine",GSRS substance class structurallyDiverse
K1:6W864D0X3X,Cananga Odorata Leaf Oil,"material, not a medicine",GSRS substance class structurallyDiverse
K1:6WO75C6WVB,Spinach,"material, not a medicine",GSRS substance class structurallyDiverse
K1:6X68976407,Argemone Mexicana,"material, not a medicine",GSRS substance class structurallyDiverse
K1:6XEF22AHC3,Berberis Vulgaris Fruit,"material, not a medicine",GSRS substance class structurallyDiverse
K1:6Y582I290C,Lachesis Muta Whole,"material, not a medicine",GSRS substance class structurallyDiverse
K1:6Y6SEX9G35,Plixacabtagene autoleucel,"material, not a medicine",GSRS substance class structurallyDiverse
K1:6Y89129C8H,ANISE OIL,"material, not a medicine",GSRS substance class structurallyDiverse
K1:6Y8XYV2NOF,Bee Propolis,"material, not a medicine",GSRS substance class structurallyDiverse
K1:6YR2608RSU,Tobacco Leaf,"material, not a medicine",GSRS substance class structurallyDiverse
K1:6YSJ329777,Strychnos Ignatii Whole,"material, not a medicine",GSRS substance class structurallyDiverse
K1:6Z9BZ8Q1D0,Gutta Percha,"material, not a medicine",GSRS substance class structurallyDiverse
K1:6ZAE7X688J,Liquid Petroleum,"material, not a medicine",GSRS substance class structurallyDiverse
K1:6ZJ8N1924Z,Malus Sylvestris Flower,"material, not a medicine",GSRS substance class structurallyDiverse
K1:700NK45C76,Acer Rubrum Pollen,"material, not a medicine",GSRS substance class structurallyDiverse
K1:7062I37LB3,Atlantic Salmon,"material, not a medicine",GSRS substance class structurallyDiverse
K1:70759G2U6A,Lavandula Stoechas Flowering Top,"material, not a medicine",GSRS substance class structurallyDiverse
K1:709HYI14M4,Pygeum,"material, not a medicine",GSRS substance class structurallyDiverse
K1:70J9Z0J26P,Amber,"material, not a medicine",GSRS substance class structurallyDiverse
K1:70LDW53ROO,Cotton,"material, not a medicine",GSRS substance class structurallyDiverse
K1:70O1TP6H01,Holcus Lanatus Pollen,"material, not a medicine",GSRS substance class structurallyDiverse
K1:70TF95C8U7,Zinnia Elegans Whole,"material, not a medicine",GSRS substance class structurallyDiverse
K1:710FLW4U46,Urtica Dioica,"material, not a medicine",GSRS substance class structurallyDiverse
K1:7114SV0MYK,Selenicereus Grandiflorus Stem,"material, not a medicine",GSRS substance class structurallyDiverse
K1:714783Y9Z0,Salvia Miltiorrhiza Whole,"material, not a medicine",GSRS substance class structurallyDiverse
K1:714I8DV77O,Bos Taurus Mammary Gland,"material, not a medicine",GSRS substance class structurallyDiverse
K1:714LIU3V6D,Nuphar Lutea Root,"material, not a medicine",GSRS substance class structurallyDiverse
K1:717DPT98VM,Aesculus Carnea Flower,"material, not a medicine",GSRS substance class structurallyDiverse
K1:718MWR54QO,Piper Aduncum Leaf,"material, not a medicine",GSRS substance class structurallyDiverse
K1:71AOV0W131,Picea Mariana Resin,"material, not a medicine",GSRS substance class structurallyDiverse
K1:71ES77LGJC,Kiwi,"material, not a medicine",GSRS substance class structurallyDiverse
K1:724GKU717M,Jojoba Oil,"material, not a medicine",GSRS substance class structurallyDiverse
K1:725P2LR8RG,Human Peripheral Nerve Tissue,"material, not a medicine",GSRS substance class structurallyDiverse
K1:72M7L7U43V,BALURETGENE PARVEC,"material, not a medicine",GSRS substance class structurallyDiverse
K1:72NWF32VZ6,Ceiba Pentandra Seed,"material, not a medicine",GSRS substance class structurallyDiverse
K1:72Q967Y48V,Artemisia Vulgaris Oil,"material, not a medicine",GSRS substance class structurallyDiverse
K1:72QQ293E8P,Arbutus Andrachne Leafy Shoot,"material, not a medicine",GSRS substance class structurallyDiverse
K1:72T9EZC2VX,Eucalyptus,"material, not a medicine",GSRS substance class structurallyDiverse
K1:73070DU1LA,Arctium Lappa Whole,"material, not a medicine",GSRS substance class structurallyDiverse
K1:738RYFW7B0,Bartonella Bacilliformis DNA,"material, not a medicine",GSRS substance class structurallyDiverse
K1:739684T11W,Solenopsis Richteri,"material, not a medicine",GSRS substance class structurallyDiverse
K1:7399B063X9,Semecarpus Anacardium Fruit,"material, not a medicine",GSRS substance class structurallyDiverse
K1:73B14PX5FW,Amaranthus Retroflexus Pollen,"material, not a medicine",GSRS substance class structurallyDiverse
K1:73BHJ429FF,Arisaema Dracontium Root,"material, not a medicine",GSRS substance class structurallyDiverse
K1:73DM367W4P,Equisetum Arvense Whole,"material, not a medicine",GSRS substance class structurallyDiverse
K1:73ECW5WG2F,Sus Scrofa Cartilage,"material, not a medicine",GSRS substance class structurallyDiverse
K1:73KKR92BI9,Spanish Thyme,"material, not a medicine",GSRS substance class structurallyDiverse
K1:73W9IQY50Q,Karaya Gum,"material, not a medicine",GSRS substance class structurallyDiverse
K1:74068FOS7R,Hieracium Pilosella Whole,"material, not a medicine",GSRS substance class structurallyDiverse
K1:740KW2J7GZ,Human Adenovirus B Serotype 3,"material, not a medicine",GSRS substance class structurallyDiverse
K1:743VRI393X,Black Gram,"material, not a medicine",GSRS substance class structurallyDiverse
K1:7446H202QW,Mastic,"material, not a medicine",GSRS substance class structurallyDiverse
K1:744CCZ722D,Leucanthemum Vulgare Whole,"material, not a medicine",GSRS substance class structurallyDiverse
K1:74A8KT7B4S,Latovetcel,"material, not a medicine",GSRS substance class structurallyDiverse
K1:74J6DNH49U,Human Herpesvirus 2,"material, not a medicine",GSRS substance class structurallyDiverse
K1:74O70D6VG0,Guava,"material, not a medicine",GSRS substance class structurallyDiverse
K1:74PD8J616H,Zea Mays Pollen,"material, not a medicine",GSRS substance class structurallyDiverse
K1:74S41QF7VF,Lomatium Dissectum Whole,"material, not a medicine",GSRS substance class structurallyDiverse
K1:74V0KIG3TK,Veratrum Nigrum Flowering Top,"material, not a medicine",GSRS substance class structurallyDiverse
K1:751E8J54VM,Clostridium Tetani,"material, not a medicine",GSRS substance class structurallyDiverse
K1:75356789IW,Prunus Armeniaca Seed,"material, not a medicine",GSRS substance class structurallyDiverse
K1:75447U56MI,Glehnia Root,"material, not a medicine",GSRS substance class structurallyDiverse
K1:7556HJ7587,Gamboge,"material, not a medicine",GSRS substance class structurallyDiverse
K1:758Z9H9WV9,Ceiba Pentandra Fiber,"material, not a medicine",GSRS substance class structurallyDiverse
K1:75CX1FK19V,Polyporus,"material, not a medicine",GSRS substance class structurallyDiverse
K1:75IZZ8Y727,Camphor Oil,"material, not a medicine",GSRS substance class structurallyDiverse
K1:75O014T1HG,Drosera Rotundifolia Flowering Top,"material, not a medicine",GSRS substance class structurallyDiverse
K1:75UOH57984,Acer Saccharum Sap,"material, not a medicine",GSRS substance class structurallyDiverse
K1:76013O881M,Apis Mellifera Venom,"material, not a medicine",GSRS substance class structurallyDiverse
K1:760HJB0YRD,Obecabtagene autoleucel,"material, not a medicine",GSRS substance class structurallyDiverse
K1:760T5R8B3O,Salmonella Enterica Enterica Serovar Typhi,"material, not a medicine",GSRS substance class structurallyDiverse
K1:7626GC95E5,Coriander Oil,"material, not a medicine",GSRS substance class structurallyDiverse
K1:766QT72BK6,Bromus Inermis Pollen,"material, not a medicine",GSRS substance class structurallyDiverse
K1:7671P4OO4U,Sanicula Europaea Top,"material, not a medicine",GSRS substance class structurallyDiverse
K1:769297N5OK,Olea Europaea Whole,"material, not a medicine",GSRS substance class structurallyDiverse
K1:76UI55V071,Oenothera Biennis Whole,"material, not a medicine",GSRS substance class structurallyDiverse
K1:76Z7K87WV9,Winter Savory,"material, not a medicine",GSRS substance class structurallyDiverse
K1:7776U7P31L,Edible Oyster,"material, not a medicine",GSRS substance class structurallyDiverse
K1:77H9EM77P7,Hepatitis B Virus,"material, not a medicine",GSRS substance class structurallyDiverse
K1:77K87U8X7J,Solidago Virgaurea Pollen,"material, not a medicine",GSRS substance class structurallyDiverse
K1:77MKL7AR5I,Adansonia Digitata Seed Oil,"material, not a medicine",GSRS substance class structurallyDiverse
K1:77X11O684J,Platanus X Acerifolia Pollen,"material, not a medicine",GSRS substance class structurallyDiverse
K1:7829X3G2X5,Morinda Citrifolia Fruit,"material, not a medicine",GSRS substance class structurallyDiverse
K1:7832HOY4ZQ,Dulse,"material, not a medicine",GSRS substance class structurallyDiverse
K1:786YV7B602,Black-Eyed Pea,"material, not a medicine",GSRS substance class structurallyDiverse
K1:787BZ3D14H,Pinus Mugo Leafy Twig,"material, not a medicine",GSRS substance class structurallyDiverse
K1:787Z7N9UCU,Calamus Draco Resin,"material, not a medicine",GSRS substance class structurallyDiverse
K1:78SU4N7MVG,Neldaleucel,"material, not a medicine",GSRS substance class structurallyDiverse
K1:799ZL63XM1,Sus Scrofa Urethra,"material, not a medicine",GSRS substance class structurallyDiverse
K1:79EDH25YRK,Alferminogene tadenovec,"material, not a medicine",GSRS substance class structurallyDiverse
K1:79G218ZMB3,Conium Maculatum Whole,"material, not a medicine",GSRS substance class structurallyDiverse
K1:79M2M2UDA9,Mentha Piperita,"material, not a medicine",GSRS substance class structurallyDiverse
K1:79ME7DT193,Tasadenoturev,"material, not a medicine",GSRS substance class structurallyDiverse
K1:79N6542N18,Kalmia Latifolia Leaf,"material, not a medicine",GSRS substance class structurallyDiverse
K1:79NT7I8J0C,Avoplacel,"material, not a medicine",GSRS substance class structurallyDiverse
K1:7A4S6N2EG2,Lactobacillus Salivarius,"material, not a medicine",GSRS substance class structurallyDiverse
K1:7A72MUN24Z,Marrubium Vulgare,"material, not a medicine",GSRS substance class structurallyDiverse
K1:7A7G0PQI12,Cervus Elaphus Horn Oil,"material, not a medicine",GSRS substance class structurallyDiverse
K1:7A99K6361Z,Oryctolagus Cuniculus Liver,"material, not a medicine",GSRS substance class structurallyDiverse
K1:7B69B0BD62,Sus Scrofa Thymus,"material, not a medicine",GSRS substance class structurallyDiverse
K1:7BN8468162,Astragalus Crassicarpus Whole,"material, not a medicine",GSRS substance class structurallyDiverse
K1:7BP4DH5PDC,Scutellaria Lateriflora,"material, not a medicine",GSRS substance class structurallyDiverse
K1:7BWD4SYN2A,Lactobacillus Johnsonii,"material, not a medicine",GSRS substance class structurallyDiverse
K1:7C42E2D7B0,Taraxacum Officinale Whole,"material, not a medicine",GSRS substance class structurallyDiverse
K1:7COI029E6K,Human Herpesvirus 5,"material, not a medicine",GSRS substance class structurallyDiverse
K1:7CTH8MD549,Gardenia,"material, not a medicine",GSRS substance class structurallyDiverse
K1:7CTV6G2L4K,Carlina Vulgaris Whole,"material, not a medicine",GSRS substance class structurallyDiverse
K1:7D0CGR40U1,Oregano Leaf Oil,"material, not a medicine",GSRS substance class structurallyDiverse
K1:7D28M9SL9B,Mercurialis Annua Flowering Top,"material, not a medicine",GSRS substance class structurallyDiverse
K1:7D3VB244UX,Corn Silk,"material, not a medicine",GSRS substance class structurallyDiverse
K1:7D8DU3293G,Capsella Bursa-Pastoris Top,"material, not a medicine",GSRS substance class structurallyDiverse
K1:7DC28K241X,Plantago Major Leaf,"material, not a medicine",GSRS substance class structurallyDiverse
K1:7DX2J287CV,Sus Scrofa Ear,"material, not a medicine",GSRS substance class structurallyDiverse
K1:7E34E106BO,Atlantic Halibut,"material, not a medicine",GSRS substance class structurallyDiverse
K1:7E889U5RNN,Chelidonium Majus,"material, not a medicine",GSRS substance class structurallyDiverse
K1:7EA48700V9,Poa Pratensis Top,"material, not a medicine",GSRS substance class structurallyDiverse
K1:7EK4SFN1TX,Ricinus Communis Seed,"material, not a medicine",GSRS substance class structurallyDiverse
K1:7EV65EAW6H,Lanolin,"material, not a medicine",GSRS substance class structurallyDiverse
K1:7FV667B00B,Tropaeolum Majus Flower,"material, not a medicine",GSRS substance class structurallyDiverse
K1:7G1J5DA97F,White Wax,"material, not a medicine",GSRS substance class structurallyDiverse
K1:7GL3G1COB3,Sus Scrofa Lung,"material, not a medicine",GSRS substance class structurallyDiverse
K1:7H0QTZ446K,Menyanthes Trifoliata,"material, not a medicine",GSRS substance class structurallyDiverse
K1:7H443NUB2T,Scrophularia Nodosa,"material, not a medicine",GSRS substance class structurallyDiverse
K1:7IFM8431X3,Laricifomes Officinalis Fruiting Body,"material, not a medicine",GSRS substance class structurallyDiverse
K1:7IIH57D9E0,Populus Tremuloides Leaf,"material, not a medicine",GSRS substance class structurallyDiverse
K1:7J12CD6O9L,Bos Taurus Skin,"material, not a medicine",GSRS substance class structurallyDiverse
K1:7J37EHM6J6,Ononis Repens Whole,"material, not a medicine",GSRS substance class structurallyDiverse
K1:7J57TP95QO,Ganoderma Applanatum,"material, not a medicine",GSRS substance class structurallyDiverse
K1:7J6DBS5FRN,Variola Virus,"material, not a medicine",GSRS substance class structurallyDiverse
K1:7J95K7ID2S,Scutellaria Baicalensis Root,"material, not a medicine",GSRS substance class structurallyDiverse
K1:7JM57I419K,Bos Taurus Pituitary Gland,"material, not a medicine",GSRS substance class structurallyDiverse
K1:7JWJ3HXZ9U,Juniperus Occidentalis Pollen,"material, not a medicine",GSRS substance class structurallyDiverse
K1:7JX5YDQ0D6,Eschscholzia Californica Flower,"material, not a medicine",GSRS substance class structurallyDiverse
K1:7K2YOJ14X0,Lisocabtagene maraleucel,"material, not a medicine",GSRS substance class structurallyDiverse
K1:7K91ZBK8GJ,Oregano Flowering Top,"material, not a medicine",GSRS substance class structurallyDiverse
K1:7KV510R6H6,Nerium Oleander Leaf,"material, not a medicine",GSRS substance class structurallyDiverse
K1:7LP92X4WPE,pariglasgene brecaparvovec,"material, not a medicine",GSRS substance class structurallyDiverse
K1:7M867G6T1U,Centella Asiatica,"material, not a medicine",GSRS substance class structurallyDiverse
K1:7N2B70SFEZ,Rice Germ,"material, not a medicine",GSRS substance class structurallyDiverse
K1:7N444M3926,Cornus Rugosa Whole,"material, not a medicine",GSRS substance class structurallyDiverse
K1:7NF3GE7IWR,Chamaemelum Nobile,"material, not a medicine",GSRS substance class structurallyDiverse
K1:7NLV25LOSI,Streptococcus Pneumoniae Type 22f Capsular Polysaccharide Antigen,"material, not a medicine",GSRS substance class structurallyDiverse
K1:7OR5YIL2C6,Wuchereria Bancrofti,"material, not a medicine",GSRS substance class structurallyDiverse
K1:7ORP6R724L,Penicillium Roqueforti,"material, not a medicine",GSRS substance class structurallyDiverse
K1:7P7342526P,Ocrase,"material, not a medicine",GSRS substance class structurallyDiverse
K1:7PGE2DJ8QM,Sus Scrofa Ureter,"material, not a medicine",GSRS substance class structurallyDiverse
K1:7PH07Z124Q,Clematis Vitalba Whole,"material, not a medicine",GSRS substance class structurallyDiverse
K1:7PI26E943G,Dolichovespula Arenaria Venom Protein,"material, not a medicine",GSRS substance class structurallyDiverse
K1:7Q50F46595,Pea Protein,"material, not a medicine",GSRS substance class structurallyDiverse
K1:7Q7T9Z7QUW,Sus Scrofa Hair,"material, not a medicine",GSRS substance class structurallyDiverse
K1:7Q7VH25L5D,Rutabaga,"material, not a medicine",GSRS substance class structurallyDiverse
K1:7Q9DHH4FGG,Anaerococcus Tetradius,"material, not a medicine",GSRS substance class structurallyDiverse
K1:7QFT17RLRG,Lobelia,"material, not a medicine",GSRS substance class structurallyDiverse
K1:7QH7EKX6K6,Bos Taurus Brainstem,"material, not a medicine",GSRS substance class structurallyDiverse
K1:7R4LQP52DM,Leontopodium Alpinum,"material, not a medicine",GSRS substance class structurallyDiverse
K1:7RJ7NSG7A0,Inetagugene geperpavec,"material, not a medicine",GSRS substance class structurallyDiverse
K1:7S6NW5FH8X,Dendryphiella Vinosa,"material, not a medicine",GSRS substance class structurallyDiverse
K1:7S7TV2F4XC,Stephania Tetrandra Whole,"material, not a medicine",GSRS substance class structurallyDiverse
K1:7S82P3R43Z,Apis Mellifera,"material, not a medicine",GSRS substance class structurallyDiverse
K1:7S9328671Z,Stemona Tuberosa Root,"material, not a medicine",GSRS substance class structurallyDiverse
K1:7SAB275FP2,Ocimum Basilicum Flowering Top,"material, not a medicine",GSRS substance class structurallyDiverse
K1:7SCP4N87CI,Clematis Vitalba Flower,"material, not a medicine",GSRS substance class structurallyDiverse
K1:7TLR512M4A,Haematonectria Haematococca,"material, not a medicine",GSRS substance class structurallyDiverse
K1:7TPC058OWY,Robinia Pseudoacacia Bark,"material, not a medicine",GSRS substance class structurallyDiverse
K1:7TRV45YZF7,Polygonum Cuspidatum Root,"material, not a medicine",GSRS substance class structurallyDiverse
K1:7TZA0YO6QR,Carpinus Betulus Whole,"material, not a medicine",GSRS substance class structurallyDiverse
K1:7U437HHU5C,Poa Annua Pollen,"material, not a medicine",GSRS substance class structurallyDiverse
K1:7U76MXL14N,Aesculus Hippocastanum Bark,"material, not a medicine",GSRS substance class structurallyDiverse
K1:7UB4J759TD,Human Vaccinia Virus Immune Globulin,"material, not a medicine",GSRS substance class structurallyDiverse
K1:7USH1LF92M,Eupolyphaga Sinensis,"material, not a medicine",GSRS substance class structurallyDiverse
K1:7VY54Y73ZG,Uzatresgene autoleucel,"material, not a medicine",GSRS substance class structurallyDiverse
K1:7X23S1OW1N,Borago Officinalis Flower,"material, not a medicine",GSRS substance class structurallyDiverse
K1:7X3MB3Z4FP,Bifidobacterium Adolescentis,"material, not a medicine",GSRS substance class structurallyDiverse
K1:7X8HL8GRTM,Alnus Rhombifolia Pollen,"material, not a medicine",GSRS substance class structurallyDiverse
K1:7XW7TB10X9,Eucalyptus Globulus Pollen,"material, not a medicine",GSRS substance class structurallyDiverse
K1:7Y1255HVXR,Sesame Seed,"material, not a medicine",GSRS substance class structurallyDiverse
K1:7Y2U36DB42,Pilocarpus Jaborandii Whole,"material, not a medicine",GSRS substance class structurallyDiverse
K1:7Y51EV0DZW,Catnip,"material, not a medicine",GSRS substance class structurallyDiverse
K1:7Y64R856MB,Greater Galangal,"material, not a medicine",GSRS substance class structurallyDiverse
K1:7YC151N82L,Bacillus Cereus,"material, not a medicine",GSRS substance class structurallyDiverse
K1:7YC686GQ8F,Polyoxyl 40 Hydrogenated Castor Oil,"material, not a medicine",GSRS substance class structurallyDiverse
K1:7ZO132YX2X,Oryctolagus Cuniculus Thymus,"material, not a medicine",GSRS substance class structurallyDiverse
K1:8003NOJ82F,Robinia Pseudoacacia Pollen,"material, not a medicine",GSRS substance class structurallyDiverse
K1:802YF989GT,Ecklonia Kurome,"material, not a medicine",GSRS substance class structurallyDiverse
K1:808UWJ59FI,Salix Lasiolepis Pollen,"material, not a medicine",GSRS substance class structurallyDiverse
K1:80CZ5Z3WH3,Taenia Solium,"material, not a medicine",GSRS substance class structurallyDiverse
K1:80K66AHT6U,Pseudostellaria Root,"material, not a medicine",GSRS substance class structurallyDiverse
K1:80N308T1NN,Zein,"material, not a medicine",GSRS substance class structurallyDiverse
K1:80T6U6714J,Elaeis Guineensis Fruit,"material, not a medicine",GSRS substance class structurallyDiverse
K1:810258W28U,Anamirta Cocculus Seed,"material, not a medicine",GSRS substance class structurallyDiverse
K1:812HCC9672,Glebionis Coronaria Whole,"material, not a medicine",GSRS substance class structurallyDiverse
K1:812R0W1I3K,Turnera Diffusa Leaf,"material, not a medicine",GSRS substance class structurallyDiverse
K1:8138AB7E8Y,Eclipta Prostrata Whole,"material, not a medicine",GSRS substance class structurallyDiverse
K1:813Z1U3E4R,Necator Americanus,"material, not a medicine",GSRS substance class structurallyDiverse
K1:815V716OR2,Gibberella Fujikuroi,"material, not a medicine",GSRS substance class structurallyDiverse
K1:8160EU25B5,Quercus Alba Whole,"material, not a medicine",GSRS substance class structurallyDiverse
K1:816CLQ4017,Northern Bluefin Tuna,"material, not a medicine",GSRS substance class structurallyDiverse
K1:81FGO4H42J,Ligusticum Porteri Root,"material, not a medicine",GSRS substance class structurallyDiverse
K1:81FZ7X4MWD,Sus Scrofa Esophagus,"material, not a medicine",GSRS substance class structurallyDiverse
K1:81GS97HVFO,Artemisia Absinthium Pollen,"material, not a medicine",GSRS substance class structurallyDiverse
K1:81H2R5AOH3,Sugarcane,"material, not a medicine",GSRS substance class structurallyDiverse
K1:81MCR2UQ6Q,Rosa Canina Flower,"material, not a medicine",GSRS substance class structurallyDiverse
K1:820LSF646I,Syzygium Cumini Seed,"material, not a medicine",GSRS substance class structurallyDiverse
K1:82C68SUI26,Hagenia Abyssinica Flower,"material, not a medicine",GSRS substance class structurallyDiverse
K1:82KK5J435E,Human Coxsackievirus A2,"material, not a medicine",GSRS substance class structurallyDiverse
K1:82X32CRA5U,Rheum Officinale Stem,"material, not a medicine",GSRS substance class structurallyDiverse
K1:830295X963,Gaultheria Procumbens Top,"material, not a medicine",GSRS substance class structurallyDiverse
K1:831AQW699W,Bifidobacterium Longum,"material, not a medicine",GSRS substance class structurallyDiverse
K1:831MQ9808D,French Tarragon,"material, not a medicine",GSRS substance class structurallyDiverse
K1:831MXG026J,Calochortus Tolmiei Whole,"material, not a medicine",GSRS substance class structurallyDiverse
K1:83AL37E3A7,Bos Taurus Placenta,"material, not a medicine",GSRS substance class structurallyDiverse
K1:83B65P4796,Anas Platyrhynchos Feather,"material, not a medicine",GSRS substance class structurallyDiverse
K1:83DC4O5TD3,Goose,"material, not a medicine",GSRS substance class structurallyDiverse
K1:83F04L6KZ4,Alnus Glutinosa Leaf,"material, not a medicine",GSRS substance class structurallyDiverse
K1:83M15WOS0F,Momordica Charantia Whole,"material, not a medicine",GSRS substance class structurallyDiverse
K1:83N78IDA7P,Dactylis Glomerata Pollen,"material, not a medicine",GSRS substance class structurallyDiverse
K1:83X1I1RR5F,Amphiachyris Dracunculoides Pollen,"material, not a medicine",GSRS substance class structurallyDiverse
K1:83YSP51SMA,Opuntia Ficus-Indica Flower,"material, not a medicine",GSRS substance class structurallyDiverse
K1:8408FL59ZX,Alkanet,"material, not a medicine",GSRS substance class structurallyDiverse
K1:8470G57WFM,CORN OIL,"material, not a medicine",GSRS substance class structurallyDiverse
K1:8471AK50P8,Ferula Ammoniacum Resin,"material, not a medicine",GSRS substance class structurallyDiverse
K1:8476849N1Y,Rhizopus Arrhizus,"material, not a medicine",GSRS substance class structurallyDiverse
K1:848H67V9N5,Chionanthus Virginicus Whole,"material, not a medicine",GSRS substance class structurallyDiverse
K1:84BQ0R0Y02,Xylaria Nigripes,"material, not a medicine",GSRS substance class structurallyDiverse
K1:84H4A6227O,Ancylostoma Duodenale,"material, not a medicine",GSRS substance class structurallyDiverse
K1:84IVV0906Z,Oryza Sativa Whole,"material, not a medicine",GSRS substance class structurallyDiverse
K1:84PG7W9845,Bartonella Henselae,"material, not a medicine",GSRS substance class structurallyDiverse
K1:84Q71TU5SU,Cavia Porcellus Dander,"material, not a medicine",GSRS substance class structurallyDiverse
K1:84SOH0O3OO,Betula Alba Leaf,"material, not a medicine",GSRS substance class structurallyDiverse
K1:84X67520MF,Leptospira Interrogans,"material, not a medicine",GSRS substance class structurallyDiverse
K1:84ZOM591BB,Syagrus Romanzoffiana Pollen,"material, not a medicine",GSRS substance class structurallyDiverse
K1:8502S3Z5N1,Combretum Micranthum Leaf,"material, not a medicine",GSRS substance class structurallyDiverse
K1:8511ZMP5QK,Agave Americana Leaf,"material, not a medicine",GSRS substance class structurallyDiverse
K1:8557NML9E6,Cynomorium Songaricum Stem,"material, not a medicine",GSRS substance class structurallyDiverse
K1:856YO1Z64F,Turmeric,"material, not a medicine",GSRS substance class structurallyDiverse
K1:857C5Q4J3H,Oryctolagus Cuniculus Lung,"material, not a medicine",GSRS substance class structurallyDiverse
K1:85HKB87105,Juglans Regia Leaf,"material, not a medicine",GSRS substance class structurallyDiverse
K1:85HVU818II,Monardella Odoratissima Whole,"material, not a medicine",GSRS substance class structurallyDiverse
K1:85I1Z426OV,Bos Taurus Lymph Vessel,"material, not a medicine",GSRS substance class structurallyDiverse
K1:85RMN3QGSE,Platanus Occidentalis Bark,"material, not a medicine",GSRS substance class structurallyDiverse
K1:85Z8OHV3K7,Brassica Rapa Pollen,"material, not a medicine",GSRS substance class structurallyDiverse
K1:8617Z5FMF6,Milk Basic Protein,"material, not a medicine",GSRS substance class structurallyDiverse
K1:86507VZR9K,Hordeum Vulgare Top,"material, not a medicine",GSRS substance class structurallyDiverse
K1:86H4S6K51N,Thymus Serpyllum,"material, not a medicine",GSRS substance class structurallyDiverse
K1:86LWA5503I,Atriplex Lentiformis Pollen,"material, not a medicine",GSRS substance class structurallyDiverse
K1:86M454L2TT,Lycosa Tarantula,"material, not a medicine",GSRS substance class structurallyDiverse
K1:86R5J6D01D,Daikon,"material, not a medicine",GSRS substance class structurallyDiverse
K1:873JZU3ASZ,Symphoricarpos Albus Fruit,"material, not a medicine",GSRS substance class structurallyDiverse
K1:873OI62848,Bacillus Anthracis Strain V770-Np1-R Antigens,"material, not a medicine",GSRS substance class structurallyDiverse
K1:877L01IZ0P,Ledum Palustre Twig,"material, not a medicine",GSRS substance class structurallyDiverse
K1:87EJ76IO83,Juglans Regia Whole,"material, not a medicine",GSRS substance class structurallyDiverse
K1:87U156LEN7,Epicoccum Nigrum,"material, not a medicine",GSRS substance class structurallyDiverse
K1:885452N0GZ,Angelica Atropurpurea Root,"material, not a medicine",GSRS substance class structurallyDiverse
K1:88VZV9HGT4,Equus Caballus Skin,"material, not a medicine",GSRS substance class structurallyDiverse
K1:89BAT511BD,Ulmus Americana Pollen,"material, not a medicine",GSRS substance class structurallyDiverse
K1:89IEJ09R73,Giardia Lamblia,"material, not a medicine",GSRS substance class structurallyDiverse
K1:89VP85U2R1,Larrea Divaricata Whole,"material, not a medicine",GSRS substance class structurallyDiverse
K1:8A6OMU3I8L,Blackberry,"material, not a medicine",GSRS substance class structurallyDiverse
K1:8A94843BM7,Agastache Urticifolia Whole,"material, not a medicine",GSRS substance class structurallyDiverse
K1:8AD0I300BR,Ceanothus Americanus Whole,"material, not a medicine",GSRS substance class structurallyDiverse
K1:8B269H8XVH,Fritillaria,"material, not a medicine",GSRS substance class structurallyDiverse
K1:8BC4CUT4JL,Cardamom,"material, not a medicine",GSRS substance class structurallyDiverse
K1:8CF93KW41W,Bacillus Subtilis,"material, not a medicine",GSRS substance class structurallyDiverse
K1:8CWA86931H,Morinda Officinalis Whole,"material, not a medicine",GSRS substance class structurallyDiverse
K1:8CZS546954,Lime (CITRUS),"material, not a medicine",GSRS substance class structurallyDiverse
K1:8DS6G120HJ,Horseradish,"material, not a medicine",GSRS substance class structurallyDiverse
K1:8DW238I7ZI,Coix Lacryma-Jobi Ma-Yuen Seed,"material, not a medicine",GSRS substance class structurallyDiverse
K1:8E272251DI,Anemone Pratensis,"material, not a medicine",GSRS substance class structurallyDiverse
K1:8E7358CX1J,Olea Europaea Fruit Volatile Oil,"material, not a medicine",GSRS substance class structurallyDiverse
K1:8E9NT44R8I,Turkey,"material, not a medicine",GSRS substance class structurallyDiverse
K1:8FP93ED6H2,Hamamelis Virginiana Leaf Water,"material, not a medicine",GSRS substance class structurallyDiverse
K1:8G4FJ7F8EY,Lixmabegagene relduparvovec,"material, not a medicine",GSRS substance class structurallyDiverse
K1:8GOM182CI3,Eurycoma Longifolia Whole,"material, not a medicine",GSRS substance class structurallyDiverse
K1:8H4VM8NQA5,Cervus Elaphus Horn,"material, not a medicine",GSRS substance class structurallyDiverse
K1:8H84LFK2QD,Saposhnikovia Divaricata Root,"material, not a medicine",GSRS substance class structurallyDiverse
K1:8HJU36244L,Oryctolagus Cuniculus Cartilage,"material, not a medicine",GSRS substance class structurallyDiverse
K1:8HZE76Y44L,Pleurotus Ostreatus Whole,"material, not a medicine",GSRS substance class structurallyDiverse
K1:8I2PXY292P,Ficus Carica Flower Bud,"material, not a medicine",GSRS substance class structurallyDiverse
K1:8I9S6401XZ,Rocapuldencel-T,"material, not a medicine",GSRS substance class structurallyDiverse
K1:8J18RFO4A8,Blue Crab,"material, not a medicine",GSRS substance class structurallyDiverse
K1:8J6B3YN1PM,Barleria Lupulina Whole,"material, not a medicine",GSRS substance class structurallyDiverse
K1:8JAG41IE4M,Phoma Exigua Var. Exigua,"material, not a medicine",GSRS substance class structurallyDiverse
K1:8JBE478M5Q,Hordeum Vulgare Whole,"material, not a medicine",GSRS substance class structurallyDiverse
K1:8JM482TI79,Rosmarinus Officinalis Flowering Top,"material, not a medicine",GSRS substance class structurallyDiverse
K1:8K1MK5E1FY,Couch Grass,"material, not a medicine",GSRS substance class structurallyDiverse
K1:8K9DCX606Z,Penstemon Davidsonii Whole,"material, not a medicine",GSRS substance class structurallyDiverse
K1:8KDG09A4GO,Quercus Virginiana Pollen,"material, not a medicine",GSRS substance class structurallyDiverse
K1:8KFK4W7KP7,Moschus Moschiferus Musk Sac Resin,"material, not a medicine",GSRS substance class structurallyDiverse
K1:8L28IWF365,Clematis Recta Whole,"material, not a medicine",GSRS substance class structurallyDiverse
K1:8L58PZ90OR,Fagopyrum,"material, not a medicine",GSRS substance class structurallyDiverse
K1:8L72OKJ7II,Thymus Vulgaris Whole,"material, not a medicine",GSRS substance class structurallyDiverse
K1:8LGU7VM393,Rosemary Oil,"material, not a medicine",GSRS substance class structurallyDiverse
K1:8LR978PU7Y,Verbascum Densiflorum Flowering Top,"material, not a medicine",GSRS substance class structurallyDiverse
K1:8LTY55LQ8D,Black Mustard,"material, not a medicine",GSRS substance class structurallyDiverse
K1:8MXU1P42J0,Centella Asiatica Root,"material, not a medicine",GSRS substance class structurallyDiverse
K1:8MYC33932O,Lipase,"material, not a medicine",GSRS substance class structurallyDiverse
K1:8N0K3807ZW,Quillaja,"material, not a medicine",GSRS substance class structurallyDiverse
K1:8N34F5Z76Y,Hemlock,"material, not a medicine",GSRS substance class structurallyDiverse
K1:8N6VTJ9IWV,Iris Germanica Root,"material, not a medicine",GSRS substance class structurallyDiverse
K1:8NC0C2YXK0,Leonurus Cardiaca,"material, not a medicine",GSRS substance class structurallyDiverse
K1:8NZ4E0K3NM,DORGENMELTUCEL-L (HAM-1),"material, not a medicine",GSRS substance class structurallyDiverse
K1:8O2MBI99WR,Musa Acuminata Whole,"material, not a medicine",GSRS substance class structurallyDiverse
K1:8O2V33JG64,Rubus Idaeus Leaf,"material, not a medicine",GSRS substance class structurallyDiverse
K1:8O4P2U3QO2,Anamirta Cocculus Whole,"material, not a medicine",GSRS substance class structurallyDiverse
K1:8OPK0FI6EM,Laruparetigene zovaparvovec,"material, not a medicine",GSRS substance class structurallyDiverse
K1:8P29O5P7XU,Ailanthus Altissima Flowering Twig,"material, not a medicine",GSRS substance class structurallyDiverse
K1:8P2VLG2456,Allium Cepa Whole,"material, not a medicine",GSRS substance class structurallyDiverse
K1:8P5F881OCY,Balsam of Peru,"material, not a medicine",GSRS substance class structurallyDiverse
K1:8P8HWT6ZWC,Ecballium Elaterium Fruit,"material, not a medicine",GSRS substance class structurallyDiverse
K1:8PD5L21RYS,Bos Taurus Colon,"material, not a medicine",GSRS substance class structurallyDiverse
K1:8PI54V663Y,Oatmeal,"material, not a medicine",GSRS substance class structurallyDiverse
K1:8POZ61U1G2,Aquilegia Vulgaris,"material, not a medicine",GSRS substance class structurallyDiverse
K1:8PX1X7UG4D,Idecabtagene vicleucel,"material, not a medicine",GSRS substance class structurallyDiverse
K1:8Q1GYP08KU,Cordyceps,"material, not a medicine",GSRS substance class structurallyDiverse
K1:8Q622VDR18,Sipuleucel-T,"material, not a medicine",GSRS substance class structurallyDiverse
K1:8QF5D5H6UH,Cantaloupe,"material, not a medicine",GSRS substance class structurallyDiverse
K1:8QI9RWU9M1,Phoenix Dactylifera Whole,"material, not a medicine",GSRS substance class structurallyDiverse
K1:8R564U2E1P,Paeonia Officinalis Root,"material, not a medicine",GSRS substance class structurallyDiverse
K1:8S10GFI6DX,Isatis Tinctoria Root,"material, not a medicine",GSRS substance class structurallyDiverse
K1:8SH7583MUK,Vespula Germanica Venom Protein,"material, not a medicine",GSRS substance class structurallyDiverse
K1:8U1J5C3ZKP,Malpighia Glabra Whole,"material, not a medicine",GSRS substance class structurallyDiverse
K1:8UHN1I06UP,Hura Crepitans Sap,"material, not a medicine",GSRS substance class structurallyDiverse
K1:8V19OM31TK,Fritillaria Thunbergii Whole,"material, not a medicine",GSRS substance class structurallyDiverse
K1:8VP54WOT4I,Lathyrus Sativas Seed,"material, not a medicine",GSRS substance class structurallyDiverse
K1:8W75VCV53Q,American Ginseng,"material, not a medicine",GSRS substance class structurallyDiverse
K1:8WB9PV3YW5,Bean,"material, not a medicine",GSRS substance class structurallyDiverse
K1:8WI5RJ8D9V,Volrubigene ralaparvovec,"material, not a medicine",GSRS substance class structurallyDiverse
K1:8X454SZ22D,Cannabis Sativa Subsp. Sativa Flowering Top,"material, not a medicine",GSRS substance class structurallyDiverse
K1:8XEJ88V2T8,Bos Taurus Thymus,"material, not a medicine",GSRS substance class structurallyDiverse
K1:8Z8C642TPL,Gliocladium Viride,"material, not a medicine",GSRS substance class structurallyDiverse
K1:8ZTK6T93B6,Avicularia Avicularia,"material, not a medicine",GSRS substance class structurallyDiverse
K1:8ZUY55KKXA,Mucor Circinelloides,"material, not a medicine",GSRS substance class structurallyDiverse
K1:901NKD188B,Pratia Purpurascens,"material, not a medicine",GSRS substance class structurallyDiverse
K1:904CK3270L,Echinacea Pallida,"material, not a medicine",GSRS substance class structurallyDiverse
K1:905Y746BSW,Salix Alba Flower,"material, not a medicine",GSRS substance class structurallyDiverse
K1:9060PRM18Q,Cat's Claw,"material, not a medicine",GSRS substance class structurallyDiverse
K1:9091B04H7M,Orthosiphon Aristatus Whole,"material, not a medicine",GSRS substance class structurallyDiverse
K1:90J8498ESR,Coffea Arabica Whole,"material, not a medicine",GSRS substance class structurallyDiverse
K1:912A6Q1N4A,Humulus Lupulus Whole,"material, not a medicine",GSRS substance class structurallyDiverse
K1:9169LW451G,Bos Taurus Uterus,"material, not a medicine",GSRS substance class structurallyDiverse
K1:917J3173FT,Cow Milk,"material, not a medicine",GSRS substance class structurallyDiverse
K1:91M9RWP3TD,Cochliobolus Spicifer,"material, not a medicine",GSRS substance class structurallyDiverse
K1:91QY4PXU8Q,Ulmus Rubra Bark,"material, not a medicine",GSRS substance class structurallyDiverse
K1:91R887N59P,Yeast Mannan,"material, not a medicine",GSRS substance class structurallyDiverse
K1:9211E5735B,Toxicodendron Diversilobum Whole,"material, not a medicine",GSRS substance class structurallyDiverse
K1:922OP8YUPF,Astragalus Mongholicus Root,"material, not a medicine",GSRS substance class structurallyDiverse
K1:928OC2TJDA,Populus Tremuloides Pollen,"material, not a medicine",GSRS substance class structurallyDiverse
K1:92AMN5J79Y,Sus Scrofa Spleen,"material, not a medicine",GSRS substance class structurallyDiverse
K1:92N6W6KO2G,Amaranthus Tuberculatus Pollen,"material, not a medicine",GSRS substance class structurallyDiverse
K1:92VV7G83ED,"Antivenin,crotalidae polyvalent","material, not a medicine",GSRS substance class structurallyDiverse
K1:930MLC8XGG,Grape Seed Oil,"material, not a medicine",GSRS substance class structurallyDiverse
K1:9315HN272X,California Poppy,"material, not a medicine",GSRS substance class structurallyDiverse
K1:93963RFO1P,Betula Nigra Pollen,"material, not a medicine",GSRS substance class structurallyDiverse
K1:93IXI5B6OJ,Geranium Maculatum Root,"material, not a medicine",GSRS substance class structurallyDiverse
K1:93LP7Y8EGT,Quercus Alba Bark,"material, not a medicine",GSRS substance class structurallyDiverse
K1:93PH5Q8M7E,Galphimia Glauca Flowering Top,"material, not a medicine",GSRS substance class structurallyDiverse
K1:93T4562ZI3,Sweet Cherry,"material, not a medicine",GSRS substance class structurallyDiverse
K1:93TLW455ZZ,encoberminogene rezmadenovec,"material, not a medicine",GSRS substance class structurallyDiverse
K1:947ZDF68RG,Ovis Aries Skin,"material, not a medicine",GSRS substance class structurallyDiverse
K1:94J255A0UC,Sus Scrofa Colon,"material, not a medicine",GSRS substance class structurallyDiverse
K1:94X749MHSP,Sus Scrofa Corpus Luteum,"material, not a medicine",GSRS substance class structurallyDiverse
K1:9526773RWQ,Parthenocissus Quinquefolia Leaf,"material, not a medicine",GSRS substance class structurallyDiverse
K1:95447163DG,Acer Saccharinum Pollen,"material, not a medicine",GSRS substance class structurallyDiverse
K1:956F61CB2V,Pinus Cembroides Pollen,"material, not a medicine",GSRS substance class structurallyDiverse
K1:95F619ATQ2,Human Rabies Virus Immune Globulin,"material, not a medicine",GSRS substance class structurallyDiverse
K1:9601IVB87J,Lacticaseibacillus Rhamnosus,"material, not a medicine",GSRS substance class structurallyDiverse
K1:960B730CGS,Aesculus X Carnea Whole,"material, not a medicine",GSRS substance class structurallyDiverse
K1:969IQC5YJU,Rosa Rugosa Flower,"material, not a medicine",GSRS substance class structurallyDiverse
K1:96LRW14765,Pinus Echinata Pollen,"material, not a medicine",GSRS substance class structurallyDiverse
K1:96P1R72MQH,Oryctolagus Cuniculus Knee Joint,"material, not a medicine",GSRS substance class structurallyDiverse
K1:970Y8T1JZY,Ehrlichia Canis,"material, not a medicine",GSRS substance class structurallyDiverse
K1:9755T40D11,Black Currant,"material, not a medicine",GSRS substance class structurallyDiverse
K1:976KV4FXYF,Melaleuca Alternifolia Whole,"material, not a medicine",GSRS substance class structurallyDiverse
K1:978D8U419H,Baker's Yeast,"material, not a medicine",GSRS substance class structurallyDiverse
K1:97K9E28344,Oryctolagus Cuniculus Thyroid,"material, not a medicine",GSRS substance class structurallyDiverse
K1:97P0H45869,Syzygium Jambos Seed,"material, not a medicine",GSRS substance class structurallyDiverse
K1:97RBB414AC,Propionibacterium Freudenreichii Shermanii,"material, not a medicine",GSRS substance class structurallyDiverse
K1:97S2809V5R,Petasites Hybridus Root,"material, not a medicine",GSRS substance class structurallyDiverse
K1:98689CD777,Taxus Baccata Fruit,"material, not a medicine",GSRS substance class structurallyDiverse
K1:9871T0PD5P,APPLE JUICE,"material, not a medicine",GSRS substance class structurallyDiverse
K1:9885M7D6JP,Human Herpesvirus 3,"material, not a medicine",GSRS substance class structurallyDiverse
K1:9894B4Y2EN,Coccinella Septempunctata,"material, not a medicine",GSRS substance class structurallyDiverse
K1:98BFC3JT53,Chirata,"material, not a medicine",GSRS substance class structurallyDiverse
K1:98HPY76U4W,Adeps Bovis,"material, not a medicine",GSRS substance class structurallyDiverse
K1:98Q86P6WFR,Carya Laciniosa Bark,"material, not a medicine",GSRS substance class structurallyDiverse
K1:9901V1E867,Bos Taurus Gallbladder,"material, not a medicine",GSRS substance class structurallyDiverse
K1:9913I24QEE,Lactobacillus Reuteri,"material, not a medicine",GSRS substance class structurallyDiverse
K1:9928MC12VO,Sus Scrofa Embryo,"material, not a medicine",GSRS substance class structurallyDiverse
K1:9936O846LI,Verbascum Densiflorum Leaf,"material, not a medicine",GSRS substance class structurallyDiverse
K1:993QHL78E6,Colchicum Autumnale Bulb,"material, not a medicine",GSRS substance class structurallyDiverse
K1:994R458ECK,Sus Scrofa Blood,"material, not a medicine",GSRS substance class structurallyDiverse
K1:9961HBA483,Squash,"material, not a medicine",GSRS substance class structurallyDiverse
K1:997724QNDS,Filipendula Ulmaria Root,"material, not a medicine",GSRS substance class structurallyDiverse
K1:9BPR10844H,Tobacco Smoke,"material, not a medicine",GSRS substance class structurallyDiverse
K1:9BZG9E3I8F,Gonorrheal Urethral Secretion Human,"material, not a medicine",GSRS substance class structurallyDiverse
K1:9C09P3O90J,Ulmus Parvifolia Whole,"material, not a medicine",GSRS substance class structurallyDiverse
K1:9C6AT9DSU2,Persicabtagene lemgedleucel,"material, not a medicine",GSRS substance class structurallyDiverse
K1:9CQ6C00G3C,Populus Balsamifera Leaf Bud,"material, not a medicine",GSRS substance class structurallyDiverse
K1:9DE5YCO0RU,Taraxacum Officinale Root,"material, not a medicine",GSRS substance class structurallyDiverse
K1:9E097HJ37D,Madia Elegans Whole,"material, not a medicine",GSRS substance class structurallyDiverse
K1:9E33CYO50W,Androctonus Australis Whole,"material, not a medicine",GSRS substance class structurallyDiverse
K1:9E9919P3GN,Quercus Garryana Whole,"material, not a medicine",GSRS substance class structurallyDiverse
K1:9EL3384IQY,Serinus Canaria Feather,"material, not a medicine",GSRS substance class structurallyDiverse
K1:9G0JE54296,Cedrus Libani Whole,"material, not a medicine",GSRS substance class structurallyDiverse
K1:9G5L16BK6N,Corn Syrup,"material, not a medicine",GSRS substance class structurallyDiverse
K1:9G901D9RYA,Chervil,"material, not a medicine",GSRS substance class structurallyDiverse
K1:9G931M6I4G,Betula Alba Juice,"material, not a medicine",GSRS substance class structurallyDiverse
K1:9GB215FRJX,Acer Negundo Inner Bark,"material, not a medicine",GSRS substance class structurallyDiverse
K1:9GCJ1L5D1P,Hepatitis B Virus Subtype Adw2 Hbsag Surface Protein Antigen,"material, not a medicine",GSRS substance class structurallyDiverse
K1:9H58JRT35E,"Coffea Arabica Seed, Roasted","material, not a medicine",GSRS substance class structurallyDiverse
K1:9HC15X34LX,Quercus Gambelii Pollen,"material, not a medicine",GSRS substance class structurallyDiverse
K1:9HDT03PZ0N,Vitex Agnus-Castus Whole,"material, not a medicine",GSRS substance class structurallyDiverse
K1:9I1JVD2I03,Campsis Radicans Flower,"material, not a medicine",GSRS substance class structurallyDiverse
K1:9I2BJY2J17,Camellia Sinensis Flower,"material, not a medicine",GSRS substance class structurallyDiverse
K1:9I4XB1GP2B,Xerophyllum Asphodeloides,"material, not a medicine",GSRS substance class structurallyDiverse
K1:9IE620X9FY,Vesigenurtucel-L,"material, not a medicine",GSRS substance class structurallyDiverse
K1:9IGG929A0H,Uncaria Tomentosa Root,"material, not a medicine",GSRS substance class structurallyDiverse
K1:9IH59MK596,Anemone Nemorosa Extract,"material, not a medicine",GSRS substance class structurallyDiverse
K1:9IH82J936J,Veronica Officinalis Flowering Top,"material, not a medicine",GSRS substance class structurallyDiverse
K1:9IOA40ANG6,Aspergillus Niger,"material, not a medicine",GSRS substance class structurallyDiverse
K1:9J6GJ0890E,Camponotus Pennsylvanicus,"material, not a medicine",GSRS substance class structurallyDiverse
K1:9JHE6G6VCM,Anbalcabtagene autoleucel,"material, not a medicine",GSRS substance class structurallyDiverse
K1:9JS8DS42SV,Calendula Officinalis Seed Oil,"material, not a medicine",GSRS substance class structurallyDiverse
K1:9JW9D9JGHZ,Portulaca Oleracea Leaf,"material, not a medicine",GSRS substance class structurallyDiverse
K1:9K50DM06OR,Sangre De Grado,"material, not a medicine",GSRS substance class structurallyDiverse
K1:9K7IG15M0Q,Spirulina,"material, not a medicine",GSRS substance class structurallyDiverse
K1:9K7X6R5BMW,Donor Human Stool Spores (ETHANOL TREATED),"material, not a medicine",GSRS substance class structurallyDiverse
K1:9L0SCP0SKZ,Saururus Chinensis Flower,"material, not a medicine",GSRS substance class structurallyDiverse
K1:9L3TIH1UUE,Arthrospira Platensis,"material, not a medicine",GSRS substance class structurallyDiverse
K1:9L5JEP7MES,Panax Ginseng Whole,"material, not a medicine",GSRS substance class structurallyDiverse
K1:9L8AWD2P8K,Astragalus Exscapus Whole,"material, not a medicine",GSRS substance class structurallyDiverse
K1:9LYI4RTZ52,Morus Rubra Pollen,"material, not a medicine",GSRS substance class structurallyDiverse
K1:9M289NKI69,Alchemilla Xanthochlora Flowering Top,"material, not a medicine",GSRS substance class structurallyDiverse
K1:9N1RM2S62C,Rumex Crispus Root,"material, not a medicine",GSRS substance class structurallyDiverse
K1:9N3437ZUU0,Cynara Scolymus Whole,"material, not a medicine",GSRS substance class structurallyDiverse
K1:9NS3M2Y78S,Ornithogalum Umbellatum,"material, not a medicine",GSRS substance class structurallyDiverse
K1:9P2U39H18W,Bilberry,"material, not a medicine",GSRS substance class structurallyDiverse
K1:9PLM3OM8VL,Prunus Avium Whole,"material, not a medicine",GSRS substance class structurallyDiverse
K1:9PP1T3TC5U,Lobelia Inflata,"material, not a medicine",GSRS substance class structurallyDiverse
K1:9Q24RAI43V,Viola Tricolor,"material, not a medicine",GSRS substance class structurallyDiverse
K1:9R2271TA4J,Bartonella Quintana,"material, not a medicine",GSRS substance class structurallyDiverse
K1:9R828X074Q,Mace,"material, not a medicine",GSRS substance class structurallyDiverse
K1:9R858U917W,Cynanchum Vincetoxicum Root,"material, not a medicine",GSRS substance class structurallyDiverse
K1:9RES347CKG,Lavandin Oil,"material, not a medicine",GSRS substance class structurallyDiverse
K1:9S54D5MCPF,Grindelia Ciliata Pollen,"material, not a medicine",GSRS substance class structurallyDiverse
K1:9SD0KQK48K,Polygala Senega Whole,"material, not a medicine",GSRS substance class structurallyDiverse
K1:9T6E6S5L3D,Duboisia Myoporoides Leaf,"material, not a medicine",GSRS substance class structurallyDiverse
K1:9UMZ642257,Larix Decidua Flowering Top,"material, not a medicine",GSRS substance class structurallyDiverse
K1:9V5O040S3W,Syringa Vulgaris Flower,"material, not a medicine",GSRS substance class structurallyDiverse
K1:9W2T4OSF98,Streptococcus Pneumoniae Type 19a Capsular Polysaccharide Antigen,"material, not a medicine",GSRS substance class structurallyDiverse
K1:9W34L2CQ9A,Ambrosia Artemisiifolia,"material, not a medicine",GSRS substance class structurallyDiverse
K1:9W8ZP67K1Z,Persea Americana Whole,"material, not a medicine",GSRS substance class structurallyDiverse
K1:9WLP0FA6U4,Vincetoxicum Hirundinaria Leaf,"material, not a medicine",GSRS substance class structurallyDiverse
K1:9WN2H714TG,Meriones Unguiculatus Skin,"material, not a medicine",GSRS substance class structurallyDiverse
K1:9WP2BC3I04,Streptococcus Pneumoniae Type 33f Capsular Polysaccharide Diphtheria Crm197 Protein Conjugate Antigen,"material, not a medicine",GSRS substance class structurallyDiverse
K1:9X8XFD5ZQX,Castor Fiber Scent Gland Secretion,"material, not a medicine",GSRS substance class structurallyDiverse
K1:9Y3J3362RY,Sus Scrofa Pancreas,"material, not a medicine",GSRS substance class structurallyDiverse
K1:9Y53ZS6I82,Ustilago Nuda,"material, not a medicine",GSRS substance class structurallyDiverse
K1:9YT4B71U8P,Lavandula Angustifolia Subsp. Angustifolia Flowering Top,"material, not a medicine",GSRS substance class structurallyDiverse
K1:9Z32IEA9F7,Ilex Aquifolium Leaf,"material, not a medicine",GSRS substance class structurallyDiverse
K1:9Z8D3HEM8L,Theridion Curassavicum,"material, not a medicine",GSRS substance class structurallyDiverse
K1:9ZUC5NG0RD,Lolium Perenne Top,"material, not a medicine",GSRS substance class structurallyDiverse
K1:A0TKE4ZO0S,Cinnamomum Camphora Leaf,"material, not a medicine",GSRS substance class structurallyDiverse
K1:A0WFQ8P6N1,Festuca Pratensis Pollen,"material, not a medicine",GSRS substance class structurallyDiverse
K1:A16IX59JOH,Chlamydophila Psittaci,"material, not a medicine",GSRS substance class structurallyDiverse
K1:A195V20H7A,Rice,"material, not a medicine",GSRS substance class structurallyDiverse
K1:A19RZC6BEH,Spinacia Oleracea Root,"material, not a medicine",GSRS substance class structurallyDiverse
K1:A1H626Z207,Juncus Effusus Root,"material, not a medicine",GSRS substance class structurallyDiverse
K1:A1U5YJI0Z8,Maitake,"material, not a medicine",GSRS substance class structurallyDiverse
K1:A1YEE2DB8Z,Bos Taurus Brain,"material, not a medicine",GSRS substance class structurallyDiverse
K1:A32U9VS5U4,Carpinus Betulus Flower Bud,"material, not a medicine",GSRS substance class structurallyDiverse
K1:A389O33LX6,Mentha Piperita Leaf,"material, not a medicine",GSRS substance class structurallyDiverse
K1:A41674465B,Streptococcus Oralis,"material, not a medicine",GSRS substance class structurallyDiverse
K1:A47JP5ZG9M,Rheum Officinale Root,"material, not a medicine",GSRS substance class structurallyDiverse
K1:A4FH976KAQ,Lapine S-100 Immune Globulin,"material, not a medicine",GSRS substance class structurallyDiverse
K1:A4IWO4DDZ9,Mentha Arvensis Leaf,"material, not a medicine",GSRS substance class structurallyDiverse
K1:A4KL1HMZ7T,Zanthoxylum Americanum Bark,"material, not a medicine",GSRS substance class structurallyDiverse
K1:A4O2H9W17Y,Vadacabtagene leraleucel,"material, not a medicine",GSRS substance class structurallyDiverse
K1:A6V4CUE7PV,Hypericum Perforatum Flower,"material, not a medicine",GSRS substance class structurallyDiverse
K1:A6W0J6UO7Q,Gleditsia Sinensis Fruit,"material, not a medicine",GSRS substance class structurallyDiverse
K1:A75L5FZ40U,Pearl,"material, not a medicine",GSRS substance class structurallyDiverse
K1:A77056YJ4K,Black Cherry,"material, not a medicine",GSRS substance class structurallyDiverse
K1:A77XGP77JN,Chinese Ash,"material, not a medicine",GSRS substance class structurallyDiverse
K1:A7FYY9Q742,Asterias Rubens,"material, not a medicine",GSRS substance class structurallyDiverse
K1:A7IKY24TR7,Avena Sativa Pollen,"material, not a medicine",GSRS substance class structurallyDiverse
K1:A7XVZ7S0Y5,Populus Balsamifera Pollen,"material, not a medicine",GSRS substance class structurallyDiverse
K1:A94I086Q5E,Raphanus Sativus Var. Sativus Seed,"material, not a medicine",GSRS substance class structurallyDiverse
K1:AB2NX17POS,Strychnos Nux-Vomica Whole,"material, not a medicine",GSRS substance class structurallyDiverse
K1:ABR4S53CKC,Labafenogene marselecobac,"material, not a medicine",GSRS substance class structurallyDiverse
K1:ABS794681C,Schisandra Chinensis Fruit,"material, not a medicine",GSRS substance class structurallyDiverse
K1:AD8LJ73GQF,Larix Decidua Resin,"material, not a medicine",GSRS substance class structurallyDiverse
K1:ADL68M27WD,Human Coxsackievirus B1,"material, not a medicine",GSRS substance class structurallyDiverse
K1:ADR2S9OIF2,Streptococcus Pneumoniae Type 8 Capsular Polysaccharide Diphtheria Crm197 Protein Conjugate Antigen,"material, not a medicine",GSRS substance class structurallyDiverse
K1:AEE24M3MQ9,Nutmeg,"material, not a medicine",GSRS substance class structurallyDiverse
K1:AEN1WX7ZGR,Mycoplasma Pneumoniae DNA,"material, not a medicine",GSRS substance class structurallyDiverse
K1:AEQ8NXJ0MB,Ranunculus Bulbosus,"material, not a medicine",GSRS substance class structurallyDiverse
K1:AET12U8B74,Viola Odorata,"material, not a medicine",GSRS substance class structurallyDiverse
K1:AFM8985FXH,Crosigalcogene omlixparvovec,"material, not a medicine",GSRS substance class structurallyDiverse
K1:AFQ8R47WH2,Cuttlefish,"material, not a medicine",GSRS substance class structurallyDiverse
K1:AG9BNA51DQ,Cumin,"material, not a medicine",GSRS substance class structurallyDiverse
K1:AGN709ANTJ,Lemon Juice,"material, not a medicine",GSRS substance class structurallyDiverse
K1:AGR7COM4FT,Spanish Oregano,"material, not a medicine",GSRS substance class structurallyDiverse
K1:AH099J2PN6,Sequoia Sempervirens Whole,"material, not a medicine",GSRS substance class structurallyDiverse
K1:AHW6F0T2X0,Bethroot,"material, not a medicine",GSRS substance class structurallyDiverse
K1:AII1TBU98Q,Lilium Pumilum Bulb,"material, not a medicine",GSRS substance class structurallyDiverse
K1:AJ42U9BVW4,Lutadenovec autogene,"material, not a medicine",GSRS substance class structurallyDiverse
K1:AJ4469ZN46,Chinese Cucumber,"material, not a medicine",GSRS substance class structurallyDiverse
K1:AJU5O1A5ZV,Impatiens Glandulifera Flower,"material, not a medicine",GSRS substance class structurallyDiverse
K1:AK7JF626KX,Senna Leaf,"material, not a medicine",GSRS substance class structurallyDiverse
K1:ANT994T71D,Artemisia Vulgaris Pollen,"material, not a medicine",GSRS substance class structurallyDiverse
K1:AP97AUF88E,Onopordum Acanthium Flower,"material, not a medicine",GSRS substance class structurallyDiverse
K1:APR291GFYV,Amoeba Proteus,"material, not a medicine",GSRS substance class structurallyDiverse
K1:AQN7K24KQU,Beremagene geperpavec,"material, not a medicine",GSRS substance class structurallyDiverse
K1:AR76CST9I2,Plasmodium Malariae,"material, not a medicine",GSRS substance class structurallyDiverse
K1:ARW43087I1,Juglans Regia Pollen,"material, not a medicine",GSRS substance class structurallyDiverse
K1:AS46741VRA,Gentianella Amarella Whole,"material, not a medicine",GSRS substance class structurallyDiverse
K1:AT1FD041EF,Prunella Vulgaris Flower,"material, not a medicine",GSRS substance class structurallyDiverse
K1:AT33ZFZ5A1,Marsdenia Cundurango Whole,"material, not a medicine",GSRS substance class structurallyDiverse
K1:AUL7Y5Z806,Yersinia Enterocolitica,"material, not a medicine",GSRS substance class structurallyDiverse
K1:AUZ3VD75MC,Fallopia Multiflora Root,"material, not a medicine",GSRS substance class structurallyDiverse
K1:AV092KU4JH,PEPPERMINT WATER,"material, not a medicine",GSRS substance class structurallyDiverse
K1:AWN2M136UL,Jacaranda Caroba Leaf,"material, not a medicine",GSRS substance class structurallyDiverse
K1:AY96EDV46J,Milk Protein,"material, not a medicine",GSRS substance class structurallyDiverse
K1:AYT02NS64S,Bidens Pilosa Whole,"material, not a medicine",GSRS substance class structurallyDiverse
K1:B087VK617J,Tabanus Nigrovittatus,"material, not a medicine",GSRS substance class structurallyDiverse
K1:B0FRQ940N7,Agaricus Bisporus Whole,"material, not a medicine",GSRS substance class structurallyDiverse
K1:B0MD133CE7,Chlorophytum Borivilianum Whole,"material, not a medicine",GSRS substance class structurallyDiverse
K1:B0S90M0233,Palm Kernel Oil,"material, not a medicine",GSRS substance class structurallyDiverse
K1:B10M69172N,Fagopyrum Esculentum,"material, not a medicine",GSRS substance class structurallyDiverse
K1:B18639969Q,Armoracia Rusticana Whole,"material, not a medicine",GSRS substance class structurallyDiverse
K1:B204P54Z1F,Centaurium Erythraea Flower,"material, not a medicine",GSRS substance class structurallyDiverse
K1:B26WXN5GZJ,Atropa Bella-Donna Flowering Top,"material, not a medicine",GSRS substance class structurallyDiverse
K1:B3G4A96QLY,Drosera Intermedia,"material, not a medicine",GSRS substance class structurallyDiverse
K1:B3XJA0OV6T,Sanguinaria Canadensis Whole,"material, not a medicine",GSRS substance class structurallyDiverse
K1:B423VGH5S9,Apple,"material, not a medicine",GSRS substance class structurallyDiverse
K1:B43R30VP73,Sorghum X Drummondii Pollen,"material, not a medicine",GSRS substance class structurallyDiverse
K1:B4R1EZ1R1D,Buckthorn,"material, not a medicine",GSRS substance class structurallyDiverse
K1:B4ULB6ARCO,Anopheles Quadrimaculatus,"material, not a medicine",GSRS substance class structurallyDiverse
K1:B55BD1QM4Q,Arrhenatherum Elatius Pollen,"material, not a medicine",GSRS substance class structurallyDiverse
K1:B5ME4ZU4BS,Letetresgene autoleucel,"material, not a medicine",GSRS substance class structurallyDiverse
K1:B6642J883V,Agathosma Crenulata Whole,"material, not a medicine",GSRS substance class structurallyDiverse
K1:B66F4574UG,Angelica Sinensis Root,"material, not a medicine",GSRS substance class structurallyDiverse
K1:B67NF86HF0,Eupatorium Capillifolium Pollen,"material, not a medicine",GSRS substance class structurallyDiverse
K1:B6A98VOI9I,Sus Scrofa Gallbladder,"material, not a medicine",GSRS substance class structurallyDiverse
K1:B6E5W8RQJ4,White Petrolatum,"material, not a medicine",GSRS substance class structurallyDiverse
K1:B6L4N5Z4GH,Sars-Cov2,"material, not a medicine",GSRS substance class structurallyDiverse
K1:B71UA545DE,Cynara Scolymus Leaf,"material, not a medicine",GSRS substance class structurallyDiverse
K1:B72T6TX3GS,Rilparencel,"material, not a medicine",GSRS substance class structurallyDiverse
K1:B755J144H1,Larrea Tridentata Whole,"material, not a medicine",GSRS substance class structurallyDiverse
K1:B7MFR79E9D,Javanese Long Pepper,"material, not a medicine",GSRS substance class structurallyDiverse
K1:B7N7BR6M4A,Tezemlimogene daxadenorepvec,"material, not a medicine",GSRS substance class structurallyDiverse
K1:B7U2BWH3OT,Petunia Axillaris Whole,"material, not a medicine",GSRS substance class structurallyDiverse
K1:B86IS274O0,Carthamus Tinctorius Flower Bud,"material, not a medicine",GSRS substance class structurallyDiverse
K1:B970MQT365,Streptococcus Pneumoniae Type 19a Capsular Polysaccharide Diphtheria Crm197 Protein Conjugate Antigen,"material, not a medicine",GSRS substance class structurallyDiverse
K1:BBL281NWFG,Cod Liver Oil,"material, not a medicine",GSRS substance class structurallyDiverse
K1:BBO1IJ3ZIW,Baccharis Halimifolia Pollen,"material, not a medicine",GSRS substance class structurallyDiverse
K1:BD70459I50,Citrus Bioflavonoids,"material, not a medicine",GSRS substance class structurallyDiverse
K1:BDD9991A36,Gratiola Officinalis,"material, not a medicine",GSRS substance class structurallyDiverse
K1:BE5076899X,Elymus Repens Whole,"material, not a medicine",GSRS substance class structurallyDiverse
K1:BEX65U1K6I,ROMYELOCEL-L,"material, not a medicine",GSRS substance class structurallyDiverse
K1:BGI20Z6M57,Pseudognaphalium Luteoalbum Leaf,"material, not a medicine",GSRS substance class structurallyDiverse
K1:BHE5668847,Anaplasma Phagocytophilum,"material, not a medicine",GSRS substance class structurallyDiverse
K1:BI896CKT6B,Potentilla Erecta Root,"material, not a medicine",GSRS substance class structurallyDiverse
K1:BIA2SO6F5B,Goat's Rue,"material, not a medicine",GSRS substance class structurallyDiverse
K1:BJ169U4NLG,Cedar Leaf Oil,"material, not a medicine",GSRS substance class structurallyDiverse
K1:BJ7YPN79A1,Cetraria Islandica Subsp. Islandica,"material, not a medicine",GSRS substance class structurallyDiverse
K1:BK9092J5MP,European Mistletoe,"material, not a medicine",GSRS substance class structurallyDiverse
K1:BKJ0J3D1BP,Helianthus Annuus Flowering Top,"material, not a medicine",GSRS substance class structurallyDiverse
K1:BMA22623YK,Bupleurum Chinense Root,"material, not a medicine",GSRS substance class structurallyDiverse
K1:BMV90JF469,Toxoplasma Gondii,"material, not a medicine",GSRS substance class structurallyDiverse
K1:BN2DNW66IQ,Aedes Taeniorhynchus,"material, not a medicine",GSRS substance class structurallyDiverse
K1:BOO4O0LGDT,Blainvillea Acmella Whole,"material, not a medicine",GSRS substance class structurallyDiverse
K1:BOW48C81XP,Macropiper Methysticum Root,"material, not a medicine",GSRS substance class structurallyDiverse
K1:BPB1U0R467,Garden Snail Mucin,"material, not a medicine",GSRS substance class structurallyDiverse
K1:BQY1UBX046,European Elderberry,"material, not a medicine",GSRS substance class structurallyDiverse
K1:BR6B7CG29T,Calvatia Gigantea Whole,"material, not a medicine",GSRS substance class structurallyDiverse
K1:BS3OW0RZ4K,Mangifera Indica Pollen,"material, not a medicine",GSRS substance class structurallyDiverse
K1:BT6U234YR2,Streptococcus Pneumoniae,"material, not a medicine",GSRS substance class structurallyDiverse
K1:BUZ4BX8UQ8,Human Rhinovirus B,"material, not a medicine",GSRS substance class structurallyDiverse
K1:BV2WYH3V8P,Corylus Avellana Flower Bud,"material, not a medicine",GSRS substance class structurallyDiverse
K1:BV82OL2IZ8,Ustilago Tritici,"material, not a medicine",GSRS substance class structurallyDiverse
K1:BWC8DYU8OS,Platanus Racemosa Pollen,"material, not a medicine",GSRS substance class structurallyDiverse
K1:BWN6849791,Anethum Graveolens Whole,"material, not a medicine",GSRS substance class structurallyDiverse
K1:BY65V9YV1I,Sea Scallop,"material, not a medicine",GSRS substance class structurallyDiverse
K1:BYW8H93R0X,Loeselia Mexicana Top,"material, not a medicine",GSRS substance class structurallyDiverse
K1:C08B09D8UJ,Grindelia Hirsutula Whole,"material, not a medicine",GSRS substance class structurallyDiverse
K1:C0WFO26M8D,Dianthus Caryophyllus Whole,"material, not a medicine",GSRS substance class structurallyDiverse
K1:C0ZK0RRF5X,Dryopteris Filix-Mas Root,"material, not a medicine",GSRS substance class structurallyDiverse
K1:C13XI009KO,Elemi,"material, not a medicine",GSRS substance class structurallyDiverse
K1:C177VR41DV,Proteus Mirabilis,"material, not a medicine",GSRS substance class structurallyDiverse
K1:C1S185Y74S,Toxicodendron Pubescens Whole,"material, not a medicine",GSRS substance class structurallyDiverse
K1:C1Z9U7094Z,Corn Grain,"material, not a medicine",GSRS substance class structurallyDiverse
K1:C21GE7524R,Paullinia Cupana Seed,"material, not a medicine",GSRS substance class structurallyDiverse
K1:C21POX0M8J,Lonicera Xylosteum Fruit,"material, not a medicine",GSRS substance class structurallyDiverse
K1:C2J9B08Q3I,CARAWAY OIL,"material, not a medicine",GSRS substance class structurallyDiverse
K1:C34U15ICXA,Vitis Vinifera Seed,"material, not a medicine",GSRS substance class structurallyDiverse
K1:C43ZSD4HNV,Giroctocogene fitelparvovec,"material, not a medicine",GSRS substance class structurallyDiverse
K1:C46FS57S0X,Tripe,"material, not a medicine",GSRS substance class structurallyDiverse
K1:C4J4L5V7XS,Nimatpagene pariparvovec,"material, not a medicine",GSRS substance class structurallyDiverse
K1:C4MO6809HU,Luffa Operculata Fruit,"material, not a medicine",GSRS substance class structurallyDiverse
K1:C4PVO0UUEQ,Gymnema Sylvestre Root,"material, not a medicine",GSRS substance class structurallyDiverse
K1:C525BYS7TP,Zopapogene imadenovec,"material, not a medicine",GSRS substance class structurallyDiverse
K1:C5529G5JPQ,Ginger,"material, not a medicine",GSRS substance class structurallyDiverse
K1:C5H0QJ6V7F,Turpentine Oil,"material, not a medicine",GSRS substance class structurallyDiverse
K1:C5M4585ZBZ,Camellia Sinensis Whole,"material, not a medicine",GSRS substance class structurallyDiverse
K1:C62OO7VD9K,Human Breast Tumor Cell,"material, not a medicine",GSRS substance class structurallyDiverse
K1:C6547J35OD,Rabies vaccine,"material, not a medicine",GSRS substance class structurallyDiverse
K1:C690YC9N2Z,Galbanum,"material, not a medicine",GSRS substance class structurallyDiverse
K1:C6CNB75R61,Scutellaria Lateriflora Top,"material, not a medicine",GSRS substance class structurallyDiverse
K1:C7000B9PQI,Tilletia Caries,"material, not a medicine",GSRS substance class structurallyDiverse
K1:C72J9V97H5,Solidago Californica Whole,"material, not a medicine",GSRS substance class structurallyDiverse
K1:C73BK97H5J,Myosotis Arvensis,"material, not a medicine",GSRS substance class structurallyDiverse
K1:C7X957O5YS,Curcuma Aromatica Root,"material, not a medicine",GSRS substance class structurallyDiverse
K1:C87P971T6W,Sambucus Canadensis Flower,"material, not a medicine",GSRS substance class structurallyDiverse
K1:C88X29Y479,Lycopodium,"material, not a medicine",GSRS substance class structurallyDiverse
K1:C8CV8867O8,Sus Scrofa Placenta,"material, not a medicine",GSRS substance class structurallyDiverse
K1:C8VYS726O8,Bos Taurus Dander,"material, not a medicine",GSRS substance class structurallyDiverse
K1:C94X53K2GW,Baccharis Sarothroides Whole,"material, not a medicine",GSRS substance class structurallyDiverse
K1:C9642I91WL,Euphrasia Stricta,"material, not a medicine",GSRS substance class structurallyDiverse
K1:C998R1XSRA,Sus Scrofa Ileum,"material, not a medicine",GSRS substance class structurallyDiverse
K1:C9R35M8XV6,HAEMOPHILUS INFLUENZAE TYPE B STRAIN 20752 CAPSULAR POLYSACCHARIDE TETANUS TOXOID CONJUGATE ANTIGEN,"material, not a medicine",GSRS substance class structurallyDiverse
K1:C9TD27U172,Verbascum Thapsus,"material, not a medicine",GSRS substance class structurallyDiverse
K1:CA33Q4013Q,Trichoderma Harzianum,"material, not a medicine",GSRS substance class structurallyDiverse
K1:CAC78E2Q9S,Meleagris Gallopavo Feather,"material, not a medicine",GSRS substance class structurallyDiverse
K1:CAZ6282J2O,Atractylodes Lancea Root,"material, not a medicine",GSRS substance class structurallyDiverse
K1:CBZ3RYF463,Bifidobacterium Animalis,"material, not a medicine",GSRS substance class structurallyDiverse
K1:CC4B5WU2XX,Scleranthus Annuus Flowering Top,"material, not a medicine",GSRS substance class structurallyDiverse
K1:CDH3461U7L,Toxicodendron Radicans Leaf,"material, not a medicine",GSRS substance class structurallyDiverse
K1:CE3G3J56LR,Abies Alba Leafy Twig,"material, not a medicine",GSRS substance class structurallyDiverse
K1:CEI2QJ2WAR,Polygeline,"material, not a medicine",GSRS substance class structurallyDiverse
K1:CF19SF72O5,Olvimulogene nanivacirepvec,"material, not a medicine",GSRS substance class structurallyDiverse
K1:CFE1S8DYWD,Potato,"material, not a medicine",GSRS substance class structurallyDiverse
K1:CFN6G1F6YK,Tilia Cordata Flower,"material, not a medicine",GSRS substance class structurallyDiverse
K1:CG6IX3GCMU,Alpine Strawberry,"material, not a medicine",GSRS substance class structurallyDiverse
K1:CGO90PC910,Dendrobium Nobile Stem,"material, not a medicine",GSRS substance class structurallyDiverse
K1:CH357NR3E3,posoleucel,"material, not a medicine",GSRS substance class structurallyDiverse
K1:CH3YJ6606V,Sus Scrofa Renal Pelvis,"material, not a medicine",GSRS substance class structurallyDiverse
K1:CI1YT265BA,Tanacetum Vulgare Whole,"material, not a medicine",GSRS substance class structurallyDiverse
K1:CJP9NL7JSJ,"Casein, Lactococcus Lactis Cultured, Aged","material, not a medicine",GSRS substance class structurallyDiverse
K1:CJV9E9IIOA,Physostigma Venenosum Seed,"material, not a medicine",GSRS substance class structurallyDiverse
K1:CK15HA8438,Star Anise Fruit,"material, not a medicine",GSRS substance class structurallyDiverse
K1:CLF5YFS11O,Passiflora Incarnata Flowering Top,"material, not a medicine",GSRS substance class structurallyDiverse
K1:CLV24I3T1D,Punica Granatum Root Bark,"material, not a medicine",GSRS substance class structurallyDiverse
K1:CMJ753697I,Verbena Hastata Top,"material, not a medicine",GSRS substance class structurallyDiverse
K1:CR2J49TL6L,Corylus Avellana Pollen,"material, not a medicine",GSRS substance class structurallyDiverse
K1:CS80S1QD3B,Ajowan,"material, not a medicine",GSRS substance class structurallyDiverse
K1:CT03BSA18U,Sambucus Nigra,"material, not a medicine",GSRS substance class structurallyDiverse
K1:CT5FM8JN3S,Tremtelectogene empogeditemcel,"material, not a medicine",GSRS substance class structurallyDiverse
K1:CUQ3A77YXI,Asian Ginseng,"material, not a medicine",GSRS substance class structurallyDiverse
K1:CUY18BJ7BP,Afamitresgene Autoleucel,"material, not a medicine",GSRS substance class structurallyDiverse
K1:CVM893280N,Gossypium Herbaceum Flower,"material, not a medicine",GSRS substance class structurallyDiverse
K1:CW657OBU4N,Thyme,"material, not a medicine",GSRS substance class structurallyDiverse
K1:CXC44F678T,Cornus Officinalis Whole,"material, not a medicine",GSRS substance class structurallyDiverse
K1:CXS4LJR7EL,Coptis Chinensis Root,"material, not a medicine",GSRS substance class structurallyDiverse
K1:CZD6M4PY4B,Ornithogalum Umbellatum Flowering Top,"material, not a medicine",GSRS substance class structurallyDiverse
K1:D0396L455U,Echinococcus Granulosus,"material, not a medicine",GSRS substance class structurallyDiverse
K1:D05HXK6R3G,Comfrey,"material, not a medicine",GSRS substance class structurallyDiverse
K1:D0MH91LS9C,Castor Canadensis Scent Gland Secretion,"material, not a medicine",GSRS substance class structurallyDiverse
K1:D0QJI8UQVR,Garcinia Gummi-Gutta Fruit,"material, not a medicine",GSRS substance class structurallyDiverse
K1:D176AZC57O,Bos Taurus Large Intestine,"material, not a medicine",GSRS substance class structurallyDiverse
K1:D1A2NG69CK,Aureobasidium Pullulans Var. Pullutans,"material, not a medicine",GSRS substance class structurallyDiverse
K1:D1YM0P5Z2T,Lobaria Pulmonaria,"material, not a medicine",GSRS substance class structurallyDiverse
K1:D209654E9Q,Pinus Massoniana Pollen,"material, not a medicine",GSRS substance class structurallyDiverse
K1:D279BDR31E,Naja Naja Whole,"material, not a medicine",GSRS substance class structurallyDiverse
K1:D295OFK7E1,Pueraria Montana Var. Lobata Whole,"material, not a medicine",GSRS substance class structurallyDiverse
K1:D32E7AXD4R,Persicaria Punctata,"material, not a medicine",GSRS substance class structurallyDiverse
K1:D3E2DRD55N,Petiveria Alliacea Root,"material, not a medicine",GSRS substance class structurallyDiverse
K1:D3JZE55MKS,Populus Nigra Whole,"material, not a medicine",GSRS substance class structurallyDiverse
K1:D48F5W96UE,Hydrilla Verticillata,"material, not a medicine",GSRS substance class structurallyDiverse
K1:D4BGE91OXH,Citrus Aurantium Flower Oil,"material, not a medicine",GSRS substance class structurallyDiverse
K1:D4MF746504,Rumex Acetosella Whole,"material, not a medicine",GSRS substance class structurallyDiverse
K1:D4S8K64J5Z,Lactobacillus Acidophilus La 14,"material, not a medicine",GSRS substance class structurallyDiverse
K1:D52957JQ8M,Tanacetum Vulgare Top,"material, not a medicine",GSRS substance class structurallyDiverse
K1:D5340Y2I9G,Castor Oil,"material, not a medicine",GSRS substance class structurallyDiverse
K1:D5CQA6CLC9,Armadillidium Vulgare Whole,"material, not a medicine",GSRS substance class structurallyDiverse
K1:D5J3623SV2,Portulaca Oleracea Whole,"material, not a medicine",GSRS substance class structurallyDiverse
K1:D5P3K3V822,Autologous Cultured Chondrocytes,"material, not a medicine",GSRS substance class structurallyDiverse
K1:D5RZ7MF1YF,Crataegus Laevigata Fruit,"material, not a medicine",GSRS substance class structurallyDiverse
K1:D5T403TNGE,Staphylococcus Epidermidis,"material, not a medicine",GSRS substance class structurallyDiverse
K1:D65QWF3541,Handroanthus Impetiginosus Whole,"material, not a medicine",GSRS substance class structurallyDiverse
K1:D6DVA9TCAP,Usnea,"material, not a medicine",GSRS substance class structurallyDiverse
K1:D6G49OV9IM,Northern Quahog,"material, not a medicine",GSRS substance class structurallyDiverse
K1:D6U864H4DT,Bacillus Firmus,"material, not a medicine",GSRS substance class structurallyDiverse
K1:D6ZL787LZ9,Durcabtagene autoleucel,"material, not a medicine",GSRS substance class structurallyDiverse
K1:D7401PWY6E,Mucor Plumbeus,"material, not a medicine",GSRS substance class structurallyDiverse
K1:D77PG8S4KK,Picea Abies Whole,"material, not a medicine",GSRS substance class structurallyDiverse
K1:D7974DM2EJ,Vespula Squamosa Venom Protein,"material, not a medicine",GSRS substance class structurallyDiverse
K1:D7RD81HE4W,Lapine T-Lymphocyte Immune Globulin,"material, not a medicine",GSRS substance class structurallyDiverse
K1:D7V762KF4X,Zizia Aurea Whole,"material, not a medicine",GSRS substance class structurallyDiverse
K1:D82H29W72K,Mozafancogene autotemcel,"material, not a medicine",GSRS substance class structurallyDiverse
K1:D8L75GM22O,Technetium Tc-99m Red Blood Cell Kit,"material, not a medicine",GSRS substance class structurallyDiverse
K1:D9108TZ9KG,Cacao,"material, not a medicine",GSRS substance class structurallyDiverse
K1:D932NLL87Z,Eurotium Amstelodami,"material, not a medicine",GSRS substance class structurallyDiverse
K1:D982V7VT3P,Echinacea Angustifolia Root,"material, not a medicine",GSRS substance class structurallyDiverse
K1:D9B634V4GP,Punica Granatum Flower,"material, not a medicine",GSRS substance class structurallyDiverse
K1:D9PC510CQV,Calluna Vulgaris Flowering Top,"material, not a medicine",GSRS substance class structurallyDiverse
K1:DBD2HM3I4V,Dorocubicel,"material, not a medicine",GSRS substance class structurallyDiverse
K1:DC4WO3WA4Q,Vocimagene amiretrorepvec,"material, not a medicine",GSRS substance class structurallyDiverse
K1:DCY3M5W6TC,Cesnicabtagene autoleucel,"material, not a medicine",GSRS substance class structurallyDiverse
K1:DDA050FCEA,Scorpion (CENTRUROIDES) Immune FAB2 Antivenin (EQUINE),"material, not a medicine",GSRS substance class structurallyDiverse
K1:DEF14459OH,Rubia Tinctorum Whole,"material, not a medicine",GSRS substance class structurallyDiverse
K1:DES4RX1Z3E,Styphnolobium Japonicum Flower Bud,"material, not a medicine",GSRS substance class structurallyDiverse
K1:DG4F8T839X,Comfrey Leaf,"material, not a medicine",GSRS substance class structurallyDiverse
K1:DG5B0M0NGY,Musa X Paradisiaca Flower,"material, not a medicine",GSRS substance class structurallyDiverse
K1:DG9A33O77K,Nuphar Lutea Leaf,"material, not a medicine",GSRS substance class structurallyDiverse
K1:DI0ZRJ0MXN,Cotton Seed,"material, not a medicine",GSRS substance class structurallyDiverse
K1:DIF093I037,Amanita Muscaria Fruiting Body,"material, not a medicine",GSRS substance class structurallyDiverse
K1:DIO510WJ04,Viburnum Opulus Whole,"material, not a medicine",GSRS substance class structurallyDiverse
K1:DJO934BRBD,Alfalfa,"material, not a medicine",GSRS substance class structurallyDiverse
K1:DK2QLY70VA,Proteus Rettgeri,"material, not a medicine",GSRS substance class structurallyDiverse
K1:DK55N3C1AK,Castanea Sativa Whole,"material, not a medicine",GSRS substance class structurallyDiverse
K1:DKE8M34J72,Cryptosporidium Hominis,"material, not a medicine",GSRS substance class structurallyDiverse
K1:DL82PE6ANE,Streptococcus Pneumoniae Type 9v Capsular Polysaccharide Antigen,"material, not a medicine",GSRS substance class structurallyDiverse
K1:DM5GA58Q2Z,Ciracigene golparvovec,"material, not a medicine",GSRS substance class structurallyDiverse
K1:DM64K844DM,Arisaema Triphyllum Root,"material, not a medicine",GSRS substance class structurallyDiverse
K1:DM87NN227Z,Fumaria Officinalis Whole,"material, not a medicine",GSRS substance class structurallyDiverse
K1:DM9CY56A36,Loquat,"material, not a medicine",GSRS substance class structurallyDiverse
K1:DNB59M1NVU,Urtica Dioica Pollen,"material, not a medicine",GSRS substance class structurallyDiverse
K1:DO87T1U2CI,Plantago Lanceolata Pollen,"material, not a medicine",GSRS substance class structurallyDiverse
K1:DP1U601YQS,Bufo Bufo Whole,"material, not a medicine",GSRS substance class structurallyDiverse
K1:DPQ0BJD6MR,Bambusa Bambos Sap,"material, not a medicine",GSRS substance class structurallyDiverse
K1:DPX6XLD4X1,Emiplacel,"material, not a medicine",GSRS substance class structurallyDiverse
K1:DQD16J2B5O,Bitter Orange,"material, not a medicine",GSRS substance class structurallyDiverse
K1:DQE6KXZ5JR,Festuca Pratensis Top,"material, not a medicine",GSRS substance class structurallyDiverse
K1:DQS85W46HV,Taraxacum Officinale Flowering Top,"material, not a medicine",GSRS substance class structurallyDiverse
K1:DQV54Y5H3U,Chamaelirium Luteum Root,"material, not a medicine",GSRS substance class structurallyDiverse
K1:DS272D3LHY,Resecabtagene autoleucel,"material, not a medicine",GSRS substance class structurallyDiverse
K1:DSS8V86H3Y,Clerodendranthus Spicatus Leaf,"material, not a medicine",GSRS substance class structurallyDiverse
K1:DSV74G1P2J,Atropa Belladonna Whole,"material, not a medicine",GSRS substance class structurallyDiverse
K1:DTE28NXG2W,Calluna Vulgaris Whole,"material, not a medicine",GSRS substance class structurallyDiverse
K1:DTN01M69SN,Angelica Archangelica Root,"material, not a medicine",GSRS substance class structurallyDiverse
K1:DU79YU5DEB,LITGENPROSTUCEL-L,"material, not a medicine",GSRS substance class structurallyDiverse
K1:DU963TX85S,ZOLACABTAGENE AUTOLEUCEL,"material, not a medicine",GSRS substance class structurallyDiverse
K1:DUB5K84ELI,Bacopa Monnieri Whole,"material, not a medicine",GSRS substance class structurallyDiverse
K1:DUP6W562BM,Sus Scrofa Oral Mucosa,"material, not a medicine",GSRS substance class structurallyDiverse
K1:DX3ZNI25WK,Adonis Vernalis,"material, not a medicine",GSRS substance class structurallyDiverse
K1:DZ854I04ZE,Japanese Encephalitis Virus Strain Sa 14-14-2 Antigen (FORMALDEHYDE INACTIVATED),"material, not a medicine",GSRS substance class structurallyDiverse
K1:E03U1K03LK,Platanus Occidentalis Pollen,"material, not a medicine",GSRS substance class structurallyDiverse
K1:E11P4F3X4S,Streptococcus Pneumoniae Type 2 Capsular Polysaccharide Antigen,"material, not a medicine",GSRS substance class structurallyDiverse
K1:E1N010344E,Fraxinus Americana Whole,"material, not a medicine",GSRS substance class structurallyDiverse
K1:E2O4O7TQYK,Asarum Canadense Root,"material, not a medicine",GSRS substance class structurallyDiverse
K1:E2QQV92338,Althaea Officinalis Leaf,"material, not a medicine",GSRS substance class structurallyDiverse
K1:E3A7U1HWIO,Pinus Palustris Pollen,"material, not a medicine",GSRS substance class structurallyDiverse
K1:E49SFE53FZ,Ulmus Minor Whole,"material, not a medicine",GSRS substance class structurallyDiverse
K1:E4CG5Q55M1,Acer Macrophyllum Pollen,"material, not a medicine",GSRS substance class structurallyDiverse
K1:E4F12ROE70,C13-14 Isoparaffin,"material, not a medicine",GSRS substance class structurallyDiverse
K1:E4X5PXM3XS,Etivelcabtagene erigedleucel,"material, not a medicine",GSRS substance class structurallyDiverse
K1:E55SMD6DA8,Elecampane,"material, not a medicine",GSRS substance class structurallyDiverse
K1:E6349B696W,Rivogenlecleucel,"material, not a medicine",GSRS substance class structurallyDiverse
K1:E678D1QH0K,Ajuga Reptans Whole,"material, not a medicine",GSRS substance class structurallyDiverse
K1:E6839Q6DO1,Viscum Album Whole,"material, not a medicine",GSRS substance class structurallyDiverse
K1:E6AS89L2F5,Cuscuta Australis Seed,"material, not a medicine",GSRS substance class structurallyDiverse
K1:E7M31AEM0L,Agave Atrovirens Top,"material, not a medicine",GSRS substance class structurallyDiverse
K1:E849G4X5YJ,Saffron,"material, not a medicine",GSRS substance class structurallyDiverse
K1:E88KKF623O,Red King Crab,"material, not a medicine",GSRS substance class structurallyDiverse
K1:E89I1637KE,Guar Gum,"material, not a medicine",GSRS substance class structurallyDiverse
K1:E8S87O660T,"Sus Scrofa Pituitary Gland, Posterior","material, not a medicine",GSRS substance class structurallyDiverse
K1:E95LRW83Y9,Gymnema Sylvestre Whole,"material, not a medicine",GSRS substance class structurallyDiverse
K1:E9O9E4Q192,Lythrum Salicaria Whole,"material, not a medicine",GSRS substance class structurallyDiverse
K1:E9Q71VSJ1S,Grindelia Squarrosa Flowering Top,"material, not a medicine",GSRS substance class structurallyDiverse
K1:EA541308MV,Arctium Lappa Fruit,"material, not a medicine",GSRS substance class structurallyDiverse
K1:EB3AN7DKSL,Rubus Ursinus Whole,"material, not a medicine",GSRS substance class structurallyDiverse
K1:EBU0U94820,Agrimonia Eupatoria,"material, not a medicine",GSRS substance class structurallyDiverse
K1:EF3U3H7I76,Bifidobacterium Infantis,"material, not a medicine",GSRS substance class structurallyDiverse
K1:EF626V855K,Malus Domestica Flower,"material, not a medicine",GSRS substance class structurallyDiverse
K1:EFG2YD102P,Mesocricetus Auratus Hair,"material, not a medicine",GSRS substance class structurallyDiverse
K1:EFX9G567MJ,Crataegus Laevigata Whole,"material, not a medicine",GSRS substance class structurallyDiverse
K1:EJG3KK52YP,Rapcabtagene autoleucel,"material, not a medicine",GSRS substance class structurallyDiverse
K1:EK7F0414PI,Amaranthus Hybridus Pollen,"material, not a medicine",GSRS substance class structurallyDiverse
K1:EKJ8Z7DEWI,Bok Choy,"material, not a medicine",GSRS substance class structurallyDiverse
K1:EM5RP35463,Radish,"material, not a medicine",GSRS substance class structurallyDiverse
K1:EMY54R518C,Bambusa Vulgaris Leaf,"material, not a medicine",GSRS substance class structurallyDiverse
K1:EP5SDKM7A0,Bos Taurus Colostrum Immunoglobulins,"material, not a medicine",GSRS substance class structurallyDiverse
K1:EPP8G99QG4,Atidarsagene Autotemcel,"material, not a medicine",GSRS substance class structurallyDiverse
K1:EQU1BON34S,Zucchini,"material, not a medicine",GSRS substance class structurallyDiverse
K1:ESJ6ZIS34B,Datura Stramonium Flowering Top,"material, not a medicine",GSRS substance class structurallyDiverse
K1:ET1TN5W71X,Pummelo,"material, not a medicine",GSRS substance class structurallyDiverse
K1:ET3651ZLOU,Bos Taurus Bile,"material, not a medicine",GSRS substance class structurallyDiverse
K1:ET4JC4S66E,Omidubicel,"material, not a medicine",GSRS substance class structurallyDiverse
K1:EU2PSP0G0W,Silica Dimethyl Silylate,"material, not a medicine",GSRS substance class structurallyDiverse
K1:EVQ94BW5G4,Spunoleucel,"material, not a medicine",GSRS substance class structurallyDiverse
K1:EX75Q30TX6,Aconitum Lycoctonum,"material, not a medicine",GSRS substance class structurallyDiverse
K1:EXB5VWG5TW,Seglebegagene dasniparvovec,"material, not a medicine",GSRS substance class structurallyDiverse
K1:EYPR9612PZ,Candida Parapsilosis DNA,"material, not a medicine",GSRS substance class structurallyDiverse
K1:EYW899536C,Polygonatum Multiflorum Root,"material, not a medicine",GSRS substance class structurallyDiverse
K1:F0503JK1C3,Prunus Persica Var. Nucipersica Whole,"material, not a medicine",GSRS substance class structurallyDiverse
K1:F0R3Y60C6V,Luffa,"material, not a medicine",GSRS substance class structurallyDiverse
K1:F14P91GB5F,Pecan,"material, not a medicine",GSRS substance class structurallyDiverse
K1:F1A0PSN10V,Lactococcus Lactis,"material, not a medicine",GSRS substance class structurallyDiverse
K1:F1F4B2ILM1,LONTUCIREV (REPLICATING ADENOVIRUS),"material, not a medicine",GSRS substance class structurallyDiverse
K1:F1KAH8374D,Triticum Aestivum Pollen,"material, not a medicine",GSRS substance class structurallyDiverse
K1:F1T8QT9U8B,Digitalis,"material, not a medicine",GSRS substance class structurallyDiverse
K1:F22I9R6Q0X,Melilotus,"material, not a medicine",GSRS substance class structurallyDiverse
K1:F26P2D4757,Prunus Laurocerasus Leaf,"material, not a medicine",GSRS substance class structurallyDiverse
K1:F2TW0N64FI,Haemophilus Influenzae Type B,"material, not a medicine",GSRS substance class structurallyDiverse
K1:F34859WS62,Cornus Nuttallii Whole,"material, not a medicine",GSRS substance class structurallyDiverse
K1:F397T2949F,Erysimum Cheiri Seed,"material, not a medicine",GSRS substance class structurallyDiverse
K1:F3IN55X5PO,Patchouly Oil,"material, not a medicine",GSRS substance class structurallyDiverse
K1:F45YHM06JE,Solidago Virgaurea Whole,"material, not a medicine",GSRS substance class structurallyDiverse
K1:F4679CEE8H,Sus Scrofa Superior Gastric Plexus,"material, not a medicine",GSRS substance class structurallyDiverse
K1:F4O1DKI9A6,Dunaliella Salina,"material, not a medicine",GSRS substance class structurallyDiverse
K1:F6LOJ6ER4S,Resamirigene bilparvovec,"material, not a medicine",GSRS substance class structurallyDiverse
K1:F84709P2XV,Wormwood,"material, not a medicine",GSRS substance class structurallyDiverse
K1:F8PTG78KRB,Southern Flounder,"material, not a medicine",GSRS substance class structurallyDiverse
K1:F8XAG1755S,Borage Oil,"material, not a medicine",GSRS substance class structurallyDiverse
K1:F930LFZ4LF,Lespedeza Capitata,"material, not a medicine",GSRS substance class structurallyDiverse
K1:F9670LP52I,Baltaleucel,"material, not a medicine",GSRS substance class structurallyDiverse
K1:FAY1Y90VJ9,Phalaris Arundinacea Pollen,"material, not a medicine",GSRS substance class structurallyDiverse
K1:FB3Y68CF2Y,Serratia Marcescens,"material, not a medicine",GSRS substance class structurallyDiverse
K1:FB7IP650ET,Pinus Contorta Pollen,"material, not a medicine",GSRS substance class structurallyDiverse
K1:FBB99Y9WCY,Nefonadogene vonzuparvovec,"material, not a medicine",GSRS substance class structurallyDiverse
K1:FBZ2DKU32N,Emilimogene sigulactibac,"material, not a medicine",GSRS substance class structurallyDiverse
K1:FC604DJ98E,Ligustrum Vulgare Whole,"material, not a medicine",GSRS substance class structurallyDiverse
K1:FCU6WET6AA,Artemisia Afra Top,"material, not a medicine",GSRS substance class structurallyDiverse
K1:FDB4GQ8A3Y,Zocaglusagene nuzaparvovec,"material, not a medicine",GSRS substance class structurallyDiverse
K1:FEE198DK4Q,Rhizopus Stolonifer,"material, not a medicine",GSRS substance class structurallyDiverse
K1:FEL92NE7KH,Gladiolus Communis Whole,"material, not a medicine",GSRS substance class structurallyDiverse
K1:FG30UR681Y,Trifolium Pratense Whole,"material, not a medicine",GSRS substance class structurallyDiverse
K1:FGL3685T2X,Chamomile,"material, not a medicine",GSRS substance class structurallyDiverse
K1:FHE1Q0VN6P,Bartonella Bacilliformis,"material, not a medicine",GSRS substance class structurallyDiverse
K1:FI8B4CLS9I,Datura Stramonium Whole,"material, not a medicine",GSRS substance class structurallyDiverse
K1:FIW80T6P6V,Bambusa Vulgaris Top,"material, not a medicine",GSRS substance class structurallyDiverse
K1:FJL3XFK3N8,Erodium Cicutarium,"material, not a medicine",GSRS substance class structurallyDiverse
K1:FKD3DUK39I,Human Adenovirus E Serotype 4 Strain Cl-68578 Antigen,"material, not a medicine",GSRS substance class structurallyDiverse
K1:FLS0C20S53,Bacillus Pumilus,"material, not a medicine",GSRS substance class structurallyDiverse
K1:FLT36UCF0N,Chelidonium Majus Root,"material, not a medicine",GSRS substance class structurallyDiverse
K1:FO2ACM0RMQ,Vaccinium Vitis-Idaea Leaf,"material, not a medicine",GSRS substance class structurallyDiverse
K1:FOF26T73HA,Lamb,"material, not a medicine",GSRS substance class structurallyDiverse
K1:FOP08H143P,Sarracenia Purpurea,"material, not a medicine",GSRS substance class structurallyDiverse
K1:FP6O7F1X9R,Valeriana Officinalis Whole,"material, not a medicine",GSRS substance class structurallyDiverse
K1:FR89SC8CT4,Dilanubicel,"material, not a medicine",GSRS substance class structurallyDiverse
K1:FTS5RM302N,Cannabis Sativa SUBSP. Indica Top,"material, not a medicine",GSRS substance class structurallyDiverse
K1:FU6582QMPV,Knotweed,"material, not a medicine",GSRS substance class structurallyDiverse
K1:FV0JG1SX76,Suratadenoturev,"material, not a medicine",GSRS substance class structurallyDiverse
K1:FV98Z8GITP,Mint,"material, not a medicine",GSRS substance class structurallyDiverse
K1:FX2S0D3781,Pacific Oyster,"material, not a medicine",GSRS substance class structurallyDiverse
K1:FXG254HF10,Stemona Japonica Root,"material, not a medicine",GSRS substance class structurallyDiverse
K1:FYF75V7FDY,Human Coxsackievirus B4,"material, not a medicine",GSRS substance class structurallyDiverse
K1:FZJ641678T,Poliovirus,"material, not a medicine",GSRS substance class structurallyDiverse
K1:G025DAL7CE,Rheum Palmatum Root,"material, not a medicine",GSRS substance class structurallyDiverse
K1:G0NV8P17X0,Imperatoria Ostruthia Root,"material, not a medicine",GSRS substance class structurallyDiverse
K1:G0O5980Z7W,Streptomyces Griseus,"material, not a medicine",GSRS substance class structurallyDiverse
K1:G0R4UBI2ZZ,Matricaria Chamomilla,"material, not a medicine",GSRS substance class structurallyDiverse
K1:G10832YT0L,Plague vaccine,"material, not a medicine",GSRS substance class structurallyDiverse
K1:G16264UUXK,BELAGENPUMATUCEL-L (NCI H-520),"material, not a medicine",GSRS substance class structurallyDiverse
K1:G1ZD4XB2AH,Crangon Shrimp,"material, not a medicine",GSRS substance class structurallyDiverse
K1:G280W4MW6E,Rhubarb,"material, not a medicine",GSRS substance class structurallyDiverse
K1:G2A764T54B,Carya Alba Pollen,"material, not a medicine",GSRS substance class structurallyDiverse
K1:G2HC85101Q,Cherokee Rosehip,"material, not a medicine",GSRS substance class structurallyDiverse
K1:G2X0304IX1,Hibiscus Sabdariffa Seed Oil,"material, not a medicine",GSRS substance class structurallyDiverse
K1:G39P120JQT,Canis Lupus Familiaris Milk,"material, not a medicine",GSRS substance class structurallyDiverse
K1:G3NJ7M8N4H,Tabelecleucel,"material, not a medicine",GSRS substance class structurallyDiverse
K1:G3QC02NIE6,Fennel Seed,"material, not a medicine",GSRS substance class structurallyDiverse
K1:G43C57162K,Melaleuca Alternifolia Leaf,"material, not a medicine",GSRS substance class structurallyDiverse
K1:G44KTI7KIS,"Casein, Lactococcus Lactis Cultured, Penicillium Camemberti Cultured, Aged","material, not a medicine",GSRS substance class structurallyDiverse
K1:G46579QK1M,Hair Keratin Amino Acids,"material, not a medicine",GSRS substance class structurallyDiverse
K1:G5005J3X2B,Saxifraga Granulata Flowering Top,"material, not a medicine",GSRS substance class structurallyDiverse
K1:G515RAI9FY,Medicago Sativa Pollen,"material, not a medicine",GSRS substance class structurallyDiverse
K1:G54MT8V18G,Hepatitis A Virus,"material, not a medicine",GSRS substance class structurallyDiverse
K1:G55HNL2C70,Jujube,"material, not a medicine",GSRS substance class structurallyDiverse
K1:G580B439YI,Azadirachta Indica Bark,"material, not a medicine",GSRS substance class structurallyDiverse
K1:G64F59W88V,Solizmestrocel,"material, not a medicine",GSRS substance class structurallyDiverse
K1:G64J165NAI,Hemidesmus Indicus Whole,"material, not a medicine",GSRS substance class structurallyDiverse
K1:G684LX721Q,Fraxinus Americana Pollen,"material, not a medicine",GSRS substance class structurallyDiverse
K1:G6W4F0V8Z3,Datura Stramonium,"material, not a medicine",GSRS substance class structurallyDiverse
K1:G728143D8Q,Cyclamen Purpurascens Tuber,"material, not a medicine",GSRS substance class structurallyDiverse
K1:G72JA9DHK5,Solanum Dulcamara Whole,"material, not a medicine",GSRS substance class structurallyDiverse
K1:G7W43U4YTF,Chaste Tree Fruit Oil,"material, not a medicine",GSRS substance class structurallyDiverse
K1:G82398SD3I,Ulmus Crassifolia Pollen,"material, not a medicine",GSRS substance class structurallyDiverse
K1:G90PX41VP0,Downy Blueberry,"material, not a medicine",GSRS substance class structurallyDiverse
K1:G9O67I0A8Q,Blattella Germanica,"material, not a medicine",GSRS substance class structurallyDiverse
K1:G9Z40ZYU6P,Sweet Marjoram,"material, not a medicine",GSRS substance class structurallyDiverse
K1:GB4GHH2W9G,Rhododendron Caucasicum Whole,"material, not a medicine",GSRS substance class structurallyDiverse
K1:GCM5WR286M,Leuconostoc Cremoris,"material, not a medicine",GSRS substance class structurallyDiverse
K1:GCZ4W7077C,Taraxacum,"material, not a medicine",GSRS substance class structurallyDiverse
K1:GD1Z9GY1FW,Withania Somnifera Whole,"material, not a medicine",GSRS substance class structurallyDiverse
K1:GD946P479L,Oryctolagus Cuniculus Bone,"material, not a medicine",GSRS substance class structurallyDiverse
K1:GE8EP033OZ,Oyster Mushroom,"material, not a medicine",GSRS substance class structurallyDiverse
K1:GG8N28393G,Silver Ear Fungus,"material, not a medicine",GSRS substance class structurallyDiverse
K1:GG8WX068MX,Atriplex Confertifolia Pollen,"material, not a medicine",GSRS substance class structurallyDiverse
K1:GGU8638U2B,Chamaecostus Cuspidatus Whole,"material, not a medicine",GSRS substance class structurallyDiverse
K1:GH30P1VXK2,Pumpkin Seed,"material, not a medicine",GSRS substance class structurallyDiverse
K1:GH42T47V24,Black Tea,"material, not a medicine",GSRS substance class structurallyDiverse
K1:GHC6OHK0W0,Ulmus Rubra Pollen,"material, not a medicine",GSRS substance class structurallyDiverse
K1:GHJ5XX5SGS,Virola Sebifera Resin,"material, not a medicine",GSRS substance class structurallyDiverse
K1:GJ2F3208WP,Bos Taurus Gingiva,"material, not a medicine",GSRS substance class structurallyDiverse
K1:GJI4EV4B3C,Surabgene lomparvovec,"material, not a medicine",GSRS substance class structurallyDiverse
K1:GJU5F9OXMT,Populus Nigra Leaf Bud,"material, not a medicine",GSRS substance class structurallyDiverse
K1:GLA4808EHQ,Ferula Sumbul Root,"material, not a medicine",GSRS substance class structurallyDiverse
K1:GM3H4U6QS8,Cavia Porcellus Skin,"material, not a medicine",GSRS substance class structurallyDiverse
K1:GM6P02J2DX,Melilotus Officinalis Top,"material, not a medicine",GSRS substance class structurallyDiverse
K1:GMV2GFP3G2,Zevorcabtagene autoleucel,"material, not a medicine",GSRS substance class structurallyDiverse
K1:GN8217WQOV,Viscum Album Leaf,"material, not a medicine",GSRS substance class structurallyDiverse
K1:GO0M2O288Y,Anoectochilus Roxburghii Whole,"material, not a medicine",GSRS substance class structurallyDiverse
K1:GOA51670YV,Distichlis Spicata Pollen,"material, not a medicine",GSRS substance class structurallyDiverse
K1:GON5VU1D0Z,Oxalis Acetosella Whole,"material, not a medicine",GSRS substance class structurallyDiverse
K1:GPC34QP6X6,Debamestrocel,"material, not a medicine",GSRS substance class structurallyDiverse
K1:GPV39ZGD8C,VARICELLA-ZOSTER Virus Strain OKA/MERCK Live Antigen,"material, not a medicine",GSRS substance class structurallyDiverse
K1:GQM6LVU5V8,Sporisorium Cruentum,"material, not a medicine",GSRS substance class structurallyDiverse
K1:GQX1C1175U,Panax Notoginseng Root,"material, not a medicine",GSRS substance class structurallyDiverse
K1:GRX3499643,Thymus Vulgaris Leaf,"material, not a medicine",GSRS substance class structurallyDiverse
K1:GRY5SDU86N,Coxiella Burnetii,"material, not a medicine",GSRS substance class structurallyDiverse
K1:GS042K765G,Hottonia Palustris Whole,"material, not a medicine",GSRS substance class structurallyDiverse
K1:GT0PJ8MB5R,Lobelia Cardinalis Whole,"material, not a medicine",GSRS substance class structurallyDiverse
K1:GT2R824K44,Chive,"material, not a medicine",GSRS substance class structurallyDiverse
K1:GTJ6598VKZ,Populus Deltoides Subsp. Deltoides Whole,"material, not a medicine",GSRS substance class structurallyDiverse
K1:GTQ4L35MEW,Lacticaseibacillus Rhamnosus GR-1,"material, not a medicine",GSRS substance class structurallyDiverse
K1:GUI17F6P9J,Ilex Aquifolium Whole,"material, not a medicine",GSRS substance class structurallyDiverse
K1:GV54Q19G55,Sus Scrofa Frontal Lobe,"material, not a medicine",GSRS substance class structurallyDiverse
K1:GW0W1Y9I97,Cabbage,"material, not a medicine",GSRS substance class structurallyDiverse
K1:GX6M5RT7MN,Neltependocel,"material, not a medicine",GSRS substance class structurallyDiverse
K1:GXW9U52VV9,Lacticaseibacillus Paracasei Lpc-37,"material, not a medicine",GSRS substance class structurallyDiverse
K1:GXZ33VNT92,Gentiana Scabra Root,"material, not a medicine",GSRS substance class structurallyDiverse
K1:GYR30735RE,Cnidium Monnieri Whole,"material, not a medicine",GSRS substance class structurallyDiverse
K1:H00Y243SK0,Argentina Anserina Flowering Top,"material, not a medicine",GSRS substance class structurallyDiverse
K1:H02N5LQ5F6,Citrus Sinensis Flower,"material, not a medicine",GSRS substance class structurallyDiverse
K1:H0876AL67A,Asarum Europaeum,"material, not a medicine",GSRS substance class structurallyDiverse
K1:H0NO2VNJ61,Helleborus Niger Whole,"material, not a medicine",GSRS substance class structurallyDiverse
K1:H14X4P9EKJ,Rosa Californica Whole,"material, not a medicine",GSRS substance class structurallyDiverse
K1:H188NA7MNB,Ba Ji Tian,"material, not a medicine",GSRS substance class structurallyDiverse
K1:H192N84N1G,Alseroxylon,"material, not a medicine",GSRS substance class structurallyDiverse
K1:H2HC4RY52C,Curcuma Longa Leaf,"material, not a medicine",GSRS substance class structurallyDiverse
K1:H3O7QI5HY7,Date,"material, not a medicine",GSRS substance class structurallyDiverse
K1:H4ORZ75P00,Calochortus Gunnisonii Whole,"material, not a medicine",GSRS substance class structurallyDiverse
K1:H4T32JIH01,Fordadistrogene movaparvovec,"material, not a medicine",GSRS substance class structurallyDiverse
K1:H52XVP0BVB,Ericameria Nauseosa Whole,"material, not a medicine",GSRS substance class structurallyDiverse
K1:H57D26Z9YK,Remestemcel,"material, not a medicine",GSRS substance class structurallyDiverse
K1:H57TO94940,Solanum Virginianum Whole,"material, not a medicine",GSRS substance class structurallyDiverse
K1:H67S8RU85S,Stenotaphrum Secundatum Whole,"material, not a medicine",GSRS substance class structurallyDiverse
K1:H6J53HEX8E,Pelargonium Sidoides Root,"material, not a medicine",GSRS substance class structurallyDiverse
K1:H6L0IFR3FE,Sus Scrofa Sympathetic Nerve,"material, not a medicine",GSRS substance class structurallyDiverse
K1:H8FJJ6KX5Y,Symphytum Officinale Whole,"material, not a medicine",GSRS substance class structurallyDiverse
K1:H8QYU50Z2D,Populus Trichocarpa Pollen,"material, not a medicine",GSRS substance class structurallyDiverse
K1:H93GMC21MW,Zeltnera Venusta Whole Flowering,"material, not a medicine",GSRS substance class structurallyDiverse
K1:H9BE3VZU4A,Ribrecabtagene autoleucel,"material, not a medicine",GSRS substance class structurallyDiverse
K1:H9E0IX4MOX,Leucanthemum Vulgare Pollen,"material, not a medicine",GSRS substance class structurallyDiverse
K1:H9VA9H989B,Nulabeglogene autogedtemcel,"material, not a medicine",GSRS substance class structurallyDiverse
K1:HB2DF85W83,sitocabnagene loxiveleucel,"material, not a medicine",GSRS substance class structurallyDiverse
K1:HBU87MH6OY,Juniperus Communis Stem,"material, not a medicine",GSRS substance class structurallyDiverse
K1:HC262P51WU,Phaseolus Vulgaris Whole,"material, not a medicine",GSRS substance class structurallyDiverse
K1:HCK8PG4YA2,Artemisia Argyi Whole,"material, not a medicine",GSRS substance class structurallyDiverse
K1:HGH5K3653K,Quercus Lobata Pollen,"material, not a medicine",GSRS substance class structurallyDiverse
K1:HH159XOV81,Justicia Adhatoda Leaf,"material, not a medicine",GSRS substance class structurallyDiverse
K1:HJ4L70T1ZP,Stachybotrys Chartarum,"material, not a medicine",GSRS substance class structurallyDiverse
K1:HK33QZZ836,REBONUPUTEMCEL,"material, not a medicine",GSRS substance class structurallyDiverse
K1:HKD62G79N5,Bovine Tuberculin,"material, not a medicine",GSRS substance class structurallyDiverse
K1:HKE3DK7994,Eriodictyon Californicum Flowering Top,"material, not a medicine",GSRS substance class structurallyDiverse
K1:HKY915780T,Melia Azadirachta Leaf,"material, not a medicine",GSRS substance class structurallyDiverse
K1:HLHV7DJTY8,Bartonella Quintana DNA,"material, not a medicine",GSRS substance class structurallyDiverse
K1:HO4J712LAX,Bos Taurus Duodenum,"material, not a medicine",GSRS substance class structurallyDiverse
K1:HO615U86UJ,Atlantic Mackerel,"material, not a medicine",GSRS substance class structurallyDiverse
K1:HOX6BEK27Q,Coffea Arabica Fruit,"material, not a medicine",GSRS substance class structurallyDiverse
K1:HP7119212T,Lepidium Meyenii Root,"material, not a medicine",GSRS substance class structurallyDiverse
K1:HQJ5Z3SOIV,Pteridium Aquilinum Root,"material, not a medicine",GSRS substance class structurallyDiverse
K1:HQO0BY631E,Garden Cress,"material, not a medicine",GSRS substance class structurallyDiverse
K1:HR6H5057CO,Passalora Fulva,"material, not a medicine",GSRS substance class structurallyDiverse
K1:HT3R7C012Q,Measles Virus,"material, not a medicine",GSRS substance class structurallyDiverse
K1:HTV58LVI9P,Lessonia Nigrescens,"material, not a medicine",GSRS substance class structurallyDiverse
K1:HU1W4L947H,Lactobacillus Bulgaricus,"material, not a medicine",GSRS substance class structurallyDiverse
K1:HU6EYI2I1W,Hippomane Mancinella Fruiting Leafy Twig,"material, not a medicine",GSRS substance class structurallyDiverse
K1:HU8V6E7HOA,Agrostis Gigantea Pollen,"material, not a medicine",GSRS substance class structurallyDiverse
K1:HUH56XF3P7,Alvamemugene sulseparvovec,"material, not a medicine",GSRS substance class structurallyDiverse
K1:HW54500A89,Cichorium Intybus Flower,"material, not a medicine",GSRS substance class structurallyDiverse
K1:HW86D1FGSS,Bambusa Bambos Leaf,"material, not a medicine",GSRS substance class structurallyDiverse
K1:HY3L927V6M,Medicago Sativa Leaf,"material, not a medicine",GSRS substance class structurallyDiverse
K1:I0H9JEC3DX,Burning Bush,"material, not a medicine",GSRS substance class structurallyDiverse
K1:I0V66KI1LD,Rabies Virus,"material, not a medicine",GSRS substance class structurallyDiverse
K1:I2AHJ0JD5V,Ulmus Glabra Whole,"material, not a medicine",GSRS substance class structurallyDiverse
K1:I2G2SZ8B0C,Dirloctocogene samoparvovec,"material, not a medicine",GSRS substance class structurallyDiverse
K1:I2XCB174VB,Mandragora Officinarum Root,"material, not a medicine",GSRS substance class structurallyDiverse
K1:I49U6EUL9X,Andrographis Paniculata Top,"material, not a medicine",GSRS substance class structurallyDiverse
K1:I51YGQ1Q2L,Jujube Seed,"material, not a medicine",GSRS substance class structurallyDiverse
K1:I57ERU2601,Fagus Sylvatica Nut,"material, not a medicine",GSRS substance class structurallyDiverse
K1:I5F729WZ2H,Clonostachys Rosea F. Rosea,"material, not a medicine",GSRS substance class structurallyDiverse
K1:I5G2JR395W,Potentilla Anserina Whole,"material, not a medicine",GSRS substance class structurallyDiverse
K1:I5GZG55B36,Allspice,"material, not a medicine",GSRS substance class structurallyDiverse
K1:I629I3NR86,Mango,"material, not a medicine",GSRS substance class structurallyDiverse
K1:I6839Y031A,Giant Puffball,"material, not a medicine",GSRS substance class structurallyDiverse
K1:I6KAZ8AO1O,Secale Cereale Pollen,"material, not a medicine",GSRS substance class structurallyDiverse
K1:I76KB35JEV,Anemone Pulsatilla,"material, not a medicine",GSRS substance class structurallyDiverse
K1:I7G3677282,Butternut Squash,"material, not a medicine",GSRS substance class structurallyDiverse
K1:I7L8FKN87J,Tuberculin Purified Protein Derivative,"material, not a medicine",GSRS substance class structurallyDiverse
K1:I8442U2G7J,Pork Collagen,"material, not a medicine",GSRS substance class structurallyDiverse
K1:I97MO7NK0M,Buttermilk,"material, not a medicine",GSRS substance class structurallyDiverse
K1:I9D9Z5GCW5,Neurospora Sitophila,"material, not a medicine",GSRS substance class structurallyDiverse
K1:I9GRO824LL,Lemon Oil,"material, not a medicine",GSRS substance class structurallyDiverse
K1:I9O0E3H2ZE,Paraffin,"material, not a medicine",GSRS substance class structurallyDiverse
K1:ICE9ZZM1HJ,Cilantro,"material, not a medicine",GSRS substance class structurallyDiverse
K1:ICV1OK7M1S,Wakame,"material, not a medicine",GSRS substance class structurallyDiverse
K1:ID3Z1X61WY,Sus Scrofa Nasal Mucosa,"material, not a medicine",GSRS substance class structurallyDiverse
K1:IDB0NAZ6AI,Grindelia,"material, not a medicine",GSRS substance class structurallyDiverse
K1:IET5D90X0D,Bergamot Orange,"material, not a medicine",GSRS substance class structurallyDiverse
K1:IH3063S9MY,Hamamelis Virginiana Bark,"material, not a medicine",GSRS substance class structurallyDiverse
K1:IHN2NQ5OF9,Urtica Urens,"material, not a medicine",GSRS substance class structurallyDiverse
K1:IHY79HC33C,Aesculus Glabra Nut,"material, not a medicine",GSRS substance class structurallyDiverse
K1:IIC6H3WF6J,Koeleria Macrantha Pollen,"material, not a medicine",GSRS substance class structurallyDiverse
K1:IIF21WT8O3,Allium Sativum Whole,"material, not a medicine",GSRS substance class structurallyDiverse
K1:IIO8Q82SD1,Botaretigene sparoparvovec,"material, not a medicine",GSRS substance class structurallyDiverse
K1:IIV9247F0W,Agathosma Crenulata Leaf,"material, not a medicine",GSRS substance class structurallyDiverse
K1:IJ4SXX96Y4,Leonurus Cardiaca Flowering Top,"material, not a medicine",GSRS substance class structurallyDiverse
K1:IJ67X351P9,Rosemary,"material, not a medicine",GSRS substance class structurallyDiverse
K1:IK8VY4315G,Mangifera Indica Leaf,"material, not a medicine",GSRS substance class structurallyDiverse
K1:IM19VOE23G,Achyranthes Japonica Root,"material, not a medicine",GSRS substance class structurallyDiverse
K1:IM2D62E64F,Ambrosia Confertiflora Whole,"material, not a medicine",GSRS substance class structurallyDiverse
K1:IN6Q3S3414,Zingiber Officinale Whole,"material, not a medicine",GSRS substance class structurallyDiverse
K1:IQV54TN60Y,Hexaplex Trunculus Hypobranchial Gland Juice,"material, not a medicine",GSRS substance class structurallyDiverse
K1:IR986LE7DF,Solanum Dulcamara Stem,"material, not a medicine",GSRS substance class structurallyDiverse
K1:IRL8K93WUO,Iris Missouriensis Whole,"material, not a medicine",GSRS substance class structurallyDiverse
K1:ISE9I7DNUG,Coco-Glycerides,"material, not a medicine",GSRS substance class structurallyDiverse
K1:ISK1LOY57E,Bacillus Coagulans,"material, not a medicine",GSRS substance class structurallyDiverse
K1:ITJ40JX79U,Berberis Vulgaris Root,"material, not a medicine",GSRS substance class structurallyDiverse
K1:ITY7G7Q744,Coccidioides Immitis Spherule,"material, not a medicine",GSRS substance class structurallyDiverse
K1:IU0Z41653U,Ulmus Parvifolia Pollen,"material, not a medicine",GSRS substance class structurallyDiverse
K1:IU7O9UQK3N,Tonogenchoncel-L,"material, not a medicine",GSRS substance class structurallyDiverse
K1:IUP4S55D8S,American Hazelnut,"material, not a medicine",GSRS substance class structurallyDiverse
K1:IV3S2HH53G,Castanea Sativa Leaf,"material, not a medicine",GSRS substance class structurallyDiverse
K1:IV92NQJ73U,Rhododendron Aureum Leaf,"material, not a medicine",GSRS substance class structurallyDiverse
K1:IVU789297D,Dysphania Botrys Pollen,"material, not a medicine",GSRS substance class structurallyDiverse
K1:IWY3IWX2G8,Dioscorea Villosa Root,"material, not a medicine",GSRS substance class structurallyDiverse
K1:IX56B2GQX6,Pasteurella Multocida,"material, not a medicine",GSRS substance class structurallyDiverse
K1:IYI0G2057S,"Casein, Lactococcus Lactis Cultured, Penicillium Roqueforti Cultured, Aged","material, not a medicine",GSRS substance class structurallyDiverse
K1:IYR6K8KQ5K,Sophora Flavescens Root,"material, not a medicine",GSRS substance class structurallyDiverse
K1:IZR558KO53,Troculeucel,"material, not a medicine",GSRS substance class structurallyDiverse
K1:J02K2IV2PB,Centella Asiatica Flowering Top,"material, not a medicine",GSRS substance class structurallyDiverse
K1:J067L6I0TY,West Nile Virus,"material, not a medicine",GSRS substance class structurallyDiverse
K1:J0F5GM8LA8,Jatropha Curcas Seed,"material, not a medicine",GSRS substance class structurallyDiverse
K1:J10PD1AQ0N,Wyethia Helenioides Root,"material, not a medicine",GSRS substance class structurallyDiverse
K1:J17GBZ5VGX,Saccharomyces Cerevisiae RNA,"material, not a medicine",GSRS substance class structurallyDiverse
K1:J1876Z7L1X,Castela Emoryi Whole,"material, not a medicine",GSRS substance class structurallyDiverse
K1:J1UK54JBGH,Foeniculum Vulgare Var. Vulgare Whole,"material, not a medicine",GSRS substance class structurallyDiverse
K1:J3N2Z889QP,Rosa Canina Leaf,"material, not a medicine",GSRS substance class structurallyDiverse
K1:J3O020I532,Ulmus Minor Flowering Twig,"material, not a medicine",GSRS substance class structurallyDiverse
K1:J3TO6BUQ37,Cajeput,"material, not a medicine",GSRS substance class structurallyDiverse
K1:J411UTU0HN,Viburnum Prunifolium Bark,"material, not a medicine",GSRS substance class structurallyDiverse
K1:J41552QKAK,Dactylis Glomerata Top,"material, not a medicine",GSRS substance class structurallyDiverse
K1:J4FKJ562R9,Penicillium Verrucosum,"material, not a medicine",GSRS substance class structurallyDiverse
K1:J4WG1JVR05,Berberis Aquifolium Whole,"material, not a medicine",GSRS substance class structurallyDiverse
K1:J5P04QW0CF,Ganoderma Lucidum Whole,"material, not a medicine",GSRS substance class structurallyDiverse
K1:J5S5664RTL,Brevibacillus Brevis,"material, not a medicine",GSRS substance class structurallyDiverse
K1:J5W36Y5WG8,Foeniculum Vulgare Fruit,"material, not a medicine",GSRS substance class structurallyDiverse
K1:J5Z87L8ROA,Lapuleucel-T,"material, not a medicine",GSRS substance class structurallyDiverse
K1:J61BY05EGY,Drosera Anglica,"material, not a medicine",GSRS substance class structurallyDiverse
K1:J66MJH220L,Fuchsia Magellanica Whole,"material, not a medicine",GSRS substance class structurallyDiverse
K1:J6D55C56ED,Lecilimogene autotemcel,"material, not a medicine",GSRS substance class structurallyDiverse
K1:J7I2T6IV1N,Spearmint,"material, not a medicine",GSRS substance class structurallyDiverse
K1:J7WWH9M8QS,Saw Palmetto,"material, not a medicine",GSRS substance class structurallyDiverse
K1:J81SZ18495,Equus Caballus Dander,"material, not a medicine",GSRS substance class structurallyDiverse
K1:J8DAZ3T66L,Dolichovespula Maculata Venom Protein,"material, not a medicine",GSRS substance class structurallyDiverse
K1:J99W255AWF,Rosa Moschata Oil,"material, not a medicine",GSRS substance class structurallyDiverse
K1:JD24M53P9U#bcdb,Anacaulase-Bcdb,"material, not a medicine",GSRS substance class structurallyDiverse
K1:JD6YPE8XLT,Sesamum Indicum Whole,"material, not a medicine",GSRS substance class structurallyDiverse
K1:JDR81QW9ZQ,Artemisia Vulgaris Whole,"material, not a medicine",GSRS substance class structurallyDiverse
K1:JDS6958QAG,Vaccinia Virus,"material, not a medicine",GSRS substance class structurallyDiverse
K1:JG828PW4NT,Belacabnagene franleucel,"material, not a medicine",GSRS substance class structurallyDiverse
K1:JG9V5H8412,Nerium Oleander Whole,"material, not a medicine",GSRS substance class structurallyDiverse
K1:JH0SWT16D1,Coptis Japonica Root,"material, not a medicine",GSRS substance class structurallyDiverse
K1:JHM2AD7V9M,Sus Scrofa Pylorus,"material, not a medicine",GSRS substance class structurallyDiverse
K1:JK0MS9P8YL,Cnidium Monnieri Fruit Oil,"material, not a medicine",GSRS substance class structurallyDiverse
K1:JLG9853E2P,Capra Hircus Skin,"material, not a medicine",GSRS substance class structurallyDiverse
K1:JLK089424F,Silybum Marianum Whole,"material, not a medicine",GSRS substance class structurallyDiverse
K1:JMX3ACIU25,Toxoplasma Gondii DNA,"material, not a medicine",GSRS substance class structurallyDiverse
K1:JNF66W9FFW,Coccidioides Immitis Whole,"material, not a medicine",GSRS substance class structurallyDiverse
K1:JP3M1P0XCW,Lactobacillus Delbrueckii Lactis,"material, not a medicine",GSRS substance class structurallyDiverse
K1:JQ5HI5004M,Betula Lenta Pollen,"material, not a medicine",GSRS substance class structurallyDiverse
K1:JQ87AA60GU,Atriplex Polycarpa Pollen,"material, not a medicine",GSRS substance class structurallyDiverse
K1:JQ9EK2H6BG,GRAPEFRUIT JUICE,"material, not a medicine",GSRS substance class structurallyDiverse
K1:JQE470FAD0,Mycoplasma Pneumoniae,"material, not a medicine",GSRS substance class structurallyDiverse
K1:JSJ34YQJ5D,Daphne Odora Bark,"material, not a medicine",GSRS substance class structurallyDiverse
K1:JSM64OJO9B,Marine NON-GELLING Gelatin,"material, not a medicine",GSRS substance class structurallyDiverse
K1:JSZ93E47EP,Asclepias Curassavica,"material, not a medicine",GSRS substance class structurallyDiverse
K1:JTJ6HH6YEH,Blue Cohosh,"material, not a medicine",GSRS substance class structurallyDiverse
K1:JU3D414057,Tangerine Peel,"material, not a medicine",GSRS substance class structurallyDiverse
K1:JU499IS53H,Human Rotavirus A Type G2P7(5) Strain SC2 Live Antigen,"material, not a medicine",GSRS substance class structurallyDiverse
K1:JWF5YAW3QW,Valerian,"material, not a medicine",GSRS substance class structurallyDiverse
K1:JY1BE33I3Y,Trichophyton Tonsurans,"material, not a medicine",GSRS substance class structurallyDiverse
K1:JY81OXM1OM,Hydrogenated Coconut Oil,"material, not a medicine",GSRS substance class structurallyDiverse
K1:JYZ6110L9I,Sanicula Europaea Leaf,"material, not a medicine",GSRS substance class structurallyDiverse
K1:K04M7D9VEC,Muira Puama,"material, not a medicine",GSRS substance class structurallyDiverse
K1:K08036XEJV,Horehound,"material, not a medicine",GSRS substance class structurallyDiverse
K1:K0Q6REZ9JC,Bothrops Atrox Venom,"material, not a medicine",GSRS substance class structurallyDiverse
K1:K1XKC8OD5S,Rhopalurus Junceus Venom,"material, not a medicine",GSRS substance class structurallyDiverse
K1:K1YRS2QLN2,Bifidobacterium Animalis Lactis Bl04,"material, not a medicine",GSRS substance class structurallyDiverse
K1:K20Y81ACO3,Ambrosia Artemisiifolia Pollen,"material, not a medicine",GSRS substance class structurallyDiverse
K1:K24R94BC3K,Duvalgagene otiparvovec,"material, not a medicine",GSRS substance class structurallyDiverse
K1:K2A74U428F,Lycoperdon Utriforme Fruiting Body,"material, not a medicine",GSRS substance class structurallyDiverse
K1:K313UEYYSN,Giardia Lamblia DNA,"material, not a medicine",GSRS substance class structurallyDiverse
K1:K34664156J,Sus Scrofa Bronchus,"material, not a medicine",GSRS substance class structurallyDiverse
K1:K39FUU78ES,Pinus Strobus Cone,"material, not a medicine",GSRS substance class structurallyDiverse
K1:K3ALM8S49H,Vespa Crabro,"material, not a medicine",GSRS substance class structurallyDiverse
K1:K48IKT5321,Clove,"material, not a medicine",GSRS substance class structurallyDiverse
K1:K49155WL9Y,Shea Butter,"material, not a medicine",GSRS substance class structurallyDiverse
K1:K5877MW0LE,Watercress,"material, not a medicine",GSRS substance class structurallyDiverse
K1:K5LW2WBP48,Clemidsogene lanparvovec,"material, not a medicine",GSRS substance class structurallyDiverse
K1:K5XQH3784F,Boysenberry,"material, not a medicine",GSRS substance class structurallyDiverse
K1:K62C66D9LN,Melaleuca Cajuputi Whole,"material, not a medicine",GSRS substance class structurallyDiverse
K1:K738E2MB3I,Haemophilus Influenzae,"material, not a medicine",GSRS substance class structurallyDiverse
K1:K73E24S6X9,Black Cohosh,"material, not a medicine",GSRS substance class structurallyDiverse
K1:K82DG47I0G,Pexastimogene devacirepvec,"material, not a medicine",GSRS substance class structurallyDiverse
K1:K82E711D2W,Lobelia Erinus,"material, not a medicine",GSRS substance class structurallyDiverse
K1:K86DZ9E8NS,Alisvetcel,"material, not a medicine",GSRS substance class structurallyDiverse
K1:K8F3G29S6Z,Passiflora Incarnata Flower,"material, not a medicine",GSRS substance class structurallyDiverse
K1:K8LOR30915,Mango Seed Oil,"material, not a medicine",GSRS substance class structurallyDiverse
K1:K8RW1TW3EM,Orvacabtagene autoleucel,"material, not a medicine",GSRS substance class structurallyDiverse
K1:KBA5Y6X57N,Cavia Porcellus Hair,"material, not a medicine",GSRS substance class structurallyDiverse
K1:KCL8LW427J,Bos Taurus Mesencephalon,"material, not a medicine",GSRS substance class structurallyDiverse
K1:KCT7UM8G55,Linoserpaturev,"material, not a medicine",GSRS substance class structurallyDiverse
K1:KD27950XHY,Rhamnus Cathartica Bark,"material, not a medicine",GSRS substance class structurallyDiverse
K1:KE3U2023NP,Poractant alfa,"material, not a medicine",GSRS substance class structurallyDiverse
K1:KF5Q0VDK1N,Pea Fiber,"material, not a medicine",GSRS substance class structurallyDiverse
K1:KH2S76267N,Elettaria Cardamomum Whole,"material, not a medicine",GSRS substance class structurallyDiverse
K1:KH3E3096OO,Mandarin Orange,"material, not a medicine",GSRS substance class structurallyDiverse
K1:KHI40967MV,Homalolepis Cedron Seed,"material, not a medicine",GSRS substance class structurallyDiverse
K1:KK0Z92II8M,Aesculus Hippocastanum Flower,"material, not a medicine",GSRS substance class structurallyDiverse
K1:KM02613O28,Sus Scrofa Testicle,"material, not a medicine",GSRS substance class structurallyDiverse
K1:KM66971LVF,Black Pepper,"material, not a medicine",GSRS substance class structurallyDiverse
K1:KNP55LBJ2N,Arvenacogene sanparvovec,"material, not a medicine",GSRS substance class structurallyDiverse
K1:KO7V58BY40,Paecilomyces Variotii,"material, not a medicine",GSRS substance class structurallyDiverse
K1:KOS935A04V,Buchu,"material, not a medicine",GSRS substance class structurallyDiverse
K1:KPD2N7348X,Aconitum Napellus Root,"material, not a medicine",GSRS substance class structurallyDiverse
K1:KPF03O64AZ,Polygonatum Odoratum Root,"material, not a medicine",GSRS substance class structurallyDiverse
K1:KPO1Z9N98A,Carya Glabra Pollen,"material, not a medicine",GSRS substance class structurallyDiverse
K1:KPS1B1162N,Solanum Dulcamara Top,"material, not a medicine",GSRS substance class structurallyDiverse
K1:KQ2N4RPK58,Bacillus Clausii,"material, not a medicine",GSRS substance class structurallyDiverse
K1:KQV867ADR4,Everlasting Extract,"material, not a medicine",GSRS substance class structurallyDiverse
K1:KQX236OK4U,Oat Bran,"material, not a medicine",GSRS substance class structurallyDiverse
K1:KT8AC75KUX,Verbrinacogene setparvovec,"material, not a medicine",GSRS substance class structurallyDiverse
K1:KT9FN2JQGF,Physalia Physalis,"material, not a medicine",GSRS substance class structurallyDiverse
K1:KU1V1898XX,Ambrosia Trifida Pollen,"material, not a medicine",GSRS substance class structurallyDiverse
K1:KU94FIY6JB,Papaya,"material, not a medicine",GSRS substance class structurallyDiverse
K1:KUB8101TNF,Camellia Japonica Flower,"material, not a medicine",GSRS substance class structurallyDiverse
K1:KUM75TD6SG,Elivaldogene autotemcel,"material, not a medicine",GSRS substance class structurallyDiverse
K1:KVF2UY1OR4,cevaretigene ritoparvovec,"material, not a medicine",GSRS substance class structurallyDiverse
K1:KX7ZYR6OQW,Enadenotucirev,"material, not a medicine",GSRS substance class structurallyDiverse
K1:KXL6JKJ295,Envuretcel,"material, not a medicine",GSRS substance class structurallyDiverse
K1:KZ3L01D2PC#live,"ROTAVIRUS, LIVE","material, not a medicine",GSRS substance class structurallyDiverse
K1:KZW0R0686Q,Ethiodized Oil,"material, not a medicine",GSRS substance class structurallyDiverse
K1:L00IP0ZI2B,Mitosper,"material, not a medicine",GSRS substance class structurallyDiverse
K1:L07O8T40TE,Bifidobacterium Breve,"material, not a medicine",GSRS substance class structurallyDiverse
K1:L0PFEMQ1DT,Sus Scrofa Pituitary Gland,"material, not a medicine",GSRS substance class structurallyDiverse
K1:L13YF113GN,Euphorbia,"material, not a medicine",GSRS substance class structurallyDiverse
K1:L16Z5HLP8V,Acacia Dealbata Pollen,"material, not a medicine",GSRS substance class structurallyDiverse
K1:L1977Q86S5,Human Rotavirus A Type G6P1A(8) Strain WI79 Live Antigen,"material, not a medicine",GSRS substance class structurallyDiverse
K1:L2178V0V81,Olea Europaea Flower Bud,"material, not a medicine",GSRS substance class structurallyDiverse
K1:L2V28YP49S,Parsnip,"material, not a medicine",GSRS substance class structurallyDiverse
K1:L479H0RS38,Buxus Sempervirens Leafy Twig,"material, not a medicine",GSRS substance class structurallyDiverse
K1:L497I37F0C,Royal Jelly,"material, not a medicine",GSRS substance class structurallyDiverse
K1:L4D9X59F34,Zedenoleucel,"material, not a medicine",GSRS substance class structurallyDiverse
K1:L4W0HL3P0F,Euphrasia Officinalis Leaf,"material, not a medicine",GSRS substance class structurallyDiverse
K1:L56Z1JK48B,Carrot,"material, not a medicine",GSRS substance class structurallyDiverse
K1:L63DD62R8R,Pulex Irritans,"material, not a medicine",GSRS substance class structurallyDiverse
K1:L6O7WQK912,Glechoma Hederacea,"material, not a medicine",GSRS substance class structurallyDiverse
K1:L6X13JKL8O,Kalanchoe Daigremontiana Leaf,"material, not a medicine",GSRS substance class structurallyDiverse
K1:L77OK410KW,Neisseria Meningitidis Group W-135 Capsular Polysaccharide Tetanus Toxoid Conjugate Antigen,"material, not a medicine",GSRS substance class structurallyDiverse
K1:L7B16ESD1U,Anguilla Rostrata Blood Serum,"material, not a medicine",GSRS substance class structurallyDiverse
K1:L7HT8F1ZOD,Soybean,"material, not a medicine",GSRS substance class structurallyDiverse
K1:L879RBF1WN,Narcissus Pseudonarcissus Flower,"material, not a medicine",GSRS substance class structurallyDiverse
K1:L9153EKV2Y,Red Clover,"material, not a medicine",GSRS substance class structurallyDiverse
K1:LA5XH5E805,Hydnocarpus Castaneus Whole,"material, not a medicine",GSRS substance class structurallyDiverse
K1:LA97176ILS,Dictamnus Dasycarpus Root Bark,"material, not a medicine",GSRS substance class structurallyDiverse
K1:LB5Y64JOK0,Ancylostoma Caninum,"material, not a medicine",GSRS substance class structurallyDiverse
K1:LC8MEV9S89,Morella Cerifera Pollen,"material, not a medicine",GSRS substance class structurallyDiverse
K1:LD795V73G4,Sorghum Bicolor Pollen,"material, not a medicine",GSRS substance class structurallyDiverse
K1:LE7H2U7Z3S,Crataegus Oxyacantha Leaf,"material, not a medicine",GSRS substance class structurallyDiverse
K1:LG7B4QT3EN,entacingene turiparvovec,"material, not a medicine",GSRS substance class structurallyDiverse
K1:LJ2LP0YL98,Streptococcus Pyogenes,"material, not a medicine",GSRS substance class structurallyDiverse
K1:LJT6I6Z8FD,Fraxinus Velutina Pollen,"material, not a medicine",GSRS substance class structurallyDiverse
K1:LM25W02G91,Cistanche Deserticola Whole,"material, not a medicine",GSRS substance class structurallyDiverse
K1:LN0SH02Y5M,Streptococcus Dysgalactiae,"material, not a medicine",GSRS substance class structurallyDiverse
K1:LN7HYS3NX9,Nespecabtagene autoleucel,"material, not a medicine",GSRS substance class structurallyDiverse
K1:LN7IM9RDEA,Ctenocephalides Canis,"material, not a medicine",GSRS substance class structurallyDiverse
K1:LNT739I158,"LACTOSE, X-RAY Exposed (1000 RAD)","material, not a medicine",GSRS substance class structurallyDiverse
K1:LOK3I16O7G,Teucrium Scorodonia Flowering Top,"material, not a medicine",GSRS substance class structurallyDiverse
K1:LSU3YX0KZO,Molasses,"material, not a medicine",GSRS substance class structurallyDiverse
K1:LX0XHE5NLN,Sus Scrofa Joint Capsule,"material, not a medicine",GSRS substance class structurallyDiverse
K1:LZB7TFX1LT,Protortonia Cacti,"material, not a medicine",GSRS substance class structurallyDiverse
K1:M007MRS6Z3,Malus Domestica Root,"material, not a medicine",GSRS substance class structurallyDiverse
K1:M08917G08Z,Portulaca Oleracea Seed,"material, not a medicine",GSRS substance class structurallyDiverse
K1:M0G28FH9K1,Schinus Molle Pollen,"material, not a medicine",GSRS substance class structurallyDiverse
K1:M1F96IE0ZC,Glycyrrhiza Glabra Whole,"material, not a medicine",GSRS substance class structurallyDiverse
K1:M2776SWB29,Bos Taurus Adrenal Gland,"material, not a medicine",GSRS substance class structurallyDiverse
K1:M29DW54Q9E,White Pepper,"material, not a medicine",GSRS substance class structurallyDiverse
K1:M2O62YTN42,Veronicastrum Virginicum Root,"material, not a medicine",GSRS substance class structurallyDiverse
K1:M30XO5X4XD,Iris Germanica Var. Florentina Root,"material, not a medicine",GSRS substance class structurallyDiverse
K1:M3S672G75O,Ambrosia Bidentata Pollen,"material, not a medicine",GSRS substance class structurallyDiverse
K1:M6936L953C,Aethusa Cynapium,"material, not a medicine",GSRS substance class structurallyDiverse
K1:M6S840WXG5,Purslane,"material, not a medicine",GSRS substance class structurallyDiverse
K1:M6XU683549,Sepia Esculenta Bone,"material, not a medicine",GSRS substance class structurallyDiverse
K1:M7I74EX98E,Lysimachia,"material, not a medicine",GSRS substance class structurallyDiverse
K1:M7QUY89S4O,Cupressus Sempervirens Leaf Oil,"material, not a medicine",GSRS substance class structurallyDiverse
K1:M7T6H7D4IF,Polygala Senega Root,"material, not a medicine",GSRS substance class structurallyDiverse
K1:M87UN67CKR,Cochlearia Officinalis Flowering Top,"material, not a medicine",GSRS substance class structurallyDiverse
K1:M8YIA49Q2P,Morus Alba Leaf,"material, not a medicine",GSRS substance class structurallyDiverse
K1:M8Z0AK5HFO,Cullen Corylifolium Whole,"material, not a medicine",GSRS substance class structurallyDiverse
K1:M98C8416QO,Kidney Bean,"material, not a medicine",GSRS substance class structurallyDiverse
K1:M990N03611,Polygonum Aviculare Whole,"material, not a medicine",GSRS substance class structurallyDiverse
K1:M9C36LC10E,Salvia Officinalis Whole,"material, not a medicine",GSRS substance class structurallyDiverse
K1:M9G2U96DUT,Ligustrum Fruit,"material, not a medicine",GSRS substance class structurallyDiverse
K1:M9N48CJY6T,Timrepigene emparvovec,"material, not a medicine",GSRS substance class structurallyDiverse
K1:M9VVZ08EKQ,Comfrey Root,"material, not a medicine",GSRS substance class structurallyDiverse
K1:M9WGG9Z9GK,Sweet Potato,"material, not a medicine",GSRS substance class structurallyDiverse
K1:MA9CQJ3F7F,Avena Sativa Flowering Top,"material, not a medicine",GSRS substance class structurallyDiverse
K1:MAH7ZHD7ZJ,OMIDUBICEL NON-CULTURED FRACTION,"material, not a medicine",GSRS substance class structurallyDiverse
K1:MAO53YB5PV,Cassava,"material, not a medicine",GSRS substance class structurallyDiverse
K1:MDU02P1FZZ,Viscum Album Stem,"material, not a medicine",GSRS substance class structurallyDiverse
K1:MEE8487RTP,Betibeglogene autotemcel,"material, not a medicine",GSRS substance class structurallyDiverse
K1:MF4E5I2OUQ,Quercus Spp. Whole,"material, not a medicine",GSRS substance class structurallyDiverse
K1:MF7T8BM40A,Myristica Fragrans Whole,"material, not a medicine",GSRS substance class structurallyDiverse
K1:MFB3FSW75U,Ixoberogene soroparvovec,"material, not a medicine",GSRS substance class structurallyDiverse
K1:MFZ8I7277D,Measles Virus Strain Enders' Attenuated Edmonston Live Antigen,"material, not a medicine",GSRS substance class structurallyDiverse
K1:MFZ8I7277D#live,MEASLES VIRUS VACCINE LIVE,"material, not a medicine",GSRS substance class structurallyDiverse
K1:MGR889C1JE,Acer Negundo Wood,"material, not a medicine",GSRS substance class structurallyDiverse
K1:MJ95C3OH47,Olea Europaea Leaf,"material, not a medicine",GSRS substance class structurallyDiverse
K1:MK2074187Z,Okoubaka Aubrevillei Bark,"material, not a medicine",GSRS substance class structurallyDiverse
K1:ML644HED2V,Quercus Robur Flower,"material, not a medicine",GSRS substance class structurallyDiverse
K1:MLU3LU3EVV,Onasemnogene abeparvovec,"material, not a medicine",GSRS substance class structurallyDiverse
K1:MM2Y21LFIT,Rhododendron Aureum Whole,"material, not a medicine",GSRS substance class structurallyDiverse
K1:MN18OTN73W,"Thyroid, Bovine","material, not a medicine",GSRS substance class structurallyDiverse
K1:MN25R0HH5A,Mulberry,"material, not a medicine",GSRS substance class structurallyDiverse
K1:MNA8KG5NQ9,Purified Peanut Protein Extract,"material, not a medicine",GSRS substance class structurallyDiverse
K1:MO892VI77K,Strophanthus Hispidus Seed,"material, not a medicine",GSRS substance class structurallyDiverse
K1:MO9DK65G18,Schisandra Chinensis Seed,"material, not a medicine",GSRS substance class structurallyDiverse
K1:MOD3RG31RS,Simoladagene autotemcel,"material, not a medicine",GSRS substance class structurallyDiverse
K1:MRO1FS760M,Inonotus Obliquus Fruiting Body,"material, not a medicine",GSRS substance class structurallyDiverse
K1:MUE8Y11327,Arnica Montana Root,"material, not a medicine",GSRS substance class structurallyDiverse
K1:MUN0TBE4PE,Populus Tremuloides Whole,"material, not a medicine",GSRS substance class structurallyDiverse
K1:MX7553JF12,Lathyrus Sativus Whole,"material, not a medicine",GSRS substance class structurallyDiverse
K1:MYN27RGLNV,Bartonella Washoensis DNA,"material, not a medicine",GSRS substance class structurallyDiverse
K1:MZ9HYX43XA,Sonruvetcel,"material, not a medicine",GSRS substance class structurallyDiverse
K1:MZP2508BRR,Cardiospermum Halicacabum Flowering Top,"material, not a medicine",GSRS substance class structurallyDiverse
K1:N0K2Z502R6,Guaiacum Officinale Resin,"material, not a medicine",GSRS substance class structurallyDiverse
K1:N0Y68724R3,Buckwheat,"material, not a medicine",GSRS substance class structurallyDiverse
K1:N13C5G13WO,Lacquertree,"material, not a medicine",GSRS substance class structurallyDiverse
K1:N1G291SC6Q,Lactobacillus Paracasei,"material, not a medicine",GSRS substance class structurallyDiverse
K1:N1R7LRU866,Bos Taurus Somatic Nerve,"material, not a medicine",GSRS substance class structurallyDiverse
K1:N20DAF8188,Viola Japonica Whole,"material, not a medicine",GSRS substance class structurallyDiverse
K1:N364973Y9Q,Watermelon Seed,"material, not a medicine",GSRS substance class structurallyDiverse
K1:N47C1SHV0F,Streptococcus Pneumoniae Type 10a Capsular Polysaccharide Diphtheria Crm197 Protein Conjugate Antigen,"material, not a medicine",GSRS substance class structurallyDiverse
K1:N4LEE4Z93J,Oenanthe Aquatica Fruit,"material, not a medicine",GSRS substance class structurallyDiverse
K1:N4PY4N58R9,Umitrelimorgene autodencel,"material, not a medicine",GSRS substance class structurallyDiverse
K1:N4U494DYS5,Senna Occidentalis,"material, not a medicine",GSRS substance class structurallyDiverse
K1:N51SPD4A45,Bordetella Pertussis Toxoid Antigen (FORMALDEHYDE INACTIVATED),"material, not a medicine",GSRS substance class structurallyDiverse
K1:N52MIQ81ZW,Rumex Acetosella Pollen,"material, not a medicine",GSRS substance class structurallyDiverse
K1:N59C6T6D72,Yucca,"material, not a medicine",GSRS substance class structurallyDiverse
K1:N6K5787QVP,Light Mineral Oil,"material, not a medicine",GSRS substance class structurallyDiverse
K1:N6R0856Z79,Sus Scrofa Hypothalamus,"material, not a medicine",GSRS substance class structurallyDiverse
K1:N76K76PTFU,Ceanothus Integerrimus Whole,"material, not a medicine",GSRS substance class structurallyDiverse
K1:N7FC535Q3R,Verbascum Densiflorum Flower,"material, not a medicine",GSRS substance class structurallyDiverse
K1:N7QBR4212V,Egg Shell Membrane,"material, not a medicine",GSRS substance class structurallyDiverse
K1:N8C4A9A49H,Galium Odoratum,"material, not a medicine",GSRS substance class structurallyDiverse
K1:N8R9GL539D,Streptococcus Pneumoniae Type 5 Capsular Polysaccharide Antigen,"material, not a medicine",GSRS substance class structurallyDiverse
K1:N91637DNW9,Chickpea,"material, not a medicine",GSRS substance class structurallyDiverse
K1:N9288CD508,Bloodroot,"material, not a medicine",GSRS substance class structurallyDiverse
K1:N94C2U587S,Ruta Graveolens Flowering Top,"material, not a medicine",GSRS substance class structurallyDiverse
K1:N9792TU98I,Fuligo Septica,"material, not a medicine",GSRS substance class structurallyDiverse
K1:N9D69B2Q7Y,String Bean,"material, not a medicine",GSRS substance class structurallyDiverse
K1:NBU8H1YFTO,Bovine Type Ii Collagen (NASAL SEPTUM),"material, not a medicine",GSRS substance class structurallyDiverse
K1:NC1P15G4KZ,Astragalus Nuttallii Leaf,"material, not a medicine",GSRS substance class structurallyDiverse
K1:NCM5G1A67U,Human Coxsackievirus B,"material, not a medicine",GSRS substance class structurallyDiverse
K1:NET3NQ7GVS,Bemdaneprocel,"material, not a medicine",GSRS substance class structurallyDiverse
K1:NF30MCQ9AC,Bartonella Vinsonii,"material, not a medicine",GSRS substance class structurallyDiverse
K1:NG0U89QRD8,Arnica Angustifolia Flower,"material, not a medicine",GSRS substance class structurallyDiverse
K1:NG7PRUZQ2B,Bartonella Henselae DNA,"material, not a medicine",GSRS substance class structurallyDiverse
K1:NHV2K1OUDH,Tilia X Europaea Flower,"material, not a medicine",GSRS substance class structurallyDiverse
K1:NIJ0Z7376A,Morus Rubra Whole,"material, not a medicine",GSRS substance class structurallyDiverse
K1:NJN80GZ34N,Blessed Thistle,"material, not a medicine",GSRS substance class structurallyDiverse
K1:NKC6YR89C7,Remvulimorgene autoleucel,"material, not a medicine",GSRS substance class structurallyDiverse
K1:NKI8W09136,Silphium Laciniatum,"material, not a medicine",GSRS substance class structurallyDiverse
K1:NM384AFV9H,Quercus Kelloggii Whole,"material, not a medicine",GSRS substance class structurallyDiverse
K1:NM4FH5S2OW,bidridistrogene xeboparvovec,"material, not a medicine",GSRS substance class structurallyDiverse
K1:NN52U3ZACZ,Streptococcus Salivarius,"material, not a medicine",GSRS substance class structurallyDiverse
K1:NNR1301B0H,Francisella Tularensis,"material, not a medicine",GSRS substance class structurallyDiverse
K1:NO8P209GIH,Dioscorea Cayenensis Tuber,"material, not a medicine",GSRS substance class structurallyDiverse
K1:NOP7H79PMF,Viburnum Lantana Flower Bud,"material, not a medicine",GSRS substance class structurallyDiverse
K1:NOU2FB51TW,Luo Han Guo,"material, not a medicine",GSRS substance class structurallyDiverse
K1:NP6CFH3G8H,Gavocabtagene autoleucel,"material, not a medicine",GSRS substance class structurallyDiverse
K1:NQ14646378,Ichthammol,"material, not a medicine",GSRS substance class structurallyDiverse
K1:NQX84Z32G6,Oryctolagus Cuniculus Uterus,"material, not a medicine",GSRS substance class structurallyDiverse
K1:NR1A27F29O,Rosmarinus Officinalis Flower,"material, not a medicine",GSRS substance class structurallyDiverse
K1:NRA4497HC5,Bambusa Bambos Stem,"material, not a medicine",GSRS substance class structurallyDiverse
K1:NSN3MQO38G,Phyllanthus Niruri Whole,"material, not a medicine",GSRS substance class structurallyDiverse
K1:NT24A1359E,Betel,"material, not a medicine",GSRS substance class structurallyDiverse
K1:NT52AMP29J,Crataegus Monogyna Flower,"material, not a medicine",GSRS substance class structurallyDiverse
K1:NT5UBA3P7Z,Pinus Spp. Whole,"material, not a medicine",GSRS substance class structurallyDiverse
K1:NU51FEX15J,Suvutresgene autoleucel,"material, not a medicine",GSRS substance class structurallyDiverse
K1:NVE3OIU59D,Acer Campestre Leaf Bud,"material, not a medicine",GSRS substance class structurallyDiverse
K1:NVK87P6NXW,Lonimecgene renparvovec,"material, not a medicine",GSRS substance class structurallyDiverse
K1:NX1D2N7DIP,Conium Maculatum Leaf,"material, not a medicine",GSRS substance class structurallyDiverse
K1:NX974IRT8E,Melaleuca Quinquenervia Pollen,"material, not a medicine",GSRS substance class structurallyDiverse
K1:NYY23HEN06,Silybum Marianum Seed Oil,"material, not a medicine",GSRS substance class structurallyDiverse
K1:NZ380IC494,Tylophora Indica Whole,"material, not a medicine",GSRS substance class structurallyDiverse
K1:NZ9K157KLX,Bovine Type I Collagen (ACHILLES TENDON),"material, not a medicine",GSRS substance class structurallyDiverse
K1:O021JGR97X,Aletris Farinosa Root,"material, not a medicine",GSRS substance class structurallyDiverse
K1:O0M3396E09,White Tea,"material, not a medicine",GSRS substance class structurallyDiverse
K1:O10X523O3N,Zantedeschia Aethiopica Flower,"material, not a medicine",GSRS substance class structurallyDiverse
K1:O12H03B41R,Taxodium Distichum Pollen,"material, not a medicine",GSRS substance class structurallyDiverse
K1:O138UB266J,Pork,"material, not a medicine",GSRS substance class structurallyDiverse
K1:O17JQA1A9Z,Aspalathus Linearis Whole,"material, not a medicine",GSRS substance class structurallyDiverse
K1:O2630F3XDR,Collinsonia Canadensis Root,"material, not a medicine",GSRS substance class structurallyDiverse
K1:O27XH54AIC,Taenia Saginata,"material, not a medicine",GSRS substance class structurallyDiverse
K1:O2T154T6OG,Chamaemelum Nobile Flower,"material, not a medicine",GSRS substance class structurallyDiverse
K1:O3034Q5AHK,Evernia Prunastri,"material, not a medicine",GSRS substance class structurallyDiverse
K1:O3E12ZLW5T,Houttuynia Cordata Whole,"material, not a medicine",GSRS substance class structurallyDiverse
K1:O3F5D10T4M,Canerpaturev,"material, not a medicine",GSRS substance class structurallyDiverse
K1:O3L624621X,Naphtha,"material, not a medicine",GSRS substance class structurallyDiverse
K1:O417YBE692,Chenopodium Album Whole,"material, not a medicine",GSRS substance class structurallyDiverse
K1:O478WX4004,Staphylococcus Aureus,"material, not a medicine",GSRS substance class structurallyDiverse
K1:O4AB4546TP,Ambrosia Deltoidea Pollen,"material, not a medicine",GSRS substance class structurallyDiverse
K1:O4G5C1G3W5,Solanum Nigrum Top,"material, not a medicine",GSRS substance class structurallyDiverse
K1:O5R6DK2M9K,Camellia Sinensis Seed Oil,"material, not a medicine",GSRS substance class structurallyDiverse
K1:O5V0F26RUW,Rabbit,"material, not a medicine",GSRS substance class structurallyDiverse
K1:O64JF11198,Cladosporium Herbarum,"material, not a medicine",GSRS substance class structurallyDiverse
K1:O65120AA6S,Hippocampus Kuda,"material, not a medicine",GSRS substance class structurallyDiverse
K1:O65SFW8R9A,Bitter Almond,"material, not a medicine",GSRS substance class structurallyDiverse
K1:O6856B8HHU,Sus Scrofa Dander,"material, not a medicine",GSRS substance class structurallyDiverse
K1:O6UD3347K2,Sus Scrofa Prostate,"material, not a medicine",GSRS substance class structurallyDiverse
K1:O80TY208ZW,Arnica Montana Whole,"material, not a medicine",GSRS substance class structurallyDiverse
K1:O82C39RR8C,Grapefruit,"material, not a medicine",GSRS substance class structurallyDiverse
K1:O84B5194RL,Juniper Berry,"material, not a medicine",GSRS substance class structurallyDiverse
K1:O84V4ZK4BX,Streptococcus Uberis,"material, not a medicine",GSRS substance class structurallyDiverse
K1:O8554H2U9W,Larix Decidua Whole,"material, not a medicine",GSRS substance class structurallyDiverse
K1:O99P60FU6G,Carya Cordiformis Pollen,"material, not a medicine",GSRS substance class structurallyDiverse
K1:O9HP59XU7F,Chelidonium Majus Flowering Top,"material, not a medicine",GSRS substance class structurallyDiverse
K1:O9M1UQ4YIO,Heloderma Horridum Venom,"material, not a medicine",GSRS substance class structurallyDiverse
K1:OCG8G5QG5K,Rizolipase,"material, not a medicine",GSRS substance class structurallyDiverse
K1:OJ17O2WTSM,Sus Scrofa Intervertebral Disc,"material, not a medicine",GSRS substance class structurallyDiverse
K1:OLL328076K,Solidago Canadensis Whole,"material, not a medicine",GSRS substance class structurallyDiverse
K1:ON03OQ014X,Ming Dang Shen,"material, not a medicine",GSRS substance class structurallyDiverse
K1:ON2T85TA2O,Elymus Repens Pollen,"material, not a medicine",GSRS substance class structurallyDiverse
K1:OO358E3009,Shigella Sonnei,"material, not a medicine",GSRS substance class structurallyDiverse
K1:OOH12XV6XR,Cenplacel,"material, not a medicine",GSRS substance class structurallyDiverse
K1:OQ16ZEE7O7,Strychnos Wallichiana Bark,"material, not a medicine",GSRS substance class structurallyDiverse
K1:OQF85710LZ,Brucella Melitensis,"material, not a medicine",GSRS substance class structurallyDiverse
K1:OQS23HUA1X,Chondrus Crispus,"material, not a medicine",GSRS substance class structurallyDiverse
K1:OQY27SE80Z,Vistatolon,"material, not a medicine",GSRS substance class structurallyDiverse
K1:OUK5B3W9E4,Lagerstroemia Speciosa Leaf,"material, not a medicine",GSRS substance class structurallyDiverse
K1:OVP6XX033E,Clostridium Perfringens,"material, not a medicine",GSRS substance class structurallyDiverse
K1:OWR1Z96774,Bos Taurus Adrenal Cortex,"material, not a medicine",GSRS substance class structurallyDiverse
K1:OZ0E5Y15PZ,Arnica Montana Flower,"material, not a medicine",GSRS substance class structurallyDiverse
K1:OZ0ND08BLR,Bartonella Clarridgeiae,"material, not a medicine",GSRS substance class structurallyDiverse
K1:OZJ4OE173N,Casuarina Equisetifolia Pollen,"material, not a medicine",GSRS substance class structurallyDiverse
K1:OZU2FC70HY,Hypericum Oil,"material, not a medicine",GSRS substance class structurallyDiverse
K1:P06X62O7E9,Amniotic Fluid (BOVINE),"material, not a medicine",GSRS substance class structurallyDiverse
K1:P0M7O4Y7YD,Calendula Officinalis Flower,"material, not a medicine",GSRS substance class structurallyDiverse
K1:P146I3107T,Sus Scrofa Thalamus Lateral Geniculate Nucleus,"material, not a medicine",GSRS substance class structurallyDiverse
K1:P1J80F9VRR,Abroma Augustum Root,"material, not a medicine",GSRS substance class structurallyDiverse
K1:P1SWF7DK1Y,Kalmia Latifolia Whole,"material, not a medicine",GSRS substance class structurallyDiverse
K1:P29ZH1A35Z,Krameria Lappacea Root,"material, not a medicine",GSRS substance class structurallyDiverse
K1:P2OMP71Y62,Chamaecyparis Obtusa Wood Oil,"material, not a medicine",GSRS substance class structurallyDiverse
K1:P3026TK92O,Human Coxsackievirus A7,"material, not a medicine",GSRS substance class structurallyDiverse
K1:P34L5Y2SR5,Tipapkinogene sovacivec,"material, not a medicine",GSRS substance class structurallyDiverse
K1:P3D8R5LG7H,Raxorulimogene belzovacirepvec,"material, not a medicine",GSRS substance class structurallyDiverse
K1:P41GWD11CX,Liquidambar Styraciflua Resin,"material, not a medicine",GSRS substance class structurallyDiverse
K1:P4793M1ES5,Forsythia Suspensa Fruit,"material, not a medicine",GSRS substance class structurallyDiverse
K1:P47W069U38,Beef Heart,"material, not a medicine",GSRS substance class structurallyDiverse
K1:P4NC6C4ABZ,SIZAVALEUCEL,"material, not a medicine",GSRS substance class structurallyDiverse
K1:P4P0K153KV,Sfericase,"material, not a medicine",GSRS substance class structurallyDiverse
K1:P5JFB9U0GM,Momordica Balsamina Whole,"material, not a medicine",GSRS substance class structurallyDiverse
K1:P5R39F12N2,Rosa Canina Whole,"material, not a medicine",GSRS substance class structurallyDiverse
K1:P6818UI2E4,Pinus Virginiana Pollen,"material, not a medicine",GSRS substance class structurallyDiverse
K1:P6CWB65HZ5,Liriope Spicata Tuber,"material, not a medicine",GSRS substance class structurallyDiverse
K1:P6J2SFT80O,Sus Scrofa Duodenum,"material, not a medicine",GSRS substance class structurallyDiverse
K1:P6K070AR8V,Acer Negundo Pollen,"material, not a medicine",GSRS substance class structurallyDiverse
K1:P7LJ54BP7G,Nasturtium Officinale Whole,"material, not a medicine",GSRS substance class structurallyDiverse
K1:P83EQ521R3,Viscum Album Fruit,"material, not a medicine",GSRS substance class structurallyDiverse
K1:P87YCA1U8R,Cladosporium Sphaerospermum,"material, not a medicine",GSRS substance class structurallyDiverse
K1:P8CUH2KYHL,Leuzea Carthamoides Root,"material, not a medicine",GSRS substance class structurallyDiverse
K1:P9T4K47OM0,Panax Ginseng Root Oil,"material, not a medicine",GSRS substance class structurallyDiverse
K1:PA5M8REK2P,Varnimcabtagene autoleucel,"material, not a medicine",GSRS substance class structurallyDiverse
K1:PB618V0K2W,Borage,"material, not a medicine",GSRS substance class structurallyDiverse
K1:PBG27B754G,Phellodendron Amurense Bark,"material, not a medicine",GSRS substance class structurallyDiverse
K1:PET93F4I3C,Pueraria Montana Var. Lobata Root,"material, not a medicine",GSRS substance class structurallyDiverse
K1:PFR03EBU0H,Calendula Officinalis Whole,"material, not a medicine",GSRS substance class structurallyDiverse
K1:PFZ3AP93TA,Azercabtagene zapreleucel,"material, not a medicine",GSRS substance class structurallyDiverse
K1:PH3OYJ624Q,Candida Torresii,"material, not a medicine",GSRS substance class structurallyDiverse
K1:PH797NEU5T,Hylotelephium Telephium Whole,"material, not a medicine",GSRS substance class structurallyDiverse
K1:PHR3P25W6Y,Sea Lettuce,"material, not a medicine",GSRS substance class structurallyDiverse
K1:PIB7XBU8XW,Echium Plantagineum Seed Oil,"material, not a medicine",GSRS substance class structurallyDiverse
K1:PJ10MT7VKA,Juglans Regia Shell,"material, not a medicine",GSRS substance class structurallyDiverse
K1:PJX89V9R6N,Clostridioides Difficile,"material, not a medicine",GSRS substance class structurallyDiverse
K1:PK0TXD049P,Chaparral,"material, not a medicine",GSRS substance class structurallyDiverse
K1:PM6E3FG1QK,Juniperus Monosperma Pollen,"material, not a medicine",GSRS substance class structurallyDiverse
K1:PME3ETQ5WQ,Paris Quadrifolia,"material, not a medicine",GSRS substance class structurallyDiverse
K1:PQF087FG15,Cornus Sanguinea Whole,"material, not a medicine",GSRS substance class structurallyDiverse
K1:PQM9SA369U,Cola Nitida Seed,"material, not a medicine",GSRS substance class structurallyDiverse
K1:PR4RXL6G2H,Bos Taurus Testicle,"material, not a medicine",GSRS substance class structurallyDiverse
K1:PR9U2YPF3Q,Dermatophagoides Farinae,"material, not a medicine",GSRS substance class structurallyDiverse
K1:PRE2H4N127,Polygonatum Sibiricum Whole,"material, not a medicine",GSRS substance class structurallyDiverse
K1:PRG8653U8K,Apis Cerana Worker Secretion,"material, not a medicine",GSRS substance class structurallyDiverse
K1:PRT7W2L4WZ,Torulimogene lonferencel,"material, not a medicine",GSRS substance class structurallyDiverse
K1:PTA4328M4Z,Botryoglossum Platycarpum,"material, not a medicine",GSRS substance class structurallyDiverse
K1:PV7823W303,Musca Domestica,"material, not a medicine",GSRS substance class structurallyDiverse
K1:PXBO30FL6U,Candida Albicans DNA,"material, not a medicine",GSRS substance class structurallyDiverse
K1:PY0JA16R2G,Juniperus Virginiana Pollen,"material, not a medicine",GSRS substance class structurallyDiverse
K1:PY4EET359T,Yellow Fever Virus Strain 17d-204 Live Antigen,"material, not a medicine",GSRS substance class structurallyDiverse
K1:PYC571247P,Iris Versicolor Whole,"material, not a medicine",GSRS substance class structurallyDiverse
K1:PYD255827T,Streptococcus Pneumoniae Type 23f Capsular Polysaccharide Antigen,"material, not a medicine",GSRS substance class structurallyDiverse
K1:PYO4JR720Y,Carya Illinoinensis Pollen,"material, not a medicine",GSRS substance class structurallyDiverse
K1:Q04Q922K9Q,Hepatitis A Virus Strain Cr 326F Antigen (FORMALDEHYDE INACTIVATED),"material, not a medicine",GSRS substance class structurallyDiverse
K1:Q08Z44662J,Lactobacillus Helveticus,"material, not a medicine",GSRS substance class structurallyDiverse
K1:Q09851U44F,Bos Taurus Cerebellum,"material, not a medicine",GSRS substance class structurallyDiverse
K1:Q0MN98P9Q4,Manna,"material, not a medicine",GSRS substance class structurallyDiverse
K1:Q137JC2CLV,Nendocabtagene onogedleucel,"material, not a medicine",GSRS substance class structurallyDiverse
K1:Q1O0N901S4,Strophanthus Kombe Whole,"material, not a medicine",GSRS substance class structurallyDiverse
K1:Q1RGP4UB73,Pinus Sylvestris Leafy Twig,"material, not a medicine",GSRS substance class structurallyDiverse
K1:Q222J2186W,Candida Tropicalis,"material, not a medicine",GSRS substance class structurallyDiverse
K1:Q25X3G314L,Trichomonas Vaginalis,"material, not a medicine",GSRS substance class structurallyDiverse
K1:Q28R5GF371,Conium Maculatum Flowering Top,"material, not a medicine",GSRS substance class structurallyDiverse
K1:Q2D0SKW2P4,Narcissus Pseudonarcissus,"material, not a medicine",GSRS substance class structurallyDiverse
K1:Q35465A1MA,Mercurialis Perennis,"material, not a medicine",GSRS substance class structurallyDiverse
K1:Q3AW8FKK7X,Tsuga Canadensis Flower Bud,"material, not a medicine",GSRS substance class structurallyDiverse
K1:Q3H36W0J42,Rhus Aromatica Root Bark,"material, not a medicine",GSRS substance class structurallyDiverse
K1:Q3NN3EB8VY,Clostridium Butyricum,"material, not a medicine",GSRS substance class structurallyDiverse
K1:Q46A6NDR5C,Acorus Calamus Whole,"material, not a medicine",GSRS substance class structurallyDiverse
K1:Q46FF3N01L,Grains of Paradise,"material, not a medicine",GSRS substance class structurallyDiverse
K1:Q4EWM09M3O,Boldo,"material, not a medicine",GSRS substance class structurallyDiverse
K1:Q4K217VGA9,Calfactant,"material, not a medicine",GSRS substance class structurallyDiverse
K1:Q4T1SJ3046,Bromus Secalinus Pollen,"material, not a medicine",GSRS substance class structurallyDiverse
K1:Q59QU6N72Q,Bufo Bufo Cutaneous Gland,"material, not a medicine",GSRS substance class structurallyDiverse
K1:Q5KB23UV6Q,Cenzileucel,"material, not a medicine",GSRS substance class structurallyDiverse
K1:Q5YG47WU3D,Red Currant,"material, not a medicine",GSRS substance class structurallyDiverse
K1:Q66E0D2443,Lactobacillus Gasseri,"material, not a medicine",GSRS substance class structurallyDiverse
K1:Q6C9WHR03O,Tisagenlecleucel,"material, not a medicine",GSRS substance class structurallyDiverse
K1:Q6Z8UK5R3G,Aspergillus Oryzae,"material, not a medicine",GSRS substance class structurallyDiverse
K1:Q74T35078H,Vanilla,"material, not a medicine",GSRS substance class structurallyDiverse
K1:Q74XGU0HWL,Honey Mushroom,"material, not a medicine",GSRS substance class structurallyDiverse
K1:Q79PS8P34R,Vespula Pensylvanica Venom Protein,"material, not a medicine",GSRS substance class structurallyDiverse
K1:Q7MU1F4GLY,Quercus Robur Nut,"material, not a medicine",GSRS substance class structurallyDiverse
K1:Q7V7NYG6GM,Revakinagene taroretcel,"material, not a medicine",GSRS substance class structurallyDiverse
K1:Q8HN1T482A,Chamaecyparis Lawsoniana Fruiting Twig,"material, not a medicine",GSRS substance class structurallyDiverse
K1:Q8U62QA2SU,Aristolochia Debilis Root,"material, not a medicine",GSRS substance class structurallyDiverse
K1:Q9142E7QBS,Quisqualis Indica Fruit,"material, not a medicine",GSRS substance class structurallyDiverse
K1:Q954GT7P3G,Hottonia Palustris Flower,"material, not a medicine",GSRS substance class structurallyDiverse
K1:Q95C157M3I,Eggshell,"material, not a medicine",GSRS substance class structurallyDiverse
K1:Q9L0O73W7L,Coconut Oil,"material, not a medicine",GSRS substance class structurallyDiverse
K1:QBN8K7055X,Aspergillus Terreus,"material, not a medicine",GSRS substance class structurallyDiverse
K1:QBR70R4FBK,Queen's Delight,"material, not a medicine",GSRS substance class structurallyDiverse
K1:QD244ZH5CA,Lactobacillus Kefiri,"material, not a medicine",GSRS substance class structurallyDiverse
K1:QDB7SF78HO,Platycladus Orientalis Seed,"material, not a medicine",GSRS substance class structurallyDiverse
K1:QDL83WN8C2,Sepia Officinalis Juice,"material, not a medicine",GSRS substance class structurallyDiverse
K1:QE1QX6B99R,Peanut,"material, not a medicine",GSRS substance class structurallyDiverse
K1:QFC21096ON,Lactiplantibacillus Plantarum,"material, not a medicine",GSRS substance class structurallyDiverse
K1:QG07G580U0,Artemisia Abrotanum Flowering Top,"material, not a medicine",GSRS substance class structurallyDiverse
K1:QGY289M89Q,Oryctolagus Cuniculus Adrenal Gland,"material, not a medicine",GSRS substance class structurallyDiverse
K1:QH060TH2D2,Rosa Chinensis Flower,"material, not a medicine",GSRS substance class structurallyDiverse
K1:QH89N6B02U,Chinese Rhubarb,"material, not a medicine",GSRS substance class structurallyDiverse
K1:QHD0E51VON,"Serum, Horse","material, not a medicine",GSRS substance class structurallyDiverse
K1:QHH4HVF5QE,Convallaria Majalis,"material, not a medicine",GSRS substance class structurallyDiverse
K1:QI56415283,Hepatitis C Virus,"material, not a medicine",GSRS substance class structurallyDiverse
K1:QI7G114Y98,Echinacea Purpurea,"material, not a medicine",GSRS substance class structurallyDiverse
K1:QN24CZ7D5J,Pinus Halepensis Resin,"material, not a medicine",GSRS substance class structurallyDiverse
K1:QN3KF95M7M,Abroma Augustum Whole,"material, not a medicine",GSRS substance class structurallyDiverse
K1:QNS6W5US1Z,Veratrum Album Root,"material, not a medicine",GSRS substance class structurallyDiverse
K1:QOI241B01F,Carpinus Betulus Flowering Top,"material, not a medicine",GSRS substance class structurallyDiverse
K1:QQ00BED0DV,Quercus Garryana Pollen,"material, not a medicine",GSRS substance class structurallyDiverse
K1:QQ0CA9T239,Canarium Album Root,"material, not a medicine",GSRS substance class structurallyDiverse
K1:QQ55NF53RR,Macitegtagene autoleucel,"material, not a medicine",GSRS substance class structurallyDiverse
K1:QQF931PRWK,Human Placental Tissue,"material, not a medicine",GSRS substance class structurallyDiverse
K1:QR44N9XPJQ,Drosera Rotundifolia,"material, not a medicine",GSRS substance class structurallyDiverse
K1:QT8A71T9BM,Verbena Officinalis,"material, not a medicine",GSRS substance class structurallyDiverse
K1:QTA2A5N6BE,Iltamiocel,"material, not a medicine",GSRS substance class structurallyDiverse
K1:QU52J3A5B3,Salix Nigra Bark,"material, not a medicine",GSRS substance class structurallyDiverse
K1:QV1358E70N,Sus Scrofa Rectum,"material, not a medicine",GSRS substance class structurallyDiverse
K1:QVY0X8DRIA,Ecklonia Radiata,"material, not a medicine",GSRS substance class structurallyDiverse
K1:QX10HYY4QV,Sesame Oil,"material, not a medicine",GSRS substance class structurallyDiverse
K1:QYU9ZKY99Q,Physostigma Venenosum Whole,"material, not a medicine",GSRS substance class structurallyDiverse
K1:QZ239038YC,Centaurea Cyanus Flower,"material, not a medicine",GSRS substance class structurallyDiverse
K1:R0120Z3YIC,Prosopis Velutina Seed,"material, not a medicine",GSRS substance class structurallyDiverse
K1:R043510RPK,Midsize Squid,"material, not a medicine",GSRS substance class structurallyDiverse
K1:R0519OZO3K,Gelsemium Sempervirens Whole,"material, not a medicine",GSRS substance class structurallyDiverse
K1:R06VWT372T,Aristolochia Cymbifera Flower,"material, not a medicine",GSRS substance class structurallyDiverse
K1:R0835E18NH,Lifileucel,"material, not a medicine",GSRS substance class structurallyDiverse
K1:R0AD5705HC,Hortaea Werneckii,"material, not a medicine",GSRS substance class structurallyDiverse
K1:R0EM8D5HFD,Mycobacterium Tuberculosis,"material, not a medicine",GSRS substance class structurallyDiverse
K1:R0G6QEU3M0,Helianthemum Nummularium Whole,"material, not a medicine",GSRS substance class structurallyDiverse
K1:R1786Y8H66,Cladosporium Bruhnei,"material, not a medicine",GSRS substance class structurallyDiverse
K1:R1H893D80E,Vitis Vinifera Leaf,"material, not a medicine",GSRS substance class structurallyDiverse
K1:R23QIR6YBA,Ruehssia Cundurango Bark,"material, not a medicine",GSRS substance class structurallyDiverse
K1:R2BZ24VRD8,Rememulgene arelactibac,"material, not a medicine",GSRS substance class structurallyDiverse
K1:R2M88A4HSI,Bos Taurus Artery,"material, not a medicine",GSRS substance class structurallyDiverse
K1:R2P4NKP3ZK,Streptococcus Equinus,"material, not a medicine",GSRS substance class structurallyDiverse
K1:R2U3SU5R9H,Trovocabtagene autoleucel,"material, not a medicine",GSRS substance class structurallyDiverse
K1:R2ZFR12IQ9,Dalea Foliolosa Whole,"material, not a medicine",GSRS substance class structurallyDiverse
K1:R3617MQA5Z,Litsea Cubeba Fruit,"material, not a medicine",GSRS substance class structurallyDiverse
K1:R39QJV700E,Torreya Grandis Seed,"material, not a medicine",GSRS substance class structurallyDiverse
K1:R3NBG8914U,Barley Malt,"material, not a medicine",GSRS substance class structurallyDiverse
K1:R40XM3HU5X,Origanum Majorana,"material, not a medicine",GSRS substance class structurallyDiverse
K1:R44IWB3RN5,Soy Protein,"material, not a medicine",GSRS substance class structurallyDiverse
K1:R48E2W2LMO,Passiflora Incarnata Whole,"material, not a medicine",GSRS substance class structurallyDiverse
K1:R533ESO2EC,Coal Tar,"material, not a medicine",GSRS substance class structurallyDiverse
K1:R53V5F950S,Tsuga Canadensis Bark,"material, not a medicine",GSRS substance class structurallyDiverse
K1:R55VQ87DP3,Ephedra Distachya Flowering Twig,"material, not a medicine",GSRS substance class structurallyDiverse
K1:R5CJD8SH2N,Pozetaldogene ormesparvovec,"material, not a medicine",GSRS substance class structurallyDiverse
K1:R5I1HK0UBL,Geranium Robertianum,"material, not a medicine",GSRS substance class structurallyDiverse
K1:R5NU4HS40U,Apalone Turtle,"material, not a medicine",GSRS substance class structurallyDiverse
K1:R5X46L79RV,Zaftuclenegene piruparvovec,"material, not a medicine",GSRS substance class structurallyDiverse
K1:R60QEP13IC,Rice Bran,"material, not a medicine",GSRS substance class structurallyDiverse
K1:R61WE960SF,Bromus Ramosus Whole,"material, not a medicine",GSRS substance class structurallyDiverse
K1:R6H8O3GVL9,Rumex Obtusifolius Pollen,"material, not a medicine",GSRS substance class structurallyDiverse
K1:R6KCX5H8I2,Fraxinus Excelsior Bark,"material, not a medicine",GSRS substance class structurallyDiverse
K1:R6PI58X44M,Jerusalem Artichoke,"material, not a medicine",GSRS substance class structurallyDiverse
K1:R763EBH88T,Hydrastis Canadensis Whole,"material, not a medicine",GSRS substance class structurallyDiverse
K1:R7D54R07N5,Sars-Cov,"material, not a medicine",GSRS substance class structurallyDiverse
K1:R7QMG0BT2W,Quercus Robur Whole,"material, not a medicine",GSRS substance class structurallyDiverse
K1:R85W246Z1C,Saccharomyces Lysate,"material, not a medicine",GSRS substance class structurallyDiverse
K1:R88254608W,Symplocarpus Foetidus Root,"material, not a medicine",GSRS substance class structurallyDiverse
K1:R889N2L976,Betula Occidentalis Pollen,"material, not a medicine",GSRS substance class structurallyDiverse
K1:R9HH0NDE2E,Influenza A Virus,"material, not a medicine",GSRS substance class structurallyDiverse
K1:R9JBC6687X,Picea Pungens Pollen,"material, not a medicine",GSRS substance class structurallyDiverse
K1:R9N3379M4Z,Sunflower Seed,"material, not a medicine",GSRS substance class structurallyDiverse
K1:R9XLF1R1WM,Frankincense,"material, not a medicine",GSRS substance class structurallyDiverse
K1:RB8MSD888P,Stapuldencel,"material, not a medicine",GSRS substance class structurallyDiverse
K1:RC38362Q7M,Fraxinus Excelsior Leaf,"material, not a medicine",GSRS substance class structurallyDiverse
K1:RCU76P419D,Leek,"material, not a medicine",GSRS substance class structurallyDiverse
K1:RD86XHH46N,Marnetegragene Autotemcel,"material, not a medicine",GSRS substance class structurallyDiverse
K1:RDA5AKV23D,Streptococcus Pneumoniae Type 11a Capsular Polysaccharide Diphtheria Crm197 Protein Conjugate Antigen,"material, not a medicine",GSRS substance class structurallyDiverse
K1:REM6A5QMC0,Moringa Oleifera Seed Oil,"material, not a medicine",GSRS substance class structurallyDiverse
K1:RH0WP583U3,Sedum Roseum Whole,"material, not a medicine",GSRS substance class structurallyDiverse
K1:RHH784E0K6,Rhus Glabra,"material, not a medicine",GSRS substance class structurallyDiverse
K1:RI2K1BMA8B,Saponaria Officinalis Root,"material, not a medicine",GSRS substance class structurallyDiverse
K1:RKA0GWXVH6,Peptostreptococcus Anaerobius DNA,"material, not a medicine",GSRS substance class structurallyDiverse
K1:RLE491K17W,Edible Rock Crab,"material, not a medicine",GSRS substance class structurallyDiverse
K1:RM13YIU944,Schisandra Chinensis Whole,"material, not a medicine",GSRS substance class structurallyDiverse
K1:RN8P45F92A,Honeydew,"material, not a medicine",GSRS substance class structurallyDiverse
K1:RP8496915M,Ononis Campestris,"material, not a medicine",GSRS substance class structurallyDiverse
K1:RP8X0ZB061,Lactobacillus Crispatus Strain CTV-05,"material, not a medicine",GSRS substance class structurallyDiverse
K1:RPX7J99EXW,Atlantic Cod,"material, not a medicine",GSRS substance class structurallyDiverse
K1:RQ2CFA7WWJ,Damiana,"material, not a medicine",GSRS substance class structurallyDiverse
K1:RQ7YY49K9Q,Amanita Muscaria Whole,"material, not a medicine",GSRS substance class structurallyDiverse
K1:RR83T99U97,Ligusticum Sinense SUBSP. Chuanxiong Root,"material, not a medicine",GSRS substance class structurallyDiverse
K1:RS704ZO5ZL,Crateva Magna Bark,"material, not a medicine",GSRS substance class structurallyDiverse
K1:RU34139IYL,Summer Savory,"material, not a medicine",GSRS substance class structurallyDiverse
K1:RUE8E6T4NB,Aloe Vera Leaf Juice,"material, not a medicine",GSRS substance class structurallyDiverse
K1:RV23PE6426,Magnolia Grandiflora Flower,"material, not a medicine",GSRS substance class structurallyDiverse
K1:RX18M46K8L,Ambrosia Psilostachya Pollen,"material, not a medicine",GSRS substance class structurallyDiverse
K1:RZ8DCR7A94,voxeralgagene autotemcel,"material, not a medicine",GSRS substance class structurallyDiverse
K1:S003A158SB,Cinchona Officinalis Bark,"material, not a medicine",GSRS substance class structurallyDiverse
K1:S0QQA41760,Malva Neglecta Whole,"material, not a medicine",GSRS substance class structurallyDiverse
K1:S0U63B0Q51,Carica Papaya Whole,"material, not a medicine",GSRS substance class structurallyDiverse
K1:S125N1F5X5,Vespula Vulgaris Venom Protein,"material, not a medicine",GSRS substance class structurallyDiverse
K1:S13FA2GQG9,Ceratostigma Willmottianum Flowering Top,"material, not a medicine",GSRS substance class structurallyDiverse
K1:S1F1DY68CA,Alnus Viridis Subsp. Crispa Leaf,"material, not a medicine",GSRS substance class structurallyDiverse
K1:S242WH4US3,Mangifera Indica Bark,"material, not a medicine",GSRS substance class structurallyDiverse
K1:S256WJ3OFQ,Bos Taurus Colostrum,"material, not a medicine",GSRS substance class structurallyDiverse
K1:S2D77IH61R,Frangula,"material, not a medicine",GSRS substance class structurallyDiverse
K1:S2EGO8116S,Pemlimogene merolisbac,"material, not a medicine",GSRS substance class structurallyDiverse
K1:S2RRP2SH5H,Nadravaleucel,"material, not a medicine",GSRS substance class structurallyDiverse
K1:S3Q2347PKA,Human Ligament,"material, not a medicine",GSRS substance class structurallyDiverse
K1:S3Q2X90SUF,Paeonia Officinalis Whole,"material, not a medicine",GSRS substance class structurallyDiverse
K1:S46HJ3710D,Morella Cerifera Root Bark,"material, not a medicine",GSRS substance class structurallyDiverse
K1:S4R7X48WED,Coccinia Grandis Whole,"material, not a medicine",GSRS substance class structurallyDiverse
K1:S51J6N56M7,Eladocagene exuparvovec,"material, not a medicine",GSRS substance class structurallyDiverse
K1:S5249Q85HW,Quassia,"material, not a medicine",GSRS substance class structurallyDiverse
K1:S53L777GM8,Exagamglogene autotemcel,"material, not a medicine",GSRS substance class structurallyDiverse
K1:S546YLW6E6,Eucalyptus Globulus Leaf,"material, not a medicine",GSRS substance class structurallyDiverse
K1:S5TX5E9EWP,Volamcabtagene durzigedleucel,"material, not a medicine",GSRS substance class structurallyDiverse
K1:S61JFZ33Z1,Sus Scrofa Intestinal Mucosa,"material, not a medicine",GSRS substance class structurallyDiverse
K1:S6FVH88J8W,Danio Rerio Egg,"material, not a medicine",GSRS substance class structurallyDiverse
K1:S6G2NLH4Y7,Bos Taurus Hypothalamus,"material, not a medicine",GSRS substance class structurallyDiverse
K1:S6JJH3XV1D,Yersinia Pestis,"material, not a medicine",GSRS substance class structurallyDiverse
K1:S72O3284MS,Gentian,"material, not a medicine",GSRS substance class structurallyDiverse
K1:S7B7C89JD6,Borrelia Afzelii,"material, not a medicine",GSRS substance class structurallyDiverse
K1:S7E6K05K7Z,Angelica Archangelica Whole,"material, not a medicine",GSRS substance class structurallyDiverse
K1:S7PW24BX20,Phleum Pratense Top,"material, not a medicine",GSRS substance class structurallyDiverse
K1:S7YTV04R8O,Sus Scrofa Ovary,"material, not a medicine",GSRS substance class structurallyDiverse
K1:S81N5ILG2E,Strophanthus Gratus Seed,"material, not a medicine",GSRS substance class structurallyDiverse
K1:S84466IK8U,Delphinium Staphisagria Whole,"material, not a medicine",GSRS substance class structurallyDiverse
K1:S8A4X05W7J,Juniperus Pinchotii Pollen,"material, not a medicine",GSRS substance class structurallyDiverse
K1:S8O01I9YLZ,Prune,"material, not a medicine",GSRS substance class structurallyDiverse
K1:S8SJ19N2NX,Senna Pods,"material, not a medicine",GSRS substance class structurallyDiverse
K1:S935718Z2Q,Aronia Melanocarpa Fruit,"material, not a medicine",GSRS substance class structurallyDiverse
K1:S96N10R972,Cinchona Pubescens Bark,"material, not a medicine",GSRS substance class structurallyDiverse
K1:S9J80L3D1U,Pelareorep,"material, not a medicine",GSRS substance class structurallyDiverse
K1:S9RCU94DF3,Actaea Cimicifuga Whole,"material, not a medicine",GSRS substance class structurallyDiverse
K1:S9T422Q956,Yellow Dock,"material, not a medicine",GSRS substance class structurallyDiverse
K1:S9Y4B22U2E,Chionanthus Virginicus Root Bark,"material, not a medicine",GSRS substance class structurallyDiverse
K1:SA8AR2W4ER,Matricaria Chamomilla Flowering Top Oil,"material, not a medicine",GSRS substance class structurallyDiverse
K1:SAS9Z1SVUK,Ginger Oil,"material, not a medicine",GSRS substance class structurallyDiverse
K1:SBF43SK8KT,Oryctolagus Cuniculus Ligament,"material, not a medicine",GSRS substance class structurallyDiverse
K1:SC5767R2RD,Cinnamomum Verum Whole,"material, not a medicine",GSRS substance class structurallyDiverse
K1:SCB8J7LS3T,Poa Pratensis Pollen,"material, not a medicine",GSRS substance class structurallyDiverse
K1:SCJ765569P,Holy Basil,"material, not a medicine",GSRS substance class structurallyDiverse
K1:SDS87L369F,Avocado,"material, not a medicine",GSRS substance class structurallyDiverse
K1:SFK828Q2DE,Hydrangea,"material, not a medicine",GSRS substance class structurallyDiverse
K1:SI6O3IW77Z,Adeps Suillus,"material, not a medicine",GSRS substance class structurallyDiverse
K1:SJO6NF5H81,Smilax Ornata Whole,"material, not a medicine",GSRS substance class structurallyDiverse
K1:SK54I0S386,Streptococcus Pneumoniae Type 14 Capsular Polysaccharide Diphtheria Crm197 Protein Conjugate Antigen,"material, not a medicine",GSRS substance class structurallyDiverse
K1:SL4SX1O487,Arabinogalactan,"material, not a medicine",GSRS substance class structurallyDiverse
K1:SL7A75J492,Betula Papyrifera Whole,"material, not a medicine",GSRS substance class structurallyDiverse
K1:SMN5E7TJ9C,Etuvetidigene Autotemcel,"material, not a medicine",GSRS substance class structurallyDiverse
K1:SMR633LHTC,Bambusa Vulgaris Stem,"material, not a medicine",GSRS substance class structurallyDiverse
K1:SMV71DDI4T,Bos Taurus Parathyroid Gland,"material, not a medicine",GSRS substance class structurallyDiverse
K1:SN66MTE33Q,Hedeoma Pulegioides Whole,"material, not a medicine",GSRS substance class structurallyDiverse
K1:SQI2NBY9KR,Alfalfa Top,"material, not a medicine",GSRS substance class structurallyDiverse
K1:SV56YUK3ER,Chaenomeles Japonica Seed,"material, not a medicine",GSRS substance class structurallyDiverse
K1:SVW19ET93C,Quercus Rubra Pollen,"material, not a medicine",GSRS substance class structurallyDiverse
K1:SWI8UOC4GS,Fagus Sylvatica Whole,"material, not a medicine",GSRS substance class structurallyDiverse
K1:SWK9Y7E9EN,Aegle Marmelos Leaf,"material, not a medicine",GSRS substance class structurallyDiverse
K1:SY49TH8VUA,Passiflora Edulis Flower,"material, not a medicine",GSRS substance class structurallyDiverse
K1:SYW0QUB89Y,Pumpkin,"material, not a medicine",GSRS substance class structurallyDiverse
K1:SZH16H44UY,Juniper Berry Oil,"material, not a medicine",GSRS substance class structurallyDiverse
K1:T013HM08S0,Luffa Operculata Whole,"material, not a medicine",GSRS substance class structurallyDiverse
K1:T0311VH21D,Taxus Baccata Whole,"material, not a medicine",GSRS substance class structurallyDiverse
K1:T069R9OPVG,Penicillium Camemberti,"material, not a medicine",GSRS substance class structurallyDiverse
K1:T07U1161SV,Hamamelis Virginiana Leaf,"material, not a medicine",GSRS substance class structurallyDiverse
K1:T0920P9Z9A,Sus Scrofa Stomach,"material, not a medicine",GSRS substance class structurallyDiverse
K1:T0R5DY1ZII,Tangelo,"material, not a medicine",GSRS substance class structurallyDiverse
K1:T1PE06G0VE,Camellia Oil,"material, not a medicine",GSRS substance class structurallyDiverse
K1:T1UG6H6805,Cramp Bark,"material, not a medicine",GSRS substance class structurallyDiverse
K1:T213OA3BGR,Epimedium Pubescens Whole,"material, not a medicine",GSRS substance class structurallyDiverse
K1:T2K08L297Q,Ulmus Glabra Pollen,"material, not a medicine",GSRS substance class structurallyDiverse
K1:T2ZFF62NQ9,Elzocabtagene autoleucel,"material, not a medicine",GSRS substance class structurallyDiverse
K1:T306U9V415,Alopecurus Pratensis,"material, not a medicine",GSRS substance class structurallyDiverse
K1:T36L9N7Q1H,Platanus Orientalis Whole,"material, not a medicine",GSRS substance class structurallyDiverse
K1:T444G60821,Coleus Amboinicus Whole,"material, not a medicine",GSRS substance class structurallyDiverse
K1:T47L342B3C,Aristolochia Clematitis Whole,"material, not a medicine",GSRS substance class structurallyDiverse
K1:T4GYX3110D,Neisseria Meningitidis Group A Capsular Polysaccharide Tetanus Toxoid Conjugate Antigen,"material, not a medicine",GSRS substance class structurallyDiverse
K1:T4L5881Y68,Perilla Frutescens Leaf,"material, not a medicine",GSRS substance class structurallyDiverse
K1:T538276W1L,Isatis Tinctoria Whole,"material, not a medicine",GSRS substance class structurallyDiverse
K1:T53SBG6741,Hippophae Rhamnoides Seed Oil,"material, not a medicine",GSRS substance class structurallyDiverse
K1:T5L8T28FGP,Mineral Oil,"material, not a medicine",GSRS substance class structurallyDiverse
K1:T67520T45F,Mycobacterium Phlei,"material, not a medicine",GSRS substance class structurallyDiverse
K1:T6NI39QU44,Chlamydia Trachomatis,"material, not a medicine",GSRS substance class structurallyDiverse
K1:T6O227OX7Q,Streptococcus Pneumoniae Type 12f Capsular Polysaccharide Diphtheria Crm197 Protein Conjugate Antigen,"material, not a medicine",GSRS substance class structurallyDiverse
K1:T6VR38UJ9I,Yucca Filamentosa,"material, not a medicine",GSRS substance class structurallyDiverse
K1:T7J046YI2B,Bryonia,"material, not a medicine",GSRS substance class structurallyDiverse
K1:T8678F0P0Q,Trichoderma Viride,"material, not a medicine",GSRS substance class structurallyDiverse
K1:T8F3MOB0CG,Streptococcus Thermophilus,"material, not a medicine",GSRS substance class structurallyDiverse
K1:T8L6O1KSB4,Schinus Molle Fruiting Top,"material, not a medicine",GSRS substance class structurallyDiverse
K1:T90A7M66YF,Iberis Amara Seed,"material, not a medicine",GSRS substance class structurallyDiverse
K1:T90W4582DU,Aralia Racemosa Root,"material, not a medicine",GSRS substance class structurallyDiverse
K1:T94T602XJN,Camelus Bactrianus Hair,"material, not a medicine",GSRS substance class structurallyDiverse
K1:T95771X2XI,Lamium Album Flowering Top,"material, not a medicine",GSRS substance class structurallyDiverse
K1:T9F9ZW799A,Oryctolagus Cuniculus Pituitary Gland,"material, not a medicine",GSRS substance class structurallyDiverse
K1:T9GHE8H4RX,Gibberella Zeae,"material, not a medicine",GSRS substance class structurallyDiverse
K1:T9O10FB50M,Human Amniotic Membrane,"material, not a medicine",GSRS substance class structurallyDiverse
K1:TA501QD69R,Sus Scrofa Jejunum,"material, not a medicine",GSRS substance class structurallyDiverse
K1:TB08NIC03W,Sus Scrofa Tonsil,"material, not a medicine",GSRS substance class structurallyDiverse
K1:TBW53313S7,Botrytis Cinerea,"material, not a medicine",GSRS substance class structurallyDiverse
K1:TC0HGR44VW,Rickettsia Typhi,"material, not a medicine",GSRS substance class structurallyDiverse
K1:TD1MUT01Q7,Hemp,"material, not a medicine",GSRS substance class structurallyDiverse
K1:TG711Q7A1Q,Lycium Chinense Fruit,"material, not a medicine",GSRS substance class structurallyDiverse
K1:TGD87RII2U,Fig,"material, not a medicine",GSRS substance class structurallyDiverse
K1:TGJ6YZC4W7,Streptococcus Pneumoniae Type 4 Capsular Polysaccharide Diphtheria Crm197 Protein Conjugate Antigen,"material, not a medicine",GSRS substance class structurallyDiverse
K1:TGO054E31O,Trichothecium Roseum,"material, not a medicine",GSRS substance class structurallyDiverse
K1:TGR919EN5P,Cryptosporidium Parvum,"material, not a medicine",GSRS substance class structurallyDiverse
K1:THP9ML4NTZ,Cretostimogene grenadenorepvec,"material, not a medicine",GSRS substance class structurallyDiverse
K1:TJ55Y9N2M4,Plantago Lanceolata Whole,"material, not a medicine",GSRS substance class structurallyDiverse
K1:TJH4LL437H,Northern Brown Shrimp,"material, not a medicine",GSRS substance class structurallyDiverse
K1:TJR6B3R47P,Millet,"material, not a medicine",GSRS substance class structurallyDiverse
K1:TJR6ZFY0F0,Legionella Pneumophila,"material, not a medicine",GSRS substance class structurallyDiverse
K1:TKD8LH0X2Z,Reishi,"material, not a medicine",GSRS substance class structurallyDiverse
K1:TM54L796SN,Human Adenovirus B Serotype 7 Strain 55142 Antigen,"material, not a medicine",GSRS substance class structurallyDiverse
K1:TO6G4140YA,Diplacus Aurantiacus Whole,"material, not a medicine",GSRS substance class structurallyDiverse
K1:TOQ97Z8644,Bos Taurus Hair,"material, not a medicine",GSRS substance class structurallyDiverse
K1:TP69J995TW,Ceratostigma Willmottianum Flower,"material, not a medicine",GSRS substance class structurallyDiverse
K1:TPL549N9R8,Pleospora Tarda,"material, not a medicine",GSRS substance class structurallyDiverse
K1:TRS31EO6ZN,Bos Taurus Bone,"material, not a medicine",GSRS substance class structurallyDiverse
K1:TRW2FUF47H,Althaea Officinalis Root,"material, not a medicine",GSRS substance class structurallyDiverse
K1:TRZ1AA965O,Propionibacterium Acnes,"material, not a medicine",GSRS substance class structurallyDiverse
K1:TTE3RU7P5P,Conium Maculatum Root,"material, not a medicine",GSRS substance class structurallyDiverse
K1:TTV12P4NEE,Xanthan Gum,"material, not a medicine",GSRS substance class structurallyDiverse
K1:TU8J357395,Vaccinia Virus Modified Strain Ankara-Bavarian Nordic Non-Replicating Antigen,"material, not a medicine",GSRS substance class structurallyDiverse
K1:TVS414L9M5,Rickettsia Prowazekii,"material, not a medicine",GSRS substance class structurallyDiverse
K1:TW30IQ6PZU,Erigeron Breviscapus Whole,"material, not a medicine",GSRS substance class structurallyDiverse
K1:TWH5125Q6F,Lycopus Virginicus,"material, not a medicine",GSRS substance class structurallyDiverse
K1:TX1ER5UV3T,Pinus Strobus Pollen,"material, not a medicine",GSRS substance class structurallyDiverse
K1:TX4WI0A6XL,Robinia Pseudoacacia Whole,"material, not a medicine",GSRS substance class structurallyDiverse
K1:TY68V0X4KL,Pilocarpus Microphyllus Leaf,"material, not a medicine",GSRS substance class structurallyDiverse
K1:TZ0BE8I3MW,Rosa Rugosa Flower Bud,"material, not a medicine",GSRS substance class structurallyDiverse
K1:TZ4NQ2GZH7,Rhodocactus Grandifolius Whole,"material, not a medicine",GSRS substance class structurallyDiverse
K1:TZ8Z31B35M,Cochineal,"material, not a medicine",GSRS substance class structurallyDiverse
K1:U09W5JOL3Z,Helicobacter Pylori,"material, not a medicine",GSRS substance class structurallyDiverse
K1:U0NQ8555JD,Aconitum Napellus Whole,"material, not a medicine",GSRS substance class structurallyDiverse
K1:U15XY7ZYHG,Bellis Perennis Leaf,"material, not a medicine",GSRS substance class structurallyDiverse
K1:U1E9VSB2K2,Streptococcus Pneumoniae Type 22f Capsular Polysaccharide Diphtheria Crm197 Protein Conjugate Antigen,"material, not a medicine",GSRS substance class structurallyDiverse
K1:U1W3U02EW0,Oxalis Acetosella Leaf,"material, not a medicine",GSRS substance class structurallyDiverse
K1:U2AI3H2J5Y,Ambrosia Acanthicarpa Pollen,"material, not a medicine",GSRS substance class structurallyDiverse
K1:U2DP30V5YZ,Ceanothus Thyrsiflorus Whole,"material, not a medicine",GSRS substance class structurallyDiverse
K1:U2I8T43Y7R,Axicabtagene ciloleucel,"material, not a medicine",GSRS substance class structurallyDiverse
K1:U319SC75NA,Oolong Tea,"material, not a medicine",GSRS substance class structurallyDiverse
K1:U364V64HUN,"Human Sputum, Bordetella Pertussis Infected","material, not a medicine",GSRS substance class structurallyDiverse
K1:U37N0S910T,Camellia Japonica Seed Oil,"material, not a medicine",GSRS substance class structurallyDiverse
K1:U3HSK5JC0Q,Clary Sage,"material, not a medicine",GSRS substance class structurallyDiverse
K1:U432IW51PC,Brassica Napus SUBSP. Napus Oil,"material, not a medicine",GSRS substance class structurallyDiverse
K1:U4B223LS4X,Jacobaea Maritima,"material, not a medicine",GSRS substance class structurallyDiverse
K1:U5EF7W487E,Cryptomeria Japonica Whole,"material, not a medicine",GSRS substance class structurallyDiverse
K1:U5V5MUD1KD,Hepatitis C Immune Globulin (HUMAN),"material, not a medicine",GSRS substance class structurallyDiverse
K1:U68X8SD44Q,Almond Mushroom,"material, not a medicine",GSRS substance class structurallyDiverse
K1:U6P1SV66LA,Uncaria Tomentosa Whole,"material, not a medicine",GSRS substance class structurallyDiverse
K1:U6Z259H815,Helminthosporium Solani,"material, not a medicine",GSRS substance class structurallyDiverse
K1:U751HEX436,Rubella Virus,"material, not a medicine",GSRS substance class structurallyDiverse
K1:U755Q6LFAH,Populus Tremula Whole,"material, not a medicine",GSRS substance class structurallyDiverse
K1:U8I5N8Q01B,Baccharis Pilularis Whole,"material, not a medicine",GSRS substance class structurallyDiverse
K1:U8O5LNX3QT,Ceratostigma Willmottianum Whole,"material, not a medicine",GSRS substance class structurallyDiverse
K1:U946SH95EE,Milk Thistle,"material, not a medicine",GSRS substance class structurallyDiverse
K1:UA63Y8U89U,Balsam Pear,"material, not a medicine",GSRS substance class structurallyDiverse
K1:UBW6O1H50I,Iva Angustifolia Pollen,"material, not a medicine",GSRS substance class structurallyDiverse
K1:UD4O8TY7RW,Digitalis Purpurea Whole,"material, not a medicine",GSRS substance class structurallyDiverse
K1:UD50RBY30F,Blond Psyllium,"material, not a medicine",GSRS substance class structurallyDiverse
K1:UDA30A2JJY,Hamamelis Virginiana Top,"material, not a medicine",GSRS substance class structurallyDiverse
K1:UE77B10IIY,Bos Taurus Cartilage,"material, not a medicine",GSRS substance class structurallyDiverse
K1:UF2093XE64,Lawsonia Inermis Flowering Top,"material, not a medicine",GSRS substance class structurallyDiverse
K1:UF5FV8MLZ2,Aguracingene cadoparvovec,"material, not a medicine",GSRS substance class structurallyDiverse
K1:UFH8805FKA,St John's wort,"material, not a medicine",GSRS substance class structurallyDiverse
K1:UGE0WQC19W,Bos Taurus Lymph,"material, not a medicine",GSRS substance class structurallyDiverse
K1:UN2QZ55I88,Abelmoschus Moschatus Seed,"material, not a medicine",GSRS substance class structurallyDiverse
K1:UNM4C1735Z,Drimia Maritima Whole,"material, not a medicine",GSRS substance class structurallyDiverse
K1:UO9989Y17N,Stachys Officinalis,"material, not a medicine",GSRS substance class structurallyDiverse
K1:UOI4FT57BZ,Broccoli,"material, not a medicine",GSRS substance class structurallyDiverse
K1:UOV773I89T,Artemisia Abrotanum Whole,"material, not a medicine",GSRS substance class structurallyDiverse
K1:UP0M8M3VZW,East Indian Lemongrass Oil,"material, not a medicine",GSRS substance class structurallyDiverse
K1:UQ0Z34X16U,Quercus Rubra Whole,"material, not a medicine",GSRS substance class structurallyDiverse
K1:UQ24WBY4QP,Fritillaria Unibracteata Bulb,"material, not a medicine",GSRS substance class structurallyDiverse
K1:UQ7Z2EA3ZI,Salix X Fragilis Pollen,"material, not a medicine",GSRS substance class structurallyDiverse
K1:UQJ679MZAK,Rumex Crispus Whole,"material, not a medicine",GSRS substance class structurallyDiverse
K1:UTX536WN6N,Proteus Inconstans,"material, not a medicine",GSRS substance class structurallyDiverse
K1:UU78E56M7L,Artemisia Dracunculus Pollen,"material, not a medicine",GSRS substance class structurallyDiverse
K1:UU81N77RI7,Commiphora Myrrha Whole,"material, not a medicine",GSRS substance class structurallyDiverse
K1:UXX2N5V39P,Ecklonia Cava,"material, not a medicine",GSRS substance class structurallyDiverse
K1:V003SHB7VK,Paspalum Notatum Pollen,"material, not a medicine",GSRS substance class structurallyDiverse
K1:V0186X7YS4,Enterovirus 71,"material, not a medicine",GSRS substance class structurallyDiverse
K1:V038D626IF,Ashwagandha,"material, not a medicine",GSRS substance class structurallyDiverse
K1:V0551986XQ,Astacus Astacus,"material, not a medicine",GSRS substance class structurallyDiverse
K1:V0S6H36980,Micrurus Corallinus Venom,"material, not a medicine",GSRS substance class structurallyDiverse
K1:V174354MDI,Salsola Tragus Pollen,"material, not a medicine",GSRS substance class structurallyDiverse
K1:V1IA3S3CUS,Cnidium Monnieri Fruit,"material, not a medicine",GSRS substance class structurallyDiverse
K1:V1JV3H63MP,Nardostachys Chinensis Root,"material, not a medicine",GSRS substance class structurallyDiverse
K1:V1NN02KTF0,Brugia Malayi,"material, not a medicine",GSRS substance class structurallyDiverse
K1:V1R4T1S1M0,cotoretigene toliparvovec,"material, not a medicine",GSRS substance class structurallyDiverse
K1:V1V998DC17,Garlic,"material, not a medicine",GSRS substance class structurallyDiverse
K1:V28L3Q0LVZ,Rebisufligene etisparvovec,"material, not a medicine",GSRS substance class structurallyDiverse
K1:V34908RT03,Vespula Maculifrons Venom Protein,"material, not a medicine",GSRS substance class structurallyDiverse
K1:V36I2B8LD5,Jateorhiza Calumba Root,"material, not a medicine",GSRS substance class structurallyDiverse
K1:V38QUQ7861,Acer Saccharum Pollen,"material, not a medicine",GSRS substance class structurallyDiverse
K1:V3FC0DK9XS,Streptococcus Pneumoniae Type 20 Capsular Polysaccharide Antigen,"material, not a medicine",GSRS substance class structurallyDiverse
K1:V3JBG9247U,Tinocabtagene autoleucel,"material, not a medicine",GSRS substance class structurallyDiverse
K1:V3TP2MD7F3,Neisseria Meningitidis,"material, not a medicine",GSRS substance class structurallyDiverse
K1:V4716MY704,Locust Bean Gum,"material, not a medicine",GSRS substance class structurallyDiverse
K1:V4SWI4RF4J,TETANUS IMMUNE GLOBULIN,"material, not a medicine",GSRS substance class structurallyDiverse
K1:V5741391RG,Coleus Barbatus Root,"material, not a medicine",GSRS substance class structurallyDiverse
K1:V58BK047ES,Pleospora Betae,"material, not a medicine",GSRS substance class structurallyDiverse
K1:V61766RQ02,Alstonia Scholaris Bark,"material, not a medicine",GSRS substance class structurallyDiverse
K1:V663Q8TEFU,Hamamelis Virginiana Whole,"material, not a medicine",GSRS substance class structurallyDiverse
K1:V68E0X60VL,Staphylococcus Simulans,"material, not a medicine",GSRS substance class structurallyDiverse
K1:V69U5FL51F,Sus Scrofa Tooth,"material, not a medicine",GSRS substance class structurallyDiverse
K1:V6ZO3M43L5,Rickettsia Rickettsii,"material, not a medicine",GSRS substance class structurallyDiverse
K1:V727AWD6ZZ,Toxicodendron Diversilobum Leaf,"material, not a medicine",GSRS substance class structurallyDiverse
K1:V80TPZ0T6J,Cyclachaena Xanthifolia Pollen,"material, not a medicine",GSRS substance class structurallyDiverse
K1:V812D4QF7Z,Sequoia Sempervirens Bark,"material, not a medicine",GSRS substance class structurallyDiverse
K1:V825XJG64G,Rumex Crispus Pollen,"material, not a medicine",GSRS substance class structurallyDiverse
K1:V82T6JEZ99,PLATELETS,"material, not a medicine",GSRS substance class structurallyDiverse
K1:V8K40WNW5B,Fucus Serratus,"material, not a medicine",GSRS substance class structurallyDiverse
K1:V8UV0R324S,Salix Alba Whole,"material, not a medicine",GSRS substance class structurallyDiverse
K1:V95R5KMY2B,Peppermint,"material, not a medicine",GSRS substance class structurallyDiverse
K1:V99S891QU7,Cytisus Scoparius Whole,"material, not a medicine",GSRS substance class structurallyDiverse
K1:V9C81470RR,Prunus Persica Seed,"material, not a medicine",GSRS substance class structurallyDiverse
K1:V9G528E9E0,Vibrio Cholerae Cvd 103-HGR Strain Live Antigen,"material, not a medicine",GSRS substance class structurallyDiverse
K1:V9S692O326,Bog Bilberry,"material, not a medicine",GSRS substance class structurallyDiverse
K1:VA2XPJ9DMK,Esepapogene zalarnarepvec,"material, not a medicine",GSRS substance class structurallyDiverse
K1:VB06AV5US8,Echinacea Angustifolia,"material, not a medicine",GSRS substance class structurallyDiverse
K1:VB6F65I6F5,Human Colostrum,"material, not a medicine",GSRS substance class structurallyDiverse
K1:VBZ33SRC28,Besvatresgene autoleucel,"material, not a medicine",GSRS substance class structurallyDiverse
K1:VC5I578BE3,Quercus Robur Flower Bud,"material, not a medicine",GSRS substance class structurallyDiverse
K1:VC855RRT77,Camellia Sinensis Leaf Oil,"material, not a medicine",GSRS substance class structurallyDiverse
K1:VDX0F5H4FP,AUTOLOGOUS CORD BLOOD,"material, not a medicine",GSRS substance class structurallyDiverse
K1:VF7KK47ENX,Alnugranogene aldeparvovec,"material, not a medicine",GSRS substance class structurallyDiverse
K1:VFF5C4QV72,Zunibergene rocparvovec,"material, not a medicine",GSRS substance class structurallyDiverse
K1:VH659J61ZL,Fumaria Officinalis Flowering Top,"material, not a medicine",GSRS substance class structurallyDiverse
K1:VI2NBA6B8C,Elivaldogene tavalentivec,"material, not a medicine",GSRS substance class structurallyDiverse
K1:VIF565UC2G,Melaleuca Alternifolia Leaf Oil,"material, not a medicine",GSRS substance class structurallyDiverse
K1:VJI0WKK736,Lolium Multiflorum Pollen,"material, not a medicine",GSRS substance class structurallyDiverse
K1:VK8C112WTS,Khuskia Oryzae,"material, not a medicine",GSRS substance class structurallyDiverse
K1:VLJ6WOT3K5,Ivy Gourd,"material, not a medicine",GSRS substance class structurallyDiverse
K1:VOT5MA71M7,Quercus Agrifolia Pollen,"material, not a medicine",GSRS substance class structurallyDiverse
K1:VP00HZL9IC,Pinus Sylvestris Whole,"material, not a medicine",GSRS substance class structurallyDiverse
K1:VP2CN2G7Y8,Sus Scrofa Bone Marrow,"material, not a medicine",GSRS substance class structurallyDiverse
K1:VQN1631P4C,Gossypium Herbaceum Root Bark,"material, not a medicine",GSRS substance class structurallyDiverse
K1:VR6XUT9Z3N,Euryale Seed,"material, not a medicine",GSRS substance class structurallyDiverse
K1:VSW71SS07I,Lachesis Muta Venom,"material, not a medicine",GSRS substance class structurallyDiverse
K1:VT53B5BP4G,Dendrobium Officinale Stem,"material, not a medicine",GSRS substance class structurallyDiverse
K1:VTW461N43P,Bos Taurus Eye,"material, not a medicine",GSRS substance class structurallyDiverse
K1:VU8C8SB23P,Populus Alba Pollen,"material, not a medicine",GSRS substance class structurallyDiverse
K1:VX6GD6M93V,Paeonia Veitchii Root,"material, not a medicine",GSRS substance class structurallyDiverse
K1:VYH9Y9BCCP,Ribes Nigrum Flower Bud,"material, not a medicine",GSRS substance class structurallyDiverse
K1:VYT2JA85NH,Imperata Cylindrica Root,"material, not a medicine",GSRS substance class structurallyDiverse
K1:VZJ9F3C3SB,Berberis Aquifolium Root Bark,"material, not a medicine",GSRS substance class structurallyDiverse
K1:W06YCM9T44,Ononis Repens Root,"material, not a medicine",GSRS substance class structurallyDiverse
K1:W0X9457M59,Capsella Bursa-Pastoris,"material, not a medicine",GSRS substance class structurallyDiverse
K1:W1D68QW48M,Enterobius Vermicularis,"material, not a medicine",GSRS substance class structurallyDiverse
K1:W1LUS9R48G,Saxifraga Granulata Whole,"material, not a medicine",GSRS substance class structurallyDiverse
K1:W1WFA6001P,Dientamoeba Fragilis,"material, not a medicine",GSRS substance class structurallyDiverse
K1:W2469WNO6U,Plantago Major,"material, not a medicine",GSRS substance class structurallyDiverse
K1:W2FH8O2BBE,Caraway,"material, not a medicine",GSRS substance class structurallyDiverse
K1:W2ZU1RY8B0,Camellia Sinensis Leaf,"material, not a medicine",GSRS substance class structurallyDiverse
K1:W34IF71M2W,Citrus Medica Var. Sarcodactylis Whole,"material, not a medicine",GSRS substance class structurallyDiverse
K1:W34X0P8636,Quercus Stellata Pollen,"material, not a medicine",GSRS substance class structurallyDiverse
K1:W3X22HS7XD,Cemacabtagene ansegedleucel,"material, not a medicine",GSRS substance class structurallyDiverse
K1:W43ES6D9FG,Datura Metel Flower,"material, not a medicine",GSRS substance class structurallyDiverse
K1:W4KH5N2DCK,Mimulus Ringens Whole,"material, not a medicine",GSRS substance class structurallyDiverse
K1:W5488JUO8U,Curcuma Longa Whole,"material, not a medicine",GSRS substance class structurallyDiverse
K1:W562W5U83F,Bupleurum Scorzonerifolium Root,"material, not a medicine",GSRS substance class structurallyDiverse
K1:W5BET37294,Primula Veris Flower,"material, not a medicine",GSRS substance class structurallyDiverse
K1:W5K7RAS4VK,Eggplant,"material, not a medicine",GSRS substance class structurallyDiverse
K1:W5Y0EFG88O,Moschus Moschiferus Whole,"material, not a medicine",GSRS substance class structurallyDiverse
K1:W61ME6Q717,Sus Scrofa Conjunctiva,"material, not a medicine",GSRS substance class structurallyDiverse
K1:W66P4K3SGW,Cimex Lectularius,"material, not a medicine",GSRS substance class structurallyDiverse
K1:W6GL3Z8KWT,bevufenogene nofeparvovec,"material, not a medicine",GSRS substance class structurallyDiverse
K1:W6J1279A6K,Solanum Dulcamara Flower,"material, not a medicine",GSRS substance class structurallyDiverse
K1:W6LFQ57E4M,Primula Veris,"material, not a medicine",GSRS substance class structurallyDiverse
K1:W6MU8IYV12,Senecio Vulgaris,"material, not a medicine",GSRS substance class structurallyDiverse
K1:W79255C628,Colchicum Autumnale Whole,"material, not a medicine",GSRS substance class structurallyDiverse
K1:W7NU4B5CIY,Beta Vulgaris Pollen,"material, not a medicine",GSRS substance class structurallyDiverse
K1:W8N8R55022,Beef Liver,"material, not a medicine",GSRS substance class structurallyDiverse
K1:W8RT4P7T0H,Acer Pseudoplatanus Pollen,"material, not a medicine",GSRS substance class structurallyDiverse
K1:W8VE86L4EU,Inaticabtagene autoleucel,"material, not a medicine",GSRS substance class structurallyDiverse
K1:W92E149717,Acer Rubrum Whole,"material, not a medicine",GSRS substance class structurallyDiverse
K1:W93B56AH6R,Polygonatum Cyrtonema Root,"material, not a medicine",GSRS substance class structurallyDiverse
K1:W9FZA51AS1,Asafetida,"material, not a medicine",GSRS substance class structurallyDiverse
K1:WAN07H3BQL,Bacillus Licheniformis,"material, not a medicine",GSRS substance class structurallyDiverse
K1:WAN2772W8F,Bovactant,"material, not a medicine",GSRS substance class structurallyDiverse
K1:WBQ249COFR,Radicchio,"material, not a medicine",GSRS substance class structurallyDiverse
K1:WC73QE9274,Platycodon Grandiflorus Whole,"material, not a medicine",GSRS substance class structurallyDiverse
K1:WCD45M1BSK,Bambusa Vulgaris Whole,"material, not a medicine",GSRS substance class structurallyDiverse
K1:WCK21A9W9J,Chimaphila Umbellata,"material, not a medicine",GSRS substance class structurallyDiverse
K1:WCM0X628RY,Commiphora Madagascariensis Resin,"material, not a medicine",GSRS substance class structurallyDiverse
K1:WD9M7WQ9SY,Fencabtagene autoleucel,"material, not a medicine",GSRS substance class structurallyDiverse
K1:WE63661499,Phytolacca Americana Fruit,"material, not a medicine",GSRS substance class structurallyDiverse
K1:WE98HW412B,Laminaria Japonica,"material, not a medicine",GSRS substance class structurallyDiverse
K1:WG10XM3N5R,Tylophora Indica Leaf,"material, not a medicine",GSRS substance class structurallyDiverse
K1:WGM46PQF02,Pervinca Minor Whole,"material, not a medicine",GSRS substance class structurallyDiverse
K1:WHJ747UHJ8,Senacnagene enfaleucel,"material, not a medicine",GSRS substance class structurallyDiverse
K1:WIB701MW2H,Chenopodium Ambrosioides Pollen,"material, not a medicine",GSRS substance class structurallyDiverse
K1:WIE1G5542P,Bos Taurus Parasympathetic Nerve,"material, not a medicine",GSRS substance class structurallyDiverse
K1:WK97EQG57S,Croton Oil,"material, not a medicine",GSRS substance class structurallyDiverse
K1:WKB165X336,Cosmos Sulphureus Flowering Top,"material, not a medicine",GSRS substance class structurallyDiverse
K1:WL0328HX19,Candelilla,"material, not a medicine",GSRS substance class structurallyDiverse
K1:WLL8F7NDKG,Crataegus Rivularis Whole,"material, not a medicine",GSRS substance class structurallyDiverse
K1:WN22M24ZXB,Lactobacillus Casei Zhang,"material, not a medicine",GSRS substance class structurallyDiverse
K1:WN5C16297P,Bifidobacterium Bifidum,"material, not a medicine",GSRS substance class structurallyDiverse
K1:WP4441Y804,Citrobacter Koseri,"material, not a medicine",GSRS substance class structurallyDiverse
K1:WQ3S5294XY,Taraxacum Officinale Pollen,"material, not a medicine",GSRS substance class structurallyDiverse
K1:WQ79GLJ8VP,Arlocabtagene autoleucel,"material, not a medicine",GSRS substance class structurallyDiverse
K1:WQD5K35YZT,Anitocabtagene autoleucel,"material, not a medicine",GSRS substance class structurallyDiverse
K1:WQQ9XZH2CC,Mesmulogene ancovacivec,"material, not a medicine",GSRS substance class structurallyDiverse
K1:WQZ3G9PF0H,Atropa Belladonna,"material, not a medicine",GSRS substance class structurallyDiverse
K1:WR2NH7PU9S,Vitex Negundo Fruit,"material, not a medicine",GSRS substance class structurallyDiverse
K1:WS4CQ062KM,Chinese Cinnamon,"material, not a medicine",GSRS substance class structurallyDiverse
K1:WUA9XIG2LR,Lygodium Japonicum Spore,"material, not a medicine",GSRS substance class structurallyDiverse
K1:WUW1665V10,Momordica Balsamina Immature Fruit,"material, not a medicine",GSRS substance class structurallyDiverse
K1:WWX61E1ZAK,Rhamphospermum Arvense FLOWERING/FRUITING Top,"material, not a medicine",GSRS substance class structurallyDiverse
K1:WYT05213GE,Spigelia Anthelmia,"material, not a medicine",GSRS substance class structurallyDiverse
K1:X1K54R2P9I,Streptococcus Pneumoniae Type 7f Capsular Polysaccharide Antigen,"material, not a medicine",GSRS substance class structurallyDiverse
K1:X1N78DL020,Ghatti,"material, not a medicine",GSRS substance class structurallyDiverse
K1:X1Q40X9I5L,Embelia Ribes Fruit,"material, not a medicine",GSRS substance class structurallyDiverse
K1:X1U1U0N90J,Malva Sylvestris Flowering Top,"material, not a medicine",GSRS substance class structurallyDiverse
K1:X2N6E405GV,Daphne Mezereum Bark,"material, not a medicine",GSRS substance class structurallyDiverse
K1:X2W7CLE97T,Canis Lupus Familiaris Skin,"material, not a medicine",GSRS substance class structurallyDiverse
K1:X3AJ4A1O73,Lathyrus Odoratus Flower,"material, not a medicine",GSRS substance class structurallyDiverse
K1:X3AOK514E6,Sus Scrofa Eye,"material, not a medicine",GSRS substance class structurallyDiverse
K1:X3EC86GF0Z,Prunus Dulcis Whole,"material, not a medicine",GSRS substance class structurallyDiverse
K1:X436TJ4A11,Hijiki,"material, not a medicine",GSRS substance class structurallyDiverse
K1:X43D4L3DQC,Iris Versicolor Root,"material, not a medicine",GSRS substance class structurallyDiverse
K1:X621621QQV,Salvia Pratensis Leaf,"material, not a medicine",GSRS substance class structurallyDiverse
K1:X67Z2963PI,Lilium Lancifolium Whole Flowering,"material, not a medicine",GSRS substance class structurallyDiverse
K1:X68TXR7V4Y,Umbilicus Rupestris,"material, not a medicine",GSRS substance class structurallyDiverse
K1:X6M0DRN46Q,Urtica Dioica Leaf,"material, not a medicine",GSRS substance class structurallyDiverse
K1:X72Z47861V,Paprika,"material, not a medicine",GSRS substance class structurallyDiverse
K1:X7B7P649WQ,Boswellia Serrata Whole,"material, not a medicine",GSRS substance class structurallyDiverse
K1:X7BCI5P86H,Pork Kidney,"material, not a medicine",GSRS substance class structurallyDiverse
K1:X7HKN4FOJI,Hyssop,"material, not a medicine",GSRS substance class structurallyDiverse
K1:X7QV550076,Cardiospermum Grandiflorum Whole,"material, not a medicine",GSRS substance class structurallyDiverse
K1:X7X01WMQ5F,Sandalwood Oil,"material, not a medicine",GSRS substance class structurallyDiverse
K1:X876KJM95L,Pork Heart,"material, not a medicine",GSRS substance class structurallyDiverse
K1:X88DF51T48,Aspergillus Fumigatus,"material, not a medicine",GSRS substance class structurallyDiverse
K1:X8H7HS7MRM,Selenicereus Grandiflorus Whole,"material, not a medicine",GSRS substance class structurallyDiverse
K1:X9V1Q8U150,Agkistrodon Piscivorus Venom,"material, not a medicine",GSRS substance class structurallyDiverse
K1:XA09475C3B,Malmea Depressa Bark,"material, not a medicine",GSRS substance class structurallyDiverse
K1:XA09528U2R,Oryctolagus Cuniculus Ovary,"material, not a medicine",GSRS substance class structurallyDiverse
K1:XA8YCV5M3E,Loeselia Mexicana Whole,"material, not a medicine",GSRS substance class structurallyDiverse
K1:XBP5X7E70R,Salix Alba Flowering Top,"material, not a medicine",GSRS substance class structurallyDiverse
K1:XC5UMP9I5F,Sassafras,"material, not a medicine",GSRS substance class structurallyDiverse
K1:XCD2B9880O,Euonymus Europaeus Seed,"material, not a medicine",GSRS substance class structurallyDiverse
K1:XD66YK3YY3#agdc,Allogeneic Thymocyte-Depleted Thymus Tissue-Agdc,"material, not a medicine",GSRS substance class structurallyDiverse
K1:XDD2WEC9L5,Acerola,"material, not a medicine",GSRS substance class structurallyDiverse
K1:XE54U569EC,Cinnamon Bark Oil,"material, not a medicine",GSRS substance class structurallyDiverse
K1:XE5K5I4RP7,Goat Milk,"material, not a medicine",GSRS substance class structurallyDiverse
K1:XH0F4IP2RX,Mycobacterium Avium Subsp. Paratuberculosis,"material, not a medicine",GSRS substance class structurallyDiverse
K1:XH37TWY5O4,Fu Ling,"material, not a medicine",GSRS substance class structurallyDiverse
K1:XHE4MDR8C6,Dalnacogene ponparvovec,"material, not a medicine",GSRS substance class structurallyDiverse
K1:XII270YC6M,Human Hepatitis B Virus Immune Globulin,"material, not a medicine",GSRS substance class structurallyDiverse
K1:XJ6RUH0O4G,Turpentine,"material, not a medicine",GSRS substance class structurallyDiverse
K1:XJI597GH9P,Cavia Porcellus Whole,"material, not a medicine",GSRS substance class structurallyDiverse
K1:XJJ7QA858R,Latrodectus Mactans,"material, not a medicine",GSRS substance class structurallyDiverse
K1:XK4IUX8MNB,Hypericum Perforatum,"material, not a medicine",GSRS substance class structurallyDiverse
K1:XK87D9J012,Streptococcus Pneumoniae Type 18c Capsular Polysaccharide Diphtheria Crm197 Protein Conjugate Antigen,"material, not a medicine",GSRS substance class structurallyDiverse
K1:XKC1657P78,Star Anise,"material, not a medicine",GSRS substance class structurallyDiverse
K1:XKR79OET1K,Brazil Nut,"material, not a medicine",GSRS substance class structurallyDiverse
K1:XL4HLC6JH6,Hepatitis B Virus Subtype Adw Hbsag Surface Protein Antigen,"material, not a medicine",GSRS substance class structurallyDiverse
K1:XMQ0V9812O,Ipomoea Purpurea Top,"material, not a medicine",GSRS substance class structurallyDiverse
K1:XO25H8E4QP,Taniraleucel,"material, not a medicine",GSRS substance class structurallyDiverse
K1:XQ14H1462M,Stemphylium Sarciniforme,"material, not a medicine",GSRS substance class structurallyDiverse
K1:XR6BC2ZUAM,Quercus Alba Wood,"material, not a medicine",GSRS substance class structurallyDiverse
K1:XTC0D02P6C,Ambergris,"material, not a medicine",GSRS substance class structurallyDiverse
K1:XUA5T4H9TM,Osencabtagene autoleucel,"material, not a medicine",GSRS substance class structurallyDiverse
K1:XV11P9Y1A1,Ranunculus Bulbosus Root,"material, not a medicine",GSRS substance class structurallyDiverse
K1:XVE14FEG0K,Prunus Cerasifera Whole,"material, not a medicine",GSRS substance class structurallyDiverse
K1:XX923BN5NY,Engabexagene cincesparvovec,"material, not a medicine",GSRS substance class structurallyDiverse
K1:XX99G4RUQ7,Vispacabtagene regedleucel,"material, not a medicine",GSRS substance class structurallyDiverse
K1:XY1K7KIQ0F,Acorus Calamus Root,"material, not a medicine",GSRS substance class structurallyDiverse
K1:XZC6H8R666,Cytisus Scoparius Flowering Top,"material, not a medicine",GSRS substance class structurallyDiverse
K1:Y04287JMZN,Bacopa Monniera Leaf,"material, not a medicine",GSRS substance class structurallyDiverse
K1:Y05EGY83Y4,Populus Alba Whole,"material, not a medicine",GSRS substance class structurallyDiverse
K1:Y05PC4JZRH,Dill,"material, not a medicine",GSRS substance class structurallyDiverse
K1:Y0F0BU8RDU,Semecarpus Anacardium,"material, not a medicine",GSRS substance class structurallyDiverse
K1:Y1I7Z6FF4R,Wolfiporia Cocos Whole,"material, not a medicine",GSRS substance class structurallyDiverse
K1:Y1MLS7E68X,Papaver Rhoeas Flower,"material, not a medicine",GSRS substance class structurallyDiverse
K1:Y1YXJ1M6Z5,Oenothera Biennis Flower,"material, not a medicine",GSRS substance class structurallyDiverse
K1:Y2QS5VZ0N4,Saigon Cinnamon,"material, not a medicine",GSRS substance class structurallyDiverse
K1:Y2U5S5PF22,Iva Annua Pollen,"material, not a medicine",GSRS substance class structurallyDiverse
K1:Y3FRX92Z0E,Ligustrum Vulgare Pollen,"material, not a medicine",GSRS substance class structurallyDiverse
K1:Y3T98X3AL6,Sorghum Bicolor Whole,"material, not a medicine",GSRS substance class structurallyDiverse
K1:Y3V16D4PV4,Salmonella Enterica Enterica Serovar Enteritidis,"material, not a medicine",GSRS substance class structurallyDiverse
K1:Y3VW699H96,Toxicodendron Vernix Leafy Twig,"material, not a medicine",GSRS substance class structurallyDiverse
K1:Y45L13XZ2U,Prunella Vulgaris,"material, not a medicine",GSRS substance class structurallyDiverse
K1:Y465D8AABT,Rhus Typhina Whole,"material, not a medicine",GSRS substance class structurallyDiverse
K1:Y47XZ2EW2J,vanglusagene ensiparvovec,"material, not a medicine",GSRS substance class structurallyDiverse
K1:Y538U8K055,Black Walnut Husk,"material, not a medicine",GSRS substance class structurallyDiverse
K1:Y5432RGW8N,Macadamia Nut,"material, not a medicine",GSRS substance class structurallyDiverse
K1:Y5JS7YM46F,Corydalis,"material, not a medicine",GSRS substance class structurallyDiverse
K1:Y5M0NZV54F,Rhodiola Kirilowii Root,"material, not a medicine",GSRS substance class structurallyDiverse
K1:Y62M9GTW4A,Asclepias Tuberosa Flowering Top,"material, not a medicine",GSRS substance class structurallyDiverse
K1:Y69HPD48AI,Rattus Norvegicus Skin,"material, not a medicine",GSRS substance class structurallyDiverse
K1:Y70X1GJT61,NINSIPAPOGENE SIBARNAREPVEC,"material, not a medicine",GSRS substance class structurallyDiverse
K1:Y793W5V55N,Pseudomonas Aeruginosa,"material, not a medicine",GSRS substance class structurallyDiverse
K1:Y7ARS22SWQ,Tidagixagene derxeparvovec,"material, not a medicine",GSRS substance class structurallyDiverse
K1:Y8H8S1X8IB,Bos Taurus Solar Plexus,"material, not a medicine",GSRS substance class structurallyDiverse
K1:Y90472823X,Broad Bean,"material, not a medicine",GSRS substance class structurallyDiverse
K1:Y9H1V576FH,Honey,"material, not a medicine",GSRS substance class structurallyDiverse
K1:Y9O4JH3X21,Mycobacterium Abscessus,"material, not a medicine",GSRS substance class structurallyDiverse
K1:YA87U85J0D,Embelia Ribes Whole,"material, not a medicine",GSRS substance class structurallyDiverse
K1:YAA7TG74X6,Hippophae Rhamnoides Whole,"material, not a medicine",GSRS substance class structurallyDiverse
K1:YB12NQZ1YN,Ovine Digoxin Immune Fab,"material, not a medicine",GSRS substance class structurallyDiverse
K1:YB1308W43O,Atriplex Wrightii Pollen,"material, not a medicine",GSRS substance class structurallyDiverse
K1:YEA9P21S8N,Cicuta Virosa Root,"material, not a medicine",GSRS substance class structurallyDiverse
K1:YF0S03R447,Mumps Virus,"material, not a medicine",GSRS substance class structurallyDiverse
K1:YF70189L0N,Melissa Officinalis,"material, not a medicine",GSRS substance class structurallyDiverse
K1:YFH4WC535J,Pine Tar,"material, not a medicine",GSRS substance class structurallyDiverse
K1:YH89GMV676,Nasturtium Officinale,"material, not a medicine",GSRS substance class structurallyDiverse
K1:YHA2XLJ956,Crotalus Horridus Horridus Venom,"material, not a medicine",GSRS substance class structurallyDiverse
K1:YHZ719F7M3,Castanea Sativa Flower,"material, not a medicine",GSRS substance class structurallyDiverse
K1:YI19RB8YFD,Artemisia Tridentata Pollen,"material, not a medicine",GSRS substance class structurallyDiverse
K1:YIH315U1TU,Ustilago Avenae,"material, not a medicine",GSRS substance class structurallyDiverse
K1:YLX4CW2576,Emblica Officinalis Fruit,"material, not a medicine",GSRS substance class structurallyDiverse
K1:YMW1K70E4Q,Anthoxanthum Odoratum,"material, not a medicine",GSRS substance class structurallyDiverse
K1:YN3672Y65C,Asian Psyllium,"material, not a medicine",GSRS substance class structurallyDiverse
K1:YO2M043F0W,Ranunculus Ficaria,"material, not a medicine",GSRS substance class structurallyDiverse
K1:YPX537PA31,Chrysanthellum Indicum Whole,"material, not a medicine",GSRS substance class structurallyDiverse
K1:YQ2S06L8S9,Rubus Fruticosus Leaf,"material, not a medicine",GSRS substance class structurallyDiverse
K1:YQA9887BKP,Galgenprostucel-L,"material, not a medicine",GSRS substance class structurallyDiverse
K1:YQR8R0SQEA,Achillea Millefolium Flower,"material, not a medicine",GSRS substance class structurallyDiverse
K1:YR3G369F5A,Wheat Germ,"material, not a medicine",GSRS substance class structurallyDiverse
K1:YSI2ODS7R1,Cherry Plum,"material, not a medicine",GSRS substance class structurallyDiverse
K1:YSW8E5EV4Q,Beretemcel,"material, not a medicine",GSRS substance class structurallyDiverse
K1:YTJ3XRJ4ZN,Equecabtagene autoleucel,"material, not a medicine",GSRS substance class structurallyDiverse
K1:YY7C30VXJT,Cucumber,"material, not a medicine",GSRS substance class structurallyDiverse
K1:YZP73R8LDT,Opilrelagene atradenorepvec,"material, not a medicine",GSRS substance class structurallyDiverse
K1:Z092RFX1IW,Tilia Tomentosa Bud,"material, not a medicine",GSRS substance class structurallyDiverse
K1:Z0F2YK1B7H,Alnus Rubra Pollen,"material, not a medicine",GSRS substance class structurallyDiverse
K1:Z1EJP3037Z,Asparagus,"material, not a medicine",GSRS substance class structurallyDiverse
K1:Z1UW424Q9Z,Euphorbia Corollata Root,"material, not a medicine",GSRS substance class structurallyDiverse
K1:Z2H9Z91B2D,Tradescantia Occidentalis Whole,"material, not a medicine",GSRS substance class structurallyDiverse
K1:Z34X58O70B,Iris Tenax,"material, not a medicine",GSRS substance class structurallyDiverse
K1:Z38C7FBM49,Turnip,"material, not a medicine",GSRS substance class structurallyDiverse
K1:Z3GVO2327F,Brinase,"material, not a medicine",GSRS substance class structurallyDiverse
K1:Z3QBC3PY05,Saxifraga Stolonifera Whole,"material, not a medicine",GSRS substance class structurallyDiverse
K1:Z46FSZ2M25,Ribes Nigrum Leaf,"material, not a medicine",GSRS substance class structurallyDiverse
K1:Z49U891FNQ,Aesculus Hippocastanum Leaf,"material, not a medicine",GSRS substance class structurallyDiverse
K1:Z4B6561488,Galium Aparine,"material, not a medicine",GSRS substance class structurallyDiverse
K1:Z4KHF2C175,Tomato,"material, not a medicine",GSRS substance class structurallyDiverse
K1:Z4MD1809H1,Trichophyton Schoenleinii,"material, not a medicine",GSRS substance class structurallyDiverse
K1:Z4Y9ZSV4KK,Quercus Alba Pollen,"material, not a medicine",GSRS substance class structurallyDiverse
K1:Z54WN9192C,Carnegiea Gigantea Flower,"material, not a medicine",GSRS substance class structurallyDiverse
K1:Z57CL8M2AE,Esonadogene imvoparvovec,"material, not a medicine",GSRS substance class structurallyDiverse
K1:Z5BEX9K2G1,Juniperus Sabina Leafy Twig,"material, not a medicine",GSRS substance class structurallyDiverse
K1:Z5C927G4XF,Crocus Sativus Whole,"material, not a medicine",GSRS substance class structurallyDiverse
K1:Z5XCD5Q9RL,Etranacogene dezaparvovec,"material, not a medicine",GSRS substance class structurallyDiverse
K1:Z608183YD0,Cervus Elaphus Velvet,"material, not a medicine",GSRS substance class structurallyDiverse
K1:Z64FK7P217,Feverfew,"material, not a medicine",GSRS substance class structurallyDiverse
K1:Z6J799EAJK,Oat,"material, not a medicine",GSRS substance class structurallyDiverse
K1:Z70W98921V,Citrullus Colocynthis Whole,"material, not a medicine",GSRS substance class structurallyDiverse
K1:Z7G226H5SA,Sphagnum Squarrosum Peat,"material, not a medicine",GSRS substance class structurallyDiverse
K1:Z7RM5NBH36,Bos Taurus Pineal Gland,"material, not a medicine",GSRS substance class structurallyDiverse
K1:Z91WAU43WC,Oryctolagus Cuniculus Skin,"material, not a medicine",GSRS substance class structurallyDiverse
K1:Z99645439C,Artemisia Anomala,"material, not a medicine",GSRS substance class structurallyDiverse
K1:Z99L7429MA,Cubeb,"material, not a medicine",GSRS substance class structurallyDiverse
K1:Z9HK08690W,Streptococcus Pneumoniae Type 6a Capsular Polysaccharide Diphtheria Crm197 Protein Conjugate Antigen,"material, not a medicine",GSRS substance class structurallyDiverse
K1:Z9V57ME7RD,Umbellularia Californica Whole,"material, not a medicine",GSRS substance class structurallyDiverse
K1:ZBP1YXW0H8,Lavender Oil,"material, not a medicine",GSRS substance class structurallyDiverse
K1:ZCD6009IUF,Polygonum Aviculare Top,"material, not a medicine",GSRS substance class structurallyDiverse
K1:ZDN2AC0L08,Felis Catus Dander,"material, not a medicine",GSRS substance class structurallyDiverse
K1:ZEI09763J3,Pseudotsuga Menziesii Pollen,"material, not a medicine",GSRS substance class structurallyDiverse
K1:ZF94AP8MEY,Hydrogenated Castor Oil,"material, not a medicine",GSRS substance class structurallyDiverse
K1:ZGS382Y3AV,Corylus Americana Pollen,"material, not a medicine",GSRS substance class structurallyDiverse
K1:ZHL562L3PR,Solidago Canadensis Flowering Top,"material, not a medicine",GSRS substance class structurallyDiverse
K1:ZIF514RVZR,Albumin,"material, not a medicine",GSRS substance class structurallyDiverse
K1:ZIO18VN6HJ,Ambrosia Dumosa Pollen,"material, not a medicine",GSRS substance class structurallyDiverse
K1:ZK2B063E7Q,Gastrodia Elata Whole,"material, not a medicine",GSRS substance class structurallyDiverse
K1:ZKH2SOY1AR,Gentianella Amarella Flower,"material, not a medicine",GSRS substance class structurallyDiverse
K1:ZL25KMM82T,Centaurium Erythraea Flowering Top,"material, not a medicine",GSRS substance class structurallyDiverse
K1:ZL5TV40C5Y,Betula Pendula Pollen,"material, not a medicine",GSRS substance class structurallyDiverse
K1:ZM7OCV7H6H,Deramiocel,"material, not a medicine",GSRS substance class structurallyDiverse
K1:ZMG9G56THB,bomtabegagene bavoparvovec,"material, not a medicine",GSRS substance class structurallyDiverse
K1:ZPS7Q5U53K,"Juglans Regia Fruit Rind, Immature","material, not a medicine",GSRS substance class structurallyDiverse
K1:ZQH6VH092Z,Eleuthero,"material, not a medicine",GSRS substance class structurallyDiverse
K1:ZS98O42YBB,Lactobacillus Kefiranofaciens,"material, not a medicine",GSRS substance class structurallyDiverse
K1:ZT89E5A103,Neisseria Meningitidis Group C Capsular Polysaccharide Tetanus Toxoid Conjugate Antigen,"material, not a medicine",GSRS substance class structurallyDiverse
K1:ZTR043UHDE,Quercus Marilandica Pollen,"material, not a medicine",GSRS substance class structurallyDiverse
K1:ZU9WPR8MU2,Biancaea Decapetala Root Bark,"material, not a medicine",GSRS substance class structurallyDiverse
K1:ZV095H5633,Muskmelon,"material, not a medicine",GSRS substance class structurallyDiverse
K1:ZW12V95I1Q,Butcher's Broom,"material, not a medicine",GSRS substance class structurallyDiverse
K1:ZW3Z11D0JV,Goldenseal,"material, not a medicine",GSRS substance class structurallyDiverse
K1:ZX5Z2LW23O,Eleutherococcus Senticosus Whole,"material, not a medicine",GSRS substance class structurallyDiverse
K1:ZXE7LB03WC,Arundo Pliniana Root,"material, not a medicine",GSRS substance class structurallyDiverse
K1:ZY0NX0W00D,Aristolochia Clematitis Root,"material, not a medicine",GSRS substance class structurallyDiverse
K1:ZY81Z83H0X,Aloe Barbadensis Leaf,"material, not a medicine",GSRS substance class structurallyDiverse
K1:ZZ4AG7L7VM,Naja Naja Venom,"material, not a medicine",GSRS substance class structurallyDiverse
K2:LRBQNJMCXXYXIU-PPKXGCFTSA-N,K2:LRBQNJMCXXYXIU-PPKXGCFTSA-N,"material, not a medicine",GSRS substance class structurallyDiverse
K2:ZZWQHNRGJQENEP-KXQOOQHDSA-N,K2:ZZWQHNRGJQENEP-KXQOOQHDSA-N,"material, not a medicine",GSRS substance class structurallyDiverse
