form,reason,interaction_pages
corticosteroids,ambiguous: 6 pages carry this name and they are not forms of one substance,472
immunosuppressants,"names a class or a group, not this page's substance (no variant of 'azathioprine' and no UNII name for it)",178
tricyclic antidepressants,ambiguous: 2 pages carry this name and they are not forms of one substance,169
beta blockers,ambiguous: 4 pages carry this name and they are not forms of one substance,149
ace inhibitors,"names a class or a group, not this page's substance (no variant of 'ramipril' and no UNII name for it)",143
steroids,ambiguous: 5 pages carry this name and they are not forms of one substance,130
benzodiazepines,ambiguous: 4 pages carry this name and they are not forms of one substance,124
ssris,ambiguous: 6 pages carry this name and they are not forms of one substance,112
systemic corticosteroids,ambiguous: 2 pages carry this name and they are not forms of one substance,111
protease inhibitors,"the page carries no UNII and no InChIKey, so the name cannot be resolved to a substance",110
selective serotonin reuptake inhibitors,ambiguous: 4 pages carry this name and they are not forms of one substance,103
nonsteroidal anti inflammatory drugs,"names a class or a group, not this page's substance (no variant of 'naproxen' and no UNII name for it)",100
calcium channel blockers,"names a class or a group, not this page's substance (no variant of 'amlodipine' and no UNII name for it)",90
salicylates,"names a class or a group, not this page's substance (no variant of 'salsalate' and no UNII name for it)",87
non steroidal anti inflammatory drugs,"names a class or a group, not this page's substance (no variant of 'naproxen' and no UNII name for it)",84
snris,"names a class or a group, not this page's substance (no variant of 'duloxetine' and no UNII name for it)",72
angiotensin receptor blockers,"names a class or a group, not this page's substance (no variant of 'losartan' and no UNII name for it)",71
oral anticoagulants,"names a class or a group, not this page's substance (no variant of 'acenocoumarol' and no UNII name for it)",70
proton pump inhibitors,ambiguous: 4 pages carry this name and they are not forms of one substance,70
hmg coa reductase inhibitors,"names a class or a group, not this page's substance (no variant of 'atorvastatin' and no UNII name for it)",64
macrolide antibiotics,"names a class or a group, not this page's substance (no variant of 'azithromycin anhydrous' and no UNII name for it)",56
loop diuretics,ambiguous: 2 pages carry this name and they are not forms of one substance,44
sulfonylureas,"names a class or a group, not this page's substance (no variant of 'glibenclamide' and no UNII name for it)",44
systemic steroids,"names a class or a group, not this page's substance (no variant of 'prednisone' and no UNII name for it)",37
fluoroquinolones,"names a class or a group, not this page's substance (no variant of 'ciprofloxacin' and no UNII name for it)",32
magnesium as,ambiguous: 6 pages carry this name and they are not forms of one substance,31
somatostatin analogs,"names a class or a group, not this page's substance (no variant of 'octreotide' and no UNII name for it)",29
thiazolidinediones,ambiguous: 2 pages carry this name and they are not forms of one substance,28
gabapentinoids,"names a class or a group, not this page's substance (no variant of 'pregabalin' and no UNII name for it)",21
pde5 inhibitors,ambiguous: 2 pages carry this name and they are not forms of one substance,21
vitamin k antagonists,ambiguous: 2 pages carry this name and they are not forms of one substance,18
glp 1 receptor agonists,ambiguous: 2 pages carry this name and they are not forms of one substance,16
antiplatelet drugs,"names a class or a group, not this page's substance (no variant of 'clopidogrel' and no UNII name for it)",15
doacs,ambiguous: 2 pages carry this name and they are not forms of one substance,14
fish oils,ambiguous: 2 pages carry this name and they are not forms of one substance,14
immunoglobulins,"names a class or a group, not this page's substance (no variant of 'human immunoglobulin g' and no UNII name for it)",13
retinoids,"names a class or a group, not this page's substance (no variant of 'tretinoin' and no UNII name for it)",13
sglt2 inhibitors,ambiguous: 3 pages carry this name and they are not forms of one substance,13
calcineurin inhibitors,ambiguous: 2 pages carry this name and they are not forms of one substance,12
intravenous immunoglobulins,"names a class or a group, not this page's substance (no variant of 'human immunoglobulin g' and no UNII name for it)",12
jak inhibitors,"names a class or a group, not this page's substance (no variant of 'oclacitinib' and no UNII name for it)",12
cholinesterase inhibitors,ambiguous: 3 pages carry this name and they are not forms of one substance,11
esters,"the page carries no UNII and no InChIKey, so the name cannot be resolved to a substance",11
direct oral anticoagulants,ambiguous: 3 pages carry this name and they are not forms of one substance,10
globulins,"the page carries no UNII and no InChIKey, so the name cannot be resolved to a substance",10
mtor inhibitors,ambiguous: 2 pages carry this name and they are not forms of one substance,10
oral steroids,"names a class or a group, not this page's substance (no variant of 'methylprednisolone' and no UNII name for it)",10
pancreas,"the page carries no UNII and no InChIKey, so the name cannot be resolved to a substance",10
calcium as,ambiguous: 5 pages carry this name and they are not forms of one substance,9
cannabinoids,"names a class or a group, not this page's substance (no variant of 'nabiximols' and no UNII name for it)",9
vasopressors,"names a class or a group, not this page's substance (no variant of 'norepinephrine' and no UNII name for it)",9
alymsys,"names a class or a group, not this page's substance (no variant of 'bevacizumab' and no UNII name for it)",8
anti cd20 antibodies,"names a class or a group, not this page's substance (no variant of 'rituximab' and no UNII name for it)",8
calcium supplements,"names a class or a group, not this page's substance (no variant of 'calcium unii sy7q814vup' and no UNII name for it)",8
sglt 2 inhibitors,ambiguous: 2 pages carry this name and they are not forms of one substance,8
eye drops,ambiguous: 2 pages carry this name and they are not forms of one substance,7
pancreatic enzymes,"names a class or a group, not this page's substance (no variant of 'pancreatin' and no UNII name for it)",7
blood vessels,"the page carries no UNII and no InChIKey, so the name cannot be resolved to a substance",6
tyrosine kinase inhibitors,"names a class or a group, not this page's substance (no variant of 'dasatinib anhydrous' and no UNII name for it)",6
artificial tears,"names a class or a group, not this page's substance (no variant of 'carboxymethylcellulose sodium 0 7 carboxymethyl substitution per saccharide 600 mpa s at 2' and no UNII name for it)",5
metformin hydrochloride extended release tablets,"names a class or a group, not this page's substance (no variant of 'metformin c4h11n5' and no UNII name for it)",5
thienopyridines,"names a class or a group, not this page's substance (no variant of 'prasugrel' and no UNII name for it)",5
amphetamine sulfate tablets,"names a class or a group, not this page's substance (no variant of 'dexamfetamine' and no UNII name for it)",4
fatty acids,"the page carries no UNII and no InChIKey, so the name cannot be resolved to a substance",4
pd 1 pd l1 inhibitors,"names a class or a group, not this page's substance (no variant of 'nivolumab' and no UNII name for it)",4
testes,"the page carries no UNII and no InChIKey, so the name cannot be resolved to a substance",4
veratrum alkaloids,"names a class or a group, not this page's substance (no variant of 'veratrum viride root' and no UNII name for it)",4
antithyroid drugs,"names a class or a group, not this page's substance (no variant of 'thiamazole' and no UNII name for it)",3
dpp4 inhibitors,ambiguous: 2 pages carry this name and they are not forms of one substance,3
gonadotropins,"names a class or a group, not this page's substance (no variant of 'follitropin' and no UNII name for it)",3
pegasys,ambiguous: 3 pages carry this name and they are not forms of one substance,3
progestin only pills,"names a class or a group, not this page's substance (no variant of 'progesterone' and no UNII name for it)",3
adenovirus,"names a class or a group, not this page's substance (no variant of 'tasadenoturev' and no UNII name for it)",2
aldosterone antagonists,"names a class or a group, not this page's substance (no variant of 'spironolactone' and no UNII name for it)",2
alpha interferons,"names a class or a group, not this page's substance (no variant of 'interferon alfa n3' and no UNII name for it)",2
aromatase inhibitors,ambiguous: 3 pages carry this name and they are not forms of one substance,2
biguanides,"names a class or a group, not this page's substance (no variant of 'metformin c4h11n5' and no UNII name for it)",2
carbidopa tablets,"names a class or a group, not this page's substance (no variant of 'carbidopa anhydrous' and no UNII name for it)",2
cdk 4 6 inhibitors,"names a class or a group, not this page's substance (no variant of 'ribociclib' and no UNII name for it)",2
estradiol norethindrone acetate tablets,"names a class or a group, not this page's substance (no variant of 'norethindrone acetate c22h28o3' and no UNII name for it)",2
immune checkpoint inhibitors,ambiguous: 2 pages carry this name and they are not forms of one substance,2
lubricant eye drops,"names a class or a group, not this page's substance (no variant of 'hypromellose' and no UNII name for it)",2
mineralocorticoid receptor antagonists,ambiguous: 2 pages carry this name and they are not forms of one substance,2
p2y12 inhibitors,"names a class or a group, not this page's substance (no variant of 'clopidogrel' and no UNII name for it)",2
phosphodiesterase type 5 inhibitors,"names a class or a group, not this page's substance (no variant of 'sildenafil' and no UNII name for it)",2
potassium phosphates,"the page carries no UNII and no InChIKey, so the name cannot be resolved to a substance",2
somatostatin analogues,"names a class or a group, not this page's substance (no variant of 'lanreotide' and no UNII name for it)",2
volatile anesthetics,"names a class or a group, not this page's substance (no variant of 'sevoflurane' and no UNII name for it)",2
abiraterone acetate tablets,"names a class or a group, not this page's substance (no variant of 'abiraterone acetate c26h33no2' and no UNII name for it)",1
aceis,"names a class or a group, not this page's substance (no variant of 'captopril' and no UNII name for it)",1
acetylcholinesterase inhibitors,"names a class or a group, not this page's substance (no variant of 'donepezil' and no UNII name for it)",1
adrenals,"the page carries no UNII and no InChIKey, so the name cannot be resolved to a substance",1
advair diskus,ambiguous: 2 pages carry this name and they are not forms of one substance,1
alendronate sodium tablets,"names a class or a group, not this page's substance (no variant of 'alendronic acid' and no UNII name for it)",1
azithromycin tablets,"names a class or a group, not this page's substance (no variant of 'azithromycin anhydrous' and no UNII name for it)",1
camzyos,"names a class or a group, not this page's substance (no variant of 'mavacamten' and no UNII name for it)",1
entecavir tablets,"names a class or a group, not this page's substance (no variant of 'entecavir anhydrous' and no UNII name for it)",1
envarsus,"names a class or a group, not this page's substance (no variant of 'tacrolimus anhydrous' and no UNII name for it)",1
extended release tacrolimus,"names a class or a group, not this page's substance (no variant of 'tacrolimus anhydrous' and no UNII name for it)",1
flovent diskus,"names a class or a group, not this page's substance (no variant of 'fluticasone propionate progesterone receptor' and no UNII name for it)",1
gliadel wafers,"names a class or a group, not this page's substance (no variant of 'carmustine' and no UNII name for it)",1
immediate release tacrolimus,"names a class or a group, not this page's substance (no variant of 'tacrolimus anhydrous' and no UNII name for it)",1
lhrh agonists,"names a class or a group, not this page's substance (no variant of 'goserelin' and no UNII name for it)",1
lumakras,"names a class or a group, not this page's substance (no variant of 'sotorasib' and no UNII name for it)",1
ongentys,"names a class or a group, not this page's substance (no variant of 'opicapone' and no UNII name for it)",1
oral vitamin k antagonists,"names a class or a group, not this page's substance (no variant of 'warfarin' and no UNII name for it)",1
phospholipids,"names a class or a group, not this page's substance (no variant of 'omega 3 fatty acids' and no UNII name for it)",1
potassium as,ambiguous: 3 pages carry this name and they are not forms of one substance,1
prograf capsules,"names a class or a group, not this page's substance (no variant of 'tacrolimus anhydrous' and no UNII name for it)",1
serms,"names a class or a group, not this page's substance (no variant of 'tamoxifen' and no UNII name for it)",1
skyclarys,"names a class or a group, not this page's substance (no variant of 'omaveloxolone' and no UNII name for it)",1
standard dose tacrolimus,"names a class or a group, not this page's substance (no variant of 'tacrolimus anhydrous' and no UNII name for it)",1
study drugs,ambiguous: 2 pages carry this name and they are not forms of one substance,1
tavneos,"names a class or a group, not this page's substance (no variant of 'avacopan' and no UNII name for it)",1
taxanes,"names a class or a group, not this page's substance (no variant of 'docetaxel anhydrous' and no UNII name for it)",1
1 6 gps,"names a class or a group, not this page's substance (no variant of 'isomalt' and no UNII name for it)",0
3 fatty acids,"names a class or a group, not this page's substance (no variant of 'omega 3 fatty acids' and no UNII name for it)",0
3bnc117 ls,"names a class or a group, not this page's substance (no variant of 'teropavimab' and no UNII name for it)",0
4 hydroxycoumarins,"names a class or a group, not this page's substance (no variant of '4 hydroxycoumarin' and no UNII name for it)",0
5 aminosalicylates,"names a class or a group, not this page's substance (no variant of 'mesalazine' and no UNII name for it)",0
5 fu bolus,"names a class or a group, not this page's substance (no variant of 'fluorouracil' and no UNII name for it)",0
5 mg 500 mg metaglip tablets,"names a class or a group, not this page's substance (no variant of 'glipizide' and no UNII name for it)",0
50000000 pa s,"the page carries no UNII and no InChIKey, so the name cannot be resolved to a substance",0
5fu bolus,"names a class or a group, not this page's substance (no variant of 'fluorouracil' and no UNII name for it)",0
80 mg atorvastatin calcium tablets,"names a class or a group, not this page's substance (no variant of 'atorvastatin' and no UNII name for it)",0
80 mg lipitor tablets,"names a class or a group, not this page's substance (no variant of 'atorvastatin' and no UNII name for it)",0
abacaviri sulfas,"names a class or a group, not this page's substance (no variant of 'abacavir' and no UNII name for it)",0
abbott 45975 anhydrous,"names a class or a group, not this page's substance (no variant of 'terazosin' and no UNII name for it)",0
abrus,"the page carries no UNII and no InChIKey, so the name cannot be resolved to a substance",0
absk 021 0 free base anhydrous,"names a class or a group, not this page's substance (no variant of 'pimicotinib' and no UNII name for it)",0
absk 021 free base anhydrous,"names a class or a group, not this page's substance (no variant of 'pimicotinib' and no UNII name for it)",0
absk021 free base anhydrous,"names a class or a group, not this page's substance (no variant of 'pimicotinib' and no UNII name for it)",0
acalas,"names a class or a group, not this page's substance (no variant of 'pranidipine' and no UNII name for it)",0
acarbose usp rs,ambiguous: 2 pages carry this name and they are not forms of one substance,0
accupril 40 mg tablets,"names a class or a group, not this page's substance (no variant of 'quinapril' and no UNII name for it)",0
achyranthes,"the page carries no UNII and no InChIKey, so the name cannot be resolved to a substance",0
acid concentrate for hemodialysis,"names a class or a group, not this page's substance (no variant of 'potassium chlorate' and no UNII name for it)",0
acidum amidotrizoicum anhydrous,"names a class or a group, not this page's substance (no variant of 'diatrizoic acid' and no UNII name for it)",0
aconitum napellus,ambiguous: 2 pages carry this name and they are not forms of one substance,0
actimis,"names a class or a group, not this page's substance (no variant of 'bi 671800' and no UNII name for it)",0
active ingredient in hot chili peppers,"names a class or a group, not this page's substance (no variant of 'capsaicin' and no UNII name for it)",0
actos tablets,"names a class or a group, not this page's substance (no variant of 'pioglitazone' and no UNII name for it)",0
adrenal cortex drops,"names a class or a group, not this page's substance (no variant of 'sus scrofa adrenal gland' and no UNII name for it)",0
adrenal medulla drops,"names a class or a group, not this page's substance (no variant of 'sus scrofa adrenal gland' and no UNII name for it)",0
adrenocorticotrophin hpus,ambiguous: 2 pages carry this name and they are not forms of one substance,0
adriablastina cs,"names a class or a group, not this page's substance (no variant of 'doxorubicin' and no UNII name for it)",0
advil cold and sinus caplets,"names a class or a group, not this page's substance (no variant of 'pseudoephedrine' and no UNII name for it)",0
aesculus hippocastanum 6x hpus,"names a class or a group, not this page's substance (no variant of 'horse chestnut' and no UNII name for it)",0
agaricus,"the page carries no UNII and no InChIKey, so the name cannot be resolved to a substance",0
agnps,"names a class or a group, not this page's substance (no variant of 'silver cation' and no UNII name for it)",0
agnusides,"the page carries no UNII and no InChIKey, so the name cannot be resolved to a substance",0
ahr 2277 as,"names a class or a group, not this page's substance (no variant of 'lenperone' and no UNII name for it)",0
alcohol benzylicus,"names a class or a group, not this page's substance (no variant of 'benzyl alcohol' and no UNII name for it)",0
alcohol cetylicus,"names a class or a group, not this page's substance (no variant of 'cetyl alcohol' and no UNII name for it)",0
alcohol cetylstearylicus,"names a class or a group, not this page's substance (no variant of 'stearyl alcohol' and no UNII name for it)",0
aldos,"names a class or a group, not this page's substance (no variant of 'fidarestat' and no UNII name for it)",0
aleve cold and sinus,"names a class or a group, not this page's substance (no variant of 'naproxen' and no UNII name for it)",0
algas calcareas,"the page carries no UNII and no InChIKey, so the name cannot be resolved to a substance",0
alkylglycerols,"the page carries no UNII and no InChIKey, so the name cannot be resolved to a substance",0
allegra 180 mg tablets,"names a class or a group, not this page's substance (no variant of 'fexofenadine' and no UNII name for it)",0
almasilate anhydrous,"names a class or a group, not this page's substance (no variant of 'magnesium aluminum silicate' and no UNII name for it)",0
alpha acids,"the page carries no UNII and no InChIKey, so the name cannot be resolved to a substance",0
alpha glycans,"the page carries no UNII and no InChIKey, so the name cannot be resolved to a substance",0
alpha tocopherols,ambiguous: 2 pages carry this name and they are not forms of one substance,0
alpress,"names a class or a group, not this page's substance (no variant of 'prazosin' and no UNII name for it)",0
altris,"names a class or a group, not this page's substance (no variant of 'dihydroxyaluminum gluconate' and no UNII name for it)",0
aluminii magnesii silicas,"names a class or a group, not this page's substance (no variant of 'magnesium aluminum silicate' and no UNII name for it)",0
aluminii sulfas,"names a class or a group, not this page's substance (no variant of 'aluminum sulfate anhydrous al2o12s3' and no UNII name for it)",0
aluminii sulfas anhydrous,"names a class or a group, not this page's substance (no variant of 'aluminum sulfate anhydrous al2o12s3' and no UNII name for it)",0
aluminium sulfate anhydrous,ambiguous: 2 pages carry this name and they are not forms of one substance,0
aluminum sulfate anhydrous,ambiguous: 2 pages carry this name and they are not forms of one substance,0
aluminum sulphate anhydrous,ambiguous: 2 pages carry this name and they are not forms of one substance,0
aluminum zirconium octachlorohydrex gly anhydrous,"names a class or a group, not this page's substance (no variant of 'aluminum zirconium octachlorohydrate' and no UNII name for it)",0
ambien tablets,"names a class or a group, not this page's substance (no variant of 'zolpidem' and no UNII name for it)",0
amicos,"names a class or a group, not this page's substance (no variant of 'clebopride' and no UNII name for it)",0
amidotrizoic acid anhydrous,"names a class or a group, not this page's substance (no variant of 'diatrizoic acid' and no UNII name for it)",0
amikacini sulfas,"names a class or a group, not this page's substance (no variant of 'amikacin' and no UNII name for it)",0
amlodipine maleate s,"names a class or a group, not this page's substance (no variant of 'levamlodipine' and no UNII name for it)",0
ampelopsis,"the page carries no UNII and no InChIKey, so the name cannot be resolved to a substance",0
amph eros,"names a class or a group, not this page's substance (no variant of 'amfetamine' and no UNII name for it)",0
amphetamine sulfate component of mydayis,"names a class or a group, not this page's substance (no variant of 'amfetamine' and no UNII name for it)",0
anas barbariae hepatis et cordis,"names a class or a group, not this page's substance (no variant of 'cairina moschata heart liver autolysate' and no UNII name for it)",0
andrographis,"the page carries no UNII and no InChIKey, so the name cannot be resolved to a substance",0
angelica sinensis,"names a class or a group, not this page's substance (no variant of 'withanolide d' and no UNII name for it)",0
angelica sinensis oliv diels,"names a class or a group, not this page's substance (no variant of 'withanolide d' and no UNII name for it)",0
anhydrous,ambiguous: 14 pages carry this name and they are not forms of one substance,0
anisi fructus,ambiguous: 2 pages carry this name and they are not forms of one substance,0
anlotinib hydrochloride capsules,"names a class or a group, not this page's substance (no variant of 'catequentinib' and no UNII name for it)",0
anthocyanidins,"names a class or a group, not this page's substance (no variant of 'flavylium' and no UNII name for it)",0
anthocyanins,"names a class or a group, not this page's substance (no variant of 'flavylium' and no UNII name for it)",0
anthocyanosides,"the page carries no UNII and no InChIKey, so the name cannot be resolved to a substance",0
anti cd20 monoclonal antibodies,"names a class or a group, not this page's substance (no variant of 'rituximab' and no UNII name for it)",0
anti d immunoglobulins,"names a class or a group, not this page's substance (no variant of 'human rho d immune globulin' and no UNII name for it)",0
anti melanoma mab fragments,"the page carries no UNII and no InChIKey, so the name cannot be resolved to a substance",0
anti pd 1 antibodies,ambiguous: 2 pages carry this name and they are not forms of one substance,0
anti pd 1 monoclonal antibodies,"names a class or a group, not this page's substance (no variant of 'nivolumab' and no UNII name for it)",0
anti pd 1 pd l1 antibodies,"names a class or a group, not this page's substance (no variant of 'pembrolizumab' and no UNII name for it)",0
anti vegf injections,"names a class or a group, not this page's substance (no variant of 'aflibercept' and no UNII name for it)",0
antibiotic eye drops,"names a class or a group, not this page's substance (no variant of 'gatifloxacin anhydrous' and no UNII name for it)",0
antineoplastons,"names a class or a group, not this page's substance (no variant of 'antineoplaston a10' and no UNII name for it)",0
antivenin latrodectus mactans,"names a class or a group, not this page's substance (no variant of 'scorpion centruroides immune fab2 antivenin equine' and no UNII name for it)",0
aorta drops,"names a class or a group, not this page's substance (no variant of 'beef heart' and no UNII name for it)",0
apatinib mesylate tablets,"names a class or a group, not this page's substance (no variant of 'rivoceranib' and no UNII name for it)",0
apilimod bis,"names a class or a group, not this page's substance (no variant of 'apilimod c18h18n2o4s' and no UNII name for it)",0
appendix drops,"names a class or a group, not this page's substance (no variant of 'sus scrofa colon' and no UNII name for it)",0
aq as,ambiguous: 2 pages carry this name and they are not forms of one substance,0
arabinogalactans,"the page carries no UNII and no InChIKey, so the name cannot be resolved to a substance",0
arava 20 mg tablets,"names a class or a group, not this page's substance (no variant of 'leflunomide' and no UNII name for it)",0
argenti nitras,"names a class or a group, not this page's substance (no variant of 'silver nitrate agno3' and no UNII name for it)",0
aricept orally disintegrating tablets,"names a class or a group, not this page's substance (no variant of 'donepezil' and no UNII name for it)",0
arisaema erubescens,"the page carries no UNII and no InChIKey, so the name cannot be resolved to a substance",0
arseneous,ambiguous: 2 pages carry this name and they are not forms of one substance,0
arsenicum album hpus,ambiguous: 2 pages carry this name and they are not forms of one substance,0
arsenous,ambiguous: 2 pages carry this name and they are not forms of one substance,0
artes,"names a class or a group, not this page's substance (no variant of 'melinamide' and no UNII name for it)",0
arthrobacter citreus,"the page carries no UNII and no InChIKey, so the name cannot be resolved to a substance",0
arthrobacter globiformis,"the page carries no UNII and no InChIKey, so the name cannot be resolved to a substance",0
arthrobacter luteus,"the page carries no UNII and no InChIKey, so the name cannot be resolved to a substance",0
arveles,"names a class or a group, not this page's substance (no variant of 'dexketoprofen' and no UNII name for it)",0
asparagus adscendens,"the page carries no UNII and no InChIKey, so the name cannot be resolved to a substance",0
asparagus racemosus,"the page carries no UNII and no InChIKey, so the name cannot be resolved to a substance",0
aspartic acid usp rs,ambiguous: 5 pages carry this name and they are not forms of one substance,0
aster tataricus,"the page carries no UNII and no InChIKey, so the name cannot be resolved to a substance",0
astragalus,"the page carries no UNII and no InChIKey, so the name cannot be resolved to a substance",0
atazanaviri sulfas,"names a class or a group, not this page's substance (no variant of 'atazanavir' and no UNII name for it)",0
atenos,ambiguous: 2 pages carry this name and they are not forms of one substance,0
atimos,"names a class or a group, not this page's substance (no variant of 'formoterol' and no UNII name for it)",0
atractylodes,"the page carries no UNII and no InChIKey, so the name cannot be resolved to a substance",0
atropine eye drops,"names a class or a group, not this page's substance (no variant of 'atropine sulfate muscarinic acetylcholine receptor m1' and no UNII name for it)",0
atropine sulfate anhydrous,"names a class or a group, not this page's substance (no variant of 'atropine sulfate muscarinic acetylcholine receptor m1' and no UNII name for it)",0
atropine sulfate component of enlon plus,"names a class or a group, not this page's substance (no variant of 'atropine sulfate muscarinic acetylcholine receptor m1' and no UNII name for it)",0
atropini sulfas,"names a class or a group, not this page's substance (no variant of 'atropine sulfate muscarinic acetylcholine receptor m1' and no UNII name for it)",0
atrovent inhalets,"names a class or a group, not this page's substance (no variant of 'ipratropium bromide' and no UNII name for it)",0
autologous human fibroblasts,"names a class or a group, not this page's substance (no variant of 'azficel t' and no UNII name for it)",0
autologous tumor infiltrating lymphocytes,"names a class or a group, not this page's substance (no variant of 'lifileucel' and no UNII name for it)",0
autumn crocus,"the page carries no UNII and no InChIKey, so the name cannot be resolved to a substance",0
aventis allegra 180 mg tablets,"names a class or a group, not this page's substance (no variant of 'fexofenadine' and no UNII name for it)",0
avocado soy unsaponifiables,"the page carries no UNII and no InChIKey, so the name cannot be resolved to a substance",0
awz1066s,"names a class or a group, not this page's substance (no variant of 'awz 1066s' and no UNII name for it)",0
azai ss,"names a class or a group, not this page's substance (no variant of 'temefos' and no UNII name for it)",0
azilva tablets,"names a class or a group, not this page's substance (no variant of 'azilsartan' and no UNII name for it)",0
azomonas agilis,"the page carries no UNII and no InChIKey, so the name cannot be resolved to a substance",0
ba 34 276 as,"names a class or a group, not this page's substance (no variant of 'maprotiline' and no UNII name for it)",0
bacillus,"the page carries no UNII and no InChIKey, so the name cannot be resolved to a substance",0
bacillus indicus,"the page carries no UNII and no InChIKey, so the name cannot be resolved to a substance",0
bacopasides,"the page carries no UNII and no InChIKey, so the name cannot be resolved to a substance",0
bacosides,"the page carries no UNII and no InChIKey, so the name cannot be resolved to a substance",0
barii sulfas,"names a class or a group, not this page's substance (no variant of 'barium sulfate' and no UNII name for it)",0
baynas,"names a class or a group, not this page's substance (no variant of 'ramatroban' and no UNII name for it)",0
belladonna total alkaloids,"names a class or a group, not this page's substance (no variant of 'atropa belladonna' and no UNII name for it)",0
benicar 40 mg tablets,"names a class or a group, not this page's substance (no variant of 'olmesartan medoxomil' and no UNII name for it)",0
benzonatate usp rs,ambiguous: 2 pages carry this name and they are not forms of one substance,0
benzylis benzoas,"names a class or a group, not this page's substance (no variant of 'benzyl benzoate' and no UNII name for it)",0
bephenii hydroxynaphthoas,"names a class or a group, not this page's substance (no variant of 'bephenium' and no UNII name for it)",0
bergenia pacumbis,"the page carries no UNII and no InChIKey, so the name cannot be resolved to a substance",0
berries,"the page carries no UNII and no InChIKey, so the name cannot be resolved to a substance",0
beta glucans,"the page carries no UNII and no InChIKey, so the name cannot be resolved to a substance",0
betadine solution swabsticks,"names a class or a group, not this page's substance (no variant of 'povidone iodine' and no UNII name for it)",0
betamethasone as,ambiguous: 2 pages carry this name and they are not forms of one substance,0
betamethasone usp rs,ambiguous: 8 pages carry this name and they are not forms of one substance,0
betamethasoni valeras,"names a class or a group, not this page's substance (no variant of 'betamethasone valerate' and no UNII name for it)",0
betanis,"names a class or a group, not this page's substance (no variant of 'mirabegron' and no UNII name for it)",0
biaxin xl 500 mg tablets,"names a class or a group, not this page's substance (no variant of 'clarithromycin' and no UNII name for it)",0
bibf 1120 es,"names a class or a group, not this page's substance (no variant of 'nintedanib' and no UNII name for it)",0
bibn 4096 bs,"names a class or a group, not this page's substance (no variant of 'olcegepant' and no UNII name for it)",0
bibn 4096bs,"names a class or a group, not this page's substance (no variant of 'olcegepant' and no UNII name for it)",0
bibr 796 bs,"names a class or a group, not this page's substance (no variant of 'doramapimod' and no UNII name for it)",0
bifidobacterium nos,"names a class or a group, not this page's substance (no variant of 'bifidobacteria' and no UNII name for it)",0
biil 284 bs,"names a class or a group, not this page's substance (no variant of 'amelubant' and no UNII name for it)",0
biniwas,"names a class or a group, not this page's substance (no variant of 'binifibrate' and no UNII name for it)",0
bioactive glass,"names a class or a group, not this page's substance (no variant of 'calcium sodium phosphosilicate' and no UNII name for it)",0
bioavailable stannous fluoride dentifrices,"names a class or a group, not this page's substance (no variant of 'stannous fluoride f2sn' and no UNII name for it)",0
bioflavonoids,"the page carries no UNII and no InChIKey, so the name cannot be resolved to a substance",0
birb 796 bs,"names a class or a group, not this page's substance (no variant of 'doramapimod' and no UNII name for it)",0
birb0796bs,"names a class or a group, not this page's substance (no variant of 'doramapimod' and no UNII name for it)",0
bitter grass,"the page carries no UNII and no InChIKey, so the name cannot be resolved to a substance",0
bitter principals,"the page carries no UNII and no InChIKey, so the name cannot be resolved to a substance",0
bitter principles,"the page carries no UNII and no InChIKey, so the name cannot be resolved to a substance",0
bivalirudin usp rs,ambiguous: 2 pages carry this name and they are not forms of one substance,0
bladder drops,"names a class or a group, not this page's substance (no variant of 'sus scrofa urinary bladder' and no UNII name for it)",0
bleomycini sulfas,"names a class or a group, not this page's substance (no variant of 'bleomycin' and no UNII name for it)",0
blepharis,"the page carries no UNII and no InChIKey, so the name cannot be resolved to a substance",0
blink gel tears,"names a class or a group, not this page's substance (no variant of 'polyethylene glycol 400' and no UNII name for it)",0
blopress,"names a class or a group, not this page's substance (no variant of 'candesartan' and no UNII name for it)",0
blue wiss,"the page carries no UNII and no InChIKey, so the name cannot be resolved to a substance",0
bnabs,ambiguous: 3 pages carry this name and they are not forms of one substance,0
bone drops,"names a class or a group, not this page's substance (no variant of 'bos taurus bone marrow' and no UNII name for it)",0
bone marrow drops,"names a class or a group, not this page's substance (no variant of 'bos taurus bone marrow' and no UNII name for it)",0
boostin s,"names a class or a group, not this page's substance (no variant of 'sometribove' and no UNII name for it)",0
borax glass,"names a class or a group, not this page's substance (no variant of 'sodium borate' and no UNII name for it)",0
boronic acid analogues,"the page carries no UNII and no InChIKey, so the name cannot be resolved to a substance",0
boswellic acids,"the page carries no UNII and no InChIKey, so the name cannot be resolved to a substance",0
brachial drops,"names a class or a group, not this page's substance (no variant of 'bos taurus artery' and no UNII name for it)",0
brain drops,"names a class or a group, not this page's substance (no variant of 'bos taurus brain' and no UNII name for it)",0
brevibacillus,"the page carries no UNII and no InChIKey, so the name cannot be resolved to a substance",0
brevibacillus laterosporus,"the page carries no UNII and no InChIKey, so the name cannot be resolved to a substance",0
brinavess,"names a class or a group, not this page's substance (no variant of 'vernakalant' and no UNII name for it)",0
brl 17421 as,"names a class or a group, not this page's substance (no variant of 'temocillin' and no UNII name for it)",0
broadly neutralizing antibodies,"names a class or a group, not this page's substance (no variant of 'zinlirvimab' and no UNII name for it)",0
bronco plus,"names a class or a group, not this page's substance (no variant of 'stepronin' and no UNII name for it)",0
buglossoides arvensis,"the page carries no UNII and no InChIKey, so the name cannot be resolved to a substance",0
bulbine natalensis,"the page carries no UNII and no InChIKey, so the name cannot be resolved to a substance",0
butanol mixed isomers,ambiguous: 2 pages carry this name and they are not forms of one substance,0
butanols,ambiguous: 2 pages carry this name and they are not forms of one substance,0
c12 16 alcohols,"names a class or a group, not this page's substance (no variant of 'cetyl alcohol' and no UNII name for it)",0
c20h10na2o5 fluorescein sodium ophthalmic strips,"names a class or a group, not this page's substance (no variant of 'fluorescein unii tpy09g7xir' and no UNII name for it)",0
c45h50cln7o7s,"names a class or a group, not this page's substance (no variant of 'venetoclax' and no UNII name for it)",0
cactus,"the page carries no UNII and no InChIKey, so the name cannot be resolved to a substance",0
cactus grandiflorus,ambiguous: 2 pages carry this name and they are not forms of one substance,0
caffeoylquinic acids,"the page carries no UNII and no InChIKey, so the name cannot be resolved to a substance",0
calc phos,"names a class or a group, not this page's substance (no variant of 'anhydrous dibasic calcium phosphate' and no UNII name for it)",0
calcii carbonas,"names a class or a group, not this page's substance (no variant of 'calcium carbonate' and no UNII name for it)",0
calcii gluconas,"names a class or a group, not this page's substance (no variant of 'calcium gluconate' and no UNII name for it)",0
calcii hydrogenophosphas,"names a class or a group, not this page's substance (no variant of 'anhydrous dibasic calcium phosphate' and no UNII name for it)",0
calcii sulfas,"names a class or a group, not this page's substance (no variant of 'calcium sulfate anhydrous' and no UNII name for it)",0
calcitonin salmon usp rs,ambiguous: 2 pages carry this name and they are not forms of one substance,0
calcium ascorbate anhydrous,"names a class or a group, not this page's substance (no variant of 'ascorbic acid' and no UNII name for it)",0
calcium benzoylas,"names a class or a group, not this page's substance (no variant of 'benzoylpas' and no UNII name for it)",0
calcium benzoylpas,"names a class or a group, not this page's substance (no variant of 'benzoylpas' and no UNII name for it)",0
calcium glubionate anhydrous,"names a class or a group, not this page's substance (no variant of 'lactobionic acid' and no UNII name for it)",0
calcium saccharate anhydrous,"names a class or a group, not this page's substance (no variant of 'glucaric acid' and no UNII name for it)",0
calcium sennosides,ambiguous: 2 pages carry this name and they are not forms of one substance,0
calendula officials flowers,"names a class or a group, not this page's substance (no variant of 'calendula officinalis flower' and no UNII name for it)",0
calendula officinalis,ambiguous: 2 pages carry this name and they are not forms of one substance,0
calenthys,"names a class or a group, not this page's substance (no variant of 'indiplon' and no UNII name for it)",0
calluna vulgaris,ambiguous: 2 pages carry this name and they are not forms of one substance,0
camellia sinensis,"the page carries no UNII and no InChIKey, so the name cannot be resolved to a substance",0
camphora hpus,ambiguous: 3 pages carry this name and they are not forms of one substance,0
cannabis,ambiguous: 4 pages carry this name and they are not forms of one substance,0
capreomycini sulfas,"names a class or a group, not this page's substance (no variant of 'capreomycin' and no UNII name for it)",0
capsaicinoids,"the page carries no UNII and no InChIKey, so the name cannot be resolved to a substance",0
capsinoids,"the page carries no UNII and no InChIKey, so the name cannot be resolved to a substance",0
captopress,"names a class or a group, not this page's substance (no variant of 'co zidocapt' and no UNII name for it)",0
carbo vegetabilis 3x hpus,"names a class or a group, not this page's substance (no variant of 'activated charcoal' and no UNII name for it)",0
carmubris,"names a class or a group, not this page's substance (no variant of 'carmustine' and no UNII name for it)",0
carthamus,"names a class or a group, not this page's substance (no variant of 'natural red 26' and no UNII name for it)",0
cartilage drops,"names a class or a group, not this page's substance (no variant of 'bovine type ii collagen nasal septum' and no UNII name for it)",0
casein peptides,"the page carries no UNII and no InChIKey, so the name cannot be resolved to a substance",0
catarpres tts,"names a class or a group, not this page's substance (no variant of 'clonidine' and no UNII name for it)",0
cbd os,"names a class or a group, not this page's substance (no variant of 'cannabidiol' and no UNII name for it)",0
cch aaes,"names a class or a group, not this page's substance (no variant of 'collagenase' and no UNII name for it)",0
cd3 monoclonal antibodies,"names a class or a group, not this page's substance (no variant of 'otelixizumab' and no UNII name for it)",0
cefepime as,"names a class or a group, not this page's substance (no variant of 'cefepime hydrochloride' and no UNII name for it)",0
cefprozil anhydrous,ambiguous: 3 pages carry this name and they are not forms of one substance,0
cefprozil usp rs,ambiguous: 2 pages carry this name and they are not forms of one substance,0
cefthan ds,"names a class or a group, not this page's substance (no variant of 'cefroxadine' and no UNII name for it)",0
celastrus,"the page carries no UNII and no InChIKey, so the name cannot be resolved to a substance",0
cellulose ethers,"the page carries no UNII and no InChIKey, so the name cannot be resolved to a substance",0
centaurium umbellatum flos,ambiguous: 2 pages carry this name and they are not forms of one substance,0
ceramides,"the page carries no UNII and no InChIKey, so the name cannot be resolved to a substance",0
cereal grass,"the page carries no UNII and no InChIKey, so the name cannot be resolved to a substance",0
cereus,"the page carries no UNII and no InChIKey, so the name cannot be resolved to a substance",0
cetylated fatty acids,"the page carries no UNII and no InChIKey, so the name cannot be resolved to a substance",0
cheque drops,"names a class or a group, not this page's substance (no variant of 'mibolerone' and no UNII name for it)",0
children s fexofenadine hydrochloride hives,"names a class or a group, not this page's substance (no variant of 'fexofenadine' and no UNII name for it)",0
chinese asparagus,"the page carries no UNII and no InChIKey, so the name cannot be resolved to a substance",0
chinese clematis,"the page carries no UNII and no InChIKey, so the name cannot be resolved to a substance",0
chinese club moss,"the page carries no UNII and no InChIKey, so the name cannot be resolved to a substance",0
chlorali hydras,"names a class or a group, not this page's substance (no variant of 'chloral hydrate c2h3cl3o2' and no UNII name for it)",0
chloramphenicol usp rs,ambiguous: 3 pages carry this name and they are not forms of one substance,0
chloramphenicoli natrii succinas,"names a class or a group, not this page's substance (no variant of 'chloramphenicol succinate c15h16cl2n2o8' and no UNII name for it)",0
chloramphenicolum hpus,ambiguous: 3 pages carry this name and they are not forms of one substance,0
chloroquini phosphas,"names a class or a group, not this page's substance (no variant of 'chloroquine' and no UNII name for it)",0
chloroquini sulfas,"names a class or a group, not this page's substance (no variant of 'chloroquine' and no UNII name for it)",0
chlorphenamini hydrogenomaleas,"names a class or a group, not this page's substance (no variant of 'chlorphenamine' and no UNII name for it)",0
chlorpheniramine maleate s,"names a class or a group, not this page's substance (no variant of 'dexchlorpheniramine' and no UNII name for it)",0
cholepulvis,"names a class or a group, not this page's substance (no variant of 'iodophthalein sodium' and no UNII name for it)",0
chromium iii chloride anhydrous,"names a class or a group, not this page's substance (no variant of 'chromic chloride' and no UNII name for it)",0
chrysothios,"names a class or a group, not this page's substance (no variant of 'sodium aurothiomalate' and no UNII name for it)",0
cichorium intybus,ambiguous: 2 pages carry this name and they are not forms of one substance,0
cinchona officinalis,ambiguous: 2 pages carry this name and they are not forms of one substance,0
cinnamaldehydes,"the page carries no UNII and no InChIKey, so the name cannot be resolved to a substance",0
cisapride usp rs,ambiguous: 2 pages carry this name and they are not forms of one substance,0
cissus quadrangularis,"the page carries no UNII and no InChIKey, so the name cannot be resolved to a substance",0
cissus sicyoides,"the page carries no UNII and no InChIKey, so the name cannot be resolved to a substance",0
cistus,"the page carries no UNII and no InChIKey, so the name cannot be resolved to a substance",0
citalopram oxalate s,"names a class or a group, not this page's substance (no variant of 'escitalopram' and no UNII name for it)",0
citric acid anhydrous,ambiguous: 21 pages carry this name and they are not forms of one substance,0
citricum acidum hpus,ambiguous: 21 pages carry this name and they are not forms of one substance,0
citrus junos,"the page carries no UNII and no InChIKey, so the name cannot be resolved to a substance",0
citrus sinensis,"the page carries no UNII and no InChIKey, so the name cannot be resolved to a substance",0
cleaning solution for hemodialysis machines,"names a class or a group, not this page's substance (no variant of 'anhydrous citric acid' and no UNII name for it)",0
cleavers,"the page carries no UNII and no InChIKey, so the name cannot be resolved to a substance",0
clematis,"the page carries no UNII and no InChIKey, so the name cannot be resolved to a substance",0
clerodendrum phlomidis,"the page carries no UNII and no InChIKey, so the name cannot be resolved to a substance",0
clintabs,"names a class or a group, not this page's substance (no variant of 'clindamycin c18h33cln2o5s' and no UNII name for it)",0
clivers,"the page carries no UNII and no InChIKey, so the name cannot be resolved to a substance",0
clocortolone usp rs,ambiguous: 2 pages carry this name and they are not forms of one substance,0
clodronate disodium anhydrous,"names a class or a group, not this page's substance (no variant of 'clodronic acid' and no UNII name for it)",0
clofenvinfos,"names a class or a group, not this page's substance (no variant of 'chlorfenvinphos z' and no UNII name for it)",0
clofenvinphos,"names a class or a group, not this page's substance (no variant of 'chlorfenvinphos z' and no UNII name for it)",0
clomifeni citras,"names a class or a group, not this page's substance (no variant of 'clomifene' and no UNII name for it)",0
clorfenvinfos,"names a class or a group, not this page's substance (no variant of 'chlorfenvinphos z' and no UNII name for it)",0
clorpres,"names a class or a group, not this page's substance (no variant of 'clonidine' and no UNII name for it)",0
clostridium histolyticum enzymes,"names a class or a group, not this page's substance (no variant of 'collagenase' and no UNII name for it)",0
club moss,"the page carries no UNII and no InChIKey, so the name cannot be resolved to a substance",0
cobaltamin s,"names a class or a group, not this page's substance (no variant of 'cobamamide' and no UNII name for it)",0
cobaltous,"the page carries no UNII and no InChIKey, so the name cannot be resolved to a substance",0
codeine phosphate anhydrous,"names a class or a group, not this page's substance (no variant of 'codeine anhydrous' and no UNII name for it)",0
codeine sulfate anhydrous,"names a class or a group, not this page's substance (no variant of 'codeine anhydrous' and no UNII name for it)",0
codeini phosphas,"names a class or a group, not this page's substance (no variant of 'codeine anhydrous' and no UNII name for it)",0
codonopsis,"the page carries no UNII and no InChIKey, so the name cannot be resolved to a substance",0
cold stored platelets,"names a class or a group, not this page's substance (no variant of 'platelets' and no UNII name for it)",0
coleus,"the page carries no UNII and no InChIKey, so the name cannot be resolved to a substance",0
collagen drops,"names a class or a group, not this page's substance (no variant of 'bovine type i collagen achilles tendon' and no UNII name for it)",0
collagen peptides,"the page carries no UNII and no InChIKey, so the name cannot be resolved to a substance",0
colon drops,"names a class or a group, not this page's substance (no variant of 'bos taurus colon' and no UNII name for it)",0
colostrum peptides,"the page carries no UNII and no InChIKey, so the name cannot be resolved to a substance",0
combipres,"names a class or a group, not this page's substance (no variant of 'clonidine' and no UNII name for it)",0
comfortis,"names a class or a group, not this page's substance (no variant of 'spinosad factor d' and no UNII name for it)",0
commiphora gileadensis,"the page carries no UNII and no InChIKey, so the name cannot be resolved to a substance",0
common thatching grass,"the page carries no UNII and no InChIKey, so the name cannot be resolved to a substance",0
compound alverine citrate capsules,"names a class or a group, not this page's substance (no variant of 'alverine' and no UNII name for it)",0
condonopsis,"the page carries no UNII and no InChIKey, so the name cannot be resolved to a substance",0
conjugated equine estrogens,ambiguous: 2 pages carry this name and they are not forms of one substance,0
convolvulus pluricaulis,"the page carries no UNII and no InChIKey, so the name cannot be resolved to a substance",0
convolvulus prostratis,"the page carries no UNII and no InChIKey, so the name cannot be resolved to a substance",0
convolvulus prostratus,"the page carries no UNII and no InChIKey, so the name cannot be resolved to a substance",0
conyza canadensis,"the page carries no UNII and no InChIKey, so the name cannot be resolved to a substance",0
copper ii sulfate anhydrous,"names a class or a group, not this page's substance (no variant of 'cupric sulfate h10cuo9s' and no UNII name for it)",0
copperas,"names a class or a group, not this page's substance (no variant of 'ferrous sulfate h14feo11s' and no UNII name for it)",0
coreg 12 5 mg tablets,"names a class or a group, not this page's substance (no variant of 'carvedilol' and no UNII name for it)",0
corplex donepezil tds,"names a class or a group, not this page's substance (no variant of 'donepezil' and no UNII name for it)",0
correctol tablets caplets,"names a class or a group, not this page's substance (no variant of 'bisacodyl' and no UNII name for it)",0
corticotropin usp rs,ambiguous: 2 pages carry this name and they are not forms of one substance,0
corynebacterium stationis,"the page carries no UNII and no InChIKey, so the name cannot be resolved to a substance",0
costus,"the page carries no UNII and no InChIKey, so the name cannot be resolved to a substance",0
covi drops,"names a class or a group, not this page's substance (no variant of 'plutavimab' and no UNII name for it)",0
crataegus oxyacantha hpus,"names a class or a group, not this page's substance (no variant of 'crataegus fruit' and no UNII name for it)",0
croton seeds,"the page carries no UNII and no InChIKey, so the name cannot be resolved to a substance",0
crustaceans,"the page carries no UNII and no InChIKey, so the name cannot be resolved to a substance",0
crysticillin a s,"names a class or a group, not this page's substance (no variant of 'penicillin g procaine' and no UNII name for it)",0
cs 7017 anhydrous,"names a class or a group, not this page's substance (no variant of 'efatutazone' and no UNII name for it)",0
cubebs,"the page carries no UNII and no InChIKey, so the name cannot be resolved to a substance",0
cupric chloride anhydrous,ambiguous: 3 pages carry this name and they are not forms of one substance,0
cupric sulfate anhydrous,"names a class or a group, not this page's substance (no variant of 'cupric sulfate h10cuo9s' and no UNII name for it)",0
cupric sulfate component of multrys,"names a class or a group, not this page's substance (no variant of 'cupric sulfate h10cuo9s' and no UNII name for it)",0
cupric sulphate anhydrous,"names a class or a group, not this page's substance (no variant of 'cupric sulfate h10cuo9s' and no UNII name for it)",0
curculigo orchicides,"the page carries no UNII and no InChIKey, so the name cannot be resolved to a substance",0
cutina gms,"names a class or a group, not this page's substance (no variant of 'glyceryl 1 stearate cyclooxygenase 2' and no UNII name for it)",0
cyclin dependent kinase 4 6 inhibitors,"names a class or a group, not this page's substance (no variant of 'palbociclib' and no UNII name for it)",0
cyperus,"the page carries no UNII and no InChIKey, so the name cannot be resolved to a substance",0
cyperus rotundus,"the page carries no UNII and no InChIKey, so the name cannot be resolved to a substance",0
cypress,"names a class or a group, not this page's substance (no variant of 'cupressus sempervirens leaf oil' and no UNII name for it)",0
d glucose anhydrous,ambiguous: 3 pages carry this name and they are not forms of one substance,0
dcll9718s,"names a class or a group, not this page's substance (no variant of 'dcll 9718s' and no UNII name for it)",0
deamelin s,"names a class or a group, not this page's substance (no variant of 'glyclopyramide' and no UNII name for it)",0
deferoxamini mesilas,"names a class or a group, not this page's substance (no variant of 'deferoxamine' and no UNII name for it)",0
depakote dr 500 mg tablets,"names a class or a group, not this page's substance (no variant of 'valproic acid' and no UNII name for it)",0
depakote er 500 mg tablets,"names a class or a group, not this page's substance (no variant of 'valproic acid' and no UNII name for it)",0
depakote sprinkle capsules,"names a class or a group, not this page's substance (no variant of 'valproic acid' and no UNII name for it)",0
depakote tablets,"names a class or a group, not this page's substance (no variant of 'valproic acid' and no UNII name for it)",0
dermafos,"names a class or a group, not this page's substance (no variant of 'fenclofos' and no UNII name for it)",0
desenovis,"names a class or a group, not this page's substance (no variant of 'xenyhexenic acid' and no UNII name for it)",0
desmodium adscendens,"the page carries no UNII and no InChIKey, so the name cannot be resolved to a substance",0
desoxyn methamphetamine hydrochloride tablets plus generics,"names a class or a group, not this page's substance (no variant of 'metamfetamine' and no UNII name for it)",0
dexamethasone usp rs,ambiguous: 5 pages carry this name and they are not forms of one substance,0
dexamethasoni acetas,"names a class or a group, not this page's substance (no variant of 'dexamethasone acetate anhydrous c24h31fo6' and no UNII name for it)",0
dextroamphetamine sulfate component of mydayis,"names a class or a group, not this page's substance (no variant of 'dexamfetamine' and no UNII name for it)",0
dextrose anhydrous,ambiguous: 3 pages carry this name and they are not forms of one substance,0
dextrose usp rs,ambiguous: 2 pages carry this name and they are not forms of one substance,0
diabefagos,"names a class or a group, not this page's substance (no variant of 'metformin c4h11n5' and no UNII name for it)",0
dianthus,"the page carries no UNII and no InChIKey, so the name cannot be resolved to a substance",0
dicalcium phosphate anhydrous,"names a class or a group, not this page's substance (no variant of 'anhydrous dibasic calcium phosphate' and no UNII name for it)",0
difenphos,"names a class or a group, not this page's substance (no variant of 'temefos' and no UNII name for it)",0
difos,"names a class or a group, not this page's substance (no variant of 'temefos' and no UNII name for it)",0
dilospan s,"names a class or a group, not this page's substance (no variant of 'phloroglucinol' and no UNII name for it)",0
diloxanidi furoas,"names a class or a group, not this page's substance (no variant of 'diloxanide furoate' and no UNII name for it)",0
diluted isosorbide dinitrate rs,"names a class or a group, not this page's substance (no variant of 'isosorbide dinitrate' and no UNII name for it)",0
dimethicones,ambiguous: 2 pages carry this name and they are not forms of one substance,0
dimorphandra mollis,"the page carries no UNII and no InChIKey, so the name cannot be resolved to a substance",0
dinatrii edetas,"names a class or a group, not this page's substance (no variant of 'edetic acid' and no UNII name for it)",0
dipeptidyl peptidase 4 inhibitors,ambiguous: 2 pages carry this name and they are not forms of one substance,0
diphos,"names a class or a group, not this page's substance (no variant of 'temefos' and no UNII name for it)",0
dipsacus,"the page carries no UNII and no InChIKey, so the name cannot be resolved to a substance",0
dipsacus asperloids,"the page carries no UNII and no InChIKey, so the name cannot be resolved to a substance",0
dipyrone anhydrous,"names a class or a group, not this page's substance (no variant of 'metamizole' and no UNII name for it)",0
diso duriles,"names a class or a group, not this page's substance (no variant of 'disopyramide' and no UNII name for it)",0
ditropan xl tablets,"names a class or a group, not this page's substance (no variant of 'oxybutynin' and no UNII name for it)",0
diuriwas,"names a class or a group, not this page's substance (no variant of 'acetazolamide' and no UNII name for it)",0
divalproex sodium coated particles in capsules,"names a class or a group, not this page's substance (no variant of 'valproic acid' and no UNII name for it)",0
dolichos,"the page carries no UNII and no InChIKey, so the name cannot be resolved to a substance",0
dolichos biflorus,"the page carries no UNII and no InChIKey, so the name cannot be resolved to a substance",0
dopress,"names a class or a group, not this page's substance (no variant of 'dosulepin' and no UNII name for it)",0
doxycyclini hyclas,"names a class or a group, not this page's substance (no variant of 'doxycycline anhydrous' and no UNII name for it)",0
dry concentrate for hemodialysis,"names a class or a group, not this page's substance (no variant of 'potassium chlorate' and no UNII name for it)",0
dsta4637s,"names a class or a group, not this page's substance (no variant of 'dsta 4637s' and no UNII name for it)",0
dstp 3086s,"names a class or a group, not this page's substance (no variant of 'vandortuzumab' and no UNII name for it)",0
dstp3086s,"names a class or a group, not this page's substance (no variant of 'vandortuzumab' and no UNII name for it)",0
dvs anhydrous,"names a class or a group, not this page's substance (no variant of 'desvenlafaxine' and no UNII name for it)",0
e cigarettes,"names a class or a group, not this page's substance (no variant of 'nicotine' and no UNII name for it)",0
e4 hydrous,"names a class or a group, not this page's substance (no variant of 'estetrol anhydrous' and no UNII name for it)",0
eascs,"names a class or a group, not this page's substance (no variant of 'darvadstrocel' and no UNII name for it)",0
ec mps,"names a class or a group, not this page's substance (no variant of 'mycophenolic acid' and no UNII name for it)",0
echinacosides,"the page carries no UNII and no InChIKey, so the name cannot be resolved to a substance",0
echinocaulon acerosus,"names a class or a group, not this page's substance (no variant of 'agar' and no UNII name for it)",0
ecmps,"names a class or a group, not this page's substance (no variant of 'mycophenolic acid' and no UNII name for it)",0
econopred plus,"names a class or a group, not this page's substance (no variant of 'prednisolone acetate' and no UNII name for it)",0
ectris,"names a class or a group, not this page's substance (no variant of 'flibanserin' and no UNII name for it)",0
edetate calcium disodium anhydrous,"names a class or a group, not this page's substance (no variant of 'edetic acid' and no UNII name for it)",0
edetate disodium anhydrous,"names a class or a group, not this page's substance (no variant of 'edetic acid' and no UNII name for it)",0
edta disodium salt anhydrous,"names a class or a group, not this page's substance (no variant of 'edetic acid' and no UNII name for it)",0
eecss,"names a class or a group, not this page's substance (no variant of 'everolimus' and no UNII name for it)",0
egfr tkis,ambiguous: 2 pages carry this name and they are not forms of one substance,0
egg oil phospholipids,ambiguous: 2 pages carry this name and they are not forms of one substance,0
egg phosphatides,ambiguous: 2 pages carry this name and they are not forms of one substance,0
egg yolk lecithins,ambiguous: 2 pages carry this name and they are not forms of one substance,0
egg yolk phosphatides,ambiguous: 2 pages carry this name and they are not forms of one substance,0
egg yolk phospholipids,ambiguous: 2 pages carry this name and they are not forms of one substance,0
egyptian lotus,"the page carries no UNII and no InChIKey, so the name cannot be resolved to a substance",0
electronic cigarettes,"names a class or a group, not this page's substance (no variant of 'nicotine' and no UNII name for it)",0
eleutherococcus gracilistylus,"the page carries no UNII and no InChIKey, so the name cannot be resolved to a substance",0
eleutherococcus senticosus,"the page carries no UNII and no InChIKey, so the name cannot be resolved to a substance",0
embelia ribes,"the page carries no UNII and no InChIKey, so the name cannot be resolved to a substance",0
empetus,"names a class or a group, not this page's substance (no variant of 'ritonavir' and no UNII name for it)",0
en 1639a as,"names a class or a group, not this page's substance (no variant of 'naltrexone' and no UNII name for it)",0
enalapril diacid dihydrate anhydrous,"names a class or a group, not this page's substance (no variant of 'enalaprilat anhydrous' and no UNII name for it)",0
encapsulated mesalamine granules,"names a class or a group, not this page's substance (no variant of 'mesalazine' and no UNII name for it)",0
engensis,"names a class or a group, not this page's substance (no variant of 'donaperminogene seltoplasmid' and no UNII name for it)",0
enlon plus,"names a class or a group, not this page's substance (no variant of 'edrophonium' and no UNII name for it)",0
epag pfos,"names a class or a group, not this page's substance (no variant of 'eltrombopag' and no UNII name for it)",0
ephedrini sulfas,"names a class or a group, not this page's substance (no variant of 'ephedrine' and no UNII name for it)",0
ephedrinum anhydrous,"names a class or a group, not this page's substance (no variant of 'ephedrine' and no UNII name for it)",0
epididymis drops,"names a class or a group, not this page's substance (no variant of 'campath 1 antigen' and no UNII name for it)",0
epinephrine 0 15 pediatrics,"names a class or a group, not this page's substance (no variant of 'adrenaline' and no UNII name for it)",0
epinephrini hydrogenotartras,"names a class or a group, not this page's substance (no variant of 'epinephrine' and no UNII name for it)",0
equimolar mixture of oxygen and nitrous,ambiguous: 2 pages carry this name and they are not forms of one substance,0
ergometrini hydrogenomaleas,"names a class or a group, not this page's substance (no variant of 'ergometrine' and no UNII name for it)",0
ergotamini tartras,"names a class or a group, not this page's substance (no variant of 'ergotamine' and no UNII name for it)",0
eria jarensis,"the page carries no UNII and no InChIKey, so the name cannot be resolved to a substance",0
erythromycini lactobionas,"names a class or a group, not this page's substance (no variant of 'erythromycin lactobionate' and no UNII name for it)",0
erythromycini stearas,"names a class or a group, not this page's substance (no variant of 'erythromycin' and no UNII name for it)",0
erythropalum scandens,"the page carries no UNII and no InChIKey, so the name cannot be resolved to a substance",0
erythropoietin for bioassays,"names a class or a group, not this page's substance (no variant of 'epoetin alfa' and no UNII name for it)",0
escin usp rs,ambiguous: 2 pages carry this name and they are not forms of one substance,0
essential oils,"names a class or a group, not this page's substance (no variant of 'thymol' and no UNII name for it)",0
estramustine 17 dihydrogenphosphate disodium salt anhydrous,"names a class or a group, not this page's substance (no variant of 'estramustine phosphate c23h32cl2no6p' and no UNII name for it)",0
estratest tablets,ambiguous: 2 pages carry this name and they are not forms of one substance,0
esucos,"names a class or a group, not this page's substance (no variant of 'dixyrazine' and no UNII name for it)",0
ethanol anhydrous,"names a class or a group, not this page's substance (no variant of 'dehydrated alcohol' and no UNII name for it)",0
ethanol in alcoholic beverages,"names a class or a group, not this page's substance (no variant of 'dehydrated alcohol' and no UNII name for it)",0
ethylcelluloses,"names a class or a group, not this page's substance (no variant of 'ethylcellulose 10 mpa s' and no UNII name for it)",0
ethylis hydroxybenzoas,"names a class or a group, not this page's substance (no variant of 'ethylparaben' and no UNII name for it)",0
etoposide usp rs,ambiguous: 2 pages carry this name and they are not forms of one substance,0
eu lantus,"names a class or a group, not this page's substance (no variant of 'insulin glargine' and no UNII name for it)",0
eucommia ulmoides,"the page carries no UNII and no InChIKey, so the name cannot be resolved to a substance",0
eucreas,ambiguous: 2 pages carry this name and they are not forms of one substance,0
european elderberry constituents,"the page carries no UNII and no InChIKey, so the name cannot be resolved to a substance",0
eurypeptides,"the page carries no UNII and no InChIKey, so the name cannot be resolved to a substance",0
eutectic mixture of local anesthetics,"names a class or a group, not this page's substance (no variant of 'prilocaine' and no UNII name for it)",0
evac q tabs,"names a class or a group, not this page's substance (no variant of 'bisacodyl' and no UNII name for it)",0
exenatide usp rs,ambiguous: 2 pages carry this name and they are not forms of one substance,0
extended intestinal release eir tablets,"names a class or a group, not this page's substance (no variant of 'rifaximin' and no UNII name for it)",0
extrafolate s,"names a class or a group, not this page's substance (no variant of 'levomefolic acid' and no UNII name for it)",0
fadogia agrestis,"the page carries no UNII and no InChIKey, so the name cannot be resolved to a substance",0
fatty acid esters,"names a class or a group, not this page's substance (no variant of 'formic acid' and no UNII name for it)",0
feen a mint tablets,"names a class or a group, not this page's substance (no variant of 'bisacodyl' and no UNII name for it)",0
fema no 3026 anhydrous,"names a class or a group, not this page's substance (no variant of 'anhydrous trisodium citrate' and no UNII name for it)",0
ferr phos,ambiguous: 2 pages carry this name and they are not forms of one substance,0
ferric sulfate anhydrous,"names a class or a group, not this page's substance (no variant of 'ferric sulfate h10fe2o17s3' and no UNII name for it)",0
ferrosi fumaras,"names a class or a group, not this page's substance (no variant of 'ferrous fumarate c4h2feo4' and no UNII name for it)",0
ferrosi sulfas,"names a class or a group, not this page's substance (no variant of 'ferrous sulfate h14feo11s' and no UNII name for it)",0
ferrous,ambiguous: 17 pages carry this name and they are not forms of one substance,0
ferrous sulfate anhydrous,"names a class or a group, not this page's substance (no variant of 'ferrous sulfate h14feo11s' and no UNII name for it)",0
ferrous sulphate anhydrous,"names a class or a group, not this page's substance (no variant of 'ferrous sulfate h14feo11s' and no UNII name for it)",0
fibrobacter succinogenes,"the page carries no UNII and no InChIKey, so the name cannot be resolved to a substance",0
fibroins,"names a class or a group, not this page's substance (no variant of 'silk fibroin' and no UNII name for it)",0
field penny cress,"the page carries no UNII and no InChIKey, so the name cannot be resolved to a substance",0
finger cactus,"the page carries no UNII and no InChIKey, so the name cannot be resolved to a substance",0
fish peptides,"the page carries no UNII and no InChIKey, so the name cannot be resolved to a substance",0
flammulina velutipes,"the page carries no UNII and no InChIKey, so the name cannot be resolved to a substance",0
flammulina velutpies,"the page carries no UNII and no InChIKey, so the name cannot be resolved to a substance",0
flavanols,"the page carries no UNII and no InChIKey, so the name cannot be resolved to a substance",0
flavanones,"the page carries no UNII and no InChIKey, so the name cannot be resolved to a substance",0
flavoglycosides,"the page carries no UNII and no InChIKey, so the name cannot be resolved to a substance",0
flavones,"the page carries no UNII and no InChIKey, so the name cannot be resolved to a substance",0
flavonoid glycosides,"the page carries no UNII and no InChIKey, so the name cannot be resolved to a substance",0
flavonoids,"the page carries no UNII and no InChIKey, so the name cannot be resolved to a substance",0
flavonones,"the page carries no UNII and no InChIKey, so the name cannot be resolved to a substance",0
flax lignans,"the page carries no UNII and no InChIKey, so the name cannot be resolved to a substance",0
flivas,"names a class or a group, not this page's substance (no variant of 'naftopidil' and no UNII name for it)",0
flomax capsules,"names a class or a group, not this page's substance (no variant of 'tamsulosin' and no UNII name for it)",0
floxacillin sodium anhydrous,"names a class or a group, not this page's substance (no variant of 'flucloxacillin' and no UNII name for it)",0
fludrocortisoni acetas,"names a class or a group, not this page's substance (no variant of 'fludrocortisone acetate' and no UNII name for it)",0
fluorescein usp rs,ambiguous: 2 pages carry this name and they are not forms of one substance,0
fluoride as,"names a class or a group, not this page's substance (no variant of 'sodium fluoride' and no UNII name for it)",0
fluoropyrimidines,"names a class or a group, not this page's substance (no variant of 'fluorouracil' and no UNII name for it)",0
fluphenazini decanoas,"names a class or a group, not this page's substance (no variant of 'fluphenazine decanoate' and no UNII name for it)",0
fluphenazini enantas,"names a class or a group, not this page's substance (no variant of 'fluphenazine enanthate' and no UNII name for it)",0
fluticaps,"names a class or a group, not this page's substance (no variant of 'fluticasone propionate progesterone receptor' and no UNII name for it)",0
fluvas,"names a class or a group, not this page's substance (no variant of 'fluvastatin' and no UNII name for it)",0
fml s,"names a class or a group, not this page's substance (no variant of 'sulfacetamide' and no UNII name for it)",0
folettes,"names a class or a group, not this page's substance (no variant of 'folic acid' and no UNII name for it)",0
fomes fomentarius,"the page carries no UNII and no InChIKey, so the name cannot be resolved to a substance",0
fortius,"names a class or a group, not this page's substance (no variant of 'rosuvastatin' and no UNII name for it)",0
fosfonet sodium anhydrous,"names a class or a group, not this page's substance (no variant of 'phosphonoacetic acid' and no UNII name for it)",0
fructooligosaccharides,"names a class or a group, not this page's substance (no variant of 'beta d fructofuranose' and no UNII name for it)",0
fsh menotropins,"names a class or a group, not this page's substance (no variant of 'follicle stimulating hormone porcine' and no UNII name for it)",0
fucoxanthin all trans,ambiguous: 2 pages carry this name and they are not forms of one substance,0
fucus acerosus,"names a class or a group, not this page's substance (no variant of 'agar' and no UNII name for it)",0
fucus rigidus,"names a class or a group, not this page's substance (no variant of 'agar' and no UNII name for it)",0
fucus spiniformis,"names a class or a group, not this page's substance (no variant of 'agar' and no UNII name for it)",0
fungifos,"names a class or a group, not this page's substance (no variant of 'tolciclate' and no UNII name for it)",0
furanosterols,"the page carries no UNII and no InChIKey, so the name cannot be resolved to a substance",0
furans,"the page carries no UNII and no InChIKey, so the name cannot be resolved to a substance",0
furostanols,"the page carries no UNII and no InChIKey, so the name cannot be resolved to a substance",0
gadobutrol usp rs,ambiguous: 2 pages carry this name and they are not forms of one substance,0
galactose usp rs,ambiguous: 2 pages carry this name and they are not forms of one substance,0
galactus,"names a class or a group, not this page's substance (no variant of 'insulin glargine' and no UNII name for it)",0
gemcis,ambiguous: 2 pages carry this name and they are not forms of one substance,0
gemesis,"names a class or a group, not this page's substance (no variant of 'becaplermin' and no UNII name for it)",0
generic tacrolimus,"names a class or a group, not this page's substance (no variant of 'tacrolimus anhydrous' and no UNII name for it)",0
genpharm s clarithromycin tablets,"names a class or a group, not this page's substance (no variant of 'clarithromycin' and no UNII name for it)",0
gentamicini sulfas,"names a class or a group, not this page's substance (no variant of 'gentamicin sulfate' and no UNII name for it)",0
gepants,"names a class or a group, not this page's substance (no variant of 'rimegepant' and no UNII name for it)",0
ginger phenols,"the page carries no UNII and no InChIKey, so the name cannot be resolved to a substance",0
ginkgo flavones,"the page carries no UNII and no InChIKey, so the name cannot be resolved to a substance",0
ginkgolides,"the page carries no UNII and no InChIKey, so the name cannot be resolved to a substance",0
ginseng panax quinquefolius,"names a class or a group, not this page's substance (no variant of 'american ginseng' and no UNII name for it)",0
glehnia littoralis,"the page carries no UNII and no InChIKey, so the name cannot be resolved to a substance",0
gliflozins,"names a class or a group, not this page's substance (no variant of 'dapagliflozin' and no UNII name for it)",0
glp 1 ras,"names a class or a group, not this page's substance (no variant of 'semaglutide' and no UNII name for it)",0
glucagon like peptide 1 analogues,"names a class or a group, not this page's substance (no variant of 'liraglutide' and no UNII name for it)",0
glucagon like peptide 1 receptor agonists,"names a class or a group, not this page's substance (no variant of 'semaglutide' and no UNII name for it)",0
glucophage xr 750 mg tablets,"names a class or a group, not this page's substance (no variant of 'metformin c4h11n5' and no UNII name for it)",0
glucophage xr tablets,"names a class or a group, not this page's substance (no variant of 'metformin c4h11n5' and no UNII name for it)",0
glucose anhydrous,ambiguous: 3 pages carry this name and they are not forms of one substance,0
glucose tablets,"names a class or a group, not this page's substance (no variant of 'dextrose unspecified form' and no UNII name for it)",0
glucosinolates,"the page carries no UNII and no InChIKey, so the name cannot be resolved to a substance",0
glucosum anhydrous,"names a class or a group, not this page's substance (no variant of 'dextrose unspecified form' and no UNII name for it)",0
glutamic acid usp rs,ambiguous: 2 pages carry this name and they are not forms of one substance,0
glycerides,"the page carries no UNII and no InChIKey, so the name cannot be resolved to a substance",0
glyceroli monostearas,"names a class or a group, not this page's substance (no variant of 'glyceryl 1 stearate cyclooxygenase 2' and no UNII name for it)",0
glycoprotein iib iiia inhibitors,"names a class or a group, not this page's substance (no variant of 'tirofiban' and no UNII name for it)",0
glycopyrronium as,"names a class or a group, not this page's substance (no variant of 'glycopyrronium bromide' and no UNII name for it)",0
glycosylceramides,"the page carries no UNII and no InChIKey, so the name cannot be resolved to a substance",0
golden eye grass,"the page carries no UNII and no InChIKey, so the name cannot be resolved to a substance",0
gramicidin usp rs,ambiguous: 2 pages carry this name and they are not forms of one substance,0
gramicidina s,"names a class or a group, not this page's substance (no variant of 'gramicidin s small molecule' and no UNII name for it)",0
gramicidine s,"names a class or a group, not this page's substance (no variant of 'gramicidin s small molecule' and no UNII name for it)",0
gramicidins,"names a class or a group, not this page's substance (no variant of 'gramicidin mixture' and no UNII name for it)",0
grass leaved calamus,"the page carries no UNII and no InChIKey, so the name cannot be resolved to a substance",0
guggulsterones,"the page carries no UNII and no InChIKey, so the name cannot be resolved to a substance",0
gymnemic acids,"the page carries no UNII and no InChIKey, so the name cannot be resolved to a substance",0
hainol 18ss,"names a class or a group, not this page's substance (no variant of 'stearyl alcohol' and no UNII name for it)",0
haliotis,"the page carries no UNII and no InChIKey, so the name cannot be resolved to a substance",0
hamamelis,ambiguous: 2 pages carry this name and they are not forms of one substance,0
heart drops,"names a class or a group, not this page's substance (no variant of 'beef heart' and no UNII name for it)",0
hedyotis,"the page carries no UNII and no InChIKey, so the name cannot be resolved to a substance",0
helianthemum nummularium flos,"names a class or a group, not this page's substance (no variant of 'helianthemum nummularium flower' and no UNII name for it)",0
heliopsis,"the page carries no UNII and no InChIKey, so the name cannot be resolved to a substance",0
hemidesmus,"the page carries no UNII and no InChIKey, so the name cannot be resolved to a substance",0
hepar sulphuris,"names a class or a group, not this page's substance (no variant of 'calcium sulfide' and no UNII name for it)",0
hericenones,"the page carries no UNII and no InChIKey, so the name cannot be resolved to a substance",0
hevizos,"names a class or a group, not this page's substance (no variant of 'epervudine' and no UNII name for it)",0
hibiscus,"the page carries no UNII and no InChIKey, so the name cannot be resolved to a substance",0
hif stabilisers,"names a class or a group, not this page's substance (no variant of 'roxadustat' and no UNII name for it)",0
human menopausal gonadotrophins,"names a class or a group, not this page's substance (no variant of 'follitropin' and no UNII name for it)",0
human menopausal gonadotropins,"names a class or a group, not this page's substance (no variant of 'follitropin' and no UNII name for it)",0
hyaluronic acid 10mg vaginal suppositories,"names a class or a group, not this page's substance (no variant of 'hyaluronate' and no UNII name for it)",0
hyaluronidases,"names a class or a group, not this page's substance (no variant of 'hyaluronidase human recombinant' and no UNII name for it)",0
hydrocortisone usp rs,ambiguous: 9 pages carry this name and they are not forms of one substance,0
hydrocortisoni acetas,"names a class or a group, not this page's substance (no variant of 'hydrocortisone acetate' and no UNII name for it)",0
hydrocortisoni natrii succinas,"names a class or a group, not this page's substance (no variant of 'hydrocortisone hemisuccinate anhydrous' and no UNII name for it)",0
hydrogenated ergot alkaloids,"names a class or a group, not this page's substance (no variant of 'ergoloid mesylates' and no UNII name for it)",0
hydrogenated tallow acids,"names a class or a group, not this page's substance (no variant of 'stearic acid' and no UNII name for it)",0
hydrogenated tallow fatty acids,"names a class or a group, not this page's substance (no variant of 'stearic acid' and no UNII name for it)",0
hydrotalcite anhydrous,"names a class or a group, not this page's substance (no variant of 'aluminum magnesium hydroxide carbonate' and no UNII name for it)",0
hydroxide ions,"names a class or a group, not this page's substance (no variant of 'aqua' and no UNII name for it)",0
hydroxocobalaminum anhydrous,"names a class or a group, not this page's substance (no variant of 'hydroxocobalamin' and no UNII name for it)",0
hydroxyethyl adenosine analogs,"the page carries no UNII and no InChIKey, so the name cannot be resolved to a substance",0
hymovis,"names a class or a group, not this page's substance (no variant of 'hyaluronic acid non animal stabilized' and no UNII name for it)",0
hyperacute pancreas,"names a class or a group, not this page's substance (no variant of 'algenpantucel l' and no UNII name for it)",0
hyperimmune milk peptides,"the page carries no UNII and no InChIKey, so the name cannot be resolved to a substance",0
hyperpolarized xenon gas,"names a class or a group, not this page's substance (no variant of 'xenon' and no UNII name for it)",0
hypogastric nerve plexus drops,"names a class or a group, not this page's substance (no variant of 'bos taurus nerve' and no UNII name for it)",0
hypothalamus drops,"names a class or a group, not this page's substance (no variant of 'bos taurus hypothalamus' and no UNII name for it)",0
hypoxia inducible factor stabilisers,"names a class or a group, not this page's substance (no variant of 'roxadustat' and no UNII name for it)",0
hypsizygus marmoreus,"the page carries no UNII and no InChIKey, so the name cannot be resolved to a substance",0
hyruan plus,ambiguous: 2 pages carry this name and they are not forms of one substance,0
hyzaar 100 25 mg tablets,"names a class or a group, not this page's substance (no variant of 'losartan' and no UNII name for it)",0
ibudros,"names a class or a group, not this page's substance (no variant of 'ibuproxam' and no UNII name for it)",0
idiazole 20mg dr tabs,"names a class or a group, not this page's substance (no variant of 'rabeprazole' and no UNII name for it)",0
imids,"names a class or a group, not this page's substance (no variant of 'lenalidomide' and no UNII name for it)",0
immunoglobulin antivenom crotalus,"names a class or a group, not this page's substance (no variant of 'antivenin crotalidae polyvalent' and no UNII name for it)",0
inalimarev cea muc 1 vaccinia virus,"the page carries no UNII and no InChIKey, so the name cannot be resolved to a substance",0
inderal la 160 mg capsules,"names a class or a group, not this page's substance (no variant of 'propranolol' and no UNII name for it)",0
indian sphaeranthus,"the page carries no UNII and no InChIKey, so the name cannot be resolved to a substance",0
indinaviri sulfas,"names a class or a group, not this page's substance (no variant of 'indinavir anhydrous' and no UNII name for it)",0
indomethacin sodium anhydrous,"names a class or a group, not this page's substance (no variant of 'indometacin' and no UNII name for it)",0
inductos,"names a class or a group, not this page's substance (no variant of 'dibotermin alfa' and no UNII name for it)",0
initiss,"names a class or a group, not this page's substance (no variant of 'cilazapril anhydrous' and no UNII name for it)",0
injectable somatostatin receptor ligands,"names a class or a group, not this page's substance (no variant of 'octreotide' and no UNII name for it)",0
inner ear drops,"names a class or a group, not this page's substance (no variant of 'sus scrofa ear' and no UNII name for it)",0
inorganic nitrates,ambiguous: 2 pages carry this name and they are not forms of one substance,0
insulin zinc suspension amorphous,"the page carries no UNII and no InChIKey, so the name cannot be resolved to a substance",0
intralipid fresenius,"names a class or a group, not this page's substance (no variant of 'soybean oil' and no UNII name for it)",0
intravenous glucocorticoids,"names a class or a group, not this page's substance (no variant of 'methylprednisolone' and no UNII name for it)",0
intravenous thrombolysis,"names a class or a group, not this page's substance (no variant of 'alteplase' and no UNII name for it)",0
iodine as,"names a class or a group, not this page's substance (no variant of 'potassium iodide' and no UNII name for it)",0
ir tacrolimus,"names a class or a group, not this page's substance (no variant of 'tacrolimus anhydrous' and no UNII name for it)",0
iridoid glycosides,"the page carries no UNII and no InChIKey, so the name cannot be resolved to a substance",0
iron as ferrous,ambiguous: 3 pages carry this name and they are not forms of one substance,0
iron bis,ambiguous: 2 pages carry this name and they are not forms of one substance,0
irvingia gabonensis,"the page carries no UNII and no InChIKey, so the name cannot be resolved to a substance",0
isatis,"the page carries no UNII and no InChIKey, so the name cannot be resolved to a substance",0
isobutylamides,"the page carries no UNII and no InChIKey, so the name cannot be resolved to a substance",0
isodon rubescens,"the page carries no UNII and no InChIKey, so the name cannot be resolved to a substance",0
isoflavones,ambiguous: 2 pages carry this name and they are not forms of one substance,0
isomaltooligosaccharides,"the page carries no UNII and no InChIKey, so the name cannot be resolved to a substance",0
isoprenalini sulfas,"names a class or a group, not this page's substance (no variant of 'isoprenaline' and no UNII name for it)",0
isoproterenol sulfate anhydrous,"names a class or a group, not this page's substance (no variant of 'isoprenaline' and no UNII name for it)",0
isosorbidi dinitras dilutes,"names a class or a group, not this page's substance (no variant of 'isosorbide dinitrate' and no UNII name for it)",0
isosorbidi dinitras dilutus,"names a class or a group, not this page's substance (no variant of 'isosorbide dinitrate' and no UNII name for it)",0
isothiocyanates,"the page carries no UNII and no InChIKey, so the name cannot be resolved to a substance",0
ispaghula husks,"names a class or a group, not this page's substance (no variant of 'plantago seed' and no UNII name for it)",0
janus kinase inhibitors,"names a class or a group, not this page's substance (no variant of 'oclacitinib' and no UNII name for it)",0
job s tears,"the page carries no UNII and no InChIKey, so the name cannot be resolved to a substance",0
jujube seeds,"the page carries no UNII and no InChIKey, so the name cannot be resolved to a substance",0
jynneos,"names a class or a group, not this page's substance (no variant of 'vaccinia virus modified strain ankara bavarian nordic non replicating antigen' and no UNII name for it)",0
kali phos,"the page carries no UNII and no InChIKey, so the name cannot be resolved to a substance",0
kalii citras,"names a class or a group, not this page's substance (no variant of 'potassium citrate' and no UNII name for it)",0
kanamycini monosulfas,"names a class or a group, not this page's substance (no variant of 'kanamycin a' and no UNII name for it)",0
kanamycins,"names a class or a group, not this page's substance (no variant of 'kanamycin a' and no UNII name for it)",0
kavalactones,"the page carries no UNII and no InChIKey, so the name cannot be resolved to a substance",0
keratin peptides,"the page carries no UNII and no InChIKey, so the name cannot be resolved to a substance",0
keta s,"names a class or a group, not this page's substance (no variant of 'esketamine' and no UNII name for it)",0
ketamine hydrochloride s,"names a class or a group, not this page's substance (no variant of 'esketamine' and no UNII name for it)",0
ketanest s,"names a class or a group, not this page's substance (no variant of 'esketamine' and no UNII name for it)",0
ketas,"names a class or a group, not this page's substance (no variant of 'ibudilast' and no UNII name for it)",0
ketone salts,"the page carries no UNII and no InChIKey, so the name cannot be resolved to a substance",0
kidney drops,"names a class or a group, not this page's substance (no variant of 'beef kidney' and no UNII name for it)",0
kilfrost abc s,"names a class or a group, not this page's substance (no variant of 'propanediol' and no UNII name for it)",0
kitnos,"names a class or a group, not this page's substance (no variant of 'etofamide' and no UNII name for it)",0
kns 760704 anhydrous,"names a class or a group, not this page's substance (no variant of 'dexpramipexole' and no UNII name for it)",0
krypton 81mkr gas,"names a class or a group, not this page's substance (no variant of 'krypton kr 81m' and no UNII name for it)",0
kutkins,"the page carries no UNII and no InChIKey, so the name cannot be resolved to a substance",0
l arginine usp rs,ambiguous: 5 pages carry this name and they are not forms of one substance,0
l ppds,"names a class or a group, not this page's substance (no variant of 'latanoprost' and no UNII name for it)",0
lacticum acidum hpus,ambiguous: 7 pages carry this name and they are not forms of one substance,0
lactitol anhydrous,ambiguous: 2 pages carry this name and they are not forms of one substance,0
lactitol usp rs,ambiguous: 2 pages carry this name and they are not forms of one substance,0
lactobacillus rhamnosus,ambiguous: 2 pages carry this name and they are not forms of one substance,0
lactococcus rhamnosus,"the page carries no UNII and no InChIKey, so the name cannot be resolved to a substance",0
lactones,"the page carries no UNII and no InChIKey, so the name cannot be resolved to a substance",0
lactopress,"names a class or a group, not this page's substance (no variant of 'alpha lactose' and no UNII name for it)",0
lactopress anhydrous,"names a class or a group, not this page's substance (no variant of 'lactose anhydrous' and no UNII name for it)",0
lactosum anhydrous,"names a class or a group, not this page's substance (no variant of 'lactose anhydrous' and no UNII name for it)",0
lactotripeptides,"the page carries no UNII and no InChIKey, so the name cannot be resolved to a substance",0
lam 105 anhydrous,"names a class or a group, not this page's substance (no variant of 'fasoracetam' and no UNII name for it)",0
lam105 anhydrous,"names a class or a group, not this page's substance (no variant of 'fasoracetam' and no UNII name for it)",0
lamivudine impurity c rs,"names a class or a group, not this page's substance (no variant of 'cytosine' and no UNII name for it)",0
lamivudine impurity e rs,"names a class or a group, not this page's substance (no variant of 'uracil' and no UNII name for it)",0
lamivudine impurity i rs,"names a class or a group, not this page's substance (no variant of 'troxacitabine' and no UNII name for it)",0
land cress,"the page carries no UNII and no InChIKey, so the name cannot be resolved to a substance",0
large intestine drops,"names a class or a group, not this page's substance (no variant of 'bos taurus large intestine' and no UNII name for it)",0
lavifos,"names a class or a group, not this page's substance (no variant of 'temefos' and no UNII name for it)",0
lcp tacro tablets,"names a class or a group, not this page's substance (no variant of 'tacrolimus anhydrous' and no UNII name for it)",0
lcp tacrolimus,"names a class or a group, not this page's substance (no variant of 'tacrolimus anhydrous' and no UNII name for it)",0
lecibis,"names a class or a group, not this page's substance (no variant of 'bephenium' and no UNII name for it)",0
leflunomide related compound b rs,"names a class or a group, not this page's substance (no variant of 'teriflunomide' and no UNII name for it)",0
leucoanthocyanidins,"the page carries no UNII and no InChIKey, so the name cannot be resolved to a substance",0
leuconostoc lactis,"the page carries no UNII and no InChIKey, so the name cannot be resolved to a substance",0
leuconostoc mesentoroides,"the page carries no UNII and no InChIKey, so the name cannot be resolved to a substance",0
levofloxacine anhydrous,"names a class or a group, not this page's substance (no variant of 'levofloxacin anhydrous' and no UNII name for it)",0
levofloxacino anhydrous,"names a class or a group, not this page's substance (no variant of 'levofloxacin anhydrous' and no UNII name for it)",0
levothyroxinum natricum anhydrous,"names a class or a group, not this page's substance (no variant of 'levothyroxine' and no UNII name for it)",0
levotuss,"names a class or a group, not this page's substance (no variant of 'levodropropizine' and no UNII name for it)",0
lh menotropins,"the page carries no UNII and no InChIKey, so the name cannot be resolved to a substance",0
lignans,"the page carries no UNII and no InChIKey, so the name cannot be resolved to a substance",0
lignocaine as,"names a class or a group, not this page's substance (no variant of 'lidocaine' and no UNII name for it)",0
lipid microspheres,"names a class or a group, not this page's substance (no variant of 'perflutren' and no UNII name for it)",0
liplacis,"names a class or a group, not this page's substance (no variant of 'cisplatin' and no UNII name for it)",0
lipocol forte capsules,"names a class or a group, not this page's substance (no variant of 'lovastatin' and no UNII name for it)",0
lipocol s,"names a class or a group, not this page's substance (no variant of 'stearyl alcohol' and no UNII name for it)",0
lithii carbonas,"names a class or a group, not this page's substance (no variant of 'lithium carbonate' and no UNII name for it)",0
lithonate s,"names a class or a group, not this page's substance (no variant of 'lithium citrate c6h13li3o11' and no UNII name for it)",0
little club moss,"the page carries no UNII and no InChIKey, so the name cannot be resolved to a substance",0
liver drops,"names a class or a group, not this page's substance (no variant of 'beef liver' and no UNII name for it)",0
lomades,"names a class or a group, not this page's substance (no variant of 'benzoxonium' and no UNII name for it)",0
lonzest gms,"names a class or a group, not this page's substance (no variant of 'glyceryl 1 stearate cyclooxygenase 2' and no UNII name for it)",0
loranthus,"the page carries no UNII and no InChIKey, so the name cannot be resolved to a substance",0
loratadine related compound a rs,"names a class or a group, not this page's substance (no variant of 'desloratadine' and no UNII name for it)",0
lorqess,"names a class or a group, not this page's substance (no variant of 'lorcaserin' and no UNII name for it)",0
lorvas,"names a class or a group, not this page's substance (no variant of 'indapamide' and no UNII name for it)",0
low dose corticosteroids,"names a class or a group, not this page's substance (no variant of 'prednisone' and no UNII name for it)",0
low dose tacrolimus,"names a class or a group, not this page's substance (no variant of 'tacrolimus anhydrous' and no UNII name for it)",0
lubricant eye gel drops,"names a class or a group, not this page's substance (no variant of 'hypromellose' and no UNII name for it)",0
lumykras,"names a class or a group, not this page's substance (no variant of 'sotorasib' and no UNII name for it)",0
lung drops,"names a class or a group, not this page's substance (no variant of 'beef lung' and no UNII name for it)",0
ly lis,"names a class or a group, not this page's substance (no variant of 'insulin lispro' and no UNII name for it)",0
lymph drops,"names a class or a group, not this page's substance (no variant of 'bos taurus lymph vessel' and no UNII name for it)",0
m g 8926 as,"names a class or a group, not this page's substance (no variant of 'droprenilamine' and no UNII name for it)",0
macaenes,"the page carries no UNII and no InChIKey, so the name cannot be resolved to a substance",0
macamides,"the page carries no UNII and no InChIKey, so the name cannot be resolved to a substance",0
magaldrate anhydrous,ambiguous: 2 pages carry this name and they are not forms of one substance,0
magic mushrooms,"names a class or a group, not this page's substance (no variant of 'psilocybine' and no UNII name for it)",0
magnesia carbonica hpus,ambiguous: 2 pages carry this name and they are not forms of one substance,0
magnesia oxydata hpus,ambiguous: 2 pages carry this name and they are not forms of one substance,0
magnesii stearas,"names a class or a group, not this page's substance (no variant of 'stearic acid' and no UNII name for it)",0
magnesii sulfatis heptahydras,"names a class or a group, not this page's substance (no variant of 'magnesium sulfate heptahydrate structure wrugwibcxhjtdg' and no UNII name for it)",0
magnesium carbonate anhydrous,ambiguous: 2 pages carry this name and they are not forms of one substance,0
magnesium oxide usp rs,ambiguous: 2 pages carry this name and they are not forms of one substance,0
magnesium sulfate anhydrous,ambiguous: 3 pages carry this name and they are not forms of one substance,0
maltose anhydrous,"names a class or a group, not this page's substance (no variant of 'beta maltose' and no UNII name for it)",0
malus pumila flos,"names a class or a group, not this page's substance (no variant of 'malus domestica flower' and no UNII name for it)",0
malva sylvestris,"the page carries no UNII and no InChIKey, so the name cannot be resolved to a substance",0
mammary drops,"names a class or a group, not this page's substance (no variant of 'sus scrofa mammary gland' and no UNII name for it)",0
mangafodipir trisodium anhydrous,ambiguous: 2 pages carry this name and they are not forms of one substance,0
manganese as,"names a class or a group, not this page's substance (no variant of 'manganese chloride h8cl2mno4' and no UNII name for it)",0
manganese sulfate component of multrys,"names a class or a group, not this page's substance (no variant of 'manganese sulfate anhydrous mno4s' and no UNII name for it)",0
manganous,ambiguous: 7 pages carry this name and they are not forms of one substance,0
manitimus,ambiguous: 2 pages carry this name and they are not forms of one substance,0
mannose usp rs,ambiguous: 2 pages carry this name and they are not forms of one substance,0
marine 3 fatty acids,"names a class or a group, not this page's substance (no variant of 'omega 3 fatty acids' and no UNII name for it)",0
marine n 3 polyunsaturated fatty acids,"names a class or a group, not this page's substance (no variant of 'omega 3 fatty acids' and no UNII name for it)",0
massage cream for stretch marks,ambiguous: 6 pages carry this name and they are not forms of one substance,0
matrix applied characterised autologous cultured chondrocytes,"names a class or a group, not this page's substance (no variant of 'autologous cultured chondrocytes' and no UNII name for it)",0
maveropepimut s,"the page carries no UNII and no InChIKey, so the name cannot be resolved to a substance",0
mdz ns,"names a class or a group, not this page's substance (no variant of 'midazolam' and no UNII name for it)",0
meclizine hcl 25mg chewable tablets,"names a class or a group, not this page's substance (no variant of 'meclozine' and no UNII name for it)",0
meclizine hydrochloride anhydrous,"names a class or a group, not this page's substance (no variant of 'meclozine' and no UNII name for it)",0
meclofenamate sodium anhydrous,"names a class or a group, not this page's substance (no variant of 'meclofenamic acid' and no UNII name for it)",0
medis,"names a class or a group, not this page's substance (no variant of 'sodium bicarbonate chnao3' and no UNII name for it)",0
medroxyprogesteroni acetas,"names a class or a group, not this page's substance (no variant of 'medroxyprogesterone acetate' and no UNII name for it)",0
melosus,"names a class or a group, not this page's substance (no variant of 'meloxicam' and no UNII name for it)",0
menno florades,"names a class or a group, not this page's substance (no variant of 'benzoic acid' and no UNII name for it)",0
mentha viridis,"names a class or a group, not this page's substance (no variant of 'spearmint' and no UNII name for it)",0
meralops,"names a class or a group, not this page's substance (no variant of 'keracyanin cation' and no UNII name for it)",0
mercurous,"the page carries no UNII and no InChIKey, so the name cannot be resolved to a substance",0
mesalamine granules,"names a class or a group, not this page's substance (no variant of 'mesalazine' and no UNII name for it)",0
methicillin sodium anhydrous,"names a class or a group, not this page's substance (no variant of 'meticillin' and no UNII name for it)",0
methixene hydrochloride anhydrous,"names a class or a group, not this page's substance (no variant of 'metixene' and no UNII name for it)",0
methocillin s,"names a class or a group, not this page's substance (no variant of 'cloxacillin' and no UNII name for it)",0
methotrexate sodium bss plus,"names a class or a group, not this page's substance (no variant of 'oxiglutatione' and no UNII name for it)",0
methylcelluloses,"names a class or a group, not this page's substance (no variant of 'methylcellulose 15 mpa s' and no UNII name for it)",0
methylis hydroxybenzoas,"names a class or a group, not this page's substance (no variant of 'methylparaben' and no UNII name for it)",0
metron s,"names a class or a group, not this page's substance (no variant of 'iproheptine' and no UNII name for it)",0
metronidazoli benzoas,"names a class or a group, not this page's substance (no variant of 'metronidazole benzoate' and no UNII name for it)",0
metropress,"names a class or a group, not this page's substance (no variant of 'metoprolol' and no UNII name for it)",0
mexrenoate potassium anhydrous,"names a class or a group, not this page's substance (no variant of 'mexrenoic acid' and no UNII name for it)",0
mfgr 1877s,"names a class or a group, not this page's substance (no variant of 'vofatamab' and no UNII name for it)",0
mfgr1877s,"names a class or a group, not this page's substance (no variant of 'vofatamab' and no UNII name for it)",0
micardis plus,"names a class or a group, not this page's substance (no variant of 'telmisartan' and no UNII name for it)",0
miconazoli nitras,"names a class or a group, not this page's substance (no variant of 'miconazole' and no UNII name for it)",0
microcos,"the page carries no UNII and no InChIKey, so the name cannot be resolved to a substance",0
middle ear drops,"names a class or a group, not this page's substance (no variant of 'sus scrofa ear' and no UNII name for it)",0
milibis,"names a class or a group, not this page's substance (no variant of 'glycobiarsol' and no UNII name for it)",0
minocin 100mg capsules,"names a class or a group, not this page's substance (no variant of 'minocycline' and no UNII name for it)",0
mirapex tablets,"names a class or a group, not this page's substance (no variant of 'pramipexole' and no UNII name for it)",0
mirtazapine maleate s,"names a class or a group, not this page's substance (no variant of 'esmirtazapine' and no UNII name for it)",0
mixed amphetamine salts,"names a class or a group, not this page's substance (no variant of 'amfetamine' and no UNII name for it)",0
mixed carotenoids,"the page carries no UNII and no InChIKey, so the name cannot be resolved to a substance",0
mk 5172 anhydrous,"names a class or a group, not this page's substance (no variant of 'grazoprevir anhydrous' and no UNII name for it)",0
mobic 15 mg tablets,"names a class or a group, not this page's substance (no variant of 'meloxicam' and no UNII name for it)",0
molluscs,"the page carries no UNII and no InChIKey, so the name cannot be resolved to a substance",0
mondo grass,"the page carries no UNII and no InChIKey, so the name cannot be resolved to a substance",0
monoclonal anti il2r antibodies,"names a class or a group, not this page's substance (no variant of 'daclizumab' and no UNII name for it)",0
morphini sulfas,"names a class or a group, not this page's substance (no variant of 'morphine' and no UNII name for it)",0
mra 003 us,"the page carries no UNII and no InChIKey, so the name cannot be resolved to a substance",0
mucins,"the page carries no UNII and no InChIKey, so the name cannot be resolved to a substance",0
mucocis,"names a class or a group, not this page's substance (no variant of 'carbocisteine' and no UNII name for it)",0
mushrooms,"the page carries no UNII and no InChIKey, so the name cannot be resolved to a substance",0
mvp s,"the page carries no UNII and no InChIKey, so the name cannot be resolved to a substance",0
myelin sheath drops,"names a class or a group, not this page's substance (no variant of 'bos taurus nerve' and no UNII name for it)",0
mylan quinapril hydrochloride 40 mg tablets,"names a class or a group, not this page's substance (no variant of 'quinapril' and no UNII name for it)",0
mylan s fexofenadine 180 mg tablets,"names a class or a group, not this page's substance (no variant of 'fexofenadine' and no UNII name for it)",0
mylan s finasteride 5 mg tablets,"names a class or a group, not this page's substance (no variant of 'finasteride' and no UNII name for it)",0
n 3 fatty acids,ambiguous: 3 pages carry this name and they are not forms of one substance,0
n 3 polyunsaturated fatty acids,ambiguous: 2 pages carry this name and they are not forms of one substance,0
n 3 pufas,"names a class or a group, not this page's substance (no variant of 'omega 3 fatty acids' and no UNII name for it)",0
n acetylneuraminic acid usp rs,ambiguous: 2 pages carry this name and they are not forms of one substance,0
nab sirolimus,"names a class or a group, not this page's substance (no variant of 'sirolimus' and no UNII name for it)",0
nadidum hpus,ambiguous: 2 pages carry this name and they are not forms of one substance,0
naloxoni hydrochloridum anhydrous,"names a class or a group, not this page's substance (no variant of 'naloxone' and no UNII name for it)",0
naphthalophos,"names a class or a group, not this page's substance (no variant of 'naftalofos' and no UNII name for it)",0
natrii amidotrizoas,"names a class or a group, not this page's substance (no variant of 'diatrizoic acid' and no UNII name for it)",0
natrii citras,"names a class or a group, not this page's substance (no variant of 'anhydrous trisodium citrate' and no UNII name for it)",0
natrii cromoglicas,"names a class or a group, not this page's substance (no variant of 'cromoglicic acid' and no UNII name for it)",0
natrii hydrogenocarbonas,"names a class or a group, not this page's substance (no variant of 'sodium bicarbonate chnao3' and no UNII name for it)",0
natrii nitris,"names a class or a group, not this page's substance (no variant of 'sodium nitrite' and no UNII name for it)",0
natrii salicylas,"names a class or a group, not this page's substance (no variant of 'sodium salicylate c7h5nao3' and no UNII name for it)",0
natrii sulfas anhydricus,"names a class or a group, not this page's substance (no variant of 'sodium sulfate anhydrous na2o4s' and no UNII name for it)",0
natrii thiosulfas,"names a class or a group, not this page's substance (no variant of 'sodium thiosulfate' and no UNII name for it)",0
ne 58095 anhydrous,"names a class or a group, not this page's substance (no variant of 'risedronic acid' and no UNII name for it)",0
nedius,"names a class or a group, not this page's substance (no variant of 'dexindoprofen' and no UNII name for it)",0
neisseria meningitidis outer membrane vesicles,"the page carries no UNII and no InChIKey, so the name cannot be resolved to a substance",0
nelfinaviri mesilas,"names a class or a group, not this page's substance (no variant of 'nelfinavir' and no UNII name for it)",0
neo heliopan ts,"names a class or a group, not this page's substance (no variant of 'trolamine' and no UNII name for it)",0
neomas,"names a class or a group, not this page's substance (no variant of 'neomycin' and no UNII name for it)",0
neostigmini metilsulfas,"names a class or a group, not this page's substance (no variant of 'neostigmine' and no UNII name for it)",0
nephis,"names a class or a group, not this page's substance (no variant of 'temefos' and no UNII name for it)",0
nephrotrans,"names a class or a group, not this page's substance (no variant of 'sodium bicarbonate chnao3' and no UNII name for it)",0
nevirapinum anhydrous,"names a class or a group, not this page's substance (no variant of 'nevirapine' and no UNII name for it)",0
new generation of btk inhibitors,"names a class or a group, not this page's substance (no variant of 'zanubrutinib' and no UNII name for it)",0
nf 902 as,"names a class or a group, not this page's substance (no variant of 'levofuraltadone' and no UNII name for it)",0
nfc 1 anhydrous,"names a class or a group, not this page's substance (no variant of 'fasoracetam' and no UNII name for it)",0
nfc1 anhydrous,"names a class or a group, not this page's substance (no variant of 'fasoracetam' and no UNII name for it)",0
nickelous,ambiguous: 6 pages carry this name and they are not forms of one substance,0
niclosamidum anhydrous,"names a class or a group, not this page's substance (no variant of 'niclosamide' and no UNII name for it)",0
nicorette minis,"names a class or a group, not this page's substance (no variant of 'nicotine' and no UNII name for it)",0
night blooming cereus,"the page carries no UNII and no InChIKey, so the name cannot be resolved to a substance",0
nippas,"names a class or a group, not this page's substance (no variant of 'aminosalicylate' and no UNII name for it)",0
nipruss,"names a class or a group, not this page's substance (no variant of 'sodium nitroprusside' and no UNII name for it)",0
niravam 2 mg orally disintegrating tablets,"names a class or a group, not this page's substance (no variant of 'alprazolam' and no UNII name for it)",0
nitrofurantoinum anhydrous,"names a class or a group, not this page's substance (no variant of 'nitrofurantoin' and no UNII name for it)",0
nitroglycerin tablets,"names a class or a group, not this page's substance (no variant of 'glyceryl trinitrate' and no UNII name for it)",0
nixyn hermes,"names a class or a group, not this page's substance (no variant of 'isonixin' and no UNII name for it)",0
noacs,ambiguous: 3 pages carry this name and they are not forms of one substance,0
nonoxynol 9 usp rs,ambiguous: 2 pages carry this name and they are not forms of one substance,0
noradrenaline as,"names a class or a group, not this page's substance (no variant of 'norepinephrine' and no UNII name for it)",0
norethisteroni acetas,"names a class or a group, not this page's substance (no variant of 'norethindrone acetate c22h28o3' and no UNII name for it)",0
norgestimate containing oral contraceptives,"names a class or a group, not this page's substance (no variant of 'norgestimate e' and no UNII name for it)",0
normal immunoglobulins,"names a class or a group, not this page's substance (no variant of 'human immunoglobulin g' and no UNII name for it)",0
norvasc 10 mg tablets,"names a class or a group, not this page's substance (no variant of 'amlodipine' and no UNII name for it)",0
novel oral anticoagulants,ambiguous: 3 pages carry this name and they are not forms of one substance,0
nut grass,"the page carries no UNII and no InChIKey, so the name cannot be resolved to a substance",0
ofev capsules,"names a class or a group, not this page's substance (no variant of 'nintedanib' and no UNII name for it)",0
oligomeric proanthocyanidins,"the page carries no UNII and no InChIKey, so the name cannot be resolved to a substance",0
oligosaccharides,"the page carries no UNII and no InChIKey, so the name cannot be resolved to a substance",0
ombipepimut s,"the page carries no UNII and no InChIKey, so the name cannot be resolved to a substance",0
omefas,ambiguous: 2 pages carry this name and they are not forms of one substance,0
omega 3 fatty acid ethyl esters,"names a class or a group, not this page's substance (no variant of 'ethyl docosahexaenoate' and no UNII name for it)",0
omega 3 fatty acids ethyl esters,ambiguous: 2 pages carry this name and they are not forms of one substance,0
omega 3 free fatty acids,"names a class or a group, not this page's substance (no variant of 'omega 3 carboxylic acids' and no UNII name for it)",0
omega 3 marine triglycerides,"names a class or a group, not this page's substance (no variant of 'ethyl docosahexaenoate' and no UNII name for it)",0
omega 3 phospholipids,"names a class or a group, not this page's substance (no variant of 'omega 3 fatty acids' and no UNII name for it)",0
omega 3 polyunsaturated fatty acids,ambiguous: 6 pages carry this name and they are not forms of one substance,0
omega 3 polyunsaturates,"names a class or a group, not this page's substance (no variant of 'omega 3 fatty acids' and no UNII name for it)",0
omega 3 triglycerides,"names a class or a group, not this page's substance (no variant of 'omega 3 fatty acids' and no UNII name for it)",0
omnes,"names a class or a group, not this page's substance (no variant of 'nifuratel' and no UNII name for it)",0
omnic ocas,"names a class or a group, not this page's substance (no variant of 'tamsulosin' and no UNII name for it)",0
once daily tacrolimus,"names a class or a group, not this page's substance (no variant of 'tacrolimus anhydrous' and no UNII name for it)",0
oncolysin s,"the page carries no UNII and no InChIKey, so the name cannot be resolved to a substance",0
oncotcs,"names a class or a group, not this page's substance (no variant of 'vincristine' and no UNII name for it)",0
ono 2333ms,"names a class or a group, not this page's substance (no variant of 'ono 2333' and no UNII name for it)",0
opulis,"names a class or a group, not this page's substance (no variant of 'desloratadine' and no UNII name for it)",0
oral octreotide capsules,"names a class or a group, not this page's substance (no variant of 'octreotide' and no UNII name for it)",0
oristar hcshs,"names a class or a group, not this page's substance (no variant of 'hydrocortisone hemisuccinate anhydrous' and no UNII name for it)",0
oristar sgs,"names a class or a group, not this page's substance (no variant of 'gualenic acid' and no UNII name for it)",0
ornithogallum umbellatum flos,"names a class or a group, not this page's substance (no variant of 'ornithogalum umbellatum flowering top' and no UNII name for it)",0
orthozyme cd 5 plus,"names a class or a group, not this page's substance (no variant of 'zolimomab aritox' and no UNII name for it)",0
oseltamiviri phosphas,"names a class or a group, not this page's substance (no variant of 'oseltamivir' and no UNII name for it)",0
otx 015 anhydrous,"names a class or a group, not this page's substance (no variant of 'birabresib' and no UNII name for it)",0
otx015 anhydrous,"names a class or a group, not this page's substance (no variant of 'birabresib' and no UNII name for it)",0
ovary drops,"names a class or a group, not this page's substance (no variant of 'bos taurus ovary' and no UNII name for it)",0
oxidized cellulose pads,"names a class or a group, not this page's substance (no variant of 'cellulose oxidized' and no UNII name for it)",0
oxytetracyclinum dihydras,"names a class or a group, not this page's substance (no variant of 'oxytetracycline anhydrous' and no UNII name for it)",0
oyavas,"names a class or a group, not this page's substance (no variant of 'bevacizumab' and no UNII name for it)",0
p a s,"names a class or a group, not this page's substance (no variant of 'aminosalicylate' and no UNII name for it)",0
paenibacillus macerans,"the page carries no UNII and no InChIKey, so the name cannot be resolved to a substance",0
palmdrol prodes,"names a class or a group, not this page's substance (no variant of 'palmidrol' and no UNII name for it)",0
panax quinquefolius,"names a class or a group, not this page's substance (no variant of 'american ginseng' and no UNII name for it)",0
parabis,"names a class or a group, not this page's substance (no variant of 'dichlorophen' and no UNII name for it)",0
paracoccus denitrificans,"the page carries no UNII and no InChIKey, so the name cannot be resolved to a substance",0
parathyroid drops,"names a class or a group, not this page's substance (no variant of 'enterobius vermicularis' and no UNII name for it)",0
parathyroid gland suis,"names a class or a group, not this page's substance (no variant of 'sus scrofa parathyroid gland' and no UNII name for it)",0
pariet 20 mg dr tabs,"names a class or a group, not this page's substance (no variant of 'rabeprazole' and no UNII name for it)",0
parietaria officinalis,"the page carries no UNII and no InChIKey, so the name cannot be resolved to a substance",0
parp inhibitors,ambiguous: 8 pages carry this name and they are not forms of one substance,0
pcsk9 inhibitors,ambiguous: 2 pages carry this name and they are not forms of one substance,0
pcsk9 therapies,"names a class or a group, not this page's substance (no variant of 'alirocumab' and no UNII name for it)",0
pd 1 inhibitors,ambiguous: 2 pages carry this name and they are not forms of one substance,0
pediococcus pentosaceus,"the page carries no UNII and no InChIKey, so the name cannot be resolved to a substance",0
peg cs,"names a class or a group, not this page's substance (no variant of 'triethylene glycol' and no UNII name for it)",0
peg els,"names a class or a group, not this page's substance (no variant of 'triethylene glycol' and no UNII name for it)",0
peltopepimut s,"the page carries no UNII and no InChIKey, so the name cannot be resolved to a substance",0
pentamidini isetionas,"names a class or a group, not this page's substance (no variant of 'pentamidine' and no UNII name for it)",0
pentasa tablets,"names a class or a group, not this page's substance (no variant of 'mesalazine' and no UNII name for it)",0
pentatropis capensis,"the page carries no UNII and no InChIKey, so the name cannot be resolved to a substance",0
pentavalent antimonials,"names a class or a group, not this page's substance (no variant of 'meglumine antimonate' and no UNII name for it)",0
peptides,"the page carries no UNII and no InChIKey, so the name cannot be resolved to a substance",0
perflutren human albumin microspheres,"names a class or a group, not this page's substance (no variant of 'albumin aggregated' and no UNII name for it)",0
perioglas,"names a class or a group, not this page's substance (no variant of 'calcium sodium phosphosilicate' and no UNII name for it)",0
perixis,"names a class or a group, not this page's substance (no variant of 'tacrolimus anhydrous' and no UNII name for it)",0
perseris,"names a class or a group, not this page's substance (no variant of 'risperidone' and no UNII name for it)",0
pexipepimut s,"the page carries no UNII and no InChIKey, so the name cannot be resolved to a substance",0
phellinus linteus,"the page carries no UNII and no InChIKey, so the name cannot be resolved to a substance",0
phenolics,"the page carries no UNII and no InChIKey, so the name cannot be resolved to a substance",0
phenols,"the page carries no UNII and no InChIKey, so the name cannot be resolved to a substance",0
phillips magnesia tablets,"names a class or a group, not this page's substance (no variant of 'magnesium hydroxide structure vthjteirlnzdev' and no UNII name for it)",0
phosphate salts,"the page carries no UNII and no InChIKey, so the name cannot be resolved to a substance",0
phosphatidylcholine usp rs,ambiguous: 2 pages carry this name and they are not forms of one substance,0
phosphodiesterase 5 inhibitors,"names a class or a group, not this page's substance (no variant of 'sildenafil' and no UNII name for it)",0
photrexa viscous,"names a class or a group, not this page's substance (no variant of 'flavin mononucleotide' and no UNII name for it)",0
phragmites,"the page carries no UNII and no InChIKey, so the name cannot be resolved to a substance",0
phycocyanins,"the page carries no UNII and no InChIKey, so the name cannot be resolved to a substance",0
phyllanthus,"the page carries no UNII and no InChIKey, so the name cannot be resolved to a substance",0
physostigmini salicylas,"names a class or a group, not this page's substance (no variant of 'physostigmine' and no UNII name for it)",0
picosulfate sodium anhydrous,"names a class or a group, not this page's substance (no variant of 'picosulfuric acid' and no UNII name for it)",0
picrotoxinum hpus,ambiguous: 2 pages carry this name and they are not forms of one substance,0
pilocarpini nitras,"names a class or a group, not this page's substance (no variant of 'pilocarpine' and no UNII name for it)",0
pineal drops,"names a class or a group, not this page's substance (no variant of 'sus scrofa pineal gland' and no UNII name for it)",0
pinus sylvestris,ambiguous: 2 pages carry this name and they are not forms of one substance,0
pix lithanthracis,"names a class or a group, not this page's substance (no variant of 'coal tar' and no UNII name for it)",0
plantago ovata forssk husks,"names a class or a group, not this page's substance (no variant of 'plantago seed' and no UNII name for it)",0
plantago ovata husks,"names a class or a group, not this page's substance (no variant of 'plantago seed' and no UNII name for it)",0
platinum drugs,"names a class or a group, not this page's substance (no variant of 'cisplatin' and no UNII name for it)",0
pleyris,"names a class or a group, not this page's substance (no variant of 'progesterone' and no UNII name for it)",0
polyethylene glycols,"names a class or a group, not this page's substance (no variant of 'triethylene glycol' and no UNII name for it)",0
polygel cs,"names a class or a group, not this page's substance (no variant of 'carbomer 940' and no UNII name for it)",0
polymethoxylated flavones,"the page carries no UNII and no InChIKey, so the name cannot be resolved to a substance",0
polyphenols,"the page carries no UNII and no InChIKey, so the name cannot be resolved to a substance",0
polypodium leucotomos,"the page carries no UNII and no InChIKey, so the name cannot be resolved to a substance",0
polyunsaturated fatty acids,"names a class or a group, not this page's substance (no variant of 'omega 3 fatty acids' and no UNII name for it)",0
potassium arsenite anhydrous,"names a class or a group, not this page's substance (no variant of 'arsenous acid' and no UNII name for it)",0
potassium citrate usp rs,ambiguous: 2 pages carry this name and they are not forms of one substance,0
praxis,"names a class or a group, not this page's substance (no variant of 'indoprofen' and no UNII name for it)",0
praying mantis,"the page carries no UNII and no InChIKey, so the name cannot be resolved to a substance",0
prebiotics,"names a class or a group, not this page's substance (no variant of 'inulin' and no UNII name for it)",0
prednisolone anhydrous,ambiguous: 9 pages carry this name and they are not forms of one substance,0
prednisolone usp rs,ambiguous: 9 pages carry this name and they are not forms of one substance,0
prednisoloni acetas,"names a class or a group, not this page's substance (no variant of 'prednisolone acetate' and no UNII name for it)",0
prednisoloni natrii phosphas,"names a class or a group, not this page's substance (no variant of 'prednisolone 21 phosphate' and no UNII name for it)",0
prelis,"names a class or a group, not this page's substance (no variant of 'metoprolol' and no UNII name for it)",0
prescription omega 3 acid ethyl esters,"names a class or a group, not this page's substance (no variant of 'ethyl docosahexaenoate' and no UNII name for it)",0
prescription omega 3 fatty acids,"names a class or a group, not this page's substance (no variant of 'omega 3 fatty acids' and no UNII name for it)",0
prickly pear cactus,"the page carries no UNII and no InChIKey, so the name cannot be resolved to a substance",0
prilosec otc tablets,"names a class or a group, not this page's substance (no variant of 'omeprazole' and no UNII name for it)",0
primaquini diphosphas,"names a class or a group, not this page's substance (no variant of 'primaquine' and no UNII name for it)",0
primobolan s,"names a class or a group, not this page's substance (no variant of 'methenolone acetate c22h32o3' and no UNII name for it)",0
probiotics,"the page carries no UNII and no InChIKey, so the name cannot be resolved to a substance",0
proline rich peptides,"the page carries no UNII and no InChIKey, so the name cannot be resolved to a substance",0
propylis hydroxybenzoas,"names a class or a group, not this page's substance (no variant of 'propylparaben' and no UNII name for it)",0
prostate drops,"names a class or a group, not this page's substance (no variant of 'bos taurus prostate gland' and no UNII name for it)",0
protamini sulfas,"names a class or a group, not this page's substance (no variant of 'protamine sulfate' and no UNII name for it)",0
proteoglycans,"the page carries no UNII and no InChIKey, so the name cannot be resolved to a substance",0
protonix 40 mg delayed release tablets,"names a class or a group, not this page's substance (no variant of 'pantoprazole' and no UNII name for it)",0
protonix pantoprazole sodium delayed release tablets,"names a class or a group, not this page's substance (no variant of 'pantoprazole' and no UNII name for it)",0
prunus,"the page carries no UNII and no InChIKey, so the name cannot be resolved to a substance",0
prussian blue insoluble capsules,"names a class or a group, not this page's substance (no variant of 'hydrogen cyanide' and no UNII name for it)",0
pseudomonas calcis,"the page carries no UNII and no InChIKey, so the name cannot be resolved to a substance",0
pseudomonas flourescens,"the page carries no UNII and no InChIKey, so the name cannot be resolved to a substance",0
pulsatilla nigricans,"names a class or a group, not this page's substance (no variant of 'anemone pratensis' and no UNII name for it)",0
pungent compounds,"the page carries no UNII and no InChIKey, so the name cannot be resolved to a substance",0
punicosides,"the page carries no UNII and no InChIKey, so the name cannot be resolved to a substance",0
pyranteli embonas,"names a class or a group, not this page's substance (no variant of 'pyrantel' and no UNII name for it)",0
pyreses,"names a class or a group, not this page's substance (no variant of 'dihydroxyaluminum gluconate' and no UNII name for it)",0
pyridoxal phosphate anhydrous,ambiguous: 3 pages carry this name and they are not forms of one substance,0
quadrafos,"names a class or a group, not this page's substance (no variant of 'sodium polyphosphate' and no UNII name for it)",0
quinidex extentabs,"names a class or a group, not this page's substance (no variant of 'quinidine' and no UNII name for it)",0
quinidini sulfas,"names a class or a group, not this page's substance (no variant of 'quinidine' and no UNII name for it)",0
r 12 563 as,"names a class or a group, not this page's substance (no variant of 'dexamisole' and no UNII name for it)",0
r 15 403 as,"names a class or a group, not this page's substance (no variant of 'difenoxin' and no UNII name for it)",0
r 16 470 as,"names a class or a group, not this page's substance (no variant of 'dexetimide' and no UNII name for it)",0
r 22 700 as,"names a class or a group, not this page's substance (no variant of 'rodocaine' and no UNII name for it)",0
r 28 096 as,"names a class or a group, not this page's substance (no variant of 'carnidazole' and no UNII name for it)",0
rabies immunoglobulins,"names a class or a group, not this page's substance (no variant of 'human rabies virus immune globulin' and no UNII name for it)",0
rabivax s,"names a class or a group, not this page's substance (no variant of 'rabies vaccine' and no UNII name for it)",0
racemetirosine s,"names a class or a group, not this page's substance (no variant of 'metirosine' and no UNII name for it)",0
racemoramide s,ambiguous: 2 pages carry this name and they are not forms of one substance,0
radiocaps,"names a class or a group, not this page's substance (no variant of 'sodium iodide 131i' and no UNII name for it)",0
ramipril10 mg capsules,"names a class or a group, not this page's substance (no variant of 'ramipril' and no UNII name for it)",0
rapalimus,"names a class or a group, not this page's substance (no variant of 'sirolimus' and no UNII name for it)",0
raspberry ketones,"the page carries no UNII and no InChIKey, so the name cannot be resolved to a substance",0
rathyronine hydrochloride s,"names a class or a group, not this page's substance (no variant of 'liothyronine' and no UNII name for it)",0
rathyronine sodium s,"names a class or a group, not this page's substance (no variant of 'liothyronine' and no UNII name for it)",0
rauvolfia canescens,"the page carries no UNII and no InChIKey, so the name cannot be resolved to a substance",0
rauvolfia yunnanensis,"the page carries no UNII and no InChIKey, so the name cannot be resolved to a substance",0
razoxane hydrochloride s,"names a class or a group, not this page's substance (no variant of 'dexrazoxane' and no UNII name for it)",0
readi cat2 smoothies,"names a class or a group, not this page's substance (no variant of 'barium sulfate' and no UNII name for it)",0
rebaudioside a usp rs,ambiguous: 2 pages carry this name and they are not forms of one substance,0
rectum drops,"names a class or a group, not this page's substance (no variant of 'chaetomium globosum' and no UNII name for it)",0
refresh tears,"names a class or a group, not this page's substance (no variant of 'carboxymethylcellulose sodium 0 7 carboxymethyl substitution per saccharide 600 mpa s at 2' and no UNII name for it)",0
reovirus,"names a class or a group, not this page's substance (no variant of 'pelareorep' and no UNII name for it)",0
requip tablets,"names a class or a group, not this page's substance (no variant of 'ropinirole' and no UNII name for it)",0
resolaris,"names a class or a group, not this page's substance (no variant of 'atyr 1940' and no UNII name for it)",0
resomer x 206 s,"names a class or a group, not this page's substance (no variant of 'polydioxanone' and no UNII name for it)",0
restas,"names a class or a group, not this page's substance (no variant of 'flutoprazepam' and no UNII name for it)",0
resveratrol conjugates,"the page carries no UNII and no InChIKey, so the name cannot be resolved to a substance",0
rfviii fs,"names a class or a group, not this page's substance (no variant of 'octocog alfa' and no UNII name for it)",0
rhabdosia rubescens,"the page carries no UNII and no InChIKey, so the name cannot be resolved to a substance",0
rhaponticum carthamoides,"the page carries no UNII and no InChIKey, so the name cannot be resolved to a substance",0
rhenium 186 nanoliposomes,"names a class or a group, not this page's substance (no variant of 'rhenium re 186 obisbemeda' and no UNII name for it)",0
rhgus,"names a class or a group, not this page's substance (no variant of 'vestronidase alfa' and no UNII name for it)",0
rhodapon ols,"names a class or a group, not this page's substance (no variant of '2 ethylhexyl hydrogen sulfate' and no UNII name for it)",0
rhus toxicondendron 1m hpus,"names a class or a group, not this page's substance (no variant of 'toxicodendron pubescens leaf' and no UNII name for it)",0
ribavirin biopartners,"names a class or a group, not this page's substance (no variant of 'ribavirin c8h12n4o5' and no UNII name for it)",0
risedronate sodium anhydrous,"names a class or a group, not this page's substance (no variant of 'risedronic acid' and no UNII name for it)",0
ro sparks,"names a class or a group, not this page's substance (no variant of 'sildenafil' and no UNII name for it)",0
rooibos,"the page carries no UNII and no InChIKey, so the name cannot be resolved to a substance",0
room temperature stored platelets,"names a class or a group, not this page's substance (no variant of 'platelets' and no UNII name for it)",0
rubia yunnanensis,"the page carries no UNII and no InChIKey, so the name cannot be resolved to a substance",0
rubus,"the page carries no UNII and no InChIKey, so the name cannot be resolved to a substance",0
ruscus,"the page carries no UNII and no InChIKey, so the name cannot be resolved to a substance",0
rwj 270201 162 anhydrous,"names a class or a group, not this page's substance (no variant of 'peramivir anhydrous' and no UNII name for it)",0
saccharomyces,"the page carries no UNII and no InChIKey, so the name cannot be resolved to a substance",0
saccharomyces cerevisiae peptides,"the page carries no UNII and no InChIKey, so the name cannot be resolved to a substance",0
sacral drops,"names a class or a group, not this page's substance (no variant of 'bos taurus spinal cord' and no UNII name for it)",0
salbutamoli sulfas,"names a class or a group, not this page's substance (no variant of 'salbutamol' and no UNII name for it)",0
salicylic acid usp rs,ambiguous: 9 pages carry this name and they are not forms of one substance,0
salicylicum acidum hpus,ambiguous: 9 pages carry this name and they are not forms of one substance,0
salidrosides,"the page carries no UNII and no InChIKey, so the name cannot be resolved to a substance",0
salix vitellina flos,ambiguous: 2 pages carry this name and they are not forms of one substance,0
saponins,"the page carries no UNII and no InChIKey, so the name cannot be resolved to a substance",0
sar lis,"names a class or a group, not this page's substance (no variant of 'insulin lispro' and no UNII name for it)",0
sarcolacticum acidum hpus,ambiguous: 4 pages carry this name and they are not forms of one substance,0
schisandrins,"the page carries no UNII and no InChIKey, so the name cannot be resolved to a substance",0
scleranthus annus,"names a class or a group, not this page's substance (no variant of 'scleranthus annuus flowering top' and no UNII name for it)",0
seesorb 101s,"names a class or a group, not this page's substance (no variant of 'sulisobenzone' and no UNII name for it)",0
selective estrogen receptor modulators,ambiguous: 2 pages carry this name and they are not forms of one substance,0
senna glycosides,"names a class or a group, not this page's substance (no variant of 'senna leaf' and no UNII name for it)",0
sennosides a and b acids,ambiguous: 4 pages carry this name and they are not forms of one substance,0
serenoa repens,"names a class or a group, not this page's substance (no variant of 'saw palmetto' and no UNII name for it)",0
serepress,"names a class or a group, not this page's substance (no variant of 'ketanserin' and no UNII name for it)",0
seretide diskus,ambiguous: 2 pages carry this name and they are not forms of one substance,0
serevent diskus,"names a class or a group, not this page's substance (no variant of 'salmeterol' and no UNII name for it)",0
seriphos,"names a class or a group, not this page's substance (no variant of 'dexfosfoserine' and no UNII name for it)",0
sete sangrias,"the page carries no UNII and no InChIKey, so the name cannot be resolved to a substance",0
setous,"names a class or a group, not this page's substance (no variant of 'zotepine' and no UNII name for it)",0
sevelamer anhydrous,ambiguous: 2 pages carry this name and they are not forms of one substance,0
shp465 mixed amphetamine salts,"names a class or a group, not this page's substance (no variant of 'amfetamine' and no UNII name for it)",0
silicone gel 1 scar sheets,"names a class or a group, not this page's substance (no variant of 'cyclomethicone' and no UNII name for it)",0
siliphos,"names a class or a group, not this page's substance (no variant of 'silybin' and no UNII name for it)",0
silver nanoparticles,ambiguous: 2 pages carry this name and they are not forms of one substance,0
silybin usp rs,ambiguous: 2 pages carry this name and they are not forms of one substance,0
simethicone antigas,"names a class or a group, not this page's substance (no variant of 'dimethicone unspecified' and no UNII name for it)",0
sinapis arvensis flos,ambiguous: 3 pages carry this name and they are not forms of one substance,0
sinapis arvensis flos hpus,ambiguous: 3 pages carry this name and they are not forms of one substance,0
sinos,"names a class or a group, not this page's substance (no variant of 'cyclopentamine' and no UNII name for it)",0
sinus drops,"names a class or a group, not this page's substance (no variant of 'sinusitisinum' and no UNII name for it)",0
small intestine drops,"names a class or a group, not this page's substance (no variant of 'bos taurus large intestine' and no UNII name for it)",0
snf2 dentifrices,"names a class or a group, not this page's substance (no variant of 'stannous fluoride f2sn' and no UNII name for it)",0
sodium acetate anhydrous,ambiguous: 2 pages carry this name and they are not forms of one substance,0
sodium bicarbonate component of baros,"names a class or a group, not this page's substance (no variant of 'sodium bicarbonate chnao3' and no UNII name for it)",0
sodium ceftriaxone anhydrous,"names a class or a group, not this page's substance (no variant of 'ceftriaxone' and no UNII name for it)",0
sodium citrate hydrous,ambiguous: 2 pages carry this name and they are not forms of one substance,0
sodium glucose cotransporter 2 inhibitors,ambiguous: 2 pages carry this name and they are not forms of one substance,0
sodium glycerophosphate anhydrous,"names a class or a group, not this page's substance (no variant of 'glyceryl phosphate' and no UNII name for it)",0
sodium hyaluronate eye drops,"names a class or a group, not this page's substance (no variant of 'hyaluronate' and no UNII name for it)",0
sodium p a s,"names a class or a group, not this page's substance (no variant of 'aminosalicylate' and no UNII name for it)",0
sodium phosphate dibasic anhydrous,ambiguous: 2 pages carry this name and they are not forms of one substance,0
sodium phosphate monobasic anhydrous,ambiguous: 2 pages carry this name and they are not forms of one substance,0
sodium phosphates,"names a class or a group, not this page's substance (no variant of 'sodium phosphate monobasic' and no UNII name for it)",0
sodium picosulfate anhydrous,"names a class or a group, not this page's substance (no variant of 'picosulfuric acid' and no UNII name for it)",0
sodium picosulphate anhydrous,"names a class or a group, not this page's substance (no variant of 'picosulfuric acid' and no UNII name for it)",0
sodium stibogluconate anhydrous,"names a class or a group, not this page's substance (no variant of 'stibogluconic acid' and no UNII name for it)",0
sodium succinate anhydrous,"names a class or a group, not this page's substance (no variant of 'monosodium succinate' and no UNII name for it)",0
sodium sulfacetamide anhydrous,"names a class or a group, not this page's substance (no variant of 'sulfacetamide' and no UNII name for it)",0
sodium sulfate anhydrous,ambiguous: 3 pages carry this name and they are not forms of one substance,0
sodium sulfate anhydrous usp rs,ambiguous: 2 pages carry this name and they are not forms of one substance,0
sodium sulphate anhydrous,ambiguous: 2 pages carry this name and they are not forms of one substance,0
sodium tetraborate anhydrous,"names a class or a group, not this page's substance (no variant of 'sodium borate' and no UNII name for it)",0
sodium thiosulphate anhydrous,"names a class or a group, not this page's substance (no variant of 'sodium thiosulfate' and no UNII name for it)",0
solar plexus drops,"names a class or a group, not this page's substance (no variant of 'bos taurus solar plexus' and no UNII name for it)",0
something analogous,"names a class or a group, not this page's substance (no variant of 'diphenhydramine' and no UNII name for it)",0
sortis,"names a class or a group, not this page's substance (no variant of 'atorvastatin' and no UNII name for it)",0
soy germ isoflavones,"names a class or a group, not this page's substance (no variant of 'soy isoflavones' and no UNII name for it)",0
soy unsaponifiables,"the page carries no UNII and no InChIKey, so the name cannot be resolved to a substance",0
soya isoflavones,"names a class or a group, not this page's substance (no variant of 'soy isoflavones' and no UNII name for it)",0
soybean isoflavoues,"names a class or a group, not this page's substance (no variant of 'soy isoflavones' and no UNII name for it)",0
spanish moss,"the page carries no UNII and no InChIKey, so the name cannot be resolved to a substance",0
spantholobus,"the page carries no UNII and no InChIKey, so the name cannot be resolved to a substance",0
spatholobus,"the page carries no UNII and no InChIKey, so the name cannot be resolved to a substance",0
spatholobus suberectus,"the page carries no UNII and no InChIKey, so the name cannot be resolved to a substance",0
sphaerococcus rigidus,"names a class or a group, not this page's substance (no variant of 'agar' and no UNII name for it)",0
spilanthes,"the page carries no UNII and no InChIKey, so the name cannot be resolved to a substance",0
spinal cord drops,"names a class or a group, not this page's substance (no variant of 'bos taurus spinal cord' and no UNII name for it)",0
split gill fungus,"the page carries no UNII and no InChIKey, so the name cannot be resolved to a substance",0
stannous,"the page carries no UNII and no InChIKey, so the name cannot be resolved to a substance",0
stearic acid usp rs,ambiguous: 3 pages carry this name and they are not forms of one substance,0
sterile water for injections,"names a class or a group, not this page's substance (no variant of 'aqua' and no UNII name for it)",0
stomach drops,"names a class or a group, not this page's substance (no variant of 'tripe' and no UNII name for it)",0
streptococcus,"the page carries no UNII and no InChIKey, so the name cannot be resolved to a substance",0
streptococcus rattus,"the page carries no UNII and no InChIKey, so the name cannot be resolved to a substance",0
streptomyces griseoflavus,"the page carries no UNII and no InChIKey, so the name cannot be resolved to a substance",0
streptomycini sulfas,"names a class or a group, not this page's substance (no variant of 'streptomycin' and no UNII name for it)",0
succinic acid usp rs,ambiguous: 3 pages carry this name and they are not forms of one substance,0
succinicum acidum hpus,ambiguous: 3 pages carry this name and they are not forms of one substance,0
suglat tablets,"names a class or a group, not this page's substance (no variant of 'ipragliflozin' and no UNII name for it)",0
sulferrous,"names a class or a group, not this page's substance (no variant of 'ferrous sulfate h14feo11s' and no UNII name for it)",0
sulphur hexafluoride microbubbles,"names a class or a group, not this page's substance (no variant of 'sulfur hexafluoride' and no UNII name for it)",0
sulphur hydrogenisatum hpus,ambiguous: 6 pages carry this name and they are not forms of one substance,0
superparamagnetic iron oxide nanoparticles,"names a class or a group, not this page's substance (no variant of 'ferumoxytol' and no UNII name for it)",0
superpotent topical steroids,"names a class or a group, not this page's substance (no variant of 'clobetasol propionate' and no UNII name for it)",0
sweetener 4g s,ambiguous: 2 pages carry this name and they are not forms of one substance,0
tagetes,"the page carries no UNII and no InChIKey, so the name cannot be resolved to a substance",0
takus,"names a class or a group, not this page's substance (no variant of 'ceruletide' and no UNII name for it)",0
tallow hydrogenated fatty acids,"names a class or a group, not this page's substance (no variant of 'stearic acid' and no UNII name for it)",0
tamoxifeni citras,"names a class or a group, not this page's substance (no variant of 'tamoxifen' and no UNII name for it)",0
tartaric acid usp rs,ambiguous: 4 pages carry this name and they are not forms of one substance,0
tartaricum acidum hpus,ambiguous: 4 pages carry this name and they are not forms of one substance,0
taxillus chinensis,"the page carries no UNII and no InChIKey, so the name cannot be resolved to a substance",0
technegas,"names a class or a group, not this page's substance (no variant of 'technetium tc 99m' and no UNII name for it)",0
technetium 99mtc technegas,"names a class or a group, not this page's substance (no variant of 'technetium tc 99m' and no UNII name for it)",0
tecnocris,"names a class or a group, not this page's substance (no variant of 'vincristine' and no UNII name for it)",0
tenofoviri disoproxili fumaras,"names a class or a group, not this page's substance (no variant of 'tenofovir disoproxil' and no UNII name for it)",0
terpenoids,"the page carries no UNII and no InChIKey, so the name cannot be resolved to a substance",0
testosteroni enantas,"names a class or a group, not this page's substance (no variant of 'testosterone enanthate' and no UNII name for it)",0
testosteroni propionas,"names a class or a group, not this page's substance (no variant of 'testosterone propionate' and no UNII name for it)",0
tetramisole hydrochloride s,"names a class or a group, not this page's substance (no variant of 'levamisole' and no UNII name for it)",0
thallous,"the page carries no UNII and no InChIKey, so the name cannot be resolved to a substance",0
theracys,"names a class or a group, not this page's substance (no variant of 'benzoylecgonine' and no UNII name for it)",0
thiamini mononitras,"names a class or a group, not this page's substance (no variant of 'thiamine ion' and no UNII name for it)",0
thoracic spinal cord drops,"names a class or a group, not this page's substance (no variant of 'bos taurus spinal cord' and no UNII name for it)",0
throat drops,"names a class or a group, not this page's substance (no variant of 'bovine type ii collagen nasal septum' and no UNII name for it)",0
thuja occidentalis,ambiguous: 3 pages carry this name and they are not forms of one substance,0
thuja occidentalis 6x hpus,"names a class or a group, not this page's substance (no variant of 'thuja occidentalis whole' and no UNII name for it)",0
thuja occidentalis cm hpus,"names a class or a group, not this page's substance (no variant of 'thuja occidentalis leafy twig' and no UNII name for it)",0
thymic peptides,"the page carries no UNII and no InChIKey, so the name cannot be resolved to a substance",0
thymus satureioides,"the page carries no UNII and no InChIKey, so the name cannot be resolved to a substance",0
thyroid gland preparations,"names a class or a group, not this page's substance (no variant of 'sus scrofa thyroid' and no UNII name for it)",0
tiludronate disodium anhydrous,"names a class or a group, not this page's substance (no variant of 'tiludronic acid' and no UNII name for it)",0
timolol eye drops,"names a class or a group, not this page's substance (no variant of 'timolol anhydrous' and no UNII name for it)",0
timololi maleas,"names a class or a group, not this page's substance (no variant of 'timolol anhydrous' and no UNII name for it)",0
tocas,"names a class or a group, not this page's substance (no variant of 'tamsulosin' and no UNII name for it)",0
tocopherols,ambiguous: 2 pages carry this name and they are not forms of one substance,0
tonsil drops,"names a class or a group, not this page's substance (no variant of 'bos taurus tonsil' and no UNII name for it)",0
toothed clubmoss,"the page carries no UNII and no InChIKey, so the name cannot be resolved to a substance",0
torrent s nebivolol tablets,"names a class or a group, not this page's substance (no variant of 'nebivolol' and no UNII name for it)",0
torrent s quetiapine fumarate tablets,"names a class or a group, not this page's substance (no variant of 'quetiapine' and no UNII name for it)",0
toyolysom ds,"names a class or a group, not this page's substance (no variant of 'lysozyme' and no UNII name for it)",0
trailing arbutus,"the page carries no UNII and no InChIKey, so the name cannot be resolved to a substance",0
trametes,"the page carries no UNII and no InChIKey, so the name cannot be resolved to a substance",0
triamcinolone usp rs,ambiguous: 2 pages carry this name and they are not forms of one substance,0
tribenzor 40 10 25 mg tablets,"names a class or a group, not this page's substance (no variant of 'olmesartan medoxomil' and no UNII name for it)",0
tribulus alatus,"the page carries no UNII and no InChIKey, so the name cannot be resolved to a substance",0
tribulus terrestris,"names a class or a group, not this page's substance (no variant of 'creatine' and no UNII name for it)",0
trichopus zeylanicus,"the page carries no UNII and no InChIKey, so the name cannot be resolved to a substance",0
trichosanthes,"the page carries no UNII and no InChIKey, so the name cannot be resolved to a substance",0
trichosanthis,"the page carries no UNII and no InChIKey, so the name cannot be resolved to a substance",0
tropicamide related compound d usp rs,ambiguous: 2 pages carry this name and they are not forms of one substance,0
tsuruselpi s,"names a class or a group, not this page's substance (no variant of 'rescinnamine' and no UNII name for it)",0
turmerones,"the page carries no UNII and no InChIKey, so the name cannot be resolved to a substance",0
twice daily tacrolimus,"names a class or a group, not this page's substance (no variant of 'tacrolimus anhydrous' and no UNII name for it)",0
tynanthus panurensis,"the page carries no UNII and no InChIKey, so the name cannot be resolved to a substance",0
type a polymers,"the page carries no UNII and no InChIKey, so the name cannot be resolved to a substance",0
typhoid vaccine antigens,ambiguous: 2 pages carry this name and they are not forms of one substance,0
uc mscs,"names a class or a group, not this page's substance (no variant of 'rildinadstrocel' and no UNII name for it)",0
uhac 62 xx 10 mg capsules,"names a class or a group, not this page's substance (no variant of 'meloxicam' and no UNII name for it)",0
uhac 62 xx 10 mg tablets,"names a class or a group, not this page's substance (no variant of 'meloxicam' and no UNII name for it)",0
ulex europaeus flos,"names a class or a group, not this page's substance (no variant of 'ulex europaeus flower' and no UNII name for it)",0
ultramicrosize griseofulvin tablets,"names a class or a group, not this page's substance (no variant of 'griseofulvin' and no UNII name for it)",0
ultrapure s,"names a class or a group, not this page's substance (no variant of 'stearyl alcohol' and no UNII name for it)",0
uncaria sinensis,"the page carries no UNII and no InChIKey, so the name cannot be resolved to a substance",0
unicelles,"names a class or a group, not this page's substance (no variant of 'secbutabarbital' and no UNII name for it)",0
untreated platelets,"names a class or a group, not this page's substance (no variant of 'platelets' and no UNII name for it)",0
uridine usp rs,ambiguous: 2 pages carry this name and they are not forms of one substance,0
uritos,"names a class or a group, not this page's substance (no variant of 'imidafenacin' and no UNII name for it)",0
uterus drops,"names a class or a group, not this page's substance (no variant of 'sus scrofa uterus' and no UNII name for it)",0
vaccinia immunoglobulins,"names a class or a group, not this page's substance (no variant of 'human vaccinia virus immune globulin' and no UNII name for it)",0
vasopressin usp rs,ambiguous: 2 pages carry this name and they are not forms of one substance,0
velactis,"names a class or a group, not this page's substance (no variant of 'cabergoline' and no UNII name for it)",0
venarus,ambiguous: 2 pages carry this name and they are not forms of one substance,0
verzenios,"names a class or a group, not this page's substance (no variant of 'abemaciclib' and no UNII name for it)",0
vinblastini sulfas,"names a class or a group, not this page's substance (no variant of 'vinblastine' and no UNII name for it)",0
vincristini sulfas,"names a class or a group, not this page's substance (no variant of 'vincristine' and no UNII name for it)",0
virginiamycin factor s,"names a class or a group, not this page's substance (no variant of 'virginiamycin s1' and no UNII name for it)",0
vitamin b12 nos,"names a class or a group, not this page's substance (no variant of 'cyanocobalamin 57co' and no UNII name for it)",0
vitamin d drops,"names a class or a group, not this page's substance (no variant of 'ergocalciferol' and no UNII name for it)",0
vitamin d nos,"names a class or a group, not this page's substance (no variant of 'ergocalciferol' and no UNII name for it)",0
vitamin d tablets,"names a class or a group, not this page's substance (no variant of 'ergocalciferol' and no UNII name for it)",0
vitex agnus castus,"the page carries no UNII and no InChIKey, so the name cannot be resolved to a substance",0
vrc01ls,"names a class or a group, not this page's substance (no variant of 'vrc 01ls' and no UNII name for it)",0
w 19053 as,"names a class or a group, not this page's substance (no variant of 'etidocaine' and no UNII name for it)",0
water for injections,"names a class or a group, not this page's substance (no variant of 'aqua' and no UNII name for it)",0
we 941 od tablets,"names a class or a group, not this page's substance (no variant of 'brotizolam' and no UNII name for it)",0
web 2086 bs,"names a class or a group, not this page's substance (no variant of 'apafant' and no UNII name for it)",0
welmate anti diarrheal loperamide hcl softgels,"names a class or a group, not this page's substance (no variant of 'loperamide mu opioid receptor' and no UNII name for it)",0
wharton jelly derived allogeneic mscs,"names a class or a group, not this page's substance (no variant of 'solizmestrocel' and no UNII name for it)",0
wheatgrass,"the page carries no UNII and no InChIKey, so the name cannot be resolved to a substance",0
wild type reovirus,"names a class or a group, not this page's substance (no variant of 'pelareorep' and no UNII name for it)",0
woolly grass,"the page carries no UNII and no InChIKey, so the name cannot be resolved to a substance",0
xanax xr tablets,"names a class or a group, not this page's substance (no variant of 'alprazolam' and no UNII name for it)",0
xanthophyls,"the page carries no UNII and no InChIKey, so the name cannot be resolved to a substance",0
xenon 127xe gas,"names a class or a group, not this page's substance (no variant of 'xenon xe 127' and no UNII name for it)",0
xenovis,"names a class or a group, not this page's substance (no variant of 'xenazoic acid' and no UNII name for it)",0
xyzal 5 mg tablets,"names a class or a group, not this page's substance (no variant of 'levocetirizine' and no UNII name for it)",0
ym 872 anhydrous,"names a class or a group, not this page's substance (no variant of 'zonampanel anhydrous' and no UNII name for it)",0
ym872 anhydrous,"names a class or a group, not this page's substance (no variant of 'zonampanel anhydrous' and no UNII name for it)",0
yohimbines,"the page carries no UNII and no InChIKey, so the name cannot be resolved to a substance",0
zactos,"names a class or a group, not this page's substance (no variant of 'pioglitazone' and no UNII name for it)",0
zalypsis,"names a class or a group, not this page's substance (no variant of 'pm 00104' and no UNII name for it)",0
zenas,"names a class or a group, not this page's substance (no variant of 'amifampridine' and no UNII name for it)",0
zestoretic 20 25 lisinopril hydrochlorothiazide tablets,"names a class or a group, not this page's substance (no variant of 'lisinopril anhydrous' and no UNII name for it)",0
zestril lisinopril 40 mg tablets,"names a class or a group, not this page's substance (no variant of 'lisinopril anhydrous' and no UNII name for it)",0
zidovudine related compound d rs,"names a class or a group, not this page's substance (no variant of 'doxribtimine' and no UNII name for it)",0
zinc as,ambiguous: 3 pages carry this name and they are not forms of one substance,0
zinc sulfate component of multrys,"names a class or a group, not this page's substance (no variant of 'zinc sulfate anhydrous unii 0j6z13x3wo' and no UNII name for it)",0
zinci acetas,"names a class or a group, not this page's substance (no variant of 'zinc acetate' and no UNII name for it)",0
zinci sulfas,"names a class or a group, not this page's substance (no variant of 'zinc sulfate anhydrous unii 0j6z13x3wo' and no UNII name for it)",0
zoloft 100 mg tablets,"names a class or a group, not this page's substance (no variant of 'sertraline' and no UNII name for it)",0
zoloft tablets,"names a class or a group, not this page's substance (no variant of 'sertraline' and no UNII name for it)",0
zyprexa zydis 5 mg tablets,"names a class or a group, not this page's substance (no variant of 'olanzapine' and no UNII name for it)",0
