trientine	APPROVED_MEDICINE	FDA Approved	Small Molecule
abatacept	APPROVED_BIOLOGIC	FDA Approved	Recombinant Protein / Biologic
pirfenidone	APPROVED_MEDICINE	FDA Approved	Small Molecule
abrocitinib	APPROVED_MEDICINE	FDA Approved	Small Molecule
trifluoperazine	APPROVED_MEDICINE	FDA Approved	Small Molecule
aesculus-x-carnea-whole	BOTANICAL_OR_ORGANISM_PREPARATION	Non-FDA / Dietary Supplement	Nutraceutical / Botanical
abemaciclib	APPROVED_MEDICINE	FDA Approved	Small Molecule
melilotus-officinalis-top	BOTANICAL_OR_ORGANISM_PREPARATION	Non-FDA / Dietary Supplement	Nutraceutical / Botanical
coix-lacryma-jobi-ma-yuen-seed	MARKETED_PRODUCT_INGREDIENT	FDA Approved	Nutraceutical / Botanical
1-2-icosapentoyl-sn-glycero-3-phosphoserine	OFF_LABEL_OR_COMPOUNDED	Off-Label / Compounded	Small Molecule
sirolimus	APPROVED_MEDICINE	FDA Approved	Small Molecule
mequinol	APPROVED_MEDICINE	FDA Approved	Small Molecule
convolvulus-prostratis	SUPPLEMENT_INGREDIENT	Non-FDA / Dietary Supplement	Nutraceutical / Botanical
trifluridine	APPROVED_MEDICINE	FDA Approved	Small Molecule
abiraterone	APPROVED_MEDICINE	FDA Approved	Small Molecule
molybdenum-ascorbate	SUPPLEMENT_INGREDIENT	Non-FDA / Dietary Supplement	Nutraceutical / Botanical
crateva-magna-bark	BOTANICAL_OR_ORGANISM_PREPARATION	Non-FDA / Dietary Supplement	Nutraceutical / Botanical
adalimumab-adbm	APPROVED_BIOLOGIC	FDA Approved	Recombinant Protein / Biologic
abacavir-dolutegravir-lamivudine	COMBINATION_PRODUCT	FDA Approved	Small Molecule
juniper-tar	APPROVED_MEDICINE	FDA Approved	Small Molecule
tyrosine-alpha-ketoglutaric-acid	SUPPLEMENT_INGREDIENT	Non-FDA / Dietary Supplement	Nutraceutical / Botanical
1-2-docosahexanoyl-sn-glycero-3-phosphoserine	OFF_LABEL_OR_COMPOUNDED	Off-Label / Compounded	Small Molecule
adapalene	APPROVED_MEDICINE	FDA Approved	Small Molecule
efavirenz-emtricitabine-and-tenofovir-alafenamide	COMBINATION_PRODUCT	FDA Approved	Small Molecule
corylus-americana-pollen	INVESTIGATIONAL_MEDICINE	Pre-clinical / Open Source	Nutraceutical / Botanical
umeclidinium	APPROVED_MEDICINE	FDA Approved	Small Molecule
abobotulinumtoxina	APPROVED_BIOLOGIC	FDA Approved	Recombinant Protein / Biologic
citrus-x-limon-flowering-top-oil	SUPPLEMENT_INGREDIENT	Non-FDA / Dietary Supplement	Nutraceutical / Botanical
diterpene	SUPPLEMENT_INGREDIENT	Non-FDA / Dietary Supplement	Nutraceutical / Botanical
urea	APPROVED_MEDICINE	FDA Approved	Small Molecule
aconite	SUPPLEMENT_INGREDIENT	Non-FDA / Dietary Supplement	Nutraceutical / Botanical
valproic-acid	APPROVED_MEDICINE	FDA Approved	Small Molecule
celandine	SUPPLEMENT_INGREDIENT	Non-FDA / Dietary Supplement	Nutraceutical / Botanical
cramp-bark	SUPPLEMENT_INGREDIENT	Non-FDA / Dietary Supplement	Nutraceutical / Botanical
apis-mellifera	BOTANICAL_OR_ORGANISM_PREPARATION	Non-FDA / Dietary Supplement	Nutraceutical / Botanical
acamprosate	APPROVED_MEDICINE	FDA Approved	Small Molecule
dimethicone-20	MARKETED_PRODUCT_INGREDIENT	FDA Approved	Small Molecule
arnica	BOTANICAL_OR_ORGANISM_PREPARATION	Non-FDA / Dietary Supplement	Nutraceutical / Botanical
acarbose	APPROVED_MEDICINE	FDA Approved	Small Molecule
upadacitinib	APPROVED_MEDICINE	FDA Approved	Small Molecule
curcuma-longa-whole	MARKETED_PRODUCT_INGREDIENT	FDA Approved	Nutraceutical / Botanical
lonicera-canadensis-whole	BOTANICAL_OR_ORGANISM_PREPARATION	Non-FDA / Dietary Supplement	Nutraceutical / Botanical
ibrexafungerp	APPROVED_MEDICINE	FDA Approved	Small Molecule
acetic-acid	APPROVED_MEDICINE	FDA Approved	Nutraceutical / Botanical
uridine-triacetate	APPROVED_MEDICINE	FDA Approved	Small Molecule
actaea-spicata-root	BOTANICAL_OR_ORGANISM_PREPARATION	Non-FDA / Dietary Supplement	Nutraceutical / Botanical
apis-cerana-whole	BOTANICAL_OR_ORGANISM_PREPARATION	Non-FDA / Dietary Supplement	Nutraceutical / Botanical
acetohydroxamic-acid	APPROVED_MEDICINE	FDA Approved	Small Molecule
ursodiol	APPROVED_MEDICINE	FDA Approved	Small Molecule
adenosine-triphosphate	SUPPLEMENT_INGREDIENT	Non-FDA / Dietary Supplement	Nutraceutical / Botanical
alectinib	APPROVED_MEDICINE	FDA Approved	Small Molecule
aducanumab-avwa	WITHDRAWN_MEDICINE	Withdrawn from Market	Monoclonal Antibody (mAb)
captopril	APPROVED_MEDICINE	FDA Approved	Small Molecule
aconitum-napellus-whole	BOTANICAL_OR_ORGANISM_PREPARATION	Non-FDA / Dietary Supplement	Nutraceutical / Botanical
adalimumab-aacf	APPROVED_BIOLOGIC	FDA Approved	Recombinant Protein / Biologic
dimethicone-200	APPROVED_MEDICINE	FDA Approved	Small Molecule
achillea-millefolium	BOTANICAL_OR_ORGANISM_PREPARATION	Non-FDA / Dietary Supplement	Nutraceutical / Botanical
afamitresgene-autoleucel	INVESTIGATIONAL_MEDICINE	Pre-clinical / Open Source	CRISPR / Gene Therapy
urtica-dioica	BOTANICAL_OR_ORGANISM_PREPARATION	Non-FDA / Dietary Supplement	Nutraceutical / Botanical
amivantamab	INVESTIGATIONAL_MEDICINE	Pre-clinical / Open Source	Monoclonal Antibody (mAb)
olibanum	MARKETED_PRODUCT_INGREDIENT	Non-FDA / Dietary Supplement	Nutraceutical / Botanical
acetylcysteine	APPROVED_MEDICINE	FDA Approved	Small Molecule
benzoin-resin	APPROVED_MEDICINE	FDA Approved	Small Molecule
distichlis-spicata-pollen	BOTANICAL_OR_ORGANISM_PREPARATION	Non-FDA / Dietary Supplement	Nutraceutical / Botanical
amantadine	APPROVED_MEDICINE	FDA Approved	Small Molecule
acoramidis	APPROVED_MEDICINE	FDA Approved	Small Molecule
adalimumab-aqvh	APPROVED_BIOLOGIC	FDA Approved	Recombinant Protein / Biologic
alfalfa-top	BOTANICAL_OR_ORGANISM_PREPARATION	Non-FDA / Dietary Supplement	Nutraceutical / Botanical
amifostine	APPROVED_MEDICINE	FDA Approved	Small Molecule
maral-root	SUPPLEMENT_INGREDIENT	Non-FDA / Dietary Supplement	Nutraceutical / Botanical
valine	SUPPLEMENT_INGREDIENT	Non-FDA / Dietary Supplement	Nutraceutical / Botanical
activated-charcoal	APPROVED_MEDICINE	FDA Approved	Nutraceutical / Botanical
ammonia	APPROVED_MEDICINE	FDA Approved	Nutraceutical / Botanical
bictegravir-emtricitabine-and-tenofovir-alafenamide	APPROVED_MEDICINE	FDA Approved	Small Molecule
vamorolone	APPROVED_MEDICINE	FDA Approved	Small Molecule
adagrasib	APPROVED_MEDICINE	FDA Approved	Small Molecule
duodenum	SUPPLEMENT_INGREDIENT	Non-FDA / Dietary Supplement	Nutraceutical / Botanical
albumin-human	APPROVED_BIOLOGIC	FDA Approved	Recombinant Protein / Biologic
varicella-zoster-virus-strain-oka-merck-live-antigen	INVESTIGATIONAL_MEDICINE	Pre-clinical / Open Source	Recombinant Protein / Biologic
adalimumab-adaz	APPROVED_BIOLOGIC	FDA Approved	Recombinant Protein / Biologic
adenosine-phosphate	SUPPLEMENT_INGREDIENT	Non-FDA / Dietary Supplement	Nutraceutical / Botanical
adefovir-dipivoxil	APPROVED_MEDICINE	FDA Approved	Small Molecule
vitamin-b1	SUPPLEMENT_INGREDIENT	Non-FDA / Dietary Supplement	Nutraceutical / Botanical
egg-yolk	SUPPLEMENT_INGREDIENT	Non-FDA / Dietary Supplement	Nutraceutical / Botanical
fomitopsis-pinicola	BOTANICAL_OR_ORGANISM_PREPARATION	Non-FDA / Dietary Supplement	Nutraceutical / Botanical
figwort	BOTANICAL_OR_ORGANISM_PREPARATION	Non-FDA / Dietary Supplement	Nutraceutical / Botanical
aesculus-hippocastanum-whole	BOTANICAL_OR_ORGANISM_PREPARATION	Non-FDA / Dietary Supplement	Nutraceutical / Botanical
alpha-arbutin	MARKETED_PRODUCT_INGREDIENT	FDA Approved	Small Molecule
benznidazole	APPROVED_MEDICINE	FDA Approved	Small Molecule
echinacea-purpurea-whole	BOTANICAL_OR_ORGANISM_PREPARATION	Non-FDA / Dietary Supplement	Nutraceutical / Botanical
afatinib	APPROVED_MEDICINE	FDA Approved	Small Molecule
alcohol-x-ray-exposed	SUPPLEMENT_INGREDIENT	Non-FDA / Dietary Supplement	Nutraceutical / Botanical
calcium-fructopyranose-borate	SUPPLEMENT_INGREDIENT	Non-FDA / Dietary Supplement	Nutraceutical / Botanical
angiotensin-ii	APPROVED_MEDICINE	FDA Approved	Small Molecule
aflibercept	APPROVED_BIOLOGIC	FDA Approved	Recombinant Protein / Biologic
magnolia-x-alba-whole	BOTANICAL_OR_ORGANISM_PREPARATION	Non-FDA / Dietary Supplement	Nutraceutical / Botanical
ashwagandha	BOTANICAL_OR_ORGANISM_PREPARATION	Non-FDA / Dietary Supplement	Nutraceutical / Botanical
asparaginase-erwinia-chrysanthemi-rywn	APPROVED_BIOLOGIC	FDA Approved	Recombinant Protein / Biologic
aspirin	APPROVED_MEDICINE	FDA Approved	Small Molecule
agaricus-bisporus-whole	BOTANICAL_OR_ORGANISM_PREPARATION	Non-FDA / Dietary Supplement	Nutraceutical / Botanical
alcohol-95	APPROVED_MEDICINE	FDA Approved	Small Molecule
elcampane	SUPPLEMENT_INGREDIENT	Non-FDA / Dietary Supplement	Nutraceutical / Botanical
agrimonia-eupatoria	BOTANICAL_OR_ORGANISM_PREPARATION	Non-FDA / Dietary Supplement	Nutraceutical / Botanical
eclipta-prostrata-whole	MARKETED_PRODUCT_INGREDIENT	FDA Approved	Nutraceutical / Botanical
elder-flower	SUPPLEMENT_INGREDIENT	Non-FDA / Dietary Supplement	Nutraceutical / Botanical
spanish-chestnut	SUPPLEMENT_INGREDIENT	Non-FDA / Dietary Supplement	Nutraceutical / Botanical
avutometinib	APPROVED_MEDICINE	FDA Approved	Small Molecule
aldesleukin	APPROVED_BIOLOGIC	FDA Approved	Recombinant Protein / Biologic
agrostis-gigantea-pollen	BOTANICAL_OR_ORGANISM_PREPARATION	Non-FDA / Dietary Supplement	Nutraceutical / Botanical
vitamin-b6	SUPPLEMENT_INGREDIENT	Non-FDA / Dietary Supplement	Nutraceutical / Botanical
vonoprazan	APPROVED_MEDICINE	FDA Approved	Small Molecule
albendazole	APPROVED_MEDICINE	FDA Approved	Small Molecule
emu-oil	MARKETED_PRODUCT_INGREDIENT	FDA Approved	Nutraceutical / Botanical
alglucosidase-alfa	APPROVED_BIOLOGIC	FDA Approved	Recombinant Protein / Biologic
albumin-aggregated	INVESTIGATIONAL_MEDICINE	Pre-clinical / Open Source	Recombinant Protein / Biologic
allogeneic-thymocyte-depleted-thymus-tissue-agdc	INVESTIGATIONAL_MEDICINE	Pre-clinical / Open Source	Recombinant Protein / Biologic
artemisia-afra-top	MARKETED_PRODUCT_INGREDIENT	FDA Approved	Nutraceutical / Botanical
enterococcus-faecium	BOTANICAL_OR_ORGANISM_PREPARATION	Non-FDA / Dietary Supplement	Nutraceutical / Botanical
zinc-citrate	OFF_LABEL_OR_COMPOUNDED	Off-Label / Compounded	Small Molecule
alemtuzumab	APPROVED_BIOLOGIC	FDA Approved	Monoclonal Antibody (mAb)
erigeron-breviscapus	BOTANICAL_OR_ORGANISM_PREPARATION	Non-FDA / Dietary Supplement	Nutraceutical / Botanical
fagus-sylvatica-pollen	BOTANICAL_OR_ORGANISM_PREPARATION	Non-FDA / Dietary Supplement	Nutraceutical / Botanical
marsh-tea	BOTANICAL_OR_ORGANISM_PREPARATION	Non-FDA / Dietary Supplement	Nutraceutical / Botanical
vitex-agnus-castus-whole	BOTANICAL_OR_ORGANISM_PREPARATION	Non-FDA / Dietary Supplement	Nutraceutical / Botanical
aresaema	SUPPLEMENT_INGREDIENT	Non-FDA / Dietary Supplement	Nutraceutical / Botanical
frankinsense	SUPPLEMENT_INGREDIENT	Non-FDA / Dietary Supplement	Nutraceutical / Botanical
magnesiium	SUPPLEMENT_INGREDIENT	Non-FDA / Dietary Supplement	Nutraceutical / Botanical
allantoin	APPROVED_MEDICINE	FDA Approved	Nutraceutical / Botanical
ziv-aflibercept	APPROVED_BIOLOGIC	FDA Approved	Recombinant Protein / Biologic
field-penny-cress	SUPPLEMENT_INGREDIENT	Non-FDA / Dietary Supplement	Nutraceutical / Botanical
tangeretin	SUPPLEMENT_INGREDIENT	Non-FDA / Dietary Supplement	Nutraceutical / Botanical
zoliflodacin	APPROVED_MEDICINE	FDA Approved	Small Molecule
alnus-viridis-subsp-crispa-leaf	BOTANICAL_OR_ORGANISM_PREPARATION	Non-FDA / Dietary Supplement	Nutraceutical / Botanical
clomiphene	APPROVED_MEDICINE	FDA Approved	Small Molecule
bacillus-calmette-guerin-substrain-tice-live-antigen	INVESTIGATIONAL_MEDICINE	Pre-clinical / Open Source	Recombinant Protein / Biologic
capecitabine	APPROVED_MEDICINE	FDA Approved	Small Molecule
alnus-glutinosa-leaf	BOTANICAL_OR_ORGANISM_PREPARATION	Non-FDA / Dietary Supplement	Nutraceutical / Botanical
baclofen	APPROVED_MEDICINE	FDA Approved	Small Molecule
alumina	SUPPLEMENT_INGREDIENT	Non-FDA / Dietary Supplement	Nutraceutical / Botanical
eutrochium-purpureum-root	BOTANICAL_OR_ORGANISM_PREPARATION	Non-FDA / Dietary Supplement	Nutraceutical / Botanical
lonicera-japonica-flower	MARKETED_PRODUCT_INGREDIENT	FDA Approved	Nutraceutical / Botanical
baricitinib	APPROVED_MEDICINE	FDA Approved	Small Molecule
aloe-barbadensis-leaf	APPROVED_MEDICINE	FDA Approved	Nutraceutical / Botanical
bazedoxifene	APPROVED_MEDICINE	FDA Approved	Small Molecule
everlasting-extract	SUPPLEMENT_INGREDIENT	Non-FDA / Dietary Supplement	Nutraceutical / Botanical
aloe	APPROVED_MEDICINE	FDA Approved	Nutraceutical / Botanical
fumaria-officinalis-whole	BOTANICAL_OR_ORGANISM_PREPARATION	Non-FDA / Dietary Supplement	Nutraceutical / Botanical
almotriptan	APPROVED_MEDICINE	FDA Approved	Small Molecule
amivantamab-vmjw	APPROVED_BIOLOGIC	FDA Approved	Recombinant Protein / Biologic
false-unicorn-root	SUPPLEMENT_INGREDIENT	Non-FDA / Dietary Supplement	Nutraceutical / Botanical
alogliptin	APPROVED_MEDICINE	FDA Approved	Small Molecule
aluminum-phosphate	APPROVED_MEDICINE	FDA Approved	Nutraceutical / Botanical
purple-willow	SUPPLEMENT_INGREDIENT	Non-FDA / Dietary Supplement	Nutraceutical / Botanical
beef-protein	SUPPLEMENT_INGREDIENT	Non-FDA / Dietary Supplement	Nutraceutical / Botanical
alpha-tocopherol-dl	OFF_LABEL_OR_COMPOUNDED	Off-Label / Compounded	Small Molecule
belinostat	APPROVED_MEDICINE	FDA Approved	Small Molecule
aluminum-chloride	APPROVED_MEDICINE	FDA Approved	Nutraceutical / Botanical
s-allylcysteine	SUPPLEMENT_INGREDIENT	Non-FDA / Dietary Supplement	Nutraceutical / Botanical
alpha-tocopherol-succinate-d	OFF_LABEL_OR_COMPOUNDED	Off-Label / Compounded	Small Molecule
ficus-simplicissima	BOTANICAL_OR_ORGANISM_PREPARATION	Non-FDA / Dietary Supplement	Nutraceutical / Botanical
dhea	SUPPLEMENT_INGREDIENT	Non-FDA / Dietary Supplement	Nutraceutical / Botanical
betula-pubescens-flower-bud	SUPPLEMENT_INGREDIENT	Non-FDA / Dietary Supplement	Nutraceutical / Botanical
alpelisib	APPROVED_MEDICINE	FDA Approved	Small Molecule
fermented-tea	SUPPLEMENT_INGREDIENT	Non-FDA / Dietary Supplement	Nutraceutical / Botanical
ambrisentan	APPROVED_MEDICINE	FDA Approved	Small Molecule
meriones-unguiculatus-skin	INVESTIGATIONAL_MEDICINE	Pre-clinical / Open Source	Nutraceutical / Botanical
amitrole	MARKETED_PRODUCT_INGREDIENT	Non-FDA / Dietary Supplement	Nutraceutical / Botanical
colchicum-autumnale-flower	BOTANICAL_OR_ORGANISM_PREPARATION	Non-FDA / Dietary Supplement	Nutraceutical / Botanical
lactobacillus-plantarum	SUPPLEMENT_INGREDIENT	Non-FDA / Dietary Supplement	Nutraceutical / Botanical
lovage	BOTANICAL_OR_ORGANISM_PREPARATION	Non-FDA / Dietary Supplement	Nutraceutical / Botanical
flax-protein	SUPPLEMENT_INGREDIENT	Non-FDA / Dietary Supplement	Nutraceutical / Botanical
handroanthus-impetiginosus-bark	BOTANICAL_OR_ORGANISM_PREPARATION	Non-FDA / Dietary Supplement	Nutraceutical / Botanical
abacavir	APPROVED_MEDICINE	FDA Approved	Small Molecule
fiber-blend	SUPPLEMENT_INGREDIENT	Non-FDA / Dietary Supplement	Nutraceutical / Botanical
aluminum-chlorohydrate	APPROVED_MEDICINE	FDA Approved	Small Molecule
flower-pollen	SUPPLEMENT_INGREDIENT	Non-FDA / Dietary Supplement	Nutraceutical / Botanical
aminolevulinic-acid	APPROVED_MEDICINE	FDA Approved	Small Molecule
berberine	SUPPLEMENT_INGREDIENT	Non-FDA / Dietary Supplement	Nutraceutical / Botanical
abelmoschus-moschatus-seed	BOTANICAL_OR_ORGANISM_PREPARATION	Non-FDA / Dietary Supplement	Nutraceutical / Botanical
tilia-cordata-flower	BOTANICAL_OR_ORGANISM_PREPARATION	Non-FDA / Dietary Supplement	Nutraceutical / Botanical
betamethasone	APPROVED_MEDICINE	FDA Approved	Small Molecule
tea-tree	BOTANICAL_OR_ORGANISM_PREPARATION	Non-FDA / Dietary Supplement	Nutraceutical / Botanical
bethanechol	APPROVED_MEDICINE	FDA Approved	Small Molecule
atractylodes-macrocephala-root	BOTANICAL_OR_ORGANISM_PREPARATION	Non-FDA / Dietary Supplement	Nutraceutical / Botanical
glycyrrhiza-glabra-root-powder	SUPPLEMENT_INGREDIENT	Non-FDA / Dietary Supplement	Nutraceutical / Botanical
menyanthes-trifoliata-whole	BOTANICAL_OR_ORGANISM_PREPARATION	Non-FDA / Dietary Supplement	Nutraceutical / Botanical
benazepril	APPROVED_MEDICINE	FDA Approved	Small Molecule
crovalimab	INVESTIGATIONAL_MEDICINE	Pre-clinical / Open Source	Monoclonal Antibody (mAb)
manganese-difluoride	SUPPLEMENT_INGREDIENT	Non-FDA / Dietary Supplement	Nutraceutical / Botanical
squid	SUPPLEMENT_INGREDIENT	Non-FDA / Dietary Supplement	Nutraceutical / Botanical
cefiderocol	APPROVED_MEDICINE	FDA Approved	Small Molecule
brain-derived-neurotrophic-factor-human	SUPPLEMENT_INGREDIENT	Non-FDA / Dietary Supplement	Nutraceutical / Botanical
delphinidin	SUPPLEMENT_INGREDIENT	Non-FDA / Dietary Supplement	Nutraceutical / Botanical
betibeglogene-autotemcel	INVESTIGATIONAL_MEDICINE	Pre-clinical / Open Source	CRISPR / Gene Therapy
arsenic	SUPPLEMENT_INGREDIENT	Non-FDA / Dietary Supplement	Nutraceutical / Botanical
aluminum-zirconium-octachlorohydrex-gly	APPROVED_MEDICINE	FDA Approved	Small Molecule
bevacizumab-tnjn	APPROVED_BIOLOGIC	FDA Approved	Recombinant Protein / Biologic
fomitopsis-pinicola-fruiting-body	SUPPLEMENT_INGREDIENT	Non-FDA / Dietary Supplement	Nutraceutical / Botanical
bimatoprost	APPROVED_MEDICINE	FDA Approved	Small Molecule
amaryllis-belladonna-whole	BOTANICAL_OR_ORGANISM_PREPARATION	Non-FDA / Dietary Supplement	Nutraceutical / Botanical
amivantamab-and-hyaluronidase-lpuj	APPROVED_BIOLOGIC	FDA Approved	Recombinant Protein / Biologic
forsythia	BOTANICAL_OR_ORGANISM_PREPARATION	Non-FDA / Dietary Supplement	Nutraceutical / Botanical
arsenic-tribromide	SUPPLEMENT_INGREDIENT	Non-FDA / Dietary Supplement	Nutraceutical / Botanical
ambrosia-artemisiifolia-pollen	BOTANICAL_OR_ORGANISM_PREPARATION	Non-FDA / Dietary Supplement	Nutraceutical / Botanical
tetracosanol	SUPPLEMENT_INGREDIENT	Non-FDA / Dietary Supplement	Nutraceutical / Botanical
geranium-robertianum-whole	BOTANICAL_OR_ORGANISM_PREPARATION	Non-FDA / Dietary Supplement	Nutraceutical / Botanical
hawthorn	BOTANICAL_OR_ORGANISM_PREPARATION	Non-FDA / Dietary Supplement	Nutraceutical / Botanical
bisoprolol	APPROVED_MEDICINE	FDA Approved	Small Molecule
amikacin	APPROVED_MEDICINE	FDA Approved	Small Molecule
bosutinib	APPROVED_MEDICINE	FDA Approved	Small Molecule
molybdenum-trichloride	SUPPLEMENT_INGREDIENT	Non-FDA / Dietary Supplement	Nutraceutical / Botanical
superoxides	MARKETED_PRODUCT_INGREDIENT	Non-FDA / Dietary Supplement	Nutraceutical / Botanical
calcitriol	APPROVED_MEDICINE	FDA Approved	Small Molecule
amiodarone	APPROVED_MEDICINE	FDA Approved	Small Molecule
cynara-scolymus-whole	BOTANICAL_OR_ORGANISM_PREPARATION	Non-FDA / Dietary Supplement	Nutraceutical / Botanical
botulinum-toxin-type-a	SUPPLEMENT_INGREDIENT	Non-FDA / Dietary Supplement	Nutraceutical / Botanical
crisaborole	APPROVED_MEDICINE	FDA Approved	Small Molecule
anamirta-cocculus-seed	BOTANICAL_OR_ORGANISM_PREPARATION	Non-FDA / Dietary Supplement	Nutraceutical / Botanical
botulinum-toxin-type-b	APPROVED_BIOLOGIC	FDA Approved	Recombinant Protein / Biologic
fish-oil-triglycerides	APPROVED_MEDICINE	FDA Approved	Small Molecule
collinsonia	BOTANICAL_OR_ORGANISM_PREPARATION	Non-FDA / Dietary Supplement	Nutraceutical / Botanical
cobalamin	SUPPLEMENT_INGREDIENT	Non-FDA / Dietary Supplement	Nutraceutical / Botanical
ammonia-n-13	APPROVED_MEDICINE	FDA Approved	Small Molecule
dexmethylphenidate	APPROVED_MEDICINE	FDA Approved	Small Molecule
cytisus-scoparius-flower	BOTANICAL_OR_ORGANISM_PREPARATION	Non-FDA / Dietary Supplement	Nutraceutical / Botanical
fremanezumab-vfrm	APPROVED_BIOLOGIC	FDA Approved	Recombinant Protein / Biologic
ammonium	APPROVED_MEDICINE	FDA Approved	Small Molecule
black-mustard-seed	BOTANICAL_OR_ORGANISM_PREPARATION	Non-FDA / Dietary Supplement	Nutraceutical / Botanical
selenium-tetrabromide	MARKETED_PRODUCT_INGREDIENT	Non-FDA / Dietary Supplement	Nutraceutical / Botanical
sweet-orange	BOTANICAL_OR_ORGANISM_PREPARATION	Non-FDA / Dietary Supplement	Nutraceutical / Botanical
ammonium-phosphate-dibasic	SUPPLEMENT_INGREDIENT	Non-FDA / Dietary Supplement	Nutraceutical / Botanical
calcium-bicarbonate	APPROVED_MEDICINE	FDA Approved	Small Molecule
galium-odoratum	BOTANICAL_OR_ORGANISM_PREPARATION	Non-FDA / Dietary Supplement	Nutraceutical / Botanical
gardenia	BOTANICAL_OR_ORGANISM_PREPARATION	Non-FDA / Dietary Supplement	Nutraceutical / Botanical
amphetamine-dl-aspartate	INVESTIGATIONAL_MEDICINE	Pre-clinical / Open Source	Small Molecule
anagrelide	APPROVED_MEDICINE	FDA Approved	Small Molecule
garcinia-gummi-gutta-fruit	BOTANICAL_OR_ORGANISM_PREPARATION	Non-FDA / Dietary Supplement	Nutraceutical / Botanical
amoxapine	APPROVED_MEDICINE	FDA Approved	Small Molecule
apple-cider-vinegar	SUPPLEMENT_INGREDIENT	Non-FDA / Dietary Supplement	Nutraceutical / Botanical
difelikefalin	APPROVED_MEDICINE	FDA Approved	Small Molecule
bayberry	SUPPLEMENT_INGREDIENT	Non-FDA / Dietary Supplement	Nutraceutical / Botanical
ampicillin	APPROVED_MEDICINE	FDA Approved	Small Molecule
gentiana-manshurica	BOTANICAL_OR_ORGANISM_PREPARATION	Non-FDA / Dietary Supplement	Nutraceutical / Botanical
capsicum-oleoresin	APPROVED_MEDICINE	FDA Approved	Small Molecule
daclizumab	APPROVED_BIOLOGIC	FDA Approved	Monoclonal Antibody (mAb)
ampicillin-ampicillin	APPROVED_MEDICINE	FDA Approved	Small Molecule
anaplasma-phagocytophilum	BOTANICAL_OR_ORGANISM_PREPARATION	Non-FDA / Dietary Supplement	Nutraceutical / Botanical
carbon-dioxide-usp	APPROVED_MEDICINE	FDA Approved	Small Molecule
ginkgo-biloba-whole	BOTANICAL_OR_ORGANISM_PREPARATION	Non-FDA / Dietary Supplement	Nutraceutical / Botanical
carnitine	SUPPLEMENT_INGREDIENT	Non-FDA / Dietary Supplement	Nutraceutical / Botanical
amyl-nitrite	SUPPLEMENT_INGREDIENT	Non-FDA / Dietary Supplement	Nutraceutical / Botanical
antazoline	APPROVED_MEDICINE	FDA Approved	Small Molecule
bamboo-fiber	SUPPLEMENT_INGREDIENT	Non-FDA / Dietary Supplement	Nutraceutical / Botanical
antimony	SUPPLEMENT_INGREDIENT	Non-FDA / Dietary Supplement	Nutraceutical / Botanical
anhydrous-citric-acid	APPROVED_MEDICINE	FDA Approved	Nutraceutical / Botanical
listeria-monocytogenes	BOTANICAL_OR_ORGANISM_PREPARATION	Non-FDA / Dietary Supplement	Nutraceutical / Botanical
ansuvimab	INVESTIGATIONAL_MEDICINE	Pre-clinical / Open Source	Monoclonal Antibody (mAb)
araneus-diadematus	BOTANICAL_OR_ORGANISM_PREPARATION	Non-FDA / Dietary Supplement	Nutraceutical / Botanical
carpinus-betulus-flowering-top	BOTANICAL_OR_ORGANISM_PREPARATION	Non-FDA / Dietary Supplement	Nutraceutical / Botanical
didecyldimonium	APPROVED_MEDICINE	FDA Approved	Small Molecule
cefazolin	APPROVED_MEDICINE	FDA Approved	Small Molecule
anthoxanthum-odoratum-pollen	BOTANICAL_OR_ORGANISM_PREPARATION	Non-FDA / Dietary Supplement	Nutraceutical / Botanical
chinese-club-moss	SUPPLEMENT_INGREDIENT	Non-FDA / Dietary Supplement	Nutraceutical / Botanical
ethanolamine-oleate	APPROVED_MEDICINE	FDA Approved	Small Molecule
arimoclomol	APPROVED_MEDICINE	FDA Approved	Small Molecule
antimony-potassium	SUPPLEMENT_INGREDIENT	Non-FDA / Dietary Supplement	Nutraceutical / Botanical
horse	BOTANICAL_OR_ORGANISM_PREPARATION	Non-FDA / Dietary Supplement	Nutraceutical / Botanical
antimony-trisulfide	SUPPLEMENT_INGREDIENT	Non-FDA / Dietary Supplement	Nutraceutical / Botanical
asarum-europaeum	BOTANICAL_OR_ORGANISM_PREPARATION	Non-FDA / Dietary Supplement	Nutraceutical / Botanical
celecoxib	APPROVED_MEDICINE	FDA Approved	Small Molecule
green-bell-pepper	SUPPLEMENT_INGREDIENT	Non-FDA / Dietary Supplement	Nutraceutical / Botanical
apocynum-cannabinum-root	BOTANICAL_OR_ORGANISM_PREPARATION	Non-FDA / Dietary Supplement	Nutraceutical / Botanical
chard	SUPPLEMENT_INGREDIENT	Non-FDA / Dietary Supplement	Nutraceutical / Botanical
dactinomycin	APPROVED_MEDICINE	FDA Approved	Small Molecule
honey	APPROVED_MEDICINE	FDA Approved	Nutraceutical / Botanical
macadamia-nut	BOTANICAL_OR_ORGANISM_PREPARATION	Non-FDA / Dietary Supplement	Nutraceutical / Botanical
chlorpromazine	APPROVED_MEDICINE	FDA Approved	Small Molecule
apraclonidine	APPROVED_MEDICINE	FDA Approved	Small Molecule
arsenic-triiodide	SUPPLEMENT_INGREDIENT	Non-FDA / Dietary Supplement	Nutraceutical / Botanical
sus-scrofa-uterus	BOTANICAL_OR_ORGANISM_PREPARATION	Non-FDA / Dietary Supplement	Nutraceutical / Botanical
guaiacum-officinale-resin	BOTANICAL_OR_ORGANISM_PREPARATION	Non-FDA / Dietary Supplement	Nutraceutical / Botanical
chorionic-gonadotropin	SUPPLEMENT_INGREDIENT	Non-FDA / Dietary Supplement	Nutraceutical / Botanical
eurycoma-longifolia-whole	BOTANICAL_OR_ORGANISM_PREPARATION	Non-FDA / Dietary Supplement	Nutraceutical / Botanical
arabica-coffee-bean	SUPPLEMENT_INGREDIENT	Non-FDA / Dietary Supplement	Nutraceutical / Botanical
gymnemic-acid	SUPPLEMENT_INGREDIENT	Non-FDA / Dietary Supplement	Nutraceutical / Botanical
arformoterol	APPROVED_MEDICINE	FDA Approved	Small Molecule
arnica-montana-flower	APPROVED_MEDICINE	FDA Approved	Nutraceutical / Botanical
foxtail-millet	BOTANICAL_OR_ORGANISM_PREPARATION	Non-FDA / Dietary Supplement	Nutraceutical / Botanical
argatroban	APPROVED_MEDICINE	FDA Approved	Small Molecule
rosa-rugosa-flower-bud	MARKETED_PRODUCT_INGREDIENT	FDA Approved	Nutraceutical / Botanical
estrogens-conjugated	APPROVED_MEDICINE	FDA Approved	Small Molecule
aripiprazole-lauroxil	APPROVED_MEDICINE	FDA Approved	Small Molecule
aspidosperma-quebracho-blanco-bark	BOTANICAL_OR_ORGANISM_PREPARATION	Non-FDA / Dietary Supplement	Nutraceutical / Botanical
citalopram	APPROVED_MEDICINE	FDA Approved	Small Molecule
dantrolene	APPROVED_MEDICINE	FDA Approved	Small Molecule
arsenic-trioxide	APPROVED_MEDICINE	FDA Approved	Small Molecule
aspergillus-niger	BOTANICAL_OR_ORGANISM_PREPARATION	Non-FDA / Dietary Supplement	Nutraceutical / Botanical
forsythia-suspensa-fruit	BOTANICAL_OR_ORGANISM_PREPARATION	Non-FDA / Dietary Supplement	Nutraceutical / Botanical
clofazimine	APPROVED_MEDICINE	FDA Approved	Small Molecule
bandtooth-conger	BOTANICAL_OR_ORGANISM_PREPARATION	Non-FDA / Dietary Supplement	Nutraceutical / Botanical
artemether	APPROVED_MEDICINE	FDA Approved	Small Molecule
syringa-vulgaris-flower	BOTANICAL_OR_ORGANISM_PREPARATION	Non-FDA / Dietary Supplement	Nutraceutical / Botanical
hedyotis	BOTANICAL_OR_ORGANISM_PREPARATION	Non-FDA / Dietary Supplement	Nutraceutical / Botanical
bempedoic-acid	APPROVED_MEDICINE	FDA Approved	Small Molecule
daclatasvir	APPROVED_MEDICINE	FDA Approved	Small Molecule
asafoetida	BOTANICAL_OR_ORGANISM_PREPARATION	Non-FDA / Dietary Supplement	Nutraceutical / Botanical
carbonate	SUPPLEMENT_INGREDIENT	Non-FDA / Dietary Supplement	Nutraceutical / Botanical
colesevelam	APPROVED_MEDICINE	FDA Approved	Small Molecule
daprodustat	APPROVED_MEDICINE	FDA Approved	Small Molecule
eye	SUPPLEMENT_INGREDIENT	Non-FDA / Dietary Supplement	Nutraceutical / Botanical
asciminib	APPROVED_MEDICINE	FDA Approved	Small Molecule
holcus-lanatus-pollen	BOTANICAL_OR_ORGANISM_PREPARATION	Non-FDA / Dietary Supplement	Nutraceutical / Botanical
macadamia-nut-oil	BOTANICAL_OR_ORGANISM_PREPARATION	Non-FDA / Dietary Supplement	Nutraceutical / Botanical
ibalizumab	INVESTIGATIONAL_MEDICINE	Pre-clinical / Open Source	Monoclonal Antibody (mAb)
atropa-belladonna	BOTANICAL_OR_ORGANISM_PREPARATION	Non-FDA / Dietary Supplement	Nutraceutical / Botanical
condurango	SUPPLEMENT_INGREDIENT	Non-FDA / Dietary Supplement	Nutraceutical / Botanical
henbane	BOTANICAL_OR_ORGANISM_PREPARATION	Non-FDA / Dietary Supplement	Nutraceutical / Botanical
fingolimod	APPROVED_MEDICINE	FDA Approved	Small Molecule
ginkgo-flavone-glycoside	SUPPLEMENT_INGREDIENT	Non-FDA / Dietary Supplement	Nutraceutical / Botanical
rhus-glabra-top	BOTANICAL_OR_ORGANISM_PREPARATION	Non-FDA / Dietary Supplement	Nutraceutical / Botanical
ferric-pyrophosphate	APPROVED_MEDICINE	FDA Approved	Small Molecule
adapalene-benzoyl-peroxide	COMBINATION_PRODUCT	FDA Approved	Small Molecule
atacicept	INVESTIGATIONAL_MEDICINE	Pre-clinical / Open Source	Recombinant Protein / Biologic
avanafil	APPROVED_MEDICINE	FDA Approved	Small Molecule
human-milk	BOTANICAL_OR_ORGANISM_PREPARATION	Non-FDA / Dietary Supplement	Nutraceutical / Botanical
atezolizumab	APPROVED_BIOLOGIC	FDA Approved	Monoclonal Antibody (mAb)
choline-c-11	APPROVED_MEDICINE	FDA Approved	Small Molecule
atogepant	APPROVED_MEDICINE	FDA Approved	Small Molecule
hmb-hydroxymethylbutyrate	SUPPLEMENT_INGREDIENT	Non-FDA / Dietary Supplement	Nutraceutical / Botanical
human-cholecystokinin-33	SUPPLEMENT_INGREDIENT	Non-FDA / Dietary Supplement	Nutraceutical / Botanical
avalglucosidase-alfa	INVESTIGATIONAL_MEDICINE	Pre-clinical / Open Source	Recombinant Protein / Biologic
daridorexant	APPROVED_MEDICINE	FDA Approved	Small Molecule
atorvastatin-calcium-propylene-glycol-solvate	INVESTIGATIONAL_MEDICINE	Pre-clinical / Open Source	Small Molecule
homalolepis-cedron-seed	BOTANICAL_OR_ORGANISM_PREPARATION	Non-FDA / Dietary Supplement	Nutraceutical / Botanical
atropine	APPROVED_MEDICINE	FDA Approved	Small Molecule
balsam-of-peru	SUPPLEMENT_INGREDIENT	Non-FDA / Dietary Supplement	Nutraceutical / Botanical
litsea-cubeba-fruit	BOTANICAL_OR_ORGANISM_PREPARATION	Non-FDA / Dietary Supplement	Nutraceutical / Botanical
azilsartan-kamedoxomil	APPROVED_MEDICINE	FDA Approved	Small Molecule
avena-sativa-flowering-top	BOTANICAL_OR_ORGANISM_PREPARATION	Non-FDA / Dietary Supplement	Nutraceutical / Botanical
human-herpesvirus-8	BOTANICAL_OR_ORGANISM_PREPARATION	Non-FDA / Dietary Supplement	Nutraceutical / Botanical
syzygium-jambos-seed	BOTANICAL_OR_ORGANISM_PREPARATION	Non-FDA / Dietary Supplement	Nutraceutical / Botanical
avelumab	APPROVED_BIOLOGIC	FDA Approved	Monoclonal Antibody (mAb)
hoodia	BOTANICAL_OR_ORGANISM_PREPARATION	Non-FDA / Dietary Supplement	Nutraceutical / Botanical
chamomile	APPROVED_MEDICINE	FDA Approved	Nutraceutical / Botanical
chinese-rhubarb	SUPPLEMENT_INGREDIENT	Non-FDA / Dietary Supplement	Nutraceutical / Botanical
combretum-micranthum-leaf	BOTANICAL_OR_ORGANISM_PREPARATION	Non-FDA / Dietary Supplement	Nutraceutical / Botanical
equisetum-arvense-whole	BOTANICAL_OR_ORGANISM_PREPARATION	Non-FDA / Dietary Supplement	Nutraceutical / Botanical
diethylcarbamazine	APPROVED_MEDICINE	FDA Approved	Small Molecule
bacillus-anthracis-immunoserum-rabbit	SUPPLEMENT_INGREDIENT	Non-FDA / Dietary Supplement	Nutraceutical / Botanical
complex	SUPPLEMENT_INGREDIENT	Non-FDA / Dietary Supplement	Nutraceutical / Botanical
honey-mushroom	SUPPLEMENT_INGREDIENT	Non-FDA / Dietary Supplement	Nutraceutical / Botanical
aztreonam	APPROVED_MEDICINE	FDA Approved	Small Molecule
davids-milkberry	SUPPLEMENT_INGREDIENT	Non-FDA / Dietary Supplement	Nutraceutical / Botanical
aconitum-carmichaeli-lateral-root	SUPPLEMENT_INGREDIENT	Non-FDA / Dietary Supplement	Nutraceutical / Botanical
bakuchiol	APPROVED_MEDICINE	FDA Approved	Small Molecule
human-coxsackievirus-b4	BOTANICAL_OR_ORGANISM_PREPARATION	Non-FDA / Dietary Supplement	Nutraceutical / Botanical
delgocitinib	APPROVED_MEDICINE	FDA Approved	Small Molecule
benzyl-alcohol	APPROVED_MEDICINE	FDA Approved	Small Molecule
pea-fiber	SUPPLEMENT_INGREDIENT	Non-FDA / Dietary Supplement	Nutraceutical / Botanical
irvingia-gabonensis	BOTANICAL_OR_ORGANISM_PREPARATION	Non-FDA / Dietary Supplement	Nutraceutical / Botanical
becaplermin	APPROVED_BIOLOGIC	FDA Approved	Recombinant Protein / Biologic
balsalazide	APPROVED_MEDICINE	FDA Approved	Small Molecule
human-interleukin-12	SUPPLEMENT_INGREDIENT	Non-FDA / Dietary Supplement	Nutraceutical / Botanical
barium-carbonate	SUPPLEMENT_INGREDIENT	Non-FDA / Dietary Supplement	Nutraceutical / Botanical
deoxycholic-acid	APPROVED_MEDICINE	FDA Approved	Small Molecule
copper-alpha-ketoglutarate	SUPPLEMENT_INGREDIENT	Non-FDA / Dietary Supplement	Nutraceutical / Botanical
human-interleukin-6	SUPPLEMENT_INGREDIENT	Non-FDA / Dietary Supplement	Nutraceutical / Botanical
barium-citrate	SUPPLEMENT_INGREDIENT	Non-FDA / Dietary Supplement	Nutraceutical / Botanical
human-sputum-bordetella-pertussis-infected	SUPPLEMENT_INGREDIENT	Non-FDA / Dietary Supplement	Nutraceutical / Botanical
acetrizoate	APPROVED_MEDICINE	FDA Approved	Small Molecule
desloratadine	APPROVED_MEDICINE	FDA Approved	Small Molecule
bedaquiline	APPROVED_MEDICINE	FDA Approved	Small Molecule
laminara	SUPPLEMENT_INGREDIENT	Non-FDA / Dietary Supplement	Nutraceutical / Botanical
desonide	APPROVED_MEDICINE	FDA Approved	Small Molecule
bellis-perennis	BOTANICAL_OR_ORGANISM_PREPARATION	Non-FDA / Dietary Supplement	Nutraceutical / Botanical
desvenlafaxine	APPROVED_MEDICINE	FDA Approved	Small Molecule
filgrastim-txid	APPROVED_BIOLOGIC	FDA Approved	Recombinant Protein / Biologic
graphite	SUPPLEMENT_INGREDIENT	Non-FDA / Dietary Supplement	Nutraceutical / Botanical
epoprostenol	APPROVED_MEDICINE	FDA Approved	Small Molecule
benralizumab	APPROVED_BIOLOGIC	FDA Approved	Monoclonal Antibody (mAb)
isoleucine-pyroglutamate	SUPPLEMENT_INGREDIENT	Non-FDA / Dietary Supplement	Nutraceutical / Botanical
brexucabtagene-autoleucel	INVESTIGATIONAL_MEDICINE	Pre-clinical / Open Source	CRISPR / Gene Therapy
deutetrabenazine	APPROVED_MEDICINE	FDA Approved	Small Molecule
bendamustine	APPROVED_MEDICINE	FDA Approved	Small Molecule
dexpanthenol	APPROVED_MEDICINE	FDA Approved	Small Molecule
eladocagene-exuparvovec	INVESTIGATIONAL_MEDICINE	Pre-clinical / Open Source	CRISPR / Gene Therapy
japanese-encephalitis-virus-strain-sa-14-14-2-antigen	INVESTIGATIONAL_MEDICINE	Pre-clinical / Open Source	Recombinant Protein / Biologic
dextran-40	INVESTIGATIONAL_MEDICINE	Pre-clinical / Open Source	Small Molecule
benzoic-acid	APPROVED_MEDICINE	FDA Approved	Nutraceutical / Botanical
dimethicone	APPROVED_MEDICINE	FDA Approved	Nutraceutical / Botanical
insulin-like-growth-factor-1-receptor	SUPPLEMENT_INGREDIENT	Non-FDA / Dietary Supplement	Recombinant Protein / Biologic
notopterygium	SUPPLEMENT_INGREDIENT	Non-FDA / Dietary Supplement	Nutraceutical / Botanical
benzonatate	APPROVED_MEDICINE	FDA Approved	Small Molecule
beta-vicianoside	SUPPLEMENT_INGREDIENT	Non-FDA / Dietary Supplement	Nutraceutical / Botanical
diazepam	APPROVED_MEDICINE	FDA Approved	Small Molecule
oyster-mushroom	BOTANICAL_OR_ORGANISM_PREPARATION	Non-FDA / Dietary Supplement	Nutraceutical / Botanical
benzylpenicilloyl-polylysine	APPROVED_BIOLOGIC	FDA Approved	Recombinant Protein / Biologic
kalanchoe-daigremontiana-leaf	BOTANICAL_OR_ORGANISM_PREPARATION	Non-FDA / Dietary Supplement	Nutraceutical / Botanical
diclofenac-epolamine	APPROVED_MEDICINE	FDA Approved	Small Molecule
bepotastine-besilate	APPROVED_MEDICINE	FDA Approved	Small Molecule
gumweed	SUPPLEMENT_INGREDIENT	Non-FDA / Dietary Supplement	Nutraceutical / Botanical
triterpene-saponin	SUPPLEMENT_INGREDIENT	Non-FDA / Dietary Supplement	Nutraceutical / Botanical
dimethyl	APPROVED_MEDICINE	FDA Approved	Small Molecule
coriolus-mushroom	SUPPLEMENT_INGREDIENT	Non-FDA / Dietary Supplement	Nutraceutical / Botanical
hydrangea	BOTANICAL_OR_ORGANISM_PREPARATION	Non-FDA / Dietary Supplement	Nutraceutical / Botanical
indian-valerian	SUPPLEMENT_INGREDIENT	Non-FDA / Dietary Supplement	Nutraceutical / Botanical
corn	BOTANICAL_OR_ORGANISM_PREPARATION	Non-FDA / Dietary Supplement	Nutraceutical / Botanical
lactobacillus-paracasei	BOTANICAL_OR_ORGANISM_PREPARATION	Non-FDA / Dietary Supplement	Nutraceutical / Botanical
rhodotorula-mucilaginosa	INVESTIGATIONAL_MEDICINE	Pre-clinical / Open Source	Nutraceutical / Botanical
dinutuximab	APPROVED_BIOLOGIC	FDA Approved	Monoclonal Antibody (mAb)
besifloxacin	APPROVED_MEDICINE	FDA Approved	Small Molecule
lactose-unspecified-form	SUPPLEMENT_INGREDIENT	Non-FDA / Dietary Supplement	Nutraceutical / Botanical
bivalirudin	APPROVED_MEDICINE	FDA Approved	Small Molecule
disopyramide	APPROVED_MEDICINE	FDA Approved	Small Molecule
betiatide	INVESTIGATIONAL_MEDICINE	Pre-clinical / Open Source	Peptide / GLP-1 Agonist
bos-taurus-colon	SUPPLEMENT_INGREDIENT	Non-FDA / Dietary Supplement	Nutraceutical / Botanical
lathyrus-sativus-whole	BOTANICAL_OR_ORGANISM_PREPARATION	Non-FDA / Dietary Supplement	Nutraceutical / Botanical
betaxolol	APPROVED_MEDICINE	FDA Approved	Small Molecule
dofetilide	APPROVED_MEDICINE	FDA Approved	Small Molecule
elagolix	APPROVED_MEDICINE	FDA Approved	Small Molecule
bevacizumab	APPROVED_BIOLOGIC	FDA Approved	Monoclonal Antibody (mAb)
manna	SUPPLEMENT_INGREDIENT	Non-FDA / Dietary Supplement	Nutraceutical / Botanical
bovine-type-ii-collagen	SUPPLEMENT_INGREDIENT	Non-FDA / Dietary Supplement	Nutraceutical / Botanical
donepezil	APPROVED_MEDICINE	FDA Approved	Small Molecule
bevacizumab-bvzr	APPROVED_BIOLOGIC	FDA Approved	Recombinant Protein / Biologic
neisseria-meningitidis-group-a-capsular-polysaccharide-tetanus-toxoid-conjugate-antigen	INVESTIGATIONAL_MEDICINE	Pre-clinical / Open Source	Recombinant Protein / Biologic
zinc-l-carnosine	SUPPLEMENT_INGREDIENT	Non-FDA / Dietary Supplement	Nutraceutical / Botanical
bezlotoxumab	APPROVED_BIOLOGIC	FDA Approved	Monoclonal Antibody (mAb)
diltiazem-hcl	INVESTIGATIONAL_MEDICINE	Pre-clinical / Open Source	Small Molecule
bicarbonate-ion	APPROVED_MEDICINE	FDA Approved	Small Molecule
bos-taurus-brain	BOTANICAL_OR_ORGANISM_PREPARATION	Non-FDA / Dietary Supplement	Nutraceutical / Botanical
donidalorsen	APPROVED_BIOLOGIC	FDA Approved	ASO (Antisense Oligonucleotide)
pork-brain	SUPPLEMENT_INGREDIENT	Non-FDA / Dietary Supplement	Nutraceutical / Botanical
doxercalciferol	APPROVED_MEDICINE	FDA Approved	Small Molecule
bifidobacterium-animalis-lactis-bl04	OFF_LABEL_OR_COMPOUNDED	Off-Label / Compounded	Small Molecule
furosemide	APPROVED_MEDICINE	FDA Approved	Small Molecule
oxygen	APPROVED_MEDICINE	FDA Approved	Small Molecule
borrelia-burgdorferi	SUPPLEMENT_INGREDIENT	Non-FDA / Dietary Supplement	Nutraceutical / Botanical
corydalis-ambigua	BOTANICAL_OR_ORGANISM_PREPARATION	Non-FDA / Dietary Supplement	Nutraceutical / Botanical
salvia-miltiorrhiza-whole	MARKETED_PRODUCT_INGREDIENT	FDA Approved	Nutraceutical / Botanical
binimetinib	APPROVED_MEDICINE	FDA Approved	Small Molecule
herring-sperm-dna	SUPPLEMENT_INGREDIENT	Non-FDA / Dietary Supplement	Nutraceutical / Botanical
sarcandra-glabra	BOTANICAL_OR_ORGANISM_PREPARATION	Non-FDA / Dietary Supplement	Nutraceutical / Botanical
dragonhead	SUPPLEMENT_INGREDIENT	Non-FDA / Dietary Supplement	Nutraceutical / Botanical
pulsatilla-vulgaris-top	BOTANICAL_OR_ORGANISM_PREPARATION	Non-FDA / Dietary Supplement	Nutraceutical / Botanical
bismuth-subcitrate	APPROVED_MEDICINE	FDA Approved	Small Molecule
brolucizumab	INVESTIGATIONAL_MEDICINE	Pre-clinical / Open Source	Monoclonal Antibody (mAb)
duvelisib	APPROVED_MEDICINE	FDA Approved	Small Molecule
sitagliptin-phosphate-anhydrous-metformin	COMBINATION_PRODUCT	FDA Approved	Small Molecule
bismuth-subsalicylate	APPROVED_MEDICINE	FDA Approved	Small Molecule
bordetella-pertussis	BOTANICAL_OR_ORGANISM_PREPARATION	Non-FDA / Dietary Supplement	Nutraceutical / Botanical
blueberry	SUPPLEMENT_INGREDIENT	Non-FDA / Dietary Supplement	Nutraceutical / Botanical
eliglustat	APPROVED_MEDICINE	FDA Approved	Small Molecule
actaea-spicata	BOTANICAL_OR_ORGANISM_PREPARATION	Non-FDA / Dietary Supplement	Nutraceutical / Botanical
bos-taurus-hypothalamus	SUPPLEMENT_INGREDIENT	Non-FDA / Dietary Supplement	Nutraceutical / Botanical
leptospira-interrogans	BOTANICAL_OR_ORGANISM_PREPARATION	Non-FDA / Dietary Supplement	Nutraceutical / Botanical
droperidol	APPROVED_MEDICINE	FDA Approved	Small Molecule
insulin-aspart-recombinant	APPROVED_BIOLOGIC	FDA Approved	Recombinant Protein / Biologic
hemidesmus-indicus-whole	BOTANICAL_OR_ORGANISM_PREPARATION	Non-FDA / Dietary Supplement	Nutraceutical / Botanical
persea-gratissima-oil	MARKETED_PRODUCT_INGREDIENT	FDA Approved	Nutraceutical / Botanical
ranunculus-bulbosus-root	BOTANICAL_OR_ORGANISM_PREPARATION	Non-FDA / Dietary Supplement	Nutraceutical / Botanical
vitis-vinifera-seed	BOTANICAL_OR_ORGANISM_PREPARATION	Non-FDA / Dietary Supplement	Nutraceutical / Botanical
asparaginase	APPROVED_BIOLOGIC	FDA Approved	Recombinant Protein / Biologic
eltrombopag	APPROVED_MEDICINE	FDA Approved	Small Molecule
bos-taurus-large-intestine	SUPPLEMENT_INGREDIENT	Non-FDA / Dietary Supplement	Nutraceutical / Botanical
emtricitabine	APPROVED_MEDICINE	FDA Approved	Small Molecule
broccoli-sprout	SUPPLEMENT_INGREDIENT	Non-FDA / Dietary Supplement	Nutraceutical / Botanical
vincetoxicum-indicum-root	BOTANICAL_OR_ORGANISM_PREPARATION	Non-FDA / Dietary Supplement	Nutraceutical / Botanical
enfortumab-vedotin-ejfv	APPROVED_BIOLOGIC	FDA Approved	Recombinant Protein / Biologic
bos-taurus-ligament	SUPPLEMENT_INGREDIENT	Non-FDA / Dietary Supplement	Nutraceutical / Botanical
arabinogalactan	SUPPLEMENT_INGREDIENT	Non-FDA / Dietary Supplement	Nutraceutical / Botanical
influenza-a-virus-a-tasmania-503-2020-ivr-221-antigen	SUPPLEMENT_INGREDIENT	Non-FDA / Dietary Supplement	Nutraceutical / Botanical
ensartinib	APPROVED_MEDICINE	FDA Approved	Small Molecule
artemisia-cina-flower	BOTANICAL_OR_ORGANISM_PREPARATION	Non-FDA / Dietary Supplement	Nutraceutical / Botanical
asterias-rubens	BOTANICAL_OR_ORGANISM_PREPARATION	Non-FDA / Dietary Supplement	Nutraceutical / Botanical
quince	BOTANICAL_OR_ORGANISM_PREPARATION	Non-FDA / Dietary Supplement	Nutraceutical / Botanical
eplerenone	APPROVED_MEDICINE	FDA Approved	Small Molecule
bos-taurus-ovary	SUPPLEMENT_INGREDIENT	Non-FDA / Dietary Supplement	Nutraceutical / Botanical
brensocatib	APPROVED_MEDICINE	FDA Approved	Small Molecule
undecoylium-chloride-iodine-complex	APPROVED_MEDICINE	FDA Approved	Small Molecule
erythromycin-ethylsuccinate	APPROVED_MEDICINE	FDA Approved	Small Molecule
bos-taurus-spleen	BOTANICAL_OR_ORGANISM_PREPARATION	Non-FDA / Dietary Supplement	Nutraceutical / Botanical
eflapegrastim-xnst	APPROVED_BIOLOGIC	FDA Approved	Recombinant Protein / Biologic
salmonella-enterica-subsp-enterica-serovar-typhi	BOTANICAL_OR_ORGANISM_PREPARATION	Non-FDA / Dietary Supplement	Nutraceutical / Botanical
spatholobus	BOTANICAL_OR_ORGANISM_PREPARATION	Non-FDA / Dietary Supplement	Nutraceutical / Botanical
etelcalcetide	APPROVED_BIOLOGIC	FDA Approved	Peptide / GLP-1 Agonist
bosentan	APPROVED_MEDICINE	FDA Approved	Small Molecule
pangamic-acid	SUPPLEMENT_INGREDIENT	Non-FDA / Dietary Supplement	Nutraceutical / Botanical
vitamin-e	APPROVED_MEDICINE	FDA Approved	Nutraceutical / Botanical
influenza-b-virus-b-singapore-inftt-16-0610-2016-whole	SUPPLEMENT_INGREDIENT	Non-FDA / Dietary Supplement	Nutraceutical / Botanical
ethambutol	APPROVED_MEDICINE	FDA Approved	Small Molecule
brimonidine	APPROVED_MEDICINE	FDA Approved	Small Molecule
ambergris	SUPPLEMENT_INGREDIENT	Non-FDA / Dietary Supplement	Nutraceutical / Botanical
exemestane	APPROVED_MEDICINE	FDA Approved	Small Molecule
follitropin-alfa-beta	APPROVED_BIOLOGIC	FDA Approved	Recombinant Protein / Biologic
fam-trastuzumab-deruxtecan-nxki	APPROVED_BIOLOGIC	FDA Approved	Recombinant Protein / Biologic
bromide	SUPPLEMENT_INGREDIENT	Non-FDA / Dietary Supplement	Nutraceutical / Botanical
actaea-cimicifuga-whole	BOTANICAL_OR_ORGANISM_PREPARATION	Non-FDA / Dietary Supplement	Nutraceutical / Botanical
tree-of-heaven	BOTANICAL_OR_ORGANISM_PREPARATION	Non-FDA / Dietary Supplement	Nutraceutical / Botanical
bromfenac	APPROVED_MEDICINE	FDA Approved	Small Molecule
rooibos	BOTANICAL_OR_ORGANISM_PREPARATION	Non-FDA / Dietary Supplement	Nutraceutical / Botanical
sichuan-pagoda-tree	SUPPLEMENT_INGREDIENT	Non-FDA / Dietary Supplement	Nutraceutical / Botanical
donanemab-azbt	APPROVED_BIOLOGIC	FDA Approved	Recombinant Protein / Biologic
faricimab-svoa	APPROVED_BIOLOGIC	FDA Approved	Recombinant Protein / Biologic
bromine	SUPPLEMENT_INGREDIENT	Non-FDA / Dietary Supplement	Nutraceutical / Botanical
ferric-citrate	APPROVED_MEDICINE	FDA Approved	Small Molecule
ghatti	SUPPLEMENT_INGREDIENT	Non-FDA / Dietary Supplement	Nutraceutical / Botanical
sus-scrofa-jejunum	MARKETED_PRODUCT_INGREDIENT	Non-FDA / Dietary Supplement	Nutraceutical / Botanical
fedratinib	APPROVED_MEDICINE	FDA Approved	Small Molecule
star-anise	SUPPLEMENT_INGREDIENT	Non-FDA / Dietary Supplement	Nutraceutical / Botanical
fondaparinux	APPROVED_MEDICINE	FDA Approved	Small Molecule
cefoxitin	APPROVED_MEDICINE	FDA Approved	Small Molecule
flavoxate	APPROVED_MEDICINE	FDA Approved	Small Molecule
influenza-a-virus-a-michigan-105-2025-san-049a-antigen	INVESTIGATIONAL_MEDICINE	Pre-clinical / Open Source	Recombinant Protein / Biologic
fosaprepitant-dimeglumine	APPROVED_MEDICINE	FDA Approved	Small Molecule
brompheniramine	APPROVED_MEDICINE	FDA Approved	Small Molecule
haematonectria-haematococca	BOTANICAL_OR_ORGANISM_PREPARATION	Non-FDA / Dietary Supplement	Nutraceutical / Botanical
human-adenovirus-b-serotype-7-strain-55142-antigen	SUPPLEMENT_INGREDIENT	Non-FDA / Dietary Supplement	Nutraceutical / Botanical
brucella-melitensis	BOTANICAL_OR_ORGANISM_PREPARATION	Non-FDA / Dietary Supplement	Nutraceutical / Botanical
gadobenate-dimeglumine	APPROVED_MEDICINE	FDA Approved	Small Molecule
sodium-palm-kernelate	MARKETED_PRODUCT_INGREDIENT	FDA Approved	Small Molecule
bryonia	BOTANICAL_OR_ORGANISM_PREPARATION	Non-FDA / Dietary Supplement	Nutraceutical / Botanical
busulfan	APPROVED_MEDICINE	FDA Approved	Small Molecule
bryonia-alba-root	BOTANICAL_OR_ORGANISM_PREPARATION	Non-FDA / Dietary Supplement	Nutraceutical / Botanical
ethacrynate	APPROVED_MEDICINE	FDA Approved	Small Molecule
rhizopus-arrhizus	INVESTIGATIONAL_MEDICINE	Pre-clinical / Open Source	Nutraceutical / Botanical
fish-oil	APPROVED_MEDICINE	FDA Approved	Nutraceutical / Botanical
burosumab	INVESTIGATIONAL_MEDICINE	Pre-clinical / Open Source	Monoclonal Antibody (mAb)
gadobutrol	APPROVED_MEDICINE	FDA Approved	Small Molecule
sus-scrofa-conjunctiva	MARKETED_PRODUCT_INGREDIENT	Non-FDA / Dietary Supplement	Nutraceutical / Botanical
hydroxyurea	APPROVED_MEDICINE	FDA Approved	Small Molecule
lactiplantibacillus-plantarum	OFF_LABEL_OR_COMPOUNDED	Off-Label / Compounded	Nutraceutical / Botanical
butoconazole	APPROVED_MEDICINE	FDA Approved	Small Molecule
arbutus-andrachne-leafy-shoot	SUPPLEMENT_INGREDIENT	Non-FDA / Dietary Supplement	Nutraceutical / Botanical
canine-morbillivirus	BOTANICAL_OR_ORGANISM_PREPARATION	Non-FDA / Dietary Supplement	Nutraceutical / Botanical
gadoterate	APPROVED_MEDICINE	FDA Approved	Small Molecule
calendula-officinalis-whole	BOTANICAL_OR_ORGANISM_PREPARATION	Non-FDA / Dietary Supplement	Nutraceutical / Botanical
butorphanol	APPROVED_MEDICINE	FDA Approved	Small Molecule
hygrophila	SUPPLEMENT_INGREDIENT	Non-FDA / Dietary Supplement	Nutraceutical / Botanical
gadoteridol	APPROVED_MEDICINE	FDA Approved	Small Molecule
bumetanide	APPROVED_MEDICINE	FDA Approved	Small Molecule
gadoxetate	APPROVED_MEDICINE	FDA Approved	Small Molecule
irish-moss	BOTANICAL_OR_ORGANISM_PREPARATION	Non-FDA / Dietary Supplement	Nutraceutical / Botanical
squaw-vine	SUPPLEMENT_INGREDIENT	Non-FDA / Dietary Supplement	Nutraceutical / Botanical
cabergoline	APPROVED_MEDICINE	FDA Approved	Small Molecule
sucrase	SUPPLEMENT_INGREDIENT	Non-FDA / Dietary Supplement	Recombinant Protein / Biologic
toothed-clubmoss	SUPPLEMENT_INGREDIENT	Non-FDA / Dietary Supplement	Nutraceutical / Botanical
calendula	BOTANICAL_OR_ORGANISM_PREPARATION	Non-FDA / Dietary Supplement	Nutraceutical / Botanical
cabozantinib-s-malate	APPROVED_MEDICINE	FDA Approved	Small Molecule
galantamine	APPROVED_MEDICINE	FDA Approved	Small Molecule
isocarboxazid	APPROVED_MEDICINE	FDA Approved	Small Molecule
calaspargase-pegol	INVESTIGATIONAL_MEDICINE	Pre-clinical / Open Source	Recombinant Protein / Biologic
givosiran	APPROVED_BIOLOGIC	FDA Approved	siRNA (Small Interfering RNA)
fosamprenavir	APPROVED_MEDICINE	FDA Approved	Small Molecule
crotalus-durissus-terrificus-venom	BOTANICAL_OR_ORGANISM_PREPARATION	Non-FDA / Dietary Supplement	Nutraceutical / Botanical
calaspargase-pegol-mknl	APPROVED_BIOLOGIC	FDA Approved	Recombinant Protein / Biologic
glyburide	APPROVED_MEDICINE	FDA Approved	Small Molecule
ground-ivy	BOTANICAL_OR_ORGANISM_PREPARATION	Non-FDA / Dietary Supplement	Nutraceutical / Botanical
calcipotriene	APPROVED_MEDICINE	FDA Approved	Small Molecule
white-hellebore	SUPPLEMENT_INGREDIENT	Non-FDA / Dietary Supplement	Nutraceutical / Botanical
calcium-iodide	SUPPLEMENT_INGREDIENT	Non-FDA / Dietary Supplement	Nutraceutical / Botanical
calcium-sulfate	SUPPLEMENT_INGREDIENT	Non-FDA / Dietary Supplement	Nutraceutical / Botanical
gozetotide	INVESTIGATIONAL_MEDICINE	Pre-clinical / Open Source	Peptide / GLP-1 Agonist
orris	SUPPLEMENT_INGREDIENT	Non-FDA / Dietary Supplement	Nutraceutical / Botanical
calcium-gluconate	APPROVED_MEDICINE	FDA Approved	Small Molecule
granisetron	APPROVED_MEDICINE	FDA Approved	Small Molecule
calcium-pantothenate	SUPPLEMENT_INGREDIENT	Non-FDA / Dietary Supplement	Nutraceutical / Botanical
histamine	APPROVED_BIOLOGIC	FDA Approved	Recombinant Protein / Biologic
campath-1-antigen	SUPPLEMENT_INGREDIENT	Non-FDA / Dietary Supplement	Nutraceutical / Botanical
calcium-phosphate-unspecified-form	SUPPLEMENT_INGREDIENT	Non-FDA / Dietary Supplement	Nutraceutical / Botanical
calendula-officinalis-flower	APPROVED_MEDICINE	FDA Approved	Nutraceutical / Botanical
human-hepatitis-b-virus-immune-globulin	INVESTIGATIONAL_MEDICINE	Pre-clinical / Open Source	Recombinant Protein / Biologic
lecanemab	APPROVED_BIOLOGIC	FDA Approved	Monoclonal Antibody (mAb)
calcium-sulfide	SUPPLEMENT_INGREDIENT	Non-FDA / Dietary Supplement	Nutraceutical / Botanical
human-rabies-virus-immune-globulin	INVESTIGATIONAL_MEDICINE	Pre-clinical / Open Source	Recombinant Protein / Biologic
mercuric-sulfide	SUPPLEMENT_INGREDIENT	Non-FDA / Dietary Supplement	Nutraceutical / Botanical
isoquercetin	SUPPLEMENT_INGREDIENT	Non-FDA / Dietary Supplement	Nutraceutical / Botanical
human-rotavirus-a-type-g1p7-strain-wi79-live-antigen	INVESTIGATIONAL_MEDICINE	Pre-clinical / Open Source	Recombinant Protein / Biologic
calfactant	APPROVED_BIOLOGIC	FDA Approved	Recombinant Protein / Biologic
hydrocortisone-butyrate	APPROVED_MEDICINE	FDA Approved	Small Molecule
ibuprofen-lysine	APPROVED_MEDICINE	FDA Approved	Small Molecule
calluna-vulgaris-flowering-top	BOTANICAL_OR_ORGANISM_PREPARATION	Non-FDA / Dietary Supplement	Nutraceutical / Botanical
cladosporium-bruhnei	BOTANICAL_OR_ORGANISM_PREPARATION	Non-FDA / Dietary Supplement	Nutraceutical / Botanical
culex-pipiens	BOTANICAL_OR_ORGANISM_PREPARATION	Non-FDA / Dietary Supplement	Nutraceutical / Botanical
camellia-oil	BOTANICAL_OR_ORGANISM_PREPARATION	Non-FDA / Dietary Supplement	Nutraceutical / Botanical
icatibant	APPROVED_MEDICINE	FDA Approved	Small Molecule
magnesium-salicylate	APPROVED_MEDICINE	FDA Approved	Small Molecule
cullen-corylifolium-whole	BOTANICAL_OR_ORGANISM_PREPARATION	Non-FDA / Dietary Supplement	Nutraceutical / Botanical
coniferyl-alcohol	SUPPLEMENT_INGREDIENT	Non-FDA / Dietary Supplement	Nutraceutical / Botanical
camphoric-acid	APPROVED_MEDICINE	FDA Approved	Small Molecule
ifosfamide	APPROVED_MEDICINE	FDA Approved	Small Molecule
25-d-spirosta-3-5-diene	SUPPLEMENT_INGREDIENT	Non-FDA / Dietary Supplement	Nutraceutical / Botanical
iodine	SUPPLEMENT_INGREDIENT	Non-FDA / Dietary Supplement	Nutraceutical / Botanical
capsaicin	APPROVED_MEDICINE	FDA Approved	Small Molecule
ruellia-simplex-whole	BOTANICAL_OR_ORGANISM_PREPARATION	Non-FDA / Dietary Supplement	Nutraceutical / Botanical
imetelstat	APPROVED_MEDICINE	FDA Approved	Small Molecule
capsicum	APPROVED_MEDICINE	FDA Approved	Nutraceutical / Botanical
thiamine-hcl	OFF_LABEL_OR_COMPOUNDED	Off-Label / Compounded	Small Molecule
platycladus-orientalis-leaf	APPROVED_MEDICINE	FDA Approved	Nutraceutical / Botanical
menthol-unspecified-form	APPROVED_MEDICINE	FDA Approved	Nutraceutical / Botanical
indian-mustard	BOTANICAL_OR_ORGANISM_PREPARATION	Non-FDA / Dietary Supplement	Nutraceutical / Botanical
carbamide-peroxide	APPROVED_MEDICINE	FDA Approved	Small Molecule
insulin-aspart-xjhz	APPROVED_BIOLOGIC	FDA Approved	Recombinant Protein / Biologic
iodoquinol	OFF_LABEL_OR_COMPOUNDED	Off-Label / Compounded	Small Molecule
intestine	SUPPLEMENT_INGREDIENT	Non-FDA / Dietary Supplement	Nutraceutical / Botanical
carbidopa	APPROVED_MEDICINE	FDA Approved	Small Molecule
felis-catus-milk	BOTANICAL_OR_ORGANISM_PREPARATION	Non-FDA / Dietary Supplement	Nutraceutical / Botanical
rosa-rugosa-flower	BOTANICAL_OR_ORGANISM_PREPARATION	Non-FDA / Dietary Supplement	Nutraceutical / Botanical
indigo-pulchra	SUPPLEMENT_INGREDIENT	Non-FDA / Dietary Supplement	Nutraceutical / Botanical
heather	SUPPLEMENT_INGREDIENT	Non-FDA / Dietary Supplement	Nutraceutical / Botanical
carbinoxamine	APPROVED_MEDICINE	FDA Approved	Small Molecule
insulin-degludec	APPROVED_BIOLOGIC	FDA Approved	Recombinant Protein / Biologic
cichoric-acid	SUPPLEMENT_INGREDIENT	Non-FDA / Dietary Supplement	Nutraceutical / Botanical
nelumbo-nucifera-flower	BOTANICAL_OR_ORGANISM_PREPARATION	Non-FDA / Dietary Supplement	Nutraceutical / Botanical
black-garlic	SUPPLEMENT_INGREDIENT	Non-FDA / Dietary Supplement	Nutraceutical / Botanical
carboxymethylcellulose	APPROVED_MEDICINE	FDA Approved	Small Molecule
english-ivy	BOTANICAL_OR_ORGANISM_PREPARATION	Non-FDA / Dietary Supplement	Nutraceutical / Botanical
insulin-human	APPROVED_BIOLOGIC	FDA Approved	Recombinant Protein / Biologic
mineral	SUPPLEMENT_INGREDIENT	Non-FDA / Dietary Supplement	Nutraceutical / Botanical
carboprost	APPROVED_MEDICINE	FDA Approved	Small Molecule
broomrape	SUPPLEMENT_INGREDIENT	Non-FDA / Dietary Supplement	Nutraceutical / Botanical
carfilzomib	APPROVED_MEDICINE	FDA Approved	Small Molecule
castanea-sativa-whole	BOTANICAL_OR_ORGANISM_PREPARATION	Non-FDA / Dietary Supplement	Nutraceutical / Botanical
c12-20-acid-peg-8-ester	MARKETED_PRODUCT_INGREDIENT	FDA Approved	Small Molecule
carteolol	APPROVED_MEDICINE	FDA Approved	Small Molecule
bepridil	APPROVED_MEDICINE	FDA Approved	Small Molecule
iopromide	APPROVED_MEDICINE	FDA Approved	Small Molecule
cedazuridine	APPROVED_MEDICINE	FDA Approved	Small Molecule
castor	SUPPLEMENT_INGREDIENT	Non-FDA / Dietary Supplement	Nutraceutical / Botanical
poa-annua-pollen	BOTANICAL_OR_ORGANISM_PREPARATION	Non-FDA / Dietary Supplement	Nutraceutical / Botanical
castor-oil	APPROVED_MEDICINE	FDA Approved	Nutraceutical / Botanical
terpene	SUPPLEMENT_INGREDIENT	Non-FDA / Dietary Supplement	Nutraceutical / Botanical
iris-germanica-root	BOTANICAL_OR_ORGANISM_PREPARATION	Non-FDA / Dietary Supplement	Nutraceutical / Botanical
mentha-arvensis-leaf-oil	MARKETED_PRODUCT_INGREDIENT	FDA Approved	Nutraceutical / Botanical
ioxaglate	APPROVED_MEDICINE	FDA Approved	Small Molecule
isoniazid	APPROVED_MEDICINE	FDA Approved	Small Molecule
causticum	MARKETED_PRODUCT_INGREDIENT	Non-FDA / Dietary Supplement	Nutraceutical / Botanical
cenegermin	INVESTIGATIONAL_MEDICINE	Pre-clinical / Open Source	Recombinant Protein / Biologic
ibuprofen	APPROVED_MEDICINE	FDA Approved	Small Molecule
cetylpyridinium	APPROVED_MEDICINE	FDA Approved	Small Molecule
cefaclor	APPROVED_MEDICINE	FDA Approved	Small Molecule
mirikizumab-mrkz	APPROVED_BIOLOGIC	FDA Approved	Recombinant Protein / Biologic
cefepime	APPROVED_MEDICINE	FDA Approved	Small Molecule
isosorbide-mononitrate	APPROVED_MEDICINE	FDA Approved	Small Molecule
croton-seeds	BOTANICAL_OR_ORGANISM_PREPARATION	Non-FDA / Dietary Supplement	Nutraceutical / Botanical
ceftolozane	APPROVED_MEDICINE	FDA Approved	Small Molecule
influenza-a-virus	BOTANICAL_OR_ORGANISM_PREPARATION	Non-FDA / Dietary Supplement	Nutraceutical / Botanical
ivermectin	APPROVED_MEDICINE	FDA Approved	Small Molecule
punica-granatum-root-bark	SUPPLEMENT_INGREDIENT	Non-FDA / Dietary Supplement	Nutraceutical / Botanical
guayusa	SUPPLEMENT_INGREDIENT	Non-FDA / Dietary Supplement	Nutraceutical / Botanical
darunavir-and-cobicistat	COMBINATION_PRODUCT	FDA Approved	Small Molecule
ceftazidime	APPROVED_MEDICINE	FDA Approved	Small Molecule
kudzu	BOTANICAL_OR_ORGANISM_PREPARATION	Non-FDA / Dietary Supplement	Nutraceutical / Botanical
rosemary	APPROVED_MEDICINE	FDA Approved	Nutraceutical / Botanical
malvidin	SUPPLEMENT_INGREDIENT	Non-FDA / Dietary Supplement	Nutraceutical / Botanical
lactobacillus-gasseri	BOTANICAL_OR_ORGANISM_PREPARATION	Non-FDA / Dietary Supplement	Nutraceutical / Botanical
cholesterol	SUPPLEMENT_INGREDIENT	Non-FDA / Dietary Supplement	Nutraceutical / Botanical
ceftriaxone	APPROVED_MEDICINE	FDA Approved	Small Molecule
zizia-aurea-whole	BOTANICAL_OR_ORGANISM_PREPARATION	Non-FDA / Dietary Supplement	Nutraceutical / Botanical
centella-asiatica-leaf	APPROVED_MEDICINE	FDA Approved	Nutraceutical / Botanical
l-dopa	SUPPLEMENT_INGREDIENT	Non-FDA / Dietary Supplement	Nutraceutical / Botanical
magnesite	MARKETED_PRODUCT_INGREDIENT	Non-FDA / Dietary Supplement	Nutraceutical / Botanical
cipepofol	APPROVED_MEDICINE	FDA Approved	Small Molecule
cenobamate	APPROVED_MEDICINE	FDA Approved	Small Molecule
cola-acuminata-seed	BOTANICAL_OR_ORGANISM_PREPARATION	Non-FDA / Dietary Supplement	Nutraceutical / Botanical
l-leucine	SUPPLEMENT_INGREDIENT	Non-FDA / Dietary Supplement	Nutraceutical / Botanical
leflunomide	APPROVED_MEDICINE	FDA Approved	Small Molecule
centella-asiatica-whole	BOTANICAL_OR_ORGANISM_PREPARATION	Non-FDA / Dietary Supplement	Nutraceutical / Botanical
labetalol	APPROVED_MEDICINE	FDA Approved	Small Molecule
chlorine	SUPPLEMENT_INGREDIENT	Non-FDA / Dietary Supplement	Nutraceutical / Botanical
mitchella-repens	BOTANICAL_OR_ORGANISM_PREPARATION	Non-FDA / Dietary Supplement	Nutraceutical / Botanical
cerliponase-alfa	APPROVED_BIOLOGIC	FDA Approved	Recombinant Protein / Biologic
insulin-glargine-recombinant	APPROVED_BIOLOGIC	FDA Approved	Recombinant Protein / Biologic
lactobacillus-reuteri	SUPPLEMENT_INGREDIENT	Non-FDA / Dietary Supplement	Nutraceutical / Botanical
cetuximab	APPROVED_BIOLOGIC	FDA Approved	Monoclonal Antibody (mAb)
zirconium-chloride	MARKETED_PRODUCT_INGREDIENT	Non-FDA / Dietary Supplement	Nutraceutical / Botanical
curdlan	SUPPLEMENT_INGREDIENT	Non-FDA / Dietary Supplement	Nutraceutical / Botanical
citric-acid	APPROVED_MEDICINE	FDA Approved	Small Molecule
chaetomium-globosum	BOTANICAL_OR_ORGANISM_PREPARATION	Non-FDA / Dietary Supplement	Nutraceutical / Botanical
laminaria	BOTANICAL_OR_ORGANISM_PREPARATION	Non-FDA / Dietary Supplement	Nutraceutical / Botanical
lanadelumab	INVESTIGATIONAL_MEDICINE	Pre-clinical / Open Source	Monoclonal Antibody (mAb)
chlamydia-trachomatis	BOTANICAL_OR_ORGANISM_PREPARATION	Non-FDA / Dietary Supplement	Nutraceutical / Botanical
hydrastine	SUPPLEMENT_INGREDIENT	Non-FDA / Dietary Supplement	Nutraceutical / Botanical
deer	SUPPLEMENT_INGREDIENT	Non-FDA / Dietary Supplement	Nutraceutical / Botanical
iris-versicolor-root	BOTANICAL_OR_ORGANISM_PREPARATION	Non-FDA / Dietary Supplement	Nutraceutical / Botanical
mogamulizumab	INVESTIGATIONAL_MEDICINE	Pre-clinical / Open Source	Monoclonal Antibody (mAb)
lansoprazole	APPROVED_MEDICINE	FDA Approved	Small Molecule
hepatitis-a-virus-strain-hm175-antigen	SUPPLEMENT_INGREDIENT	Non-FDA / Dietary Supplement	Nutraceutical / Botanical
hamamelis-virginiana-leaf	BOTANICAL_OR_ORGANISM_PREPARATION	Non-FDA / Dietary Supplement	Nutraceutical / Botanical
itraconazole	APPROVED_MEDICINE	FDA Approved	Small Molecule
ononis-campestris	SUPPLEMENT_INGREDIENT	Non-FDA / Dietary Supplement	Nutraceutical / Botanical
glycol	APPROVED_MEDICINE	FDA Approved	Small Molecule
lapine-t-lymphocyte-immune-globulin	INVESTIGATIONAL_MEDICINE	Pre-clinical / Open Source	Recombinant Protein / Biologic
iothalamate-sodium-i-125	APPROVED_MEDICINE	FDA Approved	Small Molecule
prunus-avium-whole	BOTANICAL_OR_ORGANISM_PREPARATION	Non-FDA / Dietary Supplement	Nutraceutical / Botanical
hemin	INVESTIGATIONAL_MEDICINE	Pre-clinical / Open Source	Recombinant Protein / Biologic
equus-caballus-dander	SUPPLEMENT_INGREDIENT	Non-FDA / Dietary Supplement	Nutraceutical / Botanical
chloroquine	APPROVED_MEDICINE	FDA Approved	Small Molecule
diastase	SUPPLEMENT_INGREDIENT	Non-FDA / Dietary Supplement	Recombinant Protein / Biologic
choline-fenofibrate	APPROVED_MEDICINE	FDA Approved	Small Molecule
levonordefrin	APPROVED_MEDICINE	FDA Approved	Small Molecule
chlorpheniramine	APPROVED_MEDICINE	FDA Approved	Small Molecule
levonorgestrel	APPROVED_MEDICINE	FDA Approved	Small Molecule
bos-taurus-nasal-mucosa	SUPPLEMENT_INGREDIENT	Non-FDA / Dietary Supplement	Nutraceutical / Botanical
chlorothiazide	APPROVED_MEDICINE	FDA Approved	Small Molecule
rickettsia-prowazekii	BOTANICAL_OR_ORGANISM_PREPARATION	Non-FDA / Dietary Supplement	Nutraceutical / Botanical
gymnema-sylvestre-whole	BOTANICAL_OR_ORGANISM_PREPARATION	Non-FDA / Dietary Supplement	Nutraceutical / Botanical
levothyroxine	APPROVED_MEDICINE	FDA Approved	Small Molecule
chlorzoxazone	APPROVED_MEDICINE	FDA Approved	Small Molecule
linagliptin	APPROVED_MEDICINE	FDA Approved	Small Molecule
lumefantrine	APPROVED_MEDICINE	FDA Approved	Small Molecule
chlorthalidone	APPROVED_MEDICINE	FDA Approved	Small Molecule
sodium-gluconate	APPROVED_MEDICINE	FDA Approved	Small Molecule
jiaogulan	BOTANICAL_OR_ORGANISM_PREPARATION	Non-FDA / Dietary Supplement	Nutraceutical / Botanical
cholic-acid	APPROVED_MEDICINE	FDA Approved	Small Molecule
liraglutide	APPROVED_BIOLOGIC	FDA Approved	Peptide / GLP-1 Agonist
chondrodendron-tomentosum-root	BOTANICAL_OR_ORGANISM_PREPARATION	Non-FDA / Dietary Supplement	Nutraceutical / Botanical
lofexidine	APPROVED_MEDICINE	FDA Approved	Small Molecule
cichorium-intybus-flower	BOTANICAL_OR_ORGANISM_PREPARATION	Non-FDA / Dietary Supplement	Nutraceutical / Botanical
asclepias-curassavica	BOTANICAL_OR_ORGANISM_PREPARATION	Non-FDA / Dietary Supplement	Nutraceutical / Botanical
cynarin	SUPPLEMENT_INGREDIENT	Non-FDA / Dietary Supplement	Nutraceutical / Botanical
mesocricetus-auratus-skin	BOTANICAL_OR_ORGANISM_PREPARATION	Non-FDA / Dietary Supplement	Nutraceutical / Botanical
luspatercept-aamt	APPROVED_BIOLOGIC	FDA Approved	Recombinant Protein / Biologic
pilocarpus-microphyllus-leaf	BOTANICAL_OR_ORGANISM_PREPARATION	Non-FDA / Dietary Supplement	Nutraceutical / Botanical
mefloquine	APPROVED_MEDICINE	FDA Approved	Small Molecule
chrysopogon-zizanioides-root	BOTANICAL_OR_ORGANISM_PREPARATION	Non-FDA / Dietary Supplement	Nutraceutical / Botanical
cimetidine	APPROVED_MEDICINE	FDA Approved	Small Molecule
euphorbia-hirta-flowering-top	BOTANICAL_OR_ORGANISM_PREPARATION	Non-FDA / Dietary Supplement	Nutraceutical / Botanical
nisoldipine	APPROVED_MEDICINE	FDA Approved	Small Molecule
cidofovir	APPROVED_MEDICINE	FDA Approved	Small Molecule
iodamide	APPROVED_MEDICINE	FDA Approved	Small Molecule
lutein-zeaxanthin	SUPPLEMENT_INGREDIENT	Non-FDA / Dietary Supplement	Nutraceutical / Botanical
cicuta-virosa-root	BOTANICAL_OR_ORGANISM_PREPARATION	Non-FDA / Dietary Supplement	Nutraceutical / Botanical
citharacanthus-spinicrus	MARKETED_PRODUCT_INGREDIENT	Non-FDA / Dietary Supplement	Nutraceutical / Botanical
sicklepod	SUPPLEMENT_INGREDIENT	Non-FDA / Dietary Supplement	Nutraceutical / Botanical
stilbenoid	SUPPLEMENT_INGREDIENT	Non-FDA / Dietary Supplement	Nutraceutical / Botanical
millettia-pinnata-whole	BOTANICAL_OR_ORGANISM_PREPARATION	Non-FDA / Dietary Supplement	Nutraceutical / Botanical
ciclopirox	APPROVED_MEDICINE	FDA Approved	Small Molecule
3-deoxy-7-oxo-dhea	SUPPLEMENT_INGREDIENT	Non-FDA / Dietary Supplement	Nutraceutical / Botanical
cisatracurium	APPROVED_MEDICINE	FDA Approved	Small Molecule
lutetium-oxodotreotide-lu-177	INVESTIGATIONAL_MEDICINE	Pre-clinical / Open Source	Small Molecule
lycopene	SUPPLEMENT_INGREDIENT	Non-FDA / Dietary Supplement	Nutraceutical / Botanical
cinnamomum	BOTANICAL_OR_ORGANISM_PREPARATION	Non-FDA / Dietary Supplement	Nutraceutical / Botanical
influenza-a-virus-a-darwin-6-2021-whole	SUPPLEMENT_INGREDIENT	Non-FDA / Dietary Supplement	Nutraceutical / Botanical
asafetida	SUPPLEMENT_INGREDIENT	Non-FDA / Dietary Supplement	Nutraceutical / Botanical
chickpea	BOTANICAL_OR_ORGANISM_PREPARATION	Non-FDA / Dietary Supplement	Nutraceutical / Botanical
macimorelin	APPROVED_BIOLOGIC	FDA Approved	Peptide / GLP-1 Agonist
yohimbe	SUPPLEMENT_INGREDIENT	Non-FDA / Dietary Supplement	Nutraceutical / Botanical
citrullus-colocynthis-fruit-pulp	SUPPLEMENT_INGREDIENT	Non-FDA / Dietary Supplement	Nutraceutical / Botanical
clascoterone	APPROVED_MEDICINE	FDA Approved	Small Molecule
mafenide	APPROVED_MEDICINE	FDA Approved	Small Molecule
cladribine	APPROVED_MEDICINE	FDA Approved	Small Molecule
quercus-robur-whole	BOTANICAL_OR_ORGANISM_PREPARATION	Non-FDA / Dietary Supplement	Nutraceutical / Botanical
clomipramine	APPROVED_MEDICINE	FDA Approved	Small Molecule
magnesium-chloride	APPROVED_MEDICINE	FDA Approved	Small Molecule
ulmus-minor-whole	BOTANICAL_OR_ORGANISM_PREPARATION	Non-FDA / Dietary Supplement	Nutraceutical / Botanical
harpagophytum-zeyheri-root	BOTANICAL_OR_ORGANISM_PREPARATION	Non-FDA / Dietary Supplement	Nutraceutical / Botanical
l-3972-t	MARKETED_PRODUCT_INGREDIENT	Non-FDA / Dietary Supplement	Nutraceutical / Botanical
clavulanate	APPROVED_MEDICINE	FDA Approved	Small Molecule
magnesium-orotate	SUPPLEMENT_INGREDIENT	Non-FDA / Dietary Supplement	Nutraceutical / Botanical
clavulanic-acid	INVESTIGATIONAL_MEDICINE	Pre-clinical / Open Source	Small Molecule
gymnemic-acids	SUPPLEMENT_INGREDIENT	Non-FDA / Dietary Supplement	Nutraceutical / Botanical
liquidambar-styraciflua-pollen	BOTANICAL_OR_ORGANISM_PREPARATION	Non-FDA / Dietary Supplement	Nutraceutical / Botanical
clematis-vitalba-flower	BOTANICAL_OR_ORGANISM_PREPARATION	Non-FDA / Dietary Supplement	Nutraceutical / Botanical
magnesium-oxide	APPROVED_MEDICINE	FDA Approved	Small Molecule
magnesium-taurinate	SUPPLEMENT_INGREDIENT	Non-FDA / Dietary Supplement	Nutraceutical / Botanical
capsule	SUPPLEMENT_INGREDIENT	Non-FDA / Dietary Supplement	Nutraceutical / Botanical
clematis-vitalba-top	BOTANICAL_OR_ORGANISM_PREPARATION	Non-FDA / Dietary Supplement	Nutraceutical / Botanical
copper-oxodotreotide-cu-64	INVESTIGATIONAL_MEDICINE	Pre-clinical / Open Source	Small Molecule
mdma	CONTROLLED_NO_APPROVED_USE	Controlled / No Approved Use	Small Molecule
streptococcus-thermophilus	BOTANICAL_OR_ORGANISM_PREPARATION	Non-FDA / Dietary Supplement	Nutraceutical / Botanical
clevidipine	APPROVED_MEDICINE	FDA Approved	Small Molecule
colloidal-silver	SUPPLEMENT_INGREDIENT	Non-FDA / Dietary Supplement	Nutraceutical / Botanical
medium-chain-triglycerides	APPROVED_MEDICINE	FDA Approved	Small Molecule
clesrovimab	INVESTIGATIONAL_MEDICINE	Pre-clinical / Open Source	Monoclonal Antibody (mAb)
corylus-avellana-flower-bud	SUPPLEMENT_INGREDIENT	Non-FDA / Dietary Supplement	Nutraceutical / Botanical
gallium-trifluoride	SUPPLEMENT_INGREDIENT	Non-FDA / Dietary Supplement	Nutraceutical / Botanical
mephitis-mephitis-anal-gland-fluid	SUPPLEMENT_INGREDIENT	Non-FDA / Dietary Supplement	Nutraceutical / Botanical
clarithromycin	APPROVED_MEDICINE	FDA Approved	Small Molecule
coal-tar	APPROVED_MEDICINE	FDA Approved	Small Molecule
musa-acuminata-whole	BOTANICAL_OR_ORGANISM_PREPARATION	Non-FDA / Dietary Supplement	Nutraceutical / Botanical
malus-sylvestris-whole	BOTANICAL_OR_ORGANISM_PREPARATION	Non-FDA / Dietary Supplement	Nutraceutical / Botanical
rhamnus-cathartica-fruit	BOTANICAL_OR_ORGANISM_PREPARATION	Non-FDA / Dietary Supplement	Nutraceutical / Botanical
fospropofol	APPROVED_MEDICINE	FDA Approved	Small Molecule
aspergillus-terreus	INVESTIGATIONAL_MEDICINE	Pre-clinical / Open Source	Nutraceutical / Botanical
medroxyprogesterone	APPROVED_MEDICINE	FDA Approved	Small Molecule
clitoria-ternatea-flower	BOTANICAL_OR_ORGANISM_PREPARATION	Non-FDA / Dietary Supplement	Nutraceutical / Botanical
gadoleic-acid	SUPPLEMENT_INGREDIENT	Non-FDA / Dietary Supplement	Nutraceutical / Botanical
palmitic-acid	MARKETED_PRODUCT_INGREDIENT	FDA Approved	Nutraceutical / Botanical
clocortolone-pivalate	APPROVED_MEDICINE	FDA Approved	Small Molecule
coffea-arabica-fruit	BOTANICAL_OR_ORGANISM_PREPARATION	Non-FDA / Dietary Supplement	Nutraceutical / Botanical
cupric	APPROVED_MEDICINE	FDA Approved	Small Molecule
agmatine-sulfate	SUPPLEMENT_INGREDIENT	Non-FDA / Dietary Supplement	Nutraceutical / Botanical
menaquinone-7	MARKETED_PRODUCT_INGREDIENT	FDA Approved	Small Molecule
clofarabine	APPROVED_MEDICINE	FDA Approved	Small Molecule
cobamamide	OFF_LABEL_OR_COMPOUNDED	Off-Label / Compounded	Small Molecule
clozapine	APPROVED_MEDICINE	FDA Approved	Small Molecule
saigon-cinnamon	BOTANICAL_OR_ORGANISM_PREPARATION	Non-FDA / Dietary Supplement	Nutraceutical / Botanical
levmetamfetamine	APPROVED_MEDICINE	FDA Approved	Small Molecule
cocarboxylase	OFF_LABEL_OR_COMPOUNDED	Off-Label / Compounded	Recombinant Protein / Biologic
mercuric	MARKETED_PRODUCT_INGREDIENT	Non-FDA / Dietary Supplement	Nutraceutical / Botanical
sebetralstat	APPROVED_MEDICINE	FDA Approved	Small Molecule
astragalus-gummifer-root	BOTANICAL_OR_ORGANISM_PREPARATION	Non-FDA / Dietary Supplement	Nutraceutical / Botanical
conium-maculatum-leaf	BOTANICAL_OR_ORGANISM_PREPARATION	Non-FDA / Dietary Supplement	Nutraceutical / Botanical
colistin	APPROVED_MEDICINE	FDA Approved	Small Molecule
conestat-alfa	INVESTIGATIONAL_MEDICINE	Pre-clinical / Open Source	Recombinant Protein / Biologic
cosibelimab-ipdl	APPROVED_BIOLOGIC	FDA Approved	Recombinant Protein / Biologic
copper	APPROVED_MEDICINE	FDA Approved	Nutraceutical / Botanical
metformin	APPROVED_MEDICINE	FDA Approved	Small Molecule
patiromer-sorbitex	APPROVED_MEDICINE	FDA Approved	Small Molecule
orange-juice	OFF_LABEL_OR_COMPOUNDED	Off-Label / Compounded	Small Molecule
copper-cu-64-dotatate	APPROVED_MEDICINE	FDA Approved	Small Molecule
methylcellulose	APPROVED_MEDICINE	FDA Approved	Small Molecule
crotamiton	APPROVED_MEDICINE	FDA Approved	Small Molecule
alliin	SUPPLEMENT_INGREDIENT	Non-FDA / Dietary Supplement	Nutraceutical / Botanical
metolazone	APPROVED_MEDICINE	FDA Approved	Small Molecule
satsuma-mandarin	BOTANICAL_OR_ORGANISM_PREPARATION	Non-FDA / Dietary Supplement	Nutraceutical / Botanical
saccharomyces-boulardii	BOTANICAL_OR_ORGANISM_PREPARATION	Non-FDA / Dietary Supplement	Nutraceutical / Botanical
coumarin	APPROVED_MEDICINE	FDA Approved	Nutraceutical / Botanical
mifepristone	APPROVED_MEDICINE	FDA Approved	Small Molecule
croton-tiglium-seed	BOTANICAL_OR_ORGANISM_PREPARATION	Non-FDA / Dietary Supplement	Nutraceutical / Botanical
narsoplimab	INVESTIGATIONAL_MEDICINE	Pre-clinical / Open Source	Monoclonal Antibody (mAb)
cosyntropin	APPROVED_MEDICINE	FDA Approved	Small Molecule
potassium-borate	SUPPLEMENT_INGREDIENT	Non-FDA / Dietary Supplement	Nutraceutical / Botanical
oenothera-biennis-flower	OFF_LABEL_OR_COMPOUNDED	Off-Label / Compounded	Nutraceutical / Botanical
darifenacin	APPROVED_MEDICINE	FDA Approved	Small Molecule
mogamulizumab-kpkc	APPROVED_BIOLOGIC	FDA Approved	Recombinant Protein / Biologic
cromolyn	APPROVED_MEDICINE	FDA Approved	Small Molecule
convolvulus-pluricaulis	SUPPLEMENT_INGREDIENT	Non-FDA / Dietary Supplement	Nutraceutical / Botanical
hydroxypropyl-cellulose	APPROVED_MEDICINE	FDA Approved	Small Molecule
cupric-arsenite	SUPPLEMENT_INGREDIENT	Non-FDA / Dietary Supplement	Nutraceutical / Botanical
dabigatran-etexilate	APPROVED_MEDICINE	FDA Approved	Small Molecule
illicium-verum-whole	BOTANICAL_OR_ORGANISM_PREPARATION	Non-FDA / Dietary Supplement	Nutraceutical / Botanical
zea-mays-pollen	BOTANICAL_OR_ORGANISM_PREPARATION	Non-FDA / Dietary Supplement	Nutraceutical / Botanical
motixafortide	APPROVED_BIOLOGIC	FDA Approved	Peptide / GLP-1 Agonist
cupric-oxide	SUPPLEMENT_INGREDIENT	Non-FDA / Dietary Supplement	Nutraceutical / Botanical
mycophenolic-acid	INVESTIGATIONAL_MEDICINE	Pre-clinical / Open Source	Small Molecule
ipodate	APPROVED_MEDICINE	FDA Approved	Small Molecule
centaurium-erythraea-flowering-top	BOTANICAL_OR_ORGANISM_PREPARATION	Non-FDA / Dietary Supplement	Nutraceutical / Botanical
n-acetyl-cysteine	SUPPLEMENT_INGREDIENT	Non-FDA / Dietary Supplement	Nutraceutical / Botanical
cupric-sulfate	APPROVED_MEDICINE	FDA Approved	Small Molecule
dactylis-glomerata-pollen	BOTANICAL_OR_ORGANISM_PREPARATION	Non-FDA / Dietary Supplement	Nutraceutical / Botanical
selenium-sulfide	APPROVED_MEDICINE	FDA Approved	Small Molecule
cyclamen-purpurascens-tuber	BOTANICAL_OR_ORGANISM_PREPARATION	Non-FDA / Dietary Supplement	Nutraceutical / Botanical
darunavir-hydrate	INVESTIGATIONAL_MEDICINE	Pre-clinical / Open Source	Small Molecule
undecylenic-acid	APPROVED_MEDICINE	FDA Approved	Nutraceutical / Botanical
bos-taurus-mammary-gland	SUPPLEMENT_INGREDIENT	Non-FDA / Dietary Supplement	Nutraceutical / Botanical
nadofaragene-firadenovec	INVESTIGATIONAL_MEDICINE	Pre-clinical / Open Source	CRISPR / Gene Therapy
cycloserine	APPROVED_MEDICINE	FDA Approved	Small Molecule
nadolol	APPROVED_MEDICINE	FDA Approved	Small Molecule
galangal	BOTANICAL_OR_ORGANISM_PREPARATION	Non-FDA / Dietary Supplement	Nutraceutical / Botanical
nickel-sulfate	SUPPLEMENT_INGREDIENT	Non-FDA / Dietary Supplement	Nutraceutical / Botanical
cyproheptadine	APPROVED_MEDICINE	FDA Approved	Small Molecule
dapagliflozin-2-3-butanediol	INVESTIGATIONAL_MEDICINE	Pre-clinical / Open Source	Small Molecule
peg-ppg-20-6-dimethicone	MARKETED_PRODUCT_INGREDIENT	FDA Approved	Small Molecule
cyclophosphamide	APPROVED_MEDICINE	FDA Approved	Small Molecule
oleanolic-acid	SUPPLEMENT_INGREDIENT	Non-FDA / Dietary Supplement	Nutraceutical / Botanical
mentha-x-piperita-whole	BOTANICAL_OR_ORGANISM_PREPARATION	Non-FDA / Dietary Supplement	Nutraceutical / Botanical
pueraria-montana-var-lobata-root	BOTANICAL_OR_ORGANISM_PREPARATION	Non-FDA / Dietary Supplement	Nutraceutical / Botanical
naratriptan	APPROVED_MEDICINE	FDA Approved	Small Molecule
magnolia-officinalis-bark	BOTANICAL_OR_ORGANISM_PREPARATION	Non-FDA / Dietary Supplement	Nutraceutical / Botanical
momordica-charantia-stem	OFF_LABEL_OR_COMPOUNDED	Off-Label / Compounded	Nutraceutical / Botanical
dacarbazine	APPROVED_MEDICINE	FDA Approved	Small Molecule
podofilox	APPROVED_MEDICINE	FDA Approved	Small Molecule
daylily	BOTANICAL_OR_ORGANISM_PREPARATION	Non-FDA / Dietary Supplement	Nutraceutical / Botanical
dalbavancin	APPROVED_MEDICINE	FDA Approved	Small Molecule
nattokinase	SUPPLEMENT_INGREDIENT	Non-FDA / Dietary Supplement	Recombinant Protein / Biologic
oats	BOTANICAL_OR_ORGANISM_PREPARATION	Non-FDA / Dietary Supplement	Nutraceutical / Botanical
daphne-mezereum-bark	BOTANICAL_OR_ORGANISM_PREPARATION	Non-FDA / Dietary Supplement	Nutraceutical / Botanical
cyclobenzaprine	APPROVED_MEDICINE	FDA Approved	Small Molecule
dalfampridine	APPROVED_MEDICINE	FDA Approved	Small Molecule
anatabine	SUPPLEMENT_INGREDIENT	Non-FDA / Dietary Supplement	Nutraceutical / Botanical
aureobasidium-pullulans-var-pullutans	SUPPLEMENT_INGREDIENT	Non-FDA / Dietary Supplement	Nutraceutical / Botanical
necitumumab	APPROVED_BIOLOGIC	FDA Approved	Monoclonal Antibody (mAb)
oritavancin	APPROVED_MEDICINE	FDA Approved	Small Molecule
amaranthus-hybridus-pollen	INVESTIGATIONAL_MEDICINE	Pre-clinical / Open Source	Nutraceutical / Botanical
nettle	SUPPLEMENT_INGREDIENT	Non-FDA / Dietary Supplement	Nutraceutical / Botanical
dapagliflozin-propanediol	INVESTIGATIONAL_MEDICINE	Pre-clinical / Open Source	Small Molecule
nepafenac	APPROVED_MEDICINE	FDA Approved	Small Molecule
palifermin	APPROVED_BIOLOGIC	FDA Approved	Recombinant Protein / Biologic
dehydroabietic-acid	SUPPLEMENT_INGREDIENT	Non-FDA / Dietary Supplement	Nutraceutical / Botanical
coptis-chinensis-root	MARKETED_PRODUCT_INGREDIENT	FDA Approved	Nutraceutical / Botanical
dapagliflozin-saxagliptin	COMBINATION_PRODUCT	FDA Approved	Small Molecule
eucalyptus	BOTANICAL_OR_ORGANISM_PREPARATION	Non-FDA / Dietary Supplement	Nutraceutical / Botanical
defactinib	APPROVED_MEDICINE	FDA Approved	Small Molecule
nifedipine	APPROVED_MEDICINE	FDA Approved	Small Molecule
nitrofurantoin-macrocrystalline	APPROVED_MEDICINE	FDA Approved	Small Molecule
prunus-persica-flower	BOTANICAL_OR_ORGANISM_PREPARATION	Non-FDA / Dietary Supplement	Nutraceutical / Botanical
perflubron	APPROVED_MEDICINE	FDA Approved	Small Molecule
phragmites	BOTANICAL_OR_ORGANISM_PREPARATION	Non-FDA / Dietary Supplement	Nutraceutical / Botanical
olive-oil	APPROVED_MEDICINE	FDA Approved	Nutraceutical / Botanical
dasiglucagon	APPROVED_MEDICINE	FDA Approved	Small Molecule
marstacimab	INVESTIGATIONAL_MEDICINE	Pre-clinical / Open Source	Monoclonal Antibody (mAb)
potassium-chlorate	SUPPLEMENT_INGREDIENT	Non-FDA / Dietary Supplement	Nutraceutical / Botanical
octinoxate	APPROVED_MEDICINE	FDA Approved	Small Molecule
dasatinib	APPROVED_MEDICINE	FDA Approved	Small Molecule
helianthus-annuus-flowering-top	BOTANICAL_OR_ORGANISM_PREPARATION	Non-FDA / Dietary Supplement	Nutraceutical / Botanical
octreotide	APPROVED_BIOLOGIC	FDA Approved	Peptide / GLP-1 Agonist
onabotulinumtoxina	APPROVED_BIOLOGIC	FDA Approved	Recombinant Protein / Biologic
deacetylbisacodyl	APPROVED_MEDICINE	FDA Approved	Small Molecule
dexlansoprazole	APPROVED_MEDICINE	FDA Approved	Small Molecule
daunorubicin	APPROVED_MEDICINE	FDA Approved	Small Molecule
robinia-pseudoacacia-whole	BOTANICAL_OR_ORGANISM_PREPARATION	Non-FDA / Dietary Supplement	Nutraceutical / Botanical
demannose	MARKETED_PRODUCT_INGREDIENT	Non-FDA / Dietary Supplement	Nutraceutical / Botanical
odevixibat	APPROVED_MEDICINE	FDA Approved	Small Molecule
delphinium-staphisagria-seed	BOTANICAL_OR_ORGANISM_PREPARATION	Non-FDA / Dietary Supplement	Nutraceutical / Botanical
deferiprone	APPROVED_MEDICINE	FDA Approved	Small Molecule
onion	BOTANICAL_OR_ORGANISM_PREPARATION	Non-FDA / Dietary Supplement	Nutraceutical / Botanical
human-coxsackievirus-b5	BOTANICAL_OR_ORGANISM_PREPARATION	Non-FDA / Dietary Supplement	Nutraceutical / Botanical
plantago	BOTANICAL_OR_ORGANISM_PREPARATION	Non-FDA / Dietary Supplement	Nutraceutical / Botanical
dehydrated-alcohol	APPROVED_MEDICINE	FDA Approved	Small Molecule
autumn-crocus	BOTANICAL_OR_ORGANISM_PREPARATION	Non-FDA / Dietary Supplement	Nutraceutical / Botanical
oryctolagus-cuniculus-ligament	SUPPLEMENT_INGREDIENT	Non-FDA / Dietary Supplement	Nutraceutical / Botanical
panax-ginseng	BOTANICAL_OR_ORGANISM_PREPARATION	Non-FDA / Dietary Supplement	Nutraceutical / Botanical
deferasirox	APPROVED_MEDICINE	FDA Approved	Small Molecule
artemisia-absinthium-pollen	BOTANICAL_OR_ORGANISM_PREPARATION	Non-FDA / Dietary Supplement	Nutraceutical / Botanical
matricaria-recutita-flowering-top	BOTANICAL_OR_ORGANISM_PREPARATION	Non-FDA / Dietary Supplement	Nutraceutical / Botanical
oseltamivir	APPROVED_MEDICINE	FDA Approved	Small Molecule
pafolacianine	APPROVED_MEDICINE	FDA Approved	Small Molecule
dendrobium-officinale-stem	APPROVED_MEDICINE	FDA Approved	Nutraceutical / Botanical
penicillium-glabrum	BOTANICAL_OR_ORGANISM_PREPARATION	Non-FDA / Dietary Supplement	Nutraceutical / Botanical
desflurane	APPROVED_MEDICINE	FDA Approved	Small Molecule
oveporexton	APPROVED_MEDICINE	FDA Approved	Small Molecule
myrtus-communis-top	BOTANICAL_OR_ORGANISM_PREPARATION	Non-FDA / Dietary Supplement	Nutraceutical / Botanical
mercurialis-annua-flowering-top	BOTANICAL_OR_ORGANISM_PREPARATION	Non-FDA / Dietary Supplement	Nutraceutical / Botanical
corktree	SUPPLEMENT_INGREDIENT	Non-FDA / Dietary Supplement	Nutraceutical / Botanical
desmopressin	APPROVED_BIOLOGIC	FDA Approved	Peptide / GLP-1 Agonist
dense-fruit-dittany	SUPPLEMENT_INGREDIENT	Non-FDA / Dietary Supplement	Nutraceutical / Botanical
dihydroergotamine	APPROVED_MEDICINE	FDA Approved	Small Molecule
globulins	SUPPLEMENT_INGREDIENT	Non-FDA / Dietary Supplement	Nutraceutical / Botanical
oxymetazoline	APPROVED_MEDICINE	FDA Approved	Small Molecule
deucravacitinib	APPROVED_MEDICINE	FDA Approved	Small Molecule
palbociclib	APPROVED_MEDICINE	FDA Approved	Small Molecule
dextran-70	MARKETED_PRODUCT_INGREDIENT	FDA Approved	Small Molecule
phenyl-isothiocyanate	SUPPLEMENT_INGREDIENT	Non-FDA / Dietary Supplement	Nutraceutical / Botanical
symphoricarpos-albus-whole	BOTANICAL_OR_ORGANISM_PREPARATION	Non-FDA / Dietary Supplement	Nutraceutical / Botanical
palonosetron	APPROVED_MEDICINE	FDA Approved	Small Molecule
dibucaine	APPROVED_MEDICINE	FDA Approved	Small Molecule
dexrazoxane	APPROVED_MEDICINE	FDA Approved	Small Molecule
propionyl-l-carnitine	SUPPLEMENT_INGREDIENT	Non-FDA / Dietary Supplement	Nutraceutical / Botanical
dextroamphetamine	APPROVED_MEDICINE	FDA Approved	Small Molecule
parenchyma	SUPPLEMENT_INGREDIENT	Non-FDA / Dietary Supplement	Nutraceutical / Botanical
dha	SUPPLEMENT_INGREDIENT	Non-FDA / Dietary Supplement	Nutraceutical / Botanical
pexidartinib	APPROVED_MEDICINE	FDA Approved	Small Molecule
malus-domestica-whole	BOTANICAL_OR_ORGANISM_PREPARATION	Non-FDA / Dietary Supplement	Nutraceutical / Botanical
dextrose-unspecified-form	SUPPLEMENT_INGREDIENT	Non-FDA / Dietary Supplement	Nutraceutical / Botanical
paricalcitol	APPROVED_MEDICINE	FDA Approved	Small Molecule
poa-pratensis-pollen	BOTANICAL_OR_ORGANISM_PREPARATION	Non-FDA / Dietary Supplement	Nutraceutical / Botanical
hyssopus-officinalis-flowering-top	BOTANICAL_OR_ORGANISM_PREPARATION	Non-FDA / Dietary Supplement	Nutraceutical / Botanical
polyvinyl-alcohol-unspecified	APPROVED_MEDICINE	FDA Approved	Nutraceutical / Botanical
haloprogin	APPROVED_MEDICINE	FDA Approved	Small Molecule
levamisole	APPROVED_MEDICINE	FDA Approved	Small Molecule
magnesium-iodide	SUPPLEMENT_INGREDIENT	Non-FDA / Dietary Supplement	Nutraceutical / Botanical
patiromer	INVESTIGATIONAL_MEDICINE	Pre-clinical / Open Source	Small Molecule
dextrose	APPROVED_MEDICINE	FDA Approved	Small Molecule
sicilian-sumac	BOTANICAL_OR_ORGANISM_PREPARATION	Non-FDA / Dietary Supplement	Nutraceutical / Botanical
pearl	MARKETED_PRODUCT_INGREDIENT	FDA Approved	Nutraceutical / Botanical
diazoxide	APPROVED_MEDICINE	FDA Approved	Small Molecule
pegfilgrastim-bmez	APPROVED_BIOLOGIC	FDA Approved	Recombinant Protein / Biologic
romosozumab-aqqg	APPROVED_BIOLOGIC	FDA Approved	Recombinant Protein / Biologic
pentazocine	APPROVED_MEDICINE	FDA Approved	Small Molecule
peginterferon-alfa-2b	APPROVED_BIOLOGIC	FDA Approved	Recombinant Protein / Biologic
diazoxide-choline	APPROVED_MEDICINE	FDA Approved	Small Molecule
dysphania-ambrosioides	BOTANICAL_OR_ORGANISM_PREPARATION	Non-FDA / Dietary Supplement	Nutraceutical / Botanical
hedychium-spicatum	BOTANICAL_OR_ORGANISM_PREPARATION	Non-FDA / Dietary Supplement	Nutraceutical / Botanical
dicloxacillin	APPROVED_MEDICINE	FDA Approved	Small Molecule
peginterferon-alfa-2a	APPROVED_BIOLOGIC	FDA Approved	Recombinant Protein / Biologic
difenoxin	APPROVED_MEDICINE	FDA Approved	Small Molecule
sargassum-pallidum	BOTANICAL_OR_ORGANISM_PREPARATION	Non-FDA / Dietary Supplement	Nutraceutical / Botanical
dieffenbachia-seguine	BOTANICAL_OR_ORGANISM_PREPARATION	Non-FDA / Dietary Supplement	Nutraceutical / Botanical
diethyltoluamide	OFF_LABEL_OR_COMPOUNDED	Off-Label / Compounded	Small Molecule
peptides	SUPPLEMENT_INGREDIENT	Non-FDA / Dietary Supplement	Nutraceutical / Botanical
perphenazine	APPROVED_MEDICINE	FDA Approved	Small Molecule
hordenine	SUPPLEMENT_INGREDIENT	Non-FDA / Dietary Supplement	Nutraceutical / Botanical
hedychium-flavescens-whole	BOTANICAL_OR_ORGANISM_PREPARATION	Non-FDA / Dietary Supplement	Nutraceutical / Botanical
ctenocephalides-canis	BOTANICAL_OR_ORGANISM_PREPARATION	Non-FDA / Dietary Supplement	Nutraceutical / Botanical
daratumumab-and-hyaluronidase-fihj	APPROVED_BIOLOGIC	FDA Approved	Recombinant Protein / Biologic
mycobacterium-tuberculosis	BOTANICAL_OR_ORGANISM_PREPARATION	Non-FDA / Dietary Supplement	Nutraceutical / Botanical
diethylpropion	APPROVED_MEDICINE	FDA Approved	Small Molecule
phenobarbital	APPROVED_MEDICINE	FDA Approved	Small Molecule
avocado-oil	OFF_LABEL_OR_COMPOUNDED	Off-Label / Compounded	Small Molecule
streptococcus-pneumoniae-type-14-capsular-polysaccharide-antigen	INVESTIGATIONAL_MEDICINE	Pre-clinical / Open Source	Recombinant Protein / Biologic
dihydrocodeine	APPROVED_MEDICINE	FDA Approved	Small Molecule
docosanol	APPROVED_MEDICINE	FDA Approved	Small Molecule
resmetirom	APPROVED_MEDICINE	Accelerated Approval	Small Molecule
phentolamine	APPROVED_MEDICINE	FDA Approved	Small Molecule
dimenhydrinate	APPROVED_MEDICINE	FDA Approved	Small Molecule
safflower-oil	APPROVED_MEDICINE	FDA Approved	Nutraceutical / Botanical
phenylalanine	SUPPLEMENT_INGREDIENT	Non-FDA / Dietary Supplement	Nutraceutical / Botanical
pseudoephedrine	APPROVED_MEDICINE	FDA Approved	Small Molecule
dimethicone-350	APPROVED_MEDICINE	FDA Approved	Small Molecule
poplar	BOTANICAL_OR_ORGANISM_PREPARATION	Non-FDA / Dietary Supplement	Nutraceutical / Botanical
heimia-salicifolia-leaf	BOTANICAL_OR_ORGANISM_PREPARATION	Non-FDA / Dietary Supplement	Nutraceutical / Botanical
phenylbenzimidazole-sulfonic-acid	MARKETED_PRODUCT_INGREDIENT	FDA Approved	Small Molecule
pyrantel	APPROVED_MEDICINE	FDA Approved	Nutraceutical / Botanical
bog-bilberry	BOTANICAL_OR_ORGANISM_PREPARATION	Non-FDA / Dietary Supplement	Nutraceutical / Botanical
daratumumab	APPROVED_BIOLOGIC	FDA Approved	Monoclonal Antibody (mAb)
tilia-tomentosa-bud	BOTANICAL_OR_ORGANISM_PREPARATION	Non-FDA / Dietary Supplement	Nutraceutical / Botanical
mersalyl	APPROVED_MEDICINE	FDA Approved	Small Molecule
ofatumumab	APPROVED_BIOLOGIC	FDA Approved	Monoclonal Antibody (mAb)
dioscorea-villosa-root	APPROVED_MEDICINE	FDA Approved	Nutraceutical / Botanical
calcium-acetate	APPROVED_MEDICINE	FDA Approved	Small Molecule
thallium	SUPPLEMENT_INGREDIENT	Non-FDA / Dietary Supplement	Nutraceutical / Botanical
polyoxyl-40-hydrogenated-castor-oil	MARKETED_PRODUCT_INGREDIENT	FDA Approved	Small Molecule
docusate-sodium	APPROVED_MEDICINE	FDA Approved	Nutraceutical / Botanical
hydnocarpus-castaneus-whole	BOTANICAL_OR_ORGANISM_PREPARATION	Non-FDA / Dietary Supplement	Nutraceutical / Botanical
rocuronium	APPROVED_MEDICINE	FDA Approved	Small Molecule
dolutegravir	APPROVED_MEDICINE	FDA Approved	Small Molecule
racemethionine	MARKETED_PRODUCT_INGREDIENT	Non-FDA / Dietary Supplement	Nutraceutical / Botanical
sodium	APPROVED_MEDICINE	FDA Approved	Nutraceutical / Botanical
plantago-major-whole	BOTANICAL_OR_ORGANISM_PREPARATION	Non-FDA / Dietary Supplement	Nutraceutical / Botanical
dolutegravir-and-lamivudine	COMBINATION_PRODUCT	FDA Approved	Small Molecule
matricaria-chamomilla	BOTANICAL_OR_ORGANISM_PREPARATION	Non-FDA / Dietary Supplement	Nutraceutical / Botanical
influenza-a-virus-a-singapore-gp20238-2024-ivr-277-antigen	INVESTIGATIONAL_MEDICINE	Pre-clinical / Open Source	Recombinant Protein / Biologic
pentetate-zinc-trisodium	APPROVED_MEDICINE	FDA Approved	Small Molecule
dorzolamide	APPROVED_MEDICINE	FDA Approved	Small Molecule
dryopteris-filix-mas-root	BOTANICAL_OR_ORGANISM_PREPARATION	Non-FDA / Dietary Supplement	Nutraceutical / Botanical
malt	SUPPLEMENT_INGREDIENT	Non-FDA / Dietary Supplement	Nutraceutical / Botanical
plasma-protein-fraction	INVESTIGATIONAL_MEDICINE	Pre-clinical / Open Source	Recombinant Protein / Biologic
jungli-bean	SUPPLEMENT_INGREDIENT	Non-FDA / Dietary Supplement	Nutraceutical / Botanical
heptacosanol	SUPPLEMENT_INGREDIENT	Non-FDA / Dietary Supplement	Nutraceutical / Botanical
dostarlimab-gxly	APPROVED_BIOLOGIC	FDA Approved	Recombinant Protein / Biologic
noni-fruit-juice	SUPPLEMENT_INGREDIENT	Non-FDA / Dietary Supplement	Nutraceutical / Botanical
mucins	SUPPLEMENT_INGREDIENT	Non-FDA / Dietary Supplement	Nutraceutical / Botanical
dopamine	APPROVED_MEDICINE	FDA Approved	Small Molecule
rutin	SUPPLEMENT_INGREDIENT	Non-FDA / Dietary Supplement	Nutraceutical / Botanical
testes	SUPPLEMENT_INGREDIENT	Non-FDA / Dietary Supplement	Nutraceutical / Botanical
polidocanol	APPROVED_MEDICINE	FDA Approved	Small Molecule
dostarlimab	INVESTIGATIONAL_MEDICINE	Pre-clinical / Open Source	Monoclonal Antibody (mAb)
rose-bengal	OFF_LABEL_OR_COMPOUNDED	Off-Label / Compounded	Small Molecule
polymyxin-b	APPROVED_MEDICINE	FDA Approved	Small Molecule
doravirine	APPROVED_MEDICINE	FDA Approved	Small Molecule
efgartigimod-alfa	APPROVED_BIOLOGIC	FDA Approved	Recombinant Protein / Biologic
palm-leaf-rasperry	SUPPLEMENT_INGREDIENT	Non-FDA / Dietary Supplement	Nutraceutical / Botanical
schoenocaulon-officinale-seed	BOTANICAL_OR_ORGANISM_PREPARATION	Non-FDA / Dietary Supplement	Nutraceutical / Botanical
drimia-maritima-bulb	BOTANICAL_OR_ORGANISM_PREPARATION	Non-FDA / Dietary Supplement	Nutraceutical / Botanical
polytetrafluoroethylene	APPROVED_MEDICINE	FDA Approved	Small Molecule
amdinocillin	APPROVED_MEDICINE	FDA Approved	Small Molecule
onopordum-acanthium-flower	BOTANICAL_OR_ORGANISM_PREPARATION	Non-FDA / Dietary Supplement	Nutraceutical / Botanical
pentobarbital	APPROVED_MEDICINE	FDA Approved	Small Molecule
doxazosin	APPROVED_MEDICINE	FDA Approved	Small Molecule
brassica-oleracea	BOTANICAL_OR_ORGANISM_PREPARATION	Non-FDA / Dietary Supplement	Nutraceutical / Botanical
dextromethorphan-polistirex	APPROVED_MEDICINE	FDA Approved	Small Molecule
barium-oxalosuccinate	SUPPLEMENT_INGREDIENT	Non-FDA / Dietary Supplement	Nutraceutical / Botanical
gum	SUPPLEMENT_INGREDIENT	Non-FDA / Dietary Supplement	Nutraceutical / Botanical
vaccinia-virus	BOTANICAL_OR_ORGANISM_PREPARATION	Non-FDA / Dietary Supplement	Nutraceutical / Botanical
posaconazole	APPROVED_MEDICINE	FDA Approved	Small Molecule
drosera-rotundifolia	BOTANICAL_OR_ORGANISM_PREPARATION	Non-FDA / Dietary Supplement	Nutraceutical / Botanical
ecallantide	APPROVED_BIOLOGIC	FDA Approved	Peptide / GLP-1 Agonist
methixene	APPROVED_MEDICINE	FDA Approved	Small Molecule
potassium-ascorbate	SUPPLEMENT_INGREDIENT	Non-FDA / Dietary Supplement	Nutraceutical / Botanical
babesia-microti	BOTANICAL_OR_ORGANISM_PREPARATION	Non-FDA / Dietary Supplement	Nutraceutical / Botanical
dronedarone	APPROVED_MEDICINE	FDA Approved	Small Molecule
polysorbate-60	MARKETED_PRODUCT_INGREDIENT	FDA Approved	Small Molecule
povidone-iodine	APPROVED_MEDICINE	FDA Approved	Small Molecule
pramipexole	APPROVED_MEDICINE	FDA Approved	Small Molecule
doxepin	APPROVED_MEDICINE	FDA Approved	Small Molecule
prickly-pear-leaf	SUPPLEMENT_INGREDIENT	Non-FDA / Dietary Supplement	Nutraceutical / Botanical
bee-pollen	SUPPLEMENT_INGREDIENT	Non-FDA / Dietary Supplement	Nutraceutical / Botanical
embelia-ribes-fruit	BOTANICAL_OR_ORGANISM_PREPARATION	Non-FDA / Dietary Supplement	Nutraceutical / Botanical
drospirenone	APPROVED_MEDICINE	FDA Approved	Small Molecule
oryctolagus-cuniculus-pituitary-gland	SUPPLEMENT_INGREDIENT	Non-FDA / Dietary Supplement	Nutraceutical / Botanical
sinecatechins	APPROVED_MEDICINE	FDA Approved	Small Molecule
sharp-leaf-galangal	BOTANICAL_OR_ORGANISM_PREPARATION	Non-FDA / Dietary Supplement	Nutraceutical / Botanical
ostrea-edulis-shell	SUPPLEMENT_INGREDIENT	Non-FDA / Dietary Supplement	Nutraceutical / Botanical
rituximab-pvvr	APPROVED_BIOLOGIC	FDA Approved	Recombinant Protein / Biologic
echinacea-purpurea	BOTANICAL_OR_ORGANISM_PREPARATION	Non-FDA / Dietary Supplement	Nutraceutical / Botanical
canihua	SUPPLEMENT_INGREDIENT	Non-FDA / Dietary Supplement	Nutraceutical / Botanical
emapalumab	INVESTIGATIONAL_MEDICINE	Pre-clinical / Open Source	Monoclonal Antibody (mAb)
dutasteride	APPROVED_MEDICINE	FDA Approved	Small Molecule
sibeprenlimab	INVESTIGATIONAL_MEDICINE	Pre-clinical / Open Source	Monoclonal Antibody (mAb)
solidago-virgaurea-flowering-top	BOTANICAL_OR_ORGANISM_PREPARATION	Non-FDA / Dietary Supplement	Nutraceutical / Botanical
prochlorperazine	APPROVED_MEDICINE	FDA Approved	Small Molecule
elacestrant	APPROVED_MEDICINE	FDA Approved	Small Molecule
sorbus-domestica-whole	BOTANICAL_OR_ORGANISM_PREPARATION	Non-FDA / Dietary Supplement	Nutraceutical / Botanical
zinc-pyrithione	APPROVED_MEDICINE	FDA Approved	Small Molecule
promethazine	APPROVED_MEDICINE	FDA Approved	Small Molecule
darbepoetin-alfa	APPROVED_BIOLOGIC	FDA Approved	Recombinant Protein / Biologic
quizartinib	APPROVED_MEDICINE	FDA Approved	Small Molecule
gamma-carotene	SUPPLEMENT_INGREDIENT	Non-FDA / Dietary Supplement	Nutraceutical / Botanical
elapegademase-lvlr	APPROVED_BIOLOGIC	FDA Approved	Recombinant Protein / Biologic
triisopropanolamine	MARKETED_PRODUCT_INGREDIENT	FDA Approved	Small Molecule
elosulfase-alfa	APPROVED_BIOLOGIC	FDA Approved	Recombinant Protein / Biologic
fludeoxyglucose-f-18	APPROVED_MEDICINE	FDA Approved	Small Molecule
proteus-vulgaris	BOTANICAL_OR_ORGANISM_PREPARATION	Non-FDA / Dietary Supplement	Nutraceutical / Botanical
elafibranor	APPROVED_MEDICINE	FDA Approved	Small Molecule
clerodendrum-phlomidis	BOTANICAL_OR_ORGANISM_PREPARATION	Non-FDA / Dietary Supplement	Nutraceutical / Botanical
eltrombopag-choline	APPROVED_MEDICINE	FDA Approved	Small Molecule
prucalopride	APPROVED_MEDICINE	FDA Approved	Small Molecule
sodium-hyaluronate	APPROVED_MEDICINE	FDA Approved	Small Molecule
gamma-linolenic-acid	SUPPLEMENT_INGREDIENT	Non-FDA / Dietary Supplement	Nutraceutical / Botanical
elotuzumab	APPROVED_BIOLOGIC	FDA Approved	Monoclonal Antibody (mAb)
selexipag	APPROVED_MEDICINE	FDA Approved	Small Molecule
quetiapine	APPROVED_MEDICINE	FDA Approved	Small Molecule
iris-germanica-var-florentina-root	SUPPLEMENT_INGREDIENT	Non-FDA / Dietary Supplement	Nutraceutical / Botanical
difluprednate	APPROVED_MEDICINE	FDA Approved	Small Molecule
resveratrol-analog	SUPPLEMENT_INGREDIENT	Non-FDA / Dietary Supplement	Nutraceutical / Botanical
sandy-everlasting	SUPPLEMENT_INGREDIENT	Non-FDA / Dietary Supplement	Nutraceutical / Botanical
elivaldogene-autotemcel	INVESTIGATIONAL_MEDICINE	Pre-clinical / Open Source	CRISPR / Gene Therapy
triprolidine	APPROVED_MEDICINE	FDA Approved	Small Molecule
dalotuzumab	MARKETED_PRODUCT_INGREDIENT	Non-FDA / Dietary Supplement	Monoclonal Antibody (mAb)
elvitegravir	APPROVED_MEDICINE	FDA Approved	Small Molecule
ramipril	APPROVED_MEDICINE	FDA Approved	Small Molecule
elm	SUPPLEMENT_INGREDIENT	Non-FDA / Dietary Supplement	Nutraceutical / Botanical
relacorilant	APPROVED_MEDICINE	FDA Approved	Small Molecule
enterovirus-71	BOTANICAL_OR_ORGANISM_PREPARATION	Non-FDA / Dietary Supplement	Nutraceutical / Botanical
dictamnus-dasycarpus-root-bark	MARKETED_PRODUCT_INGREDIENT	FDA Approved	Nutraceutical / Botanical
elvitegravir-cobicistat-emtricitabine-and-tenofovir-alafenamide	APPROVED_MEDICINE	FDA Approved	Small Molecule
ligustrum-lucidum-fruit	MARKETED_PRODUCT_INGREDIENT	FDA Approved	Nutraceutical / Botanical
rosin	SUPPLEMENT_INGREDIENT	Non-FDA / Dietary Supplement	Nutraceutical / Botanical
pralsetinib	APPROVED_MEDICINE	FDA Approved	Small Molecule
solanum-dulcamara-flower	BOTANICAL_OR_ORGANISM_PREPARATION	Non-FDA / Dietary Supplement	Nutraceutical / Botanical
parsley	BOTANICAL_OR_ORGANISM_PREPARATION	Non-FDA / Dietary Supplement	Nutraceutical / Botanical
sacha-inchi-protein	SUPPLEMENT_INGREDIENT	Non-FDA / Dietary Supplement	Nutraceutical / Botanical
eluxadoline	APPROVED_MEDICINE	FDA Approved	Small Molecule
relatlimab	INVESTIGATIONAL_MEDICINE	Pre-clinical / Open Source	Monoclonal Antibody (mAb)
rifampin	APPROVED_MEDICINE	FDA Approved	Small Molecule
buprenorphine	APPROVED_MEDICINE	FDA Approved	Small Molecule
enalaprilat	APPROVED_MEDICINE	FDA Approved	Small Molecule
remdesivir	APPROVED_MEDICINE	FDA Approved	Small Molecule
pau-darco	SUPPLEMENT_INGREDIENT	Non-FDA / Dietary Supplement	Nutraceutical / Botanical
rhabdosia-rubescens	SUPPLEMENT_INGREDIENT	Non-FDA / Dietary Supplement	Nutraceutical / Botanical
alpha-lipoic-acid	SUPPLEMENT_INGREDIENT	Non-FDA / Dietary Supplement	Nutraceutical / Botanical
reteplase	APPROVED_BIOLOGIC	FDA Approved	Recombinant Protein / Biologic
secretin	APPROVED_MEDICINE	FDA Approved	Small Molecule
european-pennyroyal	SUPPLEMENT_INGREDIENT	Non-FDA / Dietary Supplement	Nutraceutical / Botanical
sodium-hypochlorite	MARKETED_PRODUCT_INGREDIENT	Non-FDA / Dietary Supplement	Nutraceutical / Botanical
enfortumab-vedotin	INVESTIGATIONAL_MEDICINE	Pre-clinical / Open Source	Recombinant Protein / Biologic
1-4-dimethylpentylamine	SUPPLEMENT_INGREDIENT	Non-FDA / Dietary Supplement	Nutraceutical / Botanical
erythromycin-lactobionate	APPROVED_MEDICINE	FDA Approved	Small Molecule
rice-bran	SUPPLEMENT_INGREDIENT	Non-FDA / Dietary Supplement	Nutraceutical / Botanical
strontium-phosphate	SUPPLEMENT_INGREDIENT	Non-FDA / Dietary Supplement	Nutraceutical / Botanical
quercus-velutina-whole	BOTANICAL_OR_ORGANISM_PREPARATION	Non-FDA / Dietary Supplement	Nutraceutical / Botanical
javanese-long-pepper	BOTANICAL_OR_ORGANISM_PREPARATION	Non-FDA / Dietary Supplement	Nutraceutical / Botanical
ensifentrine	APPROVED_MEDICINE	FDA Approved	Small Molecule
propolis	BOTANICAL_OR_ORGANISM_PREPARATION	Non-FDA / Dietary Supplement	Nutraceutical / Botanical
rilonacept	APPROVED_BIOLOGIC	FDA Approved	Recombinant Protein / Biologic
epcoritamab	INVESTIGATIONAL_MEDICINE	Pre-clinical / Open Source	Monoclonal Antibody (mAb)
rimegepant	APPROVED_MEDICINE	FDA Approved	Small Molecule
jasminum-officinale-flower	BOTANICAL_OR_ORGANISM_PREPARATION	Non-FDA / Dietary Supplement	Nutraceutical / Botanical
ephedrine	APPROVED_MEDICINE	FDA Approved	Small Molecule
pinus-sylvestris-leafy-twig	BOTANICAL_OR_ORGANISM_PREPARATION	Non-FDA / Dietary Supplement	Nutraceutical / Botanical
stemona	BOTANICAL_OR_ORGANISM_PREPARATION	Non-FDA / Dietary Supplement	Nutraceutical / Botanical
eptinezumab	INVESTIGATIONAL_MEDICINE	Pre-clinical / Open Source	Monoclonal Antibody (mAb)
erenumab-aooe	APPROVED_BIOLOGIC	FDA Approved	Recombinant Protein / Biologic
german-chamomile	BOTANICAL_OR_ORGANISM_PREPARATION	Non-FDA / Dietary Supplement	Nutraceutical / Botanical
ertugliflozin	APPROVED_MEDICINE	FDA Approved	Small Molecule
siberian-cocklebur	SUPPLEMENT_INGREDIENT	Non-FDA / Dietary Supplement	Nutraceutical / Botanical
eravacycline	APPROVED_MEDICINE	FDA Approved	Small Molecule
spleen	SUPPLEMENT_INGREDIENT	Non-FDA / Dietary Supplement	Nutraceutical / Botanical
riociguat	APPROVED_MEDICINE	FDA Approved	Small Molecule
insulin-icodec	APPROVED_BIOLOGIC	FDA Approved	Recombinant Protein / Biologic
erythromycin	APPROVED_MEDICINE	FDA Approved	Small Molecule
estradiol-cypionate	APPROVED_MEDICINE	FDA Approved	Small Molecule
streptococcus-uberis	BOTANICAL_OR_ORGANISM_PREPARATION	Non-FDA / Dietary Supplement	Nutraceutical / Botanical
rituximab-abbs	APPROVED_BIOLOGIC	FDA Approved	Recombinant Protein / Biologic
luo-han-guo	BOTANICAL_OR_ORGANISM_PREPARATION	Non-FDA / Dietary Supplement	Nutraceutical / Botanical
repotrectinib	APPROVED_MEDICINE	FDA Approved	Small Molecule
abies-alba-leafy-twig	BOTANICAL_OR_ORGANISM_PREPARATION	Non-FDA / Dietary Supplement	Nutraceutical / Botanical
esketamine	APPROVED_MEDICINE	FDA Approved	Small Molecule
gelsemium-sempervirens-whole	BOTANICAL_OR_ORGANISM_PREPARATION	Non-FDA / Dietary Supplement	Nutraceutical / Botanical
rituximab-arrx	APPROVED_BIOLOGIC	FDA Approved	Recombinant Protein / Biologic
rubia-tinctorum-root	BOTANICAL_OR_ORGANISM_PREPARATION	Non-FDA / Dietary Supplement	Nutraceutical / Botanical
estriol	APPROVED_MEDICINE	FDA Approved	Nutraceutical / Botanical
vespula-germanica-venom-protein	INVESTIGATIONAL_MEDICINE	Pre-clinical / Open Source	Nutraceutical / Botanical
rivastigmine	APPROVED_MEDICINE	FDA Approved	Small Molecule
indecainide	APPROVED_MEDICINE	FDA Approved	Small Molecule
balsam	SUPPLEMENT_INGREDIENT	Non-FDA / Dietary Supplement	Nutraceutical / Botanical
cimex-lectularius	BOTANICAL_OR_ORGANISM_PREPARATION	Non-FDA / Dietary Supplement	Nutraceutical / Botanical
ethacrynic-acid	APPROVED_MEDICINE	FDA Approved	Small Molecule
ustekinumab-aekn	APPROVED_BIOLOGIC	FDA Approved	Recombinant Protein / Biologic
acacia-dealbata-pollen	BOTANICAL_OR_ORGANISM_PREPARATION	Non-FDA / Dietary Supplement	Nutraceutical / Botanical
cayenne-pepper	SUPPLEMENT_INGREDIENT	Non-FDA / Dietary Supplement	Nutraceutical / Botanical
ethanol	SUPPLEMENT_INGREDIENT	Non-FDA / Dietary Supplement	Nutraceutical / Botanical
taurolidine	APPROVED_MEDICINE	FDA Approved	Small Molecule
ziftomenib	APPROVED_MEDICINE	FDA Approved	Small Molecule
ropivacaine	APPROVED_MEDICINE	FDA Approved	Small Molecule
ethosuximide	APPROVED_MEDICINE	FDA Approved	Small Molecule
technetium-tc-99m-succimer	APPROVED_MEDICINE	FDA Approved	Small Molecule
thonzonium	APPROVED_MEDICINE	FDA Approved	Small Molecule
diiodotyrosine	SUPPLEMENT_INGREDIENT	Non-FDA / Dietary Supplement	Nutraceutical / Botanical
salvia-pratensis-leaf	BOTANICAL_OR_ORGANISM_PREPARATION	Non-FDA / Dietary Supplement	Nutraceutical / Botanical
etomidate	APPROVED_MEDICINE	FDA Approved	Small Molecule
sus-scrofa-thyroid	MARKETED_PRODUCT_INGREDIENT	Non-FDA / Dietary Supplement	Nutraceutical / Botanical
satralizumab	APPROVED_BIOLOGIC	FDA Approved	Monoclonal Antibody (mAb)
euphrasia-stricta	SUPPLEMENT_INGREDIENT	Non-FDA / Dietary Supplement	Nutraceutical / Botanical
fish	SUPPLEMENT_INGREDIENT	Non-FDA / Dietary Supplement	Nutraceutical / Botanical
ligustrum-lucidum-seed	BOTANICAL_OR_ORGANISM_PREPARATION	Non-FDA / Dietary Supplement	Nutraceutical / Botanical
etravirine	APPROVED_MEDICINE	FDA Approved	Small Molecule
saw-palmetto	BOTANICAL_OR_ORGANISM_PREPARATION	Non-FDA / Dietary Supplement	Nutraceutical / Botanical
fagopyrum-esculentum	BOTANICAL_OR_ORGANISM_PREPARATION	Non-FDA / Dietary Supplement	Nutraceutical / Botanical
dolichovespula-arenaria-venom-protein	INVESTIGATIONAL_MEDICINE	Pre-clinical / Open Source	Nutraceutical / Botanical
tedizolid	APPROVED_MEDICINE	FDA Approved	Small Molecule
etripamil	APPROVED_MEDICINE	FDA Approved	Small Molecule
sea-cucumber	SUPPLEMENT_INGREDIENT	Non-FDA / Dietary Supplement	Nutraceutical / Botanical
technetium-tc-99m-pentetate-kit	APPROVED_MEDICINE	FDA Approved	Small Molecule
tazemetostat	APPROVED_MEDICINE	FDA Approved	Small Molecule
telotristat-etiprate	APPROVED_MEDICINE	FDA Approved	Small Molecule
lariciresinol	SUPPLEMENT_INGREDIENT	Non-FDA / Dietary Supplement	Nutraceutical / Botanical
tesamorelin	APPROVED_BIOLOGIC	FDA Approved	Peptide / GLP-1 Agonist
fagus-sylvatica-flowering-top	BOTANICAL_OR_ORGANISM_PREPARATION	Non-FDA / Dietary Supplement	Nutraceutical / Botanical
felodipine	APPROVED_MEDICINE	FDA Approved	Small Molecule
paeonia-moutan	BOTANICAL_OR_ORGANISM_PREPARATION	Non-FDA / Dietary Supplement	Nutraceutical / Botanical
selegiline	APPROVED_MEDICINE	FDA Approved	Small Molecule
datopotamab-deruxtecan-dlnk	APPROVED_BIOLOGIC	FDA Approved	Recombinant Protein / Biologic
titanium	SUPPLEMENT_INGREDIENT	Non-FDA / Dietary Supplement	Nutraceutical / Botanical
farnesol	APPROVED_MEDICINE	FDA Approved	Nutraceutical / Botanical
amoxicillin	APPROVED_MEDICINE	FDA Approved	Small Molecule
sepiapterin	APPROVED_MEDICINE	FDA Approved	Small Molecule
fenbendazole	APPROVED_MEDICINE	FDA Approved	Small Molecule
fenofibrate	APPROVED_MEDICINE	FDA Approved	Small Molecule
somatrogon-ghla	APPROVED_BIOLOGIC	FDA Approved	Recombinant Protein / Biologic
filgrastim-aafi	APPROVED_BIOLOGIC	FDA Approved	Recombinant Protein / Biologic
sevoflurane	APPROVED_MEDICINE	FDA Approved	Small Molecule
picea-abies-whole	BOTANICAL_OR_ORGANISM_PREPARATION	Non-FDA / Dietary Supplement	Nutraceutical / Botanical
silver-ear-fungus	SUPPLEMENT_INGREDIENT	Non-FDA / Dietary Supplement	Nutraceutical / Botanical
selenious-acid	APPROVED_MEDICINE	FDA Approved	Small Molecule
bambusa-vulgaris-leaf	BOTANICAL_OR_ORGANISM_PREPARATION	Non-FDA / Dietary Supplement	Nutraceutical / Botanical
scopolamine	APPROVED_MEDICINE	FDA Approved	Small Molecule
ferric	APPROVED_MEDICINE	FDA Approved	Small Molecule
pseudognaphalium-obtusifolium-whole	BOTANICAL_OR_ORGANISM_PREPARATION	Non-FDA / Dietary Supplement	Nutraceutical / Botanical
rauvolfia	BOTANICAL_OR_ORGANISM_PREPARATION	Non-FDA / Dietary Supplement	Nutraceutical / Botanical
fentanyl	APPROVED_MEDICINE	FDA Approved	Small Molecule
vitex-agnus-castus	BOTANICAL_OR_ORGANISM_PREPARATION	Non-FDA / Dietary Supplement	Nutraceutical / Botanical
fitusiran	APPROVED_BIOLOGIC	FDA Approved	siRNA (Small Interfering RNA)
sodium-carbonate	APPROVED_MEDICINE	FDA Approved	Small Molecule
menthol	APPROVED_MEDICINE	FDA Approved	Small Molecule
ferric-chloride-hexahydrate	SUPPLEMENT_INGREDIENT	Non-FDA / Dietary Supplement	Nutraceutical / Botanical
pteridium-aquilinum-root	BOTANICAL_OR_ORGANISM_PREPARATION	Non-FDA / Dietary Supplement	Nutraceutical / Botanical
ferric-hexacyanoferrate	APPROVED_MEDICINE	FDA Approved	Small Molecule
salvinorin-a	CONTROLLED_NO_APPROVED_USE	Controlled / No Approved Use	Small Molecule
ferrous-arsenate	SUPPLEMENT_INGREDIENT	Non-FDA / Dietary Supplement	Nutraceutical / Botanical
ferric-ferrocyanide	SUPPLEMENT_INGREDIENT	Non-FDA / Dietary Supplement	Nutraceutical / Botanical
sodium-lauryl	SUPPLEMENT_INGREDIENT	Non-FDA / Dietary Supplement	Nutraceutical / Botanical
vardenafil	APPROVED_MEDICINE	FDA Approved	Small Molecule
ferric-oxyhydroxide	APPROVED_MEDICINE	FDA Approved	Small Molecule
bartonella-quintana-dna	SUPPLEMENT_INGREDIENT	Non-FDA / Dietary Supplement	Nutraceutical / Botanical
sericin	SUPPLEMENT_INGREDIENT	Non-FDA / Dietary Supplement	Nutraceutical / Botanical
ferric-maltol	APPROVED_MEDICINE	FDA Approved	Small Molecule
filgrastim	APPROVED_BIOLOGIC	FDA Approved	Recombinant Protein / Biologic
sodium-oxybate	APPROVED_MEDICINE	FDA Approved	Small Molecule
ferrosoferric	MARKETED_PRODUCT_INGREDIENT	Non-FDA / Dietary Supplement	Nutraceutical / Botanical
bupropion	APPROVED_MEDICINE	FDA Approved	Small Molecule
sodium-sulfate	APPROVED_MEDICINE	FDA Approved	Nutraceutical / Botanical
ferrous	APPROVED_MEDICINE	FDA Approved	Small Molecule
oleoylethanolamide	SUPPLEMENT_INGREDIENT	Non-FDA / Dietary Supplement	Nutraceutical / Botanical
cissus-sicyoides	BOTANICAL_OR_ORGANISM_PREPARATION	Non-FDA / Dietary Supplement	Nutraceutical / Botanical
dwarf-bilberry	BOTANICAL_OR_ORGANISM_PREPARATION	Non-FDA / Dietary Supplement	Nutraceutical / Botanical
beef-heart	SUPPLEMENT_INGREDIENT	Non-FDA / Dietary Supplement	Nutraceutical / Botanical
toxicodendron-pubescens-shoot	BOTANICAL_OR_ORGANISM_PREPARATION	Non-FDA / Dietary Supplement	Nutraceutical / Botanical
solifenacin	APPROVED_MEDICINE	FDA Approved	Small Molecule
sparsentan	APPROVED_MEDICINE	FDA Approved	Small Molecule
dimethyl-phthalate	SUPPLEMENT_INGREDIENT	Non-FDA / Dietary Supplement	Nutraceutical / Botanical
filgrastim-ayow	APPROVED_BIOLOGIC	FDA Approved	Recombinant Protein / Biologic
pyruvic-acid	SUPPLEMENT_INGREDIENT	Non-FDA / Dietary Supplement	Nutraceutical / Botanical
fesoterodine	APPROVED_MEDICINE	FDA Approved	Small Molecule
sotagliflozin	APPROVED_MEDICINE	FDA Approved	Small Molecule
aedes-taeniorhynchus	BOTANICAL_OR_ORGANISM_PREPARATION	Non-FDA / Dietary Supplement	Nutraceutical / Botanical
tranylcypromine	APPROVED_MEDICINE	FDA Approved	Small Molecule
finafloxacin	APPROVED_MEDICINE	FDA Approved	Small Molecule
stainless-steel-316l	MARKETED_PRODUCT_INGREDIENT	Non-FDA / Dietary Supplement	Nutraceutical / Botanical
ailanthus-altissima-bark	BOTANICAL_OR_ORGANISM_PREPARATION	Non-FDA / Dietary Supplement	Nutraceutical / Botanical
finerenone	APPROVED_MEDICINE	FDA Approved	Small Molecule
red-wine	SUPPLEMENT_INGREDIENT	Non-FDA / Dietary Supplement	Nutraceutical / Botanical
fluorodopa-f-18	APPROVED_MEDICINE	FDA Approved	Small Molecule
stavudine	APPROVED_MEDICINE	FDA Approved	Small Molecule
beef-liver	SUPPLEMENT_INGREDIENT	Non-FDA / Dietary Supplement	Nutraceutical / Botanical
flibanserin	APPROVED_MEDICINE	FDA Approved	Small Molecule
thymus	SUPPLEMENT_INGREDIENT	Non-FDA / Dietary Supplement	Nutraceutical / Botanical
florbetaben-f-18	APPROVED_MEDICINE	FDA Approved	Small Molecule
germanium	SUPPLEMENT_INGREDIENT	Non-FDA / Dietary Supplement	Nutraceutical / Botanical
streptococcus-pneumoniae	BOTANICAL_OR_ORGANISM_PREPARATION	Non-FDA / Dietary Supplement	Nutraceutical / Botanical
glycolipids	SUPPLEMENT_INGREDIENT	Non-FDA / Dietary Supplement	Nutraceutical / Botanical
flucytosine	APPROVED_MEDICINE	FDA Approved	Small Molecule
flutemetamol-f-18	APPROVED_MEDICINE	FDA Approved	Small Molecule
streptococcus-pneumoniae-type-2-capsular-polysaccharide-antigen	INVESTIGATIONAL_MEDICINE	Pre-clinical / Open Source	Recombinant Protein / Biologic
technetium-tc-99m-tilmanocept	APPROVED_BIOLOGIC	FDA Approved	Recombinant Protein / Biologic
flumazenil	APPROVED_MEDICINE	FDA Approved	Small Molecule
toxicodendron-pubescens-leaf	BOTANICAL_OR_ORGANISM_PREPARATION	Non-FDA / Dietary Supplement	Nutraceutical / Botanical
ilex	BOTANICAL_OR_ORGANISM_PREPARATION	Non-FDA / Dietary Supplement	Nutraceutical / Botanical
fluoride	SUPPLEMENT_INGREDIENT	Non-FDA / Dietary Supplement	Nutraceutical / Botanical
sus-scrofa-embryo	MARKETED_PRODUCT_INGREDIENT	Non-FDA / Dietary Supplement	Nutraceutical / Botanical
sweet-woodruff	SUPPLEMENT_INGREDIENT	Non-FDA / Dietary Supplement	Nutraceutical / Botanical
phenylephrine	APPROVED_MEDICINE	FDA Approved	Small Molecule
white-mustard-seed	BOTANICAL_OR_ORGANISM_PREPARATION	Non-FDA / Dietary Supplement	Nutraceutical / Botanical
belantamab-mafodotin	INVESTIGATIONAL_MEDICINE	Pre-clinical / Open Source	Recombinant Protein / Biologic
tildrakizumab	INVESTIGATIONAL_MEDICINE	Pre-clinical / Open Source	Monoclonal Antibody (mAb)
fluoroestradiol-f-18	APPROVED_MEDICINE	FDA Approved	Small Molecule
suzetrigine	APPROVED_MEDICINE	FDA Approved	Small Molecule
pteridium-aquilinum-whole	BOTANICAL_OR_ORGANISM_PREPARATION	Non-FDA / Dietary Supplement	Nutraceutical / Botanical
fluocinonide	APPROVED_MEDICINE	FDA Approved	Small Molecule
peginterferon-beta-1a	APPROVED_BIOLOGIC	FDA Approved	Recombinant Protein / Biologic
sweet-marjoram	BOTANICAL_OR_ORGANISM_PREPARATION	Non-FDA / Dietary Supplement	Nutraceutical / Botanical
cymbopogon-citratus-leaf	BOTANICAL_OR_ORGANISM_PREPARATION	Non-FDA / Dietary Supplement	Nutraceutical / Botanical
reynoutria-japonica-whole	BOTANICAL_OR_ORGANISM_PREPARATION	Non-FDA / Dietary Supplement	Nutraceutical / Botanical
allopurinol	APPROVED_MEDICINE	FDA Approved	Small Molecule
fluorescein	APPROVED_MEDICINE	FDA Approved	Small Molecule
folate	SUPPLEMENT_INGREDIENT	Non-FDA / Dietary Supplement	Nutraceutical / Botanical
adiantum-capillus-veneris-leaf	BOTANICAL_OR_ORGANISM_PREPARATION	Non-FDA / Dietary Supplement	Nutraceutical / Botanical
tafamidis	APPROVED_MEDICINE	FDA Approved	Small Molecule
fluphenazine-decanoate	APPROVED_MEDICINE	FDA Approved	Small Molecule
formica-rufa	BOTANICAL_OR_ORGANISM_PREPARATION	Non-FDA / Dietary Supplement	Nutraceutical / Botanical
ruscus	BOTANICAL_OR_ORGANISM_PREPARATION	Non-FDA / Dietary Supplement	Nutraceutical / Botanical
formaldehyde-solution	SUPPLEMENT_INGREDIENT	Non-FDA / Dietary Supplement	Nutraceutical / Botanical
telaprevir	APPROVED_MEDICINE	FDA Approved	Small Molecule
phenmetrazine	APPROVED_MEDICINE	FDA Approved	Small Molecule
anemone-nemorosa-extract	SUPPLEMENT_INGREDIENT	Non-FDA / Dietary Supplement	Nutraceutical / Botanical
saururus-chinensis-whole	BOTANICAL_OR_ORGANISM_PREPARATION	Non-FDA / Dietary Supplement	Nutraceutical / Botanical
zinc-acetate	APPROVED_MEDICINE	FDA Approved	Small Molecule
fremanezumab	INVESTIGATIONAL_MEDICINE	Pre-clinical / Open Source	Monoclonal Antibody (mAb)
futibatinib	APPROVED_MEDICINE	FDA Approved	Small Molecule
telmisartan	APPROVED_MEDICINE	FDA Approved	Small Molecule
foslevodopa	APPROVED_MEDICINE	FDA Approved	Small Molecule
streptomycin	APPROVED_MEDICINE	FDA Approved	Small Molecule
edible-oyster	BOTANICAL_OR_ORGANISM_PREPARATION	Non-FDA / Dietary Supplement	Nutraceutical / Botanical
fosinopril	APPROVED_MEDICINE	FDA Approved	Small Molecule
strophanthus-hispidus-seed	BOTANICAL_OR_ORGANISM_PREPARATION	Non-FDA / Dietary Supplement	Nutraceutical / Botanical
griseofulvin-microcrystalline	APPROVED_MEDICINE	FDA Approved	Small Molecule
belladonna-leaf	BOTANICAL_OR_ORGANISM_PREPARATION	Non-FDA / Dietary Supplement	Nutraceutical / Botanical
fraxinus-americana-whole	BOTANICAL_OR_ORGANISM_PREPARATION	Non-FDA / Dietary Supplement	Nutraceutical / Botanical
teprotumumab	INVESTIGATIONAL_MEDICINE	Pre-clinical / Open Source	Monoclonal Antibody (mAb)
candida-torresii	BOTANICAL_OR_ORGANISM_PREPARATION	Non-FDA / Dietary Supplement	Nutraceutical / Botanical
fostamatinib	APPROVED_MEDICINE	FDA Approved	Small Molecule
gluconolactone	APPROVED_MEDICINE	FDA Approved	Small Molecule
cobalt-oxide	SUPPLEMENT_INGREDIENT	Non-FDA / Dietary Supplement	Nutraceutical / Botanical
terlipressin	APPROVED_BIOLOGIC	FDA Approved	Peptide / GLP-1 Agonist
fruquintinib	APPROVED_MEDICINE	FDA Approved	Small Molecule
verbascum-thapsus	BOTANICAL_OR_ORGANISM_PREPARATION	Non-FDA / Dietary Supplement	Nutraceutical / Botanical
tetracycline	APPROVED_MEDICINE	FDA Approved	Small Molecule
gaba	SUPPLEMENT_INGREDIENT	Non-FDA / Dietary Supplement	Nutraceutical / Botanical
amiloxate	MARKETED_PRODUCT_INGREDIENT	FDA Approved	Small Molecule
thiamine	APPROVED_MEDICINE	FDA Approved	Nutraceutical / Botanical
trastuzumab-emtansine	INVESTIGATIONAL_MEDICINE	Pre-clinical / Open Source	Recombinant Protein / Biologic
tremelimumab	INVESTIGATIONAL_MEDICINE	Pre-clinical / Open Source	Monoclonal Antibody (mAb)
trypsin	SUPPLEMENT_INGREDIENT	Non-FDA / Dietary Supplement	Nutraceutical / Botanical
taliglucerase-alfa	APPROVED_BIOLOGIC	FDA Approved	Recombinant Protein / Biologic
somatropin-rdna-origin	APPROVED_BIOLOGIC	FDA Approved	Recombinant Protein / Biologic
galphimia-glauca-flowering-top	BOTANICAL_OR_ORGANISM_PREPARATION	Non-FDA / Dietary Supplement	Nutraceutical / Botanical
european-field-elm	SUPPLEMENT_INGREDIENT	Non-FDA / Dietary Supplement	Nutraceutical / Botanical
thyme	BOTANICAL_OR_ORGANISM_PREPARATION	Non-FDA / Dietary Supplement	Nutraceutical / Botanical
thyrotropin	MARKETED_PRODUCT_INGREDIENT	Non-FDA / Dietary Supplement	Nutraceutical / Botanical
dexamethasone	APPROVED_MEDICINE	FDA Approved	Small Molecule
gallium-chloride-ga-67	INVESTIGATIONAL_MEDICINE	Pre-clinical / Open Source	Small Molecule
timolol	APPROVED_MEDICINE	FDA Approved	Small Molecule
tipiracil	APPROVED_MEDICINE	FDA Approved	Small Molecule
golodirsen	APPROVED_BIOLOGIC	Accelerated Approval	ASO (Antisense Oligonucleotide)
tremella-fuciformis-whole	APPROVED_MEDICINE	FDA Approved	Nutraceutical / Botanical
euonymus-atropurpureus-branch-bark-root-bark	SUPPLEMENT_INGREDIENT	Non-FDA / Dietary Supplement	Nutraceutical / Botanical
gadopiclenol	APPROVED_MEDICINE	FDA Approved	Small Molecule
belantamab-mafodotin-blmf	APPROVED_BIOLOGIC	FDA Approved	Recombinant Protein / Biologic
sesbania	BOTANICAL_OR_ORGANISM_PREPARATION	Non-FDA / Dietary Supplement	Nutraceutical / Botanical
rubidium-chloride	SUPPLEMENT_INGREDIENT	Non-FDA / Dietary Supplement	Nutraceutical / Botanical
cranberry-protein	SUPPLEMENT_INGREDIENT	Non-FDA / Dietary Supplement	Nutraceutical / Botanical
klebsiella-pneumoniae	BOTANICAL_OR_ORGANISM_PREPARATION	Non-FDA / Dietary Supplement	Nutraceutical / Botanical
trimethobenzamide	APPROVED_MEDICINE	FDA Approved	Small Molecule
gallic-acid	SUPPLEMENT_INGREDIENT	Non-FDA / Dietary Supplement	Nutraceutical / Botanical
gentian-violet	APPROVED_MEDICINE	FDA Approved	Small Molecule
trillium-erectum-root	BOTANICAL_OR_ORGANISM_PREPARATION	Non-FDA / Dietary Supplement	Nutraceutical / Botanical
galsulfase	APPROVED_BIOLOGIC	FDA Approved	Recombinant Protein / Biologic
kola-nut	SUPPLEMENT_INGREDIENT	Non-FDA / Dietary Supplement	Nutraceutical / Botanical
vegetable	SUPPLEMENT_INGREDIENT	Non-FDA / Dietary Supplement	Nutraceutical / Botanical
spironolactone	APPROVED_MEDICINE	FDA Approved	Small Molecule
warfarin	APPROVED_MEDICINE	FDA Approved	Small Molecule
gemcitabine	APPROVED_MEDICINE	FDA Approved	Small Molecule
calcium-alpha-ketoisocaproate	SUPPLEMENT_INGREDIENT	Non-FDA / Dietary Supplement	Nutraceutical / Botanical
geranium-maculatum-root	BOTANICAL_OR_ORGANISM_PREPARATION	Non-FDA / Dietary Supplement	Nutraceutical / Botanical
glofitamab	INVESTIGATIONAL_MEDICINE	Pre-clinical / Open Source	Monoclonal Antibody (mAb)
urea-c-13	APPROVED_MEDICINE	FDA Approved	Small Molecule
11-ketotestosterone	SUPPLEMENT_INGREDIENT	Non-FDA / Dietary Supplement	Nutraceutical / Botanical
tinidazole	APPROVED_MEDICINE	FDA Approved	Small Molecule
anastrozole	APPROVED_MEDICINE	FDA Approved	Small Molecule
glatiramer	APPROVED_MEDICINE	FDA Approved	Small Molecule
tiotropium	APPROVED_MEDICINE	FDA Approved	Small Molecule
vespula-vulgaris-venom-protein	INVESTIGATIONAL_MEDICINE	Pre-clinical / Open Source	Nutraceutical / Botanical
samarium-sm-153-lexidronam-pentasodium	APPROVED_MEDICINE	FDA Approved	Small Molecule
glecaprevir	APPROVED_MEDICINE	FDA Approved	Small Molecule
tirzepatide	APPROVED_BIOLOGIC	FDA Approved	Peptide / GLP-1 Agonist
cephalothin	APPROVED_MEDICINE	FDA Approved	Small Molecule
travelers-joy	SUPPLEMENT_INGREDIENT	Non-FDA / Dietary Supplement	Nutraceutical / Botanical
cuttlefish	SUPPLEMENT_INGREDIENT	Non-FDA / Dietary Supplement	Nutraceutical / Botanical
tomato	BOTANICAL_OR_ORGANISM_PREPARATION	Non-FDA / Dietary Supplement	Nutraceutical / Botanical
topotecan	APPROVED_MEDICINE	FDA Approved	Small Molecule
carbon-dioxide	APPROVED_MEDICINE	FDA Approved	Small Molecule
glasdegib	APPROVED_MEDICINE	FDA Approved	Small Molecule
glutamine-nitrate	SUPPLEMENT_INGREDIENT	Non-FDA / Dietary Supplement	Nutraceutical / Botanical
gossypium-herbaceum-root-bark	SUPPLEMENT_INGREDIENT	Non-FDA / Dietary Supplement	Nutraceutical / Botanical
chlorphenesin-carbamate	APPROVED_MEDICINE	FDA Approved	Small Molecule
glucagon	APPROVED_MEDICINE	FDA Approved	Small Molecule
quinic-acid	SUPPLEMENT_INGREDIENT	Non-FDA / Dietary Supplement	Nutraceutical / Botanical
schinus-terebinthifolia-pollen	BOTANICAL_OR_ORGANISM_PREPARATION	Non-FDA / Dietary Supplement	Nutraceutical / Botanical
glutathione-disulfide	APPROVED_MEDICINE	FDA Approved	Small Molecule
gonorrheal-urethral-secretion-human	SUPPLEMENT_INGREDIENT	Non-FDA / Dietary Supplement	Nutraceutical / Botanical
mallow	SUPPLEMENT_INGREDIENT	Non-FDA / Dietary Supplement	Nutraceutical / Botanical
hexaplex-trunculus-hypobranchial-gland-juice	SUPPLEMENT_INGREDIENT	Non-FDA / Dietary Supplement	Nutraceutical / Botanical
egcg	SUPPLEMENT_INGREDIENT	Non-FDA / Dietary Supplement	Nutraceutical / Botanical
hippomane-mancinella-fruiting-leafy-twig	SUPPLEMENT_INGREDIENT	Non-FDA / Dietary Supplement	Nutraceutical / Botanical
chromic-nitrate-nonahydrate	SUPPLEMENT_INGREDIENT	Non-FDA / Dietary Supplement	Nutraceutical / Botanical
date-palm	BOTANICAL_OR_ORGANISM_PREPARATION	Non-FDA / Dietary Supplement	Nutraceutical / Botanical
hedyotis-corymbosa	BOTANICAL_OR_ORGANISM_PREPARATION	Non-FDA / Dietary Supplement	Nutraceutical / Botanical
pyrethrins	APPROVED_MEDICINE	FDA Approved	Small Molecule
citicoline	SUPPLEMENT_INGREDIENT	Non-FDA / Dietary Supplement	Nutraceutical / Botanical
glycerol-phenylbutyrate	APPROVED_MEDICINE	FDA Approved	Small Molecule
schisandra-chinensis-fruit	BOTANICAL_OR_ORGANISM_PREPARATION	Non-FDA / Dietary Supplement	Nutraceutical / Botanical
gramicidin	APPROVED_MEDICINE	FDA Approved	Small Molecule
hesperidin-methyl-chalcone	SUPPLEMENT_INGREDIENT	Non-FDA / Dietary Supplement	Nutraceutical / Botanical
selenodiglutathione	SUPPLEMENT_INGREDIENT	Non-FDA / Dietary Supplement	Nutraceutical / Botanical
corticotropin-human	SUPPLEMENT_INGREDIENT	Non-FDA / Dietary Supplement	Nutraceutical / Botanical
goserelin	APPROVED_BIOLOGIC	FDA Approved	Peptide / GLP-1 Agonist
juniperus-scopulorum-pollen	BOTANICAL_OR_ORGANISM_PREPARATION	Non-FDA / Dietary Supplement	Nutraceutical / Botanical
propiolactone	APPROVED_MEDICINE	FDA Approved	Small Molecule
desmodium	BOTANICAL_OR_ORGANISM_PREPARATION	Non-FDA / Dietary Supplement	Nutraceutical / Botanical
simethicone-cellulose	APPROVED_MEDICINE	FDA Approved	Small Molecule
grazoprevir	APPROVED_MEDICINE	FDA Approved	Small Molecule
carapichea-ipecacuanha-whole	BOTANICAL_OR_ORGANISM_PREPARATION	Non-FDA / Dietary Supplement	Nutraceutical / Botanical
selenicereus-grandiflorus-whole	BOTANICAL_OR_ORGANISM_PREPARATION	Non-FDA / Dietary Supplement	Nutraceutical / Botanical
haloperidol-decanoate	APPROVED_MEDICINE	FDA Approved	Small Molecule
atorvastatin	APPROVED_MEDICINE	FDA Approved	Small Molecule
grindelia-hirsutula-flowering-top	BOTANICAL_OR_ORGANISM_PREPARATION	Non-FDA / Dietary Supplement	Nutraceutical / Botanical
dicumarol	APPROVED_MEDICINE	FDA Approved	Small Molecule
anoectochilus-roxburghii-whole	OFF_LABEL_OR_COMPOUNDED	Off-Label / Compounded	Nutraceutical / Botanical
helium	APPROVED_MEDICINE	FDA Approved	Small Molecule
dihomo-gamma-linolenic-acid	SUPPLEMENT_INGREDIENT	Non-FDA / Dietary Supplement	Nutraceutical / Botanical
withania-somnifera-whole	BOTANICAL_OR_ORGANISM_PREPARATION	Non-FDA / Dietary Supplement	Nutraceutical / Botanical
vasopressin-unspecified	INVESTIGATIONAL_MEDICINE	Pre-clinical / Open Source	Small Molecule
hexamidine-diisethionate	APPROVED_MEDICINE	FDA Approved	Small Molecule
hydroxide-ion	OFF_LABEL_OR_COMPOUNDED	Off-Label / Compounded	Small Molecule
sepia-officinalis-whole	BOTANICAL_OR_ORGANISM_PREPARATION	Non-FDA / Dietary Supplement	Nutraceutical / Botanical
hesperidin	SUPPLEMENT_INGREDIENT	Non-FDA / Dietary Supplement	Nutraceutical / Botanical
hexaminolevulinate	APPROVED_MEDICINE	FDA Approved	Small Molecule
diosmetin	SUPPLEMENT_INGREDIENT	Non-FDA / Dietary Supplement	Nutraceutical / Botanical
hexylresorcinol	APPROVED_MEDICINE	FDA Approved	Small Molecule
cetostearyl-alcohol	MARKETED_PRODUCT_INGREDIENT	FDA Approved	Small Molecule
18-hydroxyeicosahexaenoic-acid	SUPPLEMENT_INGREDIENT	Non-FDA / Dietary Supplement	Nutraceutical / Botanical
horse-chestnut	SUPPLEMENT_INGREDIENT	Non-FDA / Dietary Supplement	Nutraceutical / Botanical
human-breast-tumor-cell	SUPPLEMENT_INGREDIENT	Non-FDA / Dietary Supplement	Nutraceutical / Botanical
arsenic-cation	SUPPLEMENT_INGREDIENT	Non-FDA / Dietary Supplement	Nutraceutical / Botanical
homatropine	OFF_LABEL_OR_COMPOUNDED	Off-Label / Compounded	Small Molecule
1-deoxynojirimycin	SUPPLEMENT_INGREDIENT	Non-FDA / Dietary Supplement	Nutraceutical / Botanical
hottonia-palustris-flower	BOTANICAL_OR_ORGANISM_PREPARATION	Non-FDA / Dietary Supplement	Nutraceutical / Botanical
human-papillomavirus	BOTANICAL_OR_ORGANISM_PREPARATION	Non-FDA / Dietary Supplement	Nutraceutical / Botanical
alpinia	SUPPLEMENT_INGREDIENT	Non-FDA / Dietary Supplement	Nutraceutical / Botanical
ceiba-pentandra-seed	BOTANICAL_OR_ORGANISM_PREPARATION	Non-FDA / Dietary Supplement	Nutraceutical / Botanical
histrelin	APPROVED_BIOLOGIC	FDA Approved	Peptide / GLP-1 Agonist
silybum-marianum-seed	BOTANICAL_OR_ORGANISM_PREPARATION	Non-FDA / Dietary Supplement	Nutraceutical / Botanical
clioquinol	WITHDRAWN_MEDICINE	Withdrawn from Market	Small Molecule
tellurium-tetrachloride	MARKETED_PRODUCT_INGREDIENT	Non-FDA / Dietary Supplement	Nutraceutical / Botanical
periwinkle	SUPPLEMENT_INGREDIENT	Non-FDA / Dietary Supplement	Nutraceutical / Botanical
human-respiratory-syncytial-virus	BOTANICAL_OR_ORGANISM_PREPARATION	Non-FDA / Dietary Supplement	Nutraceutical / Botanical
hyaluronic-acid	APPROVED_MEDICINE	FDA Approved	Nutraceutical / Botanical
mipomersen	APPROVED_BIOLOGIC	FDA Approved	ASO (Antisense Oligonucleotide)
hydroxyprogesterone-caproate	WITHDRAWN_MEDICINE	Withdrawn from Market	Small Molecule
hyaluronidase-recombinant-human	APPROVED_BIOLOGIC	FDA Approved	Recombinant Protein / Biologic
ziprasidone	APPROVED_MEDICINE	FDA Approved	Small Molecule
hydromorphone	APPROVED_MEDICINE	FDA Approved	Small Molecule
hydroquinone	APPROVED_MEDICINE	FDA Approved	Small Molecule
oxalis-acetosella-leaf	BOTANICAL_OR_ORGANISM_PREPARATION	Non-FDA / Dietary Supplement	Nutraceutical / Botanical
nerandomilast	APPROVED_MEDICINE	FDA Approved	Small Molecule
osimertinib	APPROVED_MEDICINE	FDA Approved	Small Molecule
hydroxyethylcellulose	APPROVED_MEDICINE	FDA Approved	Small Molecule
pantoprazole	APPROVED_MEDICINE	FDA Approved	Small Molecule
duboisia-myoporoides-leaf	BOTANICAL_OR_ORGANISM_PREPARATION	Non-FDA / Dietary Supplement	Nutraceutical / Botanical
hypericum-perforatum	BOTANICAL_OR_ORGANISM_PREPARATION	Non-FDA / Dietary Supplement	Nutraceutical / Botanical
hypromelloses	APPROVED_MEDICINE	FDA Approved	Small Molecule
soybean	BOTANICAL_OR_ORGANISM_PREPARATION	Non-FDA / Dietary Supplement	Nutraceutical / Botanical
hyoscyamine	MARKETED_PRODUCT_INGREDIENT	Non-FDA / Dietary Supplement	Nutraceutical / Botanical
dulse	BOTANICAL_OR_ORGANISM_PREPARATION	Non-FDA / Dietary Supplement	Nutraceutical / Botanical
ibalizumab-uiyk	APPROVED_BIOLOGIC	FDA Approved	Recombinant Protein / Biologic
myristoyl-pentapeptide-4	MARKETED_PRODUCT_INGREDIENT	FDA Approved	Small Molecule
icosapent-ethyl	APPROVED_MEDICINE	FDA Approved	Small Molecule
iberis-amara-seed	BOTANICAL_OR_ORGANISM_PREPARATION	Non-FDA / Dietary Supplement	Nutraceutical / Botanical
icodextrin	APPROVED_MEDICINE	FDA Approved	Small Molecule
honey-bee	BOTANICAL_OR_ORGANISM_PREPARATION	Non-FDA / Dietary Supplement	Nutraceutical / Botanical
ilex-aquifolium-fruiting-top	SUPPLEMENT_INGREDIENT	Non-FDA / Dietary Supplement	Nutraceutical / Botanical
icosapent	OFF_LABEL_OR_COMPOUNDED	Off-Label / Compounded	Small Molecule
ibritumomab-tiuxetan	APPROVED_BIOLOGIC	FDA Approved	Recombinant Protein / Biologic
staphylococcus-haemolyticus	BOTANICAL_OR_ORGANISM_PREPARATION	Non-FDA / Dietary Supplement	Nutraceutical / Botanical
thiamin	SUPPLEMENT_INGREDIENT	Non-FDA / Dietary Supplement	Nutraceutical / Botanical
ichthammol	MARKETED_PRODUCT_INGREDIENT	Non-FDA / Dietary Supplement	Nutraceutical / Botanical
idarucizumab	APPROVED_BIOLOGIC	FDA Approved	Monoclonal Antibody (mAb)
lorcaserin	WITHDRAWN_MEDICINE	Withdrawn from Market	Small Molecule
ibutilide	APPROVED_MEDICINE	FDA Approved	Small Molecule
barium-iodate	SUPPLEMENT_INGREDIENT	Non-FDA / Dietary Supplement	Nutraceutical / Botanical
basic-cupric-carbonate	SUPPLEMENT_INGREDIENT	Non-FDA / Dietary Supplement	Nutraceutical / Botanical
azithromycin	APPROVED_MEDICINE	FDA Approved	Small Molecule
doxapram	APPROVED_MEDICINE	FDA Approved	Small Molecule
wax-gourd	BOTANICAL_OR_ORGANISM_PREPARATION	Non-FDA / Dietary Supplement	Nutraceutical / Botanical
isotretinoin	APPROVED_MEDICINE	FDA Approved	Small Molecule
idecabtagene-vicleucel	INVESTIGATIONAL_MEDICINE	Pre-clinical / Open Source	CRISPR / Gene Therapy
cannabidivarin	SUPPLEMENT_INGREDIENT	Non-FDA / Dietary Supplement	Nutraceutical / Botanical
streptococcus-dysgalactiae	BOTANICAL_OR_ORGANISM_PREPARATION	Non-FDA / Dietary Supplement	Nutraceutical / Botanical
ilex-aquifolium-flowering-top	BOTANICAL_OR_ORGANISM_PREPARATION	Non-FDA / Dietary Supplement	Nutraceutical / Botanical
insulin-detemir-recombinant	APPROVED_BIOLOGIC	FDA Approved	Recombinant Protein / Biologic
cornus-officinalis-whole	BOTANICAL_OR_ORGANISM_PREPARATION	Non-FDA / Dietary Supplement	Nutraceutical / Botanical
icotrokinra	APPROVED_MEDICINE	FDA Approved	Small Molecule
dasabuvir	APPROVED_MEDICINE	FDA Approved	Small Molecule
decyl-oleate	MARKETED_PRODUCT_INGREDIENT	FDA Approved	Small Molecule
bartonella-bacilliformis	BOTANICAL_OR_ORGANISM_PREPARATION	Non-FDA / Dietary Supplement	Nutraceutical / Botanical
infliximab	APPROVED_BIOLOGIC	FDA Approved	Monoclonal Antibody (mAb)
ilex-aquifolium-leaf	BOTANICAL_OR_ORGANISM_PREPARATION	Non-FDA / Dietary Supplement	Nutraceutical / Botanical
ombitasvir	APPROVED_MEDICINE	FDA Approved	Small Molecule
indium-in-111-oxyquinoline	APPROVED_MEDICINE	FDA Approved	Small Molecule
strontium-oxide	SUPPLEMENT_INGREDIENT	Non-FDA / Dietary Supplement	Nutraceutical / Botanical
influenza-a-virus-whole	BOTANICAL_OR_ORGANISM_PREPARATION	Non-FDA / Dietary Supplement	Nutraceutical / Botanical
imipenem	APPROVED_MEDICINE	FDA Approved	Small Molecule
strychnos-wallichiana-whole	BOTANICAL_OR_ORGANISM_PREPARATION	Non-FDA / Dietary Supplement	Nutraceutical / Botanical
indium-in-111-pentetreotide-kit	APPROVED_MEDICINE	FDA Approved	Small Molecule
insulin-glargine-yfgn	APPROVED_BIOLOGIC	FDA Approved	Recombinant Protein / Biologic
cyperus-rotundus-tuber	BOTANICAL_OR_ORGANISM_PREPARATION	Non-FDA / Dietary Supplement	Nutraceutical / Botanical
indocyanine-green	APPROVED_MEDICINE	FDA Approved	Small Molecule
anisotropine-methylbromide	APPROVED_MEDICINE	FDA Approved	Small Molecule
infliximab-axxq	APPROVED_BIOLOGIC	FDA Approved	Recombinant Protein / Biologic
insulin-recombinant-human	APPROVED_BIOLOGIC	FDA Approved	Recombinant Protein / Biologic
iobenguane-sulfate-i-123	APPROVED_MEDICINE	FDA Approved	Small Molecule
juglans-regia-fruit-rind-immature	SUPPLEMENT_INGREDIENT	Non-FDA / Dietary Supplement	Nutraceutical / Botanical
inosine	SUPPLEMENT_INGREDIENT	Non-FDA / Dietary Supplement	Nutraceutical / Botanical
flavin-mononucleotide	SUPPLEMENT_INGREDIENT	Non-FDA / Dietary Supplement	Peptide / GLP-1 Agonist
ipilimumab	APPROVED_BIOLOGIC	FDA Approved	Monoclonal Antibody (mAb)
islelizumab-jsgr	APPROVED_BIOLOGIC	FDA Approved	Recombinant Protein / Biologic
insulin-glargine-aglr	APPROVED_BIOLOGIC	FDA Approved	Recombinant Protein / Biologic
ivosidenib	APPROVED_MEDICINE	FDA Approved	Small Molecule
piceid	SUPPLEMENT_INGREDIENT	Non-FDA / Dietary Supplement	Nutraceutical / Botanical
uracil-mustard	APPROVED_MEDICINE	FDA Approved	Small Molecule
peg-8-caprylic-capric-glycerides	MARKETED_PRODUCT_INGREDIENT	FDA Approved	Small Molecule
insulin-glulisine	SUPPLEMENT_INGREDIENT	Non-FDA / Dietary Supplement	Recombinant Protein / Biologic
sheep-sorrel	BOTANICAL_OR_ORGANISM_PREPARATION	Non-FDA / Dietary Supplement	Nutraceutical / Botanical
sus-scrofa-cerebral-cortex	MARKETED_PRODUCT_INGREDIENT	Non-FDA / Dietary Supplement	Nutraceutical / Botanical
insulin-lispro-aabc	APPROVED_BIOLOGIC	FDA Approved	Recombinant Protein / Biologic
terpinolene	SUPPLEMENT_INGREDIENT	Non-FDA / Dietary Supplement	Nutraceutical / Botanical
lecithin-soybean	MARKETED_PRODUCT_INGREDIENT	FDA Approved	Nutraceutical / Botanical
interleukin-12-human-recombinant	SUPPLEMENT_INGREDIENT	Non-FDA / Dietary Supplement	Nutraceutical / Botanical
piperoylpiperidine	SUPPLEMENT_INGREDIENT	Non-FDA / Dietary Supplement	Nutraceutical / Botanical
iobenguane-i-123	INVESTIGATIONAL_MEDICINE	Pre-clinical / Open Source	Small Molecule
isatuximab-irfc	APPROVED_BIOLOGIC	FDA Approved	Recombinant Protein / Biologic
potassium-tartrate	SUPPLEMENT_INGREDIENT	Non-FDA / Dietary Supplement	Nutraceutical / Botanical
arsenic-trisulfide	SUPPLEMENT_INGREDIENT	Non-FDA / Dietary Supplement	Nutraceutical / Botanical
iohexol	APPROVED_MEDICINE	FDA Approved	Small Molecule
flour	SUPPLEMENT_INGREDIENT	Non-FDA / Dietary Supplement	Nutraceutical / Botanical
benfotiamine	SUPPLEMENT_INGREDIENT	Non-FDA / Dietary Supplement	Nutraceutical / Botanical
lemon-myrtle	SUPPLEMENT_INGREDIENT	Non-FDA / Dietary Supplement	Nutraceutical / Botanical
apalutamide	APPROVED_MEDICINE	FDA Approved	Small Molecule
iron-dextran	APPROVED_MEDICINE	FDA Approved	Small Molecule
arabinogalactans	SUPPLEMENT_INGREDIENT	Non-FDA / Dietary Supplement	Nutraceutical / Botanical
irinotecan	APPROVED_MEDICINE	FDA Approved	Small Molecule
armillaria-mellea	BOTANICAL_OR_ORGANISM_PREPARATION	Non-FDA / Dietary Supplement	Nutraceutical / Botanical
equine-thymocyte-immune-globulin	SUPPLEMENT_INGREDIENT	Non-FDA / Dietary Supplement	Nutraceutical / Botanical
iron-powder	SUPPLEMENT_INGREDIENT	Non-FDA / Dietary Supplement	Nutraceutical / Botanical
oregano-flowering-top	BOTANICAL_OR_ORGANISM_PREPARATION	Non-FDA / Dietary Supplement	Nutraceutical / Botanical
iocetamic-acid	APPROVED_MEDICINE	FDA Approved	Small Molecule
belladonna	BOTANICAL_OR_ORGANISM_PREPARATION	Non-FDA / Dietary Supplement	Nutraceutical / Botanical
bacoside	SUPPLEMENT_INGREDIENT	Non-FDA / Dietary Supplement	Nutraceutical / Botanical
calcium-magnesium-phytate	SUPPLEMENT_INGREDIENT	Non-FDA / Dietary Supplement	Nutraceutical / Botanical
isatuximab	INVESTIGATIONAL_MEDICINE	Pre-clinical / Open Source	Monoclonal Antibody (mAb)
ficin	SUPPLEMENT_INGREDIENT	Non-FDA / Dietary Supplement	Nutraceutical / Botanical
echium-plantagineum-seed-oil	MARKETED_PRODUCT_INGREDIENT	FDA Approved	Nutraceutical / Botanical
ixekizumab	APPROVED_BIOLOGIC	FDA Approved	Monoclonal Antibody (mAb)
islatravir	APPROVED_MEDICINE	FDA Approved	Small Molecule
2-cyclohexylethanamine	SUPPLEMENT_INGREDIENT	Non-FDA / Dietary Supplement	Nutraceutical / Botanical
eleutheroside	SUPPLEMENT_INGREDIENT	Non-FDA / Dietary Supplement	Nutraceutical / Botanical
glimepiride	APPROVED_MEDICINE	FDA Approved	Small Molecule
insulin-aspart	APPROVED_BIOLOGIC	FDA Approved	Recombinant Protein / Biologic
avobenzone	APPROVED_MEDICINE	FDA Approved	Small Molecule
isoflurane	APPROVED_MEDICINE	FDA Approved	Small Molecule
lacticaseibacillus-paracasei-lpc-37	OFF_LABEL_OR_COMPOUNDED	Off-Label / Compounded	Small Molecule
zinc-iodide	MARKETED_PRODUCT_INGREDIENT	Non-FDA / Dietary Supplement	Nutraceutical / Botanical
flavanols	SUPPLEMENT_INGREDIENT	Non-FDA / Dietary Supplement	Nutraceutical / Botanical
lignin	SUPPLEMENT_INGREDIENT	Non-FDA / Dietary Supplement	Nutraceutical / Botanical
durian	BOTANICAL_OR_ORGANISM_PREPARATION	Non-FDA / Dietary Supplement	Nutraceutical / Botanical
isosulfan-blue	APPROVED_MEDICINE	FDA Approved	Small Molecule
resveratrol	SUPPLEMENT_INGREDIENT	Non-FDA / Dietary Supplement	Nutraceutical / Botanical
ivacaftor	APPROVED_MEDICINE	FDA Approved	Small Molecule
momordica-charantia-whole	BOTANICAL_OR_ORGANISM_PREPARATION	Non-FDA / Dietary Supplement	Nutraceutical / Botanical
rhodotorula-rubra	MARKETED_PRODUCT_INGREDIENT	Non-FDA / Dietary Supplement	Nutraceutical / Botanical
arnica-montana-root	BOTANICAL_OR_ORGANISM_PREPARATION	Non-FDA / Dietary Supplement	Nutraceutical / Botanical
human-herpesvirus-6	BOTANICAL_OR_ORGANISM_PREPARATION	Non-FDA / Dietary Supplement	Nutraceutical / Botanical
eclipta	SUPPLEMENT_INGREDIENT	Non-FDA / Dietary Supplement	Nutraceutical / Botanical
juglans-regia-flowering-top	BOTANICAL_OR_ORGANISM_PREPARATION	Non-FDA / Dietary Supplement	Nutraceutical / Botanical
silicon-monoxide	MARKETED_PRODUCT_INGREDIENT	Non-FDA / Dietary Supplement	Nutraceutical / Botanical
ixazomib	APPROVED_MEDICINE	FDA Approved	Small Molecule
catechin	SUPPLEMENT_INGREDIENT	Non-FDA / Dietary Supplement	Nutraceutical / Botanical
titanium-disulfate	MARKETED_PRODUCT_INGREDIENT	Non-FDA / Dietary Supplement	Nutraceutical / Botanical
valdecoxib	WITHDRAWN_MEDICINE	Withdrawn from Market	Small Molecule
ivacaftor-tezacaftor	APPROVED_MEDICINE	FDA Approved	Small Molecule
leucine-alpha-ketoglutarate	SUPPLEMENT_INGREDIENT	Non-FDA / Dietary Supplement	Nutraceutical / Botanical
noni	BOTANICAL_OR_ORGANISM_PREPARATION	Non-FDA / Dietary Supplement	Nutraceutical / Botanical
isopropyl-alcohol	APPROVED_MEDICINE	FDA Approved	Small Molecule
bergamot	SUPPLEMENT_INGREDIENT	Non-FDA / Dietary Supplement	Nutraceutical / Botanical
mumps-virus-strain-b-level-jeryl-lynn-live-antigen	INVESTIGATIONAL_MEDICINE	Pre-clinical / Open Source	Recombinant Protein / Biologic
glycerol	SUPPLEMENT_INGREDIENT	Non-FDA / Dietary Supplement	Nutraceutical / Botanical
eculizumab-aeeb	APPROVED_BIOLOGIC	FDA Approved	Recombinant Protein / Biologic
juglans-regia-whole	BOTANICAL_OR_ORGANISM_PREPARATION	Non-FDA / Dietary Supplement	Nutraceutical / Botanical
hemoglobin	SUPPLEMENT_INGREDIENT	Non-FDA / Dietary Supplement	Nutraceutical / Botanical
leuconostoc-radish-root-ferment-filtrate	MARKETED_PRODUCT_INGREDIENT	FDA Approved	Small Molecule
arundo-pliniana-root	BOTANICAL_OR_ORGANISM_PREPARATION	Non-FDA / Dietary Supplement	Nutraceutical / Botanical
aminohippurate	APPROVED_MEDICINE	FDA Approved	Small Molecule
fumitory	SUPPLEMENT_INGREDIENT	Non-FDA / Dietary Supplement	Nutraceutical / Botanical
estrogens-esterified	APPROVED_MEDICINE	FDA Approved	Small Molecule
juniperus-virginiana-twig	BOTANICAL_OR_ORGANISM_PREPARATION	Non-FDA / Dietary Supplement	Nutraceutical / Botanical
levallorphan	APPROVED_MEDICINE	FDA Approved	Small Molecule
proteus-mirabilis	BOTANICAL_OR_ORGANISM_PREPARATION	Non-FDA / Dietary Supplement	Nutraceutical / Botanical
serenoa-repens-whole	BOTANICAL_OR_ORGANISM_PREPARATION	Non-FDA / Dietary Supplement	Nutraceutical / Botanical
aluminum-zirconium-trichlorohydrex-gly	APPROVED_MEDICINE	FDA Approved	Small Molecule
glycine	SUPPLEMENT_INGREDIENT	Non-FDA / Dietary Supplement	Nutraceutical / Botanical
aspen	SUPPLEMENT_INGREDIENT	Non-FDA / Dietary Supplement	Nutraceutical / Botanical
biotin	APPROVED_MEDICINE	FDA Approved	Nutraceutical / Botanical
kale	BOTANICAL_OR_ORGANISM_PREPARATION	Non-FDA / Dietary Supplement	Nutraceutical / Botanical
l-arginine	SUPPLEMENT_INGREDIENT	Non-FDA / Dietary Supplement	Nutraceutical / Botanical
nardostachys-chinensis-root	BOTANICAL_OR_ORGANISM_PREPARATION	Non-FDA / Dietary Supplement	Nutraceutical / Botanical
l-glutamine	APPROVED_MEDICINE	FDA Approved	Small Molecule
lacticaseibacillus-rhamnosus	OFF_LABEL_OR_COMPOUNDED	Off-Label / Compounded	Nutraceutical / Botanical
chelidonium-majus-flowering-top	BOTANICAL_OR_ORGANISM_PREPARATION	Non-FDA / Dietary Supplement	Nutraceutical / Botanical
teniposide	APPROVED_MEDICINE	FDA Approved	Small Molecule
tropaeolum-majus-flower	BOTANICAL_OR_ORGANISM_PREPARATION	Non-FDA / Dietary Supplement	Nutraceutical / Botanical
lachesis-muta-venom	BOTANICAL_OR_ORGANISM_PREPARATION	Non-FDA / Dietary Supplement	Nutraceutical / Botanical
wax	SUPPLEMENT_INGREDIENT	Non-FDA / Dietary Supplement	Nutraceutical / Botanical
bos-taurus-gallbladder	SUPPLEMENT_INGREDIENT	Non-FDA / Dietary Supplement	Nutraceutical / Botanical
binetrakin	MARKETED_PRODUCT_INGREDIENT	Non-FDA / Dietary Supplement	Recombinant Protein / Biologic
lactic-acid	APPROVED_MEDICINE	FDA Approved	Small Molecule
bimekizumab-bkzx	APPROVED_BIOLOGIC	FDA Approved	Recombinant Protein / Biologic
lapatinib-ditosylate	APPROVED_MEDICINE	FDA Approved	Small Molecule
lactic-acid-dl	SUPPLEMENT_INGREDIENT	Non-FDA / Dietary Supplement	Nutraceutical / Botanical
edible-rock-crab	SUPPLEMENT_INGREDIENT	Non-FDA / Dietary Supplement	Nutraceutical / Botanical
lamivudine	APPROVED_MEDICINE	FDA Approved	Small Molecule
lactic-acid-l	APPROVED_MEDICINE	FDA Approved	Nutraceutical / Botanical
latanoprostene-bunod	APPROVED_MEDICINE	FDA Approved	Small Molecule
lactobacillus-acidophilus	BOTANICAL_OR_ORGANISM_PREPARATION	Non-FDA / Dietary Supplement	Nutraceutical / Botanical
17-hydroxydocosahexaenoic-acid	SUPPLEMENT_INGREDIENT	Non-FDA / Dietary Supplement	Nutraceutical / Botanical
influenza-a-virus-a-switzerland-6849-2025-ivr-278-antigen	INVESTIGATIONAL_MEDICINE	Pre-clinical / Open Source	Recombinant Protein / Biologic
neurospora-sitophila	BOTANICAL_OR_ORGANISM_PREPARATION	Non-FDA / Dietary Supplement	Nutraceutical / Botanical
hemicellulase	SUPPLEMENT_INGREDIENT	Non-FDA / Dietary Supplement	Recombinant Protein / Biologic
nicotiana-tabacum-whole	BOTANICAL_OR_ORGANISM_PREPARATION	Non-FDA / Dietary Supplement	Nutraceutical / Botanical
birch-triterpenes	APPROVED_MEDICINE	FDA Approved	Small Molecule
1-4-naphthoquinone	MARKETED_PRODUCT_INGREDIENT	Non-FDA / Dietary Supplement	Nutraceutical / Botanical
lacosamide	APPROVED_MEDICINE	FDA Approved	Small Molecule
gerovital-h3	SUPPLEMENT_INGREDIENT	Non-FDA / Dietary Supplement	Nutraceutical / Botanical
polyporus	BOTANICAL_OR_ORGANISM_PREPARATION	Non-FDA / Dietary Supplement	Nutraceutical / Botanical
lanthanum-carbonate	APPROVED_MEDICINE	FDA Approved	Small Molecule
ketorolac	APPROVED_MEDICINE	FDA Approved	Small Molecule
larix-decidua-whole	BOTANICAL_OR_ORGANISM_PREPARATION	Non-FDA / Dietary Supplement	Nutraceutical / Botanical
1-2-naphthoquinone	MARKETED_PRODUCT_INGREDIENT	Non-FDA / Dietary Supplement	Nutraceutical / Botanical
lactulose	APPROVED_MEDICINE	FDA Approved	Small Molecule
beta-glucanase	SUPPLEMENT_INGREDIENT	Non-FDA / Dietary Supplement	Recombinant Protein / Biologic
lanreotide	APPROVED_BIOLOGIC	FDA Approved	Peptide / GLP-1 Agonist
pemoline	APPROVED_MEDICINE	FDA Approved	Small Molecule
aesculus-hippocastanum-bark	BOTANICAL_OR_ORGANISM_PREPARATION	Non-FDA / Dietary Supplement	Nutraceutical / Botanical
larix-decidua-flowering-top	BOTANICAL_OR_ORGANISM_PREPARATION	Non-FDA / Dietary Supplement	Nutraceutical / Botanical
4-methylbenzylidene-camphor	MARKETED_PRODUCT_INGREDIENT	FDA Approved	Small Molecule
abroma-augustum-whole	BOTANICAL_OR_ORGANISM_PREPARATION	Non-FDA / Dietary Supplement	Nutraceutical / Botanical
lathyrus-sativas-seed	SUPPLEMENT_INGREDIENT	Non-FDA / Dietary Supplement	Nutraceutical / Botanical
levofloxacin	APPROVED_MEDICINE	FDA Approved	Small Molecule
stephania-tetrandra-whole	MARKETED_PRODUCT_INGREDIENT	FDA Approved	Nutraceutical / Botanical
azelaic-acid	APPROVED_MEDICINE	FDA Approved	Small Molecule
lavender-oil	BOTANICAL_OR_ORGANISM_PREPARATION	Non-FDA / Dietary Supplement	Nutraceutical / Botanical
portulaca-oleracea-seed	MARKETED_PRODUCT_INGREDIENT	FDA Approved	Nutraceutical / Botanical
lead-acetate	SUPPLEMENT_INGREDIENT	Non-FDA / Dietary Supplement	Nutraceutical / Botanical
lemborexant	APPROVED_MEDICINE	FDA Approved	Small Molecule
adrafinil	SUPPLEMENT_INGREDIENT	Non-FDA / Dietary Supplement	Small Molecule
ledipasvir	APPROVED_MEDICINE	FDA Approved	Small Molecule
lenalidomide	APPROVED_MEDICINE	FDA Approved	Small Molecule
betulinic-acid	SUPPLEMENT_INGREDIENT	Non-FDA / Dietary Supplement	Nutraceutical / Botanical
quinone	SUPPLEMENT_INGREDIENT	Non-FDA / Dietary Supplement	Nutraceutical / Botanical
lazertinib	APPROVED_MEDICINE	FDA Approved	Small Molecule
levoketoconazole	APPROVED_MEDICINE	FDA Approved	Small Molecule
lemna-minor	APPROVED_MEDICINE	FDA Approved	Nutraceutical / Botanical
oryctolagus-cuniculus-pancreatin	SUPPLEMENT_INGREDIENT	Non-FDA / Dietary Supplement	Nutraceutical / Botanical
limosilactobacillus-fermentum	APPROVED_MEDICINE	FDA Approved	Nutraceutical / Botanical
7-methoxyflavone	SUPPLEMENT_INGREDIENT	Non-FDA / Dietary Supplement	Nutraceutical / Botanical
fexofenadine	APPROVED_MEDICINE	FDA Approved	Small Molecule
oxogestone	MARKETED_PRODUCT_INGREDIENT	Non-FDA / Dietary Supplement	Nutraceutical / Botanical
leonurus-cardiaca	BOTANICAL_OR_ORGANISM_PREPARATION	Non-FDA / Dietary Supplement	Nutraceutical / Botanical
pentachlorophenol	MARKETED_PRODUCT_INGREDIENT	Non-FDA / Dietary Supplement	Nutraceutical / Botanical
cupressus-arizonica-pollen	BOTANICAL_OR_ORGANISM_PREPARATION	Non-FDA / Dietary Supplement	Nutraceutical / Botanical
oxytropis-lambertii-top	BOTANICAL_OR_ORGANISM_PREPARATION	Non-FDA / Dietary Supplement	Nutraceutical / Botanical
lenacapavir	APPROVED_MEDICINE	FDA Approved	Small Molecule
antipyrine	MARKETED_PRODUCT_INGREDIENT	Non-FDA / Dietary Supplement	Nutraceutical / Botanical
letrozole	APPROVED_MEDICINE	FDA Approved	Small Molecule
ajuga	BOTANICAL_OR_ORGANISM_PREPARATION	Non-FDA / Dietary Supplement	Nutraceutical / Botanical
cissus-quadrangularis	BOTANICAL_OR_ORGANISM_PREPARATION	Non-FDA / Dietary Supplement	Nutraceutical / Botanical
paprika	SUPPLEMENT_INGREDIENT	Non-FDA / Dietary Supplement	Nutraceutical / Botanical
loncastuximab-tesirine	INVESTIGATIONAL_MEDICINE	Pre-clinical / Open Source	Recombinant Protein / Biologic
levobunolol	APPROVED_MEDICINE	FDA Approved	Small Molecule
eleutherococcus-senticosus-whole	BOTANICAL_OR_ORGANISM_PREPARATION	Non-FDA / Dietary Supplement	Nutraceutical / Botanical
lilium-longiflorum-bulb	BOTANICAL_OR_ORGANISM_PREPARATION	Non-FDA / Dietary Supplement	Nutraceutical / Botanical
levacetylleucine	APPROVED_MEDICINE	FDA Approved	Small Molecule
linezolid	APPROVED_MEDICINE	FDA Approved	Small Molecule
andrographolide	SUPPLEMENT_INGREDIENT	Non-FDA / Dietary Supplement	Nutraceutical / Botanical
bismuth	APPROVED_MEDICINE	FDA Approved	Nutraceutical / Botanical
levodopa	APPROVED_MEDICINE	FDA Approved	Small Molecule
levomefolate	APPROVED_MEDICINE	FDA Approved	Small Molecule
lycopodium-clavatum-spore	SUPPLEMENT_INGREDIENT	Non-FDA / Dietary Supplement	Nutraceutical / Botanical
cicuta-virosa-whole	BOTANICAL_OR_ORGANISM_PREPARATION	Non-FDA / Dietary Supplement	Nutraceutical / Botanical
linerixibat	APPROVED_MEDICINE	FDA Approved	Small Molecule
levomefolate-glucosamine	OFF_LABEL_OR_COMPOUNDED	Off-Label / Compounded	Small Molecule
dendrobium-fimbriatum	BOTANICAL_OR_ORGANISM_PREPARATION	Non-FDA / Dietary Supplement	Nutraceutical / Botanical
levorphanol	APPROVED_MEDICINE	FDA Approved	Small Molecule
lolium-pratense-pollen	BOTANICAL_OR_ORGANISM_PREPARATION	Non-FDA / Dietary Supplement	Nutraceutical / Botanical
strontium-nitrate	MARKETED_PRODUCT_INGREDIENT	Non-FDA / Dietary Supplement	Nutraceutical / Botanical
liriope-spicata-tuber	OFF_LABEL_OR_COMPOUNDED	Off-Label / Compounded	Nutraceutical / Botanical
bile	SUPPLEMENT_INGREDIENT	Non-FDA / Dietary Supplement	Nutraceutical / Botanical
sword-bean	BOTANICAL_OR_ORGANISM_PREPARATION	Non-FDA / Dietary Supplement	Nutraceutical / Botanical
lifileucel	INVESTIGATIONAL_MEDICINE	Pre-clinical / Open Source	CRISPR / Gene Therapy
embelia-ribes	BOTANICAL_OR_ORGANISM_PREPARATION	Non-FDA / Dietary Supplement	Nutraceutical / Botanical
thyroid	SUPPLEMENT_INGREDIENT	Non-FDA / Dietary Supplement	Nutraceutical / Botanical
avibactam	APPROVED_MEDICINE	FDA Approved	Small Molecule
baloxavir-marboxil	APPROVED_MEDICINE	FDA Approved	Small Molecule
barium-sulfate	APPROVED_MEDICINE	FDA Approved	Small Molecule
lithium-chloride	SUPPLEMENT_INGREDIENT	Non-FDA / Dietary Supplement	Nutraceutical / Botanical
aminosalicylic-acid	APPROVED_MEDICINE	FDA Approved	Small Molecule
lolium-perenne-pollen	BOTANICAL_OR_ORGANISM_PREPARATION	Non-FDA / Dietary Supplement	Nutraceutical / Botanical
lumasiran	APPROVED_BIOLOGIC	FDA Approved	siRNA (Small Interfering RNA)
amylase	SUPPLEMENT_INGREDIENT	Non-FDA / Dietary Supplement	Recombinant Protein / Biologic
amaranthus-hybridus-leaf	BOTANICAL_OR_ORGANISM_PREPARATION	Non-FDA / Dietary Supplement	Nutraceutical / Botanical
anthraquinone	SUPPLEMENT_INGREDIENT	Non-FDA / Dietary Supplement	Nutraceutical / Botanical
denosumab-adet	APPROVED_BIOLOGIC	FDA Approved	Recombinant Protein / Biologic
myricyl-alcohol	SUPPLEMENT_INGREDIENT	Non-FDA / Dietary Supplement	Nutraceutical / Botanical
lonapegsomatropin	INVESTIGATIONAL_MEDICINE	Pre-clinical / Open Source	Recombinant Protein / Biologic
bombax	BOTANICAL_OR_ORGANISM_PREPARATION	Non-FDA / Dietary Supplement	Nutraceutical / Botanical
hemlock-spruce	SUPPLEMENT_INGREDIENT	Non-FDA / Dietary Supplement	Nutraceutical / Botanical
lomitapide	APPROVED_MEDICINE	FDA Approved	Small Molecule
hericium-mushroom	SUPPLEMENT_INGREDIENT	Non-FDA / Dietary Supplement	Nutraceutical / Botanical
physostigma-venenosum-whole	BOTANICAL_OR_ORGANISM_PREPARATION	Non-FDA / Dietary Supplement	Nutraceutical / Botanical
luliconazole	APPROVED_MEDICINE	FDA Approved	Small Molecule
lorlatinib	APPROVED_MEDICINE	FDA Approved	Small Molecule
arjunolic-acid	SUPPLEMENT_INGREDIENT	Non-FDA / Dietary Supplement	Nutraceutical / Botanical
lovastatin	APPROVED_MEDICINE	FDA Approved	Small Molecule
holy-basil-herb	BOTANICAL_OR_ORGANISM_PREPARATION	Non-FDA / Dietary Supplement	Nutraceutical / Botanical
sloe	MARKETED_PRODUCT_INGREDIENT	Non-FDA / Dietary Supplement	Nutraceutical / Botanical
wood-betony	SUPPLEMENT_INGREDIENT	Non-FDA / Dietary Supplement	Nutraceutical / Botanical
lumacaftor	APPROVED_MEDICINE	FDA Approved	Small Molecule
tozinameran	APPROVED_BIOLOGIC	FDA Approved	mRNA Vaccine / Therapeutic
abciximab	APPROVED_BIOLOGIC	FDA Approved	Monoclonal Antibody (mAb)
lonicera-xylosteum-fruit	BOTANICAL_OR_ORGANISM_PREPARATION	Non-FDA / Dietary Supplement	Nutraceutical / Botanical
bismuth-subnitrate	SUPPLEMENT_INGREDIENT	Non-FDA / Dietary Supplement	Nutraceutical / Botanical
butyric-acid	SUPPLEMENT_INGREDIENT	Non-FDA / Dietary Supplement	Nutraceutical / Botanical
hydroxymatairesinol	SUPPLEMENT_INGREDIENT	Non-FDA / Dietary Supplement	Nutraceutical / Botanical
mavorixafor	APPROVED_MEDICINE	FDA Approved	Small Molecule
lutetium-lu-177-dotatate	APPROVED_MEDICINE	FDA Approved	Small Molecule
ethoxzolamide	APPROVED_MEDICINE	FDA Approved	Small Molecule
retapamulin	APPROVED_MEDICINE	FDA Approved	Small Molecule
populus-deltoides-subsp-deltoides-whole	SUPPLEMENT_INGREDIENT	Non-FDA / Dietary Supplement	Nutraceutical / Botanical
lusutrombopag	APPROVED_MEDICINE	FDA Approved	Small Molecule
maftivimab	APPROVED_BIOLOGIC	FDA Approved	Monoclonal Antibody (mAb)
immortelle	SUPPLEMENT_INGREDIENT	Non-FDA / Dietary Supplement	Nutraceutical / Botanical
lycosa-tarantula	BOTANICAL_OR_ORGANISM_PREPARATION	Non-FDA / Dietary Supplement	Nutraceutical / Botanical
lavandin-oil	OFF_LABEL_OR_COMPOUNDED	Off-Label / Compounded	Small Molecule
sweet-potato	BOTANICAL_OR_ORGANISM_PREPARATION	Non-FDA / Dietary Supplement	Nutraceutical / Botanical
potentilla-anserina-flowering-top	BOTANICAL_OR_ORGANISM_PREPARATION	Non-FDA / Dietary Supplement	Nutraceutical / Botanical
lutetium-lu-177-vipivotide-tetraxetan	APPROVED_MEDICINE	FDA Approved	Small Molecule
manganese-chloride	APPROVED_MEDICINE	FDA Approved	Small Molecule
trimethylsilyl-treated-dimethiconol-trimethylsiloxysilicate-crosspolymer-35-65-w-w	MARKETED_PRODUCT_INGREDIENT	Non-FDA / Dietary Supplement	Nutraceutical / Botanical
magnesium-phosphate-dibasic	SUPPLEMENT_INGREDIENT	Non-FDA / Dietary Supplement	Nutraceutical / Botanical
human-papillomavirus-type-6-l1-capsid-protein-antigen	INVESTIGATIONAL_MEDICINE	Pre-clinical / Open Source	Recombinant Protein / Biologic
phoenix-dactylifera-pollen	BOTANICAL_OR_ORGANISM_PREPARATION	Non-FDA / Dietary Supplement	Nutraceutical / Botanical
lotilaner	APPROVED_MEDICINE	FDA Approved	Small Molecule
magnesium-carbonate	APPROVED_MEDICINE	FDA Approved	Small Molecule
aucubin	SUPPLEMENT_INGREDIENT	Non-FDA / Dietary Supplement	Nutraceutical / Botanical
calcium-d-glucarate	SUPPLEMENT_INGREDIENT	Non-FDA / Dietary Supplement	Nutraceutical / Botanical
macitentan	APPROVED_MEDICINE	FDA Approved	Small Molecule
pseudognaphalium-luteoalbum-leaf	BOTANICAL_OR_ORGANISM_PREPARATION	Non-FDA / Dietary Supplement	Nutraceutical / Botanical
capryloyl-glycine	OFF_LABEL_OR_COMPOUNDED	Off-Label / Compounded	Small Molecule
magnesium-citrate	APPROVED_MEDICINE	FDA Approved	Nutraceutical / Botanical
atriplex-confertifolia-pollen	BOTANICAL_OR_ORGANISM_PREPARATION	Non-FDA / Dietary Supplement	Nutraceutical / Botanical
egyptian-lotus	BOTANICAL_OR_ORGANISM_PREPARATION	Non-FDA / Dietary Supplement	Nutraceutical / Botanical
memantine	APPROVED_MEDICINE	FDA Approved	Small Molecule
carminic-acid	SUPPLEMENT_INGREDIENT	Non-FDA / Dietary Supplement	Nutraceutical / Botanical
agaricus-blazei	BOTANICAL_OR_ORGANISM_PREPARATION	Non-FDA / Dietary Supplement	Nutraceutical / Botanical
luffa-operculata-fruit	BOTANICAL_OR_ORGANISM_PREPARATION	Non-FDA / Dietary Supplement	Nutraceutical / Botanical
asparagus-adscendens	BOTANICAL_OR_ORGANISM_PREPARATION	Non-FDA / Dietary Supplement	Nutraceutical / Botanical
red-rooted-sage	SUPPLEMENT_INGREDIENT	Non-FDA / Dietary Supplement	Nutraceutical / Botanical
potassium-sorbate	SUPPLEMENT_INGREDIENT	Non-FDA / Dietary Supplement	Nutraceutical / Botanical
magnesium-sulfate-unspecified	APPROVED_MEDICINE	FDA Approved	Nutraceutical / Botanical
carotenoids	SUPPLEMENT_INGREDIENT	Non-FDA / Dietary Supplement	Nutraceutical / Botanical
hydrogenated-coconut-oil	MARKETED_PRODUCT_INGREDIENT	FDA Approved	Small Molecule
japanese-mint	BOTANICAL_OR_ORGANISM_PREPARATION	Non-FDA / Dietary Supplement	Nutraceutical / Botanical
mahonia-aquifolium-root-bark	SUPPLEMENT_INGREDIENT	Non-FDA / Dietary Supplement	Nutraceutical / Botanical
megestrol	APPROVED_MEDICINE	FDA Approved	Small Molecule
cyclacillin	APPROVED_MEDICINE	FDA Approved	Small Molecule
ceftibuten	APPROVED_MEDICINE	FDA Approved	Small Molecule
lavandula-stoechas-flowering-top	BOTANICAL_OR_ORGANISM_PREPARATION	Non-FDA / Dietary Supplement	Nutraceutical / Botanical
dimethicone-100	APPROVED_MEDICINE	FDA Approved	Small Molecule
malathion	APPROVED_MEDICINE	FDA Approved	Small Molecule
quercus-alba-wood	BOTANICAL_OR_ORGANISM_PREPARATION	Non-FDA / Dietary Supplement	Nutraceutical / Botanical
methacholine	APPROVED_MEDICINE	FDA Approved	Small Molecule
manganese-acetate	SUPPLEMENT_INGREDIENT	Non-FDA / Dietary Supplement	Nutraceutical / Botanical
marnetegragene-autotemcel	INVESTIGATIONAL_MEDICINE	Pre-clinical / Open Source	CRISPR / Gene Therapy
khella	SUPPLEMENT_INGREDIENT	Non-FDA / Dietary Supplement	Nutraceutical / Botanical
manganese	SUPPLEMENT_INGREDIENT	Non-FDA / Dietary Supplement	Nutraceutical / Botanical
xylitol	SUPPLEMENT_INGREDIENT	Non-FDA / Dietary Supplement	Nutraceutical / Botanical
mebrofenin	INVESTIGATIONAL_MEDICINE	Pre-clinical / Open Source	Small Molecule
maraviroc	APPROVED_MEDICINE	FDA Approved	Small Molecule
bicarbonate	SUPPLEMENT_INGREDIENT	Non-FDA / Dietary Supplement	Nutraceutical / Botanical
interferon-alfa-2b	APPROVED_BIOLOGIC	FDA Approved	Recombinant Protein / Biologic
mebendazole	APPROVED_MEDICINE	FDA Approved	Small Molecule
bidens-pilosa	BOTANICAL_OR_ORGANISM_PREPARATION	Non-FDA / Dietary Supplement	Nutraceutical / Botanical
melissa-officinalis-whole	BOTANICAL_OR_ORGANISM_PREPARATION	Non-FDA / Dietary Supplement	Nutraceutical / Botanical
phenylpropanolamine-polistirex	APPROVED_MEDICINE	FDA Approved	Small Molecule
phyllolobium-chinense-seed	BOTANICAL_OR_ORGANISM_PREPARATION	Non-FDA / Dietary Supplement	Nutraceutical / Botanical
menthyl	APPROVED_MEDICINE	FDA Approved	Small Molecule
miconazole	APPROVED_MEDICINE	FDA Approved	Small Molecule
cephaloglycin	APPROVED_MEDICINE	FDA Approved	Small Molecule
ytterbium	SUPPLEMENT_INGREDIENT	Non-FDA / Dietary Supplement	Nutraceutical / Botanical
mepolizumab	APPROVED_BIOLOGIC	FDA Approved	Monoclonal Antibody (mAb)
large-leaf-gentian	SUPPLEMENT_INGREDIENT	Non-FDA / Dietary Supplement	Nutraceutical / Botanical
metaxalone	APPROVED_MEDICINE	FDA Approved	Small Molecule
red-algae	BOTANICAL_OR_ORGANISM_PREPARATION	Non-FDA / Dietary Supplement	Nutraceutical / Botanical
meperidine	APPROVED_MEDICINE	FDA Approved	Small Molecule
minoxidil	APPROVED_MEDICINE	FDA Approved	Small Molecule
chromic-bromide	SUPPLEMENT_INGREDIENT	Non-FDA / Dietary Supplement	Nutraceutical / Botanical
mercurius-solubilis	SUPPLEMENT_INGREDIENT	Non-FDA / Dietary Supplement	Nutraceutical / Botanical
chrysin	SUPPLEMENT_INGREDIENT	Non-FDA / Dietary Supplement	Nutraceutical / Botanical
lactobacillus-kefiri	SUPPLEMENT_INGREDIENT	Non-FDA / Dietary Supplement	Nutraceutical / Botanical
methoxsalen	APPROVED_MEDICINE	FDA Approved	Small Molecule
mercury	SUPPLEMENT_INGREDIENT	Non-FDA / Dietary Supplement	Nutraceutical / Botanical
bifidobacterium-animalis-lactis	SUPPLEMENT_INGREDIENT	Non-FDA / Dietary Supplement	Nutraceutical / Botanical
legume-protein	SUPPLEMENT_INGREDIENT	Non-FDA / Dietary Supplement	Nutraceutical / Botanical
margetuximab-cmkb	APPROVED_BIOLOGIC	FDA Approved	Recombinant Protein / Biologic
methamphetamine	APPROVED_MEDICINE	FDA Approved	Small Molecule
trichoderma-harzianum	INVESTIGATIONAL_MEDICINE	Pre-clinical / Open Source	Nutraceutical / Botanical
cyanidin-3-glucoside	SUPPLEMENT_INGREDIENT	Non-FDA / Dietary Supplement	Nutraceutical / Botanical
leuconostoc-cremoris	BOTANICAL_OR_ORGANISM_PREPARATION	Non-FDA / Dietary Supplement	Nutraceutical / Botanical
cefpodoxime-proxetil	APPROVED_MEDICINE	FDA Approved	Small Molecule
methohexital	APPROVED_MEDICINE	FDA Approved	Small Molecule
cetyl-myristoleate	SUPPLEMENT_INGREDIENT	Non-FDA / Dietary Supplement	Nutraceutical / Botanical
lycium-chinense-fruit	BOTANICAL_OR_ORGANISM_PREPARATION	Non-FDA / Dietary Supplement	Nutraceutical / Botanical
methyl	APPROVED_MEDICINE	FDA Approved	Small Molecule
castela-emoryi-whole	BOTANICAL_OR_ORGANISM_PREPARATION	Non-FDA / Dietary Supplement	Nutraceutical / Botanical
bifidobacterium-breve	BOTANICAL_OR_ORGANISM_PREPARATION	Non-FDA / Dietary Supplement	Nutraceutical / Botanical
lichen-oil	SUPPLEMENT_INGREDIENT	Non-FDA / Dietary Supplement	Nutraceutical / Botanical
methylcobalamin	SUPPLEMENT_INGREDIENT	Non-FDA / Dietary Supplement	Nutraceutical / Botanical
ligustrum	BOTANICAL_OR_ORGANISM_PREPARATION	Non-FDA / Dietary Supplement	Nutraceutical / Botanical
daidzein	SUPPLEMENT_INGREDIENT	Non-FDA / Dietary Supplement	Nutraceutical / Botanical
milrinone	APPROVED_MEDICINE	FDA Approved	Small Molecule
metyrosine	APPROVED_MEDICINE	FDA Approved	Small Molecule
lycopus-virginicus	BOTANICAL_OR_ORGANISM_PREPARATION	Non-FDA / Dietary Supplement	Nutraceutical / Botanical
methylpropanediol	OFF_LABEL_OR_COMPOUNDED	Off-Label / Compounded	Small Molecule
methocarbamol	APPROVED_MEDICINE	FDA Approved	Small Molecule
leuconostoc-lactis	BOTANICAL_OR_ORGANISM_PREPARATION	Non-FDA / Dietary Supplement	Nutraceutical / Botanical
saxifraga-granulata-flowering-top	BOTANICAL_OR_ORGANISM_PREPARATION	Non-FDA / Dietary Supplement	Nutraceutical / Botanical
lily	SUPPLEMENT_INGREDIENT	Non-FDA / Dietary Supplement	Nutraceutical / Botanical
midazolam	APPROVED_MEDICINE	FDA Approved	Small Molecule
caffeine-alpha-ketoglutarate	SUPPLEMENT_INGREDIENT	Non-FDA / Dietary Supplement	Nutraceutical / Botanical
indian-madder	SUPPLEMENT_INGREDIENT	Non-FDA / Dietary Supplement	Nutraceutical / Botanical
miglustat	APPROVED_MEDICINE	FDA Approved	Small Molecule
linden	SUPPLEMENT_INGREDIENT	Non-FDA / Dietary Supplement	Nutraceutical / Botanical
mineral-oil	APPROVED_MEDICINE	FDA Approved	Nutraceutical / Botanical
brain	SUPPLEMENT_INGREDIENT	Non-FDA / Dietary Supplement	Nutraceutical / Botanical
milsaperidone	APPROVED_MEDICINE	FDA Approved	Small Molecule
didanosine	APPROVED_MEDICINE	FDA Approved	Small Molecule
lymph	SUPPLEMENT_INGREDIENT	Non-FDA / Dietary Supplement	Nutraceutical / Botanical
silica-dimethyl-silylate	MARKETED_PRODUCT_INGREDIENT	Non-FDA / Dietary Supplement	Nutraceutical / Botanical
borosilicate-glass	SUPPLEMENT_INGREDIENT	Non-FDA / Dietary Supplement	Nutraceutical / Botanical
minocycline	APPROVED_MEDICINE	FDA Approved	Small Molecule
loranthus	BOTANICAL_OR_ORGANISM_PREPARATION	Non-FDA / Dietary Supplement	Nutraceutical / Botanical
mint	APPROVED_MEDICINE	FDA Approved	Nutraceutical / Botanical
aflibercept-boav	APPROVED_BIOLOGIC	FDA Approved	Recombinant Protein / Biologic
fucoxanthin	SUPPLEMENT_INGREDIENT	Non-FDA / Dietary Supplement	Nutraceutical / Botanical
ixabepilone	APPROVED_MEDICINE	FDA Approved	Small Molecule
corticorelin	MARKETED_PRODUCT_INGREDIENT	Non-FDA / Dietary Supplement	Peptide / GLP-1 Agonist
fluphenazine-enanthate	APPROVED_MEDICINE	FDA Approved	Small Molecule
alpha-hydroxyisocaproic-acid	SUPPLEMENT_INGREDIENT	Non-FDA / Dietary Supplement	Nutraceutical / Botanical
belatacept	APPROVED_BIOLOGIC	FDA Approved	Recombinant Protein / Biologic
berberis-vulgaris-fruit	BOTANICAL_OR_ORGANISM_PREPARATION	Non-FDA / Dietary Supplement	Nutraceutical / Botanical
lonicera-japonica-top	BOTANICAL_OR_ORGANISM_PREPARATION	Non-FDA / Dietary Supplement	Nutraceutical / Botanical
lycium	BOTANICAL_OR_ORGANISM_PREPARATION	Non-FDA / Dietary Supplement	Nutraceutical / Botanical
mirikizumab	INVESTIGATIONAL_MEDICINE	Pre-clinical / Open Source	Monoclonal Antibody (mAb)
creatine-pyruvate	SUPPLEMENT_INGREDIENT	Non-FDA / Dietary Supplement	Nutraceutical / Botanical
lysimachia	BOTANICAL_OR_ORGANISM_PREPARATION	Non-FDA / Dietary Supplement	Nutraceutical / Botanical
marigold	SUPPLEMENT_INGREDIENT	Non-FDA / Dietary Supplement	Nutraceutical / Botanical
bos-taurus-eye	SUPPLEMENT_INGREDIENT	Non-FDA / Dietary Supplement	Nutraceutical / Botanical
hydrolyzed-porcine-collagen-enzymatic	MARKETED_PRODUCT_INGREDIENT	FDA Approved	Small Molecule
macadamia	BOTANICAL_OR_ORGANISM_PREPARATION	Non-FDA / Dietary Supplement	Nutraceutical / Botanical
ptychopetalum-olacoides-root	BOTANICAL_OR_ORGANISM_PREPARATION	Non-FDA / Dietary Supplement	Nutraceutical / Botanical
mitotane	APPROVED_MEDICINE	FDA Approved	Small Molecule
mace	BOTANICAL_OR_ORGANISM_PREPARATION	Non-FDA / Dietary Supplement	Nutraceutical / Botanical
pineapple	BOTANICAL_OR_ORGANISM_PREPARATION	Non-FDA / Dietary Supplement	Nutraceutical / Botanical
spruce	SUPPLEMENT_INGREDIENT	Non-FDA / Dietary Supplement	Nutraceutical / Botanical
impatiens-glandulifera-flower	BOTANICAL_OR_ORGANISM_PREPARATION	Non-FDA / Dietary Supplement	Nutraceutical / Botanical
stemona-tuberosa-root	BOTANICAL_OR_ORGANISM_PREPARATION	Non-FDA / Dietary Supplement	Nutraceutical / Botanical
bulevirtide	INVESTIGATIONAL_MEDICINE	Pre-clinical / Open Source	Peptide / GLP-1 Agonist
benzethonium	APPROVED_MEDICINE	FDA Approved	Small Molecule
nutritional-yeast	SUPPLEMENT_INGREDIENT	Non-FDA / Dietary Supplement	Nutraceutical / Botanical
mirabegron	APPROVED_MEDICINE	FDA Approved	Small Molecule
mitomycin	APPROVED_MEDICINE	FDA Approved	Small Molecule
mycobacterium-phlei	BOTANICAL_OR_ORGANISM_PREPARATION	Non-FDA / Dietary Supplement	Nutraceutical / Botanical
polyphenol	SUPPLEMENT_INGREDIENT	Non-FDA / Dietary Supplement	Nutraceutical / Botanical
strophanthus-gratus-seed	BOTANICAL_OR_ORGANISM_PREPARATION	Non-FDA / Dietary Supplement	Nutraceutical / Botanical
loncastuximab-tesirine-lpyl	APPROVED_BIOLOGIC	FDA Approved	Recombinant Protein / Biologic
d-c-black-no-2	SUPPLEMENT_INGREDIENT	Non-FDA / Dietary Supplement	Nutraceutical / Botanical
hijiki	SUPPLEMENT_INGREDIENT	Non-FDA / Dietary Supplement	Nutraceutical / Botanical
moexipril	APPROVED_MEDICINE	FDA Approved	Small Molecule
dolomite	SUPPLEMENT_INGREDIENT	Non-FDA / Dietary Supplement	Nutraceutical / Botanical
borage-oil	SUPPLEMENT_INGREDIENT	Non-FDA / Dietary Supplement	Nutraceutical / Botanical
hibiscus-sabdariffa-seed-oil	MARKETED_PRODUCT_INGREDIENT	FDA Approved	Nutraceutical / Botanical
diphenylpyraline	APPROVED_MEDICINE	FDA Approved	Small Molecule
helminthosporium-carbonum-toxin-i	SUPPLEMENT_INGREDIENT	Non-FDA / Dietary Supplement	Nutraceutical / Botanical
calcium-ascorbate	SUPPLEMENT_INGREDIENT	Non-FDA / Dietary Supplement	Nutraceutical / Botanical
ipomoea-purga-root	BOTANICAL_OR_ORGANISM_PREPARATION	Non-FDA / Dietary Supplement	Nutraceutical / Botanical
mitapivat	APPROVED_MEDICINE	FDA Approved	Small Molecule
sus-scrofa-corpus-luteum	MARKETED_PRODUCT_INGREDIENT	Non-FDA / Dietary Supplement	Nutraceutical / Botanical
momelotinib	APPROVED_MEDICINE	FDA Approved	Small Molecule
cytidine	SUPPLEMENT_INGREDIENT	Non-FDA / Dietary Supplement	Nutraceutical / Botanical
aronia-melanocarpa	BOTANICAL_OR_ORGANISM_PREPARATION	Non-FDA / Dietary Supplement	Nutraceutical / Botanical
birch-polypore	BOTANICAL_OR_ORGANISM_PREPARATION	Non-FDA / Dietary Supplement	Nutraceutical / Botanical
moxifloxacin	APPROVED_MEDICINE	FDA Approved	Small Molecule
citron	BOTANICAL_OR_ORGANISM_PREPARATION	Non-FDA / Dietary Supplement	Nutraceutical / Botanical
muscle	SUPPLEMENT_INGREDIENT	Non-FDA / Dietary Supplement	Nutraceutical / Botanical
butternut-squash	SUPPLEMENT_INGREDIENT	Non-FDA / Dietary Supplement	Nutraceutical / Botanical
carbon-dioide	APPROVED_MEDICINE	FDA Approved	Small Molecule
neomycin	APPROVED_MEDICINE	FDA Approved	Small Molecule
mycoplasma-pneumoniae	MARKETED_PRODUCT_INGREDIENT	Non-FDA / Dietary Supplement	Nutraceutical / Botanical
macadamia-ternifolia-seed-oil	OFF_LABEL_OR_COMPOUNDED	Off-Label / Compounded	Nutraceutical / Botanical
lebrikizumab-lbkz	APPROVED_BIOLOGIC	FDA Approved	Recombinant Protein / Biologic
nabilone	APPROVED_MEDICINE	FDA Approved	Small Molecule
birch	SUPPLEMENT_INGREDIENT	Non-FDA / Dietary Supplement	Nutraceutical / Botanical
desoxycorticosterone	APPROVED_MEDICINE	FDA Approved	Small Molecule
dienestrol	APPROVED_MEDICINE	FDA Approved	Small Molecule
sulfide-ion	MARKETED_PRODUCT_INGREDIENT	Non-FDA / Dietary Supplement	Nutraceutical / Botanical
thioacetamide	MARKETED_PRODUCT_INGREDIENT	Non-FDA / Dietary Supplement	Nutraceutical / Botanical
naja-naja-venom	BOTANICAL_OR_ORGANISM_PREPARATION	Non-FDA / Dietary Supplement	Nutraceutical / Botanical
lo-han-guo	SUPPLEMENT_INGREDIENT	Non-FDA / Dietary Supplement	Nutraceutical / Botanical
tannin	SUPPLEMENT_INGREDIENT	Non-FDA / Dietary Supplement	Nutraceutical / Botanical
nemolizumab	INVESTIGATIONAL_MEDICINE	Pre-clinical / Open Source	Monoclonal Antibody (mAb)
oxtriphylline	APPROVED_MEDICINE	FDA Approved	Small Molecule
hippeastrum-puniceum-whole	BOTANICAL_OR_ORGANISM_PREPARATION	Non-FDA / Dietary Supplement	Nutraceutical / Botanical
fucosterol	SUPPLEMENT_INGREDIENT	Non-FDA / Dietary Supplement	Nutraceutical / Botanical
tumerone	SUPPLEMENT_INGREDIENT	Non-FDA / Dietary Supplement	Nutraceutical / Botanical
calcifediol	APPROVED_MEDICINE	FDA Approved	Small Molecule
naloxegol	APPROVED_MEDICINE	FDA Approved	Small Molecule
dyphylline	APPROVED_MEDICINE	FDA Approved	Small Molecule
dmt	CONTROLLED_NO_APPROVED_USE	Controlled / No Approved Use	Small Molecule
navepegritide	APPROVED_BIOLOGIC	FDA Approved	Peptide / GLP-1 Agonist
momordica	BOTANICAL_OR_ORGANISM_PREPARATION	Non-FDA / Dietary Supplement	Nutraceutical / Botanical
10-hydroxy-2-decanoic-acid	SUPPLEMENT_INGREDIENT	Non-FDA / Dietary Supplement	Nutraceutical / Botanical
nedosiran	APPROVED_BIOLOGIC	FDA Approved	siRNA (Small Interfering RNA)
bambusa-vulgaris-top	BOTANICAL_OR_ORGANISM_PREPARATION	Non-FDA / Dietary Supplement	Nutraceutical / Botanical
nateglinide	APPROVED_MEDICINE	FDA Approved	Small Molecule
glycoprotein	SUPPLEMENT_INGREDIENT	Non-FDA / Dietary Supplement	Nutraceutical / Botanical
madder	BOTANICAL_OR_ORGANISM_PREPARATION	Non-FDA / Dietary Supplement	Nutraceutical / Botanical
ustilago-avenae	INVESTIGATIONAL_MEDICINE	Pre-clinical / Open Source	Nutraceutical / Botanical
nefazodone	APPROVED_MEDICINE	FDA Approved	Small Molecule
glechoma-hederacea	BOTANICAL_OR_ORGANISM_PREPARATION	Non-FDA / Dietary Supplement	Nutraceutical / Botanical
sus-scrofa-pylorus	MARKETED_PRODUCT_INGREDIENT	Non-FDA / Dietary Supplement	Nutraceutical / Botanical
neostigmine-methylsulfate	APPROVED_MEDICINE	FDA Approved	Small Molecule
citrulline-silicate	SUPPLEMENT_INGREDIENT	Non-FDA / Dietary Supplement	Nutraceutical / Botanical
gland	SUPPLEMENT_INGREDIENT	Non-FDA / Dietary Supplement	Nutraceutical / Botanical
guaiac	SUPPLEMENT_INGREDIENT	Non-FDA / Dietary Supplement	Nutraceutical / Botanical
bos-taurus-dander	SUPPLEMENT_INGREDIENT	Non-FDA / Dietary Supplement	Nutraceutical / Botanical
clam	SUPPLEMENT_INGREDIENT	Non-FDA / Dietary Supplement	Nutraceutical / Botanical
mum	SUPPLEMENT_INGREDIENT	Non-FDA / Dietary Supplement	Nutraceutical / Botanical
mulberry	SUPPLEMENT_INGREDIENT	Non-FDA / Dietary Supplement	Nutraceutical / Botanical
netarsudil	APPROVED_MEDICINE	FDA Approved	Small Molecule
corynebacterium-stationis	BOTANICAL_OR_ORGANISM_PREPARATION	Non-FDA / Dietary Supplement	Nutraceutical / Botanical
nicotine-polacrilex	APPROVED_MEDICINE	FDA Approved	Small Molecule
bevacizumab-adcd	APPROVED_BIOLOGIC	FDA Approved	Recombinant Protein / Biologic
dimethicone-410	APPROVED_MEDICINE	FDA Approved	Small Molecule
netupitant	APPROVED_MEDICINE	FDA Approved	Small Molecule
juniperus-californica-pollen	INVESTIGATIONAL_MEDICINE	Pre-clinical / Open Source	Nutraceutical / Botanical
obinutuzumab	APPROVED_BIOLOGIC	FDA Approved	Monoclonal Antibody (mAb)
omega-3-fatty-acids	SUPPLEMENT_INGREDIENT	Non-FDA / Dietary Supplement	Nutraceutical / Botanical
docosapentaenoic-acid	SUPPLEMENT_INGREDIENT	Non-FDA / Dietary Supplement	Nutraceutical / Botanical
bos-taurus-lymph	SUPPLEMENT_INGREDIENT	Non-FDA / Dietary Supplement	Nutraceutical / Botanical
ulmus-americana-pollen	BOTANICAL_OR_ORGANISM_PREPARATION	Non-FDA / Dietary Supplement	Nutraceutical / Botanical
banaba	SUPPLEMENT_INGREDIENT	Non-FDA / Dietary Supplement	Nutraceutical / Botanical
ecdysterone	SUPPLEMENT_INGREDIENT	Non-FDA / Dietary Supplement	Nutraceutical / Botanical
ethinamate	APPROVED_MEDICINE	FDA Approved	Small Molecule
nitrofurazone	APPROVED_MEDICINE	FDA Approved	Small Molecule
elamipretide	APPROVED_BIOLOGIC	FDA Approved	Peptide / GLP-1 Agonist
neratinib	APPROVED_MEDICINE	FDA Approved	Small Molecule
urtica-dioica-pollen	BOTANICAL_OR_ORGANISM_PREPARATION	Non-FDA / Dietary Supplement	Nutraceutical / Botanical
dysprosium	SUPPLEMENT_INGREDIENT	Non-FDA / Dietary Supplement	Nutraceutical / Botanical
solidago-canadensis-pollen	BOTANICAL_OR_ORGANISM_PREPARATION	Non-FDA / Dietary Supplement	Nutraceutical / Botanical
niacinamide	APPROVED_MEDICINE	FDA Approved	Small Molecule
nickel-phosphate	SUPPLEMENT_INGREDIENT	Non-FDA / Dietary Supplement	Nutraceutical / Botanical
niacin	APPROVED_MEDICINE	FDA Approved	Nutraceutical / Botanical
isovitexin	SUPPLEMENT_INGREDIENT	Non-FDA / Dietary Supplement	Nutraceutical / Botanical
nitrate	SUPPLEMENT_INGREDIENT	Non-FDA / Dietary Supplement	Nutraceutical / Botanical
madecassoside	OFF_LABEL_OR_COMPOUNDED	Off-Label / Compounded	Small Molecule
magnolia-grandiflora-flower	BOTANICAL_OR_ORGANISM_PREPARATION	Non-FDA / Dietary Supplement	Nutraceutical / Botanical
hydroxycitric-acid	SUPPLEMENT_INGREDIENT	Non-FDA / Dietary Supplement	Nutraceutical / Botanical
nicotinamide-adenine-dinucleotide	SUPPLEMENT_INGREDIENT	Non-FDA / Dietary Supplement	Peptide / GLP-1 Agonist
bladderwrack	SUPPLEMENT_INGREDIENT	Non-FDA / Dietary Supplement	Nutraceutical / Botanical
salmonella-enterica-subsp-enterica-serovar-enteritidis	BOTANICAL_OR_ORGANISM_PREPARATION	Non-FDA / Dietary Supplement	Nutraceutical / Botanical
safed-musli	SUPPLEMENT_INGREDIENT	Non-FDA / Dietary Supplement	Nutraceutical / Botanical
hyacinthoides-non-scripta-whole	BOTANICAL_OR_ORGANISM_PREPARATION	Non-FDA / Dietary Supplement	Nutraceutical / Botanical
emedastine	APPROVED_MEDICINE	FDA Approved	Small Molecule
bambusa-vulgaris-whole	BOTANICAL_OR_ORGANISM_PREPARATION	Non-FDA / Dietary Supplement	Nutraceutical / Botanical
viburnum-prunifolium-bark	BOTANICAL_OR_ORGANISM_PREPARATION	Non-FDA / Dietary Supplement	Nutraceutical / Botanical
icariin	SUPPLEMENT_INGREDIENT	Non-FDA / Dietary Supplement	Nutraceutical / Botanical
nicotine	APPROVED_MEDICINE	FDA Approved	Small Molecule
corn-fiber	SUPPLEMENT_INGREDIENT	Non-FDA / Dietary Supplement	Nutraceutical / Botanical
niraparib	APPROVED_MEDICINE	FDA Approved	Small Molecule
nilutamide	APPROVED_MEDICINE	FDA Approved	Small Molecule
bearberry	BOTANICAL_OR_ORGANISM_PREPARATION	Non-FDA / Dietary Supplement	Nutraceutical / Botanical
nirmatrelvir-ritonavir	APPROVED_MEDICINE	FDA Approved	Small Molecule
nizatidine	APPROVED_MEDICINE	FDA Approved	Small Molecule
nirsevimab-alip	APPROVED_BIOLOGIC	FDA Approved	Recombinant Protein / Biologic
interferon-alfa-n3	APPROVED_BIOLOGIC	FDA Approved	Recombinant Protein / Biologic
norelgestromin	APPROVED_MEDICINE	FDA Approved	Small Molecule
oleic-acid	SUPPLEMENT_INGREDIENT	Non-FDA / Dietary Supplement	Nutraceutical / Botanical
nusinersen	APPROVED_BIOLOGIC	FDA Approved	ASO (Antisense Oligonucleotide)
magnesium-bromate	SUPPLEMENT_INGREDIENT	Non-FDA / Dietary Supplement	Nutraceutical / Botanical
norepinephrine	APPROVED_MEDICINE	FDA Approved	Nutraceutical / Botanical
spirulina	SUPPLEMENT_INGREDIENT	Non-FDA / Dietary Supplement	Nutraceutical / Botanical
olezarsen	APPROVED_BIOLOGIC	FDA Approved	ASO (Antisense Oligonucleotide)
nutmeg	BOTANICAL_OR_ORGANISM_PREPARATION	Non-FDA / Dietary Supplement	Nutraceutical / Botanical
odesivimab	APPROVED_BIOLOGIC	FDA Approved	Monoclonal Antibody (mAb)
lomatium	BOTANICAL_OR_ORGANISM_PREPARATION	Non-FDA / Dietary Supplement	Nutraceutical / Botanical
oroxylum	BOTANICAL_OR_ORGANISM_PREPARATION	Non-FDA / Dietary Supplement	Nutraceutical / Botanical
methylchloroisothiazolinone	MARKETED_PRODUCT_INGREDIENT	FDA Approved	Small Molecule
sciadopitysn	SUPPLEMENT_INGREDIENT	Non-FDA / Dietary Supplement	Nutraceutical / Botanical
white-pine	SUPPLEMENT_INGREDIENT	Non-FDA / Dietary Supplement	Nutraceutical / Botanical
norethindrone	APPROVED_MEDICINE	FDA Approved	Small Molecule
sulfameter	APPROVED_MEDICINE	FDA Approved	Small Molecule
plant	SUPPLEMENT_INGREDIENT	Non-FDA / Dietary Supplement	Nutraceutical / Botanical
oak	SUPPLEMENT_INGREDIENT	Non-FDA / Dietary Supplement	Nutraceutical / Botanical
octocrylene	APPROVED_MEDICINE	FDA Approved	Small Molecule
bifidobacterium-longum	BOTANICAL_OR_ORGANISM_PREPARATION	Non-FDA / Dietary Supplement	Nutraceutical / Botanical
obiltoxaximab	APPROVED_BIOLOGIC	FDA Approved	Monoclonal Antibody (mAb)
ferric-cation	SUPPLEMENT_INGREDIENT	Non-FDA / Dietary Supplement	Nutraceutical / Botanical
mangifera-indica-pollen	INVESTIGATIONAL_MEDICINE	Pre-clinical / Open Source	Nutraceutical / Botanical
ofloxacin	APPROVED_MEDICINE	FDA Approved	Small Molecule
olea-europaea-flower-bud	SUPPLEMENT_INGREDIENT	Non-FDA / Dietary Supplement	Nutraceutical / Botanical
bromelain	SUPPLEMENT_INGREDIENT	Non-FDA / Dietary Supplement	Nutraceutical / Botanical
duck	BOTANICAL_OR_ORGANISM_PREPARATION	Non-FDA / Dietary Supplement	Nutraceutical / Botanical
juniperus-osteosperma-pollen	INVESTIGATIONAL_MEDICINE	Pre-clinical / Open Source	Nutraceutical / Botanical
olopatadine	APPROVED_MEDICINE	FDA Approved	Small Molecule
olea-europaea-flower	BOTANICAL_OR_ORGANISM_PREPARATION	Non-FDA / Dietary Supplement	Nutraceutical / Botanical
human-rhinovirus-b	BOTANICAL_OR_ORGANISM_PREPARATION	Non-FDA / Dietary Supplement	Nutraceutical / Botanical
pantetheine	SUPPLEMENT_INGREDIENT	Non-FDA / Dietary Supplement	Nutraceutical / Botanical
lenograstim	MARKETED_PRODUCT_INGREDIENT	Non-FDA / Dietary Supplement	Recombinant Protein / Biologic
olipudase-alfa	INVESTIGATIONAL_MEDICINE	Pre-clinical / Open Source	Recombinant Protein / Biologic
omega-3-acid-ethyl-esters	APPROVED_MEDICINE	FDA Approved	Small Molecule
oxalis-acetosella-whole	BOTANICAL_OR_ORGANISM_PREPARATION	Non-FDA / Dietary Supplement	Nutraceutical / Botanical
buddhas-hand	BOTANICAL_OR_ORGANISM_PREPARATION	Non-FDA / Dietary Supplement	Nutraceutical / Botanical
olutasidenib	APPROVED_MEDICINE	FDA Approved	Small Molecule
ornithogalum-umbellatum-flowering-top	BOTANICAL_OR_ORGANISM_PREPARATION	Non-FDA / Dietary Supplement	Nutraceutical / Botanical
morinda-citrifolia-fruit	MARKETED_PRODUCT_INGREDIENT	FDA Approved	Nutraceutical / Botanical
orphenadrine	APPROVED_MEDICINE	FDA Approved	Small Molecule
eucalyptus-gum	BOTANICAL_OR_ORGANISM_PREPARATION	Non-FDA / Dietary Supplement	Nutraceutical / Botanical
elecampine	SUPPLEMENT_INGREDIENT	Non-FDA / Dietary Supplement	Nutraceutical / Botanical
methyl-aminolevulinate	APPROVED_MEDICINE	FDA Approved	Small Molecule
onasemnogene-abeparvovec	APPROVED_BIOLOGIC	FDA Approved	CRISPR / Gene Therapy
opicapone	APPROVED_MEDICINE	FDA Approved	Small Molecule
elettaria-cardamomum-whole	BOTANICAL_OR_ORGANISM_PREPARATION	Non-FDA / Dietary Supplement	Nutraceutical / Botanical
orlistat	APPROVED_MEDICINE	FDA Approved	Small Molecule
oxitriptan	MARKETED_PRODUCT_INGREDIENT	Non-FDA / Dietary Supplement	Nutraceutical / Botanical
rauvolfia-yunnanensis	BOTANICAL_OR_ORGANISM_PREPARATION	Non-FDA / Dietary Supplement	Nutraceutical / Botanical
influenza-a-virus-a-hong-kong-2671-2019-ivr-208-antigen	SUPPLEMENT_INGREDIENT	Non-FDA / Dietary Supplement	Nutraceutical / Botanical
ozanimod	APPROVED_MEDICINE	FDA Approved	Small Molecule
wild-bergamot	SUPPLEMENT_INGREDIENT	Non-FDA / Dietary Supplement	Nutraceutical / Botanical
fenugreek	BOTANICAL_OR_ORGANISM_PREPARATION	Non-FDA / Dietary Supplement	Nutraceutical / Botanical
orthoclase	MARKETED_PRODUCT_INGREDIENT	Non-FDA / Dietary Supplement	Recombinant Protein / Biologic
hamamelis-virginiana-bark	BOTANICAL_OR_ORGANISM_PREPARATION	Non-FDA / Dietary Supplement	Nutraceutical / Botanical
calcium-chloride	APPROVED_MEDICINE	FDA Approved	Small Molecule
malic-acid	SUPPLEMENT_INGREDIENT	Non-FDA / Dietary Supplement	Nutraceutical / Botanical
ospemifene	APPROVED_MEDICINE	FDA Approved	Small Molecule
ferula-ammoniacum-resin	BOTANICAL_OR_ORGANISM_PREPARATION	Non-FDA / Dietary Supplement	Nutraceutical / Botanical
influenza-a-virus-a-singapore-gp1908-2015-ivr-180-whole	SUPPLEMENT_INGREDIENT	Non-FDA / Dietary Supplement	Nutraceutical / Botanical
oxiconazole	APPROVED_MEDICINE	FDA Approved	Small Molecule
castor-canadensis-scent-gland-secretion	SUPPLEMENT_INGREDIENT	Non-FDA / Dietary Supplement	Nutraceutical / Botanical
nickel-ammonium	SUPPLEMENT_INGREDIENT	Non-FDA / Dietary Supplement	Nutraceutical / Botanical
naphtha	MARKETED_PRODUCT_INGREDIENT	Non-FDA / Dietary Supplement	Nutraceutical / Botanical
oxidronate	INVESTIGATIONAL_MEDICINE	Pre-clinical / Open Source	Small Molecule
sea-scallop	INVESTIGATIONAL_MEDICINE	Pre-clinical / Open Source	Recombinant Protein / Biologic
flaxseed	SUPPLEMENT_INGREDIENT	Non-FDA / Dietary Supplement	Nutraceutical / Botanical
oxybenzone	APPROVED_MEDICINE	FDA Approved	Small Molecule
technetium-tc-99m-lidofenin-kit	APPROVED_MEDICINE	FDA Approved	Small Molecule
trichosanthis	SUPPLEMENT_INGREDIENT	Non-FDA / Dietary Supplement	Nutraceutical / Botanical
acetyldigitoxin	MARKETED_PRODUCT_INGREDIENT	FDA Approved	Small Molecule
neodymium	SUPPLEMENT_INGREDIENT	Non-FDA / Dietary Supplement	Nutraceutical / Botanical
lactoperoxidase	SUPPLEMENT_INGREDIENT	Non-FDA / Dietary Supplement	Recombinant Protein / Biologic
petasites-hybridus-root	BOTANICAL_OR_ORGANISM_PREPARATION	Non-FDA / Dietary Supplement	Nutraceutical / Botanical
phenacemide	APPROVED_MEDICINE	FDA Approved	Small Molecule
bloodroot	BOTANICAL_OR_ORGANISM_PREPARATION	Non-FDA / Dietary Supplement	Nutraceutical / Botanical
neem	BOTANICAL_OR_ORGANISM_PREPARATION	Non-FDA / Dietary Supplement	Nutraceutical / Botanical
oxycodone	APPROVED_MEDICINE	FDA Approved	Small Molecule
pentaerythritol-tetrakis-propionate	MARKETED_PRODUCT_INGREDIENT	FDA Approved	Nutraceutical / Botanical
palladium	SUPPLEMENT_INGREDIENT	Non-FDA / Dietary Supplement	Nutraceutical / Botanical
pamabrom	APPROVED_MEDICINE	FDA Approved	Small Molecule
plantago-major-leaf	BOTANICAL_OR_ORGANISM_PREPARATION	Non-FDA / Dietary Supplement	Nutraceutical / Botanical
palmitoyl-tripeptide-8	APPROVED_MEDICINE	FDA Approved	Small Molecule
panax-ginseng-root	MARKETED_PRODUCT_INGREDIENT	FDA Approved	Nutraceutical / Botanical
maitake-mushroom	SUPPLEMENT_INGREDIENT	Non-FDA / Dietary Supplement	Nutraceutical / Botanical
palm	SUPPLEMENT_INGREDIENT	Non-FDA / Dietary Supplement	Nutraceutical / Botanical
pamidronate	APPROVED_MEDICINE	FDA Approved	Small Molecule
english-chamomile	SUPPLEMENT_INGREDIENT	Non-FDA / Dietary Supplement	Nutraceutical / Botanical
ganoderma-applanatum	BOTANICAL_OR_ORGANISM_PREPARATION	Non-FDA / Dietary Supplement	Nutraceutical / Botanical
palopegteriparatide	APPROVED_BIOLOGIC	FDA Approved	Peptide / GLP-1 Agonist
backhousia-citriodora	BOTANICAL_OR_ORGANISM_PREPARATION	Non-FDA / Dietary Supplement	Nutraceutical / Botanical
java-tea	BOTANICAL_OR_ORGANISM_PREPARATION	Non-FDA / Dietary Supplement	Nutraceutical / Botanical
paliperidone	APPROVED_MEDICINE	FDA Approved	Small Molecule
vitex	BOTANICAL_OR_ORGANISM_PREPARATION	Non-FDA / Dietary Supplement	Nutraceutical / Botanical
paromomycin	APPROVED_MEDICINE	FDA Approved	Small Molecule
panthenol	APPROVED_MEDICINE	FDA Approved	Nutraceutical / Botanical
boerhavia-diffusa	BOTANICAL_OR_ORGANISM_PREPARATION	Non-FDA / Dietary Supplement	Nutraceutical / Botanical
hydroxymethylbutyrate	SUPPLEMENT_INGREDIENT	Non-FDA / Dietary Supplement	Nutraceutical / Botanical
kidney	SUPPLEMENT_INGREDIENT	Non-FDA / Dietary Supplement	Nutraceutical / Botanical
pantothenic-acid	APPROVED_MEDICINE	FDA Approved	Nutraceutical / Botanical
pemivibart	APPROVED_MEDICINE	Accelerated Approval	Small Molecule
eria	BOTANICAL_OR_ORGANISM_PREPARATION	Non-FDA / Dietary Supplement	Nutraceutical / Botanical
trifolium-pratense-whole	BOTANICAL_OR_ORGANISM_PREPARATION	Non-FDA / Dietary Supplement	Nutraceutical / Botanical
panitumumab	APPROVED_BIOLOGIC	FDA Approved	Monoclonal Antibody (mAb)
glucoamylase	SUPPLEMENT_INGREDIENT	Non-FDA / Dietary Supplement	Recombinant Protein / Biologic
hexyl-laurate	MARKETED_PRODUCT_INGREDIENT	FDA Approved	Small Molecule
pemetrexed-disodium-hemipentahydrate	INVESTIGATIONAL_MEDICINE	Pre-clinical / Open Source	Small Molecule
akebia	BOTANICAL_OR_ORGANISM_PREPARATION	Non-FDA / Dietary Supplement	Nutraceutical / Botanical
chlorella	BOTANICAL_OR_ORGANISM_PREPARATION	Non-FDA / Dietary Supplement	Nutraceutical / Botanical
calcium-oxybate	APPROVED_MEDICINE	FDA Approved	Small Molecule
oligopeptide-10	MARKETED_PRODUCT_INGREDIENT	FDA Approved	Small Molecule
pasireotide-diaspartate	APPROVED_MEDICINE	FDA Approved	Small Molecule
peptostreptococcus-anaerobius-dna	SUPPLEMENT_INGREDIENT	Non-FDA / Dietary Supplement	Nutraceutical / Botanical
guar	BOTANICAL_OR_ORGANISM_PREPARATION	Non-FDA / Dietary Supplement	Nutraceutical / Botanical
bacillus-megaterium	BOTANICAL_OR_ORGANISM_PREPARATION	Non-FDA / Dietary Supplement	Nutraceutical / Botanical
calcium-phosphate	SUPPLEMENT_INGREDIENT	Non-FDA / Dietary Supplement	Nutraceutical / Botanical
pegaspargase	APPROVED_BIOLOGIC	FDA Approved	Recombinant Protein / Biologic
lavandula-angustifolia-subsp-angustifolia-flowering-top	BOTANICAL_OR_ORGANISM_PREPARATION	Non-FDA / Dietary Supplement	Nutraceutical / Botanical
pegvaliase-pqpz	APPROVED_BIOLOGIC	FDA Approved	Recombinant Protein / Biologic
pegfilgrastim-cbqv	APPROVED_BIOLOGIC	FDA Approved	Recombinant Protein / Biologic
streptococcus-viridans-group	MARKETED_PRODUCT_INGREDIENT	Non-FDA / Dietary Supplement	Nutraceutical / Botanical
acer-campestre-leaf-bud	BOTANICAL_OR_ORGANISM_PREPARATION	Non-FDA / Dietary Supplement	Nutraceutical / Botanical
glucoraphanin	SUPPLEMENT_INGREDIENT	Non-FDA / Dietary Supplement	Nutraceutical / Botanical
bovine-type-i-collagen	SUPPLEMENT_INGREDIENT	Non-FDA / Dietary Supplement	Nutraceutical / Botanical
pegfilgrastim-jmdb	APPROVED_BIOLOGIC	FDA Approved	Recombinant Protein / Biologic
glycetein	SUPPLEMENT_INGREDIENT	Non-FDA / Dietary Supplement	Nutraceutical / Botanical
sus-scrofa-spleen	BOTANICAL_OR_ORGANISM_PREPARATION	Non-FDA / Dietary Supplement	Nutraceutical / Botanical
pegcetacoplan	APPROVED_MEDICINE	FDA Approved	Small Molecule
sulfacytine	APPROVED_MEDICINE	FDA Approved	Small Molecule
pegvaliase	INVESTIGATIONAL_MEDICINE	Pre-clinical / Open Source	Recombinant Protein / Biologic
penicillium-roqueforti	BOTANICAL_OR_ORGANISM_PREPARATION	Non-FDA / Dietary Supplement	Nutraceutical / Botanical
phytocannabinoid	SUPPLEMENT_INGREDIENT	Non-FDA / Dietary Supplement	Nutraceutical / Botanical
penicillin-g-benzathine	APPROVED_MEDICINE	FDA Approved	Small Molecule
bacillus-licheniformis	BOTANICAL_OR_ORGANISM_PREPARATION	Non-FDA / Dietary Supplement	Nutraceutical / Botanical
green-coffee	SUPPLEMENT_INGREDIENT	Non-FDA / Dietary Supplement	Nutraceutical / Botanical
melphalan	APPROVED_MEDICINE	FDA Approved	Small Molecule
penpulimab	INVESTIGATIONAL_MEDICINE	Pre-clinical / Open Source	Monoclonal Antibody (mAb)
guanidine	APPROVED_MEDICINE	FDA Approved	Small Molecule
guava	BOTANICAL_OR_ORGANISM_PREPARATION	Non-FDA / Dietary Supplement	Nutraceutical / Botanical
lithothamnion	BOTANICAL_OR_ORGANISM_PREPARATION	Non-FDA / Dietary Supplement	Nutraceutical / Botanical
peppermint	APPROVED_MEDICINE	FDA Approved	Nutraceutical / Botanical
griseofulvin-ultramicrocrystalline	APPROVED_MEDICINE	FDA Approved	Small Molecule
gypenoside	SUPPLEMENT_INGREDIENT	Non-FDA / Dietary Supplement	Nutraceutical / Botanical
yarrow	BOTANICAL_OR_ORGANISM_PREPARATION	Non-FDA / Dietary Supplement	Nutraceutical / Botanical
potassium-acetate	APPROVED_MEDICINE	FDA Approved	Small Molecule
perindopril-erbumine	APPROVED_MEDICINE	FDA Approved	Small Molecule
heroin	CONTROLLED_NO_APPROVED_USE	Controlled / No Approved Use	Small Molecule
petroselinum-crispum	BOTANICAL_OR_ORGANISM_PREPARATION	Non-FDA / Dietary Supplement	Nutraceutical / Botanical
gluconic-acid	SUPPLEMENT_INGREDIENT	Non-FDA / Dietary Supplement	Nutraceutical / Botanical
phenazopyridine	APPROVED_MEDICINE	FDA Approved	Small Molecule
hedyotis-diffusa	BOTANICAL_OR_ORGANISM_PREPARATION	Non-FDA / Dietary Supplement	Nutraceutical / Botanical
juniperus-communis-var-saxatilis-whole	BOTANICAL_OR_ORGANISM_PREPARATION	Non-FDA / Dietary Supplement	Nutraceutical / Botanical
pineal	SUPPLEMENT_INGREDIENT	Non-FDA / Dietary Supplement	Nutraceutical / Botanical
rosemary-oil	MARKETED_PRODUCT_INGREDIENT	FDA Approved	Nutraceutical / Botanical
pinitol	SUPPLEMENT_INGREDIENT	Non-FDA / Dietary Supplement	Nutraceutical / Botanical
phendimetrazine	APPROVED_MEDICINE	FDA Approved	Small Molecule
pivmecillinam	APPROVED_MEDICINE	FDA Approved	Small Molecule
melon	SUPPLEMENT_INGREDIENT	Non-FDA / Dietary Supplement	Nutraceutical / Botanical
phenelzine	APPROVED_MEDICINE	FDA Approved	Small Molecule
cupuacu	SUPPLEMENT_INGREDIENT	Non-FDA / Dietary Supplement	Nutraceutical / Botanical
pheniramine	APPROVED_MEDICINE	FDA Approved	Small Molecule
rhododendron-aureum-leaf	BOTANICAL_OR_ORGANISM_PREPARATION	Non-FDA / Dietary Supplement	Nutraceutical / Botanical
leymus-condensatus-pollen	INVESTIGATIONAL_MEDICINE	Pre-clinical / Open Source	Nutraceutical / Botanical
polysilicone-15	MARKETED_PRODUCT_INGREDIENT	FDA Approved	Small Molecule
piperacillin	APPROVED_MEDICINE	FDA Approved	Small Molecule
phenol	APPROVED_MEDICINE	FDA Approved	Nutraceutical / Botanical
xanthan-gum	MARKETED_PRODUCT_INGREDIENT	FDA Approved	Nutraceutical / Botanical
morus-rubra-whole	BOTANICAL_OR_ORGANISM_PREPARATION	Non-FDA / Dietary Supplement	Nutraceutical / Botanical
adzuki-bean	BOTANICAL_OR_ORGANISM_PREPARATION	Non-FDA / Dietary Supplement	Nutraceutical / Botanical
butterbur	SUPPLEMENT_INGREDIENT	Non-FDA / Dietary Supplement	Nutraceutical / Botanical
nigella-seed	BOTANICAL_OR_ORGANISM_PREPARATION	Non-FDA / Dietary Supplement	Nutraceutical / Botanical
bovine	BOTANICAL_OR_ORGANISM_PREPARATION	Non-FDA / Dietary Supplement	Nutraceutical / Botanical
noopept	SUPPLEMENT_INGREDIENT	Non-FDA / Dietary Supplement	Small Molecule
bos-taurus-cerebellum	SUPPLEMENT_INGREDIENT	Non-FDA / Dietary Supplement	Nutraceutical / Botanical
holy-basil-leaf	BOTANICAL_OR_ORGANISM_PREPARATION	Non-FDA / Dietary Supplement	Nutraceutical / Botanical
endive	BOTANICAL_OR_ORGANISM_PREPARATION	Non-FDA / Dietary Supplement	Nutraceutical / Botanical
calcium-pyruvate	SUPPLEMENT_INGREDIENT	Non-FDA / Dietary Supplement	Nutraceutical / Botanical
peach	MARKETED_PRODUCT_INGREDIENT	FDA Approved	Nutraceutical / Botanical
physostigmine	OFF_LABEL_OR_COMPOUNDED	Off-Label / Compounded	Small Molecule
pilocarpus-jaborandi-leaf	BOTANICAL_OR_ORGANISM_PREPARATION	Non-FDA / Dietary Supplement	Nutraceutical / Botanical
hafnium	SUPPLEMENT_INGREDIENT	Non-FDA / Dietary Supplement	Nutraceutical / Botanical
bos-taurus-duodenum	BOTANICAL_OR_ORGANISM_PREPARATION	Non-FDA / Dietary Supplement	Nutraceutical / Botanical
phytolacca-americana-root	BOTANICAL_OR_ORGANISM_PREPARATION	Non-FDA / Dietary Supplement	Nutraceutical / Botanical
plantago-major	BOTANICAL_OR_ORGANISM_PREPARATION	Non-FDA / Dietary Supplement	Nutraceutical / Botanical
echinacea	SUPPLEMENT_INGREDIENT	Non-FDA / Dietary Supplement	Nutraceutical / Botanical
glyphosate	SUPPLEMENT_INGREDIENT	Non-FDA / Dietary Supplement	Nutraceutical / Botanical
insulin-pork	SUPPLEMENT_INGREDIENT	Non-FDA / Dietary Supplement	Recombinant Protein / Biologic
penicillamine	APPROVED_MEDICINE	FDA Approved	Small Molecule
picea-mariana-resin	BOTANICAL_OR_ORGANISM_PREPARATION	Non-FDA / Dietary Supplement	Nutraceutical / Botanical
chinese-licorice	BOTANICAL_OR_ORGANISM_PREPARATION	Non-FDA / Dietary Supplement	Nutraceutical / Botanical
fraxinus-americana-pollen	BOTANICAL_OR_ORGANISM_PREPARATION	Non-FDA / Dietary Supplement	Nutraceutical / Botanical
imperatoria-ostruthia-root	SUPPLEMENT_INGREDIENT	Non-FDA / Dietary Supplement	Nutraceutical / Botanical
picric-acid	SUPPLEMENT_INGREDIENT	Non-FDA / Dietary Supplement	Nutraceutical / Botanical
diaminopyrimidine-oxide	MARKETED_PRODUCT_INGREDIENT	FDA Approved	Small Molecule
populus-tremuloides-bark	BOTANICAL_OR_ORGANISM_PREPARATION	Non-FDA / Dietary Supplement	Nutraceutical / Botanical
cabotegravir	APPROVED_MEDICINE	FDA Approved	Small Molecule
pimecrolimus	APPROVED_MEDICINE	FDA Approved	Small Molecule
platinum	SUPPLEMENT_INGREDIENT	Non-FDA / Dietary Supplement	Nutraceutical / Botanical
iceland-moss	SUPPLEMENT_INGREDIENT	Non-FDA / Dietary Supplement	Nutraceutical / Botanical
ustilago-maydis	BOTANICAL_OR_ORGANISM_PREPARATION	Non-FDA / Dietary Supplement	Nutraceutical / Botanical
platanus-orientalis-whole	BOTANICAL_OR_ORGANISM_PREPARATION	Non-FDA / Dietary Supplement	Nutraceutical / Botanical
iva-angustifolia-whole	BOTANICAL_OR_ORGANISM_PREPARATION	Non-FDA / Dietary Supplement	Nutraceutical / Botanical
populus-nigra-leaf-bud	BOTANICAL_OR_ORGANISM_PREPARATION	Non-FDA / Dietary Supplement	Nutraceutical / Botanical
mangiferin	SUPPLEMENT_INGREDIENT	Non-FDA / Dietary Supplement	Nutraceutical / Botanical
european-mistletoe	BOTANICAL_OR_ORGANISM_PREPARATION	Non-FDA / Dietary Supplement	Nutraceutical / Botanical
uncaria	BOTANICAL_OR_ORGANISM_PREPARATION	Non-FDA / Dietary Supplement	Nutraceutical / Botanical
calcium-phosphate-dibasic	SUPPLEMENT_INGREDIENT	Non-FDA / Dietary Supplement	Nutraceutical / Botanical
egg-phospholipids	SUPPLEMENT_INGREDIENT	Non-FDA / Dietary Supplement	Nutraceutical / Botanical
influenza-a-virus-a-north-carolina-04-2016-whole	SUPPLEMENT_INGREDIENT	Non-FDA / Dietary Supplement	Nutraceutical / Botanical
rhenium	SUPPLEMENT_INGREDIENT	Non-FDA / Dietary Supplement	Nutraceutical / Botanical
indacaterol	APPROVED_MEDICINE	FDA Approved	Small Molecule
plazomicin	APPROVED_MEDICINE	FDA Approved	Small Molecule
plecanatide	APPROVED_BIOLOGIC	FDA Approved	Peptide / GLP-1 Agonist
verbascum-densiflorum-flower	BOTANICAL_OR_ORGANISM_PREPARATION	Non-FDA / Dietary Supplement	Nutraceutical / Botanical
podophyllum	BOTANICAL_OR_ORGANISM_PREPARATION	Non-FDA / Dietary Supplement	Nutraceutical / Botanical
belumosudil	APPROVED_MEDICINE	FDA Approved	Small Molecule
polatuzumab-vedotin	INVESTIGATIONAL_MEDICINE	Pre-clinical / Open Source	Recombinant Protein / Biologic
polypodium-leucotomos	SUPPLEMENT_INGREDIENT	Non-FDA / Dietary Supplement	Nutraceutical / Botanical
polihexanide	APPROVED_MEDICINE	FDA Approved	Small Molecule
poractant-alfa	APPROVED_BIOLOGIC	FDA Approved	Recombinant Protein / Biologic
veronicastrum-virginicum-whole	BOTANICAL_OR_ORGANISM_PREPARATION	Non-FDA / Dietary Supplement	Nutraceutical / Botanical
polyethylene-glycol-400	APPROVED_MEDICINE	FDA Approved	Small Molecule
grape	SUPPLEMENT_INGREDIENT	Non-FDA / Dietary Supplement	Nutraceutical / Botanical
neisseria-meningitidis-group-c-capsular-polysaccharide-tetanus-toxoid-conjugate-antigen	INVESTIGATIONAL_MEDICINE	Pre-clinical / Open Source	Recombinant Protein / Biologic
calcium-hexafluorosilicate	SUPPLEMENT_INGREDIENT	Non-FDA / Dietary Supplement	Nutraceutical / Botanical
iva-axillaris-pollen	INVESTIGATIONAL_MEDICINE	Pre-clinical / Open Source	Nutraceutical / Botanical
larix-decidua-resin	BOTANICAL_OR_ORGANISM_PREPARATION	Non-FDA / Dietary Supplement	Nutraceutical / Botanical
polyvinyl-alcohol	APPROVED_MEDICINE	FDA Approved	Small Molecule
ponesimod	APPROVED_MEDICINE	FDA Approved	Small Molecule
jacobaea-maritima-whole	BOTANICAL_OR_ORGANISM_PREPARATION	Non-FDA / Dietary Supplement	Nutraceutical / Botanical
samarium	SUPPLEMENT_INGREDIENT	Non-FDA / Dietary Supplement	Nutraceutical / Botanical
potassium-benzoate	SUPPLEMENT_INGREDIENT	Non-FDA / Dietary Supplement	Nutraceutical / Botanical
potassium-phosphate-dibasic	APPROVED_MEDICINE	FDA Approved	Small Molecule
hirudin	MARKETED_PRODUCT_INGREDIENT	Non-FDA / Dietary Supplement	Nutraceutical / Botanical
imidurea	MARKETED_PRODUCT_INGREDIENT	FDA Approved	Small Molecule
betula-alba-leaf	MARKETED_PRODUCT_INGREDIENT	FDA Approved	Nutraceutical / Botanical
keratin-peptides	SUPPLEMENT_INGREDIENT	Non-FDA / Dietary Supplement	Nutraceutical / Botanical
isoflavone	SUPPLEMENT_INGREDIENT	Non-FDA / Dietary Supplement	Nutraceutical / Botanical
bougainvillea	BOTANICAL_OR_ORGANISM_PREPARATION	Non-FDA / Dietary Supplement	Nutraceutical / Botanical
natsudaidai	SUPPLEMENT_INGREDIENT	Non-FDA / Dietary Supplement	Nutraceutical / Botanical
potassium-bicarbonate	APPROVED_MEDICINE	FDA Approved	Small Molecule
potassium-carbonate	SUPPLEMENT_INGREDIENT	Non-FDA / Dietary Supplement	Nutraceutical / Botanical
adeps-suillus	MARKETED_PRODUCT_INGREDIENT	Non-FDA / Dietary Supplement	Nutraceutical / Botanical
potassium-chloride	APPROVED_MEDICINE	FDA Approved	Small Molecule
liatris-spicata-root	BOTANICAL_OR_ORGANISM_PREPARATION	Non-FDA / Dietary Supplement	Nutraceutical / Botanical
povidone-unspecified	APPROVED_MEDICINE	FDA Approved	Small Molecule
potassium-iodide	APPROVED_MEDICINE	FDA Approved	Small Molecule
biancaea-decapetala-root-bark	SUPPLEMENT_INGREDIENT	Non-FDA / Dietary Supplement	Nutraceutical / Botanical
potassium-gluconate	SUPPLEMENT_INGREDIENT	Non-FDA / Dietary Supplement	Nutraceutical / Botanical
trichodermin	MARKETED_PRODUCT_INGREDIENT	Non-FDA / Dietary Supplement	Nutraceutical / Botanical
gorse	BOTANICAL_OR_ORGANISM_PREPARATION	Non-FDA / Dietary Supplement	Nutraceutical / Botanical
prabotulinumtoxina-xvfs	APPROVED_BIOLOGIC	FDA Approved	Recombinant Protein / Biologic
pralatrexate	APPROVED_MEDICINE	FDA Approved	Small Molecule
potassium-phosphate-unspecified-form	APPROVED_MEDICINE	FDA Approved	Nutraceutical / Botanical
bovine-protein	SUPPLEMENT_INGREDIENT	Non-FDA / Dietary Supplement	Nutraceutical / Botanical
atezolizumab-and-hyaluronidase-tqjs	APPROVED_BIOLOGIC	FDA Approved	Recombinant Protein / Biologic
methylliberine	SUPPLEMENT_INGREDIENT	Non-FDA / Dietary Supplement	Nutraceutical / Botanical
potassium-oxybate	APPROVED_MEDICINE	FDA Approved	Small Molecule
calomel	MARKETED_PRODUCT_INGREDIENT	Non-FDA / Dietary Supplement	Nutraceutical / Botanical
methylstenbolone	SUPPLEMENT_INGREDIENT	Non-FDA / Dietary Supplement	Nutraceutical / Botanical
hepatitis-a-virus-strain-cr-326f-antigen	INVESTIGATIONAL_MEDICINE	Pre-clinical / Open Source	Recombinant Protein / Biologic
dextroamphetamine-adipate	APPROVED_MEDICINE	FDA Approved	Small Molecule
praziquantel	APPROVED_MEDICINE	FDA Approved	Small Molecule
lauramidopropyl-betaine	OFF_LABEL_OR_COMPOUNDED	Off-Label / Compounded	Small Molecule
methylsynephrine	SUPPLEMENT_INGREDIENT	Non-FDA / Dietary Supplement	Nutraceutical / Botanical
iobenguane-sulfate-i-131	APPROVED_MEDICINE	FDA Approved	Small Molecule
prademagene-zamikeracel	INVESTIGATIONAL_MEDICINE	Pre-clinical / Open Source	CRISPR / Gene Therapy
isoetharine	APPROVED_MEDICINE	FDA Approved	Small Molecule
ligustrum-fruit	BOTANICAL_OR_ORGANISM_PREPARATION	Non-FDA / Dietary Supplement	Nutraceutical / Botanical
pramoxine-hcl	APPROVED_MEDICINE	FDA Approved	Small Molecule
pseudolarix-amabilis-bark	MARKETED_PRODUCT_INGREDIENT	FDA Approved	Nutraceutical / Botanical
xanthium-strumarium-pollen	BOTANICAL_OR_ORGANISM_PREPARATION	Non-FDA / Dietary Supplement	Nutraceutical / Botanical
vanillin	SUPPLEMENT_INGREDIENT	Non-FDA / Dietary Supplement	Nutraceutical / Botanical
hyoscyamus-niger-leaf	BOTANICAL_OR_ORGANISM_PREPARATION	Non-FDA / Dietary Supplement	Nutraceutical / Botanical
mistletoe	SUPPLEMENT_INGREDIENT	Non-FDA / Dietary Supplement	Nutraceutical / Botanical
pramlintide	APPROVED_BIOLOGIC	FDA Approved	Peptide / GLP-1 Agonist
prunus-dulcis-flower	BOTANICAL_OR_ORGANISM_PREPARATION	Non-FDA / Dietary Supplement	Nutraceutical / Botanical
pretomanid	APPROVED_MEDICINE	FDA Approved	Small Molecule
modified-starch	SUPPLEMENT_INGREDIENT	Non-FDA / Dietary Supplement	Nutraceutical / Botanical
proline	SUPPLEMENT_INGREDIENT	Non-FDA / Dietary Supplement	Nutraceutical / Botanical
mixed-carotenoids	SUPPLEMENT_INGREDIENT	Non-FDA / Dietary Supplement	Nutraceutical / Botanical
prilocaine	APPROVED_MEDICINE	FDA Approved	Small Molecule
pravastatin	APPROVED_MEDICINE	FDA Approved	Small Molecule
canola-oil	BOTANICAL_OR_ORGANISM_PREPARATION	Non-FDA / Dietary Supplement	Nutraceutical / Botanical
grapefruit-fiber	SUPPLEMENT_INGREDIENT	Non-FDA / Dietary Supplement	Nutraceutical / Botanical
pyridoxine	APPROVED_MEDICINE	FDA Approved	Nutraceutical / Botanical
programmed-cell-death-protein-1	SUPPLEMENT_INGREDIENT	Non-FDA / Dietary Supplement	Nutraceutical / Botanical
lithium-fluoride	SUPPLEMENT_INGREDIENT	Non-FDA / Dietary Supplement	Nutraceutical / Botanical
carambola	SUPPLEMENT_INGREDIENT	Non-FDA / Dietary Supplement	Nutraceutical / Botanical
propafenone	APPROVED_MEDICINE	FDA Approved	Small Molecule
pseudognaphalium-obtusifolium	BOTANICAL_OR_ORGANISM_PREPARATION	Non-FDA / Dietary Supplement	Nutraceutical / Botanical
pyrilamine	APPROVED_MEDICINE	FDA Approved	Small Molecule
mormon-tea	BOTANICAL_OR_ORGANISM_PREPARATION	Non-FDA / Dietary Supplement	Nutraceutical / Botanical
jacobaea-maritima	BOTANICAL_OR_ORGANISM_PREPARATION	Non-FDA / Dietary Supplement	Nutraceutical / Botanical
propylene-glycol	APPROVED_MEDICINE	FDA Approved	Nutraceutical / Botanical
prunus-cerasifera-whole	BOTANICAL_OR_ORGANISM_PREPARATION	Non-FDA / Dietary Supplement	Nutraceutical / Botanical
propofol	APPROVED_MEDICINE	FDA Approved	Small Molecule
prunus-spinosa-flower-bud	SUPPLEMENT_INGREDIENT	Non-FDA / Dietary Supplement	Nutraceutical / Botanical
streptococcus-pneumoniae-type-10a-capsular-polysaccharide-antigen	INVESTIGATIONAL_MEDICINE	Pre-clinical / Open Source	Recombinant Protein / Biologic
malvin	MARKETED_PRODUCT_INGREDIENT	Non-FDA / Dietary Supplement	Nutraceutical / Botanical
propylthiouracil	APPROVED_MEDICINE	FDA Approved	Small Molecule
epistane	SUPPLEMENT_INGREDIENT	Non-FDA / Dietary Supplement	Nutraceutical / Botanical
protamine	APPROVED_BIOLOGIC	FDA Approved	Recombinant Protein / Biologic
kaempferide	SUPPLEMENT_INGREDIENT	Non-FDA / Dietary Supplement	Nutraceutical / Botanical
alder-buckthorn	BOTANICAL_OR_ORGANISM_PREPARATION	Non-FDA / Dietary Supplement	Nutraceutical / Botanical
simeprevir	WITHDRAWN_MEDICINE	Withdrawn from Market	Small Molecule
mushroom	SUPPLEMENT_INGREDIENT	Non-FDA / Dietary Supplement	Nutraceutical / Botanical
leptinotarsa-decemlineata	BOTANICAL_OR_ORGANISM_PREPARATION	Non-FDA / Dietary Supplement	Nutraceutical / Botanical
atazanavir	APPROVED_MEDICINE	FDA Approved	Small Molecule
pyrazinamide	APPROVED_MEDICINE	FDA Approved	Small Molecule
protriptyline	APPROVED_MEDICINE	FDA Approved	Small Molecule
pinus-spp-whole	SUPPLEMENT_INGREDIENT	Non-FDA / Dietary Supplement	Nutraceutical / Botanical
laxogenin	SUPPLEMENT_INGREDIENT	Non-FDA / Dietary Supplement	Nutraceutical / Botanical
atlantic-salmon	BOTANICAL_OR_ORGANISM_PREPARATION	Non-FDA / Dietary Supplement	Nutraceutical / Botanical
canagliflozin	APPROVED_MEDICINE	FDA Approved	Small Molecule
malt-diastase	SUPPLEMENT_INGREDIENT	Non-FDA / Dietary Supplement	Recombinant Protein / Biologic
psyllium-husk	SUPPLEMENT_INGREDIENT	Non-FDA / Dietary Supplement	Nutraceutical / Botanical
scandium-oxide	MARKETED_PRODUCT_INGREDIENT	Non-FDA / Dietary Supplement	Nutraceutical / Botanical
bos-taurus-bile	SUPPLEMENT_INGREDIENT	Non-FDA / Dietary Supplement	Nutraceutical / Botanical
ptelea-trifoliata-bark	BOTANICAL_OR_ORGANISM_PREPARATION	Non-FDA / Dietary Supplement	Nutraceutical / Botanical
lipoic-acid	SUPPLEMENT_INGREDIENT	Non-FDA / Dietary Supplement	Nutraceutical / Botanical
pulsatilla	BOTANICAL_OR_ORGANISM_PREPARATION	Non-FDA / Dietary Supplement	Nutraceutical / Botanical
broad-bean	BOTANICAL_OR_ORGANISM_PREPARATION	Non-FDA / Dietary Supplement	Nutraceutical / Botanical
ethylhexyl	APPROVED_MEDICINE	FDA Approved	Small Molecule
shrimp	SUPPLEMENT_INGREDIENT	Non-FDA / Dietary Supplement	Nutraceutical / Botanical
pyrimethamine	APPROVED_MEDICINE	FDA Approved	Small Molecule
lactitol	APPROVED_MEDICINE	FDA Approved	Small Molecule
hydroxypropyl-distarch-phosphate	SUPPLEMENT_INGREDIENT	Non-FDA / Dietary Supplement	Nutraceutical / Botanical
quercus-acutissima-whole	OFF_LABEL_OR_COMPOUNDED	Off-Label / Compounded	Nutraceutical / Botanical
lanthanum	SUPPLEMENT_INGREDIENT	Non-FDA / Dietary Supplement	Nutraceutical / Botanical
quercus-alba-whole	BOTANICAL_OR_ORGANISM_PREPARATION	Non-FDA / Dietary Supplement	Nutraceutical / Botanical
mebutamate	APPROVED_MEDICINE	FDA Approved	Small Molecule
thymoquinone	SUPPLEMENT_INGREDIENT	Non-FDA / Dietary Supplement	Nutraceutical / Botanical
calcium-sulfate-unspecified-form	SUPPLEMENT_INGREDIENT	Non-FDA / Dietary Supplement	Nutraceutical / Botanical
ustekinumab-kfce	APPROVED_BIOLOGIC	FDA Approved	Recombinant Protein / Biologic
quinapril	APPROVED_MEDICINE	FDA Approved	Small Molecule
maca	SUPPLEMENT_INGREDIENT	Non-FDA / Dietary Supplement	Nutraceutical / Botanical
ligandrol	INVESTIGATIONAL_MEDICINE	Phase 2 Investigational	Small Molecule
monounsaturated-fatty-acid	SUPPLEMENT_INGREDIENT	Non-FDA / Dietary Supplement	Nutraceutical / Botanical
human-immunoglobulin-g	INVESTIGATIONAL_MEDICINE	Pre-clinical / Open Source	Recombinant Protein / Biologic
radium-ra-223-dichloride	APPROVED_MEDICINE	FDA Approved	Small Molecule
aspergillus-fumigatus	BOTANICAL_OR_ORGANISM_PREPARATION	Non-FDA / Dietary Supplement	Nutraceutical / Botanical
tylophora-indica-leaf	BOTANICAL_OR_ORGANISM_PREPARATION	Non-FDA / Dietary Supplement	Nutraceutical / Botanical
regadenoson	APPROVED_MEDICINE	FDA Approved	Small Molecule
lutrelin	MARKETED_PRODUCT_INGREDIENT	Non-FDA / Dietary Supplement	Peptide / GLP-1 Agonist
solanum-anguivi	BOTANICAL_OR_ORGANISM_PREPARATION	Non-FDA / Dietary Supplement	Nutraceutical / Botanical
raltegravir	APPROVED_MEDICINE	FDA Approved	Small Molecule
erucic-acid	SUPPLEMENT_INGREDIENT	Non-FDA / Dietary Supplement	Nutraceutical / Botanical
lysophosphatidylcholine	SUPPLEMENT_INGREDIENT	Non-FDA / Dietary Supplement	Nutraceutical / Botanical
juniperus-sabina-leafy-twig	BOTANICAL_OR_ORGANISM_PREPARATION	Non-FDA / Dietary Supplement	Nutraceutical / Botanical
ranitidine	WITHDRAWN_MEDICINE	Withdrawn from Market	Small Molecule
cordycepic-acid	SUPPLEMENT_INGREDIENT	Non-FDA / Dietary Supplement	Nutraceutical / Botanical
rasagiline	APPROVED_MEDICINE	FDA Approved	Small Molecule
american-liverleaf	BOTANICAL_OR_ORGANISM_PREPARATION	Non-FDA / Dietary Supplement	Nutraceutical / Botanical
anamarrhena	SUPPLEMENT_INGREDIENT	Non-FDA / Dietary Supplement	Nutraceutical / Botanical
relatlimab-rmbw	APPROVED_BIOLOGIC	FDA Approved	Recombinant Protein / Biologic
rezafungin	APPROVED_MEDICINE	FDA Approved	Small Molecule
neisseria-meningitidis-group-a-capsular-polysaccharide-antigen	SUPPLEMENT_INGREDIENT	Non-FDA / Dietary Supplement	Nutraceutical / Botanical
sus-scrofa-meniscus	MARKETED_PRODUCT_INGREDIENT	Non-FDA / Dietary Supplement	Nutraceutical / Botanical
ticlopidine	APPROVED_MEDICINE	FDA Approved	Small Molecule
buckthorn	SUPPLEMENT_INGREDIENT	Non-FDA / Dietary Supplement	Nutraceutical / Botanical
eschscholzia-californica-flowering-top	BOTANICAL_OR_ORGANISM_PREPARATION	Non-FDA / Dietary Supplement	Nutraceutical / Botanical
regorafenib	APPROVED_MEDICINE	FDA Approved	Small Molecule
rhododendron-tomentosum-leafy-twig	BOTANICAL_OR_ORGANISM_PREPARATION	Non-FDA / Dietary Supplement	Nutraceutical / Botanical
octanol	SUPPLEMENT_INGREDIENT	Non-FDA / Dietary Supplement	Nutraceutical / Botanical
atidarsagene-autotemcel	INVESTIGATIONAL_MEDICINE	Pre-clinical / Open Source	CRISPR / Gene Therapy
garden-snail-mucin	MARKETED_PRODUCT_INGREDIENT	FDA Approved	Small Molecule
mangifera-indica-leaf	OFF_LABEL_OR_COMPOUNDED	Off-Label / Compounded	Nutraceutical / Botanical
buckwheat	SUPPLEMENT_INGREDIENT	Non-FDA / Dietary Supplement	Nutraceutical / Botanical
repository-corticotropin	APPROVED_MEDICINE	FDA Approved	Small Molecule
solanum-indicum	BOTANICAL_OR_ORGANISM_PREPARATION	Non-FDA / Dietary Supplement	Nutraceutical / Botanical
romidepsin	APPROVED_MEDICINE	FDA Approved	Small Molecule
tilia-x-europaea-flower	BOTANICAL_OR_ORGANISM_PREPARATION	Non-FDA / Dietary Supplement	Nutraceutical / Botanical
buglossoides-arvensis	BOTANICAL_OR_ORGANISM_PREPARATION	Non-FDA / Dietary Supplement	Nutraceutical / Botanical
fadogia-agrestis	BOTANICAL_OR_ORGANISM_PREPARATION	Non-FDA / Dietary Supplement	Nutraceutical / Botanical
mushrooms	SUPPLEMENT_INGREDIENT	Non-FDA / Dietary Supplement	Nutraceutical / Botanical
remimazolam	APPROVED_MEDICINE	FDA Approved	Small Molecule
rhodocactus-grandifolius-whole	MARKETED_PRODUCT_INGREDIENT	Non-FDA / Dietary Supplement	Nutraceutical / Botanical
coltsfoot	BOTANICAL_OR_ORGANISM_PREPARATION	Non-FDA / Dietary Supplement	Nutraceutical / Botanical
repaglinide	APPROVED_MEDICINE	FDA Approved	Small Molecule
reslizumab	APPROVED_BIOLOGIC	FDA Approved	Monoclonal Antibody (mAb)
magnesium-nitrite	SUPPLEMENT_INGREDIENT	Non-FDA / Dietary Supplement	Nutraceutical / Botanical
pazopanib	APPROVED_MEDICINE	FDA Approved	Small Molecule
rheum-officinale-root	BOTANICAL_OR_ORGANISM_PREPARATION	Non-FDA / Dietary Supplement	Nutraceutical / Botanical
risedronate	APPROVED_MEDICINE	FDA Approved	Small Molecule
retifanlimab-dlwr	APPROVED_BIOLOGIC	FDA Approved	Recombinant Protein / Biologic
rabies-virus	BOTANICAL_OR_ORGANISM_PREPARATION	Non-FDA / Dietary Supplement	Nutraceutical / Botanical
calendula-officinalis-flowering-top	BOTANICAL_OR_ORGANISM_PREPARATION	Non-FDA / Dietary Supplement	Nutraceutical / Botanical
crataegus-oxyacantha-leaf	BOTANICAL_OR_ORGANISM_PREPARATION	Non-FDA / Dietary Supplement	Nutraceutical / Botanical
pseudostellaria	BOTANICAL_OR_ORGANISM_PREPARATION	Non-FDA / Dietary Supplement	Nutraceutical / Botanical
methenamine-mandelate	OFF_LABEL_OR_COMPOUNDED	Off-Label / Compounded	Small Molecule
benoxinate	APPROVED_MEDICINE	FDA Approved	Small Molecule
magnesium-carbonate-hydroxide	SUPPLEMENT_INGREDIENT	Non-FDA / Dietary Supplement	Nutraceutical / Botanical
titanium-oxysulfate	MARKETED_PRODUCT_INGREDIENT	Non-FDA / Dietary Supplement	Nutraceutical / Botanical
rhamnus-cathartica-bark	OFF_LABEL_OR_COMPOUNDED	Off-Label / Compounded	Nutraceutical / Botanical
ribes-nigrum-flower-bud	MARKETED_PRODUCT_INGREDIENT	Non-FDA / Dietary Supplement	Nutraceutical / Botanical
mimulus-ringens-whole	BOTANICAL_OR_ORGANISM_PREPARATION	Non-FDA / Dietary Supplement	Nutraceutical / Botanical
ribavirin	APPROVED_MEDICINE	FDA Approved	Small Molecule
arginine-silicate-inositol	SUPPLEMENT_INGREDIENT	Non-FDA / Dietary Supplement	Nutraceutical / Botanical
jobs-tears	BOTANICAL_OR_ORGANISM_PREPARATION	Non-FDA / Dietary Supplement	Nutraceutical / Botanical
taraxacum-sinicum-whole	BOTANICAL_OR_ORGANISM_PREPARATION	Non-FDA / Dietary Supplement	Nutraceutical / Botanical
risedronate-sodium-hemi-pentahydrate	INVESTIGATIONAL_MEDICINE	Pre-clinical / Open Source	Small Molecule
buttermilk	SUPPLEMENT_INGREDIENT	Non-FDA / Dietary Supplement	Nutraceutical / Botanical
new-zealand-green-lipped-mussel	SUPPLEMENT_INGREDIENT	Non-FDA / Dietary Supplement	Nutraceutical / Botanical
artemisia-ludoviciana-pollen	BOTANICAL_OR_ORGANISM_PREPARATION	Non-FDA / Dietary Supplement	Nutraceutical / Botanical
new-jersey-tea	SUPPLEMENT_INGREDIENT	Non-FDA / Dietary Supplement	Nutraceutical / Botanical
persimmon	SUPPLEMENT_INGREDIENT	Non-FDA / Dietary Supplement	Nutraceutical / Botanical
salvia-rosmarinus-flower	BOTANICAL_OR_ORGANISM_PREPARATION	Non-FDA / Dietary Supplement	Nutraceutical / Botanical
mastic	BOTANICAL_OR_ORGANISM_PREPARATION	Non-FDA / Dietary Supplement	Nutraceutical / Botanical
oat	SUPPLEMENT_INGREDIENT	Non-FDA / Dietary Supplement	Nutraceutical / Botanical
polycyclic-aromatic-hydrocarbons	SUPPLEMENT_INGREDIENT	Non-FDA / Dietary Supplement	Nutraceutical / Botanical
rilpivirine	APPROVED_MEDICINE	FDA Approved	Small Molecule
ash	SUPPLEMENT_INGREDIENT	Non-FDA / Dietary Supplement	Nutraceutical / Botanical
c13-14-isoparaffin	MARKETED_PRODUCT_INGREDIENT	FDA Approved	Small Molecule
calluna-vulgaris-whole	BOTANICAL_OR_ORGANISM_PREPARATION	Non-FDA / Dietary Supplement	Nutraceutical / Botanical
astragalus-crassicarpus-whole	BOTANICAL_OR_ORGANISM_PREPARATION	Non-FDA / Dietary Supplement	Nutraceutical / Botanical
oenanthe-crocata-whole	BOTANICAL_OR_ORGANISM_PREPARATION	Non-FDA / Dietary Supplement	Nutraceutical / Botanical
latanoprost	APPROVED_MEDICINE	FDA Approved	Small Molecule
rimantadine	APPROVED_MEDICINE	FDA Approved	Small Molecule
cactus	SUPPLEMENT_INGREDIENT	Non-FDA / Dietary Supplement	Nutraceutical / Botanical
astragalus-propinquus-root	BOTANICAL_OR_ORGANISM_PREPARATION	Non-FDA / Dietary Supplement	Nutraceutical / Botanical
jujube-seed	MARKETED_PRODUCT_INGREDIENT	FDA Approved	Small Molecule
melia	BOTANICAL_OR_ORGANISM_PREPARATION	Non-FDA / Dietary Supplement	Nutraceutical / Botanical
risankizumab	INVESTIGATIONAL_MEDICINE	Pre-clinical / Open Source	Monoclonal Antibody (mAb)
rosa-canina-fruit	BOTANICAL_OR_ORGANISM_PREPARATION	Non-FDA / Dietary Supplement	Nutraceutical / Botanical
larrea-tridentata-leaf	BOTANICAL_OR_ORGANISM_PREPARATION	Non-FDA / Dietary Supplement	Nutraceutical / Botanical
saururus-chinensis-flower	MARKETED_PRODUCT_INGREDIENT	FDA Approved	Nutraceutical / Botanical
carpinus-betulus-flower	BOTANICAL_OR_ORGANISM_PREPARATION	Non-FDA / Dietary Supplement	Nutraceutical / Botanical
green-onion	SUPPLEMENT_INGREDIENT	Non-FDA / Dietary Supplement	Nutraceutical / Botanical
passionfruit	SUPPLEMENT_INGREDIENT	Non-FDA / Dietary Supplement	Nutraceutical / Botanical
desogestrel	APPROVED_MEDICINE	FDA Approved	Small Molecule
ripretinib	APPROVED_MEDICINE	FDA Approved	Small Molecule
ropeginterferon-alfa-2b-njft	APPROVED_BIOLOGIC	FDA Approved	Recombinant Protein / Biologic
mercurous-iodide	SUPPLEMENT_INGREDIENT	Non-FDA / Dietary Supplement	Nutraceutical / Botanical
romiplostim	APPROVED_BIOLOGIC	FDA Approved	Recombinant Protein / Biologic
ruehssia-cundurango-bark	MARKETED_PRODUCT_INGREDIENT	Non-FDA / Dietary Supplement	Nutraceutical / Botanical
pyridoxine-alpha-ketoglutarate	SUPPLEMENT_INGREDIENT	Non-FDA / Dietary Supplement	Nutraceutical / Botanical
ming-dang-shen	SUPPLEMENT_INGREDIENT	Non-FDA / Dietary Supplement	Nutraceutical / Botanical
roflumilast	APPROVED_MEDICINE	FDA Approved	Small Molecule
salsolinol	MARKETED_PRODUCT_INGREDIENT	Non-FDA / Dietary Supplement	Nutraceutical / Botanical
cajeput	SUPPLEMENT_INGREDIENT	Non-FDA / Dietary Supplement	Nutraceutical / Botanical
ropeginterferon-alfa-2b	INVESTIGATIONAL_MEDICINE	Pre-clinical / Open Source	Recombinant Protein / Biologic
rubus-fruticosus-leaf	BOTANICAL_OR_ORGANISM_PREPARATION	Non-FDA / Dietary Supplement	Nutraceutical / Botanical
polygala-senega-whole	BOTANICAL_OR_ORGANISM_PREPARATION	Non-FDA / Dietary Supplement	Nutraceutical / Botanical
rosa-canina-leaf	BOTANICAL_OR_ORGANISM_PREPARATION	Non-FDA / Dietary Supplement	Nutraceutical / Botanical
rubus-idaeus-leaf	BOTANICAL_OR_ORGANISM_PREPARATION	Non-FDA / Dietary Supplement	Nutraceutical / Botanical
polygonum-aviculare-whole	BOTANICAL_OR_ORGANISM_PREPARATION	Non-FDA / Dietary Supplement	Nutraceutical / Botanical
rosa-canina-whole	BOTANICAL_OR_ORGANISM_PREPARATION	Non-FDA / Dietary Supplement	Nutraceutical / Botanical
rufinamide	APPROVED_MEDICINE	FDA Approved	Small Molecule
festuca-pratensis-pollen	BOTANICAL_OR_ORGANISM_PREPARATION	Non-FDA / Dietary Supplement	Nutraceutical / Botanical
salix-alba-flowering-top	BOTANICAL_OR_ORGANISM_PREPARATION	Non-FDA / Dietary Supplement	Nutraceutical / Botanical
rozanolixizumab	INVESTIGATIONAL_MEDICINE	Pre-clinical / Open Source	Monoclonal Antibody (mAb)
salix-alba-bark	BOTANICAL_OR_ORGANISM_PREPARATION	Non-FDA / Dietary Supplement	Nutraceutical / Botanical
sars-cov	MARKETED_PRODUCT_INGREDIENT	Non-FDA / Dietary Supplement	Nutraceutical / Botanical
oregano-leaf-oil	SUPPLEMENT_INGREDIENT	Non-FDA / Dietary Supplement	Nutraceutical / Botanical
flavanones	SUPPLEMENT_INGREDIENT	Non-FDA / Dietary Supplement	Nutraceutical / Botanical
pacific-yew	BOTANICAL_OR_ORGANISM_PREPARATION	Non-FDA / Dietary Supplement	Nutraceutical / Botanical
rauvolfia-vomitoria	BOTANICAL_OR_ORGANISM_PREPARATION	Non-FDA / Dietary Supplement	Nutraceutical / Botanical
centella-asiatica	APPROVED_MEDICINE	FDA Approved	Nutraceutical / Botanical
ropinirole	APPROVED_MEDICINE	FDA Approved	Small Molecule
streptococcus-pneumoniae-type-8-capsular-polysaccharide-antigen	INVESTIGATIONAL_MEDICINE	Pre-clinical / Open Source	Recombinant Protein / Biologic
raspberry-ketone	SUPPLEMENT_INGREDIENT	Non-FDA / Dietary Supplement	Nutraceutical / Botanical
rotigotine	APPROVED_MEDICINE	FDA Approved	Small Molecule
molasses	SUPPLEMENT_INGREDIENT	Non-FDA / Dietary Supplement	Nutraceutical / Botanical
sus-scrofa-rectal-mucosa	MARKETED_PRODUCT_INGREDIENT	Non-FDA / Dietary Supplement	Nutraceutical / Botanical
rumex-crispus-root	BOTANICAL_OR_ORGANISM_PREPARATION	Non-FDA / Dietary Supplement	Nutraceutical / Botanical
sambucus-nigra-flowering-top	BOTANICAL_OR_ORGANISM_PREPARATION	Non-FDA / Dietary Supplement	Nutraceutical / Botanical
populus-deltoides-pollen	BOTANICAL_OR_ORGANISM_PREPARATION	Non-FDA / Dietary Supplement	Nutraceutical / Botanical
sarsaparilla	SUPPLEMENT_INGREDIENT	Non-FDA / Dietary Supplement	Nutraceutical / Botanical
saccharomyces-cerevisiae	BOTANICAL_OR_ORGANISM_PREPARATION	Non-FDA / Dietary Supplement	Nutraceutical / Botanical
vanilla	SUPPLEMENT_INGREDIENT	Non-FDA / Dietary Supplement	Nutraceutical / Botanical
saffron	SUPPLEMENT_INGREDIENT	Non-FDA / Dietary Supplement	Nutraceutical / Botanical
n-acetyl-carnosine	SUPPLEMENT_INGREDIENT	Non-FDA / Dietary Supplement	Nutraceutical / Botanical
pine-needle-oil	SUPPLEMENT_INGREDIENT	Non-FDA / Dietary Supplement	Nutraceutical / Botanical
comb	SUPPLEMENT_INGREDIENT	Non-FDA / Dietary Supplement	Nutraceutical / Botanical
sacubitril	APPROVED_MEDICINE	FDA Approved	Small Molecule
serine	SUPPLEMENT_INGREDIENT	Non-FDA / Dietary Supplement	Nutraceutical / Botanical
chanca-piedra	SUPPLEMENT_INGREDIENT	Non-FDA / Dietary Supplement	Nutraceutical / Botanical
sargramostim	APPROVED_BIOLOGIC	FDA Approved	Recombinant Protein / Biologic
boric-acid	APPROVED_MEDICINE	FDA Approved	Nutraceutical / Botanical
populus-tristis-pollen	SUPPLEMENT_INGREDIENT	Non-FDA / Dietary Supplement	Nutraceutical / Botanical
montanoa-tomentosa	BOTANICAL_OR_ORGANISM_PREPARATION	Non-FDA / Dietary Supplement	Nutraceutical / Botanical
pectin-cellulose	SUPPLEMENT_INGREDIENT	Non-FDA / Dietary Supplement	Nutraceutical / Botanical
ruxolitinib	APPROVED_MEDICINE	FDA Approved	Small Molecule
sanguisorba	BOTANICAL_OR_ORGANISM_PREPARATION	Non-FDA / Dietary Supplement	Nutraceutical / Botanical
salsalate	OFF_LABEL_OR_COMPOUNDED	Off-Label / Compounded	Small Molecule
sequoiadendron-giganteum-whole	BOTANICAL_OR_ORGANISM_PREPARATION	Non-FDA / Dietary Supplement	Nutraceutical / Botanical
influenza-b-virus-b-austria-1359417-2021-bvr-26-antigen	SUPPLEMENT_INGREDIENT	Non-FDA / Dietary Supplement	Nutraceutical / Botanical
senna	BOTANICAL_OR_ORGANISM_PREPARATION	Non-FDA / Dietary Supplement	Nutraceutical / Botanical
samidorphan-l-malate	APPROVED_MEDICINE	FDA Approved	Small Molecule
bladder	SUPPLEMENT_INGREDIENT	Non-FDA / Dietary Supplement	Nutraceutical / Botanical
sapropterin	APPROVED_MEDICINE	FDA Approved	Small Molecule
selenicereus-grandiflorus-stem	BOTANICAL_OR_ORGANISM_PREPARATION	Non-FDA / Dietary Supplement	Nutraceutical / Botanical
tamarix-gallica-pollen	BOTANICAL_OR_ORGANISM_PREPARATION	Non-FDA / Dietary Supplement	Nutraceutical / Botanical
echothiophate	APPROVED_MEDICINE	FDA Approved	Small Molecule
ponasterone	SUPPLEMENT_INGREDIENT	Non-FDA / Dietary Supplement	Nutraceutical / Botanical
sarecycline	APPROVED_MEDICINE	FDA Approved	Small Molecule
rhamnus-nakaharai	SUPPLEMENT_INGREDIENT	Non-FDA / Dietary Supplement	Nutraceutical / Botanical
policosanol	SUPPLEMENT_INGREDIENT	Non-FDA / Dietary Supplement	Nutraceutical / Botanical
scrophularia-nodosa-whole	BOTANICAL_OR_ORGANISM_PREPARATION	Non-FDA / Dietary Supplement	Nutraceutical / Botanical
serdexmethylphenidate	APPROVED_MEDICINE	FDA Approved	Small Molecule
cefixime	APPROVED_MEDICINE	FDA Approved	Small Molecule
sinapis-arvensis-flowering-fruiting-top	MARKETED_PRODUCT_INGREDIENT	Non-FDA / Dietary Supplement	Nutraceutical / Botanical
secretin-human	INVESTIGATIONAL_MEDICINE	Pre-clinical / Open Source	Small Molecule
ornithine-ketoglutarate	SUPPLEMENT_INGREDIENT	Non-FDA / Dietary Supplement	Nutraceutical / Botanical
sepia-officinalis-juice	BOTANICAL_OR_ORGANISM_PREPARATION	Non-FDA / Dietary Supplement	Nutraceutical / Botanical
cefmetazole	APPROVED_MEDICINE	FDA Approved	Small Molecule
phytolacca-americana-fruit	BOTANICAL_OR_ORGANISM_PREPARATION	Non-FDA / Dietary Supplement	Nutraceutical / Botanical
senna-leaf	BOTANICAL_OR_ORGANISM_PREPARATION	Non-FDA / Dietary Supplement	Nutraceutical / Botanical
mucuna-pruriens-seed	BOTANICAL_OR_ORGANISM_PREPARATION	Non-FDA / Dietary Supplement	Nutraceutical / Botanical
taraxacum-officinale-pollen	BOTANICAL_OR_ORGANISM_PREPARATION	Non-FDA / Dietary Supplement	Nutraceutical / Botanical
estrogens-conjugated-synthetic-a	APPROVED_MEDICINE	FDA Approved	Small Molecule
selumetinib	APPROVED_MEDICINE	FDA Approved	Small Molecule
estrone	APPROVED_MEDICINE	FDA Approved	Small Molecule
selpercatinib	APPROVED_MEDICINE	FDA Approved	Small Molecule
shark-cartilage	SUPPLEMENT_INGREDIENT	Non-FDA / Dietary Supplement	Nutraceutical / Botanical
ceramide-np	APPROVED_MEDICINE	FDA Approved	Small Molecule
methylene-bis-benzotriazolyl-tetramethylbutylphenol	MARKETED_PRODUCT_INGREDIENT	FDA Approved	Small Molecule
rose-geranium-oil	BOTANICAL_OR_ORGANISM_PREPARATION	Non-FDA / Dietary Supplement	Nutraceutical / Botanical
etanercept-ykro	APPROVED_BIOLOGIC	FDA Approved	Recombinant Protein / Biologic
mentha-pulegium-whole	BOTANICAL_OR_ORGANISM_PREPARATION	Non-FDA / Dietary Supplement	Nutraceutical / Botanical
nerium-oleander-whole	BOTANICAL_OR_ORGANISM_PREPARATION	Non-FDA / Dietary Supplement	Nutraceutical / Botanical
symphytum-officinale-whole	MARKETED_PRODUCT_INGREDIENT	FDA Approved	Nutraceutical / Botanical
eteplirsen	APPROVED_BIOLOGIC	Accelerated Approval	ASO (Antisense Oligonucleotide)
silicon	SUPPLEMENT_INGREDIENT	Non-FDA / Dietary Supplement	Nutraceutical / Botanical
ip-6	SUPPLEMENT_INGREDIENT	Non-FDA / Dietary Supplement	Nutraceutical / Botanical
silver	APPROVED_MEDICINE	FDA Approved	Nutraceutical / Botanical
petasin	SUPPLEMENT_INGREDIENT	Non-FDA / Dietary Supplement	Nutraceutical / Botanical
allenrolfea-occidentalis-pollen	INVESTIGATIONAL_MEDICINE	Pre-clinical / Open Source	Nutraceutical / Botanical
petiveria	BOTANICAL_OR_ORGANISM_PREPARATION	Non-FDA / Dietary Supplement	Nutraceutical / Botanical
silver-cation	APPROVED_MEDICINE	FDA Approved	Small Molecule
ethylene-dibromide	SUPPLEMENT_INGREDIENT	Non-FDA / Dietary Supplement	Nutraceutical / Botanical
damask-rose	BOTANICAL_OR_ORGANISM_PREPARATION	Non-FDA / Dietary Supplement	Nutraceutical / Botanical
pozelimab	INVESTIGATIONAL_MEDICINE	Pre-clinical / Open Source	Monoclonal Antibody (mAb)
simaba-cedron-seed	BOTANICAL_OR_ORGANISM_PREPARATION	Non-FDA / Dietary Supplement	Nutraceutical / Botanical
sodium-ferric-gluconate-complex	APPROVED_MEDICINE	FDA Approved	Small Molecule
bordetella-pertussis-fimbriae-2-3-antigen	INVESTIGATIONAL_MEDICINE	Pre-clinical / Open Source	Recombinant Protein / Biologic
interleukin-3	MARKETED_PRODUCT_INGREDIENT	Non-FDA / Dietary Supplement	Nutraceutical / Botanical
silver-sulfadiazine	APPROVED_MEDICINE	FDA Approved	Small Molecule
chicken-skin-cooked	BOTANICAL_OR_ORGANISM_PREPARATION	Non-FDA / Dietary Supplement	Nutraceutical / Botanical
silodosin	APPROVED_MEDICINE	FDA Approved	Small Molecule
sitagliptin-and-metformin	COMBINATION_PRODUCT	FDA Approved	Small Molecule
madagascar-periwinkle	BOTANICAL_OR_ORGANISM_PREPARATION	Non-FDA / Dietary Supplement	Nutraceutical / Botanical
allspice	BOTANICAL_OR_ORGANISM_PREPARATION	Non-FDA / Dietary Supplement	Nutraceutical / Botanical
pancreatin	SUPPLEMENT_INGREDIENT	Non-FDA / Dietary Supplement	Nutraceutical / Botanical
poppy-seed	SUPPLEMENT_INGREDIENT	Non-FDA / Dietary Supplement	Nutraceutical / Botanical
sincalide	APPROVED_MEDICINE	FDA Approved	Small Molecule
sodium-benzoate	APPROVED_MEDICINE	FDA Approved	Small Molecule
calcium-glycerol-gluconate	SUPPLEMENT_INGREDIENT	Non-FDA / Dietary Supplement	Nutraceutical / Botanical
oriental-arborvitae	SUPPLEMENT_INGREDIENT	Non-FDA / Dietary Supplement	Nutraceutical / Botanical
calotropis-gigantea	BOTANICAL_OR_ORGANISM_PREPARATION	Non-FDA / Dietary Supplement	Nutraceutical / Botanical
siponimod	APPROVED_MEDICINE	FDA Approved	Small Molecule
sodium-bicarbonate	APPROVED_MEDICINE	FDA Approved	Small Molecule
gibberella-fujikuroi	BOTANICAL_OR_ORGANISM_PREPARATION	Non-FDA / Dietary Supplement	Nutraceutical / Botanical
senna-pods	OFF_LABEL_OR_COMPOUNDED	Off-Label / Compounded	Small Molecule
pentetate-calcium-trisodium	APPROVED_MEDICINE	FDA Approved	Small Molecule
camellia-sinensis	BOTANICAL_OR_ORGANISM_PREPARATION	Non-FDA / Dietary Supplement	Nutraceutical / Botanical
caffeic-acid-analog	SUPPLEMENT_INGREDIENT	Non-FDA / Dietary Supplement	Nutraceutical / Botanical
glycosaponin	SUPPLEMENT_INGREDIENT	Non-FDA / Dietary Supplement	Nutraceutical / Botanical
moschus-moschiferus-musk-sac-resin	SUPPLEMENT_INGREDIENT	Non-FDA / Dietary Supplement	Nutraceutical / Botanical
eucalyptus-globulus-leaf	APPROVED_MEDICINE	FDA Approved	Nutraceutical / Botanical
ferrum-phosphoricum	SUPPLEMENT_INGREDIENT	Non-FDA / Dietary Supplement	Nutraceutical / Botanical
sodium-chlorite	OFF_LABEL_OR_COMPOUNDED	Off-Label / Compounded	Small Molecule
mus-musculus-hair	BOTANICAL_OR_ORGANISM_PREPARATION	Non-FDA / Dietary Supplement	Nutraceutical / Botanical
ethylhexyl-methoxycinnamate	APPROVED_MEDICINE	FDA Approved	Small Molecule
pseudotsuga-menziesii-resin	BOTANICAL_OR_ORGANISM_PREPARATION	Non-FDA / Dietary Supplement	Nutraceutical / Botanical
mirdametinib	APPROVED_MEDICINE	FDA Approved	Small Molecule
sodium-citrate	APPROVED_MEDICINE	FDA Approved	Small Molecule
trillium-chloropetalum-whole	BOTANICAL_OR_ORGANISM_PREPARATION	Non-FDA / Dietary Supplement	Nutraceutical / Botanical
sodium-picosulfate	APPROVED_MEDICINE	FDA Approved	Small Molecule
sodium-iodide-i-123	APPROVED_MEDICINE	FDA Approved	Small Molecule
sulopenem-etzadroxil	APPROVED_MEDICINE	FDA Approved	Small Molecule
sus-scrofa-pituitary-gland	MARKETED_PRODUCT_INGREDIENT	Non-FDA / Dietary Supplement	Nutraceutical / Botanical
zingiber-officinale-whole	BOTANICAL_OR_ORGANISM_PREPARATION	Non-FDA / Dietary Supplement	Nutraceutical / Botanical
sodium-monofluorophosphate	APPROVED_MEDICINE	FDA Approved	Small Molecule
tenofovir-disoproxil	APPROVED_MEDICINE	FDA Approved	Small Molecule
sodium-nitrate	SUPPLEMENT_INGREDIENT	Non-FDA / Dietary Supplement	Recombinant Protein / Biologic
candelilla	BOTANICAL_OR_ORGANISM_PREPARATION	Non-FDA / Dietary Supplement	Nutraceutical / Botanical
mustard-greens	SUPPLEMENT_INGREDIENT	Non-FDA / Dietary Supplement	Nutraceutical / Botanical
sodium-polystyrene-sulfonate	APPROVED_MEDICINE	FDA Approved	Small Molecule
dipyridamole	APPROVED_MEDICINE	FDA Approved	Small Molecule
isothiocyanate	SUPPLEMENT_INGREDIENT	Non-FDA / Dietary Supplement	Nutraceutical / Botanical
sodium-nitrite	APPROVED_MEDICINE	FDA Approved	Small Molecule
cochliobolus-spicifer	BOTANICAL_OR_ORGANISM_PREPARATION	Non-FDA / Dietary Supplement	Nutraceutical / Botanical
gliocladium-viride	INVESTIGATIONAL_MEDICINE	Pre-clinical / Open Source	Nutraceutical / Botanical
cinchona	BOTANICAL_OR_ORGANISM_PREPARATION	Non-FDA / Dietary Supplement	Nutraceutical / Botanical
sodium-phosphate-dibasic	APPROVED_MEDICINE	FDA Approved	Small Molecule
starch-rice	MARKETED_PRODUCT_INGREDIENT	FDA Approved	Nutraceutical / Botanical
sotorasib	APPROVED_MEDICINE	FDA Approved	Small Molecule
naringenin	SUPPLEMENT_INGREDIENT	Non-FDA / Dietary Supplement	Nutraceutical / Botanical
sodium-pyrophosphate	APPROVED_MEDICINE	FDA Approved	Small Molecule
thuja-occidentalis-whole	APPROVED_MEDICINE	FDA Approved	Nutraceutical / Botanical
promazine	APPROVED_MEDICINE	FDA Approved	Small Molecule
human-hepatocyte-growth-factor	OFF_LABEL_OR_COMPOUNDED	Off-Label / Compounded	Small Molecule
nedocromil	APPROVED_MEDICINE	FDA Approved	Small Molecule
solriamfetol	APPROVED_MEDICINE	FDA Approved	Small Molecule
somapacitan-beco	APPROVED_BIOLOGIC	FDA Approved	Recombinant Protein / Biologic
sotalol	APPROVED_MEDICINE	FDA Approved	Small Molecule
quercus-garryana-whole	BOTANICAL_OR_ORGANISM_PREPARATION	Non-FDA / Dietary Supplement	Nutraceutical / Botanical
streptococcus-pyogenes	BOTANICAL_OR_ORGANISM_PREPARATION	Non-FDA / Dietary Supplement	Nutraceutical / Botanical
sus-scrofa-bone-marrow	SUPPLEMENT_INGREDIENT	Non-FDA / Dietary Supplement	Nutraceutical / Botanical
somatrogon	INVESTIGATIONAL_MEDICINE	Pre-clinical / Open Source	Recombinant Protein / Biologic
sichuan-pepper	SUPPLEMENT_INGREDIENT	Non-FDA / Dietary Supplement	Nutraceutical / Botanical
sorafenib	APPROVED_MEDICINE	FDA Approved	Small Molecule
ericameria-nauseosa-whole	BOTANICAL_OR_ORGANISM_PREPARATION	Non-FDA / Dietary Supplement	Nutraceutical / Botanical
st-johns-wort	SUPPLEMENT_INGREDIENT	Non-FDA / Dietary Supplement	Nutraceutical / Botanical
piper-chaba	BOTANICAL_OR_ORGANISM_PREPARATION	Non-FDA / Dietary Supplement	Nutraceutical / Botanical
juniper-berry	SUPPLEMENT_INGREDIENT	Non-FDA / Dietary Supplement	Nutraceutical / Botanical
starch-corn	APPROVED_MEDICINE	FDA Approved	Small Molecule
lamb	SUPPLEMENT_INGREDIENT	Non-FDA / Dietary Supplement	Nutraceutical / Botanical
quercus-rubra-whole	BOTANICAL_OR_ORGANISM_PREPARATION	Non-FDA / Dietary Supplement	Nutraceutical / Botanical
bleomycin	APPROVED_MEDICINE	FDA Approved	Small Molecule
bromyl-7-glycosylated-bromelain	SUPPLEMENT_INGREDIENT	Non-FDA / Dietary Supplement	Nutraceutical / Botanical
spigelia	BOTANICAL_OR_ORGANISM_PREPARATION	Non-FDA / Dietary Supplement	Nutraceutical / Botanical
pueraria-montana-var-lobata-whole	BOTANICAL_OR_ORGANISM_PREPARATION	Non-FDA / Dietary Supplement	Nutraceutical / Botanical
iris-missouriensis-whole	BOTANICAL_OR_ORGANISM_PREPARATION	Non-FDA / Dietary Supplement	Nutraceutical / Botanical
stannous	INVESTIGATIONAL_MEDICINE	Pre-clinical / Open Source	Small Molecule
longan	BOTANICAL_OR_ORGANISM_PREPARATION	Non-FDA / Dietary Supplement	Nutraceutical / Botanical
palm-kernel-oil	MARKETED_PRODUCT_INGREDIENT	FDA Approved	Small Molecule
bifobacterium	SUPPLEMENT_INGREDIENT	Non-FDA / Dietary Supplement	Nutraceutical / Botanical
stiripentol	APPROVED_MEDICINE	FDA Approved	Small Molecule
sumatriptan	APPROVED_MEDICINE	FDA Approved	Small Molecule
oxyphencyclimine	APPROVED_MEDICINE	FDA Approved	Small Molecule
strychnos-nux-vomica-seed	BOTANICAL_OR_ORGANISM_PREPARATION	Non-FDA / Dietary Supplement	Nutraceutical / Botanical
neurotensin	MARKETED_PRODUCT_INGREDIENT	Non-FDA / Dietary Supplement	Nutraceutical / Botanical
sweet-cherry	BOTANICAL_OR_ORGANISM_PREPARATION	Non-FDA / Dietary Supplement	Nutraceutical / Botanical
lemongrass	SUPPLEMENT_INGREDIENT	Non-FDA / Dietary Supplement	Nutraceutical / Botanical
stenabolic	INVESTIGATIONAL_MEDICINE	Pre-clinical / Open Source	Small Molecule
atenolol	APPROVED_MEDICINE	FDA Approved	Small Molecule
quinethazone	APPROVED_MEDICINE	FDA Approved	Small Molecule
sturgeon-unspecified	OFF_LABEL_OR_COMPOUNDED	Off-Label / Compounded	Small Molecule
ammi-visnaga-fruit	BOTANICAL_OR_ORGANISM_PREPARATION	Non-FDA / Dietary Supplement	Nutraceutical / Botanical
bulbous-buttercup	SUPPLEMENT_INGREDIENT	Non-FDA / Dietary Supplement	Nutraceutical / Botanical
strychnos-ignatii-seed	BOTANICAL_OR_ORGANISM_PREPARATION	Non-FDA / Dietary Supplement	Nutraceutical / Botanical
sulfamethoxazole	APPROVED_MEDICINE	FDA Approved	Small Molecule
sus-scrofa-mammary-gland	MARKETED_PRODUCT_INGREDIENT	Non-FDA / Dietary Supplement	Nutraceutical / Botanical
rifamycin	APPROVED_MEDICINE	FDA Approved	Small Molecule
sucralfate	APPROVED_MEDICINE	FDA Approved	Small Molecule
zirconium-iodide	MARKETED_PRODUCT_INGREDIENT	Non-FDA / Dietary Supplement	Nutraceutical / Botanical
crovalimab-akkz	APPROVED_BIOLOGIC	FDA Approved	Recombinant Protein / Biologic
succinic-acid	SUPPLEMENT_INGREDIENT	Non-FDA / Dietary Supplement	Nutraceutical / Botanical
tea-tree-oil	APPROVED_MEDICINE	FDA Approved	Nutraceutical / Botanical
sulfuric-acid	SUPPLEMENT_INGREDIENT	Non-FDA / Dietary Supplement	Nutraceutical / Botanical
eucommia	BOTANICAL_OR_ORGANISM_PREPARATION	Non-FDA / Dietary Supplement	Nutraceutical / Botanical
reynoutria-multiflora-root	MARKETED_PRODUCT_INGREDIENT	FDA Approved	Nutraceutical / Botanical
niclosamide	APPROVED_MEDICINE	FDA Approved	Small Molecule
norgestimate	APPROVED_MEDICINE	FDA Approved	Small Molecule
sus-scrofa-pituitary-gland-posterior	MARKETED_PRODUCT_INGREDIENT	Non-FDA / Dietary Supplement	Nutraceutical / Botanical
tagraxofusp	INVESTIGATIONAL_MEDICINE	Pre-clinical / Open Source	Recombinant Protein / Biologic
boron-citrate	SUPPLEMENT_INGREDIENT	Non-FDA / Dietary Supplement	Nutraceutical / Botanical
streptococcus-agalactiae	BOTANICAL_OR_ORGANISM_PREPARATION	Non-FDA / Dietary Supplement	Nutraceutical / Botanical
polyaminopropyl-biguanide	MARKETED_PRODUCT_INGREDIENT	FDA Approved	Small Molecule
eugenol	APPROVED_MEDICINE	FDA Approved	Nutraceutical / Botanical
sus-scrofa-thymus	BOTANICAL_OR_ORGANISM_PREPARATION	Non-FDA / Dietary Supplement	Nutraceutical / Botanical
mycoplasma-pneumoniae-dna	SUPPLEMENT_INGREDIENT	Non-FDA / Dietary Supplement	Nutraceutical / Botanical
polygala	BOTANICAL_OR_ORGANISM_PREPARATION	Non-FDA / Dietary Supplement	Nutraceutical / Botanical
methyltestosterone	APPROVED_MEDICINE	FDA Approved	Small Molecule
sutimlimab-jome	APPROVED_BIOLOGIC	FDA Approved	Recombinant Protein / Biologic
populus-alba-whole	BOTANICAL_OR_ORGANISM_PREPARATION	Non-FDA / Dietary Supplement	Nutraceutical / Botanical
suvorexant	APPROVED_MEDICINE	FDA Approved	Small Molecule
tea-salicylate	OFF_LABEL_OR_COMPOUNDED	Off-Label / Compounded	Small Molecule
quercus-agrifolia-whole	BOTANICAL_OR_ORGANISM_PREPARATION	Non-FDA / Dietary Supplement	Nutraceutical / Botanical
camelus-bactrianus-hair	BOTANICAL_OR_ORGANISM_PREPARATION	Non-FDA / Dietary Supplement	Nutraceutical / Botanical
rhododendron	BOTANICAL_OR_ORGANISM_PREPARATION	Non-FDA / Dietary Supplement	Nutraceutical / Botanical
alpha-tocopherol	APPROVED_MEDICINE	FDA Approved	Nutraceutical / Botanical
symphoricarpos-albus-fruit	BOTANICAL_OR_ORGANISM_PREPARATION	Non-FDA / Dietary Supplement	Nutraceutical / Botanical
nuphar-luteum-root	SUPPLEMENT_INGREDIENT	Non-FDA / Dietary Supplement	Nutraceutical / Botanical
rosa-x-damascena-flowering-top	BOTANICAL_OR_ORGANISM_PREPARATION	Non-FDA / Dietary Supplement	Nutraceutical / Botanical
cilastatin	APPROVED_MEDICINE	FDA Approved	Small Molecule
indigo	SUPPLEMENT_INGREDIENT	Non-FDA / Dietary Supplement	Nutraceutical / Botanical
capers	SUPPLEMENT_INGREDIENT	Non-FDA / Dietary Supplement	Nutraceutical / Botanical
robusta-coffee	BOTANICAL_OR_ORGANISM_PREPARATION	Non-FDA / Dietary Supplement	Nutraceutical / Botanical
scleromitrion-diffusum-whole	BOTANICAL_OR_ORGANISM_PREPARATION	Non-FDA / Dietary Supplement	Nutraceutical / Botanical
tafasitamab	INVESTIGATIONAL_MEDICINE	Pre-clinical / Open Source	Monoclonal Antibody (mAb)
pulsatilla-vulgaris-whole	BOTANICAL_OR_ORGANISM_PREPARATION	Non-FDA / Dietary Supplement	Nutraceutical / Botanical
salix-purpurea-bark	BOTANICAL_OR_ORGANISM_PREPARATION	Non-FDA / Dietary Supplement	Nutraceutical / Botanical
tagraxofusp-erzs	APPROVED_BIOLOGIC	FDA Approved	Recombinant Protein / Biologic
taraxacum-officinale	BOTANICAL_OR_ORGANISM_PREPARATION	Non-FDA / Dietary Supplement	Nutraceutical / Botanical
cocoyl-methyl-monoethanolamine	OFF_LABEL_OR_COMPOUNDED	Off-Label / Compounded	Small Molecule
tamarix-gallica-whole	BOTANICAL_OR_ORGANISM_PREPARATION	Non-FDA / Dietary Supplement	Nutraceutical / Botanical
orchid	SUPPLEMENT_INGREDIENT	Non-FDA / Dietary Supplement	Nutraceutical / Botanical
neisseria-meningitidis-group-w-135-capsular-polysaccharide-tetanus-toxoid-conjugate-antigen	INVESTIGATIONAL_MEDICINE	Pre-clinical / Open Source	Recombinant Protein / Biologic
sarcobatus-vermiculatus-pollen	BOTANICAL_OR_ORGANISM_PREPARATION	Non-FDA / Dietary Supplement	Nutraceutical / Botanical
tazobactam	APPROVED_MEDICINE	FDA Approved	Small Molecule
dientamoeba-fragilis	BOTANICAL_OR_ORGANISM_PREPARATION	Non-FDA / Dietary Supplement	Nutraceutical / Botanical
sugarcane	SUPPLEMENT_INGREDIENT	Non-FDA / Dietary Supplement	Nutraceutical / Botanical
tenofovir-alafenamide	APPROVED_MEDICINE	FDA Approved	Small Molecule
tazarotene	APPROVED_MEDICINE	FDA Approved	Small Molecule
insulin-like-growth-factor-2	SUPPLEMENT_INGREDIENT	Non-FDA / Dietary Supplement	Recombinant Protein / Biologic
tapinarof	APPROVED_MEDICINE	FDA Approved	Small Molecule
ks-2-peptidomannan	SUPPLEMENT_INGREDIENT	Non-FDA / Dietary Supplement	Nutraceutical / Botanical
scabrous-gentian	SUPPLEMENT_INGREDIENT	Non-FDA / Dietary Supplement	Nutraceutical / Botanical
palm-leaf-raspberry	SUPPLEMENT_INGREDIENT	Non-FDA / Dietary Supplement	Nutraceutical / Botanical
sedum-roseum-root	BOTANICAL_OR_ORGANISM_PREPARATION	Non-FDA / Dietary Supplement	Nutraceutical / Botanical
tasimelteon	APPROVED_MEDICINE	FDA Approved	Small Molecule
concizumab-mtci	APPROVED_BIOLOGIC	FDA Approved	Recombinant Protein / Biologic
tebentafusp-tebn	APPROVED_BIOLOGIC	FDA Approved	Recombinant Protein / Biologic
cavia-porcellus-whole	BOTANICAL_OR_ORGANISM_PREPARATION	Non-FDA / Dietary Supplement	Nutraceutical / Botanical
cefditoren-pivoxil	APPROVED_MEDICINE	FDA Approved	Small Molecule
poppy	SUPPLEMENT_INGREDIENT	Non-FDA / Dietary Supplement	Nutraceutical / Botanical
solanum-virginianum-whole	BOTANICAL_OR_ORGANISM_PREPARATION	Non-FDA / Dietary Supplement	Nutraceutical / Botanical
sofosbuvir	APPROVED_MEDICINE	FDA Approved	Small Molecule
temozolomide	APPROVED_MEDICINE	FDA Approved	Small Molecule
technetium-tc-99m-mebrofenin-kit	APPROVED_MEDICINE	FDA Approved	Small Molecule
ustilago-tritici	INVESTIGATIONAL_MEDICINE	Pre-clinical / Open Source	Nutraceutical / Botanical
technetium-tc-99m-sulfur-colloid	APPROVED_MEDICINE	FDA Approved	Small Molecule
umbralisib	APPROVED_MEDICINE	FDA Approved	Small Molecule
centidepa	SUPPLEMENT_INGREDIENT	Non-FDA / Dietary Supplement	Nutraceutical / Botanical
parietaria-officinalis	BOTANICAL_OR_ORGANISM_PREPARATION	Non-FDA / Dietary Supplement	Nutraceutical / Botanical
palmitoyl-tripeptide-1	OFF_LABEL_OR_COMPOUNDED	Off-Label / Compounded	Small Molecule
oxycodone-terephthalate	APPROVED_MEDICINE	FDA Approved	Small Molecule
technetium-tc-99m-tetrofosmin-kit	APPROVED_MEDICINE	FDA Approved	Small Molecule
maralixibat	APPROVED_MEDICINE	FDA Approved	Small Molecule
technetium-tc99m-albumin-aggregated	APPROVED_BIOLOGIC	FDA Approved	Recombinant Protein / Biologic
palmitoleic-acid	SUPPLEMENT_INGREDIENT	Non-FDA / Dietary Supplement	Nutraceutical / Botanical
tacrine	APPROVED_MEDICINE	FDA Approved	Small Molecule
sceletium	BOTANICAL_OR_ORGANISM_PREPARATION	Non-FDA / Dietary Supplement	Nutraceutical / Botanical
solidago-canadensis-flowering-top	BOTANICAL_OR_ORGANISM_PREPARATION	Non-FDA / Dietary Supplement	Nutraceutical / Botanical
atracurium	APPROVED_MEDICINE	FDA Approved	Small Molecule
tillandsia	BOTANICAL_OR_ORGANISM_PREPARATION	Non-FDA / Dietary Supplement	Nutraceutical / Botanical
palmitoylethanolamide	SUPPLEMENT_INGREDIENT	Non-FDA / Dietary Supplement	Nutraceutical / Botanical
malus-sylvestris-flower	BOTANICAL_OR_ORGANISM_PREPARATION	Non-FDA / Dietary Supplement	Nutraceutical / Botanical
quercus-rubra-pollen	BOTANICAL_OR_ORGANISM_PREPARATION	Non-FDA / Dietary Supplement	Nutraceutical / Botanical
auranofin	APPROVED_MEDICINE	FDA Approved	Small Molecule
teclistamab-cqyv	APPROVED_BIOLOGIC	FDA Approved	Recombinant Protein / Biologic
tenecteplase	APPROVED_BIOLOGIC	FDA Approved	Recombinant Protein / Biologic
desoxyribonuclease	APPROVED_BIOLOGIC	FDA Approved	Recombinant Protein / Biologic
sodium-fluoride-f-18	APPROVED_MEDICINE	FDA Approved	Small Molecule
spinach	BOTANICAL_OR_ORGANISM_PREPARATION	Non-FDA / Dietary Supplement	Nutraceutical / Botanical
reishi-mushroom	SUPPLEMENT_INGREDIENT	Non-FDA / Dietary Supplement	Nutraceutical / Botanical
syzygium-cumini-fruit	BOTANICAL_OR_ORGANISM_PREPARATION	Non-FDA / Dietary Supplement	Nutraceutical / Botanical
rock-rose	SUPPLEMENT_INGREDIENT	Non-FDA / Dietary Supplement	Nutraceutical / Botanical
atrasentan	APPROVED_MEDICINE	FDA Approved	Small Molecule
epindrosterone	SUPPLEMENT_INGREDIENT	Non-FDA / Dietary Supplement	Nutraceutical / Botanical
temazepam	APPROVED_MEDICINE	FDA Approved	Small Molecule
tetrofosmin	INVESTIGATIONAL_MEDICINE	Pre-clinical / Open Source	Small Molecule
eurotium-herbariorum	MARKETED_PRODUCT_INGREDIENT	Non-FDA / Dietary Supplement	Nutraceutical / Botanical
telotristat-ethyl	INVESTIGATIONAL_MEDICINE	Pre-clinical / Open Source	Small Molecule
premna	BOTANICAL_OR_ORGANISM_PREPARATION	Non-FDA / Dietary Supplement	Nutraceutical / Botanical
evernia-prunastri	BOTANICAL_OR_ORGANISM_PREPARATION	Non-FDA / Dietary Supplement	Nutraceutical / Botanical
teprotumumab-trbw	APPROVED_BIOLOGIC	FDA Approved	Recombinant Protein / Biologic
epimedium-grandiflorum-top	BOTANICAL_OR_ORGANISM_PREPARATION	Non-FDA / Dietary Supplement	Nutraceutical / Botanical
glossy-privet	SUPPLEMENT_INGREDIENT	Non-FDA / Dietary Supplement	Nutraceutical / Botanical
panobinostat	APPROVED_MEDICINE	FDA Approved	Small Molecule
phellodendron-amurense-bark	MARKETED_PRODUCT_INGREDIENT	FDA Approved	Nutraceutical / Botanical
ceftobiprole-medocaril	APPROVED_MEDICINE	FDA Approved	Small Molecule
coffea-arabica-seed-roasted	BOTANICAL_OR_ORGANISM_PREPARATION	Non-FDA / Dietary Supplement	Nutraceutical / Botanical
tepotinib	APPROVED_MEDICINE	FDA Approved	Small Molecule
sodium-niobium-oxide	MARKETED_PRODUCT_INGREDIENT	Non-FDA / Dietary Supplement	Nutraceutical / Botanical
teucrium-marum	BOTANICAL_OR_ORGANISM_PREPARATION	Non-FDA / Dietary Supplement	Nutraceutical / Botanical
terbutaline	APPROVED_MEDICINE	FDA Approved	Small Molecule
teucrium-scorodonia-flowering-top	BOTANICAL_OR_ORGANISM_PREPARATION	Non-FDA / Dietary Supplement	Nutraceutical / Botanical
vitexin	SUPPLEMENT_INGREDIENT	Non-FDA / Dietary Supplement	Nutraceutical / Botanical
chekiang-fritillary	SUPPLEMENT_INGREDIENT	Non-FDA / Dietary Supplement	Nutraceutical / Botanical
terconazole	APPROVED_MEDICINE	FDA Approved	Small Molecule
tioconazole	APPROVED_MEDICINE	FDA Approved	Small Molecule
japanese-boxwood	SUPPLEMENT_INGREDIENT	Non-FDA / Dietary Supplement	Nutraceutical / Botanical
terazosin	APPROVED_MEDICINE	FDA Approved	Small Molecule
amentoflavone	SUPPLEMENT_INGREDIENT	Non-FDA / Dietary Supplement	Nutraceutical / Botanical
eucalyptus-oil	MARKETED_PRODUCT_INGREDIENT	FDA Approved	Nutraceutical / Botanical
anopheles-quadrimaculatus	BOTANICAL_OR_ORGANISM_PREPARATION	Non-FDA / Dietary Supplement	Nutraceutical / Botanical
sus-scrofa-duodenum	BOTANICAL_OR_ORGANISM_PREPARATION	Non-FDA / Dietary Supplement	Nutraceutical / Botanical
tanacetum-vulgare-whole	BOTANICAL_OR_ORGANISM_PREPARATION	Non-FDA / Dietary Supplement	Nutraceutical / Botanical
tecovirimat	APPROVED_MEDICINE	FDA Approved	Small Molecule
carbon	SUPPLEMENT_INGREDIENT	Non-FDA / Dietary Supplement	Nutraceutical / Botanical
testosterone	APPROVED_MEDICINE	FDA Approved	Small Molecule
taxus-baccata-fruit	BOTANICAL_OR_ORGANISM_PREPARATION	Non-FDA / Dietary Supplement	Nutraceutical / Botanical
scimitar-bean	SUPPLEMENT_INGREDIENT	Non-FDA / Dietary Supplement	Nutraceutical / Botanical
teriparatide	APPROVED_BIOLOGIC	FDA Approved	Peptide / GLP-1 Agonist
peucedanum	BOTANICAL_OR_ORGANISM_PREPARATION	Non-FDA / Dietary Supplement	Nutraceutical / Botanical
thaumatococcus-daniellii	BOTANICAL_OR_ORGANISM_PREPARATION	Non-FDA / Dietary Supplement	Nutraceutical / Botanical
tetraarsenic-tetrasulfide	MARKETED_PRODUCT_INGREDIENT	Non-FDA / Dietary Supplement	Nutraceutical / Botanical
thiamine-mononitrate	OFF_LABEL_OR_COMPOUNDED	Off-Label / Compounded	Small Molecule
sulforaphane	SUPPLEMENT_INGREDIENT	Non-FDA / Dietary Supplement	Nutraceutical / Botanical
thyroid-porcine	MARKETED_PRODUCT_INGREDIENT	Non-FDA / Dietary Supplement	Nutraceutical / Botanical
tetraferric-tricitrate-decahydrate	INVESTIGATIONAL_MEDICINE	Pre-clinical / Open Source	Small Molecule
phensuximide	APPROVED_MEDICINE	FDA Approved	Small Molecule
marsdenia-cundurango-whole	BOTANICAL_OR_ORGANISM_PREPARATION	Non-FDA / Dietary Supplement	Nutraceutical / Botanical
perlite	MARKETED_PRODUCT_INGREDIENT	FDA Approved	Small Molecule
beef-short-plate	SUPPLEMENT_INGREDIENT	Non-FDA / Dietary Supplement	Nutraceutical / Botanical
jateorhiza-calumba-root	SUPPLEMENT_INGREDIENT	Non-FDA / Dietary Supplement	Nutraceutical / Botanical
asiaticoside	SUPPLEMENT_INGREDIENT	Non-FDA / Dietary Supplement	Nutraceutical / Botanical
epimedium-wushanense-whole	BOTANICAL_OR_ORGANISM_PREPARATION	Non-FDA / Dietary Supplement	Nutraceutical / Botanical
swiss-chard	BOTANICAL_OR_ORGANISM_PREPARATION	Non-FDA / Dietary Supplement	Nutraceutical / Botanical
endoglin	OFF_LABEL_OR_COMPOUNDED	Off-Label / Compounded	Small Molecule
tetrahydrozoline	APPROVED_MEDICINE	FDA Approved	Small Molecule
suprofen	APPROVED_MEDICINE	FDA Approved	Small Molecule
clotrimazole	APPROVED_MEDICINE	FDA Approved	Small Molecule
cocamidopropyl-betaine	APPROVED_MEDICINE	FDA Approved	Nutraceutical / Botanical
theridion-curassavicum	MARKETED_PRODUCT_INGREDIENT	Non-FDA / Dietary Supplement	Nutraceutical / Botanical
sweet-clover	SUPPLEMENT_INGREDIENT	Non-FDA / Dietary Supplement	Nutraceutical / Botanical
conivaptan	APPROVED_MEDICINE	FDA Approved	Small Molecule
tauroursodeoxycholic-acid	SUPPLEMENT_INGREDIENT	Non-FDA / Dietary Supplement	Nutraceutical / Botanical
thalidomide	APPROVED_MEDICINE	FDA Approved	Small Molecule
conjugated-estrogens-medroxyprogesterone	APPROVED_MEDICINE	FDA Approved	Small Molecule
thiotepa	APPROVED_MEDICINE	FDA Approved	Small Molecule
autologous-cultured-chondrocytes	INVESTIGATIONAL_MEDICINE	Pre-clinical / Open Source	Recombinant Protein / Biologic
thioguanine	APPROVED_MEDICINE	FDA Approved	Small Molecule
cornus-rugosa-whole	BOTANICAL_OR_ORGANISM_PREPARATION	Non-FDA / Dietary Supplement	Nutraceutical / Botanical
thuja-occidentalis-leaf	BOTANICAL_OR_ORGANISM_PREPARATION	Non-FDA / Dietary Supplement	Nutraceutical / Botanical
tislelizumab	INVESTIGATIONAL_MEDICINE	Pre-clinical / Open Source	Monoclonal Antibody (mAb)
bartonella-vinsonii	BOTANICAL_OR_ORGANISM_PREPARATION	Non-FDA / Dietary Supplement	Nutraceutical / Botanical
thyrotropin-alfa	APPROVED_BIOLOGIC	FDA Approved	Recombinant Protein / Biologic
chymosin	SUPPLEMENT_INGREDIENT	Non-FDA / Dietary Supplement	Nutraceutical / Botanical
trastuzumab-dkst	APPROVED_BIOLOGIC	FDA Approved	Recombinant Protein / Biologic
pseudostellaria-root	BOTANICAL_OR_ORGANISM_PREPARATION	Non-FDA / Dietary Supplement	Nutraceutical / Botanical
sphagnum-squarrosum-peat	MARKETED_PRODUCT_INGREDIENT	Non-FDA / Dietary Supplement	Nutraceutical / Botanical
tisagenlecleucel	INVESTIGATIONAL_MEDICINE	Pre-clinical / Open Source	CRISPR / Gene Therapy
trastuzumab-anns	APPROVED_BIOLOGIC	FDA Approved	Recombinant Protein / Biologic
citrus-fiber	SUPPLEMENT_INGREDIENT	Non-FDA / Dietary Supplement	Nutraceutical / Botanical
juniperus-communis-stem	BOTANICAL_OR_ORGANISM_PREPARATION	Non-FDA / Dietary Supplement	Nutraceutical / Botanical
salvia-officinalis-flowering-top	BOTANICAL_OR_ORGANISM_PREPARATION	Non-FDA / Dietary Supplement	Nutraceutical / Botanical
saccharomyces-cerevisiae-peptides	SUPPLEMENT_INGREDIENT	Non-FDA / Dietary Supplement	Nutraceutical / Botanical
soybean-lecithin	SUPPLEMENT_INGREDIENT	Non-FDA / Dietary Supplement	Nutraceutical / Botanical
tividenofusp-alfa	INVESTIGATIONAL_MEDICINE	Pre-clinical / Open Source	Recombinant Protein / Biologic
treosulfan	APPROVED_MEDICINE	FDA Approved	Small Molecule
urtica-dioica-leaf	BOTANICAL_OR_ORGANISM_PREPARATION	Non-FDA / Dietary Supplement	Nutraceutical / Botanical
thioproline	SUPPLEMENT_INGREDIENT	Non-FDA / Dietary Supplement	Nutraceutical / Botanical
abalone	BOTANICAL_OR_ORGANISM_PREPARATION	Non-FDA / Dietary Supplement	Nutraceutical / Botanical
tizanidine	APPROVED_MEDICINE	FDA Approved	Small Molecule
salix-nigra-pollen	BOTANICAL_OR_ORGANISM_PREPARATION	Non-FDA / Dietary Supplement	Nutraceutical / Botanical
adeps-bovis	MARKETED_PRODUCT_INGREDIENT	FDA Approved	Small Molecule
carpinus-betulus-flower-bud	SUPPLEMENT_INGREDIENT	Non-FDA / Dietary Supplement	Nutraceutical / Botanical
carrot-fiber	SUPPLEMENT_INGREDIENT	Non-FDA / Dietary Supplement	Nutraceutical / Botanical
erigeron-canadensis-whole	BOTANICAL_OR_ORGANISM_PREPARATION	Non-FDA / Dietary Supplement	Nutraceutical / Botanical
copper-tripeptide-1	APPROVED_MEDICINE	FDA Approved	Small Molecule
verbascum-densiflorum-leaf	BOTANICAL_OR_ORGANISM_PREPARATION	Non-FDA / Dietary Supplement	Nutraceutical / Botanical
sundew	SUPPLEMENT_INGREDIENT	Non-FDA / Dietary Supplement	Nutraceutical / Botanical
toripalimab-tpzi	APPROVED_BIOLOGIC	FDA Approved	Recombinant Protein / Biologic
tofersen	APPROVED_BIOLOGIC	Accelerated Approval	ASO (Antisense Oligonucleotide)
solanum-lycopersicum-whole	BOTANICAL_OR_ORGANISM_PREPARATION	Non-FDA / Dietary Supplement	Nutraceutical / Botanical
spongilla-lacustris	BOTANICAL_OR_ORGANISM_PREPARATION	Non-FDA / Dietary Supplement	Nutraceutical / Botanical
tolcapone	APPROVED_MEDICINE	FDA Approved	Small Molecule
travoprost	APPROVED_MEDICINE	FDA Approved	Small Molecule
cornus-sanguinea-whole	BOTANICAL_OR_ORGANISM_PREPARATION	Non-FDA / Dietary Supplement	Nutraceutical / Botanical
toripalimab	INVESTIGATIONAL_MEDICINE	Pre-clinical / Open Source	Monoclonal Antibody (mAb)
tb-500	INVESTIGATIONAL_MEDICINE	Phase 3 Clinical Trial	Peptide / GLP-1 Agonist
damiana	SUPPLEMENT_INGREDIENT	Non-FDA / Dietary Supplement	Nutraceutical / Botanical
eucommia-ulmoides	BOTANICAL_OR_ORGANISM_PREPARATION	Non-FDA / Dietary Supplement	Nutraceutical / Botanical
vincetoxicum-stauntonii	BOTANICAL_OR_ORGANISM_PREPARATION	Non-FDA / Dietary Supplement	Nutraceutical / Botanical
pycnogenol	SUPPLEMENT_INGREDIENT	Non-FDA / Dietary Supplement	Nutraceutical / Botanical
iris-tenax-whole	BOTANICAL_OR_ORGANISM_PREPARATION	Non-FDA / Dietary Supplement	Nutraceutical / Botanical
streptococcus-pneumoniae-type-11a-capsular-polysaccharide-diphtheria-crm197-protein-conjugat	INVESTIGATIONAL_MEDICINE	Pre-clinical / Open Source	Recombinant Protein / Biologic
oenanthe-aquatica-fruit	BOTANICAL_OR_ORGANISM_PREPARATION	Non-FDA / Dietary Supplement	Nutraceutical / Botanical
dipivefrin	APPROVED_MEDICINE	FDA Approved	Small Molecule
dromostanolone	APPROVED_MEDICINE	FDA Approved	Small Molecule
crofelemer	APPROVED_MEDICINE	FDA Approved	Small Molecule
atomoxetine	APPROVED_MEDICINE	FDA Approved	Small Molecule
tolvaptan	APPROVED_MEDICINE	FDA Approved	Small Molecule
avalglucosidase-alfa-ngpt	APPROVED_BIOLOGIC	FDA Approved	Recombinant Protein / Biologic
toxoplasma-gondii-dna	MARKETED_PRODUCT_INGREDIENT	Non-FDA / Dietary Supplement	Nutraceutical / Botanical
mugo-pine	BOTANICAL_OR_ORGANISM_PREPARATION	Non-FDA / Dietary Supplement	Nutraceutical / Botanical
albumin-chromated-cr-51-serum	APPROVED_BIOLOGIC	FDA Approved	Recombinant Protein / Biologic
trandolapril	APPROVED_MEDICINE	FDA Approved	Small Molecule
hypericin	SUPPLEMENT_INGREDIENT	Non-FDA / Dietary Supplement	Nutraceutical / Botanical
isothiocyanates	SUPPLEMENT_INGREDIENT	Non-FDA / Dietary Supplement	Nutraceutical / Botanical
yucca	BOTANICAL_OR_ORGANISM_PREPARATION	Non-FDA / Dietary Supplement	Nutraceutical / Botanical
trametinib-dimethyl-sulfoxide	APPROVED_MEDICINE	FDA Approved	Small Molecule
red-rice	SUPPLEMENT_INGREDIENT	Non-FDA / Dietary Supplement	Nutraceutical / Botanical
trastuzumab-qyyp	APPROVED_BIOLOGIC	FDA Approved	Recombinant Protein / Biologic
trifarotene	APPROVED_MEDICINE	FDA Approved	Small Molecule
trastuzumab-and-hyaluronidase-oysk	APPROVED_BIOLOGIC	FDA Approved	Recombinant Protein / Biologic
glycine-alanyl-l-histidine	SUPPLEMENT_INGREDIENT	Non-FDA / Dietary Supplement	Nutraceutical / Botanical
trastuzumab-deruxtecan	INVESTIGATIONAL_MEDICINE	Pre-clinical / Open Source	Recombinant Protein / Biologic
marrubium-vulgare-whole	BOTANICAL_OR_ORGANISM_PREPARATION	Non-FDA / Dietary Supplement	Nutraceutical / Botanical
taraxacum-officinale-leaf	MARKETED_PRODUCT_INGREDIENT	FDA Approved	Nutraceutical / Botanical
dabrafenib	APPROVED_MEDICINE	FDA Approved	Small Molecule
lobelia-inflata	BOTANICAL_OR_ORGANISM_PREPARATION	Non-FDA / Dietary Supplement	Nutraceutical / Botanical
creatinol-o-phosphate	SUPPLEMENT_INGREDIENT	Non-FDA / Dietary Supplement	Nutraceutical / Botanical
leucovorin	APPROVED_MEDICINE	FDA Approved	Small Molecule
alpha-linolenic-acid	SUPPLEMENT_INGREDIENT	Non-FDA / Dietary Supplement	Nutraceutical / Botanical
solanum-nigrum-top	BOTANICAL_OR_ORGANISM_PREPARATION	Non-FDA / Dietary Supplement	Nutraceutical / Botanical
syzygium-aromaticum-fruit	BOTANICAL_OR_ORGANISM_PREPARATION	Non-FDA / Dietary Supplement	Nutraceutical / Botanical
porfimer	APPROVED_MEDICINE	FDA Approved	Small Molecule
tremelimumab-actl	APPROVED_BIOLOGIC	FDA Approved	Recombinant Protein / Biologic
streptomyces-griseoflavus	BOTANICAL_OR_ORGANISM_PREPARATION	Non-FDA / Dietary Supplement	Nutraceutical / Botanical
mercuric-arsenate	MARKETED_PRODUCT_INGREDIENT	Non-FDA / Dietary Supplement	Nutraceutical / Botanical
trastuzumab-dttb	APPROVED_BIOLOGIC	FDA Approved	Recombinant Protein / Biologic
dolutegravir-emtricitabine-and-tenofovir-alafenamide	COMBINATION_PRODUCT	FDA Approved	Small Molecule
phosphomolybdic-acid	SUPPLEMENT_INGREDIENT	Non-FDA / Dietary Supplement	Nutraceutical / Botanical
treprostinil	APPROVED_MEDICINE	FDA Approved	Small Molecule
lebbek	SUPPLEMENT_INGREDIENT	Non-FDA / Dietary Supplement	Nutraceutical / Botanical
triazolam	APPROVED_MEDICINE	FDA Approved	Small Molecule
human-papillomavirus-type-18-l1-capsid-protein-antigen	INVESTIGATIONAL_MEDICINE	Pre-clinical / Open Source	Recombinant Protein / Biologic
lemon-balm	SUPPLEMENT_INGREDIENT	Non-FDA / Dietary Supplement	Nutraceutical / Botanical
human-papillomavirus-type-31-l1-capsid-protein-antigen	INVESTIGATIONAL_MEDICINE	Pre-clinical / Open Source	Recombinant Protein / Biologic
cytarabine	APPROVED_MEDICINE	FDA Approved	Small Molecule
tavaborole	APPROVED_MEDICINE	FDA Approved	Small Molecule
triamcinolone-acetonide	APPROVED_MEDICINE	FDA Approved	Small Molecule
leptadenia	BOTANICAL_OR_ORGANISM_PREPARATION	Non-FDA / Dietary Supplement	Nutraceutical / Botanical
yerba-mansa	BOTANICAL_OR_ORGANISM_PREPARATION	Non-FDA / Dietary Supplement	Nutraceutical / Botanical
trientine-tetrahydrochloride	APPROVED_MEDICINE	FDA Approved	Small Molecule
trimethoprim	APPROVED_MEDICINE	FDA Approved	Small Molecule
capsella-bursa-pastoris-top	BOTANICAL_OR_ORGANISM_PREPARATION	Non-FDA / Dietary Supplement	Nutraceutical / Botanical
transforming-growth-factor-beta-1	MARKETED_PRODUCT_INGREDIENT	Non-FDA / Dietary Supplement	Nutraceutical / Botanical
yohimbine	SUPPLEMENT_INGREDIENT	Non-FDA / Dietary Supplement	Nutraceutical / Botanical
pinacidil	APPROVED_MEDICINE	FDA Approved	Small Molecule
vitamin-b12	APPROVED_MEDICINE	FDA Approved	Nutraceutical / Botanical
rauvolfia-canescens	SUPPLEMENT_INGREDIENT	Non-FDA / Dietary Supplement	Nutraceutical / Botanical
vecuronium	APPROVED_MEDICINE	FDA Approved	Small Molecule
myrica-cerifera-pollen	BOTANICAL_OR_ORGANISM_PREPARATION	Non-FDA / Dietary Supplement	Nutraceutical / Botanical
trihexyphenidyl	APPROVED_MEDICINE	FDA Approved	Small Molecule
epidermophyton-floccosum	BOTANICAL_OR_ORGANISM_PREPARATION	Non-FDA / Dietary Supplement	Nutraceutical / Botanical
acacia-longifolia-pollen	INVESTIGATIONAL_MEDICINE	Pre-clinical / Open Source	Nutraceutical / Botanical
tripelennamine	APPROVED_MEDICINE	FDA Approved	Small Molecule
trypan-blue	APPROVED_MEDICINE	FDA Approved	Small Molecule
sargentodoxa	BOTANICAL_OR_ORGANISM_PREPARATION	Non-FDA / Dietary Supplement	Nutraceutical / Botanical
trimipramine	APPROVED_MEDICINE	FDA Approved	Small Molecule
turpentine	APPROVED_MEDICINE	FDA Approved	Nutraceutical / Botanical
butchers-broom	SUPPLEMENT_INGREDIENT	Non-FDA / Dietary Supplement	Nutraceutical / Botanical
tromethamine	APPROVED_MEDICINE	FDA Approved	Small Molecule
anisum	SUPPLEMENT_INGREDIENT	Non-FDA / Dietary Supplement	Nutraceutical / Botanical
myrosinase	SUPPLEMENT_INGREDIENT	Non-FDA / Dietary Supplement	Recombinant Protein / Biologic
tyrosine	APPROVED_MEDICINE	FDA Approved	Nutraceutical / Botanical
acer-negundo-root-bark	SUPPLEMENT_INGREDIENT	Non-FDA / Dietary Supplement	Nutraceutical / Botanical
consolida-regalis-flower	BOTANICAL_OR_ORGANISM_PREPARATION	Non-FDA / Dietary Supplement	Nutraceutical / Botanical
ublituximab-xiiy	APPROVED_BIOLOGIC	FDA Approved	Recombinant Protein / Biologic
uncaria-tomentosa-whole	BOTANICAL_OR_ORGANISM_PREPARATION	Non-FDA / Dietary Supplement	Nutraceutical / Botanical
daikon	BOTANICAL_OR_ORGANISM_PREPARATION	Non-FDA / Dietary Supplement	Nutraceutical / Botanical
hyssop	BOTANICAL_OR_ORGANISM_PREPARATION	Non-FDA / Dietary Supplement	Nutraceutical / Botanical
ulex-europaeus-flower	BOTANICAL_OR_ORGANISM_PREPARATION	Non-FDA / Dietary Supplement	Nutraceutical / Botanical
antirrhinum-majus-leaf	BOTANICAL_OR_ORGANISM_PREPARATION	Non-FDA / Dietary Supplement	Nutraceutical / Botanical
ulipristal	APPROVED_MEDICINE	FDA Approved	Small Molecule
sus-scrofa-intestinal-mucosa	MARKETED_PRODUCT_INGREDIENT	Non-FDA / Dietary Supplement	Nutraceutical / Botanical
ubrogepant	APPROVED_MEDICINE	FDA Approved	Small Molecule
vilanterol-trifenatate	APPROVED_MEDICINE	FDA Approved	Small Molecule
human-papillomavirus-serotype-16-whole	SUPPLEMENT_INGREDIENT	Non-FDA / Dietary Supplement	Nutraceutical / Botanical
ursadiol	INVESTIGATIONAL_MEDICINE	Pre-clinical / Open Source	Small Molecule
calanus-finmarchicus-oil	BOTANICAL_OR_ORGANISM_PREPARATION	Non-FDA / Dietary Supplement	Nutraceutical / Botanical
carbidopa-levodopa	COMBINATION_PRODUCT	FDA Approved	Small Molecule
ustekinumab-srlf	APPROVED_BIOLOGIC	FDA Approved	Recombinant Protein / Biologic
vestronidase-alfa-vjbk	APPROVED_BIOLOGIC	FDA Approved	Recombinant Protein / Biologic
reed-herb	SUPPLEMENT_INGREDIENT	Non-FDA / Dietary Supplement	Nutraceutical / Botanical
uva-ursi	SUPPLEMENT_INGREDIENT	Non-FDA / Dietary Supplement	Nutraceutical / Botanical
vedolizumab	APPROVED_BIOLOGIC	FDA Approved	Monoclonal Antibody (mAb)
glyoxal-trimer	MARKETED_PRODUCT_INGREDIENT	Non-FDA / Dietary Supplement	Nutraceutical / Botanical
cupric-bromide	SUPPLEMENT_INGREDIENT	Non-FDA / Dietary Supplement	Nutraceutical / Botanical
vaccinia-virus-strain-new-york-city-board-of-health-live-antigen	MARKETED_PRODUCT_INGREDIENT	Non-FDA / Dietary Supplement	Nutraceutical / Botanical
cubeb	SUPPLEMENT_INGREDIENT	Non-FDA / Dietary Supplement	Nutraceutical / Botanical
valrubicin	APPROVED_MEDICINE	FDA Approved	Small Molecule
propineb	MARKETED_PRODUCT_INGREDIENT	Non-FDA / Dietary Supplement	Nutraceutical / Botanical
protodioscin	SUPPLEMENT_INGREDIENT	Non-FDA / Dietary Supplement	Nutraceutical / Botanical
vanadyl	OFF_LABEL_OR_COMPOUNDED	Off-Label / Compounded	Small Molecule
veligrotug	INVESTIGATIONAL_MEDICINE	Pre-clinical / Open Source	Recombinant Protein / Biologic
rna-binding-protein-10	MARKETED_PRODUCT_INGREDIENT	Non-FDA / Dietary Supplement	Nutraceutical / Botanical
magnesium-tanshinoate-b	SUPPLEMENT_INGREDIENT	Non-FDA / Dietary Supplement	Nutraceutical / Botanical
darolutamide	APPROVED_MEDICINE	FDA Approved	Small Molecule
denosumab-bnht	APPROVED_BIOLOGIC	FDA Approved	Recombinant Protein / Biologic
sophora-flavescens-root	APPROVED_MEDICINE	FDA Approved	Nutraceutical / Botanical
vanzacaftor	APPROVED_MEDICINE	FDA Approved	Small Molecule
n-coumaroyldopamine	SUPPLEMENT_INGREDIENT	Non-FDA / Dietary Supplement	Nutraceutical / Botanical
darunavir-ethanolate	APPROVED_MEDICINE	FDA Approved	Small Molecule
ceforanide	APPROVED_MEDICINE	FDA Approved	Small Molecule
carya-laciniosa-bark	BOTANICAL_OR_ORGANISM_PREPARATION	Non-FDA / Dietary Supplement	Nutraceutical / Botanical
danaparoid	APPROVED_MEDICINE	FDA Approved	Small Molecule
velaglucerase-alfa	APPROVED_BIOLOGIC	FDA Approved	Recombinant Protein / Biologic
coffea-arabica-whole	BOTANICAL_OR_ORGANISM_PREPARATION	Non-FDA / Dietary Supplement	Nutraceutical / Botanical
cynanchum-wilfordii	BOTANICAL_OR_ORGANISM_PREPARATION	Non-FDA / Dietary Supplement	Nutraceutical / Botanical
psyllium	SUPPLEMENT_INGREDIENT	Non-FDA / Dietary Supplement	Nutraceutical / Botanical
technetium-tc-99m-ferpentetate-kit	APPROVED_MEDICINE	FDA Approved	Small Molecule
avacopan	APPROVED_MEDICINE	FDA Approved	Small Molecule
coniine	MARKETED_PRODUCT_INGREDIENT	Non-FDA / Dietary Supplement	Nutraceutical / Botanical
velpatasvir	APPROVED_MEDICINE	FDA Approved	Small Molecule
verbascum-thapsus-whole	BOTANICAL_OR_ORGANISM_PREPARATION	Non-FDA / Dietary Supplement	Nutraceutical / Botanical
heloderma-horridum-venom	BOTANICAL_OR_ORGANISM_PREPARATION	Non-FDA / Dietary Supplement	Nutraceutical / Botanical
ubiquinone	OFF_LABEL_OR_COMPOUNDED	Off-Label / Compounded	Small Molecule
valsartan	APPROVED_MEDICINE	FDA Approved	Small Molecule
vemurafenib	APPROVED_MEDICINE	FDA Approved	Small Molecule
viola-odorata	APPROVED_MEDICINE	FDA Approved	Nutraceutical / Botanical
sanicula-europaea-top	BOTANICAL_OR_ORGANISM_PREPARATION	Non-FDA / Dietary Supplement	Nutraceutical / Botanical
veratrum-viride-root	APPROVED_MEDICINE	FDA Approved	Nutraceutical / Botanical
white-tea	SUPPLEMENT_INGREDIENT	Non-FDA / Dietary Supplement	Nutraceutical / Botanical
oryctolagus-cuniculus-heart	BOTANICAL_OR_ORGANISM_PREPARATION	Non-FDA / Dietary Supplement	Nutraceutical / Botanical
sedum-roseum-whole	BOTANICAL_OR_ORGANISM_PREPARATION	Non-FDA / Dietary Supplement	Nutraceutical / Botanical
black-eyed-pea	BOTANICAL_OR_ORGANISM_PREPARATION	Non-FDA / Dietary Supplement	Nutraceutical / Botanical
cemiplimab-rwlc	APPROVED_BIOLOGIC	FDA Approved	Recombinant Protein / Biologic
depemokimab	INVESTIGATIONAL_MEDICINE	Pre-clinical / Open Source	Monoclonal Antibody (mAb)
carlina-vulgaris-whole	BOTANICAL_OR_ORGANISM_PREPARATION	Non-FDA / Dietary Supplement	Nutraceutical / Botanical
verbena-officinalis	BOTANICAL_OR_ORGANISM_PREPARATION	Non-FDA / Dietary Supplement	Nutraceutical / Botanical
verbena-officinalis-whole	BOTANICAL_OR_ORGANISM_PREPARATION	Non-FDA / Dietary Supplement	Nutraceutical / Botanical
veronicastrum-virginicum-root	BOTANICAL_OR_ORGANISM_PREPARATION	Non-FDA / Dietary Supplement	Nutraceutical / Botanical
ephedra	BOTANICAL_OR_ORGANISM_PREPARATION	Non-FDA / Dietary Supplement	Nutraceutical / Botanical
viburnum-opulus-bark	BOTANICAL_OR_ORGANISM_PREPARATION	Non-FDA / Dietary Supplement	Nutraceutical / Botanical
nut-grass	SUPPLEMENT_INGREDIENT	Non-FDA / Dietary Supplement	Nutraceutical / Botanical
schisandra	BOTANICAL_OR_ORGANISM_PREPARATION	Non-FDA / Dietary Supplement	Nutraceutical / Botanical
rhus-coraria	SUPPLEMENT_INGREDIENT	Non-FDA / Dietary Supplement	Nutraceutical / Botanical
viloxazine	APPROVED_MEDICINE	FDA Approved	Small Molecule
voretigene-neparvovec	APPROVED_BIOLOGIC	FDA Approved	CRISPR / Gene Therapy
schizonepeta	BOTANICAL_OR_ORGANISM_PREPARATION	Non-FDA / Dietary Supplement	Nutraceutical / Botanical
ocimum-tenuiflorum-top	BOTANICAL_OR_ORGANISM_PREPARATION	Non-FDA / Dietary Supplement	Nutraceutical / Botanical
vincristine	APPROVED_MEDICINE	FDA Approved	Small Molecule
hypromellose-2208	APPROVED_MEDICINE	FDA Approved	Small Molecule
furanosteroid	SUPPLEMENT_INGREDIENT	Non-FDA / Dietary Supplement	Nutraceutical / Botanical
hekla-lava	SUPPLEMENT_INGREDIENT	Non-FDA / Dietary Supplement	Nutraceutical / Botanical
ceiba-pentandra-fiber	INVESTIGATIONAL_MEDICINE	Pre-clinical / Open Source	Nutraceutical / Botanical
streptococcus-pneumoniae-type-12f-capsular-polysaccharide-diphtheria-crm197-protein-conjugat	INVESTIGATIONAL_MEDICINE	Pre-clinical / Open Source	Recombinant Protein / Biologic
tolmetin	APPROVED_MEDICINE	FDA Approved	Small Molecule
viola-odorata-flower	BOTANICAL_OR_ORGANISM_PREPARATION	Non-FDA / Dietary Supplement	Nutraceutical / Botanical
sea-buckthorn	BOTANICAL_OR_ORGANISM_PREPARATION	Non-FDA / Dietary Supplement	Nutraceutical / Botanical
rice-protein	SUPPLEMENT_INGREDIENT	Non-FDA / Dietary Supplement	Nutraceutical / Botanical
quinestrol	APPROVED_MEDICINE	FDA Approved	Small Molecule
oxystelma	BOTANICAL_OR_ORGANISM_PREPARATION	Non-FDA / Dietary Supplement	Nutraceutical / Botanical
teplizumab	INVESTIGATIONAL_MEDICINE	Pre-clinical / Open Source	Monoclonal Antibody (mAb)
vinorelbine	APPROVED_MEDICINE	FDA Approved	Small Molecule
wormwood-oil	OFF_LABEL_OR_COMPOUNDED	Off-Label / Compounded	Small Molecule
rosa-laevigata	BOTANICAL_OR_ORGANISM_PREPARATION	Non-FDA / Dietary Supplement	Nutraceutical / Botanical
viltolarsen	APPROVED_BIOLOGIC	Accelerated Approval	ASO (Antisense Oligonucleotide)
agaricus-mushroom	SUPPLEMENT_INGREDIENT	Non-FDA / Dietary Supplement	Nutraceutical / Botanical
viscum-album-fruiting-top	MARKETED_PRODUCT_INGREDIENT	Non-FDA / Dietary Supplement	Nutraceutical / Botanical
white-petrolatum	APPROVED_MEDICINE	FDA Approved	Small Molecule
pitaya	SUPPLEMENT_INGREDIENT	Non-FDA / Dietary Supplement	Nutraceutical / Botanical
viscum-album-whole	BOTANICAL_OR_ORGANISM_PREPARATION	Non-FDA / Dietary Supplement	Nutraceutical / Botanical
imiglucerase	APPROVED_BIOLOGIC	FDA Approved	Recombinant Protein / Biologic
blinatumomab	APPROVED_BIOLOGIC	FDA Approved	Monoclonal Antibody (mAb)
okra	BOTANICAL_OR_ORGANISM_PREPARATION	Non-FDA / Dietary Supplement	Nutraceutical / Botanical
campylobacter-jejuni	BOTANICAL_OR_ORGANISM_PREPARATION	Non-FDA / Dietary Supplement	Nutraceutical / Botanical
centaurium-erythraea-flower	BOTANICAL_OR_ORGANISM_PREPARATION	Non-FDA / Dietary Supplement	Nutraceutical / Botanical
west-nile-virus	BOTANICAL_OR_ORGANISM_PREPARATION	Non-FDA / Dietary Supplement	Nutraceutical / Botanical
resistant-starch	SUPPLEMENT_INGREDIENT	Non-FDA / Dietary Supplement	Nutraceutical / Botanical
voriconazole	APPROVED_MEDICINE	FDA Approved	Small Molecule
leuconostoc-mesentoroides	SUPPLEMENT_INGREDIENT	Non-FDA / Dietary Supplement	Nutraceutical / Botanical
zenocutuzumab	INVESTIGATIONAL_MEDICINE	Pre-clinical / Open Source	Monoclonal Antibody (mAb)
wild-yam	SUPPLEMENT_INGREDIENT	Non-FDA / Dietary Supplement	Nutraceutical / Botanical
aronia-melanocarpa-fruit	BOTANICAL_OR_ORGANISM_PREPARATION	Non-FDA / Dietary Supplement	Nutraceutical / Botanical
fezolinetant	APPROVED_MEDICINE	FDA Approved	Small Molecule
wheat-gluten	SUPPLEMENT_INGREDIENT	Non-FDA / Dietary Supplement	Nutraceutical / Botanical
fluoxetine	APPROVED_MEDICINE	FDA Approved	Small Molecule
wood-creosote	SUPPLEMENT_INGREDIENT	Non-FDA / Dietary Supplement	Nutraceutical / Botanical
omega-6-fatty-acids	SUPPLEMENT_INGREDIENT	Non-FDA / Dietary Supplement	Nutraceutical / Botanical
rna-dna	SUPPLEMENT_INGREDIENT	Non-FDA / Dietary Supplement	Nutraceutical / Botanical
xanomeline	APPROVED_MEDICINE	FDA Approved	Small Molecule
fluticasone	APPROVED_MEDICINE	FDA Approved	Small Molecule
silphium-laciniatum	BOTANICAL_OR_ORGANISM_PREPARATION	Non-FDA / Dietary Supplement	Nutraceutical / Botanical
sunflower-seed	SUPPLEMENT_INGREDIENT	Non-FDA / Dietary Supplement	Nutraceutical / Botanical
xenon-xe-129	INVESTIGATIONAL_MEDICINE	Pre-clinical / Open Source	Small Molecule
zidebactam	APPROVED_MEDICINE	FDA Approved	Small Molecule
phlomis-umbrosa	BOTANICAL_OR_ORGANISM_PREPARATION	Non-FDA / Dietary Supplement	Nutraceutical / Botanical
alnus-incana-subsp-rugosa-pollen	BOTANICAL_OR_ORGANISM_PREPARATION	Non-FDA / Dietary Supplement	Nutraceutical / Botanical
malabar-nut	SUPPLEMENT_INGREDIENT	Non-FDA / Dietary Supplement	Nutraceutical / Botanical
strychnos-nux-vomica-whole	BOTANICAL_OR_ORGANISM_PREPARATION	Non-FDA / Dietary Supplement	Nutraceutical / Botanical
epinephrine	APPROVED_MEDICINE	FDA Approved	Small Molecule
denosumab-nxxp	APPROVED_BIOLOGIC	FDA Approved	Recombinant Protein / Biologic
desmodium-gangeticum	BOTANICAL_OR_ORGANISM_PREPARATION	Non-FDA / Dietary Supplement	Nutraceutical / Botanical
sinomenium-acutum	BOTANICAL_OR_ORGANISM_PREPARATION	Non-FDA / Dietary Supplement	Nutraceutical / Botanical
iris	SUPPLEMENT_INGREDIENT	Non-FDA / Dietary Supplement	Nutraceutical / Botanical
ovine-digoxin-immune-fab	INVESTIGATIONAL_MEDICINE	Pre-clinical / Open Source	Recombinant Protein / Biologic
xenon-xe-133	APPROVED_MEDICINE	FDA Approved	Small Molecule
aluminum-nitrate	SUPPLEMENT_INGREDIENT	Non-FDA / Dietary Supplement	Nutraceutical / Botanical
paeonia-x-suffruticosa-seed	BOTANICAL_OR_ORGANISM_PREPARATION	Non-FDA / Dietary Supplement	Nutraceutical / Botanical
zaleplon	APPROVED_MEDICINE	FDA Approved	Small Molecule
sarivan	SUPPLEMENT_INGREDIENT	Non-FDA / Dietary Supplement	Nutraceutical / Botanical
ziconotide	APPROVED_BIOLOGIC	FDA Approved	Peptide / GLP-1 Agonist
finger-leaf-morning-glory	SUPPLEMENT_INGREDIENT	Non-FDA / Dietary Supplement	Nutraceutical / Botanical
eplontersen	APPROVED_BIOLOGIC	FDA Approved	ASO (Antisense Oligonucleotide)
canola	BOTANICAL_OR_ORGANISM_PREPARATION	Non-FDA / Dietary Supplement	Nutraceutical / Botanical
zileuton	APPROVED_MEDICINE	FDA Approved	Small Molecule
proteoglycan-4	MARKETED_PRODUCT_INGREDIENT	FDA Approved	Small Molecule
pregabalin	APPROVED_MEDICINE	FDA Approved	Small Molecule
zinc-chloride	APPROVED_MEDICINE	FDA Approved	Small Molecule
self-heal	SUPPLEMENT_INGREDIENT	Non-FDA / Dietary Supplement	Nutraceutical / Botanical
albuterol	APPROVED_MEDICINE	FDA Approved	Small Molecule
zinc-sulfate	APPROVED_MEDICINE	FDA Approved	Small Molecule
thuja-occidentalis-root	BOTANICAL_OR_ORGANISM_PREPARATION	Non-FDA / Dietary Supplement	Nutraceutical / Botanical
finasteride	APPROVED_MEDICINE	FDA Approved	Small Molecule
zonisamide	APPROVED_MEDICINE	FDA Approved	Small Molecule
aniline	MARKETED_PRODUCT_INGREDIENT	Non-FDA / Dietary Supplement	Nutraceutical / Botanical
cetirizine	APPROVED_MEDICINE	FDA Approved	Small Molecule
flavoglycosides	SUPPLEMENT_INGREDIENT	Non-FDA / Dietary Supplement	Nutraceutical / Botanical
esomeprazole	APPROVED_MEDICINE	FDA Approved	Small Molecule
sus-scrofa-thalamus-lateral-geniculate-nucleus	MARKETED_PRODUCT_INGREDIENT	Non-FDA / Dietary Supplement	Nutraceutical / Botanical
hydroxychloroquine	APPROVED_MEDICINE	FDA Approved	Small Molecule
empagliflozin	APPROVED_MEDICINE	FDA Approved	Small Molecule
flaxseed-fiber	SUPPLEMENT_INGREDIENT	Non-FDA / Dietary Supplement	Nutraceutical / Botanical
trichophyton-mentagrophytes	BOTANICAL_OR_ORGANISM_PREPARATION	Non-FDA / Dietary Supplement	Nutraceutical / Botanical
alpha-glycans	SUPPLEMENT_INGREDIENT	Non-FDA / Dietary Supplement	Nutraceutical / Botanical
glycine-alanyl-l-lysine	SUPPLEMENT_INGREDIENT	Non-FDA / Dietary Supplement	Nutraceutical / Botanical
deutivacaftor	APPROVED_MEDICINE	FDA Approved	Small Molecule
doxycycline	APPROVED_MEDICINE	FDA Approved	Small Molecule
rose-oil	MARKETED_PRODUCT_INGREDIENT	FDA Approved	Small Molecule
duloxetine	APPROVED_MEDICINE	FDA Approved	Small Molecule
draba-verna-whole	BOTANICAL_OR_ORGANISM_PREPARATION	Non-FDA / Dietary Supplement	Nutraceutical / Botanical
loratadine	APPROVED_MEDICINE	FDA Approved	Small Molecule
mimulus-guttatus-flowering-top	BOTANICAL_OR_ORGANISM_PREPARATION	Non-FDA / Dietary Supplement	Nutraceutical / Botanical
comfrey-leaf	SUPPLEMENT_INGREDIENT	Non-FDA / Dietary Supplement	Nutraceutical / Botanical
vitis-vinifera-leaf	BOTANICAL_OR_ORGANISM_PREPARATION	Non-FDA / Dietary Supplement	Nutraceutical / Botanical
chamaemelum-nobile-flower	OFF_LABEL_OR_COMPOUNDED	Off-Label / Compounded	Nutraceutical / Botanical
clonidine	APPROVED_MEDICINE	FDA Approved	Small Molecule
sus-scrofa-urethra	MARKETED_PRODUCT_INGREDIENT	Non-FDA / Dietary Supplement	Nutraceutical / Botanical
clindamycin	APPROVED_MEDICINE	FDA Approved	Small Molecule
rupturewort	SUPPLEMENT_INGREDIENT	Non-FDA / Dietary Supplement	Nutraceutical / Botanical
melatonin	SUPPLEMENT_INGREDIENT	Non-FDA / Dietary Supplement	Nutraceutical / Botanical
methotrexate	APPROVED_MEDICINE	FDA Approved	Small Molecule
pleospora-herbarum	BOTANICAL_OR_ORGANISM_PREPARATION	Non-FDA / Dietary Supplement	Nutraceutical / Botanical
acyclovir	APPROVED_MEDICINE	FDA Approved	Small Molecule
cassava	BOTANICAL_OR_ORGANISM_PREPARATION	Non-FDA / Dietary Supplement	Nutraceutical / Botanical
chervil	BOTANICAL_OR_ORGANISM_PREPARATION	Non-FDA / Dietary Supplement	Nutraceutical / Botanical
montelukast	APPROVED_MEDICINE	FDA Approved	Small Molecule
metoprolol	APPROVED_MEDICINE	FDA Approved	Small Molecule
acacia	BOTANICAL_OR_ORGANISM_PREPARATION	Non-FDA / Dietary Supplement	Nutraceutical / Botanical
chelidonium-majus-root	BOTANICAL_OR_ORGANISM_PREPARATION	Non-FDA / Dietary Supplement	Nutraceutical / Botanical
quercus-marilandica-pollen	BOTANICAL_OR_ORGANISM_PREPARATION	Non-FDA / Dietary Supplement	Nutraceutical / Botanical
rivaroxaban	APPROVED_MEDICINE	FDA Approved	Small Molecule
guggul	SUPPLEMENT_INGREDIENT	Non-FDA / Dietary Supplement	Nutraceutical / Botanical
semaglutide	APPROVED_BIOLOGIC	FDA Approved	Peptide / GLP-1 Agonist
east-indian-lemongrass-oil	SUPPLEMENT_INGREDIENT	Non-FDA / Dietary Supplement	Nutraceutical / Botanical
zinnia-elegans-whole	BOTANICAL_OR_ORGANISM_PREPARATION	Non-FDA / Dietary Supplement	Nutraceutical / Botanical
sitagliptin	APPROVED_MEDICINE	FDA Approved	Small Molecule
toxicodendron-vernix-leafy-twig	BOTANICAL_OR_ORGANISM_PREPARATION	Non-FDA / Dietary Supplement	Nutraceutical / Botanical
rinfabate	MARKETED_PRODUCT_INGREDIENT	Non-FDA / Dietary Supplement	Nutraceutical / Botanical
haloperidol	APPROVED_MEDICINE	FDA Approved	Small Molecule
vitamin-d3	SUPPLEMENT_INGREDIENT	Non-FDA / Dietary Supplement	Nutraceutical / Botanical
tarragon	BOTANICAL_OR_ORGANISM_PREPARATION	Non-FDA / Dietary Supplement	Nutraceutical / Botanical
ustilago-nuda	INVESTIGATIONAL_MEDICINE	Pre-clinical / Open Source	Nutraceutical / Botanical
codeine	APPROVED_MEDICINE	FDA Approved	Small Molecule
rubus-idaeus-fruit-volatile-oil	MARKETED_PRODUCT_INGREDIENT	Non-FDA / Dietary Supplement	Nutraceutical / Botanical
rosuvastatin	APPROVED_MEDICINE	FDA Approved	Small Molecule
ruthenium	SUPPLEMENT_INGREDIENT	Non-FDA / Dietary Supplement	Nutraceutical / Botanical
camu-camu-extract	SUPPLEMENT_INGREDIENT	Non-FDA / Dietary Supplement	Nutraceutical / Botanical
egg-protein	SUPPLEMENT_INGREDIENT	Non-FDA / Dietary Supplement	Nutraceutical / Botanical
tetracycline-phosphate-complex	APPROVED_MEDICINE	FDA Approved	Small Molecule
rhaponticin	SUPPLEMENT_INGREDIENT	Non-FDA / Dietary Supplement	Nutraceutical / Botanical
chestnut-rose	BOTANICAL_OR_ORGANISM_PREPARATION	Non-FDA / Dietary Supplement	Nutraceutical / Botanical
interferon-gamma-1b	APPROVED_BIOLOGIC	FDA Approved	Recombinant Protein / Biologic
english-horsemint	SUPPLEMENT_INGREDIENT	Non-FDA / Dietary Supplement	Nutraceutical / Botanical
coenzyme-q10	SUPPLEMENT_INGREDIENT	Non-FDA / Dietary Supplement	Nutraceutical / Botanical
sus-scrofa-bone	BOTANICAL_OR_ORGANISM_PREPARATION	Non-FDA / Dietary Supplement	Nutraceutical / Botanical
carvedilol	APPROVED_MEDICINE	FDA Approved	Small Molecule
indomethacin	APPROVED_MEDICINE	FDA Approved	Small Molecule
bacillus-calmette-guerin-live-antigen-unspecified-substrain	SUPPLEMENT_INGREDIENT	Non-FDA / Dietary Supplement	Nutraceutical / Botanical
olanzapine	APPROVED_MEDICINE	FDA Approved	Small Molecule
digoxin	APPROVED_MEDICINE	FDA Approved	Small Molecule
levetiracetam	APPROVED_MEDICINE	FDA Approved	Small Molecule
c12-17-alkane	MARKETED_PRODUCT_INGREDIENT	Non-FDA / Dietary Supplement	Nutraceutical / Botanical
diamond	SUPPLEMENT_INGREDIENT	Non-FDA / Dietary Supplement	Nutraceutical / Botanical
ceanothus-thyrsiflorus-whole	BOTANICAL_OR_ORGANISM_PREPARATION	Non-FDA / Dietary Supplement	Nutraceutical / Botanical
exenatide	APPROVED_BIOLOGIC	FDA Approved	Peptide / GLP-1 Agonist
pineal-gland	SUPPLEMENT_INGREDIENT	Non-FDA / Dietary Supplement	Nutraceutical / Botanical
glucose-polymer	SUPPLEMENT_INGREDIENT	Non-FDA / Dietary Supplement	Nutraceutical / Botanical
populus-tremuloides-pollen	BOTANICAL_OR_ORGANISM_PREPARATION	Non-FDA / Dietary Supplement	Nutraceutical / Botanical
laureth-7	MARKETED_PRODUCT_INGREDIENT	FDA Approved	Small Molecule
diltiazem	APPROVED_MEDICINE	FDA Approved	Small Molecule
epimedium	BOTANICAL_OR_ORGANISM_PREPARATION	Non-FDA / Dietary Supplement	Nutraceutical / Botanical
cedar-leaf-oil	SUPPLEMENT_INGREDIENT	Non-FDA / Dietary Supplement	Nutraceutical / Botanical
fluconazole	APPROVED_MEDICINE	FDA Approved	Small Molecule
ocriplasmin	APPROVED_BIOLOGIC	FDA Approved	Recombinant Protein / Biologic
hydroxyzine	APPROVED_MEDICINE	FDA Approved	Small Molecule
acai	SUPPLEMENT_INGREDIENT	Non-FDA / Dietary Supplement	Nutraceutical / Botanical
erysimum-cheiri-seed	BOTANICAL_OR_ORGANISM_PREPARATION	Non-FDA / Dietary Supplement	Nutraceutical / Botanical
flurpiridaz-f-18	APPROVED_MEDICINE	FDA Approved	Small Molecule
l-theanine	SUPPLEMENT_INGREDIENT	Non-FDA / Dietary Supplement	Nutraceutical / Botanical
influenza-a-virus-a-darwin-9-2021-ivr-228-hemagglutinin-antigen	SUPPLEMENT_INGREDIENT	Non-FDA / Dietary Supplement	Nutraceutical / Botanical
beta-bisabolol	MARKETED_PRODUCT_INGREDIENT	FDA Approved	Small Molecule
epoetin	INVESTIGATIONAL_MEDICINE	Pre-clinical / Open Source	Recombinant Protein / Biologic
viola-odorata-whole	BOTANICAL_OR_ORGANISM_PREPARATION	Non-FDA / Dietary Supplement	Nutraceutical / Botanical
thiabendazole	APPROVED_MEDICINE	FDA Approved	Small Molecule
eschsoltzaxanthone	SUPPLEMENT_INGREDIENT	Non-FDA / Dietary Supplement	Nutraceutical / Botanical
flutamide	APPROVED_MEDICINE	FDA Approved	Small Molecule
hydralazine	APPROVED_MEDICINE	FDA Approved	Small Molecule
mirtazapine	APPROVED_MEDICINE	FDA Approved	Small Molecule
zinc	SUPPLEMENT_INGREDIENT	Non-FDA / Dietary Supplement	Nutraceutical / Botanical
willow-bark	SUPPLEMENT_INGREDIENT	Non-FDA / Dietary Supplement	Nutraceutical / Botanical
naproxen	APPROVED_MEDICINE	FDA Approved	Small Molecule
selenomethionine	SUPPLEMENT_INGREDIENT	Non-FDA / Dietary Supplement	Nutraceutical / Botanical
urea-c-14	APPROVED_MEDICINE	FDA Approved	Small Molecule
perilla-frutescens-leaf	OFF_LABEL_OR_COMPOUNDED	Off-Label / Compounded	Nutraceutical / Botanical
diphenhydramine-hcl	APPROVED_MEDICINE	FDA Approved	Small Molecule
follistatin-344	INVESTIGATIONAL_MEDICINE	Phase 2 Investigational	Recombinant Protein / Biologic
cyclosporine	APPROVED_MEDICINE	FDA Approved	Small Molecule
acer-macrophyllum-pollen	INVESTIGATIONAL_MEDICINE	Pre-clinical / Open Source	Nutraceutical / Botanical
salmeterol	APPROVED_MEDICINE	FDA Approved	Small Molecule
iris-tenax	BOTANICAL_OR_ORGANISM_PREPARATION	Non-FDA / Dietary Supplement	Nutraceutical / Botanical
vancomycin	APPROVED_MEDICINE	FDA Approved	Small Molecule
sesamum-indicum-whole	BOTANICAL_OR_ORGANISM_PREPARATION	Non-FDA / Dietary Supplement	Nutraceutical / Botanical
tungsten-disulfide	MARKETED_PRODUCT_INGREDIENT	Non-FDA / Dietary Supplement	Nutraceutical / Botanical
sheep-wool	SUPPLEMENT_INGREDIENT	Non-FDA / Dietary Supplement	Nutraceutical / Botanical
lithium	SUPPLEMENT_INGREDIENT	Non-FDA / Dietary Supplement	Nutraceutical / Botanical
terbinafine	APPROVED_MEDICINE	FDA Approved	Small Molecule
prunus-armeniaca-seed	BOTANICAL_OR_ORGANISM_PREPARATION	Non-FDA / Dietary Supplement	Nutraceutical / Botanical
trazodone	APPROVED_MEDICINE	FDA Approved	Small Molecule
etanercept	APPROVED_BIOLOGIC	FDA Approved	Recombinant Protein / Biologic
sorbitan-isostearate	MARKETED_PRODUCT_INGREDIENT	FDA Approved	Small Molecule
modafinil	APPROVED_MEDICINE	FDA Approved	Small Molecule
silver-fluoride	MARKETED_PRODUCT_INGREDIENT	Non-FDA / Dietary Supplement	Nutraceutical / Botanical
equisetum-arvense-top	BOTANICAL_OR_ORGANISM_PREPARATION	Non-FDA / Dietary Supplement	Nutraceutical / Botanical
hydrolysed-marine-collagen	APPROVED_MEDICINE	FDA Approved	Small Molecule
streptococcus-pneumoniae-type-10a-capsular-polysaccharide-diphtheria-crm197-protein-conjugat	INVESTIGATIONAL_MEDICINE	Pre-clinical / Open Source	Recombinant Protein / Biologic
chinese-goldthread	SUPPLEMENT_INGREDIENT	Non-FDA / Dietary Supplement	Nutraceutical / Botanical
ivabradine	APPROVED_MEDICINE	FDA Approved	Small Molecule
petunidin	SUPPLEMENT_INGREDIENT	Non-FDA / Dietary Supplement	Nutraceutical / Botanical
cuprous	SUPPLEMENT_INGREDIENT	Non-FDA / Dietary Supplement	Nutraceutical / Botanical
chaenomeles-lagenaria-whole	BOTANICAL_OR_ORGANISM_PREPARATION	Non-FDA / Dietary Supplement	Nutraceutical / Botanical
mesalamine	APPROVED_MEDICINE	FDA Approved	Small Molecule
erlotinib	APPROVED_MEDICINE	FDA Approved	Small Molecule
chelone-glabra-whole	BOTANICAL_OR_ORGANISM_PREPARATION	Non-FDA / Dietary Supplement	Nutraceutical / Botanical
trastuzumab	APPROVED_BIOLOGIC	FDA Approved	Monoclonal Antibody (mAb)
chimaphila-umbellata-whole	BOTANICAL_OR_ORGANISM_PREPARATION	Non-FDA / Dietary Supplement	Nutraceutical / Botanical
perfluoropolymethylisopropyl-ether	APPROVED_MEDICINE	FDA Approved	Small Molecule
sus-scrofa-pancreas	BOTANICAL_OR_ORGANISM_PREPARATION	Non-FDA / Dietary Supplement	Nutraceutical / Botanical
7a-alpha-methyl-estra-4-en-3-17-dione	SUPPLEMENT_INGREDIENT	Non-FDA / Dietary Supplement	Nutraceutical / Botanical
taurine	SUPPLEMENT_INGREDIENT	Non-FDA / Dietary Supplement	Nutraceutical / Botanical
19-nor-dhea	SUPPLEMENT_INGREDIENT	Non-FDA / Dietary Supplement	Nutraceutical / Botanical
chinatree	SUPPLEMENT_INGREDIENT	Non-FDA / Dietary Supplement	Nutraceutical / Botanical
diflorasone	APPROVED_MEDICINE	FDA Approved	Small Molecule
lithium-sulfate	SUPPLEMENT_INGREDIENT	Non-FDA / Dietary Supplement	Nutraceutical / Botanical
fragaria-vesca-whole	BOTANICAL_OR_ORGANISM_PREPARATION	Non-FDA / Dietary Supplement	Nutraceutical / Botanical
cirsium-oligophyllum	BOTANICAL_OR_ORGANISM_PREPARATION	Non-FDA / Dietary Supplement	Nutraceutical / Botanical
clostridioides-difficile	BOTANICAL_OR_ORGANISM_PREPARATION	Non-FDA / Dietary Supplement	Nutraceutical / Botanical
saffron-extract	SUPPLEMENT_INGREDIENT	Non-FDA / Dietary Supplement	Nutraceutical / Botanical
cnidium-monnieri-fruit-oil	SUPPLEMENT_INGREDIENT	Non-FDA / Dietary Supplement	Nutraceutical / Botanical
gallium	SUPPLEMENT_INGREDIENT	Non-FDA / Dietary Supplement	Small Molecule
acetoglyceride	SUPPLEMENT_INGREDIENT	Non-FDA / Dietary Supplement	Nutraceutical / Botanical
black-eyed-susan	SUPPLEMENT_INGREDIENT	Non-FDA / Dietary Supplement	Nutraceutical / Botanical
indium	SUPPLEMENT_INGREDIENT	Non-FDA / Dietary Supplement	Nutraceutical / Botanical
rubidium	SUPPLEMENT_INGREDIENT	Non-FDA / Dietary Supplement	Nutraceutical / Botanical
ashoka	SUPPLEMENT_INGREDIENT	Non-FDA / Dietary Supplement	Nutraceutical / Botanical
ginkgo	SUPPLEMENT_INGREDIENT	Non-FDA / Dietary Supplement	Nutraceutical / Botanical
semecarpus-anacardium	BOTANICAL_OR_ORGANISM_PREPARATION	Non-FDA / Dietary Supplement	Nutraceutical / Botanical
dexmedetomidine	APPROVED_MEDICINE	FDA Approved	Small Molecule
1-androstenolone	SUPPLEMENT_INGREDIENT	Non-FDA / Dietary Supplement	Nutraceutical / Botanical
tabanus-nigrovittatus	BOTANICAL_OR_ORGANISM_PREPARATION	Non-FDA / Dietary Supplement	Nutraceutical / Botanical
escherichia-coli	BOTANICAL_OR_ORGANISM_PREPARATION	Non-FDA / Dietary Supplement	Nutraceutical / Botanical
27-deoxyactein	SUPPLEMENT_INGREDIENT	Non-FDA / Dietary Supplement	Nutraceutical / Botanical
alseroxylon	APPROVED_MEDICINE	FDA Approved	Small Molecule
cananga-odorata-leaf-oil	SUPPLEMENT_INGREDIENT	Non-FDA / Dietary Supplement	Nutraceutical / Botanical
peginesatide	APPROVED_BIOLOGIC	FDA Approved	Peptide / GLP-1 Agonist
2-3-7-8-tetrachlorodibenzo-p-dioxin	MARKETED_PRODUCT_INGREDIENT	Non-FDA / Dietary Supplement	Nutraceutical / Botanical
siegesbeckia	BOTANICAL_OR_ORGANISM_PREPARATION	Non-FDA / Dietary Supplement	Nutraceutical / Botanical
albiglutide	APPROVED_BIOLOGIC	FDA Approved	Peptide / GLP-1 Agonist
2-butoxyethyl-laurate	MARKETED_PRODUCT_INGREDIENT	Non-FDA / Dietary Supplement	Nutraceutical / Botanical
centaury	SUPPLEMENT_INGREDIENT	Non-FDA / Dietary Supplement	Nutraceutical / Botanical
3-4-divanillyltetrahydrofuran	SUPPLEMENT_INGREDIENT	Non-FDA / Dietary Supplement	Nutraceutical / Botanical
4-androstene-3-6-17-trione	SUPPLEMENT_INGREDIENT	Non-FDA / Dietary Supplement	Nutraceutical / Botanical
helianthemum-canadense	BOTANICAL_OR_ORGANISM_PREPARATION	Non-FDA / Dietary Supplement	Nutraceutical / Botanical
3-alpha-hydroxyetioallocholan-17-one	SUPPLEMENT_INGREDIENT	Non-FDA / Dietary Supplement	Nutraceutical / Botanical
sodium-selenite	SUPPLEMENT_INGREDIENT	Non-FDA / Dietary Supplement	Nutraceutical / Botanical
fenugreek-leaf	BOTANICAL_OR_ORGANISM_PREPARATION	Non-FDA / Dietary Supplement	Nutraceutical / Botanical
strontium-chloride-hexahydrate	MARKETED_PRODUCT_INGREDIENT	Non-FDA / Dietary Supplement	Nutraceutical / Botanical
hedera-helix-flowering-twig	BOTANICAL_OR_ORGANISM_PREPARATION	Non-FDA / Dietary Supplement	Nutraceutical / Botanical
taxillus-chinensis	BOTANICAL_OR_ORGANISM_PREPARATION	Non-FDA / Dietary Supplement	Nutraceutical / Botanical
cinnamomum-verum-whole	BOTANICAL_OR_ORGANISM_PREPARATION	Non-FDA / Dietary Supplement	Nutraceutical / Botanical
3beta-hydroxy-5alpha-androst-1-en-17-one	SUPPLEMENT_INGREDIENT	Non-FDA / Dietary Supplement	Nutraceutical / Botanical
5-7-dimethoxyflavone	SUPPLEMENT_INGREDIENT	Non-FDA / Dietary Supplement	Nutraceutical / Botanical
glycyl-l-glutamine	SUPPLEMENT_INGREDIENT	Non-FDA / Dietary Supplement	Nutraceutical / Botanical
3-methylphthalanilic-acid	MARKETED_PRODUCT_INGREDIENT	Non-FDA / Dietary Supplement	Nutraceutical / Botanical
trifolium-repens-flower	BOTANICAL_OR_ORGANISM_PREPARATION	Non-FDA / Dietary Supplement	Nutraceutical / Botanical
omega-11	SUPPLEMENT_INGREDIENT	Non-FDA / Dietary Supplement	Nutraceutical / Botanical
rosy-conk	SUPPLEMENT_INGREDIENT	Non-FDA / Dietary Supplement	Nutraceutical / Botanical
5-androsten-3beta-ol-17-one	SUPPLEMENT_INGREDIENT	Non-FDA / Dietary Supplement	Nutraceutical / Botanical
9-hydroxy-alpha-naphthoflavone	SUPPLEMENT_INGREDIENT	Non-FDA / Dietary Supplement	Nutraceutical / Botanical
ruthenium-tribromide	MARKETED_PRODUCT_INGREDIENT	Non-FDA / Dietary Supplement	Nutraceutical / Botanical
6-bromoandrostenedione	SUPPLEMENT_INGREDIENT	Non-FDA / Dietary Supplement	Nutraceutical / Botanical
clematis-recta-whole	BOTANICAL_OR_ORGANISM_PREPARATION	Non-FDA / Dietary Supplement	Nutraceutical / Botanical
bioflavonoid	SUPPLEMENT_INGREDIENT	Non-FDA / Dietary Supplement	Nutraceutical / Botanical
amprenavir	APPROVED_MEDICINE	FDA Approved	Small Molecule
aegeline	SUPPLEMENT_INGREDIENT	Non-FDA / Dietary Supplement	Nutraceutical / Botanical
tapioca-fiber	SUPPLEMENT_INGREDIENT	Non-FDA / Dietary Supplement	Nutraceutical / Botanical
vincetoxicum-hirundinaria-root	BOTANICAL_OR_ORGANISM_PREPARATION	Non-FDA / Dietary Supplement	Nutraceutical / Botanical
acrisorcin	APPROVED_MEDICINE	FDA Approved	Small Molecule
anthracene	MARKETED_PRODUCT_INGREDIENT	Non-FDA / Dietary Supplement	Nutraceutical / Botanical
cream	SUPPLEMENT_INGREDIENT	Non-FDA / Dietary Supplement	Nutraceutical / Botanical
alclometasone	APPROVED_MEDICINE	FDA Approved	Small Molecule
tragacanth	SUPPLEMENT_INGREDIENT	Non-FDA / Dietary Supplement	Nutraceutical / Botanical
dipeptigylpeptidase	SUPPLEMENT_INGREDIENT	Non-FDA / Dietary Supplement	Recombinant Protein / Biologic
bos-taurus-bone-marrow	SUPPLEMENT_INGREDIENT	Non-FDA / Dietary Supplement	Nutraceutical / Botanical
invert-sugar	APPROVED_MEDICINE	FDA Approved	Small Molecule
plozasiran	APPROVED_BIOLOGIC	FDA Approved	siRNA (Small Interfering RNA)
tacrolimus	APPROVED_MEDICINE	FDA Approved	Small Molecule
bacampicillin	APPROVED_MEDICINE	FDA Approved	Small Molecule
alfentanil	APPROVED_MEDICINE	FDA Approved	Small Molecule
frangula-californica-bark	BOTANICAL_OR_ORGANISM_PREPARATION	Non-FDA / Dietary Supplement	Nutraceutical / Botanical
bortezomib	APPROVED_MEDICINE	FDA Approved	Small Molecule
vitex-negundo	BOTANICAL_OR_ORGANISM_PREPARATION	Non-FDA / Dietary Supplement	Nutraceutical / Botanical
quercus-robur-twig-bark	MARKETED_PRODUCT_INGREDIENT	Non-FDA / Dietary Supplement	Nutraceutical / Botanical
aminoglutethimide	APPROVED_MEDICINE	FDA Approved	Small Molecule
azurite	MARKETED_PRODUCT_INGREDIENT	Non-FDA / Dietary Supplement	Nutraceutical / Botanical
cornus-nuttallii-whole	BOTANICAL_OR_ORGANISM_PREPARATION	Non-FDA / Dietary Supplement	Nutraceutical / Botanical
acetophenazine	APPROVED_MEDICINE	FDA Approved	Small Molecule
androstenetriol	SUPPLEMENT_INGREDIENT	Non-FDA / Dietary Supplement	Nutraceutical / Botanical
bentiromide	APPROVED_MEDICINE	FDA Approved	Small Molecule
azlocillin	APPROVED_MEDICINE	FDA Approved	Small Molecule
tartarian-aster	SUPPLEMENT_INGREDIENT	Non-FDA / Dietary Supplement	Nutraceutical / Botanical
benfluorex	WITHDRAWN_MEDICINE	Withdrawn from Market	Small Molecule
iris-x-germanica-root	BOTANICAL_OR_ORGANISM_PREPARATION	Non-FDA / Dietary Supplement	Nutraceutical / Botanical
jojoba-oil	MARKETED_PRODUCT_INGREDIENT	FDA Approved	Small Molecule
beta-galactosidase	SUPPLEMENT_INGREDIENT	Non-FDA / Dietary Supplement	Recombinant Protein / Biologic
cucurbita-pepo-flower	BOTANICAL_OR_ORGANISM_PREPARATION	Non-FDA / Dietary Supplement	Nutraceutical / Botanical
leuzea-carthamoides-root	MARKETED_PRODUCT_INGREDIENT	FDA Approved	Nutraceutical / Botanical
torreya-nucifera-seed-oil	MARKETED_PRODUCT_INGREDIENT	Non-FDA / Dietary Supplement	Nutraceutical / Botanical
beryllium-fluoride	SUPPLEMENT_INGREDIENT	Non-FDA / Dietary Supplement	Nutraceutical / Botanical
boron-oxide	SUPPLEMENT_INGREDIENT	Non-FDA / Dietary Supplement	Nutraceutical / Botanical
kokilaksha	SUPPLEMENT_INGREDIENT	Non-FDA / Dietary Supplement	Nutraceutical / Botanical
beta-phenethylamine	SUPPLEMENT_INGREDIENT	Non-FDA / Dietary Supplement	Nutraceutical / Botanical
beta-pinene	SUPPLEMENT_INGREDIENT	Non-FDA / Dietary Supplement	Nutraceutical / Botanical
lactobacillus-delbrueckii-bulgaricus	SUPPLEMENT_INGREDIENT	Non-FDA / Dietary Supplement	Nutraceutical / Botanical
betazole	APPROVED_MEDICINE	FDA Approved	Small Molecule
loperamide	APPROVED_MEDICINE	FDA Approved	Small Molecule
bis-ethylhexyloxyphenol-methoxyphenyl-triazine	MARKETED_PRODUCT_INGREDIENT	FDA Approved	Small Molecule
bethanidine	APPROVED_MEDICINE	FDA Approved	Small Molecule
bisabolol	SUPPLEMENT_INGREDIENT	Non-FDA / Dietary Supplement	Nutraceutical / Botanical
tiger-lily	SUPPLEMENT_INGREDIENT	Non-FDA / Dietary Supplement	Nutraceutical / Botanical
bifenthrin	MARKETED_PRODUCT_INGREDIENT	Non-FDA / Dietary Supplement	Nutraceutical / Botanical
simmondsia-chinensis-seed-oil	MARKETED_PRODUCT_INGREDIENT	FDA Approved	Nutraceutical / Botanical
bismuth-oxide	SUPPLEMENT_INGREDIENT	Non-FDA / Dietary Supplement	Nutraceutical / Botanical
iomeprol	APPROVED_MEDICINE	FDA Approved	Small Molecule
biochanin	SUPPLEMENT_INGREDIENT	Non-FDA / Dietary Supplement	Nutraceutical / Botanical
wolfiporia-cocos-whole	BOTANICAL_OR_ORGANISM_PREPARATION	Non-FDA / Dietary Supplement	Nutraceutical / Botanical
aster-tataricus	BOTANICAL_OR_ORGANISM_PREPARATION	Non-FDA / Dietary Supplement	Nutraceutical / Botanical
loeselia-mexicana-whole	BOTANICAL_OR_ORGANISM_PREPARATION	Non-FDA / Dietary Supplement	Nutraceutical / Botanical
vegetable-fiber	SUPPLEMENT_INGREDIENT	Non-FDA / Dietary Supplement	Nutraceutical / Botanical
linoleic-acid	MARKETED_PRODUCT_INGREDIENT	FDA Approved	Nutraceutical / Botanical
sanguinarine	REGISTRY_ONLY_IDENTITY	Non-FDA / Dietary Supplement	Nutraceutical / Botanical
biotinoyl-tripeptide-1	MARKETED_PRODUCT_INGREDIENT	FDA Approved	Small Molecule
ambrosia-deltoidea-pollen	INVESTIGATIONAL_MEDICINE	Pre-clinical / Open Source	Nutraceutical / Botanical
carnosol	SUPPLEMENT_INGREDIENT	Non-FDA / Dietary Supplement	Nutraceutical / Botanical
oxyphenbutazone	APPROVED_MEDICINE	FDA Approved	Small Molecule
stanozolol	WITHDRAWN_MEDICINE	Withdrawn from Market	Small Molecule
olpasiran	INVESTIGATIONAL_MEDICINE	Phase 3 Clinical Trial	siRNA (Small Interfering RNA)
bisphenol-a	SUPPLEMENT_INGREDIENT	Non-FDA / Dietary Supplement	Nutraceutical / Botanical
sulfanilamide	APPROVED_MEDICINE	FDA Approved	Small Molecule
neurospora-intermedia	INVESTIGATIONAL_MEDICINE	Pre-clinical / Open Source	Nutraceutical / Botanical
paecilomyces-variotii	INVESTIGATIONAL_MEDICINE	Pre-clinical / Open Source	Nutraceutical / Botanical
xerophyllum-asphodeloides-whole	BOTANICAL_OR_ORGANISM_PREPARATION	Non-FDA / Dietary Supplement	Nutraceutical / Botanical
boldenone	CONTROLLED_NO_APPROVED_USE	Controlled / No Approved Use	Small Molecule
capreomycin	APPROVED_MEDICINE	FDA Approved	Small Molecule
acer-saccharinum-pollen	BOTANICAL_OR_ORGANISM_PREPARATION	Non-FDA / Dietary Supplement	Nutraceutical / Botanical
burning-bush	SUPPLEMENT_INGREDIENT	Non-FDA / Dietary Supplement	Nutraceutical / Botanical
talquetamab-tgvs	APPROVED_BIOLOGIC	FDA Approved	Recombinant Protein / Biologic
borneol	MARKETED_PRODUCT_INGREDIENT	FDA Approved	Nutraceutical / Botanical
talbutal	APPROVED_MEDICINE	FDA Approved	Small Molecule
capric-acid	SUPPLEMENT_INGREDIENT	Non-FDA / Dietary Supplement	Nutraceutical / Botanical
branched-chain-amino-acids	SUPPLEMENT_INGREDIENT	Non-FDA / Dietary Supplement	Nutraceutical / Botanical
mentha-haplocalyx	BOTANICAL_OR_ORGANISM_PREPARATION	Non-FDA / Dietary Supplement	Nutraceutical / Botanical
boswellic-acid	SUPPLEMENT_INGREDIENT	Non-FDA / Dietary Supplement	Nutraceutical / Botanical
turmeric	APPROVED_MEDICINE	FDA Approved	Nutraceutical / Botanical
mother-of-pearl	SUPPLEMENT_INGREDIENT	Non-FDA / Dietary Supplement	Nutraceutical / Botanical
purple-tea	SUPPLEMENT_INGREDIENT	Non-FDA / Dietary Supplement	Nutraceutical / Botanical
butabarbital	APPROVED_MEDICINE	FDA Approved	Small Molecule
cadmium-iodide	SUPPLEMENT_INGREDIENT	Non-FDA / Dietary Supplement	Nutraceutical / Botanical
atractylodes	BOTANICAL_OR_ORGANISM_PREPARATION	Non-FDA / Dietary Supplement	Nutraceutical / Botanical
butylbenzene	MARKETED_PRODUCT_INGREDIENT	Non-FDA / Dietary Supplement	Nutraceutical / Botanical
atractylodes-lancea-root	MARKETED_PRODUCT_INGREDIENT	FDA Approved	Nutraceutical / Botanical
diplacus-aurantiacus-whole	BOTANICAL_OR_ORGANISM_PREPARATION	Non-FDA / Dietary Supplement	Nutraceutical / Botanical
cadmium-chloride	SUPPLEMENT_INGREDIENT	Non-FDA / Dietary Supplement	Nutraceutical / Botanical
calcitonin-human	APPROVED_MEDICINE	FDA Approved	Small Molecule
catechins	SUPPLEMENT_INGREDIENT	Non-FDA / Dietary Supplement	Nutraceutical / Botanical
atriplex-polycarpa-pollen	BOTANICAL_OR_ORGANISM_PREPARATION	Non-FDA / Dietary Supplement	Nutraceutical / Botanical
calcium-palmitate	SUPPLEMENT_INGREDIENT	Non-FDA / Dietary Supplement	Nutraceutical / Botanical
calcium-alpha-ketoglutarate	SUPPLEMENT_INGREDIENT	Non-FDA / Dietary Supplement	Nutraceutical / Botanical
atriplex-wrightii-pollen	BOTANICAL_OR_ORGANISM_PREPARATION	Non-FDA / Dietary Supplement	Nutraceutical / Botanical
calcium	APPROVED_MEDICINE	FDA Approved	Nutraceutical / Botanical
bacillus-anthracis-strain-v770-np1-r-antigens	INVESTIGATIONAL_MEDICINE	Pre-clinical / Open Source	Recombinant Protein / Biologic
calcium-phytate	SUPPLEMENT_INGREDIENT	Non-FDA / Dietary Supplement	Nutraceutical / Botanical
calcium-arsenate	SUPPLEMENT_INGREDIENT	Non-FDA / Dietary Supplement	Nutraceutical / Botanical
camphechlor	MARKETED_PRODUCT_INGREDIENT	Non-FDA / Dietary Supplement	Nutraceutical / Botanical
schisandrins	SUPPLEMENT_INGREDIENT	Non-FDA / Dietary Supplement	Nutraceutical / Botanical
calcium-cation	APPROVED_MEDICINE	FDA Approved	Nutraceutical / Botanical
carbenicillin	APPROVED_MEDICINE	FDA Approved	Small Molecule
trimethadione	APPROVED_MEDICINE	FDA Approved	Small Molecule
apiole	MARKETED_PRODUCT_INGREDIENT	Non-FDA / Dietary Supplement	Nutraceutical / Botanical
anamu	SUPPLEMENT_INGREDIENT	Non-FDA / Dietary Supplement	Nutraceutical / Botanical
calcium-citrate	SUPPLEMENT_INGREDIENT	Non-FDA / Dietary Supplement	Nutraceutical / Botanical
bos-taurus-lymph-vessel	SUPPLEMENT_INGREDIENT	Non-FDA / Dietary Supplement	Nutraceutical / Botanical
cannabinol	SUPPLEMENT_INGREDIENT	Non-FDA / Dietary Supplement	Nutraceutical / Botanical
ornithogalum-umbellatum-bulb	BOTANICAL_OR_ORGANISM_PREPARATION	Non-FDA / Dietary Supplement	Nutraceutical / Botanical
theacrine	SUPPLEMENT_INGREDIENT	Non-FDA / Dietary Supplement	Nutraceutical / Botanical
calcium-bromate	SUPPLEMENT_INGREDIENT	Non-FDA / Dietary Supplement	Nutraceutical / Botanical
tocopheryl-retinoate	MARKETED_PRODUCT_INGREDIENT	FDA Approved	Small Molecule
lonicera-caprifolium-flower	BOTANICAL_OR_ORGANISM_PREPARATION	Non-FDA / Dietary Supplement	Nutraceutical / Botanical
caprylic-acid	SUPPLEMENT_INGREDIENT	Non-FDA / Dietary Supplement	Nutraceutical / Botanical
carbenicillin-indanyl	APPROVED_MEDICINE	FDA Approved	Small Molecule
cascaroside	SUPPLEMENT_INGREDIENT	Non-FDA / Dietary Supplement	Nutraceutical / Botanical
brussel-sprout	SUPPLEMENT_INGREDIENT	Non-FDA / Dietary Supplement	Nutraceutical / Botanical
bos-taurus-nerve	SUPPLEMENT_INGREDIENT	Non-FDA / Dietary Supplement	Nutraceutical / Botanical
carcinine	SUPPLEMENT_INGREDIENT	Non-FDA / Dietary Supplement	Nutraceutical / Botanical
muira-puama	SUPPLEMENT_INGREDIENT	Non-FDA / Dietary Supplement	Nutraceutical / Botanical
carbon-monoxide	SUPPLEMENT_INGREDIENT	Non-FDA / Dietary Supplement	Nutraceutical / Botanical
tropicamide	APPROVED_MEDICINE	FDA Approved	Small Molecule
interleukin-5	MARKETED_PRODUCT_INGREDIENT	Non-FDA / Dietary Supplement	Nutraceutical / Botanical
carbon-tetrachloride	SUPPLEMENT_INGREDIENT	Non-FDA / Dietary Supplement	Nutraceutical / Botanical
helminthosporium-solani	INVESTIGATIONAL_MEDICINE	Pre-clinical / Open Source	Nutraceutical / Botanical
carbonate-ion	SUPPLEMENT_INGREDIENT	Non-FDA / Dietary Supplement	Nutraceutical / Botanical
cefonicid	APPROVED_MEDICINE	FDA Approved	Small Molecule
juniperus-monosperma-pollen	BOTANICAL_OR_ORGANISM_PREPARATION	Non-FDA / Dietary Supplement	Nutraceutical / Botanical
thorium	SUPPLEMENT_INGREDIENT	Non-FDA / Dietary Supplement	Nutraceutical / Botanical
azadirachta-indica-flower	BOTANICAL_OR_ORGANISM_PREPARATION	Non-FDA / Dietary Supplement	Nutraceutical / Botanical
conium-maculatum-whole	BOTANICAL_OR_ORGANISM_PREPARATION	Non-FDA / Dietary Supplement	Nutraceutical / Botanical
nerve-growth-factor	SUPPLEMENT_INGREDIENT	Non-FDA / Dietary Supplement	Nutraceutical / Botanical
trimethaphan	APPROVED_MEDICINE	FDA Approved	Small Molecule
niobium-pentachloride	SUPPLEMENT_INGREDIENT	Non-FDA / Dietary Supplement	Nutraceutical / Botanical
ophiopogon	BOTANICAL_OR_ORGANISM_PREPARATION	Non-FDA / Dietary Supplement	Nutraceutical / Botanical
carphenazine	APPROVED_MEDICINE	FDA Approved	Small Molecule
cetearyl-ethylhexanoate	MARKETED_PRODUCT_INGREDIENT	FDA Approved	Small Molecule
titanium-dichloride	MARKETED_PRODUCT_INGREDIENT	Non-FDA / Dietary Supplement	Nutraceutical / Botanical
nectarine	BOTANICAL_OR_ORGANISM_PREPARATION	Non-FDA / Dietary Supplement	Nutraceutical / Botanical
carvacrol	SUPPLEMENT_INGREDIENT	Non-FDA / Dietary Supplement	Nutraceutical / Botanical
tolazoline	APPROVED_MEDICINE	FDA Approved	Small Molecule
melaleuca-citrina-pollen	INVESTIGATIONAL_MEDICINE	Pre-clinical / Open Source	Recombinant Protein / Biologic
carprofen	APPROVED_MEDICINE	FDA Approved	Small Molecule
pellitory-of-the-wall	SUPPLEMENT_INGREDIENT	Non-FDA / Dietary Supplement	Nutraceutical / Botanical
pinus-tabuliformis-pollen	BOTANICAL_OR_ORGANISM_PREPARATION	Non-FDA / Dietary Supplement	Nutraceutical / Botanical
cefotiam	APPROVED_MEDICINE	FDA Approved	Small Molecule
chlormezanone	APPROVED_MEDICINE	FDA Approved	Small Molecule
cobaltous-carbonate	SUPPLEMENT_INGREDIENT	Non-FDA / Dietary Supplement	Nutraceutical / Botanical
summer-flounder	INVESTIGATIONAL_MEDICINE	Pre-clinical / Open Source	Recombinant Protein / Biologic
iodohippurate-sodium-i-123	APPROVED_MEDICINE	FDA Approved	Small Molecule
bacopin	SUPPLEMENT_INGREDIENT	Non-FDA / Dietary Supplement	Nutraceutical / Botanical
poly	APPROVED_MEDICINE	FDA Approved	Small Molecule
prickly-ash	SUPPLEMENT_INGREDIENT	Non-FDA / Dietary Supplement	Nutraceutical / Botanical
beryllium-oxyacetate	SUPPLEMENT_INGREDIENT	Non-FDA / Dietary Supplement	Nutraceutical / Botanical
ceftizoxime	APPROVED_MEDICINE	FDA Approved	Small Molecule
aratinga-erythrogenys-feather	SUPPLEMENT_INGREDIENT	Non-FDA / Dietary Supplement	Nutraceutical / Botanical
leniolisib	APPROVED_MEDICINE	FDA Approved	Small Molecule
orforglipron	APPROVED_MEDICINE	FDA Approved	Small Molecule
cefpiramide	APPROVED_MEDICINE	FDA Approved	Small Molecule
chlorpropamide	APPROVED_MEDICINE	FDA Approved	Small Molecule
betula-lenta-whole	INVESTIGATIONAL_MEDICINE	Pre-clinical / Open Source	Nutraceutical / Botanical
primula-veris-flower	BOTANICAL_OR_ORGANISM_PREPARATION	Non-FDA / Dietary Supplement	Nutraceutical / Botanical
centanafadine	APPROVED_MEDICINE	FDA Approved	Small Molecule
brassica-rapa-pollen	INVESTIGATIONAL_MEDICINE	Pre-clinical / Open Source	Nutraceutical / Botanical
dimethyloleuropein	SUPPLEMENT_INGREDIENT	Non-FDA / Dietary Supplement	Nutraceutical / Botanical
bos-taurus-parathyroid-gland	SUPPLEMENT_INGREDIENT	Non-FDA / Dietary Supplement	Nutraceutical / Botanical
ceric-oxide	SUPPLEMENT_INGREDIENT	Non-FDA / Dietary Supplement	Nutraceutical / Botanical
fraxinus-latifolia-pollen	INVESTIGATIONAL_MEDICINE	Pre-clinical / Open Source	Nutraceutical / Botanical
cerivastatin	WITHDRAWN_MEDICINE	Withdrawn from Market	Small Molecule
chromium-picolinate	SUPPLEMENT_INGREDIENT	Non-FDA / Dietary Supplement	Nutraceutical / Botanical
astacus-astacus	BOTANICAL_OR_ORGANISM_PREPARATION	Non-FDA / Dietary Supplement	Nutraceutical / Botanical
hydrogen-cyanide	SUPPLEMENT_INGREDIENT	Non-FDA / Dietary Supplement	Nutraceutical / Botanical
l-norvaline	SUPPLEMENT_INGREDIENT	Non-FDA / Dietary Supplement	Nutraceutical / Botanical
echium-plantagineum	BOTANICAL_OR_ORGANISM_PREPARATION	Non-FDA / Dietary Supplement	Nutraceutical / Botanical
technetium-tc-99m-labeled-carbon	APPROVED_MEDICINE	FDA Approved	Small Molecule
cetyl-myristate	SUPPLEMENT_INGREDIENT	Non-FDA / Dietary Supplement	Nutraceutical / Botanical
chloride-ion	SUPPLEMENT_INGREDIENT	Non-FDA / Dietary Supplement	Nutraceutical / Botanical
cladosporium-cladosporioides	BOTANICAL_OR_ORGANISM_PREPARATION	Non-FDA / Dietary Supplement	Nutraceutical / Botanical
cetyl-palmitate	SUPPLEMENT_INGREDIENT	Non-FDA / Dietary Supplement	Nutraceutical / Botanical
chlorotrianisene	APPROVED_MEDICINE	FDA Approved	Small Molecule
bassia-scoparia-fruit	BOTANICAL_OR_ORGANISM_PREPARATION	Non-FDA / Dietary Supplement	Nutraceutical / Botanical
senna-auriculata	BOTANICAL_OR_ORGANISM_PREPARATION	Non-FDA / Dietary Supplement	Nutraceutical / Botanical
cetyl-palmitoleate	SUPPLEMENT_INGREDIENT	Non-FDA / Dietary Supplement	Nutraceutical / Botanical
influenza-b-virus-b-tokyo-eis13-175-2025-antigen	INVESTIGATIONAL_MEDICINE	Pre-clinical / Open Source	Recombinant Protein / Biologic
chromium-ascorbate	SUPPLEMENT_INGREDIENT	Non-FDA / Dietary Supplement	Nutraceutical / Botanical
pleurotus-ostreatus-whole	BOTANICAL_OR_ORGANISM_PREPARATION	Non-FDA / Dietary Supplement	Nutraceutical / Botanical
chlorophyll	SUPPLEMENT_INGREDIENT	Non-FDA / Dietary Supplement	Nutraceutical / Botanical
human-rotavirus-a-type-g2p7-strain-sc2-live-antigen	INVESTIGATIONAL_MEDICINE	Pre-clinical / Open Source	Recombinant Protein / Biologic
bos-taurus-spinal-cord	SUPPLEMENT_INGREDIENT	Non-FDA / Dietary Supplement	Nutraceutical / Botanical
lithium-carbonate	APPROVED_MEDICINE	FDA Approved	Small Molecule
cyclanthera-pedata	BOTANICAL_OR_ORGANISM_PREPARATION	Non-FDA / Dietary Supplement	Nutraceutical / Botanical
bromus-ramosus-flower	BOTANICAL_OR_ORGANISM_PREPARATION	Non-FDA / Dietary Supplement	Nutraceutical / Botanical
chloroform	MARKETED_PRODUCT_INGREDIENT	Non-FDA / Dietary Supplement	Nutraceutical / Botanical
influenza-a-virus-a-darwin-9-2021-ivr-228-antigen	SUPPLEMENT_INGREDIENT	Non-FDA / Dietary Supplement	Nutraceutical / Botanical
fibrobacter-succinogenes	BOTANICAL_OR_ORGANISM_PREPARATION	Non-FDA / Dietary Supplement	Nutraceutical / Botanical
casein-lactococcus-lactis-cultured-penicillium-roqueforti-cultured-aged	SUPPLEMENT_INGREDIENT	Non-FDA / Dietary Supplement	Nutraceutical / Botanical
influenza-a-virus-a-victoria-2570-2019-ivr-215-antigen	SUPPLEMENT_INGREDIENT	Non-FDA / Dietary Supplement	Nutraceutical / Botanical
fuligo-septica	BOTANICAL_OR_ORGANISM_PREPARATION	Non-FDA / Dietary Supplement	Nutraceutical / Botanical
isoleucine	SUPPLEMENT_INGREDIENT	Non-FDA / Dietary Supplement	Nutraceutical / Botanical
simvastatin	APPROVED_MEDICINE	FDA Approved	Small Molecule
artepillin-c	SUPPLEMENT_INGREDIENT	Non-FDA / Dietary Supplement	Nutraceutical / Botanical
yuzu	BOTANICAL_OR_ORGANISM_PREPARATION	Non-FDA / Dietary Supplement	Nutraceutical / Botanical
levocabastine	APPROVED_MEDICINE	FDA Approved	Small Molecule
chlorprothixene	APPROVED_MEDICINE	FDA Approved	Small Molecule
europium-oxide	SUPPLEMENT_INGREDIENT	Non-FDA / Dietary Supplement	Nutraceutical / Botanical
levomepromazine	APPROVED_MEDICINE	FDA Approved	Small Molecule
taraxacum	BOTANICAL_OR_ORGANISM_PREPARATION	Non-FDA / Dietary Supplement	Nutraceutical / Botanical
chlortetracycline	APPROVED_MEDICINE	FDA Approved	Small Molecule
berberis-repens-root	BOTANICAL_OR_ORGANISM_PREPARATION	Non-FDA / Dietary Supplement	Nutraceutical / Botanical
casein-lactococcus-lactis-cultured-aged	SUPPLEMENT_INGREDIENT	Non-FDA / Dietary Supplement	Nutraceutical / Botanical
chromic-phosphate-p-32	APPROVED_MEDICINE	FDA Approved	Small Molecule
erythranthe-guttata-flowering-top	BOTANICAL_OR_ORGANISM_PREPARATION	Non-FDA / Dietary Supplement	Nutraceutical / Botanical
streptomyces-cellulosae	BOTANICAL_OR_ORGANISM_PREPARATION	Non-FDA / Dietary Supplement	Nutraceutical / Botanical
chromic-sulfate-pentadecahydrate	SUPPLEMENT_INGREDIENT	Non-FDA / Dietary Supplement	Nutraceutical / Botanical
chromium-polynicotinate	SUPPLEMENT_INGREDIENT	Non-FDA / Dietary Supplement	Nutraceutical / Botanical
quercus-macrocarpa-pollen	BOTANICAL_OR_ORGANISM_PREPARATION	Non-FDA / Dietary Supplement	Nutraceutical / Botanical
levomethadyl	APPROVED_MEDICINE	FDA Approved	Small Molecule
chromium-trioxide	SUPPLEMENT_INGREDIENT	Non-FDA / Dietary Supplement	Nutraceutical / Botanical
human-papillomavirus-type-52-l1-capsid-protein-antigen	INVESTIGATIONAL_MEDICINE	Pre-clinical / Open Source	Recombinant Protein / Biologic
rice	BOTANICAL_OR_ORGANISM_PREPARATION	Non-FDA / Dietary Supplement	Nutraceutical / Botanical
pibrentasvir	APPROVED_MEDICINE	FDA Approved	Small Molecule
etidocaine	APPROVED_MEDICINE	FDA Approved	Small Molecule
rehmannia-elata	BOTANICAL_OR_ORGANISM_PREPARATION	Non-FDA / Dietary Supplement	Nutraceutical / Botanical
cisapride	WITHDRAWN_MEDICINE	Withdrawn from Market	Small Molecule
citicholine	SUPPLEMENT_INGREDIENT	Non-FDA / Dietary Supplement	Nutraceutical / Botanical
spleen-extract	SUPPLEMENT_INGREDIENT	Non-FDA / Dietary Supplement	Nutraceutical / Botanical
elasomeran	APPROVED_BIOLOGIC	FDA Approved	mRNA Vaccine / Therapeutic
vitamin	SUPPLEMENT_INGREDIENT	Non-FDA / Dietary Supplement	Nutraceutical / Botanical
citral	MARKETED_PRODUCT_INGREDIENT	FDA Approved	Nutraceutical / Botanical
salsola-tragus-pollen	BOTANICAL_OR_ORGANISM_PREPARATION	Non-FDA / Dietary Supplement	Nutraceutical / Botanical
spanish-needle	SUPPLEMENT_INGREDIENT	Non-FDA / Dietary Supplement	Nutraceutical / Botanical
iscotrizinol	MARKETED_PRODUCT_INGREDIENT	FDA Approved	Small Molecule
antler-horn	SUPPLEMENT_INGREDIENT	Non-FDA / Dietary Supplement	Nutraceutical / Botanical
doxylamine	APPROVED_MEDICINE	FDA Approved	Small Molecule
citrus	SUPPLEMENT_INGREDIENT	Non-FDA / Dietary Supplement	Nutraceutical / Botanical
coral	SUPPLEMENT_INGREDIENT	Non-FDA / Dietary Supplement	Nutraceutical / Botanical
sus-scrofa-collagen	BOTANICAL_OR_ORGANISM_PREPARATION	Non-FDA / Dietary Supplement	Nutraceutical / Botanical
citrulline-nitrate	SUPPLEMENT_INGREDIENT	Non-FDA / Dietary Supplement	Nutraceutical / Botanical
mercurialis-perennis	BOTANICAL_OR_ORGANISM_PREPARATION	Non-FDA / Dietary Supplement	Nutraceutical / Botanical
ganaxolone	APPROVED_MEDICINE	FDA Approved	Small Molecule
cjc-1295	INVESTIGATIONAL_MEDICINE	Phase 2 Investigational	Peptide / GLP-1 Agonist
dalfopristin	APPROVED_MEDICINE	FDA Approved	Small Molecule
neisseria-meningitidis	BOTANICAL_OR_ORGANISM_PREPARATION	Non-FDA / Dietary Supplement	Nutraceutical / Botanical
camellia-sinensis-seed-oil	APPROVED_MEDICINE	FDA Approved	Nutraceutical / Botanical
tea-oil-plant	BOTANICAL_OR_ORGANISM_PREPARATION	Non-FDA / Dietary Supplement	Nutraceutical / Botanical
cloves	SUPPLEMENT_INGREDIENT	Non-FDA / Dietary Supplement	Nutraceutical / Botanical
coumestrol-dimethyl-ether	SUPPLEMENT_INGREDIENT	Non-FDA / Dietary Supplement	Nutraceutical / Botanical
scutellaria-lateriflora-top	BOTANICAL_OR_ORGANISM_PREPARATION	Non-FDA / Dietary Supplement	Nutraceutical / Botanical
cystine	SUPPLEMENT_INGREDIENT	Non-FDA / Dietary Supplement	Nutraceutical / Botanical
garden-cress	SUPPLEMENT_INGREDIENT	Non-FDA / Dietary Supplement	Nutraceutical / Botanical
tylophora-indica-whole	BOTANICAL_OR_ORGANISM_PREPARATION	Non-FDA / Dietary Supplement	Nutraceutical / Botanical
clofibrate	APPROVED_MEDICINE	FDA Approved	Small Molecule
corosolic-acid	SUPPLEMENT_INGREDIENT	Non-FDA / Dietary Supplement	Nutraceutical / Botanical
leucine-pyroglutamate	SUPPLEMENT_INGREDIENT	Non-FDA / Dietary Supplement	Nutraceutical / Botanical
viola-tricolor-whole	BOTANICAL_OR_ORGANISM_PREPARATION	Non-FDA / Dietary Supplement	Nutraceutical / Botanical
molindone	APPROVED_MEDICINE	FDA Approved	Small Molecule
secale-cereale-pollen	BOTANICAL_OR_ORGANISM_PREPARATION	Non-FDA / Dietary Supplement	Nutraceutical / Botanical
crizanlizumab	INVESTIGATIONAL_MEDICINE	Pre-clinical / Open Source	Monoclonal Antibody (mAb)
beta-endorphin-human	SUPPLEMENT_INGREDIENT	Non-FDA / Dietary Supplement	Nutraceutical / Botanical
cobaltous-nitrate-hexahydrate	SUPPLEMENT_INGREDIENT	Non-FDA / Dietary Supplement	Nutraceutical / Botanical
corticorelin-ovine-triflutate	APPROVED_BIOLOGIC	FDA Approved	Recombinant Protein / Biologic
curcuma	SUPPLEMENT_INGREDIENT	Non-FDA / Dietary Supplement	Nutraceutical / Botanical
coenzyme-q-10	SUPPLEMENT_INGREDIENT	Non-FDA / Dietary Supplement	Nutraceutical / Botanical
coumesterol	SUPPLEMENT_INGREDIENT	Non-FDA / Dietary Supplement	Nutraceutical / Botanical
southern-flounder	INVESTIGATIONAL_MEDICINE	Pre-clinical / Open Source	Recombinant Protein / Biologic
cola	SUPPLEMENT_INGREDIENT	Non-FDA / Dietary Supplement	Nutraceutical / Botanical
trichopus-zeylanicus	BOTANICAL_OR_ORGANISM_PREPARATION	Non-FDA / Dietary Supplement	Nutraceutical / Botanical
tsuga-canadensis-bark	BOTANICAL_OR_ORGANISM_PREPARATION	Non-FDA / Dietary Supplement	Nutraceutical / Botanical
covid-19-vaccine-mrna	INVESTIGATIONAL_MEDICINE	Pre-clinical / Open Source	mRNA Vaccine / Therapeutic
decamethonium	APPROVED_MEDICINE	FDA Approved	Small Molecule
thuja-plicata	BOTANICAL_OR_ORGANISM_PREPARATION	Non-FDA / Dietary Supplement	Nutraceutical / Botanical
creatinine	SUPPLEMENT_INGREDIENT	Non-FDA / Dietary Supplement	Nutraceutical / Botanical
cynaropicrin	SUPPLEMENT_INGREDIENT	Non-FDA / Dietary Supplement	Nutraceutical / Botanical
boronoethyl-l-cysteine	SUPPLEMENT_INGREDIENT	Non-FDA / Dietary Supplement	Nutraceutical / Botanical
4-methyl-2-pyridinamine	SUPPLEMENT_INGREDIENT	Non-FDA / Dietary Supplement	Nutraceutical / Botanical
caraway	BOTANICAL_OR_ORGANISM_PREPARATION	Non-FDA / Dietary Supplement	Nutraceutical / Botanical
ambrosia-dumosa-pollen	INVESTIGATIONAL_MEDICINE	Pre-clinical / Open Source	Nutraceutical / Botanical
aprotinin	APPROVED_BIOLOGIC	FDA Approved	Recombinant Protein / Biologic
cyanocobalamin-co-58	APPROVED_MEDICINE	FDA Approved	Small Molecule
amphetamine-aspartate-dextroamphetamine	APPROVED_MEDICINE	FDA Approved	Small Molecule
bilberry	BOTANICAL_OR_ORGANISM_PREPARATION	Non-FDA / Dietary Supplement	Nutraceutical / Botanical
cyanocobalamin-co-57	APPROVED_MEDICINE	FDA Approved	Small Molecule
black-nightshade	BOTANICAL_OR_ORGANISM_PREPARATION	Non-FDA / Dietary Supplement	Nutraceutical / Botanical
cyclothiazide	APPROVED_MEDICINE	FDA Approved	Small Molecule
eculizumab-aagh	APPROVED_BIOLOGIC	FDA Approved	Recombinant Protein / Biologic
cycloastragenol	SUPPLEMENT_INGREDIENT	Non-FDA / Dietary Supplement	Nutraceutical / Botanical
beta-vulgaris-pollen	INVESTIGATIONAL_MEDICINE	Pre-clinical / Open Source	Nutraceutical / Botanical
trumpet-vine	BOTANICAL_OR_ORGANISM_PREPARATION	Non-FDA / Dietary Supplement	Nutraceutical / Botanical
ezetimibe	APPROVED_MEDICINE	FDA Approved	Small Molecule
ulmus-minor-flowering-twig	BOTANICAL_OR_ORGANISM_PREPARATION	Non-FDA / Dietary Supplement	Nutraceutical / Botanical
1000-mw	MARKETED_PRODUCT_INGREDIENT	FDA Approved	Small Molecule
rye	SUPPLEMENT_INGREDIENT	Non-FDA / Dietary Supplement	Nutraceutical / Botanical
dehydroacetic-acid	MARKETED_PRODUCT_INGREDIENT	FDA Approved	Small Molecule
collagen	SUPPLEMENT_INGREDIENT	Non-FDA / Dietary Supplement	Nutraceutical / Botanical
boldo	SUPPLEMENT_INGREDIENT	Non-FDA / Dietary Supplement	Nutraceutical / Botanical
dapiprazole	APPROVED_MEDICINE	FDA Approved	Small Molecule
ficus-religiosa	BOTANICAL_OR_ORGANISM_PREPARATION	Non-FDA / Dietary Supplement	Nutraceutical / Botanical
danshen	SUPPLEMENT_INGREDIENT	Non-FDA / Dietary Supplement	Nutraceutical / Botanical
dipeptide-diaminobutyroyl-benzylamide-diacetate	MARKETED_PRODUCT_INGREDIENT	FDA Approved	Small Molecule
uncaria-sinensis	BOTANICAL_OR_ORGANISM_PREPARATION	Non-FDA / Dietary Supplement	Nutraceutical / Botanical
galangin	SUPPLEMENT_INGREDIENT	Non-FDA / Dietary Supplement	Nutraceutical / Botanical
lactobacillus-acidophilus-la-14	OFF_LABEL_OR_COMPOUNDED	Off-Label / Compounded	Small Molecule
d-aspartic-acid	SUPPLEMENT_INGREDIENT	Non-FDA / Dietary Supplement	Nutraceutical / Botanical
blue-cohosh	BOTANICAL_OR_ORGANISM_PREPARATION	Non-FDA / Dietary Supplement	Nutraceutical / Botanical
deserpidine	APPROVED_MEDICINE	FDA Approved	Small Molecule
shea-butter	APPROVED_MEDICINE	FDA Approved	Small Molecule
bos-taurus-limbic-system	SUPPLEMENT_INGREDIENT	Non-FDA / Dietary Supplement	Nutraceutical / Botanical
dinoprost	APPROVED_MEDICINE	FDA Approved	Small Molecule
deoxymutaaspergillic-acid	SUPPLEMENT_INGREDIENT	Non-FDA / Dietary Supplement	Nutraceutical / Botanical
enflurane	APPROVED_MEDICINE	FDA Approved	Small Molecule
green-peppercorn	SUPPLEMENT_INGREDIENT	Non-FDA / Dietary Supplement	Nutraceutical / Botanical
deslanoside	APPROVED_MEDICINE	FDA Approved	Small Molecule
diiodothyronine	SUPPLEMENT_INGREDIENT	Non-FDA / Dietary Supplement	Nutraceutical / Botanical
citrus-reticulata	BOTANICAL_OR_ORGANISM_PREPARATION	Non-FDA / Dietary Supplement	Nutraceutical / Botanical
inula-helenium-whole	BOTANICAL_OR_ORGANISM_PREPARATION	Non-FDA / Dietary Supplement	Nutraceutical / Botanical
dextrothyroxine	APPROVED_MEDICINE	FDA Approved	Small Molecule
zinc-cation	MARKETED_PRODUCT_INGREDIENT	FDA Approved	Nutraceutical / Botanical
griffonia-simplicifolia	BOTANICAL_OR_ORGANISM_PREPARATION	Non-FDA / Dietary Supplement	Nutraceutical / Botanical
hamamelis-virginiana-whole	BOTANICAL_OR_ORGANISM_PREPARATION	Non-FDA / Dietary Supplement	Nutraceutical / Botanical
pilocarpus-jaborandii-leaf	SUPPLEMENT_INGREDIENT	Non-FDA / Dietary Supplement	Nutraceutical / Botanical
dezocine	APPROVED_MEDICINE	FDA Approved	Small Molecule
dirithromycin	APPROVED_MEDICINE	FDA Approved	Small Molecule
mrna-1345	APPROVED_BIOLOGIC	FDA Approved	mRNA Vaccine / Therapeutic
dicaprylyl-ether	MARKETED_PRODUCT_INGREDIENT	FDA Approved	Small Molecule
digalactosyl-diglyceride	SUPPLEMENT_INGREDIENT	Non-FDA / Dietary Supplement	Nutraceutical / Botanical
ethyl	SUPPLEMENT_INGREDIENT	Non-FDA / Dietary Supplement	Nutraceutical / Botanical
dichlorvos	MARKETED_PRODUCT_INGREDIENT	Non-FDA / Dietary Supplement	Nutraceutical / Botanical
dicentra-canadensis-root	BOTANICAL_OR_ORGANISM_PREPARATION	Non-FDA / Dietary Supplement	Nutraceutical / Botanical
quercus-robur-pollen	BOTANICAL_OR_ORGANISM_PREPARATION	Non-FDA / Dietary Supplement	Nutraceutical / Botanical
wheat-bran	SUPPLEMENT_INGREDIENT	Non-FDA / Dietary Supplement	Nutraceutical / Botanical
diethylene-glycol-monoethyl-ether	MARKETED_PRODUCT_INGREDIENT	FDA Approved	Small Molecule
beeswax	MARKETED_PRODUCT_INGREDIENT	FDA Approved	Nutraceutical / Botanical
clementine	BOTANICAL_OR_ORGANISM_PREPARATION	Non-FDA / Dietary Supplement	Nutraceutical / Botanical
solenopsis-richteri	INVESTIGATIONAL_MEDICINE	Pre-clinical / Open Source	Nutraceutical / Botanical
methylsulfonylmethane	SUPPLEMENT_INGREDIENT	Non-FDA / Dietary Supplement	Nutraceutical / Botanical
elymus-repens-pollen	BOTANICAL_OR_ORGANISM_PREPARATION	Non-FDA / Dietary Supplement	Nutraceutical / Botanical
spanish-moss	BOTANICAL_OR_ORGANISM_PREPARATION	Non-FDA / Dietary Supplement	Nutraceutical / Botanical
epinastine	APPROVED_MEDICINE	FDA Approved	Small Molecule
clostridium-perfringens	BOTANICAL_OR_ORGANISM_PREPARATION	Non-FDA / Dietary Supplement	Nutraceutical / Botanical
flax	BOTANICAL_OR_ORGANISM_PREPARATION	Non-FDA / Dietary Supplement	Nutraceutical / Botanical
tick-borne-encephalitis-purified-antigen	INVESTIGATIONAL_MEDICINE	Pre-clinical / Open Source	Recombinant Protein / Biologic
sus-scrofa-bile-duct	MARKETED_PRODUCT_INGREDIENT	Non-FDA / Dietary Supplement	Nutraceutical / Botanical
ytterbium-oxide	MARKETED_PRODUCT_INGREDIENT	Non-FDA / Dietary Supplement	Nutraceutical / Botanical
bambusa-bambos-sap	BOTANICAL_OR_ORGANISM_PREPARATION	Non-FDA / Dietary Supplement	Nutraceutical / Botanical
clonostachys-rosea-f-rosea	INVESTIGATIONAL_MEDICINE	Pre-clinical / Open Source	Nutraceutical / Botanical
dimethylpentylamine	SUPPLEMENT_INGREDIENT	Non-FDA / Dietary Supplement	Nutraceutical / Botanical
clopidogrel	APPROVED_MEDICINE	FDA Approved	Small Molecule
butanol	SUPPLEMENT_INGREDIENT	Non-FDA / Dietary Supplement	Nutraceutical / Botanical
carthamus	SUPPLEMENT_INGREDIENT	Non-FDA / Dietary Supplement	Nutraceutical / Botanical
cinnamon	APPROVED_MEDICINE	FDA Approved	Nutraceutical / Botanical
dihydrocapsiate	SUPPLEMENT_INGREDIENT	Non-FDA / Dietary Supplement	Nutraceutical / Botanical
digitoxin	APPROVED_MEDICINE	FDA Approved	Small Molecule
dihydromyricetin	SUPPLEMENT_INGREDIENT	Non-FDA / Dietary Supplement	Nutraceutical / Botanical
camphor	APPROVED_MEDICINE	FDA Approved	Nutraceutical / Botanical
atlantic-halibut	INVESTIGATIONAL_MEDICINE	Pre-clinical / Open Source	Recombinant Protein / Biologic
diphenidol	APPROVED_MEDICINE	FDA Approved	Small Molecule
avena-sativa-leaf	BOTANICAL_OR_ORGANISM_PREPARATION	Non-FDA / Dietary Supplement	Nutraceutical / Botanical
naltrexone	APPROVED_MEDICINE	FDA Approved	Small Molecule
dimyristoyl-lecithin	APPROVED_MEDICINE	FDA Approved	Small Molecule
d-phenylalanine	SUPPLEMENT_INGREDIENT	Non-FDA / Dietary Supplement	Nutraceutical / Botanical
bos-taurus-mesenchyme	SUPPLEMENT_INGREDIENT	Non-FDA / Dietary Supplement	Nutraceutical / Botanical
geum-urbanum-root	BOTANICAL_OR_ORGANISM_PREPARATION	Non-FDA / Dietary Supplement	Nutraceutical / Botanical
doxacurium	APPROVED_MEDICINE	FDA Approved	Small Molecule
echinacoside	SUPPLEMENT_INGREDIENT	Non-FDA / Dietary Supplement	Nutraceutical / Botanical
spilanthes	BOTANICAL_OR_ORGANISM_PREPARATION	Non-FDA / Dietary Supplement	Nutraceutical / Botanical
borotutu	SUPPLEMENT_INGREDIENT	Non-FDA / Dietary Supplement	Nutraceutical / Botanical
spearmint	BOTANICAL_OR_ORGANISM_PREPARATION	Non-FDA / Dietary Supplement	Nutraceutical / Botanical
morinda-officinalis-whole	BOTANICAL_OR_ORGANISM_PREPARATION	Non-FDA / Dietary Supplement	Nutraceutical / Botanical
doripenem	APPROVED_MEDICINE	FDA Approved	Small Molecule
potassium-d-glucarate	SUPPLEMENT_INGREDIENT	Non-FDA / Dietary Supplement	Nutraceutical / Botanical
helianthus-annuus-pollen	INVESTIGATIONAL_MEDICINE	Pre-clinical / Open Source	Nutraceutical / Botanical
ectoin	MARKETED_PRODUCT_INGREDIENT	FDA Approved	Small Molecule
pegfilgrastim-pccg	APPROVED_BIOLOGIC	FDA Approved	Recombinant Protein / Biologic
edetic-acid	MARKETED_PRODUCT_INGREDIENT	FDA Approved	Small Molecule
euryale-seed	SUPPLEMENT_INGREDIENT	Non-FDA / Dietary Supplement	Nutraceutical / Botanical
verard	APPROVED_MEDICINE	FDA Approved	Small Molecule
eicosapentaenoic-acid	SUPPLEMENT_INGREDIENT	Non-FDA / Dietary Supplement	Nutraceutical / Botanical
enfuvirtide	APPROVED_BIOLOGIC	FDA Approved	Peptide / GLP-1 Agonist
cuscuta-australis-seed	BOTANICAL_OR_ORGANISM_PREPARATION	Non-FDA / Dietary Supplement	Nutraceutical / Botanical
bevacizumab-maly	APPROVED_BIOLOGIC	FDA Approved	Recombinant Protein / Biologic
olive	SUPPLEMENT_INGREDIENT	Non-FDA / Dietary Supplement	Nutraceutical / Botanical
eicosatrienoic-acid	SUPPLEMENT_INGREDIENT	Non-FDA / Dietary Supplement	Nutraceutical / Botanical
collagenase	APPROVED_BIOLOGIC	FDA Approved	Recombinant Protein / Biologic
eicosatetraenoic-acid	SUPPLEMENT_INGREDIENT	Non-FDA / Dietary Supplement	Nutraceutical / Botanical
ergothioneine	SUPPLEMENT_INGREDIENT	Non-FDA / Dietary Supplement	Nutraceutical / Botanical
gedatolisib	APPROVED_MEDICINE	FDA Approved	Small Molecule
elenolic-acid	SUPPLEMENT_INGREDIENT	Non-FDA / Dietary Supplement	Nutraceutical / Botanical
epa	SUPPLEMENT_INGREDIENT	Non-FDA / Dietary Supplement	Nutraceutical / Botanical
florquinitau-f18	APPROVED_MEDICINE	FDA Approved	Small Molecule
nitroglycerin	APPROVED_MEDICINE	FDA Approved	Small Molecule
pungent-compounds	SUPPLEMENT_INGREDIENT	Non-FDA / Dietary Supplement	Nutraceutical / Botanical
formylmethionine	SUPPLEMENT_INGREDIENT	Non-FDA / Dietary Supplement	Nutraceutical / Botanical
emodin	MARKETED_PRODUCT_INGREDIENT	FDA Approved	Nutraceutical / Botanical
peppermint-oil	APPROVED_MEDICINE	FDA Approved	Small Molecule
elastin	SUPPLEMENT_INGREDIENT	Non-FDA / Dietary Supplement	Nutraceutical / Botanical
ethynodiol	APPROVED_MEDICINE	FDA Approved	Small Molecule
sprout	SUPPLEMENT_INGREDIENT	Non-FDA / Dietary Supplement	Nutraceutical / Botanical
enoxacin	APPROVED_MEDICINE	FDA Approved	Small Molecule
ethylparaben	MARKETED_PRODUCT_INGREDIENT	FDA Approved	Small Molecule
polyoxyl-35-castor-oil	MARKETED_PRODUCT_INGREDIENT	FDA Approved	Small Molecule
tarrify	SUPPLEMENT_INGREDIENT	Non-FDA / Dietary Supplement	Nutraceutical / Botanical
enmetazobactam	APPROVED_MEDICINE	FDA Approved	Small Molecule
ethchlorvynol	APPROVED_MEDICINE	FDA Approved	Small Molecule
soft-rush	SUPPLEMENT_INGREDIENT	Non-FDA / Dietary Supplement	Nutraceutical / Botanical
epigallocatechin-gallate	SUPPLEMENT_INGREDIENT	Non-FDA / Dietary Supplement	Nutraceutical / Botanical
lumbrokinase	SUPPLEMENT_INGREDIENT	Non-FDA / Dietary Supplement	Recombinant Protein / Biologic
erythrina	BOTANICAL_OR_ORGANISM_PREPARATION	Non-FDA / Dietary Supplement	Nutraceutical / Botanical
english-walnut	BOTANICAL_OR_ORGANISM_PREPARATION	Non-FDA / Dietary Supplement	Nutraceutical / Botanical
epigallocatechin	SUPPLEMENT_INGREDIENT	Non-FDA / Dietary Supplement	Nutraceutical / Botanical
melopsittacus-undulatus-feather	INVESTIGATIONAL_MEDICINE	Pre-clinical / Open Source	Nutraceutical / Botanical
casein-protein	SUPPLEMENT_INGREDIENT	Non-FDA / Dietary Supplement	Nutraceutical / Botanical
erigeron-canadensis	BOTANICAL_OR_ORGANISM_PREPARATION	Non-FDA / Dietary Supplement	Nutraceutical / Botanical
ethopropazine	APPROVED_MEDICINE	FDA Approved	Small Molecule
saturated-fatty-acid	SUPPLEMENT_INGREDIENT	Non-FDA / Dietary Supplement	Nutraceutical / Botanical
nonacosanol	SUPPLEMENT_INGREDIENT	Non-FDA / Dietary Supplement	Nutraceutical / Botanical
ethotoin	APPROVED_MEDICINE	FDA Approved	Small Molecule
lithothamnium	SUPPLEMENT_INGREDIENT	Non-FDA / Dietary Supplement	Nutraceutical / Botanical
equisetum-hyemale	BOTANICAL_OR_ORGANISM_PREPARATION	Non-FDA / Dietary Supplement	Nutraceutical / Botanical
ethionamide	APPROVED_MEDICINE	FDA Approved	Small Molecule
plum	BOTANICAL_OR_ORGANISM_PREPARATION	Non-FDA / Dietary Supplement	Nutraceutical / Botanical
ethylhexylglycerin	MARKETED_PRODUCT_INGREDIENT	FDA Approved	Small Molecule
ethyl-butylacetylaminopropionate	SUPPLEMENT_INGREDIENT	Non-FDA / Dietary Supplement	Nutraceutical / Botanical
fatty-acid-esters	SUPPLEMENT_INGREDIENT	Non-FDA / Dietary Supplement	Nutraceutical / Botanical
sulforophane	SUPPLEMENT_INGREDIENT	Non-FDA / Dietary Supplement	Nutraceutical / Botanical
taurine-citric-acid	SUPPLEMENT_INGREDIENT	Non-FDA / Dietary Supplement	Nutraceutical / Botanical
ethylestrenol	APPROVED_MEDICINE	FDA Approved	Small Molecule
fenoldopam	APPROVED_MEDICINE	FDA Approved	Small Molecule
eucalyptol	MARKETED_PRODUCT_INGREDIENT	FDA Approved	Nutraceutical / Botanical
ethyl-methoxycinnamate	MARKETED_PRODUCT_INGREDIENT	FDA Approved	Small Molecule
glucofrangulin	SUPPLEMENT_INGREDIENT	Non-FDA / Dietary Supplement	Nutraceutical / Botanical
estazolam	APPROVED_MEDICINE	FDA Approved	Small Molecule
salix-lasiolepis-pollen	INVESTIGATIONAL_MEDICINE	Pre-clinical / Open Source	Nutraceutical / Botanical
etidronate	APPROVED_MEDICINE	FDA Approved	Small Molecule
fd-c-blue-no-1	MARKETED_PRODUCT_INGREDIENT	FDA Approved	Small Molecule
citrus-aurantium-flower-oil	SUPPLEMENT_INGREDIENT	Non-FDA / Dietary Supplement	Nutraceutical / Botanical
wakame	SUPPLEMENT_INGREDIENT	Non-FDA / Dietary Supplement	Nutraceutical / Botanical
europium	SUPPLEMENT_INGREDIENT	Non-FDA / Dietary Supplement	Nutraceutical / Botanical
ferrous-cation	SUPPLEMENT_INGREDIENT	Non-FDA / Dietary Supplement	Nutraceutical / Botanical
gadolinium-oxide	SUPPLEMENT_INGREDIENT	Non-FDA / Dietary Supplement	Nutraceutical / Botanical
evodiamine	SUPPLEMENT_INGREDIENT	Non-FDA / Dietary Supplement	Nutraceutical / Botanical
cabbage	BOTANICAL_OR_ORGANISM_PREPARATION	Non-FDA / Dietary Supplement	Nutraceutical / Botanical
ustilago-cynodontis	INVESTIGATIONAL_MEDICINE	Pre-clinical / Open Source	Nutraceutical / Botanical
ezogabine	APPROVED_MEDICINE	FDA Approved	Small Molecule
syringic-acid	SUPPLEMENT_INGREDIENT	Non-FDA / Dietary Supplement	Nutraceutical / Botanical
acmella-oleracea-flowering-top	BOTANICAL_OR_ORGANISM_PREPARATION	Non-FDA / Dietary Supplement	Nutraceutical / Botanical
fructooligosaccharides	SUPPLEMENT_INGREDIENT	Non-FDA / Dietary Supplement	Nutraceutical / Botanical
betula-pendula-bark	BOTANICAL_OR_ORGANISM_PREPARATION	Non-FDA / Dietary Supplement	Nutraceutical / Botanical
lung	SUPPLEMENT_INGREDIENT	Non-FDA / Dietary Supplement	Nutraceutical / Botanical
stannous-fluoride	APPROVED_MEDICINE	FDA Approved	Small Molecule
benzalkonium	APPROVED_MEDICINE	FDA Approved	Nutraceutical / Botanical
fd-c-yellow-no-5	MARKETED_PRODUCT_INGREDIENT	FDA Approved	Small Molecule
leonurus-cardiaca-whole	BOTANICAL_OR_ORGANISM_PREPARATION	Non-FDA / Dietary Supplement	Nutraceutical / Botanical
benzene	MARKETED_PRODUCT_INGREDIENT	Non-FDA / Dietary Supplement	Nutraceutical / Botanical
ferulic-acid	MARKETED_PRODUCT_INGREDIENT	FDA Approved	Nutraceutical / Botanical
tagetes	BOTANICAL_OR_ORGANISM_PREPARATION	Non-FDA / Dietary Supplement	Nutraceutical / Botanical
ferric-subsulfate	OFF_LABEL_OR_COMPOUNDED	Off-Label / Compounded	Small Molecule
glyceryl	OFF_LABEL_OR_COMPOUNDED	Off-Label / Compounded	Small Molecule
calcium-arginine-alpha-ketoisocaproate	SUPPLEMENT_INGREDIENT	Non-FDA / Dietary Supplement	Nutraceutical / Botanical
ferric-oxide-red	APPROVED_MEDICINE	FDA Approved	Nutraceutical / Botanical
whey-protein	SUPPLEMENT_INGREDIENT	Non-FDA / Dietary Supplement	Nutraceutical / Botanical
long-pepper	SUPPLEMENT_INGREDIENT	Non-FDA / Dietary Supplement	Nutraceutical / Botanical
aprinocarsen	MARKETED_PRODUCT_INGREDIENT	Non-FDA / Dietary Supplement	ASO (Antisense Oligonucleotide)
bergamottin	SUPPLEMENT_INGREDIENT	Non-FDA / Dietary Supplement	Nutraceutical / Botanical
flavanol	SUPPLEMENT_INGREDIENT	Non-FDA / Dietary Supplement	Nutraceutical / Botanical
formononetin	SUPPLEMENT_INGREDIENT	Non-FDA / Dietary Supplement	Nutraceutical / Botanical
fluorine	SUPPLEMENT_INGREDIENT	Non-FDA / Dietary Supplement	Nutraceutical / Botanical
gadofosveset-trisodium	APPROVED_MEDICINE	FDA Approved	Small Molecule
houttuynia-cordata-top	OFF_LABEL_OR_COMPOUNDED	Off-Label / Compounded	Nutraceutical / Botanical
camponotus-pennsylvanicus	INVESTIGATIONAL_MEDICINE	Pre-clinical / Open Source	Nutraceutical / Botanical
calvatia-gigantea-whole	BOTANICAL_OR_ORGANISM_PREPARATION	Non-FDA / Dietary Supplement	Nutraceutical / Botanical
sickle-leaf-hares-ear	SUPPLEMENT_INGREDIENT	Non-FDA / Dietary Supplement	Nutraceutical / Botanical
spiked-ginger-lily	SUPPLEMENT_INGREDIENT	Non-FDA / Dietary Supplement	Nutraceutical / Botanical
flavonols	SUPPLEMENT_INGREDIENT	Non-FDA / Dietary Supplement	Nutraceutical / Botanical
gallium-chloride	SUPPLEMENT_INGREDIENT	Non-FDA / Dietary Supplement	Nutraceutical / Botanical
glycyl-alanyl-lysine-l-leucine	SUPPLEMENT_INGREDIENT	Non-FDA / Dietary Supplement	Nutraceutical / Botanical
aethusa-cynapium-whole	BOTANICAL_OR_ORGANISM_PREPARATION	Non-FDA / Dietary Supplement	Nutraceutical / Botanical
amber	SUPPLEMENT_INGREDIENT	Non-FDA / Dietary Supplement	Nutraceutical / Botanical
camellia-sinensis-leaf	MARKETED_PRODUCT_INGREDIENT	FDA Approved	Nutraceutical / Botanical
romosozumab	APPROVED_BIOLOGIC	FDA Approved	Monoclonal Antibody (mAb)
fluoxymesterone	APPROVED_MEDICINE	FDA Approved	Small Molecule
ailanthus-altissima-whole	BOTANICAL_OR_ORGANISM_PREPARATION	Non-FDA / Dietary Supplement	Nutraceutical / Botanical
issatchenkia-orientalis-whole	BOTANICAL_OR_ORGANISM_PREPARATION	Non-FDA / Dietary Supplement	Nutraceutical / Botanical
salvia-miltiorrhiza-root	BOTANICAL_OR_ORGANISM_PREPARATION	Non-FDA / Dietary Supplement	Nutraceutical / Botanical
forskolin	SUPPLEMENT_INGREDIENT	Non-FDA / Dietary Supplement	Nutraceutical / Botanical
germanium-dioxide	SUPPLEMENT_INGREDIENT	Non-FDA / Dietary Supplement	Nutraceutical / Botanical
maratime-pine	SUPPLEMENT_INGREDIENT	Non-FDA / Dietary Supplement	Nutraceutical / Botanical
goat-milk-protein	SUPPLEMENT_INGREDIENT	Non-FDA / Dietary Supplement	Nutraceutical / Botanical
fructose	SUPPLEMENT_INGREDIENT	Non-FDA / Dietary Supplement	Nutraceutical / Botanical
laronidase	APPROVED_BIOLOGIC	FDA Approved	Recombinant Protein / Biologic
betula-papyrifera-whole	BOTANICAL_OR_ORGANISM_PREPARATION	Non-FDA / Dietary Supplement	Nutraceutical / Botanical
betel	SUPPLEMENT_INGREDIENT	Non-FDA / Dietary Supplement	Nutraceutical / Botanical
haliotis	SUPPLEMENT_INGREDIENT	Non-FDA / Dietary Supplement	Nutraceutical / Botanical
serratiopeptidase	SUPPLEMENT_INGREDIENT	Non-FDA / Dietary Supplement	Recombinant Protein / Biologic
furazadrol	SUPPLEMENT_INGREDIENT	Non-FDA / Dietary Supplement	Nutraceutical / Botanical
ambrosia-trifida-pollen	BOTANICAL_OR_ORGANISM_PREPARATION	Non-FDA / Dietary Supplement	Nutraceutical / Botanical
oligopeptide	SUPPLEMENT_INGREDIENT	Non-FDA / Dietary Supplement	Peptide / GLP-1 Agonist
agar	SUPPLEMENT_INGREDIENT	Non-FDA / Dietary Supplement	Nutraceutical / Botanical
goji	SUPPLEMENT_INGREDIENT	Non-FDA / Dietary Supplement	Nutraceutical / Botanical
iris-x-germanica-nothovar-florentina-root	INVESTIGATIONAL_MEDICINE	Pre-clinical / Open Source	Recombinant Protein / Biologic
ethiodized-oil	APPROVED_MEDICINE	FDA Approved	Small Molecule
gold-monoiodide	SUPPLEMENT_INGREDIENT	Non-FDA / Dietary Supplement	Nutraceutical / Botanical
bisoctrizole	MARKETED_PRODUCT_INGREDIENT	FDA Approved	Small Molecule
jambolan	BOTANICAL_OR_ORGANISM_PREPARATION	Non-FDA / Dietary Supplement	Nutraceutical / Botanical
betula-pendula-wood	BOTANICAL_OR_ORGANISM_PREPARATION	Non-FDA / Dietary Supplement	Nutraceutical / Botanical
agarwood	SUPPLEMENT_INGREDIENT	Non-FDA / Dietary Supplement	Nutraceutical / Botanical
pumpkin	SUPPLEMENT_INGREDIENT	Non-FDA / Dietary Supplement	Recombinant Protein / Biologic
furazolidone	APPROVED_MEDICINE	FDA Approved	Small Molecule
liquidamber-taiwaniana	SUPPLEMENT_INGREDIENT	Non-FDA / Dietary Supplement	Nutraceutical / Botanical
magnesium-beta-hydroxybutyrate	SUPPLEMENT_INGREDIENT	Non-FDA / Dietary Supplement	Nutraceutical / Botanical
capsinoids	SUPPLEMENT_INGREDIENT	Non-FDA / Dietary Supplement	Nutraceutical / Botanical
human-rotavirus-a-type-g6p1a-strain-wi79-live-antigen	INVESTIGATIONAL_MEDICINE	Pre-clinical / Open Source	Recombinant Protein / Biologic
golimumab-sldi	APPROVED_BIOLOGIC	FDA Approved	Recombinant Protein / Biologic
evolocumab	APPROVED_BIOLOGIC	FDA Approved	Monoclonal Antibody (mAb)
fomepizole	APPROVED_MEDICINE	FDA Approved	Small Molecule
gadopentetate-dimeglumine	APPROVED_MEDICINE	FDA Approved	Small Molecule
gadoversetamide	APPROVED_MEDICINE	FDA Approved	Small Molecule
neoxanthin	SUPPLEMENT_INGREDIENT	Non-FDA / Dietary Supplement	Nutraceutical / Botanical
leuprolide	APPROVED_MEDICINE	FDA Approved	Small Molecule
carrot	BOTANICAL_OR_ORGANISM_PREPARATION	Non-FDA / Dietary Supplement	Nutraceutical / Botanical
tbd	PLACEHOLDER	Non-FDA / Dietary Supplement	Nutraceutical / Botanical
gallium-nitrate	APPROVED_MEDICINE	FDA Approved	Small Molecule
gallium-phosphide	SUPPLEMENT_INGREDIENT	Non-FDA / Dietary Supplement	Nutraceutical / Botanical
gamma-butyrobetaine	SUPPLEMENT_INGREDIENT	Non-FDA / Dietary Supplement	Nutraceutical / Botanical
agrimony	SUPPLEMENT_INGREDIENT	Non-FDA / Dietary Supplement	Nutraceutical / Botanical
pleospora-tarda	INVESTIGATIONAL_MEDICINE	Pre-clinical / Open Source	Nutraceutical / Botanical
gamma-oryzanol	SUPPLEMENT_INGREDIENT	Non-FDA / Dietary Supplement	Nutraceutical / Botanical
glucose-oxidase	SUPPLEMENT_INGREDIENT	Non-FDA / Dietary Supplement	Recombinant Protein / Biologic
tribulus-terrestris	BOTANICAL_OR_ORGANISM_PREPARATION	Non-FDA / Dietary Supplement	Nutraceutical / Botanical
ajowan	SUPPLEMENT_INGREDIENT	Non-FDA / Dietary Supplement	Nutraceutical / Botanical
carya-tomentosa-pollen	BOTANICAL_OR_ORGANISM_PREPARATION	Non-FDA / Dietary Supplement	Nutraceutical / Botanical
gotu-kola	BOTANICAL_OR_ORGANISM_PREPARATION	Non-FDA / Dietary Supplement	Nutraceutical / Botanical
rhus-coriaria	BOTANICAL_OR_ORGANISM_PREPARATION	Non-FDA / Dietary Supplement	Nutraceutical / Botanical
levocetirizine	APPROVED_MEDICINE	FDA Approved	Small Molecule
gamma-terpinene	SUPPLEMENT_INGREDIENT	Non-FDA / Dietary Supplement	Nutraceutical / Botanical
glutethimide	APPROVED_MEDICINE	FDA Approved	Small Molecule
glyceryl-monostearate	MARKETED_PRODUCT_INGREDIENT	FDA Approved	Small Molecule
rhodiola-rosea	BOTANICAL_OR_ORGANISM_PREPARATION	Non-FDA / Dietary Supplement	Nutraceutical / Botanical
gamma-glutamylcysteine	SUPPLEMENT_INGREDIENT	Non-FDA / Dietary Supplement	Nutraceutical / Botanical
gold-monosulfide	SUPPLEMENT_INGREDIENT	Non-FDA / Dietary Supplement	Nutraceutical / Botanical
atlantic-mackerel	INVESTIGATIONAL_MEDICINE	Pre-clinical / Open Source	Recombinant Protein / Biologic
geraniol	MARKETED_PRODUCT_INGREDIENT	FDA Approved	Nutraceutical / Botanical
glucono-delta-lactone	SUPPLEMENT_INGREDIENT	Non-FDA / Dietary Supplement	Nutraceutical / Botanical
xylanase	SUPPLEMENT_INGREDIENT	Non-FDA / Dietary Supplement	Recombinant Protein / Biologic
genistein	SUPPLEMENT_INGREDIENT	Non-FDA / Dietary Supplement	Nutraceutical / Botanical
bauhinia	BOTANICAL_OR_ORGANISM_PREPARATION	Non-FDA / Dietary Supplement	Nutraceutical / Botanical
jatamansi	SUPPLEMENT_INGREDIENT	Non-FDA / Dietary Supplement	Nutraceutical / Botanical
streptococcus-pneumoniae-type-19f-capsular-polysaccharide-diphtheria-crm197-protein-conjugat	INVESTIGATIONAL_MEDICINE	Pre-clinical / Open Source	Recombinant Protein / Biologic
etrasimod-arginine	APPROVED_MEDICINE	FDA Approved	Small Molecule
ginkgetin	SUPPLEMENT_INGREDIENT	Non-FDA / Dietary Supplement	Nutraceutical / Botanical
oregano	BOTANICAL_OR_ORGANISM_PREPARATION	Non-FDA / Dietary Supplement	Nutraceutical / Botanical
candida-parapsilosis	SUPPLEMENT_INGREDIENT	Non-FDA / Dietary Supplement	Nutraceutical / Botanical
taxinresinol	SUPPLEMENT_INGREDIENT	Non-FDA / Dietary Supplement	Nutraceutical / Botanical
guanethidine	APPROVED_MEDICINE	FDA Approved	Small Molecule
glucomannan	SUPPLEMENT_INGREDIENT	Non-FDA / Dietary Supplement	Nutraceutical / Botanical
horsetail	SUPPLEMENT_INGREDIENT	Non-FDA / Dietary Supplement	Nutraceutical / Botanical
quassia-amara-wood	BOTANICAL_OR_ORGANISM_PREPARATION	Non-FDA / Dietary Supplement	Nutraceutical / Botanical
ginsenosides	SUPPLEMENT_INGREDIENT	Non-FDA / Dietary Supplement	Nutraceutical / Botanical
glycyrrhizin	SUPPLEMENT_INGREDIENT	Non-FDA / Dietary Supplement	Nutraceutical / Botanical
codonopsis-pilosula-root	BOTANICAL_OR_ORGANISM_PREPARATION	Non-FDA / Dietary Supplement	Nutraceutical / Botanical
pacific-willow	SUPPLEMENT_INGREDIENT	Non-FDA / Dietary Supplement	Nutraceutical / Botanical
glucosinolate	SUPPLEMENT_INGREDIENT	Non-FDA / Dietary Supplement	Nutraceutical / Botanical
glycocyamine	SUPPLEMENT_INGREDIENT	Non-FDA / Dietary Supplement	Nutraceutical / Botanical
morella-cerifera-root-bark	SUPPLEMENT_INGREDIENT	Non-FDA / Dietary Supplement	Nutraceutical / Botanical
tetradecylthioacetic-acid	SUPPLEMENT_INGREDIENT	Non-FDA / Dietary Supplement	Nutraceutical / Botanical
paullinia-cupana-seed	BOTANICAL_OR_ORGANISM_PREPARATION	Non-FDA / Dietary Supplement	Nutraceutical / Botanical
3-desoxy-7-keto-dhea	SUPPLEMENT_INGREDIENT	Non-FDA / Dietary Supplement	Nutraceutical / Botanical
zavegepant	APPROVED_MEDICINE	FDA Approved	Small Molecule
glucuronic-acid	SUPPLEMENT_INGREDIENT	Non-FDA / Dietary Supplement	Nutraceutical / Botanical
guanosine	SUPPLEMENT_INGREDIENT	Non-FDA / Dietary Supplement	Nutraceutical / Botanical
cavia-porcellus-dander	SUPPLEMENT_INGREDIENT	Non-FDA / Dietary Supplement	Nutraceutical / Botanical
canis-lupus-familiaris-milk	BOTANICAL_OR_ORGANISM_PREPARATION	Non-FDA / Dietary Supplement	Nutraceutical / Botanical
glycamil	SUPPLEMENT_INGREDIENT	Non-FDA / Dietary Supplement	Nutraceutical / Botanical
amaranthus-palmeri-pollen	BOTANICAL_OR_ORGANISM_PREPARATION	Non-FDA / Dietary Supplement	Nutraceutical / Botanical
griseofulvin-ultramicrosize	APPROVED_MEDICINE	FDA Approved	Small Molecule
hyperforin	SUPPLEMENT_INGREDIENT	Non-FDA / Dietary Supplement	Nutraceutical / Botanical
alstonia-scholaris-bark	BOTANICAL_OR_ORGANISM_PREPARATION	Non-FDA / Dietary Supplement	Nutraceutical / Botanical
exagamglogene-autotemcel	APPROVED_BIOLOGIC	FDA Approved	CRISPR / Gene Therapy
hydrobromic-acid	SUPPLEMENT_INGREDIENT	Non-FDA / Dietary Supplement	Nutraceutical / Botanical
alpha-ketoglutarate	SUPPLEMENT_INGREDIENT	Non-FDA / Dietary Supplement	Nutraceutical / Botanical
amlexanox	APPROVED_MEDICINE	FDA Approved	Small Molecule
guanabenz	APPROVED_MEDICINE	FDA Approved	Small Molecule
hexocyclium-methylsulfate	APPROVED_MEDICINE	FDA Approved	Small Molecule
three-leaf-caper	SUPPLEMENT_INGREDIENT	Non-FDA / Dietary Supplement	Nutraceutical / Botanical
guanadrel	APPROVED_MEDICINE	FDA Approved	Small Molecule
heptachlor	MARKETED_PRODUCT_INGREDIENT	Non-FDA / Dietary Supplement	Nutraceutical / Botanical
cantharidin	APPROVED_MEDICINE	FDA Approved	Small Molecule
gypsum	SUPPLEMENT_INGREDIENT	Non-FDA / Dietary Supplement	Nutraceutical / Botanical
halothane	APPROVED_MEDICINE	FDA Approved	Small Molecule
chamaecyparis-obtusa-wood-oil	OFF_LABEL_OR_COMPOUNDED	Off-Label / Compounded	Nutraceutical / Botanical
azomonas-agilis	BOTANICAL_OR_ORGANISM_PREPARATION	Non-FDA / Dietary Supplement	Nutraceutical / Botanical
strawberry	BOTANICAL_OR_ORGANISM_PREPARATION	Non-FDA / Dietary Supplement	Nutraceutical / Botanical
melissa-officinalis	BOTANICAL_OR_ORGANISM_PREPARATION	Non-FDA / Dietary Supplement	Nutraceutical / Botanical
cynanchum-vincetoxicum-root	BOTANICAL_OR_ORGANISM_PREPARATION	Non-FDA / Dietary Supplement	Nutraceutical / Botanical
zanthoxylum-bungeanum-fruit	MARKETED_PRODUCT_INGREDIENT	FDA Approved	Nutraceutical / Botanical
voclosporin	APPROVED_MEDICINE	FDA Approved	Small Molecule
hexachlorophene	APPROVED_MEDICINE	FDA Approved	Small Molecule
basic-copper	SUPPLEMENT_INGREDIENT	Non-FDA / Dietary Supplement	Nutraceutical / Botanical
white-wax	MARKETED_PRODUCT_INGREDIENT	FDA Approved	Small Molecule
fagopyrum-esculentum-whole	BOTANICAL_OR_ORGANISM_PREPARATION	Non-FDA / Dietary Supplement	Nutraceutical / Botanical
halofantrine	APPROVED_MEDICINE	FDA Approved	Small Molecule
hair-keratin-amino-acids	SUPPLEMENT_INGREDIENT	Non-FDA / Dietary Supplement	Nutraceutical / Botanical
hexachlorobenzene	MARKETED_PRODUCT_INGREDIENT	Non-FDA / Dietary Supplement	Nutraceutical / Botanical
cervus-elaphus-horn-oil	SUPPLEMENT_INGREDIENT	Non-FDA / Dietary Supplement	Nutraceutical / Botanical
vegetable-protein	SUPPLEMENT_INGREDIENT	Non-FDA / Dietary Supplement	Nutraceutical / Botanical
threonine	SUPPLEMENT_INGREDIENT	Non-FDA / Dietary Supplement	Nutraceutical / Botanical
capivasertib	APPROVED_MEDICINE	FDA Approved	Small Molecule
capuacu	SUPPLEMENT_INGREDIENT	Non-FDA / Dietary Supplement	Nutraceutical / Botanical
hexapeptide-9	MARKETED_PRODUCT_INGREDIENT	FDA Approved	Small Molecule
hydroxyethylpiperazine-ethane-sulfonic-acid	OFF_LABEL_OR_COMPOUNDED	Off-Label / Compounded	Small Molecule
prolase	SUPPLEMENT_INGREDIENT	Non-FDA / Dietary Supplement	Recombinant Protein / Biologic
harpagoside	SUPPLEMENT_INGREDIENT	Non-FDA / Dietary Supplement	Nutraceutical / Botanical
chamaemelum-nobile	BOTANICAL_OR_ORGANISM_PREPARATION	Non-FDA / Dietary Supplement	Nutraceutical / Botanical
chlorophytum	BOTANICAL_OR_ORGANISM_PREPARATION	Non-FDA / Dietary Supplement	Nutraceutical / Botanical
jasmine	SUPPLEMENT_INGREDIENT	Non-FDA / Dietary Supplement	Nutraceutical / Botanical
wyethia-helenioides-root	BOTANICAL_OR_ORGANISM_PREPARATION	Non-FDA / Dietary Supplement	Nutraceutical / Botanical
histidine-alpha-ketoglutarate	SUPPLEMENT_INGREDIENT	Non-FDA / Dietary Supplement	Nutraceutical / Botanical
rehmannia	BOTANICAL_OR_ORGANISM_PREPARATION	Non-FDA / Dietary Supplement	Nutraceutical / Botanical
header	PLACEHOLDER	Non-FDA / Dietary Supplement	Nutraceutical / Botanical
histatin-3	SUPPLEMENT_INGREDIENT	Non-FDA / Dietary Supplement	Nutraceutical / Botanical
couch-grass	SUPPLEMENT_INGREDIENT	Non-FDA / Dietary Supplement	Nutraceutical / Botanical
fraxinus-velutina-pollen	BOTANICAL_OR_ORGANISM_PREPARATION	Non-FDA / Dietary Supplement	Nutraceutical / Botanical
holmium	SUPPLEMENT_INGREDIENT	Non-FDA / Dietary Supplement	Nutraceutical / Botanical
insulin-aspart-protamine-recombinant	APPROVED_BIOLOGIC	FDA Approved	Recombinant Protein / Biologic
pea-protein	SUPPLEMENT_INGREDIENT	Non-FDA / Dietary Supplement	Nutraceutical / Botanical
tomatoe	SUPPLEMENT_INGREDIENT	Non-FDA / Dietary Supplement	Nutraceutical / Botanical
faricimab	INVESTIGATIONAL_MEDICINE	Pre-clinical / Open Source	Monoclonal Antibody (mAb)
soy-isoflavones	MARKETED_PRODUCT_INGREDIENT	FDA Approved	Nutraceutical / Botanical
huperzine-a	SUPPLEMENT_INGREDIENT	Non-FDA / Dietary Supplement	Nutraceutical / Botanical
hydroxyamphetamine	APPROVED_MEDICINE	FDA Approved	Small Molecule
agave-americana-leaf	BOTANICAL_OR_ORGANISM_PREPARATION	Non-FDA / Dietary Supplement	Nutraceutical / Botanical
chicken	BOTANICAL_OR_ORGANISM_PREPARATION	Non-FDA / Dietary Supplement	Nutraceutical / Botanical
helleborus-foetidus-root	BOTANICAL_OR_ORGANISM_PREPARATION	Non-FDA / Dietary Supplement	Nutraceutical / Botanical
lachesis-muta-whole	BOTANICAL_OR_ORGANISM_PREPARATION	Non-FDA / Dietary Supplement	Nutraceutical / Botanical
dydrogesterone	APPROVED_MEDICINE	FDA Approved	Small Molecule
hydrastinine	MARKETED_PRODUCT_INGREDIENT	Non-FDA / Dietary Supplement	Nutraceutical / Botanical
silybum-marianum-seed-oil	MARKETED_PRODUCT_INGREDIENT	Non-FDA / Dietary Supplement	Nutraceutical / Botanical
lauric-acid	SUPPLEMENT_INGREDIENT	Non-FDA / Dietary Supplement	Nutraceutical / Botanical
henna	BOTANICAL_OR_ORGANISM_PREPARATION	Non-FDA / Dietary Supplement	Nutraceutical / Botanical
alpinia-oxyphylla-fruit	BOTANICAL_OR_ORGANISM_PREPARATION	Non-FDA / Dietary Supplement	Nutraceutical / Botanical
ensitrelvir	APPROVED_MEDICINE	FDA Approved	Small Molecule
conjugated-linoleic-acid	SUPPLEMENT_INGREDIENT	Non-FDA / Dietary Supplement	Nutraceutical / Botanical
penicillium-chrysogenum-var-chrysogenum	BOTANICAL_OR_ORGANISM_PREPARATION	Non-FDA / Dietary Supplement	Nutraceutical / Botanical
valerian	SUPPLEMENT_INGREDIENT	Non-FDA / Dietary Supplement	Nutraceutical / Botanical
panax-quinquefolius-whole	BOTANICAL_OR_ORGANISM_PREPARATION	Non-FDA / Dietary Supplement	Nutraceutical / Botanical
homotaurine	SUPPLEMENT_INGREDIENT	Non-FDA / Dietary Supplement	Nutraceutical / Botanical
hydroxyproline	SUPPLEMENT_INGREDIENT	Non-FDA / Dietary Supplement	Nutraceutical / Botanical
idoxuridine	APPROVED_MEDICINE	FDA Approved	Small Molecule
datura-stramonium-whole	BOTANICAL_OR_ORGANISM_PREPARATION	Non-FDA / Dietary Supplement	Nutraceutical / Botanical
zanidatamab	INVESTIGATIONAL_MEDICINE	Pre-clinical / Open Source	Monoclonal Antibody (mAb)
hydroxycinnamic-acid	SUPPLEMENT_INGREDIENT	Non-FDA / Dietary Supplement	Nutraceutical / Botanical
lactobacillus-bulgaricus	SUPPLEMENT_INGREDIENT	Non-FDA / Dietary Supplement	Nutraceutical / Botanical
hepatitis-b-virus-subtype-adw-hbsag-surface-protein-antigen	INVESTIGATIONAL_MEDICINE	Pre-clinical / Open Source	Recombinant Protein / Biologic
paris-quadrifolia	BOTANICAL_OR_ORGANISM_PREPARATION	Non-FDA / Dietary Supplement	Nutraceutical / Botanical
hydroflumethiazide	APPROVED_MEDICINE	FDA Approved	Small Molecule
giardia-lamblia-dna	SUPPLEMENT_INGREDIENT	Non-FDA / Dietary Supplement	Nutraceutical / Botanical
ecklonia-radiata	BOTANICAL_OR_ORGANISM_PREPARATION	Non-FDA / Dietary Supplement	Nutraceutical / Botanical
hydroxyethyl-cellulose-unspecified	MARKETED_PRODUCT_INGREDIENT	FDA Approved	Small Molecule
ingenol-mebutate	APPROVED_MEDICINE	FDA Approved	Small Molecule
technetium-tc-99m-etidronate-kit	APPROVED_MEDICINE	FDA Approved	Small Molecule
iodotyrosine	SUPPLEMENT_INGREDIENT	Non-FDA / Dietary Supplement	Nutraceutical / Botanical
gemifloxacin	APPROVED_MEDICINE	FDA Approved	Small Molecule
hydroxypinacolone-retinoate	MARKETED_PRODUCT_INGREDIENT	FDA Approved	Small Molecule
hexapeptide-12	MARKETED_PRODUCT_INGREDIENT	Non-FDA / Dietary Supplement	Nutraceutical / Botanical
hepatitis-b-virus-hbsag-surface-protein-antigen	SUPPLEMENT_INGREDIENT	Non-FDA / Dietary Supplement	Nutraceutical / Botanical
ferrous-gluconate	OFF_LABEL_OR_COMPOUNDED	Off-Label / Compounded	Small Molecule
icosanoic-acid	SUPPLEMENT_INGREDIENT	Non-FDA / Dietary Supplement	Nutraceutical / Botanical
chitosanase	SUPPLEMENT_INGREDIENT	Non-FDA / Dietary Supplement	Recombinant Protein / Biologic
hippophae-rhamnoides-whole	OFF_LABEL_OR_COMPOUNDED	Off-Label / Compounded	Nutraceutical / Botanical
idebenone	SUPPLEMENT_INGREDIENT	Non-FDA / Dietary Supplement	Nutraceutical / Botanical
trametinib	APPROVED_MEDICINE	FDA Approved	Small Molecule
inamrinone	APPROVED_MEDICINE	FDA Approved	Small Molecule
chitosan-oligosaccharide	SUPPLEMENT_INGREDIENT	Non-FDA / Dietary Supplement	Nutraceutical / Botanical
decursinol	SUPPLEMENT_INGREDIENT	Non-FDA / Dietary Supplement	Nutraceutical / Botanical
elaeis-guineensis-fruit	BOTANICAL_OR_ORGANISM_PREPARATION	Non-FDA / Dietary Supplement	Nutraceutical / Botanical
3-5-dimethoxytyramine	SUPPLEMENT_INGREDIENT	Non-FDA / Dietary Supplement	Nutraceutical / Botanical
zongertinib	APPROVED_MEDICINE	FDA Approved	Small Molecule
indinavir	APPROVED_MEDICINE	FDA Approved	Small Molecule
chlorella-pyrenoidosa	BOTANICAL_OR_ORGANISM_PREPARATION	Non-FDA / Dietary Supplement	Nutraceutical / Botanical
maitake	BOTANICAL_OR_ORGANISM_PREPARATION	Non-FDA / Dietary Supplement	Nutraceutical / Botanical
hydroxycitronellal	MARKETED_PRODUCT_INGREDIENT	FDA Approved	Small Molecule
chomium-picolinate	SUPPLEMENT_INGREDIENT	Non-FDA / Dietary Supplement	Nutraceutical / Botanical
lactobacillus-fermentum	BOTANICAL_OR_ORGANISM_PREPARATION	Non-FDA / Dietary Supplement	Nutraceutical / Botanical
kurtha-zopfil	SUPPLEMENT_INGREDIENT	Non-FDA / Dietary Supplement	Nutraceutical / Botanical
himalayan-salt	SUPPLEMENT_INGREDIENT	Non-FDA / Dietary Supplement	Nutraceutical / Botanical
white-oak	BOTANICAL_OR_ORGANISM_PREPARATION	Non-FDA / Dietary Supplement	Nutraceutical / Botanical
goldenseal	BOTANICAL_OR_ORGANISM_PREPARATION	Non-FDA / Dietary Supplement	Nutraceutical / Botanical
lead-monosilicate	SUPPLEMENT_INGREDIENT	Non-FDA / Dietary Supplement	Nutraceutical / Botanical
infigratinib	APPROVED_MEDICINE	FDA Approved	Small Molecule
c-phycocyanin	SUPPLEMENT_INGREDIENT	Non-FDA / Dietary Supplement	Nutraceutical / Botanical
iodohippurate-sodium-i-131	APPROVED_MEDICINE	FDA Approved	Small Molecule
lapyrium	APPROVED_MEDICINE	FDA Approved	Small Molecule
omega-3acid-ethyl-esters	APPROVED_MEDICINE	FDA Approved	Small Molecule
capsaisin	SUPPLEMENT_INGREDIENT	Non-FDA / Dietary Supplement	Nutraceutical / Botanical
iofetamine-hydrochloride-i-123	APPROVED_MEDICINE	FDA Approved	Small Molecule
abies-balsamea-leaf-oil	SUPPLEMENT_INGREDIENT	Non-FDA / Dietary Supplement	Nutraceutical / Botanical
pyroglutamic-acid	SUPPLEMENT_INGREDIENT	Non-FDA / Dietary Supplement	Nutraceutical / Botanical
iopanoic-acid	APPROVED_MEDICINE	FDA Approved	Small Molecule
isosilybin	SUPPLEMENT_INGREDIENT	Non-FDA / Dietary Supplement	Nutraceutical / Botanical
tilletia-caries	BOTANICAL_OR_ORGANISM_PREPARATION	Non-FDA / Dietary Supplement	Nutraceutical / Botanical
iotrolan	APPROVED_MEDICINE	FDA Approved	Small Molecule
amaranthus-spinosus-pollen	BOTANICAL_OR_ORGANISM_PREPARATION	Non-FDA / Dietary Supplement	Nutraceutical / Botanical
holarrhena-pubescens-bark	BOTANICAL_OR_ORGANISM_PREPARATION	Non-FDA / Dietary Supplement	Nutraceutical / Botanical
pratia-purpurascens	BOTANICAL_OR_ORGANISM_PREPARATION	Non-FDA / Dietary Supplement	Nutraceutical / Botanical
ipamorelin	INVESTIGATIONAL_MEDICINE	Phase 2 Investigational	Peptide / GLP-1 Agonist
chlorophytum-borivilianum-whole	BOTANICAL_OR_ORGANISM_PREPARATION	Non-FDA / Dietary Supplement	Nutraceutical / Botanical
ma-huang	BOTANICAL_OR_ORGANISM_PREPARATION	Non-FDA / Dietary Supplement	Nutraceutical / Botanical
iridium	SUPPLEMENT_INGREDIENT	Non-FDA / Dietary Supplement	Nutraceutical / Botanical
levomenol	MARKETED_PRODUCT_INGREDIENT	FDA Approved	Nutraceutical / Botanical
liquidambar-styraciflua-resin	BOTANICAL_OR_ORGANISM_PREPARATION	Non-FDA / Dietary Supplement	Nutraceutical / Botanical
isomalt	SUPPLEMENT_INGREDIENT	Non-FDA / Dietary Supplement	Nutraceutical / Botanical
krypton-kr-81m	APPROVED_MEDICINE	FDA Approved	Small Molecule
cistanche	BOTANICAL_OR_ORGANISM_PREPARATION	Non-FDA / Dietary Supplement	Nutraceutical / Botanical
kanamycin	APPROVED_MEDICINE	FDA Approved	Small Molecule
streptococcus-oralis	BOTANICAL_OR_ORGANISM_PREPARATION	Non-FDA / Dietary Supplement	Nutraceutical / Botanical
variola-virus	BOTANICAL_OR_ORGANISM_PREPARATION	Non-FDA / Dietary Supplement	Nutraceutical / Botanical
sodium-cation	MARKETED_PRODUCT_INGREDIENT	Non-FDA / Dietary Supplement	Nutraceutical / Botanical
honeybush	BOTANICAL_OR_ORGANISM_PREPARATION	Non-FDA / Dietary Supplement	Nutraceutical / Botanical
acetohexamide	APPROVED_MEDICINE	FDA Approved	Small Molecule
jwh-018	CONTROLLED_NO_APPROVED_USE	Controlled / No Approved Use	Small Molecule
lucinactant	APPROVED_MEDICINE	FDA Approved	Small Molecule
ovate-buchu	SUPPLEMENT_INGREDIENT	Non-FDA / Dietary Supplement	Nutraceutical / Botanical
kojic-acid	MARKETED_PRODUCT_INGREDIENT	FDA Approved	Small Molecule
anemone-pratensis	BOTANICAL_OR_ORGANISM_PREPARATION	Non-FDA / Dietary Supplement	Nutraceutical / Botanical
fusarium-oxysporum	BOTANICAL_OR_ORGANISM_PREPARATION	Non-FDA / Dietary Supplement	Nutraceutical / Botanical
lamivudine-nevirapine-and-stavudine	APPROVED_MEDICINE	FDA Approved	Small Molecule
ligustilide	SUPPLEMENT_INGREDIENT	Non-FDA / Dietary Supplement	Nutraceutical / Botanical
streptococcus-pneumoniae-type-18c-capsular-polysaccharide-antigen	INVESTIGATIONAL_MEDICINE	Pre-clinical / Open Source	Recombinant Protein / Biologic
lsd	CONTROLLED_NO_APPROVED_USE	Controlled / No Approved Use	Small Molecule
lactoferrin	SUPPLEMENT_INGREDIENT	Non-FDA / Dietary Supplement	Nutraceutical / Botanical
citrus-paradisi-seed	BOTANICAL_OR_ORGANISM_PREPARATION	Non-FDA / Dietary Supplement	Nutraceutical / Botanical
pinus-contorta-pollen	INVESTIGATIONAL_MEDICINE	Pre-clinical / Open Source	Nutraceutical / Botanical
poly-methyl-methacrylate	MARKETED_PRODUCT_INGREDIENT	FDA Approved	Small Molecule
argemone-mexicana	BOTANICAL_OR_ORGANISM_PREPARATION	Non-FDA / Dietary Supplement	Nutraceutical / Botanical
hordeum-vulgare-top	BOTANICAL_OR_ORGANISM_PREPARATION	Non-FDA / Dietary Supplement	Nutraceutical / Botanical
yellowfin-tuna	INVESTIGATIONAL_MEDICINE	Pre-clinical / Open Source	Recombinant Protein / Biologic
coconut-oil	MARKETED_PRODUCT_INGREDIENT	FDA Approved	Nutraceutical / Botanical
l-carnitine	SUPPLEMENT_INGREDIENT	Non-FDA / Dietary Supplement	Nutraceutical / Botanical
pseudomonas-flourescens	SUPPLEMENT_INGREDIENT	Non-FDA / Dietary Supplement	Nutraceutical / Botanical
clove	MARKETED_PRODUCT_INGREDIENT	FDA Approved	Nutraceutical / Botanical
filgrastim-laha	APPROVED_BIOLOGIC	FDA Approved	Recombinant Protein / Biologic
lead-carbonate	SUPPLEMENT_INGREDIENT	Non-FDA / Dietary Supplement	Nutraceutical / Botanical
l-citrulline	SUPPLEMENT_INGREDIENT	Non-FDA / Dietary Supplement	Nutraceutical / Botanical
magnesium-fluoride	SUPPLEMENT_INGREDIENT	Non-FDA / Dietary Supplement	Nutraceutical / Botanical
clove-oil	MARKETED_PRODUCT_INGREDIENT	FDA Approved	Nutraceutical / Botanical
mangostin	SUPPLEMENT_INGREDIENT	Non-FDA / Dietary Supplement	Nutraceutical / Botanical
levobetaxolol	APPROVED_MEDICINE	FDA Approved	Small Molecule
bos-taurus-brainstem	SUPPLEMENT_INGREDIENT	Non-FDA / Dietary Supplement	Nutraceutical / Botanical
protein-mdm4	MARKETED_PRODUCT_INGREDIENT	FDA Approved	Small Molecule
rhamphospermum-arvense-flowering-fruiting-top	MARKETED_PRODUCT_INGREDIENT	Non-FDA / Dietary Supplement	Nutraceutical / Botanical
levomenthol	APPROVED_MEDICINE	FDA Approved	Nutraceutical / Botanical
liotrix	APPROVED_MEDICINE	FDA Approved	Small Molecule
sanguinaria-canadensis-whole	BOTANICAL_OR_ORGANISM_PREPARATION	Non-FDA / Dietary Supplement	Nutraceutical / Botanical
lignan	SUPPLEMENT_INGREDIENT	Non-FDA / Dietary Supplement	Nutraceutical / Botanical
lutetium	SUPPLEMENT_INGREDIENT	Non-FDA / Dietary Supplement	Nutraceutical / Botanical
streptococcus-pneumoniae-type-8-capsular-polysaccharide-diphtheria-crm197-protein-conjugate	INVESTIGATIONAL_MEDICINE	Pre-clinical / Open Source	Recombinant Protein / Biologic
lignans	SUPPLEMENT_INGREDIENT	Non-FDA / Dietary Supplement	Nutraceutical / Botanical
cocklebur	BOTANICAL_OR_ORGANISM_PREPARATION	Non-FDA / Dietary Supplement	Nutraceutical / Botanical
lithium-oxide	SUPPLEMENT_INGREDIENT	Non-FDA / Dietary Supplement	Nutraceutical / Botanical
flurandrenolide	APPROVED_MEDICINE	FDA Approved	Small Molecule
piper-aduncum-leaf	BOTANICAL_OR_ORGANISM_PREPARATION	Non-FDA / Dietary Supplement	Nutraceutical / Botanical
watercress	BOTANICAL_OR_ORGANISM_PREPARATION	Non-FDA / Dietary Supplement	Nutraceutical / Botanical
linalool	MARKETED_PRODUCT_INGREDIENT	FDA Approved	Nutraceutical / Botanical
fatty-acids	SUPPLEMENT_INGREDIENT	Non-FDA / Dietary Supplement	Nutraceutical / Botanical
psyllium-fiber	SUPPLEMENT_INGREDIENT	Non-FDA / Dietary Supplement	Nutraceutical / Botanical
lindane	APPROVED_MEDICINE	FDA Approved	Small Molecule
paeonia-officinalis-whole	BOTANICAL_OR_ORGANISM_PREPARATION	Non-FDA / Dietary Supplement	Nutraceutical / Botanical
streptococcus-pneumoniae-type-15b-capsular-polysaccharide-antigen	INVESTIGATIONAL_MEDICINE	Pre-clinical / Open Source	Recombinant Protein / Biologic
lomefloxacin	APPROVED_MEDICINE	FDA Approved	Small Molecule
suaeda-maritima-flowering-top	BOTANICAL_OR_ORGANISM_PREPARATION	Non-FDA / Dietary Supplement	Nutraceutical / Botanical
sus-scrofa-frontal-lobe	MARKETED_PRODUCT_INGREDIENT	Non-FDA / Dietary Supplement	Nutraceutical / Botanical
flunisolide	APPROVED_MEDICINE	FDA Approved	Small Molecule
lotus	SUPPLEMENT_INGREDIENT	Non-FDA / Dietary Supplement	Nutraceutical / Botanical
meglumine	APPROVED_MEDICINE	FDA Approved	Small Molecule
atacicept-vymj	APPROVED_BIOLOGIC	FDA Approved	Recombinant Protein / Biologic
glycine-propionyl-l-carnitine	SUPPLEMENT_INGREDIENT	Non-FDA / Dietary Supplement	Nutraceutical / Botanical
agathosma-betulina-leaf	BOTANICAL_OR_ORGANISM_PREPARATION	Non-FDA / Dietary Supplement	Nutraceutical / Botanical
cornus	BOTANICAL_OR_ORGANISM_PREPARATION	Non-FDA / Dietary Supplement	Nutraceutical / Botanical
human-coxsackievirus-b	SUPPLEMENT_INGREDIENT	Non-FDA / Dietary Supplement	Nutraceutical / Botanical
magnesium-aspartate	SUPPLEMENT_INGREDIENT	Non-FDA / Dietary Supplement	Nutraceutical / Botanical
manganese-dioxide	SUPPLEMENT_INGREDIENT	Non-FDA / Dietary Supplement	Nutraceutical / Botanical
cola-nitida-seed	BOTANICAL_OR_ORGANISM_PREPARATION	Non-FDA / Dietary Supplement	Nutraceutical / Botanical
molybdenum	SUPPLEMENT_INGREDIENT	Non-FDA / Dietary Supplement	Nutraceutical / Botanical
loeselia-mexicana-top	BOTANICAL_OR_ORGANISM_PREPARATION	Non-FDA / Dietary Supplement	Nutraceutical / Botanical
flurazepam	APPROVED_MEDICINE	FDA Approved	Small Molecule
conjugated-linolenic-acid	SUPPLEMENT_INGREDIENT	Non-FDA / Dietary Supplement	Nutraceutical / Botanical
tislelizumab-jsgr	APPROVED_BIOLOGIC	FDA Approved	Recombinant Protein / Biologic
oat-fiber	SUPPLEMENT_INGREDIENT	Non-FDA / Dietary Supplement	Nutraceutical / Botanical
cefdinir	APPROVED_MEDICINE	FDA Approved	Small Molecule
albumen	SUPPLEMENT_INGREDIENT	Non-FDA / Dietary Supplement	Nutraceutical / Botanical
antrodia-camphorata	SUPPLEMENT_INGREDIENT	Non-FDA / Dietary Supplement	Nutraceutical / Botanical
populus-trichocarpa-pollen	INVESTIGATIONAL_MEDICINE	Pre-clinical / Open Source	Nutraceutical / Botanical
tuna-unspecified	MARKETED_PRODUCT_INGREDIENT	Non-FDA / Dietary Supplement	Nutraceutical / Botanical
momordica-balsamina-immature-fruit	SUPPLEMENT_INGREDIENT	Non-FDA / Dietary Supplement	Nutraceutical / Botanical
cornflower	SUPPLEMENT_INGREDIENT	Non-FDA / Dietary Supplement	Nutraceutical / Botanical
alaria	SUPPLEMENT_INGREDIENT	Non-FDA / Dietary Supplement	Nutraceutical / Botanical
magnesium-trisilicate	APPROVED_MEDICINE	FDA Approved	Small Molecule
viomycin	APPROVED_MEDICINE	FDA Approved	Small Molecule
alchemilla	BOTANICAL_OR_ORGANISM_PREPARATION	Non-FDA / Dietary Supplement	Nutraceutical / Botanical
zanubrutinib	APPROVED_MEDICINE	FDA Approved	Small Molecule
chloroprocaine	APPROVED_MEDICINE	FDA Approved	Small Molecule
mucuna-pruriens-fruit-trichome	SUPPLEMENT_INGREDIENT	Non-FDA / Dietary Supplement	Nutraceutical / Botanical
cowherb	BOTANICAL_OR_ORGANISM_PREPARATION	Non-FDA / Dietary Supplement	Nutraceutical / Botanical
meclocycline-sulfosalicylate	APPROVED_MEDICINE	FDA Approved	Small Molecule
magnolol	SUPPLEMENT_INGREDIENT	Non-FDA / Dietary Supplement	Nutraceutical / Botanical
oxytropis-falcate	SUPPLEMENT_INGREDIENT	Non-FDA / Dietary Supplement	Nutraceutical / Botanical
sus-scrofa-dander	MARKETED_PRODUCT_INGREDIENT	Non-FDA / Dietary Supplement	Nutraceutical / Botanical
nemolizumab-ilto	APPROVED_BIOLOGIC	FDA Approved	Recombinant Protein / Biologic
cowslip	SUPPLEMENT_INGREDIENT	Non-FDA / Dietary Supplement	Nutraceutical / Botanical
inositol-citrulline-silicate	SUPPLEMENT_INGREDIENT	Non-FDA / Dietary Supplement	Nutraceutical / Botanical
carob	BOTANICAL_OR_ORGANISM_PREPARATION	Non-FDA / Dietary Supplement	Nutraceutical / Botanical
aliskiren	APPROVED_MEDICINE	FDA Approved	Small Molecule
sunflower	SUPPLEMENT_INGREDIENT	Non-FDA / Dietary Supplement	Nutraceutical / Botanical
chia	SUPPLEMENT_INGREDIENT	Non-FDA / Dietary Supplement	Nutraceutical / Botanical
coleus	BOTANICAL_OR_ORGANISM_PREPARATION	Non-FDA / Dietary Supplement	Nutraceutical / Botanical
follitropin	MARKETED_PRODUCT_INGREDIENT	Non-FDA / Dietary Supplement	Recombinant Protein / Biologic
isoleucyl-prolyl-proline	SUPPLEMENT_INGREDIENT	Non-FDA / Dietary Supplement	Nutraceutical / Botanical
mangafodipir-trisodium	APPROVED_MEDICINE	FDA Approved	Small Molecule
coxsackievirus-a21	BOTANICAL_OR_ORGANISM_PREPARATION	Non-FDA / Dietary Supplement	Nutraceutical / Botanical
potassium-alpha-ketoisocaproate	SUPPLEMENT_INGREDIENT	Non-FDA / Dietary Supplement	Nutraceutical / Botanical
manganese-gluconate	SUPPLEMENT_INGREDIENT	Non-FDA / Dietary Supplement	Nutraceutical / Botanical
manganese-iodide	SUPPLEMENT_INGREDIENT	Non-FDA / Dietary Supplement	Nutraceutical / Botanical
alnus-glutinosa-whole	BOTANICAL_OR_ORGANISM_PREPARATION	Non-FDA / Dietary Supplement	Nutraceutical / Botanical
myrtle	SUPPLEMENT_INGREDIENT	Non-FDA / Dietary Supplement	Nutraceutical / Botanical
packera-aurea	BOTANICAL_OR_ORGANISM_PREPARATION	Non-FDA / Dietary Supplement	Nutraceutical / Botanical
manganese-lactate	SUPPLEMENT_INGREDIENT	Non-FDA / Dietary Supplement	Small Molecule
mephenytoin	APPROVED_MEDICINE	FDA Approved	Small Molecule
manganese-phosphate-dibasic	SUPPLEMENT_INGREDIENT	Non-FDA / Dietary Supplement	Nutraceutical / Botanical
medrysone	APPROVED_MEDICINE	FDA Approved	Small Molecule
carya-glabra-pollen	BOTANICAL_OR_ORGANISM_PREPARATION	Non-FDA / Dietary Supplement	Nutraceutical / Botanical
thallous-chloride-tl-201	APPROVED_MEDICINE	FDA Approved	Small Molecule
cyclopentasiloxane	SUPPLEMENT_INGREDIENT	Non-FDA / Dietary Supplement	Nutraceutical / Botanical
alpha-acids	SUPPLEMENT_INGREDIENT	Non-FDA / Dietary Supplement	Nutraceutical / Botanical
tryptophan	SUPPLEMENT_INGREDIENT	Non-FDA / Dietary Supplement	Nutraceutical / Botanical
cassia-cinnamon	SUPPLEMENT_INGREDIENT	Non-FDA / Dietary Supplement	Nutraceutical / Botanical
isatis	BOTANICAL_OR_ORGANISM_PREPARATION	Non-FDA / Dietary Supplement	Nutraceutical / Botanical
cranberry	SUPPLEMENT_INGREDIENT	Non-FDA / Dietary Supplement	Nutraceutical / Botanical
desirudin	MARKETED_PRODUCT_INGREDIENT	Non-FDA / Dietary Supplement	Nutraceutical / Botanical
chinese-chastetree	SUPPLEMENT_INGREDIENT	Non-FDA / Dietary Supplement	Nutraceutical / Botanical
isoleucine-alpha-ketoglutarate	SUPPLEMENT_INGREDIENT	Non-FDA / Dietary Supplement	Nutraceutical / Botanical
telisotuzumab-vedotin-tllv	APPROVED_BIOLOGIC	FDA Approved	Recombinant Protein / Biologic
alpha-methylselenobutanoic-acid	SUPPLEMENT_INGREDIENT	Non-FDA / Dietary Supplement	Nutraceutical / Botanical
crataegus-monogyna-flower	BOTANICAL_OR_ORGANISM_PREPARATION	Non-FDA / Dietary Supplement	Nutraceutical / Botanical
dianthrone	SUPPLEMENT_INGREDIENT	Non-FDA / Dietary Supplement	Nutraceutical / Botanical
physalia-physalis	BOTANICAL_OR_ORGANISM_PREPARATION	Non-FDA / Dietary Supplement	Nutraceutical / Botanical
isopropanol	SUPPLEMENT_INGREDIENT	Non-FDA / Dietary Supplement	Nutraceutical / Botanical
masoprocol	APPROVED_MEDICINE	FDA Approved	Small Molecule
astaxanthin	SUPPLEMENT_INGREDIENT	Non-FDA / Dietary Supplement	Nutraceutical / Botanical
crocanthemum-canadense	BOTANICAL_OR_ORGANISM_PREPARATION	Non-FDA / Dietary Supplement	Nutraceutical / Botanical
methylparaben	MARKETED_PRODUCT_INGREDIENT	FDA Approved	Nutraceutical / Botanical
desmodium-adscendens	BOTANICAL_OR_ORGANISM_PREPARATION	Non-FDA / Dietary Supplement	Nutraceutical / Botanical
estramustine	APPROVED_MEDICINE	FDA Approved	Small Molecule
melandrin	MARKETED_PRODUCT_INGREDIENT	Non-FDA / Dietary Supplement	Nutraceutical / Botanical
bacopa	BOTANICAL_OR_ORGANISM_PREPARATION	Non-FDA / Dietary Supplement	Nutraceutical / Botanical
slippery-elm	BOTANICAL_OR_ORGANISM_PREPARATION	Non-FDA / Dietary Supplement	Nutraceutical / Botanical
gadodiamide	APPROVED_MEDICINE	FDA Approved	Small Molecule
ferrous-citrate-fe-59	APPROVED_MEDICINE	FDA Approved	Small Molecule
ferric-ammonium	APPROVED_MEDICINE	FDA Approved	Small Molecule
bevacizumab-awwb	APPROVED_BIOLOGIC	FDA Approved	Recombinant Protein / Biologic
fraxinus-excelsior-leaf	BOTANICAL_OR_ORGANISM_PREPARATION	Non-FDA / Dietary Supplement	Nutraceutical / Botanical
meglumine-metrizoate	APPROVED_MEDICINE	FDA Approved	Small Molecule
cherokee-rose	BOTANICAL_OR_ORGANISM_PREPARATION	Non-FDA / Dietary Supplement	Nutraceutical / Botanical
quinoa	BOTANICAL_OR_ORGANISM_PREPARATION	Non-FDA / Dietary Supplement	Nutraceutical / Botanical
glycerophosphocholine	SUPPLEMENT_INGREDIENT	Non-FDA / Dietary Supplement	Nutraceutical / Botanical
grindelia-ciliata-pollen	BOTANICAL_OR_ORGANISM_PREPARATION	Non-FDA / Dietary Supplement	Nutraceutical / Botanical
procainamide	APPROVED_MEDICINE	FDA Approved	Small Molecule
melanotan-ii	CONTROLLED_NO_APPROVED_USE	Controlled / No Approved Use	Peptide / GLP-1 Agonist
methoxyflurane	APPROVED_MEDICINE	FDA Approved	Small Molecule
unsaturated-fatty-acid	SUPPLEMENT_INGREDIENT	Non-FDA / Dietary Supplement	Nutraceutical / Botanical
menadiol	APPROVED_MEDICINE	FDA Approved	Small Molecule
methscopolamine	APPROVED_MEDICINE	FDA Approved	Small Molecule
hippocampus-kuda	BOTANICAL_OR_ORGANISM_PREPARATION	Non-FDA / Dietary Supplement	Nutraceutical / Botanical
capsella-bursa-pastoris-whole	BOTANICAL_OR_ORGANISM_PREPARATION	Non-FDA / Dietary Supplement	Nutraceutical / Botanical
artemisia-annua-pollen	BOTANICAL_OR_ORGANISM_PREPARATION	Non-FDA / Dietary Supplement	Nutraceutical / Botanical
sunvozertinib	APPROVED_MEDICINE	FDA Approved	Small Molecule
homarus-americanus-digestive-fluid	SUPPLEMENT_INGREDIENT	Non-FDA / Dietary Supplement	Nutraceutical / Botanical
gadoquatrane	APPROVED_MEDICINE	FDA Approved	Small Molecule
mepenzolate	APPROVED_MEDICINE	FDA Approved	Small Molecule
inebilizumab-cdon	APPROVED_BIOLOGIC	FDA Approved	Recombinant Protein / Biologic
insulin-glargine-aldy	APPROVED_BIOLOGIC	FDA Approved	Recombinant Protein / Biologic
dong-quai	BOTANICAL_OR_ORGANISM_PREPARATION	Non-FDA / Dietary Supplement	Nutraceutical / Botanical
gentianella-quinquefolia	BOTANICAL_OR_ORGANISM_PREPARATION	Non-FDA / Dietary Supplement	Nutraceutical / Botanical
menthol-glucuronide	MARKETED_PRODUCT_INGREDIENT	FDA Approved	Small Molecule
isatis-tinctoria-whole	BOTANICAL_OR_ORGANISM_PREPARATION	Non-FDA / Dietary Supplement	Nutraceutical / Botanical
grindelia	BOTANICAL_OR_ORGANISM_PREPARATION	Non-FDA / Dietary Supplement	Nutraceutical / Botanical
lytta-vesicatoria	BOTANICAL_OR_ORGANISM_PREPARATION	Non-FDA / Dietary Supplement	Nutraceutical / Botanical
arginine-pyroglutamate	SUPPLEMENT_INGREDIENT	Non-FDA / Dietary Supplement	Nutraceutical / Botanical
uridine	SUPPLEMENT_INGREDIENT	Non-FDA / Dietary Supplement	Nutraceutical / Botanical
amniotic-fluid	SUPPLEMENT_INGREDIENT	Non-FDA / Dietary Supplement	Nutraceutical / Botanical
morinda	SUPPLEMENT_INGREDIENT	Non-FDA / Dietary Supplement	Nutraceutical / Botanical
polypodium	SUPPLEMENT_INGREDIENT	Non-FDA / Dietary Supplement	Nutraceutical / Botanical
dnoc	MARKETED_PRODUCT_INGREDIENT	Non-FDA / Dietary Supplement	Nutraceutical / Botanical
marjoram	SUPPLEMENT_INGREDIENT	Non-FDA / Dietary Supplement	Nutraceutical / Botanical
5-nucleotidase	OFF_LABEL_OR_COMPOUNDED	Off-Label / Compounded	Recombinant Protein / Biologic
mercuric-cation	SUPPLEMENT_INGREDIENT	Non-FDA / Dietary Supplement	Nutraceutical / Botanical
potassium-aminosalicylate	APPROVED_MEDICINE	FDA Approved	Small Molecule
gleditsia-sinensis-fruit	BOTANICAL_OR_ORGANISM_PREPARATION	Non-FDA / Dietary Supplement	Nutraceutical / Botanical
lomatium-dissectum-whole	BOTANICAL_OR_ORGANISM_PREPARATION	Non-FDA / Dietary Supplement	Nutraceutical / Botanical
hydrated-silica	OFF_LABEL_OR_COMPOUNDED	Off-Label / Compounded	Small Molecule
mercuric-oxide	SUPPLEMENT_INGREDIENT	Non-FDA / Dietary Supplement	Nutraceutical / Botanical
chinese-asparagus	SUPPLEMENT_INGREDIENT	Non-FDA / Dietary Supplement	Nutraceutical / Botanical
marstacimab-hncq	APPROVED_BIOLOGIC	FDA Approved	Recombinant Protein / Biologic
cupric-ascorbate	SUPPLEMENT_INGREDIENT	Non-FDA / Dietary Supplement	Nutraceutical / Botanical
metaraminol	APPROVED_MEDICINE	FDA Approved	Small Molecule
gallium-dotatate-ga-68	APPROVED_MEDICINE	FDA Approved	Small Molecule
methantheline	APPROVED_MEDICINE	FDA Approved	Small Molecule
gallium-citrate-ga-67	APPROVED_MEDICINE	FDA Approved	Small Molecule
rebaudioside-a	SUPPLEMENT_INGREDIENT	Non-FDA / Dietary Supplement	Nutraceutical / Botanical
bamboo	BOTANICAL_OR_ORGANISM_PREPARATION	Non-FDA / Dietary Supplement	Nutraceutical / Botanical
quillaja-saponaria-bark	BOTANICAL_OR_ORGANISM_PREPARATION	Non-FDA / Dietary Supplement	Nutraceutical / Botanical
human-rho-immune-globulin	INVESTIGATIONAL_MEDICINE	Pre-clinical / Open Source	Recombinant Protein / Biologic
methane	SUPPLEMENT_INGREDIENT	Non-FDA / Dietary Supplement	Nutraceutical / Botanical
methylxanthine	SUPPLEMENT_INGREDIENT	Non-FDA / Dietary Supplement	Nutraceutical / Botanical
methdilazine	APPROVED_MEDICINE	FDA Approved	Small Molecule
methylepitiostanol	SUPPLEMENT_INGREDIENT	Non-FDA / Dietary Supplement	Nutraceutical / Botanical
myrica-cerifera-root-bark	SUPPLEMENT_INGREDIENT	Non-FDA / Dietary Supplement	Nutraceutical / Botanical
mucor-circinelloides	BOTANICAL_OR_ORGANISM_PREPARATION	Non-FDA / Dietary Supplement	Nutraceutical / Botanical
ghb	APPROVED_MEDICINE	FDA Approved	Small Molecule
nigella-sativa-seed	BOTANICAL_OR_ORGANISM_PREPARATION	Non-FDA / Dietary Supplement	Nutraceutical / Botanical
naxitamab-gqgk	APPROVED_BIOLOGIC	FDA Approved	Recombinant Protein / Biologic
rose	SUPPLEMENT_INGREDIENT	Non-FDA / Dietary Supplement	Nutraceutical / Botanical
chromium-dinicotinate	SUPPLEMENT_INGREDIENT	Non-FDA / Dietary Supplement	Nutraceutical / Botanical
armadillidium-vulgare-whole	BOTANICAL_OR_ORGANISM_PREPARATION	Non-FDA / Dietary Supplement	Nutraceutical / Botanical
paederia-foetida	BOTANICAL_OR_ORGANISM_PREPARATION	Non-FDA / Dietary Supplement	Nutraceutical / Botanical
prosopis-velutina-seed	INVESTIGATIONAL_MEDICINE	Pre-clinical / Open Source	Nutraceutical / Botanical
isoliquiritigenin	SUPPLEMENT_INGREDIENT	Non-FDA / Dietary Supplement	Nutraceutical / Botanical
cocaine	APPROVED_MEDICINE	FDA Approved	Small Molecule
methylergonovine	APPROVED_MEDICINE	FDA Approved	Small Molecule
moringa	BOTANICAL_OR_ORGANISM_PREPARATION	Non-FDA / Dietary Supplement	Nutraceutical / Botanical
methyclothiazide	APPROVED_MEDICINE	FDA Approved	Small Molecule
methyl-alcohol	SUPPLEMENT_INGREDIENT	Non-FDA / Dietary Supplement	Nutraceutical / Botanical
capillary-artemisia	SUPPLEMENT_INGREDIENT	Non-FDA / Dietary Supplement	Nutraceutical / Botanical
lactobacillus-johnsonii	BOTANICAL_OR_ORGANISM_PREPARATION	Non-FDA / Dietary Supplement	Nutraceutical / Botanical
methylisothiazolinone	MARKETED_PRODUCT_INGREDIENT	FDA Approved	Small Molecule
myricitrin	SUPPLEMENT_INGREDIENT	Non-FDA / Dietary Supplement	Nutraceutical / Botanical
petiveria-alliacea-root	BOTANICAL_OR_ORGANISM_PREPARATION	Non-FDA / Dietary Supplement	Nutraceutical / Botanical
umbellularia-californica-whole	BOTANICAL_OR_ORGANISM_PREPARATION	Non-FDA / Dietary Supplement	Nutraceutical / Botanical
poke	SUPPLEMENT_INGREDIENT	Non-FDA / Dietary Supplement	Nutraceutical / Botanical
glucarpidase	APPROVED_BIOLOGIC	FDA Approved	Recombinant Protein / Biologic
grapefruit	BOTANICAL_OR_ORGANISM_PREPARATION	Non-FDA / Dietary Supplement	Nutraceutical / Botanical
methyl-ethyl-ketone	SUPPLEMENT_INGREDIENT	Non-FDA / Dietary Supplement	Nutraceutical / Botanical
metocurine	APPROVED_MEDICINE	FDA Approved	Small Molecule
guaifenesin	APPROVED_MEDICINE	FDA Approved	Small Molecule
bevacizumab-nwgd	APPROVED_BIOLOGIC	FDA Approved	Recombinant Protein / Biologic
pozelimab-bbfg	APPROVED_BIOLOGIC	FDA Approved	Recombinant Protein / Biologic
gold-trichloride	SUPPLEMENT_INGREDIENT	Non-FDA / Dietary Supplement	Nutraceutical / Botanical
methyl-methacrylate	SUPPLEMENT_INGREDIENT	Non-FDA / Dietary Supplement	Nutraceutical / Botanical
diatrizoate	APPROVED_MEDICINE	FDA Approved	Small Molecule
caffeic-acid	SUPPLEMENT_INGREDIENT	Non-FDA / Dietary Supplement	Nutraceutical / Botanical
protokylol	APPROVED_MEDICINE	FDA Approved	Small Molecule
cyclachaena-xanthifolia-pollen	SUPPLEMENT_INGREDIENT	Non-FDA / Dietary Supplement	Nutraceutical / Botanical
pseudoephedrine-polistirex	APPROVED_MEDICINE	FDA Approved	Small Molecule
cymbidium-goeringii	BOTANICAL_OR_ORGANISM_PREPARATION	Non-FDA / Dietary Supplement	Nutraceutical / Botanical
ranunculus-ficaria	BOTANICAL_OR_ORGANISM_PREPARATION	Non-FDA / Dietary Supplement	Nutraceutical / Botanical
zoledronic-acid	APPROVED_MEDICINE	FDA Approved	Small Molecule
harpagophytum-procumbens-root	BOTANICAL_OR_ORGANISM_PREPARATION	Non-FDA / Dietary Supplement	Nutraceutical / Botanical
rozanolixizumab-noli	APPROVED_BIOLOGIC	FDA Approved	Recombinant Protein / Biologic
salix-alba-flower	BOTANICAL_OR_ORGANISM_PREPARATION	Non-FDA / Dietary Supplement	Nutraceutical / Botanical
artemisia-maritima-flower	BOTANICAL_OR_ORGANISM_PREPARATION	Non-FDA / Dietary Supplement	Nutraceutical / Botanical
guanfacine	APPROVED_MEDICINE	FDA Approved	Small Molecule
metrizoate	APPROVED_MEDICINE	FDA Approved	Small Molecule
human-herpesvirus-4	BOTANICAL_OR_ORGANISM_PREPARATION	Non-FDA / Dietary Supplement	Nutraceutical / Botanical
methysergide	APPROVED_MEDICINE	FDA Approved	Small Molecule
saxifraga-stolonifera-whole	BOTANICAL_OR_ORGANISM_PREPARATION	Non-FDA / Dietary Supplement	Nutraceutical / Botanical
schinus-molle-fruiting-top	MARKETED_PRODUCT_INGREDIENT	Non-FDA / Dietary Supplement	Nutraceutical / Botanical
halcinonide	APPROVED_MEDICINE	FDA Approved	Small Molecule
tussilago-farfara-whole	BOTANICAL_OR_ORGANISM_PREPARATION	Non-FDA / Dietary Supplement	Nutraceutical / Botanical
scrophularia-nodosa-leaf-with-stem	MARKETED_PRODUCT_INGREDIENT	Non-FDA / Dietary Supplement	Nutraceutical / Botanical
artemisia-vulgaris-whole	BOTANICAL_OR_ORGANISM_PREPARATION	Non-FDA / Dietary Supplement	Nutraceutical / Botanical
denosumab-kyqq	APPROVED_BIOLOGIC	FDA Approved	Recombinant Protein / Biologic
sibeprenlimab-szsi	APPROVED_BIOLOGIC	FDA Approved	Recombinant Protein / Biologic
metipranolol	APPROVED_MEDICINE	FDA Approved	Small Molecule
hamamelis-virginiana-root-bark-stem-bark	SUPPLEMENT_INGREDIENT	Non-FDA / Dietary Supplement	Nutraceutical / Botanical
hawthorn-leaf-with-flower	SUPPLEMENT_INGREDIENT	Non-FDA / Dietary Supplement	Nutraceutical / Botanical
mica	SUPPLEMENT_INGREDIENT	Non-FDA / Dietary Supplement	Nutraceutical / Botanical
citrus-sinensis-flower	BOTANICAL_OR_ORGANISM_PREPARATION	Non-FDA / Dietary Supplement	Nutraceutical / Botanical
stenotaphrum-secundatum-whole	BOTANICAL_OR_ORGANISM_PREPARATION	Non-FDA / Dietary Supplement	Nutraceutical / Botanical
monobenzone	APPROVED_MEDICINE	FDA Approved	Small Molecule
moricizine	APPROVED_MEDICINE	FDA Approved	Small Molecule
dolichos-biflorus	BOTANICAL_OR_ORGANISM_PREPARATION	Non-FDA / Dietary Supplement	Nutraceutical / Botanical
asarum-europaeum-whole	BOTANICAL_OR_ORGANISM_PREPARATION	Non-FDA / Dietary Supplement	Nutraceutical / Botanical
mobocertinib	APPROVED_MEDICINE	FDA Approved	Small Molecule
nickel-sulfate-hexahydrate	SUPPLEMENT_INGREDIENT	Non-FDA / Dietary Supplement	Nutraceutical / Botanical
cynomorium-coccineum-subsp-songaricum-whole	MARKETED_PRODUCT_INGREDIENT	FDA Approved	Nutraceutical / Botanical
flax-fiber	SUPPLEMENT_INGREDIENT	Non-FDA / Dietary Supplement	Nutraceutical / Botanical
sour-cherry	BOTANICAL_OR_ORGANISM_PREPARATION	Non-FDA / Dietary Supplement	Nutraceutical / Botanical
technetium-tc-99m-pyro-trimeta-phosphates-kit	APPROVED_MEDICINE	FDA Approved	Small Molecule
bevacizumab-vikg	APPROVED_BIOLOGIC	FDA Approved	Recombinant Protein / Biologic
tuberculinum-residuum	MARKETED_PRODUCT_INGREDIENT	Non-FDA / Dietary Supplement	Nutraceutical / Botanical
pygeum	BOTANICAL_OR_ORGANISM_PREPARATION	Non-FDA / Dietary Supplement	Nutraceutical / Botanical
fraxinus-excelsior-pollen	BOTANICAL_OR_ORGANISM_PREPARATION	Non-FDA / Dietary Supplement	Nutraceutical / Botanical
carbo-animalis	SUPPLEMENT_INGREDIENT	Non-FDA / Dietary Supplement	Nutraceutical / Botanical
monolaurin	SUPPLEMENT_INGREDIENT	Non-FDA / Dietary Supplement	Nutraceutical / Botanical
moxalactam	APPROVED_MEDICINE	FDA Approved	Small Molecule
cyperus	BOTANICAL_OR_ORGANISM_PREPARATION	Non-FDA / Dietary Supplement	Nutraceutical / Botanical
mucolase	SUPPLEMENT_INGREDIENT	Non-FDA / Dietary Supplement	Recombinant Protein / Biologic
moranoline	SUPPLEMENT_INGREDIENT	Non-FDA / Dietary Supplement	Nutraceutical / Botanical
trichophyton-schoenleinii	BOTANICAL_OR_ORGANISM_PREPARATION	Non-FDA / Dietary Supplement	Nutraceutical / Botanical
tividenofusp-alfa-eknm	APPROVED_BIOLOGIC	FDA Approved	Recombinant Protein / Biologic
umbilicus-rupestris	BOTANICAL_OR_ORGANISM_PREPARATION	Non-FDA / Dietary Supplement	Nutraceutical / Botanical
cannabinoids	SUPPLEMENT_INGREDIENT	Non-FDA / Dietary Supplement	Nutraceutical / Botanical
veligrotug-vvze	APPROVED_BIOLOGIC	FDA Approved	Recombinant Protein / Biologic
myristic-acid	SUPPLEMENT_INGREDIENT	Non-FDA / Dietary Supplement	Nutraceutical / Botanical
n-acetyl-tyrosine	SUPPLEMENT_INGREDIENT	Non-FDA / Dietary Supplement	Nutraceutical / Botanical
alpha-galactosidase	SUPPLEMENT_INGREDIENT	Non-FDA / Dietary Supplement	Recombinant Protein / Biologic
hieracium-pilosella-flowering-top	BOTANICAL_OR_ORGANISM_PREPARATION	Non-FDA / Dietary Supplement	Nutraceutical / Botanical
zolbetuximab-clzb	APPROVED_BIOLOGIC	FDA Approved	Recombinant Protein / Biologic
n-acetylgalactosamine	SUPPLEMENT_INGREDIENT	Non-FDA / Dietary Supplement	Nutraceutical / Botanical
darunavir-and-ritonavir	COMBINATION_PRODUCT	FDA Approved	Small Molecule
artemisia-tridentata-whole	BOTANICAL_OR_ORGANISM_PREPARATION	Non-FDA / Dietary Supplement	Nutraceutical / Botanical
zenocutuzumab-zbco	APPROVED_BIOLOGIC	FDA Approved	Recombinant Protein / Biologic
nandrolone-decanoate	WITHDRAWN_MEDICINE	Withdrawn from Market	Small Molecule
violet	SUPPLEMENT_INGREDIENT	Non-FDA / Dietary Supplement	Nutraceutical / Botanical
astemizole	WITHDRAWN_MEDICINE	Withdrawn from Market	Small Molecule
deer-velvet	SUPPLEMENT_INGREDIENT	Non-FDA / Dietary Supplement	Nutraceutical / Botanical
melilotus-indicus-seed	BOTANICAL_OR_ORGANISM_PREPARATION	Non-FDA / Dietary Supplement	Nutraceutical / Botanical
toxicodendron-pubescens-whole	BOTANICAL_OR_ORGANISM_PREPARATION	Non-FDA / Dietary Supplement	Nutraceutical / Botanical
inositol	SUPPLEMENT_INGREDIENT	Non-FDA / Dietary Supplement	Nutraceutical / Botanical
naringin	SUPPLEMENT_INGREDIENT	Non-FDA / Dietary Supplement	Nutraceutical / Botanical
ceylon-spinach	BOTANICAL_OR_ORGANISM_PREPARATION	Non-FDA / Dietary Supplement	Nutraceutical / Botanical
succinylcholine	APPROVED_MEDICINE	FDA Approved	Small Molecule
asparagine	SUPPLEMENT_INGREDIENT	Non-FDA / Dietary Supplement	Nutraceutical / Botanical
human-amniotic-membrane	APPROVED_MEDICINE	FDA Approved	Small Molecule
cetoleic-acid	SUPPLEMENT_INGREDIENT	Non-FDA / Dietary Supplement	Nutraceutical / Botanical
pentolinium	APPROVED_MEDICINE	FDA Approved	Small Molecule
cetylated-fatty-acids	SUPPLEMENT_INGREDIENT	Non-FDA / Dietary Supplement	Nutraceutical / Botanical
vitamin-a	APPROVED_MEDICINE	FDA Approved	Nutraceutical / Botanical
human-herpesvirus-3	BOTANICAL_OR_ORGANISM_PREPARATION	Non-FDA / Dietary Supplement	Nutraceutical / Botanical
xylazine	MARKETED_PRODUCT_INGREDIENT	Non-FDA / Dietary Supplement	Small Molecule
galactomannase	SUPPLEMENT_INGREDIENT	Non-FDA / Dietary Supplement	Recombinant Protein / Biologic
cadmium-fluoride	SUPPLEMENT_INGREDIENT	Non-FDA / Dietary Supplement	Nutraceutical / Botanical
saxagliptin	APPROVED_MEDICINE	FDA Approved	Small Molecule
methyl-nicotinate	MARKETED_PRODUCT_INGREDIENT	FDA Approved	Small Molecule
aspalathus-linearis-whole	BOTANICAL_OR_ORGANISM_PREPARATION	Non-FDA / Dietary Supplement	Nutraceutical / Botanical
atropa-belladonna-root	BOTANICAL_OR_ORGANISM_PREPARATION	Non-FDA / Dietary Supplement	Nutraceutical / Botanical
rimonabant	WITHDRAWN_MEDICINE	Withdrawn from Market	Small Molecule
neodymium-oxide	SUPPLEMENT_INGREDIENT	Non-FDA / Dietary Supplement	Nutraceutical / Botanical
ozenoxacin	APPROVED_MEDICINE	FDA Approved	Small Molecule
butyloctyl	OFF_LABEL_OR_COMPOUNDED	Off-Label / Compounded	Small Molecule
propoxycaine	APPROVED_MEDICINE	FDA Approved	Small Molecule
chicory	BOTANICAL_OR_ORGANISM_PREPARATION	Non-FDA / Dietary Supplement	Nutraceutical / Botanical
prunus-persica-seed	BOTANICAL_OR_ORGANISM_PREPARATION	Non-FDA / Dietary Supplement	Nutraceutical / Botanical
human-thrombin	INVESTIGATIONAL_MEDICINE	Pre-clinical / Open Source	Recombinant Protein / Biologic
erythritol	SUPPLEMENT_INGREDIENT	Non-FDA / Dietary Supplement	Nutraceutical / Botanical
aminosalicylate	APPROVED_MEDICINE	FDA Approved	Small Molecule
neuropeptide-y	SUPPLEMENT_INGREDIENT	Non-FDA / Dietary Supplement	Nutraceutical / Botanical
niacinamide-ascorbate	SUPPLEMENT_INGREDIENT	Non-FDA / Dietary Supplement	Nutraceutical / Botanical
n-phenylacetyl-l-prolylglycine-ethyl-ester	SUPPLEMENT_INGREDIENT	Non-FDA / Dietary Supplement	Nutraceutical / Botanical
streptococcus-pneumoniae-type-9v-capsular-polysaccharide-diphtheria-crm197-protein-conjugate	INVESTIGATIONAL_MEDICINE	Pre-clinical / Open Source	Recombinant Protein / Biologic
jatoba	SUPPLEMENT_INGREDIENT	Non-FDA / Dietary Supplement	Nutraceutical / Botanical
nickel-arsenide	SUPPLEMENT_INGREDIENT	Non-FDA / Dietary Supplement	Nutraceutical / Botanical
nonivamide	MARKETED_PRODUCT_INGREDIENT	FDA Approved	Small Molecule
vespula-pensylvanica-venom-protein	INVESTIGATIONAL_MEDICINE	Pre-clinical / Open Source	Nutraceutical / Botanical
garadacimab-gxii	APPROVED_BIOLOGIC	FDA Approved	Recombinant Protein / Biologic
nickel-fluoride	SUPPLEMENT_INGREDIENT	Non-FDA / Dietary Supplement	Nutraceutical / Botanical
influenza-b-virus	BOTANICAL_OR_ORGANISM_PREPARATION	Non-FDA / Dietary Supplement	Nutraceutical / Botanical
niobium	SUPPLEMENT_INGREDIENT	Non-FDA / Dietary Supplement	Nutraceutical / Botanical
n-n-dimethylglycine	SUPPLEMENT_INGREDIENT	Non-FDA / Dietary Supplement	Nutraceutical / Botanical
diindoylmethane	SUPPLEMENT_INGREDIENT	Non-FDA / Dietary Supplement	Nutraceutical / Botanical
technetium-tc-99m-exametazime-kit	APPROVED_MEDICINE	FDA Approved	Small Molecule
bromantane	REGISTRY_ONLY_IDENTITY	Non-FDA / Dietary Supplement	Small Molecule
assam-indigo	SUPPLEMENT_INGREDIENT	Non-FDA / Dietary Supplement	Nutraceutical / Botanical
mu-conotoxin-g-iiic	OFF_LABEL_OR_COMPOUNDED	Off-Label / Compounded	Small Molecule
hyoscyamus-niger	BOTANICAL_OR_ORGANISM_PREPARATION	Non-FDA / Dietary Supplement	Nutraceutical / Botanical
ambrosia-confertiflora-pollen	BOTANICAL_OR_ORGANISM_PREPARATION	Non-FDA / Dietary Supplement	Nutraceutical / Botanical
chiococca-alba	BOTANICAL_OR_ORGANISM_PREPARATION	Non-FDA / Dietary Supplement	Nutraceutical / Botanical
jaborandi	BOTANICAL_OR_ORGANISM_PREPARATION	Non-FDA / Dietary Supplement	Nutraceutical / Botanical
inositol-nicotinate	SUPPLEMENT_INGREDIENT	Non-FDA / Dietary Supplement	Nutraceutical / Botanical
n-methyl-tyramine	SUPPLEMENT_INGREDIENT	Non-FDA / Dietary Supplement	Nutraceutical / Botanical
jaboticaba	SUPPLEMENT_INGREDIENT	Non-FDA / Dietary Supplement	Nutraceutical / Botanical
octacosane	SUPPLEMENT_INGREDIENT	Non-FDA / Dietary Supplement	Nutraceutical / Botanical
jewelweed	SUPPLEMENT_INGREDIENT	Non-FDA / Dietary Supplement	Nutraceutical / Botanical
kava-kava	SUPPLEMENT_INGREDIENT	Non-FDA / Dietary Supplement	Nutraceutical / Botanical
asshide-glue	SUPPLEMENT_INGREDIENT	Non-FDA / Dietary Supplement	Nutraceutical / Botanical
kelp-fiber	SUPPLEMENT_INGREDIENT	Non-FDA / Dietary Supplement	Nutraceutical / Botanical
insulin-lispro-protamine-recombinant	APPROVED_BIOLOGIC	FDA Approved	Recombinant Protein / Biologic
obeticholic-acid	APPROVED_MEDICINE	FDA Approved	Small Molecule
echinacea-pallida	BOTANICAL_OR_ORGANISM_PREPARATION	Non-FDA / Dietary Supplement	Nutraceutical / Botanical
omacetaxine-mepesuccinate	APPROVED_MEDICINE	FDA Approved	Small Molecule
o-cymen-5-ol	OFF_LABEL_OR_COMPOUNDED	Off-Label / Compounded	Small Molecule
oxprenolol	APPROVED_MEDICINE	FDA Approved	Small Molecule
pinus-monticola-pollen	INVESTIGATIONAL_MEDICINE	Pre-clinical / Open Source	Nutraceutical / Botanical
egg	SUPPLEMENT_INGREDIENT	Non-FDA / Dietary Supplement	Nutraceutical / Botanical
methenamine-hippurate	APPROVED_MEDICINE	FDA Approved	Small Molecule
larch-arabinogalactan	SUPPLEMENT_INGREDIENT	Non-FDA / Dietary Supplement	Nutraceutical / Botanical
walnut	SUPPLEMENT_INGREDIENT	Non-FDA / Dietary Supplement	Nutraceutical / Botanical
ornithine	SUPPLEMENT_INGREDIENT	Non-FDA / Dietary Supplement	Nutraceutical / Botanical
wahoo	BOTANICAL_OR_ORGANISM_PREPARATION	Non-FDA / Dietary Supplement	Nutraceutical / Botanical
elaeis-oleifera-kernel-oil	MARKETED_PRODUCT_INGREDIENT	FDA Approved	Nutraceutical / Botanical
ilex-aquifolium-whole	BOTANICAL_OR_ORGANISM_PREPARATION	Non-FDA / Dietary Supplement	Nutraceutical / Botanical
lypressin	APPROVED_BIOLOGIC	FDA Approved	Peptide / GLP-1 Agonist
kalanchoe-pinnatum	SUPPLEMENT_INGREDIENT	Non-FDA / Dietary Supplement	Nutraceutical / Botanical
iloprost	APPROVED_MEDICINE	FDA Approved	Small Molecule
ornithine-oxoglurate	SUPPLEMENT_INGREDIENT	Non-FDA / Dietary Supplement	Nutraceutical / Botanical
osmium	SUPPLEMENT_INGREDIENT	Non-FDA / Dietary Supplement	Nutraceutical / Botanical
bremelanotide	APPROVED_BIOLOGIC	FDA Approved	Peptide / GLP-1 Agonist
english-sole	BOTANICAL_OR_ORGANISM_PREPARATION	Non-FDA / Dietary Supplement	Nutraceutical / Botanical
capromab-pendetide	APPROVED_BIOLOGIC	FDA Approved	Peptide / GLP-1 Agonist
inulin	SUPPLEMENT_INGREDIENT	Non-FDA / Dietary Supplement	Nutraceutical / Botanical
isoproterenol	APPROVED_MEDICINE	FDA Approved	Small Molecule
inotuzumab-ozogamicin	APPROVED_BIOLOGIC	FDA Approved	Recombinant Protein / Biologic
goats-rue	BOTANICAL_OR_ORGANISM_PREPARATION	Non-FDA / Dietary Supplement	Nutraceutical / Botanical
iodipamide	APPROVED_MEDICINE	FDA Approved	Small Molecule
pandanus-tectorius-root	BOTANICAL_OR_ORGANISM_PREPARATION	Non-FDA / Dietary Supplement	Nutraceutical / Botanical
juglans-cinerea-branch-bark-root-bark	SUPPLEMENT_INGREDIENT	Non-FDA / Dietary Supplement	Nutraceutical / Botanical
iothalamate	APPROVED_MEDICINE	FDA Approved	Small Molecule
oxamniquine	APPROVED_MEDICINE	FDA Approved	Small Molecule
demecarium	APPROVED_MEDICINE	FDA Approved	Small Molecule
oxogluric-acid	SUPPLEMENT_INGREDIENT	Non-FDA / Dietary Supplement	Nutraceutical / Botanical
epifagus-virginiana-whole	BOTANICAL_OR_ORGANISM_PREPARATION	Non-FDA / Dietary Supplement	Nutraceutical / Botanical
penbutolol	APPROVED_MEDICINE	FDA Approved	Small Molecule
ipecac	BOTANICAL_OR_ORGANISM_PREPARATION	Non-FDA / Dietary Supplement	Nutraceutical / Botanical
chymopapain	APPROVED_BIOLOGIC	FDA Approved	Recombinant Protein / Biologic
iodixanol	APPROVED_MEDICINE	FDA Approved	Small Molecule
ioxilan	APPROVED_MEDICINE	FDA Approved	Small Molecule
auricularia	BOTANICAL_OR_ORGANISM_PREPARATION	Non-FDA / Dietary Supplement	Nutraceutical / Botanical
equisetum-hyemale-whole	BOTANICAL_OR_ORGANISM_PREPARATION	Non-FDA / Dietary Supplement	Nutraceutical / Botanical
luteolin	SUPPLEMENT_INGREDIENT	Non-FDA / Dietary Supplement	Nutraceutical / Botanical
oxandrolone	WITHDRAWN_MEDICINE	Withdrawn from Market	Small Molecule
padimate-o	MARKETED_PRODUCT_INGREDIENT	FDA Approved	Small Molecule
wild-lettuce	SUPPLEMENT_INGREDIENT	Non-FDA / Dietary Supplement	Nutraceutical / Botanical
juniper	SUPPLEMENT_INGREDIENT	Non-FDA / Dietary Supplement	Nutraceutical / Botanical
yerba-mate	BOTANICAL_OR_ORGANISM_PREPARATION	Non-FDA / Dietary Supplement	Nutraceutical / Botanical
xanthophyls	SUPPLEMENT_INGREDIENT	Non-FDA / Dietary Supplement	Nutraceutical / Botanical
istradefylline	APPROVED_MEDICINE	FDA Approved	Small Molecule
oxyphenonium	APPROVED_MEDICINE	FDA Approved	Small Molecule
human-coxsackievirus-a	BOTANICAL_OR_ORGANISM_PREPARATION	Non-FDA / Dietary Supplement	Nutraceutical / Botanical
hydrolysed-bovine-collagen-enzymatic	MARKETED_PRODUCT_INGREDIENT	FDA Approved	Nutraceutical / Botanical
influenza-b-virus-b-iowa-06-2017-whole	BOTANICAL_OR_ORGANISM_PREPARATION	Non-FDA / Dietary Supplement	Nutraceutical / Botanical
kalmia-latifolia-leaf	BOTANICAL_OR_ORGANISM_PREPARATION	Non-FDA / Dietary Supplement	Nutraceutical / Botanical
palmitoyl-pentapeptide-4	MARKETED_PRODUCT_INGREDIENT	FDA Approved	Small Molecule
zanthoxylum-piperitum	BOTANICAL_OR_ORGANISM_PREPARATION	Non-FDA / Dietary Supplement	Nutraceutical / Botanical
lanolin	APPROVED_MEDICINE	FDA Approved	Nutraceutical / Botanical
palmitoyl-tetrapeptide-7	MARKETED_PRODUCT_INGREDIENT	FDA Approved	Small Molecule
ipriflavone	SUPPLEMENT_INGREDIENT	Non-FDA / Dietary Supplement	Nutraceutical / Botanical
paramethasone	APPROVED_MEDICINE	FDA Approved	Small Molecule
phenolphthalein	MARKETED_PRODUCT_INGREDIENT	Non-FDA / Dietary Supplement	Nutraceutical / Botanical
polymer	SUPPLEMENT_INGREDIENT	Non-FDA / Dietary Supplement	Nutraceutical / Botanical
lanadelumab-flyo	APPROVED_BIOLOGIC	FDA Approved	Recombinant Protein / Biologic
ibogaine	CONTROLLED_NO_APPROVED_USE	Controlled / No Approved Use	Small Molecule
pepsin	SUPPLEMENT_INGREDIENT	Non-FDA / Dietary Supplement	Nutraceutical / Botanical
buclizine	APPROVED_MEDICINE	FDA Approved	Small Molecule
parthenolide	SUPPLEMENT_INGREDIENT	Non-FDA / Dietary Supplement	Nutraceutical / Botanical
p-dimethylaminoazobenzene	MARKETED_PRODUCT_INGREDIENT	Non-FDA / Dietary Supplement	Nutraceutical / Botanical
barbary-matrimony-vine	SUPPLEMENT_INGREDIENT	Non-FDA / Dietary Supplement	Nutraceutical / Botanical
eucalyptus-globulus-leaf-oil	MARKETED_PRODUCT_INGREDIENT	FDA Approved	Nutraceutical / Botanical
meradimate	MARKETED_PRODUCT_INGREDIENT	FDA Approved	Small Molecule
lead	SUPPLEMENT_INGREDIENT	Non-FDA / Dietary Supplement	Nutraceutical / Botanical
lapine-s-100-immune-globulin	OFF_LABEL_OR_COMPOUNDED	Off-Label / Compounded	Small Molecule
mesoridazine	APPROVED_MEDICINE	FDA Approved	Small Molecule
sus-scrofa-vagus-nerve	MARKETED_PRODUCT_INGREDIENT	Non-FDA / Dietary Supplement	Nutraceutical / Botanical
euonymus-europaeus-seed	BOTANICAL_OR_ORGANISM_PREPARATION	Non-FDA / Dietary Supplement	Nutraceutical / Botanical
brivaracetam	APPROVED_MEDICINE	FDA Approved	Small Molecule
eupatorium-cannabinum-whole	BOTANICAL_OR_ORGANISM_PREPARATION	Non-FDA / Dietary Supplement	Nutraceutical / Botanical
0-01-0-2-mole-percent-bisacrylamide	MARKETED_PRODUCT_INGREDIENT	FDA Approved	Small Molecule
lebrikizumab	INVESTIGATIONAL_MEDICINE	Pre-clinical / Open Source	Monoclonal Antibody (mAb)
3-hydroxy-1-methylguanine	MARKETED_PRODUCT_INGREDIENT	Non-FDA / Dietary Supplement	Nutraceutical / Botanical
3000-mw	MARKETED_PRODUCT_INGREDIENT	FDA Approved	Small Molecule
paramethadione	APPROVED_MEDICINE	FDA Approved	Small Molecule
phenprocoumon	APPROVED_MEDICINE	FDA Approved	Small Molecule
pentaerythrityl-tetraethylhexanoate	OFF_LABEL_OR_COMPOUNDED	Off-Label / Compounded	Small Molecule
indian-ipecac	SUPPLEMENT_INGREDIENT	Non-FDA / Dietary Supplement	Nutraceutical / Botanical
lorazepam	APPROVED_MEDICINE	FDA Approved	Small Molecule
penoxsulam	MARKETED_PRODUCT_INGREDIENT	Non-FDA / Dietary Supplement	Nutraceutical / Botanical
pentagastrin	APPROVED_MEDICINE	FDA Approved	Small Molecule
baicalin	APPROVED_MEDICINE	FDA Approved	Nutraceutical / Botanical
bai-ji	SUPPLEMENT_INGREDIENT	Non-FDA / Dietary Supplement	Nutraceutical / Botanical
vitex-negundo-fruit	BOTANICAL_OR_ORGANISM_PREPARATION	Non-FDA / Dietary Supplement	Nutraceutical / Botanical
vilobelimab	APPROVED_BIOLOGIC	Accelerated Approval	Monoclonal Antibody (mAb)
peptide	SUPPLEMENT_INGREDIENT	Non-FDA / Dietary Supplement	Peptide / GLP-1 Agonist
crocin	SUPPLEMENT_INGREDIENT	Non-FDA / Dietary Supplement	Peptide / GLP-1 Agonist
lidocaine	APPROVED_MEDICINE	FDA Approved	Small Molecule
african-mango	SUPPLEMENT_INGREDIENT	Non-FDA / Dietary Supplement	Nutraceutical / Botanical
lilium-lancifolium-whole-flowering	SUPPLEMENT_INGREDIENT	Non-FDA / Dietary Supplement	Nutraceutical / Botanical
chlormerodrin-hg-197	APPROVED_MEDICINE	FDA Approved	Small Molecule
dextroamphetamine-resin-complex	APPROVED_MEDICINE	FDA Approved	Small Molecule
lobaria-pulmonaria	BOTANICAL_OR_ORGANISM_PREPARATION	Non-FDA / Dietary Supplement	Nutraceutical / Botanical
perflexane	APPROVED_MEDICINE	FDA Approved	Small Molecule
european-barberry	BOTANICAL_OR_ORGANISM_PREPARATION	Non-FDA / Dietary Supplement	Nutraceutical / Botanical
pergolide	WITHDRAWN_MEDICINE	Withdrawn from Market	Small Molecule
linaclotide	APPROVED_BIOLOGIC	FDA Approved	Peptide / GLP-1 Agonist
patisiran	APPROVED_BIOLOGIC	FDA Approved	siRNA (Small Interfering RNA)
perindopril-arginine	APPROVED_MEDICINE	FDA Approved	Small Molecule
baobab	BOTANICAL_OR_ORGANISM_PREPARATION	Non-FDA / Dietary Supplement	Nutraceutical / Botanical
chlorine-dioxide	OFF_LABEL_OR_COMPOUNDED	Off-Label / Compounded	Small Molecule
limonene	APPROVED_MEDICINE	FDA Approved	Nutraceutical / Botanical
limosilactobacillus-reuteri	OFF_LABEL_OR_COMPOUNDED	Off-Label / Compounded	Nutraceutical / Botanical
phencyclidine	CONTROLLED_NO_APPROVED_USE	Controlled / No Approved Use	Small Molecule
talquetamab	INVESTIGATIONAL_MEDICINE	Pre-clinical / Open Source	Monoclonal Antibody (mAb)
sodium-succinate	APPROVED_MEDICINE	FDA Approved	Small Molecule
lifitegrast	APPROVED_MEDICINE	FDA Approved	Small Molecule
linagliptin-and-metformin	COMBINATION_PRODUCT	FDA Approved	Small Molecule
phellodendrine	OFF_LABEL_OR_COMPOUNDED	Off-Label / Compounded	Small Molecule
magnesium-acetate	APPROVED_MEDICINE	FDA Approved	Small Molecule
meropenem	APPROVED_MEDICINE	FDA Approved	Small Molecule
lixisenatide	APPROVED_BIOLOGIC	FDA Approved	Peptide / GLP-1 Agonist
lunsotogene-parvec	INVESTIGATIONAL_MEDICINE	Pre-clinical / Open Source	CRISPR / Gene Therapy
phenethylamine	SUPPLEMENT_INGREDIENT	Non-FDA / Dietary Supplement	Nutraceutical / Botanical
marsdenia-condurango-bark	SUPPLEMENT_INGREDIENT	Non-FDA / Dietary Supplement	Nutraceutical / Botanical
european-vervain	SUPPLEMENT_INGREDIENT	Non-FDA / Dietary Supplement	Nutraceutical / Botanical
populus-fremontii-pollen	BOTANICAL_OR_ORGANISM_PREPARATION	Non-FDA / Dietary Supplement	Nutraceutical / Botanical
lonafarnib	APPROVED_MEDICINE	FDA Approved	Small Molecule
methoxamine	APPROVED_MEDICINE	FDA Approved	Small Molecule
carboxymethylcellulose-sodium-unspecified	APPROVED_MEDICINE	FDA Approved	Nutraceutical / Botanical
magnesium-stearate	APPROVED_MEDICINE	FDA Approved	Nutraceutical / Botanical
phenindione	APPROVED_MEDICINE	FDA Approved	Small Molecule
phytoestrogen	SUPPLEMENT_INGREDIENT	Non-FDA / Dietary Supplement	Nutraceutical / Botanical
banana	SUPPLEMENT_INGREDIENT	Non-FDA / Dietary Supplement	Nutraceutical / Botanical
cardiospermum-halicacabum-flowering-top	BOTANICAL_OR_ORGANISM_PREPARATION	Non-FDA / Dietary Supplement	Nutraceutical / Botanical
exopeptidase	SUPPLEMENT_INGREDIENT	Non-FDA / Dietary Supplement	Recombinant Protein / Biologic
margetuximab	INVESTIGATIONAL_MEDICINE	Pre-clinical / Open Source	Monoclonal Antibody (mAb)
lubiprostone	APPROVED_MEDICINE	FDA Approved	Small Molecule
potassium-hydroxide	OFF_LABEL_OR_COMPOUNDED	Off-Label / Compounded	Small Molecule
lysozyme	APPROVED_MEDICINE	FDA Approved	Nutraceutical / Botanical
spectinomycin	APPROVED_MEDICINE	FDA Approved	Small Molecule
sulfoxone	APPROVED_MEDICINE	FDA Approved	Small Molecule
arginine-aspartate	APPROVED_MEDICINE	FDA Approved	Small Molecule
lysine-aspartate	APPROVED_MEDICINE	FDA Approved	Nutraceutical / Botanical
magnesium-l-threonate	OFF_LABEL_OR_COMPOUNDED	Off-Label / Compounded	Small Molecule
phenylbutazone	APPROVED_MEDICINE	FDA Approved	Small Molecule
phenylpiracetam	SUPPLEMENT_INGREDIENT	Non-FDA / Dietary Supplement	Small Molecule
phytoene	SUPPLEMENT_INGREDIENT	Non-FDA / Dietary Supplement	Nutraceutical / Botanical
mannitol	APPROVED_MEDICINE	FDA Approved	Small Molecule
juniperus-ashei-pollen	BOTANICAL_OR_ORGANISM_PREPARATION	Non-FDA / Dietary Supplement	Nutraceutical / Botanical
carpinus-betulus-whole	BOTANICAL_OR_ORGANISM_PREPARATION	Non-FDA / Dietary Supplement	Nutraceutical / Botanical
phenylethylamine	SUPPLEMENT_INGREDIENT	Non-FDA / Dietary Supplement	Nutraceutical / Botanical
passionflower	SUPPLEMENT_INGREDIENT	Non-FDA / Dietary Supplement	Nutraceutical / Botanical
ulmus-parvifolia-pollen	INVESTIGATIONAL_MEDICINE	Pre-clinical / Open Source	Nutraceutical / Botanical
lesser-galangal-root	BOTANICAL_OR_ORGANISM_PREPARATION	Non-FDA / Dietary Supplement	Nutraceutical / Botanical
lindera	SUPPLEMENT_INGREDIENT	Non-FDA / Dietary Supplement	Nutraceutical / Botanical
phosfolan	MARKETED_PRODUCT_INGREDIENT	Non-FDA / Dietary Supplement	Nutraceutical / Botanical
colchiceine	INVESTIGATIONAL_MEDICINE	Pre-clinical / Open Source	Small Molecule
fang-feng	SUPPLEMENT_INGREDIENT	Non-FDA / Dietary Supplement	Nutraceutical / Botanical
azelastine	APPROVED_MEDICINE	FDA Approved	Small Molecule
phosphatidic-acid	SUPPLEMENT_INGREDIENT	Non-FDA / Dietary Supplement	Nutraceutical / Botanical
pipobroman	APPROVED_MEDICINE	FDA Approved	Small Molecule
black-pepper	SUPPLEMENT_INGREDIENT	Non-FDA / Dietary Supplement	Nutraceutical / Botanical
phosphatidylserine	APPROVED_MEDICINE	FDA Approved	Nutraceutical / Botanical
acacia-fiber	SUPPLEMENT_INGREDIENT	Non-FDA / Dietary Supplement	Nutraceutical / Botanical
festuca-pratensis-top	BOTANICAL_OR_ORGANISM_PREPARATION	Non-FDA / Dietary Supplement	Nutraceutical / Botanical
phosphocreatine	SUPPLEMENT_INGREDIENT	Non-FDA / Dietary Supplement	Nutraceutical / Botanical
bartonella-washoensis-dna	SUPPLEMENT_INGREDIENT	Non-FDA / Dietary Supplement	Nutraceutical / Botanical
mecamylamine	APPROVED_MEDICINE	FDA Approved	Small Molecule
donor-human-stool	INVESTIGATIONAL_MEDICINE	Pre-clinical / Open Source	Recombinant Protein / Biologic
meclizine	APPROVED_MEDICINE	FDA Approved	Small Molecule
benzyl-benzoate	APPROVED_MEDICINE	FDA Approved	Small Molecule
phosphorus-p-32	SUPPLEMENT_INGREDIENT	Non-FDA / Dietary Supplement	Nutraceutical / Botanical
piperin	SUPPLEMENT_INGREDIENT	Non-FDA / Dietary Supplement	Nutraceutical / Botanical
gibberella-zeae	INVESTIGATIONAL_MEDICINE	Pre-clinical / Open Source	Nutraceutical / Botanical
melaleuca-alternifolia-leaf-oil	APPROVED_MEDICINE	FDA Approved	Nutraceutical / Botanical
methimazole	APPROVED_MEDICINE	FDA Approved	Small Molecule
bassia-scoparia-pollen	BOTANICAL_OR_ORGANISM_PREPARATION	Non-FDA / Dietary Supplement	Nutraceutical / Botanical
menadione	APPROVED_MEDICINE	FDA Approved	Small Molecule
phosphorylethanolamine	SUPPLEMENT_INGREDIENT	Non-FDA / Dietary Supplement	Nutraceutical / Botanical
mucor-racemosus	BOTANICAL_OR_ORGANISM_PREPARATION	Non-FDA / Dietary Supplement	Nutraceutical / Botanical
phthalimidoperoxycaproic-acid	MARKETED_PRODUCT_INGREDIENT	FDA Approved	Small Molecule
phytofluene	SUPPLEMENT_INGREDIENT	Non-FDA / Dietary Supplement	Nutraceutical / Botanical
bean-pod	SUPPLEMENT_INGREDIENT	Non-FDA / Dietary Supplement	Nutraceutical / Botanical
melaleuca-alternifolia-flowering-top	MARKETED_PRODUCT_INGREDIENT	FDA Approved	Nutraceutical / Botanical
betrixaban	APPROVED_MEDICINE	FDA Approved	Small Molecule
phytol	SUPPLEMENT_INGREDIENT	Non-FDA / Dietary Supplement	Nutraceutical / Botanical
ertugliflozin-pidolate	INVESTIGATIONAL_MEDICINE	Pre-clinical / Open Source	Small Molecule
mercaptopurine	APPROVED_MEDICINE	FDA Approved	Small Molecule
micafungin	APPROVED_MEDICINE	FDA Approved	Small Molecule
eurotium-amstelodami	INVESTIGATIONAL_MEDICINE	Pre-clinical / Open Source	Nutraceutical / Botanical
piperazine	APPROVED_MEDICINE	FDA Approved	Small Molecule
mesna	APPROVED_MEDICINE	FDA Approved	Small Molecule
piperonyl-butoxide	APPROVED_MEDICINE	FDA Approved	Small Molecule
proteolytic-enzymes	SUPPLEMENT_INGREDIENT	Non-FDA / Dietary Supplement	Nutraceutical / Botanical
sclareolide	SUPPLEMENT_INGREDIENT	Non-FDA / Dietary Supplement	Nutraceutical / Botanical
mentha-arvensis-leaf	MARKETED_PRODUCT_INGREDIENT	FDA Approved	Nutraceutical / Botanical
mosunetuzumab	INVESTIGATIONAL_MEDICINE	Pre-clinical / Open Source	Monoclonal Antibody (mAb)
piperacetazine	APPROVED_MEDICINE	FDA Approved	Small Molecule
piracetam	APPROVED_MEDICINE	EMA Approved	Small Molecule
foeniculum-vulgare-fruit	BOTANICAL_OR_ORGANISM_PREPARATION	Non-FDA / Dietary Supplement	Nutraceutical / Botanical
buspirone	APPROVED_MEDICINE	FDA Approved	Small Molecule
propyliodone	APPROVED_MEDICINE	FDA Approved	Small Molecule
migalastat	APPROVED_MEDICINE	FDA Approved	Small Molecule
human-hair	BOTANICAL_OR_ORGANISM_PREPARATION	Non-FDA / Dietary Supplement	Nutraceutical / Botanical
plicamycin	APPROVED_MEDICINE	FDA Approved	Small Molecule
potassium-perchlorate	APPROVED_MEDICINE	FDA Approved	Small Molecule
belgium-endive	SUPPLEMENT_INGREDIENT	Non-FDA / Dietary Supplement	Nutraceutical / Botanical
mechlorethamine	APPROVED_MEDICINE	FDA Approved	Small Molecule
technetium-tc-99m-exametazime	INVESTIGATIONAL_MEDICINE	Pre-clinical / Open Source	Small Molecule
xenon-xe-129-hyperpolarized	APPROVED_MEDICINE	FDA Approved	Small Molecule
vaccinia-virus-modified-strain-ankara-bavarian-nordic-non-replicating-antigen	INVESTIGATIONAL_MEDICINE	Pre-clinical / Open Source	Recombinant Protein / Biologic
probucol	APPROVED_MEDICINE	FDA Approved	Small Molecule
propylparaben	MARKETED_PRODUCT_INGREDIENT	FDA Approved	Nutraceutical / Botanical
fish-protein	SUPPLEMENT_INGREDIENT	Non-FDA / Dietary Supplement	Nutraceutical / Botanical
probiotic	SUPPLEMENT_INGREDIENT	Non-FDA / Dietary Supplement	Nutraceutical / Botanical
flammulina-velutpies	SUPPLEMENT_INGREDIENT	Non-FDA / Dietary Supplement	Nutraceutical / Botanical
misoprostol	APPROVED_MEDICINE	FDA Approved	Small Molecule
procyanidin	SUPPLEMENT_INGREDIENT	Non-FDA / Dietary Supplement	Nutraceutical / Botanical
punicalagin	SUPPLEMENT_INGREDIENT	Non-FDA / Dietary Supplement	Nutraceutical / Botanical
flavones	SUPPLEMENT_INGREDIENT	Non-FDA / Dietary Supplement	Nutraceutical / Botanical
nebivolol	APPROVED_MEDICINE	FDA Approved	Small Molecule
procyanidol	SUPPLEMENT_INGREDIENT	Non-FDA / Dietary Supplement	Nutraceutical / Botanical
castanea-sativa-flower	BOTANICAL_OR_ORGANISM_PREPARATION	Non-FDA / Dietary Supplement	Nutraceutical / Botanical
naphazoline-hcl	APPROVED_MEDICINE	FDA Approved	Small Molecule
bengal-fig	SUPPLEMENT_INGREDIENT	Non-FDA / Dietary Supplement	Nutraceutical / Botanical
flaxseed-protein	SUPPLEMENT_INGREDIENT	Non-FDA / Dietary Supplement	Nutraceutical / Botanical
mycophenolate	APPROVED_MEDICINE	FDA Approved	Small Molecule
nadh	SUPPLEMENT_INGREDIENT	Non-FDA / Dietary Supplement	Nutraceutical / Botanical
centrophenoxine	SUPPLEMENT_INGREDIENT	Non-FDA / Dietary Supplement	Nutraceutical / Botanical
foeniculum-vulgare-var-vulgare-whole	BOTANICAL_OR_ORGANISM_PREPARATION	Non-FDA / Dietary Supplement	Nutraceutical / Botanical
narsoplimab-wuug	APPROVED_BIOLOGIC	FDA Approved	Recombinant Protein / Biologic
prolactin	SUPPLEMENT_INGREDIENT	Non-FDA / Dietary Supplement	Nutraceutical / Botanical
antimony-oxide-sulfide	SUPPLEMENT_INGREDIENT	Non-FDA / Dietary Supplement	Nutraceutical / Botanical
centaurea-cyanus-flower	MARKETED_PRODUCT_INGREDIENT	FDA Approved	Nutraceutical / Botanical
fo-ti	BOTANICAL_OR_ORGANISM_PREPARATION	Non-FDA / Dietary Supplement	Nutraceutical / Botanical
nafarelin	APPROVED_BIOLOGIC	FDA Approved	Peptide / GLP-1 Agonist
procyclidine	APPROVED_MEDICINE	FDA Approved	Small Molecule
melaleuca-cajuputi-whole	BOTANICAL_OR_ORGANISM_PREPARATION	Non-FDA / Dietary Supplement	Nutraceutical / Botanical
meleagris-gallopavo-feather	SUPPLEMENT_INGREDIENT	Non-FDA / Dietary Supplement	Nutraceutical / Botanical
propantheline	APPROVED_MEDICINE	FDA Approved	Small Molecule
protirelin	APPROVED_BIOLOGIC	FDA Approved	Peptide / GLP-1 Agonist
fringed-pink	SUPPLEMENT_INGREDIENT	Non-FDA / Dietary Supplement	Nutraceutical / Botanical
chloroxylenol	APPROVED_MEDICINE	FDA Approved	Small Molecule
nalbuphine	APPROVED_MEDICINE	FDA Approved	Small Molecule
methyldopate	APPROVED_MEDICINE	FDA Approved	Small Molecule
proxifezone	MARKETED_PRODUCT_INGREDIENT	Non-FDA / Dietary Supplement	Nutraceutical / Botanical
formoterol	APPROVED_MEDICINE	FDA Approved	Small Molecule
methsuximide	APPROVED_MEDICINE	FDA Approved	Small Molecule
arani	SUPPLEMENT_INGREDIENT	Non-FDA / Dietary Supplement	Nutraceutical / Botanical
arginine-alpha-ketoisocaproate	SUPPLEMENT_INGREDIENT	Non-FDA / Dietary Supplement	Nutraceutical / Botanical
bethroot	BOTANICAL_OR_ORGANISM_PREPARATION	Non-FDA / Dietary Supplement	Nutraceutical / Botanical
puerarin	SUPPLEMENT_INGREDIENT	Non-FDA / Dietary Supplement	Nutraceutical / Botanical
citrus-limon-fruit-oil	MARKETED_PRODUCT_INGREDIENT	FDA Approved	Nutraceutical / Botanical
psilocybin	CONTROLLED_NO_APPROVED_USE	Controlled / No Approved Use	Small Molecule
rofecoxib	WITHDRAWN_MEDICINE	Withdrawn from Market	Small Molecule
metoclopramide	APPROVED_MEDICINE	FDA Approved	Small Molecule
adalimumab-bwwd	APPROVED_BIOLOGIC	FDA Approved	Recombinant Protein / Biologic
clidinium	APPROVED_MEDICINE	FDA Approved	Small Molecule
punicic-acid	SUPPLEMENT_INGREDIENT	Non-FDA / Dietary Supplement	Nutraceutical / Botanical
alendronate	APPROVED_MEDICINE	FDA Approved	Small Molecule
pyrrole	MARKETED_PRODUCT_INGREDIENT	Non-FDA / Dietary Supplement	Nutraceutical / Botanical
moxetumomab-pasudotox-tdfk	APPROVED_BIOLOGIC	FDA Approved	Recombinant Protein / Biologic
roe	SUPPLEMENT_INGREDIENT	Non-FDA / Dietary Supplement	Nutraceutical / Botanical
mirvetuximab-soravtansine-gynx	APPROVED_BIOLOGIC	FDA Approved	Recombinant Protein / Biologic
ivy-gourd	SUPPLEMENT_INGREDIENT	Non-FDA / Dietary Supplement	Nutraceutical / Botanical
cloxacillin	APPROVED_MEDICINE	FDA Approved	Small Molecule
nintedanib	APPROVED_MEDICINE	FDA Approved	Small Molecule
pyrroloquinoline-quinone	SUPPLEMENT_INGREDIENT	Non-FDA / Dietary Supplement	Nutraceutical / Botanical
quinupristin	APPROVED_MEDICINE	FDA Approved	Small Molecule
artemisia-cina-pre-flowering-top	SUPPLEMENT_INGREDIENT	Non-FDA / Dietary Supplement	Nutraceutical / Botanical
nirmatrelvir	APPROVED_MEDICINE	FDA Approved	Small Molecule
egg-white	SUPPLEMENT_INGREDIENT	Non-FDA / Dietary Supplement	Nutraceutical / Botanical
ertapenem	APPROVED_MEDICINE	FDA Approved	Small Molecule
ocrelizumab-and-hyaluronidase-ocsq	APPROVED_BIOLOGIC	FDA Approved	Recombinant Protein / Biologic
pyruvaldehyde	MARKETED_PRODUCT_INGREDIENT	Non-FDA / Dietary Supplement	Nutraceutical / Botanical
rimexolone	APPROVED_MEDICINE	FDA Approved	Small Molecule
asarum-canadense-root	BOTANICAL_OR_ORGANISM_PREPARATION	Non-FDA / Dietary Supplement	Nutraceutical / Botanical
pyrvinium	APPROVED_MEDICINE	FDA Approved	Small Molecule
beta-vulgaris	BOTANICAL_OR_ORGANISM_PREPARATION	Non-FDA / Dietary Supplement	Nutraceutical / Botanical
bifidobacterium-infantis	SUPPLEMENT_INGREDIENT	Non-FDA / Dietary Supplement	Nutraceutical / Botanical
ornithogalum-umbellatum	BOTANICAL_OR_ORGANISM_PREPARATION	Non-FDA / Dietary Supplement	Nutraceutical / Botanical
betula-pendula-leaf	BOTANICAL_OR_ORGANISM_PREPARATION	Non-FDA / Dietary Supplement	Nutraceutical / Botanical
gac	SUPPLEMENT_INGREDIENT	Non-FDA / Dietary Supplement	Nutraceutical / Botanical
oatmeal	APPROVED_MEDICINE	FDA Approved	Nutraceutical / Botanical
rescinnamine	APPROVED_MEDICINE	FDA Approved	Small Molecule
dacomitinib	APPROVED_MEDICINE	FDA Approved	Small Molecule
octopamine	SUPPLEMENT_INGREDIENT	Non-FDA / Dietary Supplement	Nutraceutical / Botanical
arthrospira-platensis	BOTANICAL_OR_ORGANISM_PREPARATION	Non-FDA / Dietary Supplement	Nutraceutical / Botanical
betuligneol	SUPPLEMENT_INGREDIENT	Non-FDA / Dietary Supplement	Nutraceutical / Botanical
black-cardamom	SUPPLEMENT_INGREDIENT	Non-FDA / Dietary Supplement	Nutraceutical / Botanical
reserpine	APPROVED_MEDICINE	FDA Approved	Small Molecule
chinese-pond-turtle	SUPPLEMENT_INGREDIENT	Non-FDA / Dietary Supplement	Nutraceutical / Botanical
danazol	APPROVED_MEDICINE	FDA Approved	Small Molecule
esmolol	APPROVED_MEDICINE	FDA Approved	Small Molecule
stevioside	SUPPLEMENT_INGREDIENT	Non-FDA / Dietary Supplement	Nutraceutical / Botanical
bifidobacterium-adolescentis	BOTANICAL_OR_ORGANISM_PREPARATION	Non-FDA / Dietary Supplement	Nutraceutical / Botanical
daxibotulinumtoxina-lanm	APPROVED_BIOLOGIC	FDA Approved	Recombinant Protein / Biologic
olipudase-alfa-rpcp	APPROVED_BIOLOGIC	FDA Approved	Recombinant Protein / Biologic
resin	SUPPLEMENT_INGREDIENT	Non-FDA / Dietary Supplement	Nutraceutical / Botanical
bitter-principles	SUPPLEMENT_INGREDIENT	Non-FDA / Dietary Supplement	Nutraceutical / Botanical
dapagliflozin-metformin	COMBINATION_PRODUCT	FDA Approved	Small Molecule
ruscogenin	SUPPLEMENT_INGREDIENT	Non-FDA / Dietary Supplement	Nutraceutical / Botanical
omidenepag-isopropyl	APPROVED_MEDICINE	FDA Approved	Small Molecule
rhododendrol	SUPPLEMENT_INGREDIENT	Non-FDA / Dietary Supplement	Nutraceutical / Botanical
egg-shell-membrane	SUPPLEMENT_INGREDIENT	Non-FDA / Dietary Supplement	Nutraceutical / Botanical
resorcinol	MARKETED_PRODUCT_INGREDIENT	FDA Approved	Nutraceutical / Botanical
rosmarinic-acid	SUPPLEMENT_INGREDIENT	Non-FDA / Dietary Supplement	Nutraceutical / Botanical
galium-aparine-whole	BOTANICAL_OR_ORGANISM_PREPARATION	Non-FDA / Dietary Supplement	Nutraceutical / Botanical
rhodium	SUPPLEMENT_INGREDIENT	Non-FDA / Dietary Supplement	Nutraceutical / Botanical
chokeberry	BOTANICAL_OR_ORGANISM_PREPARATION	Non-FDA / Dietary Supplement	Nutraceutical / Botanical
eggshell	SUPPLEMENT_INGREDIENT	Non-FDA / Dietary Supplement	Nutraceutical / Botanical
alternaria-alternata	BOTANICAL_OR_ORGANISM_PREPARATION	Non-FDA / Dietary Supplement	Nutraceutical / Botanical
rosavins	SUPPLEMENT_INGREDIENT	Non-FDA / Dietary Supplement	Nutraceutical / Botanical
oxacillin	APPROVED_MEDICINE	FDA Approved	Small Molecule
pantethine	SUPPLEMENT_INGREDIENT	Non-FDA / Dietary Supplement	Nutraceutical / Botanical
porcine	SUPPLEMENT_INGREDIENT	Non-FDA / Dietary Supplement	Nutraceutical / Botanical
paltusotine	APPROVED_MEDICINE	FDA Approved	Small Molecule
rose-bengal-sodium-i-131	APPROVED_MEDICINE	FDA Approved	Small Molecule
s-23	INVESTIGATIONAL_MEDICINE	Pre-clinical / Open Source	Small Molecule
streptococcus-pneumoniae-type-6b-capsular-polysaccharide-diphtheria-crm197-protein-conjugate	INVESTIGATIONAL_MEDICINE	Pre-clinical / Open Source	Recombinant Protein / Biologic
pellitory	SUPPLEMENT_INGREDIENT	Non-FDA / Dietary Supplement	Nutraceutical / Botanical
rubidium-nitrite	MARKETED_PRODUCT_INGREDIENT	Non-FDA / Dietary Supplement	Nutraceutical / Botanical
salicyloyl-phytosphingosine	OFF_LABEL_OR_COMPOUNDED	Off-Label / Compounded	Small Molecule
scandium-iodide	MARKETED_PRODUCT_INGREDIENT	Non-FDA / Dietary Supplement	Nutraceutical / Botanical
strontium	SUPPLEMENT_INGREDIENT	Non-FDA / Dietary Supplement	Nutraceutical / Botanical
devils-claw	SUPPLEMENT_INGREDIENT	Non-FDA / Dietary Supplement	Nutraceutical / Botanical
potassium-glucarate	SUPPLEMENT_INGREDIENT	Non-FDA / Dietary Supplement	Nutraceutical / Botanical
parthenocissus-quinquefolia-leaf	BOTANICAL_OR_ORGANISM_PREPARATION	Non-FDA / Dietary Supplement	Nutraceutical / Botanical
bitter-grass	SUPPLEMENT_INGREDIENT	Non-FDA / Dietary Supplement	Nutraceutical / Botanical
palovarotene	APPROVED_MEDICINE	FDA Approved	Small Molecule
aloe-vera	BOTANICAL_OR_ORGANISM_PREPARATION	Non-FDA / Dietary Supplement	Nutraceutical / Botanical
rue	SUPPLEMENT_INGREDIENT	Non-FDA / Dietary Supplement	Nutraceutical / Botanical
palivizumab	APPROVED_BIOLOGIC	FDA Approved	Monoclonal Antibody (mAb)
dimorphandra-mollis	BOTANICAL_OR_ORGANISM_PREPARATION	Non-FDA / Dietary Supplement	Nutraceutical / Botanical
polygala-senega-root	BOTANICAL_OR_ORGANISM_PREPARATION	Non-FDA / Dietary Supplement	Nutraceutical / Botanical
asparagus-racemosus	BOTANICAL_OR_ORGANISM_PREPARATION	Non-FDA / Dietary Supplement	Nutraceutical / Botanical
garrya	BOTANICAL_OR_ORGANISM_PREPARATION	Non-FDA / Dietary Supplement	Nutraceutical / Botanical
anise	BOTANICAL_OR_ORGANISM_PREPARATION	Non-FDA / Dietary Supplement	Nutraceutical / Botanical
oyster-shell-calcium-carbonate-crude	SUPPLEMENT_INGREDIENT	Non-FDA / Dietary Supplement	Nutraceutical / Botanical
pancrelipase-protease	INVESTIGATIONAL_MEDICINE	Pre-clinical / Open Source	Recombinant Protein / Biologic
protein	SUPPLEMENT_INGREDIENT	Non-FDA / Dietary Supplement	Nutraceutical / Botanical
gelatin	SUPPLEMENT_INGREDIENT	Non-FDA / Dietary Supplement	Nutraceutical / Botanical
propranolol	APPROVED_MEDICINE	FDA Approved	Small Molecule
sodium-salicylate	APPROVED_MEDICINE	FDA Approved	Nutraceutical / Botanical
pasireotide	APPROVED_BIOLOGIC	FDA Approved	Peptide / GLP-1 Agonist
pegfilgrastim	APPROVED_BIOLOGIC	FDA Approved	Recombinant Protein / Biologic
magnesium-malate	SUPPLEMENT_INGREDIENT	Non-FDA / Dietary Supplement	Nutraceutical / Botanical
flax-lignans	SUPPLEMENT_INGREDIENT	Non-FDA / Dietary Supplement	Nutraceutical / Botanical
morphine	APPROVED_MEDICINE	FDA Approved	Small Molecule
pegfilgrastim-fpgk	APPROVED_BIOLOGIC	FDA Approved	Recombinant Protein / Biologic
genipa-americana	BOTANICAL_OR_ORGANISM_PREPARATION	Non-FDA / Dietary Supplement	Nutraceutical / Botanical
provence-rose	SUPPLEMENT_INGREDIENT	Non-FDA / Dietary Supplement	Nutraceutical / Botanical
penicillin-v	APPROVED_MEDICINE	FDA Approved	Small Molecule
penpulimab-kcqx	APPROVED_BIOLOGIC	FDA Approved	Recombinant Protein / Biologic
rutaecarpine	SUPPLEMENT_INGREDIENT	Non-FDA / Dietary Supplement	Nutraceutical / Botanical
pleurotus-eryngii	BOTANICAL_OR_ORGANISM_PREPARATION	Non-FDA / Dietary Supplement	Nutraceutical / Botanical
sildenafil	APPROVED_MEDICINE	FDA Approved	Small Molecule
picamilon	SUPPLEMENT_INGREDIENT	Non-FDA / Dietary Supplement	Nutraceutical / Botanical
ruthenium-trichloride	MARKETED_PRODUCT_INGREDIENT	Non-FDA / Dietary Supplement	Nutraceutical / Botanical
ghee	SUPPLEMENT_INGREDIENT	Non-FDA / Dietary Supplement	Nutraceutical / Botanical
pertuzumab	APPROVED_BIOLOGIC	FDA Approved	Monoclonal Antibody (mAb)
yacon	SUPPLEMENT_INGREDIENT	Non-FDA / Dietary Supplement	Nutraceutical / Botanical
penciclovir	APPROVED_MEDICINE	FDA Approved	Small Molecule
aconitum-napellus	BOTANICAL_OR_ORGANISM_PREPARATION	Non-FDA / Dietary Supplement	Nutraceutical / Botanical
cnidium	BOTANICAL_OR_ORGANISM_PREPARATION	Non-FDA / Dietary Supplement	Nutraceutical / Botanical
ginger-phenols	SUPPLEMENT_INGREDIENT	Non-FDA / Dietary Supplement	Nutraceutical / Botanical
safranal	SUPPLEMENT_INGREDIENT	Non-FDA / Dietary Supplement	Nutraceutical / Botanical
phlorizin	SUPPLEMENT_INGREDIENT	Non-FDA / Dietary Supplement	Nutraceutical / Botanical
ginkgo-flavones	SUPPLEMENT_INGREDIENT	Non-FDA / Dietary Supplement	Nutraceutical / Botanical
sorrel	SUPPLEMENT_INGREDIENT	Non-FDA / Dietary Supplement	Nutraceutical / Botanical
salicin	SUPPLEMENT_INGREDIENT	Non-FDA / Dietary Supplement	Nutraceutical / Botanical
gliadin	SUPPLEMENT_INGREDIENT	Non-FDA / Dietary Supplement	Nutraceutical / Botanical
pentosan-polysulfate	APPROVED_MEDICINE	FDA Approved	Small Molecule
scandium-chloride	MARKETED_PRODUCT_INGREDIENT	Non-FDA / Dietary Supplement	Nutraceutical / Botanical
alpha-tocopherol-acetate-dl	SUPPLEMENT_INGREDIENT	Non-FDA / Dietary Supplement	Nutraceutical / Botanical
pentoxifylline	APPROVED_MEDICINE	FDA Approved	Small Molecule
saponins	SUPPLEMENT_INGREDIENT	Non-FDA / Dietary Supplement	Nutraceutical / Botanical
patchouly	SUPPLEMENT_INGREDIENT	Non-FDA / Dietary Supplement	Nutraceutical / Botanical
nystatin	APPROVED_MEDICINE	FDA Approved	Small Molecule
higenamine	SUPPLEMENT_INGREDIENT	Non-FDA / Dietary Supplement	Nutraceutical / Botanical
silver-nitrate	APPROVED_MEDICINE	FDA Approved	Nutraceutical / Botanical
samarium-oxide	MARKETED_PRODUCT_INGREDIENT	Non-FDA / Dietary Supplement	Nutraceutical / Botanical
persicaria-punctata	BOTANICAL_OR_ORGANISM_PREPARATION	Non-FDA / Dietary Supplement	Nutraceutical / Botanical
sassafras	SUPPLEMENT_INGREDIENT	Non-FDA / Dietary Supplement	Nutraceutical / Botanical
isopropamide	APPROVED_MEDICINE	FDA Approved	Small Molecule
schisandrin-b	MARKETED_PRODUCT_INGREDIENT	Non-FDA / Dietary Supplement	Nutraceutical / Botanical
pancreas	SUPPLEMENT_INGREDIENT	Non-FDA / Dietary Supplement	Nutraceutical / Botanical
sweet-almond	BOTANICAL_OR_ORGANISM_PREPARATION	Non-FDA / Dietary Supplement	Nutraceutical / Botanical
phentermine	APPROVED_MEDICINE	FDA Approved	Small Molecule
bupleurum	BOTANICAL_OR_ORGANISM_PREPARATION	Non-FDA / Dietary Supplement	Nutraceutical / Botanical
enoxaparin	APPROVED_MEDICINE	FDA Approved	Small Molecule
dipeptidylpeptidase	SUPPLEMENT_INGREDIENT	Non-FDA / Dietary Supplement	Recombinant Protein / Biologic
phosphorus	SUPPLEMENT_INGREDIENT	Non-FDA / Dietary Supplement	Nutraceutical / Botanical
streptococcus-pneumoniae-type-18c-capsular-polysaccharide-diphtheria-crm197-protein-conjugat	INVESTIGATIONAL_MEDICINE	Pre-clinical / Open Source	Recombinant Protein / Biologic
glyceride	SUPPLEMENT_INGREDIENT	Non-FDA / Dietary Supplement	Nutraceutical / Botanical
ceratostigma-willmottianum-flower	BOTANICAL_OR_ORGANISM_PREPARATION	Non-FDA / Dietary Supplement	Nutraceutical / Botanical
peumus-boldus-leaf	BOTANICAL_OR_ORGANISM_PREPARATION	Non-FDA / Dietary Supplement	Nutraceutical / Botanical
tremella	BOTANICAL_OR_ORGANISM_PREPARATION	Non-FDA / Dietary Supplement	Nutraceutical / Botanical
scandium	SUPPLEMENT_INGREDIENT	Non-FDA / Dietary Supplement	Nutraceutical / Botanical
streptococcus-pneumoniae-type-33f-capsular-polysaccharide-diphtheria-crm197-protein-conjugat	INVESTIGATIONAL_MEDICINE	Pre-clinical / Open Source	Recombinant Protein / Biologic
fluphenazine	APPROVED_MEDICINE	FDA Approved	Small Molecule
secretin-unspecified	MARKETED_PRODUCT_INGREDIENT	Non-FDA / Dietary Supplement	Nutraceutical / Botanical
physostigma-venenosum-seed	BOTANICAL_OR_ORGANISM_PREPARATION	Non-FDA / Dietary Supplement	Nutraceutical / Botanical
pinus-halepensis-resin	OFF_LABEL_OR_COMPOUNDED	Off-Label / Compounded	Nutraceutical / Botanical
l-ornithine-l-aspartate	SUPPLEMENT_INGREDIENT	Non-FDA / Dietary Supplement	Nutraceutical / Botanical
polyethylene-glycol-3500	INVESTIGATIONAL_MEDICINE	Pre-clinical / Open Source	Small Molecule
pilocarpine	APPROVED_MEDICINE	FDA Approved	Small Molecule
pregnenolone	SUPPLEMENT_INGREDIENT	Non-FDA / Dietary Supplement	Nutraceutical / Botanical
nitric-acid	SUPPLEMENT_INGREDIENT	Non-FDA / Dietary Supplement	Nutraceutical / Botanical
pinus-sylvestris-whole	BOTANICAL_OR_ORGANISM_PREPARATION	Non-FDA / Dietary Supplement	Nutraceutical / Botanical
sea-salt	SUPPLEMENT_INGREDIENT	Non-FDA / Dietary Supplement	Nutraceutical / Botanical
curryleaf	SUPPLEMENT_INGREDIENT	Non-FDA / Dietary Supplement	Nutraceutical / Botanical
chelidonium-majus	BOTANICAL_OR_ORGANISM_PREPARATION	Non-FDA / Dietary Supplement	Nutraceutical / Botanical
secobarbital	APPROVED_MEDICINE	FDA Approved	Small Molecule
common-plantain	BOTANICAL_OR_ORGANISM_PREPARATION	Non-FDA / Dietary Supplement	Nutraceutical / Botanical
secoisolariciresinol-diglucoside	SUPPLEMENT_INGREDIENT	Non-FDA / Dietary Supplement	Nutraceutical / Botanical
silybin	SUPPLEMENT_INGREDIENT	Non-FDA / Dietary Supplement	Nutraceutical / Botanical
drynaria	BOTANICAL_OR_ORGANISM_PREPARATION	Non-FDA / Dietary Supplement	Nutraceutical / Botanical
pivekimab-sunirine-pvzy	APPROVED_BIOLOGIC	FDA Approved	Recombinant Protein / Biologic
trichoderma-viride	BOTANICAL_OR_ORGANISM_PREPARATION	Non-FDA / Dietary Supplement	Nutraceutical / Botanical
ponatinib	APPROVED_MEDICINE	FDA Approved	Small Molecule
oleuropein	SUPPLEMENT_INGREDIENT	Non-FDA / Dietary Supplement	Nutraceutical / Botanical
secretin-synthetic-porcine	APPROVED_MEDICINE	FDA Approved	Small Molecule
sodium-acetate	APPROVED_MEDICINE	FDA Approved	Small Molecule
chaste-tree-fruit	SUPPLEMENT_INGREDIENT	Non-FDA / Dietary Supplement	Nutraceutical / Botanical
pomalidomide	APPROVED_MEDICINE	FDA Approved	Small Molecule
selenomethionine-se-75	APPROVED_MEDICINE	FDA Approved	Small Molecule
sodium-sulfide-nonahydrate	MARKETED_PRODUCT_INGREDIENT	Non-FDA / Dietary Supplement	Nutraceutical / Botanical
glycine-alanyl-l-tryptophan	SUPPLEMENT_INGREDIENT	Non-FDA / Dietary Supplement	Nutraceutical / Botanical
spongia-officinalis-skeleton-roasted	MARKETED_PRODUCT_INGREDIENT	Non-FDA / Dietary Supplement	Nutraceutical / Botanical
semax	MARKETED_PRODUCT_INGREDIENT	Non-FDA / Dietary Supplement	Peptide / GLP-1 Agonist
mugwort	SUPPLEMENT_INGREDIENT	Non-FDA / Dietary Supplement	Nutraceutical / Botanical
vitamin-b2	APPROVED_MEDICINE	FDA Approved	Nutraceutical / Botanical
polypodium-vulgare	BOTANICAL_OR_ORGANISM_PREPARATION	Non-FDA / Dietary Supplement	Nutraceutical / Botanical
proparacaine	APPROVED_MEDICINE	FDA Approved	Small Molecule
selenocysteine	OFF_LABEL_OR_COMPOUNDED	Off-Label / Compounded	Small Molecule
etranacogene-dezaparvovec	APPROVED_BIOLOGIC	FDA Approved	CRISPR / Gene Therapy
potassium-silicate	SUPPLEMENT_INGREDIENT	Non-FDA / Dietary Supplement	Nutraceutical / Botanical
zinc-ascorbate	SUPPLEMENT_INGREDIENT	Non-FDA / Dietary Supplement	Nutraceutical / Botanical
yeast	SUPPLEMENT_INGREDIENT	Non-FDA / Dietary Supplement	Nutraceutical / Botanical
potassium-nitrate	APPROVED_MEDICINE	FDA Approved	Small Molecule
sennoside	SUPPLEMENT_INGREDIENT	Non-FDA / Dietary Supplement	Nutraceutical / Botanical
serrapeptase	SUPPLEMENT_INGREDIENT	Non-FDA / Dietary Supplement	Recombinant Protein / Biologic
silver-nitrite	MARKETED_PRODUCT_INGREDIENT	Non-FDA / Dietary Supplement	Nutraceutical / Botanical
vaccenic-acid	SUPPLEMENT_INGREDIENT	Non-FDA / Dietary Supplement	Nutraceutical / Botanical
bishops-weed	SUPPLEMENT_INGREDIENT	Non-FDA / Dietary Supplement	Nutraceutical / Botanical
ansuvimab-zykl	APPROVED_BIOLOGIC	FDA Approved	Recombinant Protein / Biologic
glycine-alanyl-l-valine	SUPPLEMENT_INGREDIENT	Non-FDA / Dietary Supplement	Nutraceutical / Botanical
prednisolone	APPROVED_MEDICINE	FDA Approved	Small Molecule
sanguinaria-canadensis-root	BOTANICAL_OR_ORGANISM_PREPARATION	Non-FDA / Dietary Supplement	Nutraceutical / Botanical
chondroitin	SUPPLEMENT_INGREDIENT	Non-FDA / Dietary Supplement	Nutraceutical / Botanical
rizatriptan	APPROVED_MEDICINE	FDA Approved	Small Molecule
rancid-beef	MARKETED_PRODUCT_INGREDIENT	Non-FDA / Dietary Supplement	Nutraceutical / Botanical
solanum-dulcamara-top	BOTANICAL_OR_ORGANISM_PREPARATION	Non-FDA / Dietary Supplement	Nutraceutical / Botanical
lychee	BOTANICAL_OR_ORGANISM_PREPARATION	Non-FDA / Dietary Supplement	Nutraceutical / Botanical
semecarpus-anacardium-juice	BOTANICAL_OR_ORGANISM_PREPARATION	Non-FDA / Dietary Supplement	Nutraceutical / Botanical
bos-taurus-parotid-gland	SUPPLEMENT_INGREDIENT	Non-FDA / Dietary Supplement	Nutraceutical / Botanical
progesterone	APPROVED_MEDICINE	FDA Approved	Nutraceutical / Botanical
pemetrexed	APPROVED_MEDICINE	FDA Approved	Small Molecule
shogaol	SUPPLEMENT_INGREDIENT	Non-FDA / Dietary Supplement	Nutraceutical / Botanical
datura-stramonium	BOTANICAL_OR_ORGANISM_PREPARATION	Non-FDA / Dietary Supplement	Nutraceutical / Botanical
hydroxylysine	SUPPLEMENT_INGREDIENT	Non-FDA / Dietary Supplement	Nutraceutical / Botanical
black-psyllium	SUPPLEMENT_INGREDIENT	Non-FDA / Dietary Supplement	Nutraceutical / Botanical
ranolazine	APPROVED_MEDICINE	FDA Approved	Small Molecule
sesamin	SUPPLEMENT_INGREDIENT	Non-FDA / Dietary Supplement	Nutraceutical / Botanical
fomes-fomentarius	BOTANICAL_OR_ORGANISM_PREPARATION	Non-FDA / Dietary Supplement	Nutraceutical / Botanical
silicon-nitride	MARKETED_PRODUCT_INGREDIENT	Non-FDA / Dietary Supplement	Nutraceutical / Botanical
black-seed	SUPPLEMENT_INGREDIENT	Non-FDA / Dietary Supplement	Nutraceutical / Botanical
sacha-inchi	SUPPLEMENT_INGREDIENT	Non-FDA / Dietary Supplement	Nutraceutical / Botanical
mercuric-chloride	SUPPLEMENT_INGREDIENT	Non-FDA / Dietary Supplement	Nutraceutical / Botanical
silodrate	MARKETED_PRODUCT_INGREDIENT	FDA Approved	Small Molecule
glycyrrhiza-inflata-root	BOTANICAL_OR_ORGANISM_PREPARATION	Non-FDA / Dietary Supplement	Nutraceutical / Botanical
dimethylhexylamine	SUPPLEMENT_INGREDIENT	Non-FDA / Dietary Supplement	Nutraceutical / Botanical
silver-iodide	MARKETED_PRODUCT_INGREDIENT	Non-FDA / Dietary Supplement	Nutraceutical / Botanical
zedoary	SUPPLEMENT_INGREDIENT	Non-FDA / Dietary Supplement	Nutraceutical / Botanical
phenytoin	APPROVED_MEDICINE	FDA Approved	Small Molecule
skin	SUPPLEMENT_INGREDIENT	Non-FDA / Dietary Supplement	Recombinant Protein / Biologic
greater-galangal	BOTANICAL_OR_ORGANISM_PREPARATION	Non-FDA / Dietary Supplement	Nutraceutical / Botanical
pyridostigmine	APPROVED_MEDICINE	FDA Approved	Small Molecule
s-methylmethionine	SUPPLEMENT_INGREDIENT	Non-FDA / Dietary Supplement	Nutraceutical / Botanical
green-pea-fiber	SUPPLEMENT_INGREDIENT	Non-FDA / Dietary Supplement	Nutraceutical / Botanical
shankhpushpi	SUPPLEMENT_INGREDIENT	Non-FDA / Dietary Supplement	Nutraceutical / Botanical
pyruvate	SUPPLEMENT_INGREDIENT	Non-FDA / Dietary Supplement	Nutraceutical / Botanical
blonde-psyllium	SUPPLEMENT_INGREDIENT	Non-FDA / Dietary Supplement	Nutraceutical / Botanical
mometasone	APPROVED_MEDICINE	FDA Approved	Small Molecule
rauwolfia-serpentina	BOTANICAL_OR_ORGANISM_PREPARATION	Non-FDA / Dietary Supplement	Nutraceutical / Botanical
radish	BOTANICAL_OR_ORGANISM_PREPARATION	Non-FDA / Dietary Supplement	Nutraceutical / Botanical
pyridoxine-hcl	OFF_LABEL_OR_COMPOUNDED	Off-Label / Compounded	Small Molecule
bos-taurus-gallstone	SUPPLEMENT_INGREDIENT	Non-FDA / Dietary Supplement	Nutraceutical / Botanical
blood-vessels	SUPPLEMENT_INGREDIENT	Non-FDA / Dietary Supplement	Nutraceutical / Botanical
sodium-arsenate-dibasic	REGISTRY_ONLY_IDENTITY	Non-FDA / Dietary Supplement	Nutraceutical / Botanical
mavacamten	APPROVED_MEDICINE	FDA Approved	Small Molecule
cistanche-tubulosa	BOTANICAL_OR_ORGANISM_PREPARATION	Non-FDA / Dietary Supplement	Nutraceutical / Botanical
potassium-bromide	SUPPLEMENT_INGREDIENT	Non-FDA / Dietary Supplement	Nutraceutical / Botanical
cortisone	APPROVED_MEDICINE	FDA Approved	Small Molecule
sodium-butyrate	SUPPLEMENT_INGREDIENT	Non-FDA / Dietary Supplement	Nutraceutical / Botanical
dwarf-morning-glory	SUPPLEMENT_INGREDIENT	Non-FDA / Dietary Supplement	Nutraceutical / Botanical
sugar-alcohol	SUPPLEMENT_INGREDIENT	Non-FDA / Dietary Supplement	Nutraceutical / Botanical
ranibizumab-eqrn	APPROVED_BIOLOGIC	FDA Approved	Recombinant Protein / Biologic
sodium-chromate-cr-51	APPROVED_MEDICINE	FDA Approved	Small Molecule
guarana	BOTANICAL_OR_ORGANISM_PREPARATION	Non-FDA / Dietary Supplement	Nutraceutical / Botanical
locust-bean-gum	SUPPLEMENT_INGREDIENT	Non-FDA / Dietary Supplement	Nutraceutical / Botanical
ranunculus-bulbosus	BOTANICAL_OR_ORGANISM_PREPARATION	Non-FDA / Dietary Supplement	Nutraceutical / Botanical
gum-arabic	BOTANICAL_OR_ORGANISM_PREPARATION	Non-FDA / Dietary Supplement	Nutraceutical / Botanical
solanum-tuberosum-whole	BOTANICAL_OR_ORGANISM_PREPARATION	Non-FDA / Dietary Supplement	Nutraceutical / Botanical
ursolic-acid	SUPPLEMENT_INGREDIENT	Non-FDA / Dietary Supplement	Nutraceutical / Botanical
sodium-perborate	APPROVED_MEDICINE	FDA Approved	Small Molecule
blue-tilapia-whole	BOTANICAL_OR_ORGANISM_PREPARATION	Non-FDA / Dietary Supplement	Nutraceutical / Botanical
rasburicase	APPROVED_BIOLOGIC	FDA Approved	Recombinant Protein / Biologic
somatropin	APPROVED_BIOLOGIC	FDA Approved	Recombinant Protein / Biologic
sus-scrofa-hypothalamus	MARKETED_PRODUCT_INGREDIENT	Non-FDA / Dietary Supplement	Nutraceutical / Botanical
asian-psyllium	SUPPLEMENT_INGREDIENT	Non-FDA / Dietary Supplement	Nutraceutical / Botanical
sodium-phosphate	APPROVED_MEDICINE	FDA Approved	Nutraceutical / Botanical
squalane	MARKETED_PRODUCT_INGREDIENT	FDA Approved	Small Molecule
heartsease	SUPPLEMENT_INGREDIENT	Non-FDA / Dietary Supplement	Recombinant Protein / Biologic
ceanothus-americanus-leaf	BOTANICAL_OR_ORGANISM_PREPARATION	Non-FDA / Dietary Supplement	Nutraceutical / Botanical
blue-wiss	BOTANICAL_OR_ORGANISM_PREPARATION	Non-FDA / Dietary Supplement	Nutraceutical / Botanical
lactococcus-rhamnosus	SUPPLEMENT_INGREDIENT	Non-FDA / Dietary Supplement	Nutraceutical / Botanical
smilax-ornata-root	BOTANICAL_OR_ORGANISM_PREPARATION	Non-FDA / Dietary Supplement	Nutraceutical / Botanical
sorbic-acid	MARKETED_PRODUCT_INGREDIENT	FDA Approved	Nutraceutical / Botanical
strontium-fluoride	MARKETED_PRODUCT_INGREDIENT	Non-FDA / Dietary Supplement	Nutraceutical / Botanical
sweetener	SUPPLEMENT_INGREDIENT	Non-FDA / Dietary Supplement	Nutraceutical / Botanical
nafcillin	APPROVED_MEDICINE	FDA Approved	Small Molecule
sotetsuflavone	SUPPLEMENT_INGREDIENT	Non-FDA / Dietary Supplement	Nutraceutical / Botanical
sulfinpyrazone	APPROVED_MEDICINE	FDA Approved	Small Molecule
spirapril	APPROVED_MEDICINE	FDA Approved	Small Molecule
helicteres-isora	BOTANICAL_OR_ORGANISM_PREPARATION	Non-FDA / Dietary Supplement	Nutraceutical / Botanical
remifentanil	APPROVED_MEDICINE	FDA Approved	Small Molecule
spice	SUPPLEMENT_INGREDIENT	Non-FDA / Dietary Supplement	Nutraceutical / Botanical
browns-lily	BOTANICAL_OR_ORGANISM_PREPARATION	Non-FDA / Dietary Supplement	Nutraceutical / Botanical
ribociclib	APPROVED_MEDICINE	FDA Approved	Small Molecule
sparfloxacin	APPROVED_MEDICINE	FDA Approved	Small Molecule
hemlock	SUPPLEMENT_INGREDIENT	Non-FDA / Dietary Supplement	Nutraceutical / Botanical
zein	SUPPLEMENT_INGREDIENT	Non-FDA / Dietary Supplement	Nutraceutical / Botanical
retifanlimab	INVESTIGATIONAL_MEDICINE	Pre-clinical / Open Source	Monoclonal Antibody (mAb)
protortonia-cacti	BOTANICAL_OR_ORGANISM_PREPARATION	Non-FDA / Dietary Supplement	Nutraceutical / Botanical
beta-methylphenylethylamine	SUPPLEMENT_INGREDIENT	Non-FDA / Dietary Supplement	Nutraceutical / Botanical
hemp	BOTANICAL_OR_ORGANISM_PREPARATION	Non-FDA / Dietary Supplement	Nutraceutical / Botanical
quinine-sulphate	APPROVED_MEDICINE	FDA Approved	Small Molecule
stevia	SUPPLEMENT_INGREDIENT	Non-FDA / Dietary Supplement	Nutraceutical / Botanical
amaranthus-retroflexus-pollen	BOTANICAL_OR_ORGANISM_PREPARATION	Non-FDA / Dietary Supplement	Nutraceutical / Botanical
bombyx-mori-whole	BOTANICAL_OR_ORGANISM_PREPARATION	Non-FDA / Dietary Supplement	Nutraceutical / Botanical
indian-redwood	BOTANICAL_OR_ORGANISM_PREPARATION	Non-FDA / Dietary Supplement	Nutraceutical / Botanical
stearyl-alcohol	MARKETED_PRODUCT_INGREDIENT	Non-FDA / Dietary Supplement	Nutraceutical / Botanical
sulfonmethane	MARKETED_PRODUCT_INGREDIENT	Non-FDA / Dietary Supplement	Nutraceutical / Botanical
heparin-bovine	BOTANICAL_OR_ORGANISM_PREPARATION	Non-FDA / Dietary Supplement	Nutraceutical / Botanical
phleum-pratense-pollen	BOTANICAL_OR_ORGANISM_PREPARATION	Non-FDA / Dietary Supplement	Nutraceutical / Botanical
artichoke-protein	SUPPLEMENT_INGREDIENT	Non-FDA / Dietary Supplement	Nutraceutical / Botanical
ladys-mantle	BOTANICAL_OR_ORGANISM_PREPARATION	Non-FDA / Dietary Supplement	Nutraceutical / Botanical
rhodiola-crenulata	BOTANICAL_OR_ORGANISM_PREPARATION	Non-FDA / Dietary Supplement	Nutraceutical / Botanical
ritonavir	APPROVED_MEDICINE	FDA Approved	Small Molecule
stomach	SUPPLEMENT_INGREDIENT	Non-FDA / Dietary Supplement	Nutraceutical / Botanical
rice-germ	APPROVED_MEDICINE	FDA Approved	Small Molecule
bordetella-pertussis-toxoid-antigen	INVESTIGATIONAL_MEDICINE	Pre-clinical / Open Source	Nutraceutical / Botanical
ginseng-american	BOTANICAL_OR_ORGANISM_PREPARATION	Non-FDA / Dietary Supplement	Nutraceutical / Botanical
ricinus-communis-seed	BOTANICAL_OR_ORGANISM_PREPARATION	Non-FDA / Dietary Supplement	Nutraceutical / Botanical
strontium-chloride-sr-89	APPROVED_MEDICINE	FDA Approved	Small Molecule
succinate	SUPPLEMENT_INGREDIENT	Non-FDA / Dietary Supplement	Nutraceutical / Botanical
sulfamethizole	APPROVED_MEDICINE	FDA Approved	Small Molecule
placenta	SUPPLEMENT_INGREDIENT	Non-FDA / Dietary Supplement	Nutraceutical / Botanical
eichhornia-crassipes-whole	SUPPLEMENT_INGREDIENT	Non-FDA / Dietary Supplement	Nutraceutical / Botanical
ferrous-fumarate	APPROVED_MEDICINE	FDA Approved	Small Molecule
sucralose	SUPPLEMENT_INGREDIENT	Non-FDA / Dietary Supplement	Nutraceutical / Botanical
sambucus-nigra	BOTANICAL_OR_ORGANISM_PREPARATION	Non-FDA / Dietary Supplement	Nutraceutical / Botanical
holly	SUPPLEMENT_INGREDIENT	Non-FDA / Dietary Supplement	Nutraceutical / Botanical
secale-cereale-whole	BOTANICAL_OR_ORGANISM_PREPARATION	Non-FDA / Dietary Supplement	Nutraceutical / Botanical
sulbutiamine	SUPPLEMENT_INGREDIENT	Non-FDA / Dietary Supplement	Nutraceutical / Botanical
sulfamerazine	APPROVED_MEDICINE	FDA Approved	Small Molecule
spigelia-anthelmia-whole	BOTANICAL_OR_ORGANISM_PREPARATION	Non-FDA / Dietary Supplement	Nutraceutical / Botanical
hydrolyzed-bovine-elastin-base	MARKETED_PRODUCT_INGREDIENT	FDA Approved	Recombinant Protein / Biologic
fucus-serratus	BOTANICAL_OR_ORGANISM_PREPARATION	Non-FDA / Dietary Supplement	Nutraceutical / Botanical
rumex-crispus-pollen	BOTANICAL_OR_ORGANISM_PREPARATION	Non-FDA / Dietary Supplement	Nutraceutical / Botanical
viola	SUPPLEMENT_INGREDIENT	Non-FDA / Dietary Supplement	Nutraceutical / Botanical
rabeprazole	APPROVED_MEDICINE	FDA Approved	Small Molecule
allylthiourea	MARKETED_PRODUCT_INGREDIENT	Non-FDA / Dietary Supplement	Nutraceutical / Botanical
everolimus	APPROVED_MEDICINE	FDA Approved	Small Molecule
sodium-diethyl-oxalacetate	MARKETED_PRODUCT_INGREDIENT	Non-FDA / Dietary Supplement	Nutraceutical / Botanical
horehound	SUPPLEMENT_INGREDIENT	Non-FDA / Dietary Supplement	Nutraceutical / Botanical
bos-taurus-colostrum	SUPPLEMENT_INGREDIENT	Non-FDA / Dietary Supplement	Nutraceutical / Botanical
ferrous-carbonate	SUPPLEMENT_INGREDIENT	Non-FDA / Dietary Supplement	Nutraceutical / Botanical
ruta-graveolens-flowering-top	BOTANICAL_OR_ORGANISM_PREPARATION	Non-FDA / Dietary Supplement	Nutraceutical / Botanical
bos-taurus-colostrum-immunoglobulins	SUPPLEMENT_INGREDIENT	Non-FDA / Dietary Supplement	Nutraceutical / Botanical
sulfadoxine	APPROVED_MEDICINE	FDA Approved	Small Molecule
isomalto-oligosaccharide	SUPPLEMENT_INGREDIENT	Non-FDA / Dietary Supplement	Nutraceutical / Botanical
halostachine	SUPPLEMENT_INGREDIENT	Non-FDA / Dietary Supplement	Nutraceutical / Botanical
sulfaphenazole	APPROVED_MEDICINE	FDA Approved	Small Molecule
cypress	BOTANICAL_OR_ORGANISM_PREPARATION	Non-FDA / Dietary Supplement	Nutraceutical / Botanical
curcuma-wenyujin	BOTANICAL_OR_ORGANISM_PREPARATION	Non-FDA / Dietary Supplement	Nutraceutical / Botanical
hydrolyzed-rice-protein-enzymatic	MARKETED_PRODUCT_INGREDIENT	FDA Approved	Small Molecule
sulfate	SUPPLEMENT_INGREDIENT	Non-FDA / Dietary Supplement	Nutraceutical / Botanical
carya-illinoinensis-pollen	BOTANICAL_OR_ORGANISM_PREPARATION	Non-FDA / Dietary Supplement	Nutraceutical / Botanical
pork-kidney	SUPPLEMENT_INGREDIENT	Non-FDA / Dietary Supplement	Nutraceutical / Botanical
cefadroxil-cefadroxil	APPROVED_MEDICINE	FDA Approved	Small Molecule
lignoceric-acid	SUPPLEMENT_INGREDIENT	Non-FDA / Dietary Supplement	Nutraceutical / Botanical
populus-alba-pollen	BOTANICAL_OR_ORGANISM_PREPARATION	Non-FDA / Dietary Supplement	Nutraceutical / Botanical
quillaja	BOTANICAL_OR_ORGANISM_PREPARATION	Non-FDA / Dietary Supplement	Nutraceutical / Botanical
axatilimab	INVESTIGATIONAL_MEDICINE	Pre-clinical / Open Source	Monoclonal Antibody (mAb)
salix-alba-whole	BOTANICAL_OR_ORGANISM_PREPARATION	Non-FDA / Dietary Supplement	Nutraceutical / Botanical
sulfisoxazole-acetyl	APPROVED_MEDICINE	FDA Approved	Small Molecule
influenza-a-virus-a-victoria-4897-2022-ivr-238-antigen	SUPPLEMENT_INGREDIENT	Non-FDA / Dietary Supplement	Nutraceutical / Botanical
sulphoraphane	SUPPLEMENT_INGREDIENT	Non-FDA / Dietary Supplement	Nutraceutical / Botanical
technetium-tc-99m-apcitide	APPROVED_BIOLOGIC	FDA Approved	Peptide / GLP-1 Agonist
human-coxsackievirus-b1	BOTANICAL_OR_ORGANISM_PREPARATION	Non-FDA / Dietary Supplement	Nutraceutical / Botanical
juniperus-virginiana-pollen	BOTANICAL_OR_ORGANISM_PREPARATION	Non-FDA / Dietary Supplement	Nutraceutical / Botanical
millettia	BOTANICAL_OR_ORGANISM_PREPARATION	Non-FDA / Dietary Supplement	Nutraceutical / Botanical
axicabtagene-ciloleucel	INVESTIGATIONAL_MEDICINE	Pre-clinical / Open Source	CRISPR / Gene Therapy
japanese-honeysuckle	BOTANICAL_OR_ORGANISM_PREPARATION	Non-FDA / Dietary Supplement	Nutraceutical / Botanical
turnera-diffusa-leafy-twig	BOTANICAL_OR_ORGANISM_PREPARATION	Non-FDA / Dietary Supplement	Nutraceutical / Botanical
monoctanoin	APPROVED_MEDICINE	FDA Approved	Small Molecule
human-herpesvirus-1	BOTANICAL_OR_ORGANISM_PREPARATION	Non-FDA / Dietary Supplement	Nutraceutical / Botanical
ustekinumab	APPROVED_BIOLOGIC	FDA Approved	Monoclonal Antibody (mAb)
worm	SUPPLEMENT_INGREDIENT	Non-FDA / Dietary Supplement	Nutraceutical / Botanical
eletriptan	APPROVED_MEDICINE	FDA Approved	Small Molecule
sarilumab	APPROVED_BIOLOGIC	FDA Approved	Monoclonal Antibody (mAb)
ferrous-iodide	SUPPLEMENT_INGREDIENT	Non-FDA / Dietary Supplement	Nutraceutical / Botanical
schizophyllum-commune	BOTANICAL_OR_ORGANISM_PREPARATION	Non-FDA / Dietary Supplement	Nutraceutical / Botanical
storax	BOTANICAL_OR_ORGANISM_PREPARATION	Non-FDA / Dietary Supplement	Nutraceutical / Botanical
bos-taurus-testicle	SUPPLEMENT_INGREDIENT	Non-FDA / Dietary Supplement	Nutraceutical / Botanical
bufo-bufo-cutaneous-gland	SUPPLEMENT_INGREDIENT	Non-FDA / Dietary Supplement	Nutraceutical / Botanical
zanthoxylum-americanum-bark	BOTANICAL_OR_ORGANISM_PREPARATION	Non-FDA / Dietary Supplement	Nutraceutical / Botanical
segesterone	APPROVED_MEDICINE	FDA Approved	Small Molecule
sulfisoxazole-diolamine	APPROVED_MEDICINE	FDA Approved	Small Molecule
pinus-strobus-pollen	BOTANICAL_OR_ORGANISM_PREPARATION	Non-FDA / Dietary Supplement	Nutraceutical / Botanical
rubus	BOTANICAL_OR_ORGANISM_PREPARATION	Non-FDA / Dietary Supplement	Nutraceutical / Botanical
survodutide	INVESTIGATIONAL_MEDICINE	Phase 3 Clinical Trial	Peptide / GLP-1 Agonist
pyridoxal-alpha-ketoglutarate	SUPPLEMENT_INGREDIENT	Non-FDA / Dietary Supplement	Nutraceutical / Botanical
bos-taurus-skin	BOTANICAL_OR_ORGANISM_PREPARATION	Non-FDA / Dietary Supplement	Nutraceutical / Botanical
formic-acid	SUPPLEMENT_INGREDIENT	Non-FDA / Dietary Supplement	Nutraceutical / Botanical
quebracho	SUPPLEMENT_INGREDIENT	Non-FDA / Dietary Supplement	Nutraceutical / Botanical
gentiana-lutea-root	BOTANICAL_OR_ORGANISM_PREPARATION	Non-FDA / Dietary Supplement	Nutraceutical / Botanical
oxalic-acid	SUPPLEMENT_INGREDIENT	Non-FDA / Dietary Supplement	Nutraceutical / Botanical
tannic-acid	APPROVED_MEDICINE	FDA Approved	Small Molecule
pancrelipase	APPROVED_BIOLOGIC	FDA Approved	Recombinant Protein / Biologic
tannase	SUPPLEMENT_INGREDIENT	Non-FDA / Dietary Supplement	Recombinant Protein / Biologic
tebipenem-pivoxil	APPROVED_MEDICINE	FDA Approved	Small Molecule
cupric-fluoride	SUPPLEMENT_INGREDIENT	Non-FDA / Dietary Supplement	Nutraceutical / Botanical
medicago-sativa-whole	BOTANICAL_OR_ORGANISM_PREPARATION	Non-FDA / Dietary Supplement	Nutraceutical / Botanical
methazolamide	APPROVED_MEDICINE	FDA Approved	Small Molecule
anacardium-occidentale-fruit	BOTANICAL_OR_ORGANISM_PREPARATION	Non-FDA / Dietary Supplement	Nutraceutical / Botanical
myrcene	SUPPLEMENT_INGREDIENT	Non-FDA / Dietary Supplement	Nutraceutical / Botanical
salacia	SUPPLEMENT_INGREDIENT	Non-FDA / Dietary Supplement	Nutraceutical / Botanical
sempervivum-tectorum-leaf	BOTANICAL_OR_ORGANISM_PREPARATION	Non-FDA / Dietary Supplement	Nutraceutical / Botanical
tantalum	SUPPLEMENT_INGREDIENT	Non-FDA / Dietary Supplement	Nutraceutical / Botanical
tegaserod	APPROVED_MEDICINE	FDA Approved	Small Molecule
sevabertinib	APPROVED_MEDICINE	FDA Approved	Small Molecule
chinese-cabbage	BOTANICAL_OR_ORGANISM_PREPARATION	Non-FDA / Dietary Supplement	Nutraceutical / Botanical
sus-scrofa-umbilical-cord	MARKETED_PRODUCT_INGREDIENT	Non-FDA / Dietary Supplement	Nutraceutical / Botanical
ammonium-glycyrrhizinate	SUPPLEMENT_INGREDIENT	Non-FDA / Dietary Supplement	Nutraceutical / Botanical
scrophularia-nodosa	BOTANICAL_OR_ORGANISM_PREPARATION	Non-FDA / Dietary Supplement	Nutraceutical / Botanical
ergoloid-mesylates	APPROVED_MEDICINE	FDA Approved	Small Molecule
tartaric-acid	APPROVED_MEDICINE	FDA Approved	Small Molecule
tetrabromomethane	MARKETED_PRODUCT_INGREDIENT	Non-FDA / Dietary Supplement	Nutraceutical / Botanical
tokyo-violet	SUPPLEMENT_INGREDIENT	Non-FDA / Dietary Supplement	Nutraceutical / Botanical
guar-gum	BOTANICAL_OR_ORGANISM_PREPARATION	Non-FDA / Dietary Supplement	Nutraceutical / Botanical
triamcinolone	APPROVED_MEDICINE	FDA Approved	Small Molecule
brassica-rapa	BOTANICAL_OR_ORGANISM_PREPARATION	Non-FDA / Dietary Supplement	Nutraceutical / Botanical
sevelamer	APPROVED_MEDICINE	FDA Approved	Small Molecule
aesculus-hippocastanum-flower	BOTANICAL_OR_ORGANISM_PREPARATION	Non-FDA / Dietary Supplement	Nutraceutical / Botanical
taurursodiol	APPROVED_MEDICINE	FDA Approved	Small Molecule
thiopental	APPROVED_MEDICINE	FDA Approved	Small Molecule
technetium-tc-99m-depreotide	APPROVED_BIOLOGIC	FDA Approved	Peptide / GLP-1 Agonist
theanine	SUPPLEMENT_INGREDIENT	Non-FDA / Dietary Supplement	Nutraceutical / Botanical
hydrolysed-marine-collagen-enzymatic	MARKETED_PRODUCT_INGREDIENT	FDA Approved	Small Molecule
flavonoid-glycosides	SUPPLEMENT_INGREDIENT	Non-FDA / Dietary Supplement	Nutraceutical / Botanical
ferula-assa-foetida-resin	BOTANICAL_OR_ORGANISM_PREPARATION	Non-FDA / Dietary Supplement	Nutraceutical / Botanical
tectochrysin	SUPPLEMENT_INGREDIENT	Non-FDA / Dietary Supplement	Nutraceutical / Botanical
telithromycin	APPROVED_MEDICINE	FDA Approved	Small Molecule
thiamylal	APPROVED_MEDICINE	FDA Approved	Small Molecule
smartweed	SUPPLEMENT_INGREDIENT	Non-FDA / Dietary Supplement	Nutraceutical / Botanical
sodium-tetrachloroaurate	SUPPLEMENT_INGREDIENT	Non-FDA / Dietary Supplement	Nutraceutical / Botanical
caspofungin	APPROVED_MEDICINE	FDA Approved	Small Molecule
sodium-1-2-dipalmitoyl-sn-glycero-3-phospho	INVESTIGATIONAL_MEDICINE	Pre-clinical / Open Source	Small Molecule
terbium	SUPPLEMENT_INGREDIENT	Non-FDA / Dietary Supplement	Nutraceutical / Botanical
trimetrexate-glucuronate	APPROVED_MEDICINE	FDA Approved	Small Molecule
sodium-borate	SUPPLEMENT_INGREDIENT	Non-FDA / Dietary Supplement	Nutraceutical / Botanical
tapioca	BOTANICAL_OR_ORGANISM_PREPARATION	Non-FDA / Dietary Supplement	Nutraceutical / Botanical
vortioxetine	APPROVED_MEDICINE	FDA Approved	Small Molecule
ricinoleic-acid	SUPPLEMENT_INGREDIENT	Non-FDA / Dietary Supplement	Nutraceutical / Botanical
garden-forget-me-not	SUPPLEMENT_INGREDIENT	Non-FDA / Dietary Supplement	Nutraceutical / Botanical
stellaria-media	BOTANICAL_OR_ORGANISM_PREPARATION	Non-FDA / Dietary Supplement	Nutraceutical / Botanical
testolone	INVESTIGATIONAL_MEDICINE	Pre-clinical / Open Source	Small Molecule
terpinen-4-ol	SUPPLEMENT_INGREDIENT	Non-FDA / Dietary Supplement	Nutraceutical / Botanical
triclofos	APPROVED_MEDICINE	FDA Approved	Small Molecule
hypromellose-unspecified	MARKETED_PRODUCT_INGREDIENT	FDA Approved	Small Molecule
paraxanthine	SUPPLEMENT_INGREDIENT	Non-FDA / Dietary Supplement	Nutraceutical / Botanical
trichosanthes-kirilowii-seed	BOTANICAL_OR_ORGANISM_PREPARATION	Non-FDA / Dietary Supplement	Nutraceutical / Botanical
casimersen	APPROVED_BIOLOGIC	Accelerated Approval	ASO (Antisense Oligonucleotide)
dyclonine	APPROVED_MEDICINE	FDA Approved	Small Molecule
tetrahydropalmatine	SUPPLEMENT_INGREDIENT	Non-FDA / Dietary Supplement	Nutraceutical / Botanical
tolbutamide	APPROVED_MEDICINE	FDA Approved	Small Molecule
ticarcillin	APPROVED_MEDICINE	FDA Approved	Small Molecule
theaflavin	SUPPLEMENT_INGREDIENT	Non-FDA / Dietary Supplement	Nutraceutical / Botanical
toluene	MARKETED_PRODUCT_INGREDIENT	Non-FDA / Dietary Supplement	Nutraceutical / Botanical
dunaliella-salina	BOTANICAL_OR_ORGANISM_PREPARATION	Non-FDA / Dietary Supplement	Nutraceutical / Botanical
mercuric-cyanide	SUPPLEMENT_INGREDIENT	Non-FDA / Dietary Supplement	Nutraceutical / Botanical
procaine	APPROVED_MEDICINE	FDA Approved	Small Molecule
sodium-iodate	SUPPLEMENT_INGREDIENT	Non-FDA / Dietary Supplement	Nutraceutical / Botanical
cladosporium-sphaerospermum	BOTANICAL_OR_ORGANISM_PREPARATION	Non-FDA / Dietary Supplement	Nutraceutical / Botanical
sodium-nitroprusside	APPROVED_MEDICINE	FDA Approved	Small Molecule
radium-bromide	MARKETED_PRODUCT_INGREDIENT	Non-FDA / Dietary Supplement	Nutraceutical / Botanical
male-fern	SUPPLEMENT_INGREDIENT	Non-FDA / Dietary Supplement	Nutraceutical / Botanical
pine-tar	SUPPLEMENT_INGREDIENT	Non-FDA / Dietary Supplement	Nutraceutical / Botanical
thiethylperazine	APPROVED_MEDICINE	FDA Approved	Small Molecule
thiosulfinate	SUPPLEMENT_INGREDIENT	Non-FDA / Dietary Supplement	Nutraceutical / Botanical
alchornea-cordifolia	BOTANICAL_OR_ORGANISM_PREPARATION	Non-FDA / Dietary Supplement	Nutraceutical / Botanical
sodium-phenylbutyrate	APPROVED_MEDICINE	FDA Approved	Small Molecule
sodium-phosphate-monobasic	APPROVED_MEDICINE	FDA Approved	Small Molecule
strontium-carbonate	SUPPLEMENT_INGREDIENT	Non-FDA / Dietary Supplement	Nutraceutical / Botanical
ilex-asprella	BOTANICAL_OR_ORGANISM_PREPARATION	Non-FDA / Dietary Supplement	Nutraceutical / Botanical
dolichos	BOTANICAL_OR_ORGANISM_PREPARATION	Non-FDA / Dietary Supplement	Nutraceutical / Botanical
mercuric-iodide	SUPPLEMENT_INGREDIENT	Non-FDA / Dietary Supplement	Nutraceutical / Botanical
thymol	MARKETED_PRODUCT_INGREDIENT	FDA Approved	Nutraceutical / Botanical
hemicellulose	SUPPLEMENT_INGREDIENT	Non-FDA / Dietary Supplement	Nutraceutical / Botanical
periplaneta-americana	BOTANICAL_OR_ORGANISM_PREPARATION	Non-FDA / Dietary Supplement	Nutraceutical / Botanical
sodium-zirconium-cyclosilicate	APPROVED_MEDICINE	FDA Approved	Small Molecule
radicchio	BOTANICAL_OR_ORGANISM_PREPARATION	Non-FDA / Dietary Supplement	Nutraceutical / Botanical
populus-nigra-pollen	BOTANICAL_OR_ORGANISM_PREPARATION	Non-FDA / Dietary Supplement	Nutraceutical / Botanical
ambrosia-acanthicarpa-pollen	BOTANICAL_OR_ORGANISM_PREPARATION	Non-FDA / Dietary Supplement	Nutraceutical / Botanical
gecko	SUPPLEMENT_INGREDIENT	Non-FDA / Dietary Supplement	Nutraceutical / Botanical
teucrium-marum-whole	BOTANICAL_OR_ORGANISM_PREPARATION	Non-FDA / Dietary Supplement	Nutraceutical / Botanical
sugarcance-fiber	SUPPLEMENT_INGREDIENT	Non-FDA / Dietary Supplement	Nutraceutical / Botanical
virola-sebifera-resin	BOTANICAL_OR_ORGANISM_PREPARATION	Non-FDA / Dietary Supplement	Nutraceutical / Botanical
n-acetyl-leucine	SUPPLEMENT_INGREDIENT	Non-FDA / Dietary Supplement	Nutraceutical / Botanical
ulmus-crassifolia-pollen	BOTANICAL_OR_ORGANISM_PREPARATION	Non-FDA / Dietary Supplement	Nutraceutical / Botanical
spinosad	APPROVED_MEDICINE	FDA Approved	Small Molecule
prunus-laurocerasus-leaf	BOTANICAL_OR_ORGANISM_PREPARATION	Non-FDA / Dietary Supplement	Nutraceutical / Botanical
tolazamide	APPROVED_MEDICINE	FDA Approved	Small Molecule
pinellia-ternata	BOTANICAL_OR_ORGANISM_PREPARATION	Non-FDA / Dietary Supplement	Nutraceutical / Botanical
spesolimab-sbzo	APPROVED_BIOLOGIC	FDA Approved	Recombinant Protein / Biologic
tralomethrin	MARKETED_PRODUCT_INGREDIENT	Non-FDA / Dietary Supplement	Nutraceutical / Botanical
indian-mallow	BOTANICAL_OR_ORGANISM_PREPARATION	Non-FDA / Dietary Supplement	Nutraceutical / Botanical
brolucizumab-dbll	APPROVED_BIOLOGIC	FDA Approved	Recombinant Protein / Biologic
trehalose	MARKETED_PRODUCT_INGREDIENT	FDA Approved	Small Molecule
holarrhena-antidysenterica	BOTANICAL_OR_ORGANISM_PREPARATION	Non-FDA / Dietary Supplement	Nutraceutical / Botanical
star-of-bethlehem	SUPPLEMENT_INGREDIENT	Non-FDA / Dietary Supplement	Nutraceutical / Botanical
tribuloside	SUPPLEMENT_INGREDIENT	Non-FDA / Dietary Supplement	Nutraceutical / Botanical
indian-rhubarb	SUPPLEMENT_INGREDIENT	Non-FDA / Dietary Supplement	Nutraceutical / Botanical
trenbolone	CONTROLLED_NO_APPROVED_USE	Controlled / No Approved Use	Small Molecule
triflupromazine	APPROVED_MEDICINE	FDA Approved	Small Molecule
uranyl-nitrate-hexahydrate	MARKETED_PRODUCT_INGREDIENT	Non-FDA / Dietary Supplement	Nutraceutical / Botanical
venuss-fly-trap	SUPPLEMENT_INGREDIENT	Non-FDA / Dietary Supplement	Nutraceutical / Botanical
strontium-bromide	MARKETED_PRODUCT_INGREDIENT	Non-FDA / Dietary Supplement	Nutraceutical / Botanical
triacetyluridine	SUPPLEMENT_INGREDIENT	Non-FDA / Dietary Supplement	Nutraceutical / Botanical
influenza-b-virus-b-phuket-3073-2013-hemagglutinin-antigen	SUPPLEMENT_INGREDIENT	Non-FDA / Dietary Supplement	Nutraceutical / Botanical
magnesium-sulfate-unspecified-form	APPROVED_MEDICINE	FDA Approved	Nutraceutical / Botanical
influenza-b-virus-whole	BOTANICAL_OR_ORGANISM_PREPARATION	Non-FDA / Dietary Supplement	Nutraceutical / Botanical
sterile-water-for-injection	APPROVED_MEDICINE	FDA Approved	Small Molecule
trichloroethylene	MARKETED_PRODUCT_INGREDIENT	Non-FDA / Dietary Supplement	Nutraceutical / Botanical
tris	MARKETED_PRODUCT_INGREDIENT	Non-FDA / Dietary Supplement	Nutraceutical / Botanical
rhemannia	SUPPLEMENT_INGREDIENT	Non-FDA / Dietary Supplement	Nutraceutical / Botanical
ammonium-lactate	APPROVED_MEDICINE	FDA Approved	Small Molecule
almond-mushroom	BOTANICAL_OR_ORGANISM_PREPARATION	Non-FDA / Dietary Supplement	Nutraceutical / Botanical
monoethanolamine-thioglycolate	MARKETED_PRODUCT_INGREDIENT	Non-FDA / Dietary Supplement	Nutraceutical / Botanical
trichlormethiazide	APPROVED_MEDICINE	FDA Approved	Small Molecule
chinese-cucumber	BOTANICAL_OR_ORGANISM_PREPARATION	Non-FDA / Dietary Supplement	Nutraceutical / Botanical
button-mushroom	SUPPLEMENT_INGREDIENT	Non-FDA / Dietary Supplement	Nutraceutical / Botanical
bromocriptine	APPROVED_MEDICINE	FDA Approved	Small Molecule
magnesium-gluconate	SUPPLEMENT_INGREDIENT	Non-FDA / Dietary Supplement	Nutraceutical / Botanical
urofollitropin	APPROVED_BIOLOGIC	FDA Approved	Recombinant Protein / Biologic
tridihexethyl	APPROVED_MEDICINE	FDA Approved	Small Molecule
turmerone	SUPPLEMENT_INGREDIENT	Non-FDA / Dietary Supplement	Nutraceutical / Botanical
sulbactam	APPROVED_MEDICINE	FDA Approved	Small Molecule
griseofulvin	INVESTIGATIONAL_MEDICINE	Pre-clinical / Open Source	Small Molecule
geranium	SUPPLEMENT_INGREDIENT	Non-FDA / Dietary Supplement	Nutraceutical / Botanical
butylated-hydroxytoluene	MARKETED_PRODUCT_INGREDIENT	FDA Approved	Nutraceutical / Botanical
gonadotropin-chorionic	APPROVED_BIOLOGIC	FDA Approved	Recombinant Protein / Biologic
castanea-sativa-leaf	BOTANICAL_OR_ORGANISM_PREPARATION	Non-FDA / Dietary Supplement	Nutraceutical / Botanical
tridax	SUPPLEMENT_INGREDIENT	Non-FDA / Dietary Supplement	Nutraceutical / Botanical
metformin-hydrochloride-sitagliptin	COMBINATION_PRODUCT	FDA Approved	Small Molecule
buxus-sempervirens-leafy-twig	BOTANICAL_OR_ORGANISM_PREPARATION	Non-FDA / Dietary Supplement	Nutraceutical / Botanical
trilostane	APPROVED_MEDICINE	FDA Approved	Small Molecule
sulindac	APPROVED_MEDICINE	FDA Approved	Small Molecule
estropipate	APPROVED_MEDICINE	FDA Approved	Small Molecule
eurycomanone	SUPPLEMENT_INGREDIENT	Non-FDA / Dietary Supplement	Nutraceutical / Botanical
trimeprazine	APPROVED_MEDICINE	FDA Approved	Small Molecule
tafluprost	APPROVED_MEDICINE	FDA Approved	Small Molecule
axitinib	APPROVED_MEDICINE	FDA Approved	Small Molecule
mitoxantrone	APPROVED_MEDICINE	FDA Approved	Small Molecule
sus-scrofa-adrenal-gland	MARKETED_PRODUCT_INGREDIENT	Non-FDA / Dietary Supplement	Nutraceutical / Botanical
tripeptide	SUPPLEMENT_INGREDIENT	Non-FDA / Dietary Supplement	Peptide / GLP-1 Agonist
caesalpinia-benthamiana	BOTANICAL_OR_ORGANISM_PREPARATION	Non-FDA / Dietary Supplement	Nutraceutical / Botanical
triterpene	SUPPLEMENT_INGREDIENT	Non-FDA / Dietary Supplement	Nutraceutical / Botanical
tsao-t	MARKETED_PRODUCT_INGREDIENT	Non-FDA / Dietary Supplement	Nutraceutical / Botanical
vestitol	SUPPLEMENT_INGREDIENT	Non-FDA / Dietary Supplement	Nutraceutical / Botanical
strychnine	MARKETED_PRODUCT_INGREDIENT	Non-FDA / Dietary Supplement	Nutraceutical / Botanical
quercus-stellata-pollen	BOTANICAL_OR_ORGANISM_PREPARATION	Non-FDA / Dietary Supplement	Nutraceutical / Botanical
sus-scrofa-urinary-bladder	MARKETED_PRODUCT_INGREDIENT	Non-FDA / Dietary Supplement	Nutraceutical / Botanical
troglitazone	WITHDRAWN_MEDICINE	Withdrawn from Market	Small Molecule
syzygium-cumini-seed	BOTANICAL_OR_ORGANISM_PREPARATION	Non-FDA / Dietary Supplement	Nutraceutical / Botanical
jabuticaba	SUPPLEMENT_INGREDIENT	Non-FDA / Dietary Supplement	Nutraceutical / Botanical
trolamine	MARKETED_PRODUCT_INGREDIENT	FDA Approved	Small Molecule
vidarabine	APPROVED_MEDICINE	FDA Approved	Small Molecule
golden-eye-grass	SUPPLEMENT_INGREDIENT	Non-FDA / Dietary Supplement	Nutraceutical / Botanical
phenoxyethanol	APPROVED_MEDICINE	FDA Approved	Small Molecule
trospium	APPROVED_MEDICINE	FDA Approved	Small Molecule
jacaranda-caroba-leaf	BOTANICAL_OR_ORGANISM_PREPARATION	Non-FDA / Dietary Supplement	Nutraceutical / Botanical
quinine-arsenite	MARKETED_PRODUCT_INGREDIENT	Non-FDA / Dietary Supplement	Nutraceutical / Botanical
sinusitisinum	MARKETED_PRODUCT_INGREDIENT	Non-FDA / Dietary Supplement	Nutraceutical / Botanical
picrorhiza	BOTANICAL_OR_ORGANISM_PREPARATION	Non-FDA / Dietary Supplement	Nutraceutical / Botanical
scabies-lesion-lysate	MARKETED_PRODUCT_INGREDIENT	Non-FDA / Dietary Supplement	Nutraceutical / Botanical
turkesterone	SUPPLEMENT_INGREDIENT	Non-FDA / Dietary Supplement	Nutraceutical / Botanical
zinc-carnosine	SUPPLEMENT_INGREDIENT	Non-FDA / Dietary Supplement	Nutraceutical / Botanical
jamaican-dogwood	SUPPLEMENT_INGREDIENT	Non-FDA / Dietary Supplement	Nutraceutical / Botanical
oxytetracycline	APPROVED_MEDICINE	FDA Approved	Small Molecule
japanese-apricot	BOTANICAL_OR_ORGANISM_PREPARATION	Non-FDA / Dietary Supplement	Nutraceutical / Botanical
isoflavones	SUPPLEMENT_INGREDIENT	Non-FDA / Dietary Supplement	Nutraceutical / Botanical
spigelia-marilandica-root	BOTANICAL_OR_ORGANISM_PREPARATION	Non-FDA / Dietary Supplement	Nutraceutical / Botanical
calamus	SUPPLEMENT_INGREDIENT	Non-FDA / Dietary Supplement	Nutraceutical / Botanical
koeleria-macrantha-pollen	BOTANICAL_OR_ORGANISM_PREPARATION	Non-FDA / Dietary Supplement	Nutraceutical / Botanical
tansy	BOTANICAL_OR_ORGANISM_PREPARATION	Non-FDA / Dietary Supplement	Nutraceutical / Botanical
teacrine	SUPPLEMENT_INGREDIENT	Non-FDA / Dietary Supplement	Nutraceutical / Botanical
tungsten	SUPPLEMENT_INGREDIENT	Non-FDA / Dietary Supplement	Nutraceutical / Botanical
chinese-pistachio	BOTANICAL_OR_ORGANISM_PREPARATION	Non-FDA / Dietary Supplement	Nutraceutical / Botanical
tyrosol	SUPPLEMENT_INGREDIENT	Non-FDA / Dietary Supplement	Nutraceutical / Botanical
valyl-prolyl-proline	SUPPLEMENT_INGREDIENT	Non-FDA / Dietary Supplement	Nutraceutical / Botanical
jatropha-curcas-seed	BOTANICAL_OR_ORGANISM_PREPARATION	Non-FDA / Dietary Supplement	Nutraceutical / Botanical
northern-prickly-ash	BOTANICAL_OR_ORGANISM_PREPARATION	Non-FDA / Dietary Supplement	Nutraceutical / Botanical
tyramine	SUPPLEMENT_INGREDIENT	Non-FDA / Dietary Supplement	Nutraceutical / Botanical
japanese-persimmon	BOTANICAL_OR_ORGANISM_PREPARATION	Non-FDA / Dietary Supplement	Nutraceutical / Botanical
jojoba	BOTANICAL_OR_ORGANISM_PREPARATION	Non-FDA / Dietary Supplement	Nutraceutical / Botanical
ferric-bromide	SUPPLEMENT_INGREDIENT	Non-FDA / Dietary Supplement	Nutraceutical / Botanical
uridine-monophosphate	SUPPLEMENT_INGREDIENT	Non-FDA / Dietary Supplement	Nutraceutical / Botanical
japanese-waxtree	SUPPLEMENT_INGREDIENT	Non-FDA / Dietary Supplement	Nutraceutical / Botanical
valerenic-acid	SUPPLEMENT_INGREDIENT	Non-FDA / Dietary Supplement	Nutraceutical / Botanical
levant-cotton	SUPPLEMENT_INGREDIENT	Non-FDA / Dietary Supplement	Nutraceutical / Botanical
rheum-palmatum-root	BOTANICAL_OR_ORGANISM_PREPARATION	Non-FDA / Dietary Supplement	Nutraceutical / Botanical
lithospermum-erythrorhizon	BOTANICAL_OR_ORGANISM_PREPARATION	Non-FDA / Dietary Supplement	Nutraceutical / Botanical
verbascoside	SUPPLEMENT_INGREDIENT	Non-FDA / Dietary Supplement	Nutraceutical / Botanical
teduglutide	APPROVED_BIOLOGIC	FDA Approved	Peptide / GLP-1 Agonist
viniferin	SUPPLEMENT_INGREDIENT	Non-FDA / Dietary Supplement	Nutraceutical / Botanical
teriflunomide	APPROVED_MEDICINE	FDA Approved	Small Molecule
belamcanda	BOTANICAL_OR_ORGANISM_PREPARATION	Non-FDA / Dietary Supplement	Nutraceutical / Botanical
musk-xylene	MARKETED_PRODUCT_INGREDIENT	Non-FDA / Dietary Supplement	Nutraceutical / Botanical
xantinol-nicotinate	SUPPLEMENT_INGREDIENT	Non-FDA / Dietary Supplement	Nutraceutical / Botanical
hydrilla-verticillata	BOTANICAL_OR_ORGANISM_PREPARATION	Non-FDA / Dietary Supplement	Nutraceutical / Botanical
caltha-palustris	BOTANICAL_OR_ORGANISM_PREPARATION	Non-FDA / Dietary Supplement	Nutraceutical / Botanical
streptococcus-mutans	BOTANICAL_OR_ORGANISM_PREPARATION	Non-FDA / Dietary Supplement	Nutraceutical / Botanical
sanicle	SUPPLEMENT_INGREDIENT	Non-FDA / Dietary Supplement	Nutraceutical / Botanical
telavancin	APPROVED_MEDICINE	FDA Approved	Small Molecule
1-androsterone	SUPPLEMENT_INGREDIENT	Non-FDA / Dietary Supplement	Nutraceutical / Botanical
juniperus-sabina-leaf	BOTANICAL_OR_ORGANISM_PREPARATION	Non-FDA / Dietary Supplement	Nutraceutical / Botanical
syagrus-romanzoffiana-pollen	BOTANICAL_OR_ORGANISM_PREPARATION	Non-FDA / Dietary Supplement	Nutraceutical / Botanical
thiosulfanate	SUPPLEMENT_INGREDIENT	Non-FDA / Dietary Supplement	Nutraceutical / Botanical
tellurium	SUPPLEMENT_INGREDIENT	Non-FDA / Dietary Supplement	Nutraceutical / Botanical
aspergillus-oryzae	BOTANICAL_OR_ORGANISM_PREPARATION	Non-FDA / Dietary Supplement	Nutraceutical / Botanical
betula-pendula-pollen	BOTANICAL_OR_ORGANISM_PREPARATION	Non-FDA / Dietary Supplement	Nutraceutical / Botanical
camellia-sinensis-flower	BOTANICAL_OR_ORGANISM_PREPARATION	Non-FDA / Dietary Supplement	Nutraceutical / Botanical
ferric-picrate	SUPPLEMENT_INGREDIENT	Non-FDA / Dietary Supplement	Nutraceutical / Botanical
hura-crepitans-sap	BOTANICAL_OR_ORGANISM_PREPARATION	Non-FDA / Dietary Supplement	Nutraceutical / Botanical
vitamine-e	SUPPLEMENT_INGREDIENT	Non-FDA / Dietary Supplement	Nutraceutical / Botanical
prickly-ash-bark	SUPPLEMENT_INGREDIENT	Non-FDA / Dietary Supplement	Nutraceutical / Botanical
juglans-californica-pollen	INVESTIGATIONAL_MEDICINE	Pre-clinical / Open Source	Nutraceutical / Botanical
withanolides	SUPPLEMENT_INGREDIENT	Non-FDA / Dietary Supplement	Nutraceutical / Botanical
yttrium-iodide	MARKETED_PRODUCT_INGREDIENT	Non-FDA / Dietary Supplement	Nutraceutical / Botanical
skullcap	SUPPLEMENT_INGREDIENT	Non-FDA / Dietary Supplement	Nutraceutical / Botanical
vorapaxar	APPROVED_MEDICINE	FDA Approved	Small Molecule
xylose	APPROVED_MEDICINE	FDA Approved	Small Molecule
kochia	BOTANICAL_OR_ORGANISM_PREPARATION	Non-FDA / Dietary Supplement	Nutraceutical / Botanical
withanolide	SUPPLEMENT_INGREDIENT	Non-FDA / Dietary Supplement	Nutraceutical / Botanical
yk-11	INVESTIGATIONAL_MEDICINE	Pre-clinical / Open Source	Small Molecule
mandarin	SUPPLEMENT_INGREDIENT	Non-FDA / Dietary Supplement	Nutraceutical / Botanical
korean-angelica	SUPPLEMENT_INGREDIENT	Non-FDA / Dietary Supplement	Nutraceutical / Botanical
monomethyl	APPROVED_MEDICINE	FDA Approved	Small Molecule
tetrakis-copper-tetrafluoroborate	INVESTIGATIONAL_MEDICINE	Pre-clinical / Open Source	Small Molecule
azacitidine	APPROVED_MEDICINE	FDA Approved	Small Molecule
wintergreen	BOTANICAL_OR_ORGANISM_PREPARATION	Non-FDA / Dietary Supplement	Nutraceutical / Botanical
bulevirtide-gmod	APPROVED_BIOLOGIC	FDA Approved	Recombinant Protein / Biologic
myristoleic-acid	SUPPLEMENT_INGREDIENT	Non-FDA / Dietary Supplement	Nutraceutical / Botanical
yew	SUPPLEMENT_INGREDIENT	Non-FDA / Dietary Supplement	Nutraceutical / Botanical
thiothixene	APPROVED_MEDICINE	FDA Approved	Small Molecule
yttrium-chloride	MARKETED_PRODUCT_INGREDIENT	Non-FDA / Dietary Supplement	Nutraceutical / Botanical
thuja-occidentalis-leafy-twig	BOTANICAL_OR_ORGANISM_PREPARATION	Non-FDA / Dietary Supplement	Nutraceutical / Botanical
zinc-carbonate	SUPPLEMENT_INGREDIENT	Non-FDA / Dietary Supplement	Nutraceutical / Botanical
zinc-pca	APPROVED_MEDICINE	FDA Approved	Small Molecule
tiopronin	APPROVED_MEDICINE	FDA Approved	Small Molecule
zinc-glycinate	OFF_LABEL_OR_COMPOUNDED	Off-Label / Compounded	Small Molecule
abroma-augustum-root	BOTANICAL_OR_ORGANISM_PREPARATION	Non-FDA / Dietary Supplement	Nutraceutical / Botanical
celery-seed	BOTANICAL_OR_ORGANISM_PREPARATION	Non-FDA / Dietary Supplement	Nutraceutical / Botanical
butterfly-pea	BOTANICAL_OR_ORGANISM_PREPARATION	Non-FDA / Dietary Supplement	Nutraceutical / Botanical
thyroid-bovine	BOTANICAL_OR_ORGANISM_PREPARATION	Non-FDA / Dietary Supplement	Nutraceutical / Botanical
tocilizumab-bavi	APPROVED_BIOLOGIC	FDA Approved	Recombinant Protein / Biologic
zinc-picrate	MARKETED_PRODUCT_INGREDIENT	Non-FDA / Dietary Supplement	Nutraceutical / Botanical
zinc-picrate-nonahydrate	MARKETED_PRODUCT_INGREDIENT	Non-FDA / Dietary Supplement	Nutraceutical / Botanical
pimavanserin	APPROVED_MEDICINE	FDA Approved	Small Molecule
sodium-citrate-unspecified-form	MARKETED_PRODUCT_INGREDIENT	Non-FDA / Dietary Supplement	Nutraceutical / Botanical
sus-scrofa-ear	MARKETED_PRODUCT_INGREDIENT	Non-FDA / Dietary Supplement	Nutraceutical / Botanical
tin	SUPPLEMENT_INGREDIENT	Non-FDA / Dietary Supplement	Nutraceutical / Botanical
lactobacillus-salivarius	BOTANICAL_OR_ORGANISM_PREPARATION	Non-FDA / Dietary Supplement	Nutraceutical / Botanical
vanilla-bean	SUPPLEMENT_INGREDIENT	Non-FDA / Dietary Supplement	Nutraceutical / Botanical
torsemide	APPROVED_MEDICINE	FDA Approved	Small Molecule
lactones	SUPPLEMENT_INGREDIENT	Non-FDA / Dietary Supplement	Nutraceutical / Botanical
zirconium-carbonate	MARKETED_PRODUCT_INGREDIENT	Non-FDA / Dietary Supplement	Nutraceutical / Botanical
cynanchum	BOTANICAL_OR_ORGANISM_PREPARATION	Non-FDA / Dietary Supplement	Nutraceutical / Botanical
lithium-bromide	SUPPLEMENT_INGREDIENT	Non-FDA / Dietary Supplement	Nutraceutical / Botanical
zirconium-fluoride	MARKETED_PRODUCT_INGREDIENT	Non-FDA / Dietary Supplement	Nutraceutical / Botanical
lemon-mint	BOTANICAL_OR_ORGANISM_PREPARATION	Non-FDA / Dietary Supplement	Nutraceutical / Botanical
mantis-egg-case	SUPPLEMENT_INGREDIENT	Non-FDA / Dietary Supplement	Recombinant Protein / Biologic
tretinoin	APPROVED_MEDICINE	FDA Approved	Small Molecule
mondo-grass	SUPPLEMENT_INGREDIENT	Non-FDA / Dietary Supplement	Nutraceutical / Botanical
tolterodine	APPROVED_MEDICINE	FDA Approved	Small Molecule
abelmoschus-moschatus-flower	BOTANICAL_OR_ORGANISM_PREPARATION	Non-FDA / Dietary Supplement	Nutraceutical / Botanical
chinese-clematis	BOTANICAL_OR_ORGANISM_PREPARATION	Non-FDA / Dietary Supplement	Nutraceutical / Botanical
peach-fiber	SUPPLEMENT_INGREDIENT	Non-FDA / Dietary Supplement	Nutraceutical / Botanical
potassium-cyanide	SUPPLEMENT_INGREDIENT	Non-FDA / Dietary Supplement	Nutraceutical / Botanical
abrus	SUPPLEMENT_INGREDIENT	Non-FDA / Dietary Supplement	Nutraceutical / Botanical
spanish-thyme	SUPPLEMENT_INGREDIENT	Non-FDA / Dietary Supplement	Nutraceutical / Botanical
justicia-adhatoda-leaf	BOTANICAL_OR_ORGANISM_PREPARATION	Non-FDA / Dietary Supplement	Nutraceutical / Botanical
silver-chloride	MARKETED_PRODUCT_INGREDIENT	Non-FDA / Dietary Supplement	Nutraceutical / Botanical
acacia-berlandieri	BOTANICAL_OR_ORGANISM_PREPARATION	Non-FDA / Dietary Supplement	Nutraceutical / Botanical
sus-scrofa-prostate	MARKETED_PRODUCT_INGREDIENT	Non-FDA / Dietary Supplement	Nutraceutical / Botanical
tofacitinib	APPROVED_MEDICINE	FDA Approved	Small Molecule
zinc-bromide	MARKETED_PRODUCT_INGREDIENT	Non-FDA / Dietary Supplement	Nutraceutical / Botanical
treprostinil-diolamine	APPROVED_MEDICINE	FDA Approved	Small Molecule
carica-papaya-whole	BOTANICAL_OR_ORGANISM_PREPARATION	Non-FDA / Dietary Supplement	Nutraceutical / Botanical
chinese-pine	SUPPLEMENT_INGREDIENT	Non-FDA / Dietary Supplement	Nutraceutical / Botanical
tranexamic-acid	APPROVED_MEDICINE	FDA Approved	Small Molecule
acacetin	SUPPLEMENT_INGREDIENT	Non-FDA / Dietary Supplement	Nutraceutical / Botanical
acesulfame-potassium	SUPPLEMENT_INGREDIENT	Non-FDA / Dietary Supplement	Nutraceutical / Botanical
ferula-sumbul-root	BOTANICAL_OR_ORGANISM_PREPARATION	Non-FDA / Dietary Supplement	Nutraceutical / Botanical
ranitidine-bismuth	APPROVED_MEDICINE	FDA Approved	Small Molecule
mercuric-sulfate	SUPPLEMENT_INGREDIENT	Non-FDA / Dietary Supplement	Nutraceutical / Botanical
triamterene	APPROVED_MEDICINE	FDA Approved	Small Molecule
hyperimmune-milk-peptides	SUPPLEMENT_INGREDIENT	Non-FDA / Dietary Supplement	Nutraceutical / Botanical
acacia-pollen	BOTANICAL_OR_ORGANISM_PREPARATION	Non-FDA / Dietary Supplement	Nutraceutical / Botanical
adrenal-extract	SUPPLEMENT_INGREDIENT	Non-FDA / Dietary Supplement	Nutraceutical / Botanical
trolamine-polypeptide-oleate-condensate	APPROVED_MEDICINE	FDA Approved	Small Molecule
sebelipase-alfa	APPROVED_BIOLOGIC	FDA Approved	Recombinant Protein / Biologic
acerola	SUPPLEMENT_INGREDIENT	Non-FDA / Dietary Supplement	Nutraceutical / Botanical
potassium-oxalate	SUPPLEMENT_INGREDIENT	Non-FDA / Dietary Supplement	Nutraceutical / Botanical
acer-nigrum-whole	BOTANICAL_OR_ORGANISM_PREPARATION	Non-FDA / Dietary Supplement	Nutraceutical / Botanical
acetylcarnitine	SUPPLEMENT_INGREDIENT	Non-FDA / Dietary Supplement	Nutraceutical / Botanical
sandalwood-oil	MARKETED_PRODUCT_INGREDIENT	Non-FDA / Dietary Supplement	Nutraceutical / Botanical
turpentine-oil	APPROVED_MEDICINE	FDA Approved	Nutraceutical / Botanical
acer-pensylvanicum-whole	BOTANICAL_OR_ORGANISM_PREPARATION	Non-FDA / Dietary Supplement	Nutraceutical / Botanical
ambrosia-bidentata-pollen	BOTANICAL_OR_ORGANISM_PREPARATION	Non-FDA / Dietary Supplement	Nutraceutical / Botanical
beryllium-sulfate	SUPPLEMENT_INGREDIENT	Non-FDA / Dietary Supplement	Nutraceutical / Botanical
acer-truncatum-bunge	SUPPLEMENT_INGREDIENT	Non-FDA / Dietary Supplement	Nutraceutical / Botanical
astragalus-mongholicus-root	BOTANICAL_OR_ORGANISM_PREPARATION	Non-FDA / Dietary Supplement	Nutraceutical / Botanical
tubocurarine	APPROVED_MEDICINE	FDA Approved	Small Molecule
chromic-phosphate	SUPPLEMENT_INGREDIENT	Non-FDA / Dietary Supplement	Nutraceutical / Botanical
cobaltous-phosphate	SUPPLEMENT_INGREDIENT	Non-FDA / Dietary Supplement	Nutraceutical / Botanical
acetogenin	SUPPLEMENT_INGREDIENT	Non-FDA / Dietary Supplement	Nutraceutical / Botanical
dimethylphenethylamine	SUPPLEMENT_INGREDIENT	Non-FDA / Dietary Supplement	Nutraceutical / Botanical
acetyl-l-glutathione	SUPPLEMENT_INGREDIENT	Non-FDA / Dietary Supplement	Nutraceutical / Botanical
dipsacus-fullonum-whole	BOTANICAL_OR_ORGANISM_PREPARATION	Non-FDA / Dietary Supplement	Nutraceutical / Botanical
elaeagnus-angustifolia-pollen	INVESTIGATIONAL_MEDICINE	Pre-clinical / Open Source	Nutraceutical / Botanical
aconitic-acid	SUPPLEMENT_INGREDIENT	Non-FDA / Dietary Supplement	Nutraceutical / Botanical
dymethazine	SUPPLEMENT_INGREDIENT	Non-FDA / Dietary Supplement	Nutraceutical / Botanical
lavandula-angustifolia-oil	MARKETED_PRODUCT_INGREDIENT	FDA Approved	Nutraceutical / Botanical
tuberculin-purified-protein-derivative	MARKETED_PRODUCT_INGREDIENT	Non-FDA / Dietary Supplement	Nutraceutical / Botanical
jack-in-the-pulpit	BOTANICAL_OR_ORGANISM_PREPARATION	Non-FDA / Dietary Supplement	Nutraceutical / Botanical
ustekinumab-stba	APPROVED_BIOLOGIC	FDA Approved	Recombinant Protein / Biologic
manganese-nitrate	SUPPLEMENT_INGREDIENT	Non-FDA / Dietary Supplement	Nutraceutical / Botanical
mercurous-acetate	SUPPLEMENT_INGREDIENT	Non-FDA / Dietary Supplement	Nutraceutical / Botanical
nickel-bromide	SUPPLEMENT_INGREDIENT	Non-FDA / Dietary Supplement	Nutraceutical / Botanical
nickel-iodide	SUPPLEMENT_INGREDIENT	Non-FDA / Dietary Supplement	Nutraceutical / Botanical
manganese-bromide	SUPPLEMENT_INGREDIENT	Non-FDA / Dietary Supplement	Nutraceutical / Botanical
potassium-fluoride	SUPPLEMENT_INGREDIENT	Non-FDA / Dietary Supplement	Nutraceutical / Botanical
acetyl-tetrapeptide-9	MARKETED_PRODUCT_INGREDIENT	FDA Approved	Small Molecule
parasol-mushroom	BOTANICAL_OR_ORGANISM_PREPARATION	Non-FDA / Dietary Supplement	Nutraceutical / Botanical
achillea-millefolium-whole	BOTANICAL_OR_ORGANISM_PREPARATION	Non-FDA / Dietary Supplement	Nutraceutical / Botanical
actinidin	SUPPLEMENT_INGREDIENT	Non-FDA / Dietary Supplement	Nutraceutical / Botanical
rumex-obtusifolius-pollen	BOTANICAL_OR_ORGANISM_PREPARATION	Non-FDA / Dietary Supplement	Nutraceutical / Botanical
linolenic-acid	MARKETED_PRODUCT_INGREDIENT	FDA Approved	Nutraceutical / Botanical
strontium-iodide	MARKETED_PRODUCT_INGREDIENT	Non-FDA / Dietary Supplement	Nutraceutical / Botanical
achyranthes	BOTANICAL_OR_ORGANISM_PREPARATION	Non-FDA / Dietary Supplement	Nutraceutical / Botanical
sus-scrofa-parathyroid-gland	MARKETED_PRODUCT_INGREDIENT	Non-FDA / Dietary Supplement	Nutraceutical / Botanical
ustekinumab-ttwe	APPROVED_BIOLOGIC	FDA Approved	Recombinant Protein / Biologic
yttrium-bromide	MARKETED_PRODUCT_INGREDIENT	Non-FDA / Dietary Supplement	Nutraceutical / Botanical
achillea-millefolium-flowering-top	BOTANICAL_OR_ORGANISM_PREPARATION	Non-FDA / Dietary Supplement	Nutraceutical / Botanical
vanadium-chloride	SUPPLEMENT_INGREDIENT	Non-FDA / Dietary Supplement	Nutraceutical / Botanical
tantalum-carbide	MARKETED_PRODUCT_INGREDIENT	Non-FDA / Dietary Supplement	Nutraceutical / Botanical
vanadium-bromide	MARKETED_PRODUCT_INGREDIENT	Non-FDA / Dietary Supplement	Nutraceutical / Botanical
yttrium-fluoride	MARKETED_PRODUCT_INGREDIENT	Non-FDA / Dietary Supplement	Nutraceutical / Botanical
zirconium-sulfate	SUPPLEMENT_INGREDIENT	Non-FDA / Dietary Supplement	Nutraceutical / Botanical
cascara-sagrada	BOTANICAL_OR_ORGANISM_PREPARATION	Non-FDA / Dietary Supplement	Nutraceutical / Botanical
anemone-patens-whole	BOTANICAL_OR_ORGANISM_PREPARATION	Non-FDA / Dietary Supplement	Nutraceutical / Botanical
venetoclax	APPROVED_MEDICINE	FDA Approved	Small Molecule
aconitum-lycoctonum-whole	BOTANICAL_OR_ORGANISM_PREPARATION	Non-FDA / Dietary Supplement	Nutraceutical / Botanical
adenosine-cyclic	SUPPLEMENT_INGREDIENT	Non-FDA / Dietary Supplement	Nutraceutical / Botanical
agathosma-crenulata-whole	BOTANICAL_OR_ORGANISM_PREPARATION	Non-FDA / Dietary Supplement	Nutraceutical / Botanical
vitamin-d	APPROVED_MEDICINE	FDA Approved	Nutraceutical / Botanical
actaea-cimicifuga-root	BOTANICAL_OR_ORGANISM_PREPARATION	Non-FDA / Dietary Supplement	Nutraceutical / Botanical
gold-tribromide	SUPPLEMENT_INGREDIENT	Non-FDA / Dietary Supplement	Nutraceutical / Botanical
equisetum-arvense-branch	BOTANICAL_OR_ORGANISM_PREPARATION	Non-FDA / Dietary Supplement	Nutraceutical / Botanical
ligusticum	BOTANICAL_OR_ORGANISM_PREPARATION	Non-FDA / Dietary Supplement	Nutraceutical / Botanical
vasopressin	APPROVED_BIOLOGIC	FDA Approved	Peptide / GLP-1 Agonist
goat-milk	BOTANICAL_OR_ORGANISM_PREPARATION	Non-FDA / Dietary Supplement	Nutraceutical / Botanical
ligusticum-porteri-root	BOTANICAL_OR_ORGANISM_PREPARATION	Non-FDA / Dietary Supplement	Nutraceutical / Botanical
menotropins	APPROVED_BIOLOGIC	FDA Approved	Recombinant Protein / Biologic
mercurous-bromide	SUPPLEMENT_INGREDIENT	Non-FDA / Dietary Supplement	Nutraceutical / Botanical
n-acetyl-methionine	SUPPLEMENT_INGREDIENT	Non-FDA / Dietary Supplement	Nutraceutical / Botanical
podophyllum-peltatum-root	BOTANICAL_OR_ORGANISM_PREPARATION	Non-FDA / Dietary Supplement	Nutraceutical / Botanical
mimosa-pudica	BOTANICAL_OR_ORGANISM_PREPARATION	Non-FDA / Dietary Supplement	Nutraceutical / Botanical
rhododendron-chrysanthum	BOTANICAL_OR_ORGANISM_PREPARATION	Non-FDA / Dietary Supplement	Nutraceutical / Botanical
prunella-vulgaris-flower	BOTANICAL_OR_ORGANISM_PREPARATION	Non-FDA / Dietary Supplement	Nutraceutical / Botanical
pulsatilla-pratensis-flowering-top	SUPPLEMENT_INGREDIENT	Non-FDA / Dietary Supplement	Nutraceutical / Botanical
adenophora	BOTANICAL_OR_ORGANISM_PREPARATION	Non-FDA / Dietary Supplement	Nutraceutical / Botanical
verbena-officinalis-flowering-top	BOTANICAL_OR_ORGANISM_PREPARATION	Non-FDA / Dietary Supplement	Nutraceutical / Botanical
vipera-berus-venom	BOTANICAL_OR_ORGANISM_PREPARATION	Non-FDA / Dietary Supplement	Nutraceutical / Botanical
schisandrin	SUPPLEMENT_INGREDIENT	Non-FDA / Dietary Supplement	Nutraceutical / Botanical
ademetionine	SUPPLEMENT_INGREDIENT	Non-FDA / Dietary Supplement	Nutraceutical / Botanical
cadmium-sulfate	SUPPLEMENT_INGREDIENT	Non-FDA / Dietary Supplement	Nutraceutical / Botanical
smilax-ornata-whole	MARKETED_PRODUCT_INGREDIENT	Non-FDA / Dietary Supplement	Nutraceutical / Botanical
ligusticum-sinense-subsp-chuanxiong-root	OFF_LABEL_OR_COMPOUNDED	Off-Label / Compounded	Nutraceutical / Botanical
adipic-acid	SUPPLEMENT_INGREDIENT	Non-FDA / Dietary Supplement	Nutraceutical / Botanical
viola-tricolor	BOTANICAL_OR_ORGANISM_PREPARATION	Non-FDA / Dietary Supplement	Nutraceutical / Botanical
adonis-vernalis-flowering-top	BOTANICAL_OR_ORGANISM_PREPARATION	Non-FDA / Dietary Supplement	Nutraceutical / Botanical
adenosine-diphosphate	SUPPLEMENT_INGREDIENT	Non-FDA / Dietary Supplement	Nutraceutical / Botanical
adipic-acid-dihydrazide	SUPPLEMENT_INGREDIENT	Non-FDA / Dietary Supplement	Nutraceutical / Botanical
aphid	SUPPLEMENT_INGREDIENT	Non-FDA / Dietary Supplement	Nutraceutical / Botanical
zanidatamab-hrii	APPROVED_BIOLOGIC	FDA Approved	Recombinant Protein / Biologic
zinc-picolinate	SUPPLEMENT_INGREDIENT	Non-FDA / Dietary Supplement	Nutraceutical / Botanical
alcaligenes-faecalis	BOTANICAL_OR_ORGANISM_PREPARATION	Non-FDA / Dietary Supplement	Nutraceutical / Botanical
asclepias-tuberosa-root	BOTANICAL_OR_ORGANISM_PREPARATION	Non-FDA / Dietary Supplement	Nutraceutical / Botanical
clematis-vitalba-whole	BOTANICAL_OR_ORGANISM_PREPARATION	Non-FDA / Dietary Supplement	Nutraceutical / Botanical
bilobalide	SUPPLEMENT_INGREDIENT	Non-FDA / Dietary Supplement	Nutraceutical / Botanical
lindera-aggregata-root	BOTANICAL_OR_ORGANISM_PREPARATION	Non-FDA / Dietary Supplement	Nutraceutical / Botanical
vitamin-b9	APPROVED_MEDICINE	FDA Approved	Nutraceutical / Botanical
centaurium-erythraea	BOTANICAL_OR_ORGANISM_PREPARATION	Non-FDA / Dietary Supplement	Nutraceutical / Botanical
technetium-tc-99m-bicisate-kit	APPROVED_MEDICINE	FDA Approved	Small Molecule
adonis-vernalis	BOTANICAL_OR_ORGANISM_PREPARATION	Non-FDA / Dietary Supplement	Nutraceutical / Botanical
cherry-plum	BOTANICAL_OR_ORGANISM_PREPARATION	Non-FDA / Dietary Supplement	Nutraceutical / Botanical
ceanothus-integerrimus-whole	BOTANICAL_OR_ORGANISM_PREPARATION	Non-FDA / Dietary Supplement	Nutraceutical / Botanical
vorinostat	APPROVED_MEDICINE	FDA Approved	Small Molecule
amlodipine	APPROVED_MEDICINE	FDA Approved	Small Molecule
cynodon-dactylon-whole	BOTANICAL_OR_ORGANISM_PREPARATION	Non-FDA / Dietary Supplement	Nutraceutical / Botanical
adrenals	SUPPLEMENT_INGREDIENT	Non-FDA / Dietary Supplement	Nutraceutical / Botanical
aerva-lanata	BOTANICAL_OR_ORGANISM_PREPARATION	Non-FDA / Dietary Supplement	Nutraceutical / Botanical
african-snakeroot	SUPPLEMENT_INGREDIENT	Non-FDA / Dietary Supplement	Nutraceutical / Botanical
glechoma-hederacea-flowering-top	BOTANICAL_OR_ORGANISM_PREPARATION	Non-FDA / Dietary Supplement	Nutraceutical / Botanical
adrenal	SUPPLEMENT_INGREDIENT	Non-FDA / Dietary Supplement	Nutraceutical / Botanical
agastache-urticifolia-whole	BOTANICAL_OR_ORGANISM_PREPARATION	Non-FDA / Dietary Supplement	Nutraceutical / Botanical
ailanthus-altissima-fruit	BOTANICAL_OR_ORGANISM_PREPARATION	Non-FDA / Dietary Supplement	Nutraceutical / Botanical
luffa-acutangula-fruit	BOTANICAL_OR_ORGANISM_PREPARATION	Non-FDA / Dietary Supplement	Nutraceutical / Botanical
zafirlukast	APPROVED_MEDICINE	FDA Approved	Small Molecule
northern-quahog	BOTANICAL_OR_ORGANISM_PREPARATION	Non-FDA / Dietary Supplement	Nutraceutical / Botanical
adonis-vernalis-whole	BOTANICAL_OR_ORGANISM_PREPARATION	Non-FDA / Dietary Supplement	Nutraceutical / Botanical
agave	BOTANICAL_OR_ORGANISM_PREPARATION	Non-FDA / Dietary Supplement	Nutraceutical / Botanical
oxalis-stricta-whole	BOTANICAL_OR_ORGANISM_PREPARATION	Non-FDA / Dietary Supplement	Nutraceutical / Botanical
plantago-lanceolata-leaf	BOTANICAL_OR_ORGANISM_PREPARATION	Non-FDA / Dietary Supplement	Nutraceutical / Botanical
potassium-phosphate	SUPPLEMENT_INGREDIENT	Non-FDA / Dietary Supplement	Nutraceutical / Botanical
proteus-inconstans	MARKETED_PRODUCT_INGREDIENT	Non-FDA / Dietary Supplement	Nutraceutical / Botanical
propionibacterium-freudenreichii-ssp-shermanii	SUPPLEMENT_INGREDIENT	Non-FDA / Dietary Supplement	Nutraceutical / Botanical
progenin-iii	SUPPLEMENT_INGREDIENT	Non-FDA / Dietary Supplement	Nutraceutical / Botanical
lysimachia-christinae-whole	BOTANICAL_OR_ORGANISM_PREPARATION	Non-FDA / Dietary Supplement	Nutraceutical / Botanical
rhizopus-oryzae	BOTANICAL_OR_ORGANISM_PREPARATION	Non-FDA / Dietary Supplement	Nutraceutical / Botanical
rucaparib	APPROVED_MEDICINE	FDA Approved	Small Molecule
zinc-carbobenzoxy-beta-alanyltaurinate	MARKETED_PRODUCT_INGREDIENT	Non-FDA / Dietary Supplement	Nutraceutical / Botanical
rosa-damascena-flowering-top	BOTANICAL_OR_ORGANISM_PREPARATION	Non-FDA / Dietary Supplement	Nutraceutical / Botanical
ciprofloxacin	APPROVED_MEDICINE	FDA Approved	Small Molecule
aflatoxin-b1	SUPPLEMENT_INGREDIENT	Non-FDA / Dietary Supplement	Nutraceutical / Botanical
alchornea-floribunda	BOTANICAL_OR_ORGANISM_PREPARATION	Non-FDA / Dietary Supplement	Nutraceutical / Botanical
stachys-officinalis	BOTANICAL_OR_ORGANISM_PREPARATION	Non-FDA / Dietary Supplement	Nutraceutical / Botanical
sus-scrofa-esophagus	MARKETED_PRODUCT_INGREDIENT	Non-FDA / Dietary Supplement	Nutraceutical / Botanical
agaricus	BOTANICAL_OR_ORGANISM_PREPARATION	Non-FDA / Dietary Supplement	Nutraceutical / Botanical
toxicodendron-radicans-leaf	BOTANICAL_OR_ORGANISM_PREPARATION	Non-FDA / Dietary Supplement	Nutraceutical / Botanical
trichothecium-roseum	INVESTIGATIONAL_MEDICINE	Pre-clinical / Open Source	Nutraceutical / Botanical
caffeine	SUPPLEMENT_INGREDIENT	Non-FDA / Dietary Supplement	Nutraceutical / Botanical
apixaban	APPROVED_MEDICINE	FDA Approved	Small Molecule
african-basil	SUPPLEMENT_INGREDIENT	Non-FDA / Dietary Supplement	Nutraceutical / Botanical
mammary	SUPPLEMENT_INGREDIENT	Non-FDA / Dietary Supplement	Nutraceutical / Botanical
zinc-sulfate-unspecified-form	APPROVED_MEDICINE	FDA Approved	Small Molecule
albumin-iodinated-i-131-serum	APPROVED_BIOLOGIC	FDA Approved	Recombinant Protein / Biologic
honeysuckle	SUPPLEMENT_INGREDIENT	Non-FDA / Dietary Supplement	Nutraceutical / Botanical
blepharis	BOTANICAL_OR_ORGANISM_PREPARATION	Non-FDA / Dietary Supplement	Nutraceutical / Botanical
centaurea-benedicta	BOTANICAL_OR_ORGANISM_PREPARATION	Non-FDA / Dietary Supplement	Nutraceutical / Botanical
zolbetuximab	INVESTIGATIONAL_MEDICINE	Pre-clinical / Open Source	Monoclonal Antibody (mAb)
malva-sylvestris	BOTANICAL_OR_ORGANISM_PREPARATION	Non-FDA / Dietary Supplement	Nutraceutical / Botanical
dimethyl-sulfoxide	APPROVED_MEDICINE	FDA Approved	Small Molecule
casein-lactococcus-lactis-cultured	SUPPLEMENT_INGREDIENT	Non-FDA / Dietary Supplement	Nutraceutical / Botanical
technetium-tc-99m-mertiatide-kit	APPROVED_MEDICINE	FDA Approved	Small Molecule
elaeagnus-glabra	BOTANICAL_OR_ORGANISM_PREPARATION	Non-FDA / Dietary Supplement	Nutraceutical / Botanical
florbetapir-f-18	APPROVED_MEDICINE	FDA Approved	Small Molecule
ecklonia-kurome	BOTANICAL_OR_ORGANISM_PREPARATION	Non-FDA / Dietary Supplement	Nutraceutical / Botanical
potassium-tetrachloroaurate	SUPPLEMENT_INGREDIENT	Non-FDA / Dietary Supplement	Nutraceutical / Botanical
manchurian-thorn	SUPPLEMENT_INGREDIENT	Non-FDA / Dietary Supplement	Nutraceutical / Botanical
manganese-alpha-ketoglutarate	SUPPLEMENT_INGREDIENT	Non-FDA / Dietary Supplement	Nutraceutical / Botanical
colchicine	APPROVED_MEDICINE	FDA Approved	Small Molecule
agarikon	SUPPLEMENT_INGREDIENT	Non-FDA / Dietary Supplement	Nutraceutical / Botanical
alpha-cyclodextrin	SUPPLEMENT_INGREDIENT	Non-FDA / Dietary Supplement	Nutraceutical / Botanical
lavandula-angustifolia-subsp-angustifolia-flower	BOTANICAL_OR_ORGANISM_PREPARATION	Non-FDA / Dietary Supplement	Nutraceutical / Botanical
escitalopram	APPROVED_MEDICINE	FDA Approved	Small Molecule
agave-atrovirens-top	BOTANICAL_OR_ORGANISM_PREPARATION	Non-FDA / Dietary Supplement	Nutraceutical / Botanical
ondansetron	APPROVED_MEDICINE	FDA Approved	Small Molecule
packera-aurea-whole	BOTANICAL_OR_ORGANISM_PREPARATION	Non-FDA / Dietary Supplement	Nutraceutical / Botanical
agathosma-crenulata-leaf	BOTANICAL_OR_ORGANISM_PREPARATION	Non-FDA / Dietary Supplement	Nutraceutical / Botanical
fosfomycin	APPROVED_MEDICINE	FDA Approved	Small Molecule
phoma-exigua-var-exigua	BOTANICAL_OR_ORGANISM_PREPARATION	Non-FDA / Dietary Supplement	Nutraceutical / Botanical
phentermine-resin-complex	APPROVED_MEDICINE	FDA Approved	Small Molecule
recombinant-varicella-zoster-virus-glycoprotein-e-antigen	MARKETED_PRODUCT_INGREDIENT	Non-FDA / Dietary Supplement	Nutraceutical / Botanical
rattus-norvegicus-skin	INVESTIGATIONAL_MEDICINE	Pre-clinical / Open Source	Nutraceutical / Botanical
insulin-glargine	APPROVED_BIOLOGIC	FDA Approved	Recombinant Protein / Biologic
agnuside	SUPPLEMENT_INGREDIENT	Non-FDA / Dietary Supplement	Nutraceutical / Botanical
sorghum-bicolor-whole	BOTANICAL_OR_ORGANISM_PREPARATION	Non-FDA / Dietary Supplement	Nutraceutical / Botanical
diphenhydramine	APPROVED_MEDICINE	FDA Approved	Small Molecule
carbamazepine	APPROVED_MEDICINE	FDA Approved	Small Molecule
metronidazole	APPROVED_MEDICINE	FDA Approved	Small Molecule
troxerutin	SUPPLEMENT_INGREDIENT	Non-FDA / Dietary Supplement	Nutraceutical / Botanical
hordeum-vulgare-whole	BOTANICAL_OR_ORGANISM_PREPARATION	Non-FDA / Dietary Supplement	Nutraceutical / Botanical
ulmus-rubra-pollen	BOTANICAL_OR_ORGANISM_PREPARATION	Non-FDA / Dietary Supplement	Nutraceutical / Botanical
tsuga-canadensis-flower-bud	MARKETED_PRODUCT_INGREDIENT	Non-FDA / Dietary Supplement	Nutraceutical / Botanical
agnusides	SUPPLEMENT_INGREDIENT	Non-FDA / Dietary Supplement	Nutraceutical / Botanical
algas-calcareas	SUPPLEMENT_INGREDIENT	Non-FDA / Dietary Supplement	Nutraceutical / Botanical
yersinia-enterocolitica	BOTANICAL_OR_ORGANISM_PREPARATION	Non-FDA / Dietary Supplement	Nutraceutical / Botanical
budesonide	APPROVED_MEDICINE	FDA Approved	Small Molecule
american-lobster	INVESTIGATIONAL_MEDICINE	Pre-clinical / Open Source	Recombinant Protein / Biologic
cereal	SUPPLEMENT_INGREDIENT	Non-FDA / Dietary Supplement	Nutraceutical / Botanical
alteplase	APPROVED_BIOLOGIC	FDA Approved	Recombinant Protein / Biologic
chaenomeles-sinensis-fruit	BOTANICAL_OR_ORGANISM_PREPARATION	Non-FDA / Dietary Supplement	Nutraceutical / Botanical
massularia-auminata	SUPPLEMENT_INGREDIENT	Non-FDA / Dietary Supplement	Nutraceutical / Botanical
maytenus-krukovii	SUPPLEMENT_INGREDIENT	Non-FDA / Dietary Supplement	Nutraceutical / Botanical
amoeba-proteus	BOTANICAL_OR_ORGANISM_PREPARATION	Non-FDA / Dietary Supplement	Nutraceutical / Botanical
fumaria-officinalis-flowering-top	BOTANICAL_OR_ORGANISM_PREPARATION	Non-FDA / Dietary Supplement	Nutraceutical / Botanical
alaska-blueberry	SUPPLEMENT_INGREDIENT	Non-FDA / Dietary Supplement	Nutraceutical / Botanical
bromus-secalinus-pollen	BOTANICAL_OR_ORGANISM_PREPARATION	Non-FDA / Dietary Supplement	Nutraceutical / Botanical
calcium-hypophosphite	SUPPLEMENT_INGREDIENT	Non-FDA / Dietary Supplement	Nutraceutical / Botanical
casein-emmental-cultured	SUPPLEMENT_INGREDIENT	Non-FDA / Dietary Supplement	Nutraceutical / Botanical
albumin	SUPPLEMENT_INGREDIENT	Non-FDA / Dietary Supplement	Nutraceutical / Botanical
crinecerfont	APPROVED_MEDICINE	FDA Approved	Small Molecule
albizia-julibrissin	BOTANICAL_OR_ORGANISM_PREPARATION	Non-FDA / Dietary Supplement	Nutraceutical / Botanical
chicken-bone	OFF_LABEL_OR_COMPOUNDED	Off-Label / Compounded	Small Molecule
topiramate	APPROVED_MEDICINE	FDA Approved	Small Molecule
albizia	BOTANICAL_OR_ORGANISM_PREPARATION	Non-FDA / Dietary Supplement	Nutraceutical / Botanical
streptomyces-fradiae	BOTANICAL_OR_ORGANISM_PREPARATION	Non-FDA / Dietary Supplement	Nutraceutical / Botanical
alkylglycerols	SUPPLEMENT_INGREDIENT	Non-FDA / Dietary Supplement	Nutraceutical / Botanical
benzocaine	APPROVED_MEDICINE	FDA Approved	Small Molecule
liriodendron-tulipifera-whole	BOTANICAL_OR_ORGANISM_PREPARATION	Non-FDA / Dietary Supplement	Nutraceutical / Botanical
legionella-pneumophila	BOTANICAL_OR_ORGANISM_PREPARATION	Non-FDA / Dietary Supplement	Nutraceutical / Botanical
trifolium-pratense-leaf	BOTANICAL_OR_ORGANISM_PREPARATION	Non-FDA / Dietary Supplement	Nutraceutical / Botanical
pembrolizumab	APPROVED_BIOLOGIC	FDA Approved	Monoclonal Antibody (mAb)
metyrapone	APPROVED_MEDICINE	FDA Approved	Small Molecule
aldosterone	SUPPLEMENT_INGREDIENT	Non-FDA / Dietary Supplement	Nutraceutical / Botanical
matricaria-chamomilla-flowering-top-oil	SUPPLEMENT_INGREDIENT	Non-FDA / Dietary Supplement	Nutraceutical / Botanical
strychnos-ignatii-whole	BOTANICAL_OR_ORGANISM_PREPARATION	Non-FDA / Dietary Supplement	Nutraceutical / Botanical
benzphetamine	APPROVED_MEDICINE	FDA Approved	Small Molecule
northern-bluefin-tuna	SUPPLEMENT_INGREDIENT	Non-FDA / Dietary Supplement	Nutraceutical / Botanical
pentostatin	APPROVED_MEDICINE	FDA Approved	Small Molecule
ocimum-americanum-leaf	BOTANICAL_OR_ORGANISM_PREPARATION	Non-FDA / Dietary Supplement	Nutraceutical / Botanical
pelargonium-sidoides-whole	BOTANICAL_OR_ORGANISM_PREPARATION	Non-FDA / Dietary Supplement	Nutraceutical / Botanical
algal-protein	SUPPLEMENT_INGREDIENT	Non-FDA / Dietary Supplement	Nutraceutical / Botanical
aluminum-iodide	SUPPLEMENT_INGREDIENT	Non-FDA / Dietary Supplement	Nutraceutical / Botanical
alnus-serrulata-pollen	BOTANICAL_OR_ORGANISM_PREPARATION	Non-FDA / Dietary Supplement	Nutraceutical / Botanical
melaleuca-alternifolia-whole	BOTANICAL_OR_ORGANISM_PREPARATION	Non-FDA / Dietary Supplement	Nutraceutical / Botanical
prednicarbate	APPROVED_MEDICINE	FDA Approved	Small Molecule
pinus-virginiana-pollen	INVESTIGATIONAL_MEDICINE	Pre-clinical / Open Source	Nutraceutical / Botanical
insulin-lispro	APPROVED_BIOLOGIC	FDA Approved	Recombinant Protein / Biologic
alkaloid	SUPPLEMENT_INGREDIENT	Non-FDA / Dietary Supplement	Nutraceutical / Botanical
alnus-rubra-pollen	BOTANICAL_OR_ORGANISM_PREPARATION	Non-FDA / Dietary Supplement	Nutraceutical / Botanical
rhus-glabra	BOTANICAL_OR_ORGANISM_PREPARATION	Non-FDA / Dietary Supplement	Nutraceutical / Botanical
meloxicam	APPROVED_MEDICINE	FDA Approved	Small Molecule
alkylamide	SUPPLEMENT_INGREDIENT	Non-FDA / Dietary Supplement	Nutraceutical / Botanical
alpha-lactalbumin	SUPPLEMENT_INGREDIENT	Non-FDA / Dietary Supplement	Nutraceutical / Botanical
sporisorium-cruentum	INVESTIGATIONAL_MEDICINE	Pre-clinical / Open Source	Nutraceutical / Botanical
spantholobus	SUPPLEMENT_INGREDIENT	Non-FDA / Dietary Supplement	Nutraceutical / Botanical
melaleuca-viridiflora-whole	BOTANICAL_OR_ORGANISM_PREPARATION	Non-FDA / Dietary Supplement	Nutraceutical / Botanical
taraxacum-officinale-flowering-top	BOTANICAL_OR_ORGANISM_PREPARATION	Non-FDA / Dietary Supplement	Nutraceutical / Botanical
tetradecyl-hydrogen	INVESTIGATIONAL_MEDICINE	Pre-clinical / Open Source	Small Molecule
tocilizumab-aazg	APPROVED_BIOLOGIC	FDA Approved	Recombinant Protein / Biologic
alkanna	BOTANICAL_OR_ORGANISM_PREPARATION	Non-FDA / Dietary Supplement	Nutraceutical / Botanical
toxicodendron-diversilobum-whole	BOTANICAL_OR_ORGANISM_PREPARATION	Non-FDA / Dietary Supplement	Nutraceutical / Botanical
tribulus-terrestris-whole	BOTANICAL_OR_ORGANISM_PREPARATION	Non-FDA / Dietary Supplement	Nutraceutical / Botanical
triptorelin	APPROVED_BIOLOGIC	FDA Approved	Peptide / GLP-1 Agonist
viscum-album-stem	BOTANICAL_OR_ORGANISM_PREPARATION	Non-FDA / Dietary Supplement	Nutraceutical / Botanical
vespula-maculifrons-venom-protein	INVESTIGATIONAL_MEDICINE	Pre-clinical / Open Source	Nutraceutical / Botanical
garlic	BOTANICAL_OR_ORGANISM_PREPARATION	Non-FDA / Dietary Supplement	Nutraceutical / Botanical
viramin-e	SUPPLEMENT_INGREDIENT	Non-FDA / Dietary Supplement	Nutraceutical / Botanical
benzgalantamine	APPROVED_MEDICINE	FDA Approved	Small Molecule
3-3-diindolylmethane	SUPPLEMENT_INGREDIENT	Non-FDA / Dietary Supplement	Nutraceutical / Botanical
pioglitazone	APPROVED_MEDICINE	FDA Approved	Small Molecule
allicin	SUPPLEMENT_INGREDIENT	Non-FDA / Dietary Supplement	Nutraceutical / Botanical
valacyclovir	APPROVED_MEDICINE	FDA Approved	Small Molecule
chinese-amomum	SUPPLEMENT_INGREDIENT	Non-FDA / Dietary Supplement	Nutraceutical / Botanical
meno-ease-support-blend	SUPPLEMENT_INGREDIENT	Non-FDA / Dietary Supplement	Nutraceutical / Botanical
azilsartan-medoxomil	APPROVED_MEDICINE	FDA Approved	Small Molecule
mesocricetus-auratus-hair	BOTANICAL_OR_ORGANISM_PREPARATION	Non-FDA / Dietary Supplement	Nutraceutical / Botanical
almond-oil	MARKETED_PRODUCT_INGREDIENT	FDA Approved	Small Molecule
alpinia-katsumadai	BOTANICAL_OR_ORGANISM_PREPARATION	Non-FDA / Dietary Supplement	Nutraceutical / Botanical
alnus-rhombifolia-pollen	BOTANICAL_OR_ORGANISM_PREPARATION	Non-FDA / Dietary Supplement	Nutraceutical / Botanical
alpha-methyl-tetradecylthioacetic-acid	SUPPLEMENT_INGREDIENT	Non-FDA / Dietary Supplement	Nutraceutical / Botanical
aluminum-bromide	SUPPLEMENT_INGREDIENT	Non-FDA / Dietary Supplement	Nutraceutical / Botanical
chinese-quince	BOTANICAL_OR_ORGANISM_PREPARATION	Non-FDA / Dietary Supplement	Nutraceutical / Botanical
dodecahydroxycyclohexane	MARKETED_PRODUCT_INGREDIENT	Non-FDA / Dietary Supplement	Nutraceutical / Botanical
verapamil	APPROVED_MEDICINE	FDA Approved	Small Molecule
alnus-rhombifolia-bark	BOTANICAL_OR_ORGANISM_PREPARATION	Non-FDA / Dietary Supplement	Nutraceutical / Botanical
alpha1-proteinase-inhibitor-human	INVESTIGATIONAL_MEDICINE	Pre-clinical / Open Source	Recombinant Protein / Biologic
isomaltulose	SUPPLEMENT_INGREDIENT	Non-FDA / Dietary Supplement	Nutraceutical / Botanical
human-adenovirus-b-serotype-3	SUPPLEMENT_INGREDIENT	Non-FDA / Dietary Supplement	Nutraceutical / Botanical
humulus-lupulus-whole	BOTANICAL_OR_ORGANISM_PREPARATION	Non-FDA / Dietary Supplement	Nutraceutical / Botanical
l-gluthathione	SUPPLEMENT_INGREDIENT	Non-FDA / Dietary Supplement	Nutraceutical / Botanical
lithium-benzoate	SUPPLEMENT_INGREDIENT	Non-FDA / Dietary Supplement	Nutraceutical / Botanical
isodon-rubescens	BOTANICAL_OR_ORGANISM_PREPARATION	Non-FDA / Dietary Supplement	Nutraceutical / Botanical
lobelia-cardinalis-whole	BOTANICAL_OR_ORGANISM_PREPARATION	Non-FDA / Dietary Supplement	Nutraceutical / Botanical
luffa	BOTANICAL_OR_ORGANISM_PREPARATION	Non-FDA / Dietary Supplement	Nutraceutical / Botanical
mulberroside-a	SUPPLEMENT_INGREDIENT	Non-FDA / Dietary Supplement	Nutraceutical / Botanical
aloe-spicata-whole	BOTANICAL_OR_ORGANISM_PREPARATION	Non-FDA / Dietary Supplement	Nutraceutical / Botanical
momordica-charantia-fruit	BOTANICAL_OR_ORGANISM_PREPARATION	Non-FDA / Dietary Supplement	Nutraceutical / Botanical
chlorhexidine	APPROVED_MEDICINE	FDA Approved	Small Molecule
n-caffeoyldopamine	SUPPLEMENT_INGREDIENT	Non-FDA / Dietary Supplement	Nutraceutical / Botanical
3-phenyllactic-acid	SUPPLEMENT_INGREDIENT	Non-FDA / Dietary Supplement	Nutraceutical / Botanical
aloe-vera-leaf-juice	MARKETED_PRODUCT_INGREDIENT	FDA Approved	Nutraceutical / Botanical
chirata	SUPPLEMENT_INGREDIENT	Non-FDA / Dietary Supplement	Nutraceutical / Botanical
parkinsonia-florida-pollen	INVESTIGATIONAL_MEDICINE	Pre-clinical / Open Source	Nutraceutical / Botanical
11-keto-beta-boswellic-acid	SUPPLEMENT_INGREDIENT	Non-FDA / Dietary Supplement	Nutraceutical / Botanical
mesima	SUPPLEMENT_INGREDIENT	Non-FDA / Dietary Supplement	Nutraceutical / Botanical
malaoxon	MARKETED_PRODUCT_INGREDIENT	Non-FDA / Dietary Supplement	Nutraceutical / Botanical
aloe-vera-flower	BOTANICAL_OR_ORGANISM_PREPARATION	Non-FDA / Dietary Supplement	Nutraceutical / Botanical
rosmarinus-officinalis-leaf-oil	APPROVED_MEDICINE	FDA Approved	Nutraceutical / Botanical
red-seaweed	SUPPLEMENT_INGREDIENT	Non-FDA / Dietary Supplement	Nutraceutical / Botanical
aldicarb	MARKETED_PRODUCT_INGREDIENT	Non-FDA / Dietary Supplement	Nutraceutical / Botanical
alpha-gcp	SUPPLEMENT_INGREDIENT	Non-FDA / Dietary Supplement	Nutraceutical / Botanical
4-hydroxyisoleucine	SUPPLEMENT_INGREDIENT	Non-FDA / Dietary Supplement	Nutraceutical / Botanical
alpha-gpc	SUPPLEMENT_INGREDIENT	Non-FDA / Dietary Supplement	Nutraceutical / Botanical
cinchona-bark	BOTANICAL_OR_ORGANISM_PREPARATION	Non-FDA / Dietary Supplement	Nutraceutical / Botanical
alpha-ketoglutaric-acid	SUPPLEMENT_INGREDIENT	Non-FDA / Dietary Supplement	Nutraceutical / Botanical
althaea-officinalis-leaf	BOTANICAL_OR_ORGANISM_PREPARATION	Non-FDA / Dietary Supplement	Nutraceutical / Botanical
sus-scrofa-ligament	MARKETED_PRODUCT_INGREDIENT	Non-FDA / Dietary Supplement	Nutraceutical / Botanical
maslinic-acid	SUPPLEMENT_INGREDIENT	Non-FDA / Dietary Supplement	Nutraceutical / Botanical
symphyotrichum-oblongifolium-whole	BOTANICAL_OR_ORGANISM_PREPARATION	Non-FDA / Dietary Supplement	Nutraceutical / Botanical
tapioca-syrup	SUPPLEMENT_INGREDIENT	Non-FDA / Dietary Supplement	Nutraceutical / Botanical
testolactone	APPROVED_MEDICINE	FDA Approved	Small Molecule
ustekinumab-auub	APPROVED_BIOLOGIC	FDA Approved	Recombinant Protein / Biologic
ustekinumab-aauz	APPROVED_BIOLOGIC	FDA Approved	Recombinant Protein / Biologic
2c-b	CONTROLLED_NO_APPROVED_USE	Controlled / No Approved Use	Small Molecule
ustekinumab-hmny	APPROVED_BIOLOGIC	FDA Approved	Recombinant Protein / Biologic
7-keto-dehydroepiandrosterone	SUPPLEMENT_INGREDIENT	Non-FDA / Dietary Supplement	Nutraceutical / Botanical
alpha-polylactate	SUPPLEMENT_INGREDIENT	Non-FDA / Dietary Supplement	Nutraceutical / Botanical
alpha-terpineol	SUPPLEMENT_INGREDIENT	Non-FDA / Dietary Supplement	Nutraceutical / Botanical
ambrosia-confertiflora-whole	BOTANICAL_OR_ORGANISM_PREPARATION	Non-FDA / Dietary Supplement	Nutraceutical / Botanical
5-alpha-furost-20-en-12-one-3-beta-26-diol	SUPPLEMENT_INGREDIENT	Non-FDA / Dietary Supplement	Nutraceutical / Botanical
hypothalamus	SUPPLEMENT_INGREDIENT	Non-FDA / Dietary Supplement	Nutraceutical / Botanical
acer-pseudoplatanus-pollen	BOTANICAL_OR_ORGANISM_PREPARATION	Non-FDA / Dietary Supplement	Nutraceutical / Botanical
cistus	BOTANICAL_OR_ORGANISM_PREPARATION	Non-FDA / Dietary Supplement	Nutraceutical / Botanical
5-methoxytryptamine	SUPPLEMENT_INGREDIENT	Non-FDA / Dietary Supplement	Nutraceutical / Botanical
hetacillin	APPROVED_MEDICINE	FDA Approved	Small Molecule
aqua-regia	SUPPLEMENT_INGREDIENT	Non-FDA / Dietary Supplement	Nutraceutical / Botanical
chondrus-crispus	BOTANICAL_OR_ORGANISM_PREPARATION	Non-FDA / Dietary Supplement	Nutraceutical / Botanical
7-oxodehydroepiandrosterone-3-acetate	MARKETED_PRODUCT_INGREDIENT	Non-FDA / Dietary Supplement	Nutraceutical / Botanical
bambusa-bambos-leaf	BOTANICAL_OR_ORGANISM_PREPARATION	Non-FDA / Dietary Supplement	Nutraceutical / Botanical
milk-protein	SUPPLEMENT_INGREDIENT	Non-FDA / Dietary Supplement	Nutraceutical / Botanical
aluminum-zirconium-tetrachlorohydrex-gly	APPROVED_MEDICINE	FDA Approved	Small Molecule
ambrosia-tenuifolia-whole	BOTANICAL_OR_ORGANISM_PREPARATION	Non-FDA / Dietary Supplement	Nutraceutical / Botanical
aminobenzoic-acid	SUPPLEMENT_INGREDIENT	Non-FDA / Dietary Supplement	Nutraceutical / Botanical
alloxan	MARKETED_PRODUCT_INGREDIENT	Non-FDA / Dietary Supplement	Nutraceutical / Botanical
bermuda-grass	BOTANICAL_OR_ORGANISM_PREPARATION	Non-FDA / Dietary Supplement	Nutraceutical / Botanical
bos-taurus-somatic-nerve	SUPPLEMENT_INGREDIENT	Non-FDA / Dietary Supplement	Nutraceutical / Botanical
bugbane	SUPPLEMENT_INGREDIENT	Non-FDA / Dietary Supplement	Nutraceutical / Botanical
carpinus-caroliniana-whole	BOTANICAL_OR_ORGANISM_PREPARATION	Non-FDA / Dietary Supplement	Nutraceutical / Botanical
candicidin	APPROVED_MEDICINE	FDA Approved	Small Molecule
tamarind	BOTANICAL_OR_ORGANISM_PREPARATION	Non-FDA / Dietary Supplement	Nutraceutical / Botanical
bendroflumethiazide	APPROVED_MEDICINE	FDA Approved	Small Molecule
aluminum-fluoride	SUPPLEMENT_INGREDIENT	Non-FDA / Dietary Supplement	Nutraceutical / Botanical
american-hazelnut	BOTANICAL_OR_ORGANISM_PREPARATION	Non-FDA / Dietary Supplement	Nutraceutical / Botanical
citrobacter-freundii	BOTANICAL_OR_ORGANISM_PREPARATION	Non-FDA / Dietary Supplement	Nutraceutical / Botanical
ambenonium	APPROVED_MEDICINE	FDA Approved	Small Molecule
althaea-officinalis-root	BOTANICAL_OR_ORGANISM_PREPARATION	Non-FDA / Dietary Supplement	Nutraceutical / Botanical
corn-protein	SUPPLEMENT_INGREDIENT	Non-FDA / Dietary Supplement	Nutraceutical / Botanical
trichophyton-tonsurans	BOTANICAL_OR_ORGANISM_PREPARATION	Non-FDA / Dietary Supplement	Nutraceutical / Botanical
denosumab-qbde	APPROVED_BIOLOGIC	FDA Approved	Recombinant Protein / Biologic
daphne-mezereum-whole	BOTANICAL_OR_ORGANISM_PREPARATION	Non-FDA / Dietary Supplement	Nutraceutical / Botanical
ctenocephalides-felis	INVESTIGATIONAL_MEDICINE	Pre-clinical / Open Source	Nutraceutical / Botanical
benzquinamide	APPROVED_MEDICINE	FDA Approved	Small Molecule
delavirdine	APPROVED_MEDICINE	FDA Approved	Small Molecule
dissolved-oxygen	SUPPLEMENT_INGREDIENT	Non-FDA / Dietary Supplement	Nutraceutical / Botanical
benztropine	APPROVED_MEDICINE	FDA Approved	Small Molecule
bemotrizinol	MARKETED_PRODUCT_INGREDIENT	FDA Approved	Small Molecule
bentoquatam	APPROVED_MEDICINE	FDA Approved	Small Molecule
amaranth	BOTANICAL_OR_ORGANISM_PREPARATION	Non-FDA / Dietary Supplement	Nutraceutical / Botanical
ketone-salts	SUPPLEMENT_INGREDIENT	Non-FDA / Dietary Supplement	Nutraceutical / Botanical
benzthiazide	APPROVED_MEDICINE	FDA Approved	Small Molecule
epigaea-repens	BOTANICAL_OR_ORGANISM_PREPARATION	Non-FDA / Dietary Supplement	Nutraceutical / Botanical
eriobotrya-japonica-whole	BOTANICAL_OR_ORGANISM_PREPARATION	Non-FDA / Dietary Supplement	Nutraceutical / Botanical
jatropha-macrantha	BOTANICAL_OR_ORGANISM_PREPARATION	Non-FDA / Dietary Supplement	Nutraceutical / Botanical
berberis-vulgaris-root-bark	SUPPLEMENT_INGREDIENT	Non-FDA / Dietary Supplement	Nutraceutical / Botanical
amaranthus-tuberculatus-pollen	BOTANICAL_OR_ORGANISM_PREPARATION	Non-FDA / Dietary Supplement	Nutraceutical / Botanical
fagopyrum	BOTANICAL_OR_ORGANISM_PREPARATION	Non-FDA / Dietary Supplement	Nutraceutical / Botanical
beta-cyclodextrin	SUPPLEMENT_INGREDIENT	Non-FDA / Dietary Supplement	Nutraceutical / Botanical
ambrosia-psilostachya-pollen	BOTANICAL_OR_ORGANISM_PREPARATION	Non-FDA / Dietary Supplement	Nutraceutical / Botanical
ambrosia-artemisiifolia-whole	BOTANICAL_OR_ORGANISM_PREPARATION	Non-FDA / Dietary Supplement	Nutraceutical / Botanical
glyco-amino-isolate	SUPPLEMENT_INGREDIENT	Non-FDA / Dietary Supplement	Nutraceutical / Botanical
gallium-ga-68-edotreotide	APPROVED_BIOLOGIC	FDA Approved	Peptide / GLP-1 Agonist
calcium-beta-hydroxybutyrate	SUPPLEMENT_INGREDIENT	Non-FDA / Dietary Supplement	Nutraceutical / Botanical
beta-alanine	SUPPLEMENT_INGREDIENT	Non-FDA / Dietary Supplement	Nutraceutical / Botanical
insulin-aspart-fsan	APPROVED_BIOLOGIC	FDA Approved	Recombinant Protein / Biologic
human-papillomavirus-type-45-l1-capsid-protein-antigen	INVESTIGATIONAL_MEDICINE	Pre-clinical / Open Source	Recombinant Protein / Biologic
histoplasma-capsulatum	BOTANICAL_OR_ORGANISM_PREPARATION	Non-FDA / Dietary Supplement	Nutraceutical / Botanical
iodoxamate	APPROVED_MEDICINE	FDA Approved	Small Molecule
american-elder	SUPPLEMENT_INGREDIENT	Non-FDA / Dietary Supplement	Nutraceutical / Botanical
japanese-encephalitis-virus-strain-nakayama-nih-antigen	SUPPLEMENT_INGREDIENT	Non-FDA / Dietary Supplement	Nutraceutical / Botanical
mountain-cranberry	BOTANICAL_OR_ORGANISM_PREPARATION	Non-FDA / Dietary Supplement	Nutraceutical / Botanical
biperiden	APPROVED_MEDICINE	FDA Approved	Small Molecule
aminosalicylic-acid-resin-complex	APPROVED_MEDICINE	FDA Approved	Small Molecule
american-dogwood	SUPPLEMENT_INGREDIENT	Non-FDA / Dietary Supplement	Nutraceutical / Botanical
lygodium-japonicum-spore	SUPPLEMENT_INGREDIENT	Non-FDA / Dietary Supplement	Nutraceutical / Botanical
brassicasterol	SUPPLEMENT_INGREDIENT	Non-FDA / Dietary Supplement	Nutraceutical / Botanical
methylphenethylamine	SUPPLEMENT_INGREDIENT	Non-FDA / Dietary Supplement	Nutraceutical / Botanical
picrorhiza-kurroa-whole	SUPPLEMENT_INGREDIENT	Non-FDA / Dietary Supplement	Nutraceutical / Botanical
aminoglycine	SUPPLEMENT_INGREDIENT	Non-FDA / Dietary Supplement	Nutraceutical / Botanical
anas-platyrhynchos-feather	SUPPLEMENT_INGREDIENT	Non-FDA / Dietary Supplement	Nutraceutical / Botanical
angelica-seed	MARKETED_PRODUCT_INGREDIENT	FDA Approved	Small Molecule
butyl-methoxydibenzoylmethane	MARKETED_PRODUCT_INGREDIENT	FDA Approved	Small Molecule
natural-latex-rubber	SUPPLEMENT_INGREDIENT	Non-FDA / Dietary Supplement	Nutraceutical / Botanical
ulmus-rubra-bark	BOTANICAL_OR_ORGANISM_PREPARATION	Non-FDA / Dietary Supplement	Nutraceutical / Botanical
neurotrophin-3	MARKETED_PRODUCT_INGREDIENT	Non-FDA / Dietary Supplement	Nutraceutical / Botanical
hexacosanol	SUPPLEMENT_INGREDIENT	Non-FDA / Dietary Supplement	Nutraceutical / Botanical
norfloxacin	APPROVED_MEDICINE	FDA Approved	Small Molecule
passiflora-edulis-flower	BOTANICAL_OR_ORGANISM_PREPARATION	Non-FDA / Dietary Supplement	Nutraceutical / Botanical
imperata-cylindrica-root	BOTANICAL_OR_ORGANISM_PREPARATION	Non-FDA / Dietary Supplement	Nutraceutical / Botanical
paracoccus-denitrificans	BOTANICAL_OR_ORGANISM_PREPARATION	Non-FDA / Dietary Supplement	Nutraceutical / Botanical
diroximel	APPROVED_MEDICINE	FDA Approved	Small Molecule
paritaprevir	APPROVED_MEDICINE	FDA Approved	Small Molecule
vespula-squamosa-venom-protein	INVESTIGATIONAL_MEDICINE	Pre-clinical / Open Source	Nutraceutical / Botanical
amino-acid	SUPPLEMENT_INGREDIENT	Non-FDA / Dietary Supplement	Nutraceutical / Botanical
ampelopsin	SUPPLEMENT_INGREDIENT	Non-FDA / Dietary Supplement	Nutraceutical / Botanical
pentamidine-diisethionate	INVESTIGATIONAL_MEDICINE	Pre-clinical / Open Source	Small Molecule
calcium-gluceptate	APPROVED_MEDICINE	FDA Approved	Small Molecule
citrus-junos	BOTANICAL_OR_ORGANISM_PREPARATION	Non-FDA / Dietary Supplement	Nutraceutical / Botanical
musa-x-paradisiaca-flower	BOTANICAL_OR_ORGANISM_PREPARATION	Non-FDA / Dietary Supplement	Nutraceutical / Botanical
carvone	SUPPLEMENT_INGREDIENT	Non-FDA / Dietary Supplement	Nutraceutical / Botanical
citrus-sinensis	BOTANICAL_OR_ORGANISM_PREPARATION	Non-FDA / Dietary Supplement	Nutraceutical / Botanical
plantago-lanceolata-whole	BOTANICAL_OR_ORGANISM_PREPARATION	Non-FDA / Dietary Supplement	Nutraceutical / Botanical
photobacterium-lipolyticum	BOTANICAL_OR_ORGANISM_PREPARATION	Non-FDA / Dietary Supplement	Nutraceutical / Botanical
calcium-hydroxymethylbutyrate	SUPPLEMENT_INGREDIENT	Non-FDA / Dietary Supplement	Nutraceutical / Botanical
aminopeptidase	SUPPLEMENT_INGREDIENT	Non-FDA / Dietary Supplement	Recombinant Protein / Biologic
portulaca-oleracea-leaf	BOTANICAL_OR_ORGANISM_PREPARATION	Non-FDA / Dietary Supplement	Nutraceutical / Botanical
prunus-serotina-bark	BOTANICAL_OR_ORGANISM_PREPARATION	Non-FDA / Dietary Supplement	Nutraceutical / Botanical
pulsatilla-alpina-whole	BOTANICAL_OR_ORGANISM_PREPARATION	Non-FDA / Dietary Supplement	Nutraceutical / Botanical
pyrophosphate	SUPPLEMENT_INGREDIENT	Non-FDA / Dietary Supplement	Nutraceutical / Botanical
prednisolone-tebutate	APPROVED_MEDICINE	FDA Approved	Small Molecule
prevotella-intermedia	BOTANICAL_OR_ORGANISM_PREPARATION	Non-FDA / Dietary Supplement	Nutraceutical / Botanical
sinapis-arvensis	BOTANICAL_OR_ORGANISM_PREPARATION	Non-FDA / Dietary Supplement	Nutraceutical / Botanical
ammonium-bromide	SUPPLEMENT_INGREDIENT	Non-FDA / Dietary Supplement	Nutraceutical / Botanical
mus-musculus-skin	BOTANICAL_OR_ORGANISM_PREPARATION	Non-FDA / Dietary Supplement	Nutraceutical / Botanical
dobutamine	APPROVED_MEDICINE	FDA Approved	Small Molecule
cesium-chloride	SUPPLEMENT_INGREDIENT	Non-FDA / Dietary Supplement	Nutraceutical / Botanical
ammonium-cation	SUPPLEMENT_INGREDIENT	Non-FDA / Dietary Supplement	Nutraceutical / Botanical
clerodendranthus-spicatus-leaf	BOTANICAL_OR_ORGANISM_PREPARATION	Non-FDA / Dietary Supplement	Nutraceutical / Botanical
berdazimer	APPROVED_MEDICINE	FDA Approved	Small Molecule
chromium-dinicotinate-glycinate	SUPPLEMENT_INGREDIENT	Non-FDA / Dietary Supplement	Nutraceutical / Botanical
berahyaluronidase-alfa-pmph	APPROVED_BIOLOGIC	FDA Approved	Recombinant Protein / Biologic
hexafluorenium	APPROVED_MEDICINE	FDA Approved	Small Molecule
mycobacterium-bovis-bcg	BOTANICAL_OR_ORGANISM_PREPARATION	Non-FDA / Dietary Supplement	Nutraceutical / Botanical
chromic-sulfate	SUPPLEMENT_INGREDIENT	Non-FDA / Dietary Supplement	Nutraceutical / Botanical
ammonium-benzoate	SUPPLEMENT_INGREDIENT	Non-FDA / Dietary Supplement	Nutraceutical / Botanical
anacardium-occidentale-bark	BOTANICAL_OR_ORGANISM_PREPARATION	Non-FDA / Dietary Supplement	Nutraceutical / Botanical
berberis-aquifolium-root-bark	SUPPLEMENT_INGREDIENT	Non-FDA / Dietary Supplement	Nutraceutical / Botanical
tallow	APPROVED_MEDICINE	FDA Approved	Small Molecule
tezepelumab	INVESTIGATIONAL_MEDICINE	Pre-clinical / Open Source	Monoclonal Antibody (mAb)
catechu	SUPPLEMENT_INGREDIENT	Non-FDA / Dietary Supplement	Nutraceutical / Botanical
amomum-subulatum	BOTANICAL_OR_ORGANISM_PREPARATION	Non-FDA / Dietary Supplement	Nutraceutical / Botanical
troleandomycin	APPROVED_MEDICINE	FDA Approved	Small Molecule
ampelopsis	BOTANICAL_OR_ORGANISM_PREPARATION	Non-FDA / Dietary Supplement	Nutraceutical / Botanical
clematis	BOTANICAL_OR_ORGANISM_PREPARATION	Non-FDA / Dietary Supplement	Nutraceutical / Botanical
monterey-pine	BOTANICAL_OR_ORGANISM_PREPARATION	Non-FDA / Dietary Supplement	Nutraceutical / Botanical
beta-vulgaris-root-fructooligosaccharides	OFF_LABEL_OR_COMPOUNDED	Off-Label / Compounded	Nutraceutical / Botanical
amphiachyris-dracunculoides-pollen	BOTANICAL_OR_ORGANISM_PREPARATION	Non-FDA / Dietary Supplement	Nutraceutical / Botanical
yellow-fever-virus-strain-17d-204-live-antigen	MARKETED_PRODUCT_INGREDIENT	Non-FDA / Dietary Supplement	Nutraceutical / Botanical
pteris-ensiformis-whole	BOTANICAL_OR_ORGANISM_PREPARATION	Non-FDA / Dietary Supplement	Nutraceutical / Botanical
abametapir	APPROVED_MEDICINE	FDA Approved	Small Molecule
anamirta-cocculus-fruit	BOTANICAL_OR_ORGANISM_PREPARATION	Non-FDA / Dietary Supplement	Nutraceutical / Botanical
raphanus-sativus-var-sativus-seed	BOTANICAL_OR_ORGANISM_PREPARATION	Non-FDA / Dietary Supplement	Nutraceutical / Botanical
zeltnera-venusta-whole-flowering	MARKETED_PRODUCT_INGREDIENT	Non-FDA / Dietary Supplement	Nutraceutical / Botanical
anamirta-cocculus-whole	BOTANICAL_OR_ORGANISM_PREPARATION	Non-FDA / Dietary Supplement	Nutraceutical / Botanical
angelica	BOTANICAL_OR_ORGANISM_PREPARATION	Non-FDA / Dietary Supplement	Nutraceutical / Botanical
achyranthes-japonica-root	BOTANICAL_OR_ORGANISM_PREPARATION	Non-FDA / Dietary Supplement	Nutraceutical / Botanical
aconitum-lycoctonum	BOTANICAL_OR_ORGANISM_PREPARATION	Non-FDA / Dietary Supplement	Nutraceutical / Botanical
cnidium-monnieri-whole	MARKETED_PRODUCT_INGREDIENT	FDA Approved	Nutraceutical / Botanical
cerous-oxalate-nonahydrate	SUPPLEMENT_INGREDIENT	Non-FDA / Dietary Supplement	Nutraceutical / Botanical
chlorphentermine	APPROVED_MEDICINE	FDA Approved	Small Molecule
alopecurus-pratensis	BOTANICAL_OR_ORGANISM_PREPARATION	Non-FDA / Dietary Supplement	Nutraceutical / Botanical
altretamine	APPROVED_MEDICINE	FDA Approved	Small Molecule
cobaltous-bromide	SUPPLEMENT_INGREDIENT	Non-FDA / Dietary Supplement	Nutraceutical / Botanical
andarine	SUPPLEMENT_INGREDIENT	Non-FDA / Dietary Supplement	Nutraceutical / Botanical
nori	SUPPLEMENT_INGREDIENT	Non-FDA / Dietary Supplement	Nutraceutical / Botanical
anemarrhena	BOTANICAL_OR_ORGANISM_PREPARATION	Non-FDA / Dietary Supplement	Nutraceutical / Botanical
angelica-dahurica-root	MARKETED_PRODUCT_INGREDIENT	FDA Approved	Nutraceutical / Botanical
cochliobolus-sativus	BOTANICAL_OR_ORGANISM_PREPARATION	Non-FDA / Dietary Supplement	Nutraceutical / Botanical
nuphar-lutea-leaf	BOTANICAL_OR_ORGANISM_PREPARATION	Non-FDA / Dietary Supplement	Nutraceutical / Botanical
chlorpheniramine-polistirex	APPROVED_MEDICINE	FDA Approved	Small Molecule
angelica-acutiloba-root	BOTANICAL_OR_ORGANISM_PREPARATION	Non-FDA / Dietary Supplement	Nutraceutical / Botanical
citronella	SUPPLEMENT_INGREDIENT	Non-FDA / Dietary Supplement	Nutraceutical / Botanical
angelica-atropurpurea-root	BOTANICAL_OR_ORGANISM_PREPARATION	Non-FDA / Dietary Supplement	Nutraceutical / Botanical
pimpinella-saxifraga-root	BOTANICAL_OR_ORGANISM_PREPARATION	Non-FDA / Dietary Supplement	Nutraceutical / Botanical
cinnamaldehyde	SUPPLEMENT_INGREDIENT	Non-FDA / Dietary Supplement	Nutraceutical / Botanical
coumaric-acid	SUPPLEMENT_INGREDIENT	Non-FDA / Dietary Supplement	Nutraceutical / Botanical
dolutegravir-lamivudine-tenofovir-alafenamide	APPROVED_MEDICINE	FDA Approved	Small Molecule
ci-77891	MARKETED_PRODUCT_INGREDIENT	FDA Approved	Small Molecule
cobaltous-gluconate	SUPPLEMENT_INGREDIENT	Non-FDA / Dietary Supplement	Nutraceutical / Botanical
chlamydophila-psittaci	BOTANICAL_OR_ORGANISM_PREPARATION	Non-FDA / Dietary Supplement	Nutraceutical / Botanical
cinoxacin	APPROVED_MEDICINE	FDA Approved	Small Molecule
codeine-polistirex	APPROVED_MEDICINE	FDA Approved	Small Molecule
creatine-orotate	SUPPLEMENT_INGREDIENT	Non-FDA / Dietary Supplement	Nutraceutical / Botanical
crangon-shrimp	SUPPLEMENT_INGREDIENT	Non-FDA / Dietary Supplement	Nutraceutical / Botanical
cryptenamine	APPROVED_MEDICINE	FDA Approved	Small Molecule
cyanidin	SUPPLEMENT_INGREDIENT	Non-FDA / Dietary Supplement	Nutraceutical / Botanical
angelica-archangelica-whole	BOTANICAL_OR_ORGANISM_PREPARATION	Non-FDA / Dietary Supplement	Nutraceutical / Botanical
codonopsis	BOTANICAL_OR_ORGANISM_PREPARATION	Non-FDA / Dietary Supplement	Nutraceutical / Botanical
17b-hydroxy-2a-17b-dimethyl-5a-androstan-3-one-azine	SUPPLEMENT_INGREDIENT	Non-FDA / Dietary Supplement	Nutraceutical / Botanical
cobaltous-sulfate	SUPPLEMENT_INGREDIENT	Non-FDA / Dietary Supplement	Nutraceutical / Botanical
angelica-archangelica-root	BOTANICAL_OR_ORGANISM_PREPARATION	Non-FDA / Dietary Supplement	Nutraceutical / Botanical
dioscorea-cayenensis-tuber	BOTANICAL_OR_ORGANISM_PREPARATION	Non-FDA / Dietary Supplement	Nutraceutical / Botanical
coconut-water	SUPPLEMENT_INGREDIENT	Non-FDA / Dietary Supplement	Nutraceutical / Botanical
flotufolastat-f-18-gallium	APPROVED_MEDICINE	FDA Approved	Small Molecule
angelica-gigas-root	BOTANICAL_OR_ORGANISM_PREPARATION	Non-FDA / Dietary Supplement	Nutraceutical / Botanical
dysphania-botrys-pollen	BOTANICAL_OR_ORGANISM_PREPARATION	Non-FDA / Dietary Supplement	Nutraceutical / Botanical
hedeoma-pulegioides-whole	BOTANICAL_OR_ORGANISM_PREPARATION	Non-FDA / Dietary Supplement	Nutraceutical / Botanical
gardnerella-vaginalis	BOTANICAL_OR_ORGANISM_PREPARATION	Non-FDA / Dietary Supplement	Nutraceutical / Botanical
gemtuzumab-ozogamicin	APPROVED_BIOLOGIC	FDA Approved	Recombinant Protein / Biologic
chaste-tree-fruit-oil	SUPPLEMENT_INGREDIENT	Non-FDA / Dietary Supplement	Nutraceutical / Botanical
cyclamic-acid	SUPPLEMENT_INGREDIENT	Non-FDA / Dietary Supplement	Nutraceutical / Botanical
dihydrocapsaicin	SUPPLEMENT_INGREDIENT	Non-FDA / Dietary Supplement	Nutraceutical / Botanical
3b-hydroxy-androstana-3b-ol-17-one	SUPPLEMENT_INGREDIENT	Non-FDA / Dietary Supplement	Nutraceutical / Botanical
human-chorionic-gonadotropin	SUPPLEMENT_INGREDIENT	Non-FDA / Dietary Supplement	Nutraceutical / Botanical
creatine-alpha-ketoglutarate	SUPPLEMENT_INGREDIENT	Non-FDA / Dietary Supplement	Nutraceutical / Botanical
hydroxystilbamidine	APPROVED_MEDICINE	FDA Approved	Small Molecule
olea-europaea-fruit-volatile-oil	SUPPLEMENT_INGREDIENT	Non-FDA / Dietary Supplement	Nutraceutical / Botanical
juniper-berry-oil	SUPPLEMENT_INGREDIENT	Non-FDA / Dietary Supplement	Nutraceutical / Botanical
kalanchoe-pinnata-leaf	BOTANICAL_OR_ORGANISM_PREPARATION	Non-FDA / Dietary Supplement	Nutraceutical / Botanical
cuprous-iodide	SUPPLEMENT_INGREDIENT	Non-FDA / Dietary Supplement	Nutraceutical / Botanical
cyclizine	APPROVED_MEDICINE	FDA Approved	Small Molecule
cairina-moschata-heart-liver-autolysate	BOTANICAL_OR_ORGANISM_PREPARATION	Non-FDA / Dietary Supplement	Nutraceutical / Botanical
angelica-sinensis-root	APPROVED_MEDICINE	FDA Approved	Nutraceutical / Botanical
melia-azedarach-whole	BOTANICAL_OR_ORGANISM_PREPARATION	Non-FDA / Dietary Supplement	Nutraceutical / Botanical
lobelia-erinus	BOTANICAL_OR_ORGANISM_PREPARATION	Non-FDA / Dietary Supplement	Nutraceutical / Botanical
angiotensin-i	SUPPLEMENT_INGREDIENT	Non-FDA / Dietary Supplement	Nutraceutical / Botanical
anserine	SUPPLEMENT_INGREDIENT	Non-FDA / Dietary Supplement	Nutraceutical / Botanical
cajuput-oil	SUPPLEMENT_INGREDIENT	Non-FDA / Dietary Supplement	Nutraceutical / Botanical
mangifera-indica-bark	BOTANICAL_OR_ORGANISM_PREPARATION	Non-FDA / Dietary Supplement	Nutraceutical / Botanical
diphenyltrichloroethane	MARKETED_PRODUCT_INGREDIENT	Non-FDA / Dietary Supplement	Nutraceutical / Botanical
angostura-bark	BOTANICAL_OR_ORGANISM_PREPARATION	Non-FDA / Dietary Supplement	Nutraceutical / Botanical
desoxycorticosterone-pivalate	APPROVED_MEDICINE	FDA Approved	Small Molecule
anthocyanidins	SUPPLEMENT_INGREDIENT	Non-FDA / Dietary Supplement	Nutraceutical / Botanical
moraxella-catarrhalis-subsp-catarrhalis	SUPPLEMENT_INGREDIENT	Non-FDA / Dietary Supplement	Nutraceutical / Botanical
oolong-tea	SUPPLEMENT_INGREDIENT	Non-FDA / Dietary Supplement	Nutraceutical / Botanical
diallyl-sulfide	SUPPLEMENT_INGREDIENT	Non-FDA / Dietary Supplement	Nutraceutical / Botanical
anthocyanins	SUPPLEMENT_INGREDIENT	Non-FDA / Dietary Supplement	Nutraceutical / Botanical
diazolidinyl-urea	MARKETED_PRODUCT_INGREDIENT	FDA Approved	Small Molecule
dimercaprol	APPROVED_MEDICINE	FDA Approved	Small Molecule
anthocyanin	SUPPLEMENT_INGREDIENT	Non-FDA / Dietary Supplement	Nutraceutical / Botanical
ovis-aries-whole	BOTANICAL_OR_ORGANISM_PREPARATION	Non-FDA / Dietary Supplement	Nutraceutical / Botanical
panicum-miliaceum-whole	BOTANICAL_OR_ORGANISM_PREPARATION	Non-FDA / Dietary Supplement	Nutraceutical / Botanical
coleus-barbatus-root	BOTANICAL_OR_ORGANISM_PREPARATION	Non-FDA / Dietary Supplement	Nutraceutical / Botanical
pegzilarginase-nbln	APPROVED_BIOLOGIC	FDA Approved	Recombinant Protein / Biologic
anthocyanosides	SUPPLEMENT_INGREDIENT	Non-FDA / Dietary Supplement	Nutraceutical / Botanical
morella-cerifera-pollen	BOTANICAL_OR_ORGANISM_PREPARATION	Non-FDA / Dietary Supplement	Nutraceutical / Botanical
pinellia	BOTANICAL_OR_ORGANISM_PREPARATION	Non-FDA / Dietary Supplement	Nutraceutical / Botanical
cats-claw	SUPPLEMENT_INGREDIENT	Non-FDA / Dietary Supplement	Nutraceutical / Botanical
pemirolast	APPROVED_MEDICINE	FDA Approved	Small Molecule
pentetate-calcium-trisodium-yb-169	APPROVED_MEDICINE	FDA Approved	Small Molecule
nadide	MARKETED_PRODUCT_INGREDIENT	Non-FDA / Dietary Supplement	Nutraceutical / Botanical
antimony-pentasulfide	SUPPLEMENT_INGREDIENT	Non-FDA / Dietary Supplement	Nutraceutical / Botanical
arctium-lappa-root-oil	SUPPLEMENT_INGREDIENT	Non-FDA / Dietary Supplement	Nutraceutical / Botanical
indian-gooseberry	BOTANICAL_OR_ORGANISM_PREPARATION	Non-FDA / Dietary Supplement	Nutraceutical / Botanical
plectranthus-barbatus-root-oil	SUPPLEMENT_INGREDIENT	Non-FDA / Dietary Supplement	Nutraceutical / Botanical
antimony-arsenate	SUPPLEMENT_INGREDIENT	Non-FDA / Dietary Supplement	Nutraceutical / Botanical
antioxidant	SUPPLEMENT_INGREDIENT	Non-FDA / Dietary Supplement	Nutraceutical / Botanical
populus-balsamifera-pollen	BOTANICAL_OR_ORGANISM_PREPARATION	Non-FDA / Dietary Supplement	Nutraceutical / Botanical
populus-nigra-whole	BOTANICAL_OR_ORGANISM_PREPARATION	Non-FDA / Dietary Supplement	Nutraceutical / Botanical
leucic-acid	SUPPLEMENT_INGREDIENT	Non-FDA / Dietary Supplement	Nutraceutical / Botanical
antimony-tartrate-ion	SUPPLEMENT_INGREDIENT	Non-FDA / Dietary Supplement	Nutraceutical / Botanical
collard	SUPPLEMENT_INGREDIENT	Non-FDA / Dietary Supplement	Nutraceutical / Botanical
propionibacterium-acnes	BOTANICAL_OR_ORGANISM_PREPARATION	Non-FDA / Dietary Supplement	Nutraceutical / Botanical
n-benzoyl-l-phenylalanine-methyl-ester	SUPPLEMENT_INGREDIENT	Non-FDA / Dietary Supplement	Nutraceutical / Botanical
antler	SUPPLEMENT_INGREDIENT	Non-FDA / Dietary Supplement	Nutraceutical / Botanical
apple-fiber	SUPPLEMENT_INGREDIENT	Non-FDA / Dietary Supplement	Nutraceutical / Botanical
quercus-spp-whole	MARKETED_PRODUCT_INGREDIENT	Non-FDA / Dietary Supplement	Nutraceutical / Botanical
ginger	APPROVED_MEDICINE	FDA Approved	Nutraceutical / Botanical
renin	MARKETED_PRODUCT_INGREDIENT	Non-FDA / Dietary Supplement	Nutraceutical / Botanical
d-pinitol	SUPPLEMENT_INGREDIENT	Non-FDA / Dietary Supplement	Nutraceutical / Botanical
influenza-a-virus-a-thailand-8-2022-ivr-237-antigen	SUPPLEMENT_INGREDIENT	Non-FDA / Dietary Supplement	Nutraceutical / Botanical
apoaequorin	SUPPLEMENT_INGREDIENT	Non-FDA / Dietary Supplement	Nutraceutical / Botanical
pine	SUPPLEMENT_INGREDIENT	Non-FDA / Dietary Supplement	Nutraceutical / Botanical
rhododendron-ferrugineum-leaf	BOTANICAL_OR_ORGANISM_PREPARATION	Non-FDA / Dietary Supplement	Nutraceutical / Botanical
lesinurad	APPROVED_MEDICINE	FDA Approved	Small Molecule
cedrus-libani-whole	BOTANICAL_OR_ORGANISM_PREPARATION	Non-FDA / Dietary Supplement	Nutraceutical / Botanical
equol	SUPPLEMENT_INGREDIENT	Non-FDA / Dietary Supplement	Nutraceutical / Botanical
apigenin	SUPPLEMENT_INGREDIENT	Non-FDA / Dietary Supplement	Nutraceutical / Botanical
apocarotenal	SUPPLEMENT_INGREDIENT	Non-FDA / Dietary Supplement	Nutraceutical / Botanical
styphnolobium-japonicum-flower-bud	MARKETED_PRODUCT_INGREDIENT	Non-FDA / Dietary Supplement	Nutraceutical / Botanical
sus-scrofa-temporal-lobe	MARKETED_PRODUCT_INGREDIENT	Non-FDA / Dietary Supplement	Nutraceutical / Botanical
sus-scrofa-bronchus	MARKETED_PRODUCT_INGREDIENT	Non-FDA / Dietary Supplement	Nutraceutical / Botanical
neotame	SUPPLEMENT_INGREDIENT	Non-FDA / Dietary Supplement	Nutraceutical / Botanical
apocynum-venetum	BOTANICAL_OR_ORGANISM_PREPARATION	Non-FDA / Dietary Supplement	Nutraceutical / Botanical
terminalia-arjuna-whole	BOTANICAL_OR_ORGANISM_PREPARATION	Non-FDA / Dietary Supplement	Nutraceutical / Botanical
sus-scrofa-tooth	MARKETED_PRODUCT_INGREDIENT	Non-FDA / Dietary Supplement	Nutraceutical / Botanical
ether	SUPPLEMENT_INGREDIENT	Non-FDA / Dietary Supplement	Nutraceutical / Botanical
nickel-carbonate-hydroxide	SUPPLEMENT_INGREDIENT	Non-FDA / Dietary Supplement	Nutraceutical / Botanical
colostrum-peptides	SUPPLEMENT_INGREDIENT	Non-FDA / Dietary Supplement	Nutraceutical / Botanical
erythrodiol	SUPPLEMENT_INGREDIENT	Non-FDA / Dietary Supplement	Nutraceutical / Botanical
tyropanoate	APPROVED_MEDICINE	FDA Approved	Small Molecule
combretum-indicum-whole	BOTANICAL_OR_ORGANISM_PREPARATION	Non-FDA / Dietary Supplement	Nutraceutical / Botanical
ovis-aries-skin	BOTANICAL_OR_ORGANISM_PREPARATION	Non-FDA / Dietary Supplement	Nutraceutical / Botanical
aquilegia-vulgaris	BOTANICAL_OR_ORGANISM_PREPARATION	Non-FDA / Dietary Supplement	Nutraceutical / Botanical
parathyroid-hormone	APPROVED_BIOLOGIC	FDA Approved	Recombinant Protein / Biologic
arctium-lappa-whole	BOTANICAL_OR_ORGANISM_PREPARATION	Non-FDA / Dietary Supplement	Nutraceutical / Botanical
piper-retrofractum	BOTANICAL_OR_ORGANISM_PREPARATION	Non-FDA / Dietary Supplement	Nutraceutical / Botanical
flumethasone-pivalate	APPROVED_MEDICINE	FDA Approved	Small Molecule
arbutin	SUPPLEMENT_INGREDIENT	Non-FDA / Dietary Supplement	Nutraceutical / Botanical
cumin	BOTANICAL_OR_ORGANISM_PREPARATION	Non-FDA / Dietary Supplement	Nutraceutical / Botanical
vespula-vulgaris-whole	BOTANICAL_OR_ORGANISM_PREPARATION	Non-FDA / Dietary Supplement	Nutraceutical / Botanical
ethylhexyl-triazone	MARKETED_PRODUCT_INGREDIENT	FDA Approved	Small Molecule
glycolic-acid	MARKETED_PRODUCT_INGREDIENT	FDA Approved	Nutraceutical / Botanical
isoquercitrin	SUPPLEMENT_INGREDIENT	Non-FDA / Dietary Supplement	Nutraceutical / Botanical
laxosterone	SUPPLEMENT_INGREDIENT	Non-FDA / Dietary Supplement	Nutraceutical / Botanical
metharbital	APPROVED_MEDICINE	FDA Approved	Small Molecule
pacific-oyster	BOTANICAL_OR_ORGANISM_PREPARATION	Non-FDA / Dietary Supplement	Nutraceutical / Botanical
lime	BOTANICAL_OR_ORGANISM_PREPARATION	Non-FDA / Dietary Supplement	Nutraceutical / Botanical
ardisia-gigantifolia	BOTANICAL_OR_ORGANISM_PREPARATION	Non-FDA / Dietary Supplement	Nutraceutical / Botanical
mate	BOTANICAL_OR_ORGANISM_PREPARATION	Non-FDA / Dietary Supplement	Nutraceutical / Botanical
argan-tree	SUPPLEMENT_INGREDIENT	Non-FDA / Dietary Supplement	Nutraceutical / Botanical
mephentermine	APPROVED_MEDICINE	FDA Approved	Small Molecule
methylselenocysteine	SUPPLEMENT_INGREDIENT	Non-FDA / Dietary Supplement	Nutraceutical / Botanical
temsirolimus	APPROVED_MEDICINE	FDA Approved	Small Molecule
horsemint	BOTANICAL_OR_ORGANISM_PREPARATION	Non-FDA / Dietary Supplement	Nutraceutical / Botanical
methylclostebol	SUPPLEMENT_INGREDIENT	Non-FDA / Dietary Supplement	Nutraceutical / Botanical
mivacurium	APPROVED_MEDICINE	FDA Approved	Small Molecule
methoxychlor	MARKETED_PRODUCT_INGREDIENT	Non-FDA / Dietary Supplement	Nutraceutical / Botanical
mezlocillin	APPROVED_MEDICINE	FDA Approved	Small Molecule
neoeriocitrin	SUPPLEMENT_INGREDIENT	Non-FDA / Dietary Supplement	Nutraceutical / Botanical
nalidixic-acid	APPROVED_MEDICINE	FDA Approved	Small Molecule
nesiritide	APPROVED_BIOLOGIC	FDA Approved	Peptide / GLP-1 Agonist
pemetrexed-ditromethamine	APPROVED_MEDICINE	FDA Approved	Small Molecule
cefotaxime	APPROVED_MEDICINE	FDA Approved	Small Molecule
omega-3-epa-dha	SUPPLEMENT_INGREDIENT	Non-FDA / Dietary Supplement	Nutraceutical / Botanical
pentamethyl-cyclopentasiloxane	SUPPLEMENT_INGREDIENT	Non-FDA / Dietary Supplement	Nutraceutical / Botanical
docosahexaenoic-acid	SUPPLEMENT_INGREDIENT	Non-FDA / Dietary Supplement	Nutraceutical / Botanical
arginine-carglumate	SUPPLEMENT_INGREDIENT	Non-FDA / Dietary Supplement	Nutraceutical / Botanical
tisotumab-vedotin-tftv	APPROVED_BIOLOGIC	FDA Approved	Recombinant Protein / Biologic
pentoxyverine	MARKETED_PRODUCT_INGREDIENT	FDA Approved	Small Molecule
horse-gram	BOTANICAL_OR_ORGANISM_PREPARATION	Non-FDA / Dietary Supplement	Nutraceutical / Botanical
peony	SUPPLEMENT_INGREDIENT	Non-FDA / Dietary Supplement	Nutraceutical / Botanical
procaine-merethoxylline	APPROVED_MEDICINE	FDA Approved	Small Molecule
tynanthus-panurensis	BOTANICAL_OR_ORGANISM_PREPARATION	Non-FDA / Dietary Supplement	Nutraceutical / Botanical
phthalide	SUPPLEMENT_INGREDIENT	Non-FDA / Dietary Supplement	Nutraceutical / Botanical
pterostilbene	SUPPLEMENT_INGREDIENT	Non-FDA / Dietary Supplement	Nutraceutical / Botanical
potassium-aspartate	SUPPLEMENT_INGREDIENT	Non-FDA / Dietary Supplement	Nutraceutical / Botanical
propoxyphene	WITHDRAWN_MEDICINE	Withdrawn from Market	Small Molecule
arginine-l-malate	SUPPLEMENT_INGREDIENT	Non-FDA / Dietary Supplement	Nutraceutical / Botanical
propham	MARKETED_PRODUCT_INGREDIENT	Non-FDA / Dietary Supplement	Nutraceutical / Botanical
streptococcus-pneumoniae-type-7f-capsular-polysaccharide-diphtheria-crm197-protein-conjugate	INVESTIGATIONAL_MEDICINE	Pre-clinical / Open Source	Recombinant Protein / Biologic
ferumoxytol	APPROVED_MEDICINE	FDA Approved	Small Molecule
propionic-acid	SUPPLEMENT_INGREDIENT	Non-FDA / Dietary Supplement	Nutraceutical / Botanical
rubidium-fluoride	MARKETED_PRODUCT_INGREDIENT	Non-FDA / Dietary Supplement	Nutraceutical / Botanical
silicon-tetrachloride	MARKETED_PRODUCT_INGREDIENT	Non-FDA / Dietary Supplement	Nutraceutical / Botanical
houttuynia	BOTANICAL_OR_ORGANISM_PREPARATION	Non-FDA / Dietary Supplement	Nutraceutical / Botanical
scandium-nitrate	MARKETED_PRODUCT_INGREDIENT	Non-FDA / Dietary Supplement	Nutraceutical / Botanical
sarcosine	SUPPLEMENT_INGREDIENT	Non-FDA / Dietary Supplement	Nutraceutical / Botanical
passiflora-incarnata-flower	BOTANICAL_OR_ORGANISM_PREPARATION	Non-FDA / Dietary Supplement	Nutraceutical / Botanical
selank	MARKETED_PRODUCT_INGREDIENT	Non-FDA / Dietary Supplement	Peptide / GLP-1 Agonist
silymarin	SUPPLEMENT_INGREDIENT	Non-FDA / Dietary Supplement	Nutraceutical / Botanical
sodium-phosphate-monobasic-unspecified-form	MARKETED_PRODUCT_INGREDIENT	FDA Approved	Small Molecule
pectinase	SUPPLEMENT_INGREDIENT	Non-FDA / Dietary Supplement	Recombinant Protein / Biologic
stearidonic-acid	SUPPLEMENT_INGREDIENT	Non-FDA / Dietary Supplement	Nutraceutical / Botanical
sulfapyridine	APPROVED_MEDICINE	FDA Approved	Small Molecule
arginine-orotate	SUPPLEMENT_INGREDIENT	Non-FDA / Dietary Supplement	Nutraceutical / Botanical
arisaema-dracontium-root	BOTANICAL_OR_ORGANISM_PREPARATION	Non-FDA / Dietary Supplement	Nutraceutical / Botanical
pecan	BOTANICAL_OR_ORGANISM_PREPARATION	Non-FDA / Dietary Supplement	Nutraceutical / Botanical
tabtoxin	MARKETED_PRODUCT_INGREDIENT	Non-FDA / Dietary Supplement	Nutraceutical / Botanical
sulfisoxazole	APPROVED_MEDICINE	FDA Approved	Small Molecule
chionanthus-virginicus-bark	BOTANICAL_OR_ORGANISM_PREPARATION	Non-FDA / Dietary Supplement	Nutraceutical / Botanical
tocainide	APPROVED_MEDICINE	FDA Approved	Small Molecule
tribulus	SUPPLEMENT_INGREDIENT	Non-FDA / Dietary Supplement	Nutraceutical / Botanical
influenza-b-virus-b-washington-02-2019-antigen	SUPPLEMENT_INGREDIENT	Non-FDA / Dietary Supplement	Nutraceutical / Botanical
pegulicianine	APPROVED_MEDICINE	FDA Approved	Small Molecule
tetrahydrocannabivarin	SUPPLEMENT_INGREDIENT	Non-FDA / Dietary Supplement	Nutraceutical / Botanical
tropolone	MARKETED_PRODUCT_INGREDIENT	FDA Approved	Small Molecule
uranium	SUPPLEMENT_INGREDIENT	Non-FDA / Dietary Supplement	Nutraceutical / Botanical
zirconium	SUPPLEMENT_INGREDIENT	Non-FDA / Dietary Supplement	Nutraceutical / Botanical
acetyl-hexapeptide-8-amide	MARKETED_PRODUCT_INGREDIENT	FDA Approved	Small Molecule
achyranthes-bidentata	BOTANICAL_OR_ORGANISM_PREPARATION	Non-FDA / Dietary Supplement	Nutraceutical / Botanical
plantain	BOTANICAL_OR_ORGANISM_PREPARATION	Non-FDA / Dietary Supplement	Nutraceutical / Botanical
unoprostone-isopropyl	APPROVED_MEDICINE	FDA Approved	Small Molecule
xenon-xe-127	APPROVED_MEDICINE	FDA Approved	Small Molecule
xanthone	SUPPLEMENT_INGREDIENT	Non-FDA / Dietary Supplement	Nutraceutical / Botanical
zalcitabine	APPROVED_MEDICINE	FDA Approved	Small Molecule
xanthine	SUPPLEMENT_INGREDIENT	Non-FDA / Dietary Supplement	Nutraceutical / Botanical
xanthohumol	SUPPLEMENT_INGREDIENT	Non-FDA / Dietary Supplement	Nutraceutical / Botanical
acer-negundo-pollen	BOTANICAL_OR_ORGANISM_PREPARATION	Non-FDA / Dietary Supplement	Nutraceutical / Botanical
acer-saccharum-sap	BOTANICAL_OR_ORGANISM_PREPARATION	Non-FDA / Dietary Supplement	Nutraceutical / Botanical
ajuga-reptans-whole	BOTANICAL_OR_ORGANISM_PREPARATION	Non-FDA / Dietary Supplement	Nutraceutical / Botanical
arginine-pidolate	SUPPLEMENT_INGREDIENT	Non-FDA / Dietary Supplement	Nutraceutical / Botanical
aesculus-glabra-nut	BOTANICAL_OR_ORGANISM_PREPARATION	Non-FDA / Dietary Supplement	Nutraceutical / Botanical
agkistrodon-piscivorus-venom	BOTANICAL_OR_ORGANISM_PREPARATION	Non-FDA / Dietary Supplement	Nutraceutical / Botanical
akebia-stem	BOTANICAL_OR_ORGANISM_PREPARATION	Non-FDA / Dietary Supplement	Nutraceutical / Botanical
achillea-millefolium-flower	BOTANICAL_OR_ORGANISM_PREPARATION	Non-FDA / Dietary Supplement	Nutraceutical / Botanical
arimistane	SUPPLEMENT_INGREDIENT	Non-FDA / Dietary Supplement	Nutraceutical / Botanical
arrhenatherum-elatius-pollen	BOTANICAL_OR_ORGANISM_PREPARATION	Non-FDA / Dietary Supplement	Nutraceutical / Botanical
chenopodium	SUPPLEMENT_INGREDIENT	Non-FDA / Dietary Supplement	Nutraceutical / Botanical
algae-protein	SUPPLEMENT_INGREDIENT	Non-FDA / Dietary Supplement	Nutraceutical / Botanical
aluminum-carbonate	SUPPLEMENT_INGREDIENT	Non-FDA / Dietary Supplement	Nutraceutical / Botanical
arisaema	BOTANICAL_OR_ORGANISM_PREPARATION	Non-FDA / Dietary Supplement	Nutraceutical / Botanical
agastache	BOTANICAL_OR_ORGANISM_PREPARATION	Non-FDA / Dietary Supplement	Nutraceutical / Botanical
arisaema-amurense	BOTANICAL_OR_ORGANISM_PREPARATION	Non-FDA / Dietary Supplement	Nutraceutical / Botanical
peg-9-diglycidyl-ether-sodium-hyaluronate-crosspolymer	MARKETED_PRODUCT_INGREDIENT	FDA Approved	Small Molecule
alisma-plantago-aquatica-root	OFF_LABEL_OR_COMPOUNDED	Off-Label / Compounded	Nutraceutical / Botanical
alkanet	SUPPLEMENT_INGREDIENT	Non-FDA / Dietary Supplement	Nutraceutical / Botanical
aloe-vera-leaf	APPROVED_MEDICINE	FDA Approved	Nutraceutical / Botanical
alpha-humulene	SUPPLEMENT_INGREDIENT	Non-FDA / Dietary Supplement	Nutraceutical / Botanical
alpha-pinene	SUPPLEMENT_INGREDIENT	Non-FDA / Dietary Supplement	Nutraceutical / Botanical
amanita-pantherina-fruiting-body	SUPPLEMENT_INGREDIENT	Non-FDA / Dietary Supplement	Nutraceutical / Botanical
androctonus-australis-whole	BOTANICAL_OR_ORGANISM_PREPARATION	Non-FDA / Dietary Supplement	Nutraceutical / Botanical
ambrosia-salsola-pollen	INVESTIGATIONAL_MEDICINE	Pre-clinical / Open Source	Nutraceutical / Botanical
american-centaury	SUPPLEMENT_INGREDIENT	Non-FDA / Dietary Supplement	Nutraceutical / Botanical
apium-graveolens-whole	BOTANICAL_OR_ORGANISM_PREPARATION	Non-FDA / Dietary Supplement	Nutraceutical / Botanical
aristolochia-cymbifera-flower	BOTANICAL_OR_ORGANISM_PREPARATION	Non-FDA / Dietary Supplement	Nutraceutical / Botanical
amomum	BOTANICAL_OR_ORGANISM_PREPARATION	Non-FDA / Dietary Supplement	Nutraceutical / Botanical
andrographis	BOTANICAL_OR_ORGANISM_PREPARATION	Non-FDA / Dietary Supplement	Nutraceutical / Botanical
animal-protein	SUPPLEMENT_INGREDIENT	Non-FDA / Dietary Supplement	Nutraceutical / Botanical
arctium-lappa-fruit	BOTANICAL_OR_ORGANISM_PREPARATION	Non-FDA / Dietary Supplement	Nutraceutical / Botanical
andrographis-paniculata	BOTANICAL_OR_ORGANISM_PREPARATION	Non-FDA / Dietary Supplement	Nutraceutical / Botanical
anisindione	APPROVED_MEDICINE	FDA Approved	Small Molecule
argentina-anserina-flowering-top	BOTANICAL_OR_ORGANISM_PREPARATION	Non-FDA / Dietary Supplement	Nutraceutical / Botanical
armoracia-rusticana-whole	BOTANICAL_OR_ORGANISM_PREPARATION	Non-FDA / Dietary Supplement	Nutraceutical / Botanical
annatto	BOTANICAL_OR_ORGANISM_PREPARATION	Non-FDA / Dietary Supplement	Nutraceutical / Botanical
arachidic-acid	SUPPLEMENT_INGREDIENT	Non-FDA / Dietary Supplement	Nutraceutical / Botanical
aristolochia-debilis-root	BOTANICAL_OR_ORGANISM_PREPARATION	Non-FDA / Dietary Supplement	Nutraceutical / Botanical
peptidase	SUPPLEMENT_INGREDIENT	Non-FDA / Dietary Supplement	Recombinant Protein / Biologic
arnica-angustifolia-flower	BOTANICAL_OR_ORGANISM_PREPARATION	Non-FDA / Dietary Supplement	Nutraceutical / Botanical
artemisinin	SUPPLEMENT_INGREDIENT	Non-FDA / Dietary Supplement	Nutraceutical / Botanical
avena-sativa-top	BOTANICAL_OR_ORGANISM_PREPARATION	Non-FDA / Dietary Supplement	Nutraceutical / Botanical
perilla	SUPPLEMENT_INGREDIENT	Non-FDA / Dietary Supplement	Nutraceutical / Botanical
arctostaphylos-tomentosa-whole	BOTANICAL_OR_ORGANISM_PREPARATION	Non-FDA / Dietary Supplement	Nutraceutical / Botanical
petroselinum-crispum-root	BOTANICAL_OR_ORGANISM_PREPARATION	Non-FDA / Dietary Supplement	Nutraceutical / Botanical
chlorhexidine-digluconate	APPROVED_MEDICINE	FDA Approved	Small Molecule
arrowroot	SUPPLEMENT_INGREDIENT	Non-FDA / Dietary Supplement	Nutraceutical / Botanical
artemisia-argyi-whole	MARKETED_PRODUCT_INGREDIENT	FDA Approved	Nutraceutical / Botanical
bacillus-indicus	SUPPLEMENT_INGREDIENT	Non-FDA / Dietary Supplement	Nutraceutical / Botanical
arsenic-acid	SUPPLEMENT_INGREDIENT	Non-FDA / Dietary Supplement	Nutraceutical / Botanical
asparagus-fern	SUPPLEMENT_INGREDIENT	Non-FDA / Dietary Supplement	Nutraceutical / Botanical
bacillus-clausii	BOTANICAL_OR_ORGANISM_PREPARATION	Non-FDA / Dietary Supplement	Nutraceutical / Botanical
ballota-foetida	SUPPLEMENT_INGREDIENT	Non-FDA / Dietary Supplement	Nutraceutical / Botanical
artemisia-frigida-pollen	BOTANICAL_OR_ORGANISM_PREPARATION	Non-FDA / Dietary Supplement	Nutraceutical / Botanical
baccharis-sarothroides-whole	INVESTIGATIONAL_MEDICINE	Pre-clinical / Open Source	Nutraceutical / Botanical
bioflavonoids	SUPPLEMENT_INGREDIENT	Non-FDA / Dietary Supplement	Nutraceutical / Botanical
ba-ji-tian	SUPPLEMENT_INGREDIENT	Non-FDA / Dietary Supplement	Nutraceutical / Botanical
bifidobacteria	SUPPLEMENT_INGREDIENT	Non-FDA / Dietary Supplement	Nutraceutical / Botanical
ramucirumab	APPROVED_BIOLOGIC	FDA Approved	Monoclonal Antibody (mAb)
bael	BOTANICAL_OR_ORGANISM_PREPARATION	Non-FDA / Dietary Supplement	Nutraceutical / Botanical
artemisia-tridentata-pollen	BOTANICAL_OR_ORGANISM_PREPARATION	Non-FDA / Dietary Supplement	Nutraceutical / Botanical
arugula	BOTANICAL_OR_ORGANISM_PREPARATION	Non-FDA / Dietary Supplement	Nutraceutical / Botanical
bacillus	SUPPLEMENT_INGREDIENT	Non-FDA / Dietary Supplement	Nutraceutical / Botanical
astragalus-americanus-whole	BOTANICAL_OR_ORGANISM_PREPARATION	Non-FDA / Dietary Supplement	Nutraceutical / Botanical
artemisia-vulgaris-oil	MARKETED_PRODUCT_INGREDIENT	FDA Approved	Nutraceutical / Botanical
betula-papyrifera-pollen	BOTANICAL_OR_ORGANISM_PREPARATION	Non-FDA / Dietary Supplement	Nutraceutical / Botanical
artemisia-vulgaris-pollen	BOTANICAL_OR_ORGANISM_PREPARATION	Non-FDA / Dietary Supplement	Nutraceutical / Botanical
asclepias-tuberosa-flowering-top	BOTANICAL_OR_ORGANISM_PREPARATION	Non-FDA / Dietary Supplement	Nutraceutical / Botanical
betula-occidentalis-pollen	BOTANICAL_OR_ORGANISM_PREPARATION	Non-FDA / Dietary Supplement	Nutraceutical / Botanical
artesunate	APPROVED_MEDICINE	FDA Approved	Small Molecule
aspergillus-nidulans	BOTANICAL_OR_ORGANISM_PREPARATION	Non-FDA / Dietary Supplement	Nutraceutical / Botanical
bitter-almond	BOTANICAL_OR_ORGANISM_PREPARATION	Non-FDA / Dietary Supplement	Nutraceutical / Botanical
artichoke	BOTANICAL_OR_ORGANISM_PREPARATION	Non-FDA / Dietary Supplement	Nutraceutical / Botanical
asclepias-incarnata-root	BOTANICAL_OR_ORGANISM_PREPARATION	Non-FDA / Dietary Supplement	Nutraceutical / Botanical
bifidobacterium-animalis	BOTANICAL_OR_ORGANISM_PREPARATION	Non-FDA / Dietary Supplement	Nutraceutical / Botanical
blackberry	SUPPLEMENT_INGREDIENT	Non-FDA / Dietary Supplement	Nutraceutical / Botanical
asam-gelugor	SUPPLEMENT_INGREDIENT	Non-FDA / Dietary Supplement	Nutraceutical / Botanical
asiatic-dogwood	SUPPLEMENT_INGREDIENT	Non-FDA / Dietary Supplement	Nutraceutical / Botanical
bone-marrow	SUPPLEMENT_INGREDIENT	Non-FDA / Dietary Supplement	Nutraceutical / Botanical
asclepias-cordifolia	BOTANICAL_OR_ORGANISM_PREPARATION	Non-FDA / Dietary Supplement	Nutraceutical / Botanical
bos-taurus-adrenal-cortex	SUPPLEMENT_INGREDIENT	Non-FDA / Dietary Supplement	Nutraceutical / Botanical
asian-bayberry	BOTANICAL_OR_ORGANISM_PREPARATION	Non-FDA / Dietary Supplement	Nutraceutical / Botanical
ascophyllum-nodosum	BOTANICAL_OR_ORGANISM_PREPARATION	Non-FDA / Dietary Supplement	Nutraceutical / Botanical
babchi	SUPPLEMENT_INGREDIENT	Non-FDA / Dietary Supplement	Nutraceutical / Botanical
boneset	SUPPLEMENT_INGREDIENT	Non-FDA / Dietary Supplement	Nutraceutical / Botanical
asian-plantain	BOTANICAL_OR_ORGANISM_PREPARATION	Non-FDA / Dietary Supplement	Nutraceutical / Botanical
aspartame	SUPPLEMENT_INGREDIENT	Non-FDA / Dietary Supplement	Nutraceutical / Botanical
chinese-cinnamon	OFF_LABEL_OR_COMPOUNDED	Off-Label / Compounded	Small Molecule
asimina-triloba-whole	BOTANICAL_OR_ORGANISM_PREPARATION	Non-FDA / Dietary Supplement	Nutraceutical / Botanical
bos-taurus-thymus	BOTANICAL_OR_ORGANISM_PREPARATION	Non-FDA / Dietary Supplement	Nutraceutical / Botanical
butyrospermum-parkii-butter	MARKETED_PRODUCT_INGREDIENT	FDA Approved	Nutraceutical / Botanical
chondrus-crispus-carrageenan	OFF_LABEL_OR_COMPOUNDED	Off-Label / Compounded	Nutraceutical / Botanical
asoka-tree	SUPPLEMENT_INGREDIENT	Non-FDA / Dietary Supplement	Nutraceutical / Botanical
aspergillus-flavus	BOTANICAL_OR_ORGANISM_PREPARATION	Non-FDA / Dietary Supplement	Nutraceutical / Botanical
cinnamomum-tamala	BOTANICAL_OR_ORGANISM_PREPARATION	Non-FDA / Dietary Supplement	Nutraceutical / Botanical
asparagus	BOTANICAL_OR_ORGANISM_PREPARATION	Non-FDA / Dietary Supplement	Nutraceutical / Botanical
aspidosperma-quebracho-blanco-root	BOTANICAL_OR_ORGANISM_PREPARATION	Non-FDA / Dietary Supplement	Nutraceutical / Botanical
phalaris-arundinacea-pollen	BOTANICAL_OR_ORGANISM_PREPARATION	Non-FDA / Dietary Supplement	Nutraceutical / Botanical
aspergillopepsin	SUPPLEMENT_INGREDIENT	Non-FDA / Dietary Supplement	Nutraceutical / Botanical
astragalus-exscapus-whole-flowering-fruiting	SUPPLEMENT_INGREDIENT	Non-FDA / Dietary Supplement	Nutraceutical / Botanical
cassia-nomame	BOTANICAL_OR_ORGANISM_PREPARATION	Non-FDA / Dietary Supplement	Nutraceutical / Botanical
astragaloside-iv	SUPPLEMENT_INGREDIENT	Non-FDA / Dietary Supplement	Nutraceutical / Botanical
chenopodium-album	BOTANICAL_OR_ORGANISM_PREPARATION	Non-FDA / Dietary Supplement	Nutraceutical / Botanical
chlordiazepoxide	APPROVED_MEDICINE	FDA Approved	Small Molecule
chaenomeles-japonica-seed	BOTANICAL_OR_ORGANISM_PREPARATION	Non-FDA / Dietary Supplement	Nutraceutical / Botanical
astragalus	BOTANICAL_OR_ORGANISM_PREPARATION	Non-FDA / Dietary Supplement	Nutraceutical / Botanical
bacopasides	SUPPLEMENT_INGREDIENT	Non-FDA / Dietary Supplement	Nutraceutical / Botanical
carboxylic-acid	SUPPLEMENT_INGREDIENT	Non-FDA / Dietary Supplement	Nutraceutical / Botanical
astragalus-exscapus-whole	BOTANICAL_OR_ORGANISM_PREPARATION	Non-FDA / Dietary Supplement	Nutraceutical / Botanical
bacopa-monniera-leaf	BOTANICAL_OR_ORGANISM_PREPARATION	Non-FDA / Dietary Supplement	Nutraceutical / Botanical
cavia-porcellus-skin	BOTANICAL_OR_ORGANISM_PREPARATION	Non-FDA / Dietary Supplement	Nutraceutical / Botanical
astragalus-nuttallii-leaf	BOTANICAL_OR_ORGANISM_PREPARATION	Non-FDA / Dietary Supplement	Nutraceutical / Botanical
azadirachta-indica-bark	BOTANICAL_OR_ORGANISM_PREPARATION	Non-FDA / Dietary Supplement	Nutraceutical / Botanical
catkin	SUPPLEMENT_INGREDIENT	Non-FDA / Dietary Supplement	Recombinant Protein / Biologic
australian-sandalwood	SUPPLEMENT_INGREDIENT	Non-FDA / Dietary Supplement	Nutraceutical / Botanical
avocado-soy-unsaponifiables	SUPPLEMENT_INGREDIENT	Non-FDA / Dietary Supplement	Nutraceutical / Botanical
charcoal-powder	SUPPLEMENT_INGREDIENT	Non-FDA / Dietary Supplement	Nutraceutical / Botanical
cetraria-islandica-whole	BOTANICAL_OR_ORGANISM_PREPARATION	Non-FDA / Dietary Supplement	Nutraceutical / Botanical
atropa-belladonna-whole	BOTANICAL_OR_ORGANISM_PREPARATION	Non-FDA / Dietary Supplement	Nutraceutical / Botanical
baccharis-pilularis-whole	BOTANICAL_OR_ORGANISM_PREPARATION	Non-FDA / Dietary Supplement	Nutraceutical / Botanical
chicken-collagen	BOTANICAL_OR_ORGANISM_PREPARATION	Non-FDA / Dietary Supplement	Nutraceutical / Botanical
atropa-bella-donna-flowering-top	SUPPLEMENT_INGREDIENT	Non-FDA / Dietary Supplement	Nutraceutical / Botanical
bacopa-monnieri	BOTANICAL_OR_ORGANISM_PREPARATION	Non-FDA / Dietary Supplement	Nutraceutical / Botanical
chinese-mugwort	SUPPLEMENT_INGREDIENT	Non-FDA / Dietary Supplement	Nutraceutical / Botanical
babassu	BOTANICAL_OR_ORGANISM_PREPARATION	Non-FDA / Dietary Supplement	Nutraceutical / Botanical
bakers-yeast	BOTANICAL_OR_ORGANISM_PREPARATION	Non-FDA / Dietary Supplement	Nutraceutical / Botanical
phaseolus-vulgaris-whole	BOTANICAL_OR_ORGANISM_PREPARATION	Non-FDA / Dietary Supplement	Nutraceutical / Botanical
bartonella-henselae-dna	SUPPLEMENT_INGREDIENT	Non-FDA / Dietary Supplement	Nutraceutical / Botanical
bacillus-coagulans	BOTANICAL_OR_ORGANISM_PREPARATION	Non-FDA / Dietary Supplement	Nutraceutical / Botanical
phenolics	SUPPLEMENT_INGREDIENT	Non-FDA / Dietary Supplement	Nutraceutical / Botanical
bacillus-pumilus	BOTANICAL_OR_ORGANISM_PREPARATION	Non-FDA / Dietary Supplement	Nutraceutical / Botanical
cinnamomum-wilsonii	BOTANICAL_OR_ORGANISM_PREPARATION	Non-FDA / Dietary Supplement	Nutraceutical / Botanical
pheretima-aspergillum	BOTANICAL_OR_ORGANISM_PREPARATION	Non-FDA / Dietary Supplement	Nutraceutical / Botanical
cod-unspecified	SUPPLEMENT_INGREDIENT	Non-FDA / Dietary Supplement	Nutraceutical / Botanical
choline	APPROVED_MEDICINE	FDA Approved	Nutraceutical / Botanical
clostridium-butyricum	BOTANICAL_OR_ORGANISM_PREPARATION	Non-FDA / Dietary Supplement	Nutraceutical / Botanical
bacopa-monnieri-whole	BOTANICAL_OR_ORGANISM_PREPARATION	Non-FDA / Dietary Supplement	Nutraceutical / Botanical
baicalein	SUPPLEMENT_INGREDIENT	Non-FDA / Dietary Supplement	Nutraceutical / Botanical
cornus-officinalis-fruit	BOTANICAL_OR_ORGANISM_PREPARATION	Non-FDA / Dietary Supplement	Nutraceutical / Botanical
cola-nut	SUPPLEMENT_INGREDIENT	Non-FDA / Dietary Supplement	Nutraceutical / Botanical
bacteria	SUPPLEMENT_INGREDIENT	Non-FDA / Dietary Supplement	Nutraceutical / Botanical
convallaria-majalis-flowering-top	BOTANICAL_OR_ORGANISM_PREPARATION	Non-FDA / Dietary Supplement	Nutraceutical / Botanical
balloon-pea	SUPPLEMENT_INGREDIENT	Non-FDA / Dietary Supplement	Nutraceutical / Botanical
bean	SUPPLEMENT_INGREDIENT	Non-FDA / Dietary Supplement	Nutraceutical / Botanical
dianthus-caryophyllus-whole	BOTANICAL_OR_ORGANISM_PREPARATION	Non-FDA / Dietary Supplement	Nutraceutical / Botanical
baliospermum	BOTANICAL_OR_ORGANISM_PREPARATION	Non-FDA / Dietary Supplement	Nutraceutical / Botanical
curcuma-aromatica-root	BOTANICAL_OR_ORGANISM_PREPARATION	Non-FDA / Dietary Supplement	Nutraceutical / Botanical
phleum-pratense-top	BOTANICAL_OR_ORGANISM_PREPARATION	Non-FDA / Dietary Supplement	Nutraceutical / Botanical
chromic-chloride	APPROVED_MEDICINE	FDA Approved	Small Molecule
balloon-flower	SUPPLEMENT_INGREDIENT	Non-FDA / Dietary Supplement	Nutraceutical / Botanical
curcuma-comosa	BOTANICAL_OR_ORGANISM_PREPARATION	Non-FDA / Dietary Supplement	Nutraceutical / Botanical
croton-oil	BOTANICAL_OR_ORGANISM_PREPARATION	Non-FDA / Dietary Supplement	Nutraceutical / Botanical
chromium	SUPPLEMENT_INGREDIENT	Non-FDA / Dietary Supplement	Nutraceutical / Botanical
ecballium-elaterium-fruit	BOTANICAL_OR_ORGANISM_PREPARATION	Non-FDA / Dietary Supplement	Nutraceutical / Botanical
eleuthero	SUPPLEMENT_INGREDIENT	Non-FDA / Dietary Supplement	Nutraceutical / Botanical
dragons-blood	SUPPLEMENT_INGREDIENT	Non-FDA / Dietary Supplement	Nutraceutical / Botanical
balsam-pear	BOTANICAL_OR_ORGANISM_PREPARATION	Non-FDA / Dietary Supplement	Nutraceutical / Botanical
dioscorea-nipponica	BOTANICAL_OR_ORGANISM_PREPARATION	Non-FDA / Dietary Supplement	Nutraceutical / Botanical
phycocyanins	SUPPLEMENT_INGREDIENT	Non-FDA / Dietary Supplement	Nutraceutical / Botanical
platycodon	BOTANICAL_OR_ORGANISM_PREPARATION	Non-FDA / Dietary Supplement	Nutraceutical / Botanical
balsam-peru	SUPPLEMENT_INGREDIENT	Non-FDA / Dietary Supplement	Nutraceutical / Botanical
barley-malt	OFF_LABEL_OR_COMPOUNDED	Off-Label / Compounded	Small Molecule
berberis-vulgaris-root	BOTANICAL_OR_ORGANISM_PREPARATION	Non-FDA / Dietary Supplement	Nutraceutical / Botanical
bambusa-vulgaris-stem	BOTANICAL_OR_ORGANISM_PREPARATION	Non-FDA / Dietary Supplement	Nutraceutical / Botanical
eriodictyon-californicum-flowering-top	BOTANICAL_OR_ORGANISM_PREPARATION	Non-FDA / Dietary Supplement	Nutraceutical / Botanical
sus-scrofa-testicle	MARKETED_PRODUCT_INGREDIENT	Non-FDA / Dietary Supplement	Nutraceutical / Botanical
barbed-skullcap	SUPPLEMENT_INGREDIENT	Non-FDA / Dietary Supplement	Nutraceutical / Botanical
basil	BOTANICAL_OR_ORGANISM_PREPARATION	Non-FDA / Dietary Supplement	Nutraceutical / Botanical
ethyl-ester	SUPPLEMENT_INGREDIENT	Non-FDA / Dietary Supplement	Nutraceutical / Botanical
tribasic	APPROVED_MEDICINE	FDA Approved	Nutraceutical / Botanical
baptisia-tinctoria-whole	BOTANICAL_OR_ORGANISM_PREPARATION	Non-FDA / Dietary Supplement	Nutraceutical / Botanical
false-calumba	BOTANICAL_OR_ORGANISM_PREPARATION	Non-FDA / Dietary Supplement	Nutraceutical / Botanical
barberry	SUPPLEMENT_INGREDIENT	Non-FDA / Dietary Supplement	Nutraceutical / Botanical
beef	SUPPLEMENT_INGREDIENT	Non-FDA / Dietary Supplement	Nutraceutical / Botanical
flavonoids	SUPPLEMENT_INGREDIENT	Non-FDA / Dietary Supplement	Nutraceutical / Botanical
gymnema-sylvestre-leaf	BOTANICAL_OR_ORGANISM_PREPARATION	Non-FDA / Dietary Supplement	Nutraceutical / Botanical
barleria	BOTANICAL_OR_ORGANISM_PREPARATION	Non-FDA / Dietary Supplement	Nutraceutical / Botanical
fulvic-acid	SUPPLEMENT_INGREDIENT	Non-FDA / Dietary Supplement	Nutraceutical / Botanical
pine-pollen	SUPPLEMENT_INGREDIENT	Non-FDA / Dietary Supplement	Nutraceutical / Botanical
vinblastine	APPROVED_MEDICINE	FDA Approved	Small Molecule
fringetree	SUPPLEMENT_INGREDIENT	Non-FDA / Dietary Supplement	Nutraceutical / Botanical
bartonella-clarridgeiae-dna	SUPPLEMENT_INGREDIENT	Non-FDA / Dietary Supplement	Nutraceutical / Botanical
fragrance-13576	MARKETED_PRODUCT_INGREDIENT	FDA Approved	Small Molecule
fritillaria-delavayi-whole	BOTANICAL_OR_ORGANISM_PREPARATION	Non-FDA / Dietary Supplement	Nutraceutical / Botanical
bartonella-bacilliformis-dna	SUPPLEMENT_INGREDIENT	Non-FDA / Dietary Supplement	Nutraceutical / Botanical
bayleaf	SUPPLEMENT_INGREDIENT	Non-FDA / Dietary Supplement	Nutraceutical / Botanical
giant-puffball	BOTANICAL_OR_ORGANISM_PREPARATION	Non-FDA / Dietary Supplement	Nutraceutical / Botanical
green-olive	SUPPLEMENT_INGREDIENT	Non-FDA / Dietary Supplement	Nutraceutical / Botanical
pinus-taeda-pollen	BOTANICAL_OR_ORGANISM_PREPARATION	Non-FDA / Dietary Supplement	Nutraceutical / Botanical
donanemab	APPROVED_BIOLOGIC	FDA Approved	Monoclonal Antibody (mAb)
wormwood	SUPPLEMENT_INGREDIENT	Non-FDA / Dietary Supplement	Nutraceutical / Botanical
bartonella-vinsonii-dna	SUPPLEMENT_INGREDIENT	Non-FDA / Dietary Supplement	Nutraceutical / Botanical
bempedoic-acid-ezetimibe	COMBINATION_PRODUCT	FDA Approved	Small Molecule
glehnia-littoralis	BOTANICAL_OR_ORGANISM_PREPARATION	Non-FDA / Dietary Supplement	Nutraceutical / Botanical
batavia-cinnamon	BOTANICAL_OR_ORGANISM_PREPARATION	Non-FDA / Dietary Supplement	Nutraceutical / Botanical
haemophilus-influenzae-type-b-capsular-polysaccharide-meningococcal-outer-membrane-protein-c	INVESTIGATIONAL_MEDICINE	Pre-clinical / Open Source	Recombinant Protein / Biologic
bauhinia-purpurea	BOTANICAL_OR_ORGANISM_PREPARATION	Non-FDA / Dietary Supplement	Nutraceutical / Botanical
b-brevia	SUPPLEMENT_INGREDIENT	Non-FDA / Dietary Supplement	Nutraceutical / Botanical
begonia-fimbristipula	BOTANICAL_OR_ORGANISM_PREPARATION	Non-FDA / Dietary Supplement	Nutraceutical / Botanical
benzenoid	SUPPLEMENT_INGREDIENT	Non-FDA / Dietary Supplement	Nutraceutical / Botanical
human-papillomavirus-type-58-l1-capsid-protein-antigen	INVESTIGATIONAL_MEDICINE	Pre-clinical / Open Source	Recombinant Protein / Biologic
plantago-australis-whole	BOTANICAL_OR_ORGANISM_PREPARATION	Non-FDA / Dietary Supplement	Nutraceutical / Botanical
eculizumab	APPROVED_BIOLOGIC	FDA Approved	Monoclonal Antibody (mAb)
hieracium-pilosella-whole	BOTANICAL_OR_ORGANISM_PREPARATION	Non-FDA / Dietary Supplement	Nutraceutical / Botanical
bear-garlic	SUPPLEMENT_INGREDIENT	Non-FDA / Dietary Supplement	Nutraceutical / Botanical
hops	APPROVED_MEDICINE	FDA Approved	Nutraceutical / Botanical
helleborus-niger-whole	BOTANICAL_OR_ORGANISM_PREPARATION	Non-FDA / Dietary Supplement	Nutraceutical / Botanical
human-rotavirus-a-type-g3p7-strain-wi78-live-antigen	INVESTIGATIONAL_MEDICINE	Pre-clinical / Open Source	Recombinant Protein / Biologic
kefir	SUPPLEMENT_INGREDIENT	Non-FDA / Dietary Supplement	Nutraceutical / Botanical
immunoglobulin	SUPPLEMENT_INGREDIENT	Non-FDA / Dietary Supplement	Nutraceutical / Botanical
belleric-myrobalan	SUPPLEMENT_INGREDIENT	Non-FDA / Dietary Supplement	Nutraceutical / Botanical
influenza-b-virus-b-michigan-01-2021-antigen	INVESTIGATIONAL_MEDICINE	Pre-clinical / Open Source	Recombinant Protein / Biologic
ipomoea-purpurea-top	BOTANICAL_OR_ORGANISM_PREPARATION	Non-FDA / Dietary Supplement	Nutraceutical / Botanical
beet-nitrate	SUPPLEMENT_INGREDIENT	Non-FDA / Dietary Supplement	Nutraceutical / Botanical
beta-methylphenethylalamine	SUPPLEMENT_INGREDIENT	Non-FDA / Dietary Supplement	Nutraceutical / Botanical
influenza-b-virus-b-michigan-01-2021-hemagglutinin-antigen	SUPPLEMENT_INGREDIENT	Non-FDA / Dietary Supplement	Nutraceutical / Botanical
bellis-perennis-flower	BOTANICAL_OR_ORGANISM_PREPARATION	Non-FDA / Dietary Supplement	Nutraceutical / Botanical
betula-pendula-whole	BOTANICAL_OR_ORGANISM_PREPARATION	Non-FDA / Dietary Supplement	Nutraceutical / Botanical
hypericum-perforatum-flower	BOTANICAL_OR_ORGANISM_PREPARATION	Non-FDA / Dietary Supplement	Nutraceutical / Botanical
interleukin-1-beta-human	SUPPLEMENT_INGREDIENT	Non-FDA / Dietary Supplement	Nutraceutical / Botanical
bergamot-oil	SUPPLEMENT_INGREDIENT	Non-FDA / Dietary Supplement	Nutraceutical / Botanical
black-galingale	SUPPLEMENT_INGREDIENT	Non-FDA / Dietary Supplement	Nutraceutical / Botanical
black-spruce	BOTANICAL_OR_ORGANISM_PREPARATION	Non-FDA / Dietary Supplement	Nutraceutical / Botanical
bergamot-orange	BOTANICAL_OR_ORGANISM_PREPARATION	Non-FDA / Dietary Supplement	Nutraceutical / Botanical
beta-methoxyphenethylamine	SUPPLEMENT_INGREDIENT	Non-FDA / Dietary Supplement	Nutraceutical / Botanical
inonotus-obliquus-fruiting-body	OFF_LABEL_OR_COMPOUNDED	Off-Label / Compounded	Nutraceutical / Botanical
bergenia-pacumbis	BOTANICAL_OR_ORGANISM_PREPARATION	Non-FDA / Dietary Supplement	Nutraceutical / Botanical
black-currant	SUPPLEMENT_INGREDIENT	Non-FDA / Dietary Supplement	Nutraceutical / Botanical
kavalactone	SUPPLEMENT_INGREDIENT	Non-FDA / Dietary Supplement	Nutraceutical / Botanical
berries	SUPPLEMENT_INGREDIENT	Non-FDA / Dietary Supplement	Nutraceutical / Botanical
biancaea-sappan-wood	BOTANICAL_OR_ORGANISM_PREPARATION	Non-FDA / Dietary Supplement	Nutraceutical / Botanical
kumquat	SUPPLEMENT_INGREDIENT	Non-FDA / Dietary Supplement	Nutraceutical / Botanical
beta-glucans	SUPPLEMENT_INGREDIENT	Non-FDA / Dietary Supplement	Nutraceutical / Botanical
betony	BOTANICAL_OR_ORGANISM_PREPARATION	Non-FDA / Dietary Supplement	Nutraceutical / Botanical
6-17-keto-etiocholeva-3-ol-3-17-ketoetiochol-triene	SUPPLEMENT_INGREDIENT	Non-FDA / Dietary Supplement	Nutraceutical / Botanical
betula-lenta-pollen	BOTANICAL_OR_ORGANISM_PREPARATION	Non-FDA / Dietary Supplement	Nutraceutical / Botanical
billygoat-plum	SUPPLEMENT_INGREDIENT	Non-FDA / Dietary Supplement	Nutraceutical / Botanical
lemna-minor-whole	BOTANICAL_OR_ORGANISM_PREPARATION	Non-FDA / Dietary Supplement	Nutraceutical / Botanical
lactobacillus	BOTANICAL_OR_ORGANISM_PREPARATION	Non-FDA / Dietary Supplement	Nutraceutical / Botanical
betula-populifolia-pollen	BOTANICAL_OR_ORGANISM_PREPARATION	Non-FDA / Dietary Supplement	Nutraceutical / Botanical
lespedeza-capitata-flowering-top	BOTANICAL_OR_ORGANISM_PREPARATION	Non-FDA / Dietary Supplement	Nutraceutical / Botanical
suma	SUPPLEMENT_INGREDIENT	Non-FDA / Dietary Supplement	Nutraceutical / Botanical
betula-pubescens-leaf	BOTANICAL_OR_ORGANISM_PREPARATION	Non-FDA / Dietary Supplement	Nutraceutical / Botanical
bionectria-ochroleuca	BOTANICAL_OR_ORGANISM_PREPARATION	Non-FDA / Dietary Supplement	Nutraceutical / Botanical
terpene-lactone	SUPPLEMENT_INGREDIENT	Non-FDA / Dietary Supplement	Nutraceutical / Botanical
lactococcus-casei	SUPPLEMENT_INGREDIENT	Non-FDA / Dietary Supplement	Nutraceutical / Botanical
tetrahydrocannabinol	APPROVED_MEDICINE	FDA Approved	Small Molecule
betula-pubescens-whole	BOTANICAL_OR_ORGANISM_PREPARATION	Non-FDA / Dietary Supplement	Nutraceutical / Botanical
ledum-palustre-whole	BOTANICAL_OR_ORGANISM_PREPARATION	Non-FDA / Dietary Supplement	Nutraceutical / Botanical
plantago-seed	OFF_LABEL_OR_COMPOUNDED	Off-Label / Compounded	Small Molecule
bidens-pilosa-whole	BOTANICAL_OR_ORGANISM_PREPARATION	Non-FDA / Dietary Supplement	Nutraceutical / Botanical
lobelia	BOTANICAL_OR_ORGANISM_PREPARATION	Non-FDA / Dietary Supplement	Nutraceutical / Botanical
maize	SUPPLEMENT_INGREDIENT	Non-FDA / Dietary Supplement	Nutraceutical / Botanical
bifidobacterium-bifidum	BOTANICAL_OR_ORGANISM_PREPARATION	Non-FDA / Dietary Supplement	Nutraceutical / Botanical
black-root	SUPPLEMENT_INGREDIENT	Non-FDA / Dietary Supplement	Nutraceutical / Botanical
medical-air	APPROVED_MEDICINE	FDA Approved	Small Molecule
platanus-racemosa-pollen	INVESTIGATIONAL_MEDICINE	Pre-clinical / Open Source	Nutraceutical / Botanical
bindweed	SUPPLEMENT_INGREDIENT	Non-FDA / Dietary Supplement	Nutraceutical / Botanical
magnolia-biondii	BOTANICAL_OR_ORGANISM_PREPARATION	Non-FDA / Dietary Supplement	Nutraceutical / Botanical
streptococcus-pneumoniae-type-23f-capsular-polysaccharide-diphtheria-crm197-protein-conjugat	INVESTIGATIONAL_MEDICINE	Pre-clinical / Open Source	Recombinant Protein / Biologic
bistort	SUPPLEMENT_INGREDIENT	Non-FDA / Dietary Supplement	Nutraceutical / Botanical
black-cherry	BOTANICAL_OR_ORGANISM_PREPARATION	Non-FDA / Dietary Supplement	Nutraceutical / Botanical
maidenhair-fern	BOTANICAL_OR_ORGANISM_PREPARATION	Non-FDA / Dietary Supplement	Nutraceutical / Botanical
bitter-melon	BOTANICAL_OR_ORGANISM_PREPARATION	Non-FDA / Dietary Supplement	Nutraceutical / Botanical
black-seed-oil	SUPPLEMENT_INGREDIENT	Non-FDA / Dietary Supplement	Nutraceutical / Botanical
milk-basic-protein	SUPPLEMENT_INGREDIENT	Non-FDA / Dietary Supplement	Nutraceutical / Botanical
8-bromo-7-methoxychrysin	SUPPLEMENT_INGREDIENT	Non-FDA / Dietary Supplement	Nutraceutical / Botanical
bitter-principals	SUPPLEMENT_INGREDIENT	Non-FDA / Dietary Supplement	Nutraceutical / Botanical
black-gram	BOTANICAL_OR_ORGANISM_PREPARATION	Non-FDA / Dietary Supplement	Nutraceutical / Botanical
chlorodehydromethylandrostenediol	SUPPLEMENT_INGREDIENT	Non-FDA / Dietary Supplement	Nutraceutical / Botanical
medicago-sativa-leaf	BOTANICAL_OR_ORGANISM_PREPARATION	Non-FDA / Dietary Supplement	Nutraceutical / Botanical
black-alder	BOTANICAL_OR_ORGANISM_PREPARATION	Non-FDA / Dietary Supplement	Nutraceutical / Botanical
black-hellebore	SUPPLEMENT_INGREDIENT	Non-FDA / Dietary Supplement	Nutraceutical / Botanical
malva-sylvestris-flowering-top	MARKETED_PRODUCT_INGREDIENT	FDA Approved	Nutraceutical / Botanical
nuphar-lutea-root	BOTANICAL_OR_ORGANISM_PREPARATION	Non-FDA / Dietary Supplement	Nutraceutical / Botanical
black-carrot	SUPPLEMENT_INGREDIENT	Non-FDA / Dietary Supplement	Nutraceutical / Botanical
black-raspberry	BOTANICAL_OR_ORGANISM_PREPARATION	Non-FDA / Dietary Supplement	Nutraceutical / Botanical
black-chokeberry	BOTANICAL_OR_ORGANISM_PREPARATION	Non-FDA / Dietary Supplement	Nutraceutical / Botanical
boletus-satanas-fruiting-body	SUPPLEMENT_INGREDIENT	Non-FDA / Dietary Supplement	Nutraceutical / Botanical
ophiopogon-japonicus-whole	OFF_LABEL_OR_COMPOUNDED	Off-Label / Compounded	Nutraceutical / Botanical
bacillus-firmus	BOTANICAL_OR_ORGANISM_PREPARATION	Non-FDA / Dietary Supplement	Nutraceutical / Botanical
black-rice	SUPPLEMENT_INGREDIENT	Non-FDA / Dietary Supplement	Nutraceutical / Botanical
diindolylymethane	SUPPLEMENT_INGREDIENT	Non-FDA / Dietary Supplement	Nutraceutical / Botanical
nasturtium-officinale-whole	BOTANICAL_OR_ORGANISM_PREPARATION	Non-FDA / Dietary Supplement	Nutraceutical / Botanical
black-tea	BOTANICAL_OR_ORGANISM_PREPARATION	Non-FDA / Dietary Supplement	Nutraceutical / Botanical
kiwi	SUPPLEMENT_INGREDIENT	Non-FDA / Dietary Supplement	Nutraceutical / Botanical
mucor-circinelloides-f-circinelloides	INVESTIGATIONAL_MEDICINE	Pre-clinical / Open Source	Nutraceutical / Botanical
black-willow	BOTANICAL_OR_ORGANISM_PREPARATION	Non-FDA / Dietary Supplement	Nutraceutical / Botanical
bogbean	SUPPLEMENT_INGREDIENT	Non-FDA / Dietary Supplement	Nutraceutical / Botanical
oryctolagus-cuniculus-hair	BOTANICAL_OR_ORGANISM_PREPARATION	Non-FDA / Dietary Supplement	Nutraceutical / Botanical
bos-taurus-mesencephalon	SUPPLEMENT_INGREDIENT	Non-FDA / Dietary Supplement	Nutraceutical / Botanical
blattella-germanica	BOTANICAL_OR_ORGANISM_PREPARATION	Non-FDA / Dietary Supplement	Nutraceutical / Botanical
origanum-vulgare-subsp-hirtum-whole	BOTANICAL_OR_ORGANISM_PREPARATION	Non-FDA / Dietary Supplement	Nutraceutical / Botanical
oryctolagus-cuniculus-ovary	SUPPLEMENT_INGREDIENT	Non-FDA / Dietary Supplement	Nutraceutical / Botanical
blessed-thistle	BOTANICAL_OR_ORGANISM_PREPARATION	Non-FDA / Dietary Supplement	Nutraceutical / Botanical
peppers	BOTANICAL_OR_ORGANISM_PREPARATION	Non-FDA / Dietary Supplement	Nutraceutical / Botanical
platycodon-grandiflorus-whole	BOTANICAL_OR_ORGANISM_PREPARATION	Non-FDA / Dietary Supplement	Nutraceutical / Botanical
blue-crab	BOTANICAL_OR_ORGANISM_PREPARATION	Non-FDA / Dietary Supplement	Nutraceutical / Botanical
omega-9	SUPPLEMENT_INGREDIENT	Non-FDA / Dietary Supplement	Nutraceutical / Botanical
oryctolagus-cuniculus-lung	SUPPLEMENT_INGREDIENT	Non-FDA / Dietary Supplement	Nutraceutical / Botanical
blue-flag	SUPPLEMENT_INGREDIENT	Non-FDA / Dietary Supplement	Nutraceutical / Botanical
knotweed	SUPPLEMENT_INGREDIENT	Non-FDA / Dietary Supplement	Nutraceutical / Botanical
pascopyrum-smithii-pollen	BOTANICAL_OR_ORGANISM_PREPARATION	Non-FDA / Dietary Supplement	Nutraceutical / Botanical
pea	SUPPLEMENT_INGREDIENT	Non-FDA / Dietary Supplement	Nutraceutical / Botanical
blue-green-alage	SUPPLEMENT_INGREDIENT	Non-FDA / Dietary Supplement	Nutraceutical / Botanical
boerhavia-diffussa	SUPPLEMENT_INGREDIENT	Non-FDA / Dietary Supplement	Nutraceutical / Botanical
bordetella-pertussis-pertactin-antigen	INVESTIGATIONAL_MEDICINE	Pre-clinical / Open Source	Nutraceutical / Botanical
broom-corn	SUPPLEMENT_INGREDIENT	Non-FDA / Dietary Supplement	Nutraceutical / Botanical
phenolic-acid	SUPPLEMENT_INGREDIENT	Non-FDA / Dietary Supplement	Nutraceutical / Botanical
baptisia-tinctoria-root	BOTANICAL_OR_ORGANISM_PREPARATION	Non-FDA / Dietary Supplement	Nutraceutical / Botanical
borrelia-afzelii	SUPPLEMENT_INGREDIENT	Non-FDA / Dietary Supplement	Nutraceutical / Botanical
plantago-lanceolata-pollen	BOTANICAL_OR_ORGANISM_PREPARATION	Non-FDA / Dietary Supplement	Nutraceutical / Botanical
phenolic	SUPPLEMENT_INGREDIENT	Non-FDA / Dietary Supplement	Nutraceutical / Botanical
bos-taurus-bone	BOTANICAL_OR_ORGANISM_PREPARATION	Non-FDA / Dietary Supplement	Nutraceutical / Botanical
pear	BOTANICAL_OR_ORGANISM_PREPARATION	Non-FDA / Dietary Supplement	Nutraceutical / Botanical
prosopis-juliflora-pollen	BOTANICAL_OR_ORGANISM_PREPARATION	Non-FDA / Dietary Supplement	Nutraceutical / Botanical
transglucosidase	SUPPLEMENT_INGREDIENT	Non-FDA / Dietary Supplement	Recombinant Protein / Biologic
bos-taurus-cartilage	BOTANICAL_OR_ORGANISM_PREPARATION	Non-FDA / Dietary Supplement	Nutraceutical / Botanical
bos-taurus-parasympathetic-nerve	SUPPLEMENT_INGREDIENT	Non-FDA / Dietary Supplement	Nutraceutical / Botanical
brassaiopsis-glomerulata	BOTANICAL_OR_ORGANISM_PREPARATION	Non-FDA / Dietary Supplement	Nutraceutical / Botanical
bos-taurus-intervertebral-disc	SUPPLEMENT_INGREDIENT	Non-FDA / Dietary Supplement	Nutraceutical / Botanical
boswellic-acids	SUPPLEMENT_INGREDIENT	Non-FDA / Dietary Supplement	Nutraceutical / Botanical
pomegranate	BOTANICAL_OR_ORGANISM_PREPARATION	Non-FDA / Dietary Supplement	Nutraceutical / Botanical
bos-taurus-pancreas	BOTANICAL_OR_ORGANISM_PREPARATION	Non-FDA / Dietary Supplement	Nutraceutical / Botanical
brown-rice-protein	SUPPLEMENT_INGREDIENT	Non-FDA / Dietary Supplement	Nutraceutical / Botanical
bryonia-dioica-root	BOTANICAL_OR_ORGANISM_PREPARATION	Non-FDA / Dietary Supplement	Nutraceutical / Botanical
bos-taurus-pituitary-gland	SUPPLEMENT_INGREDIENT	Non-FDA / Dietary Supplement	Nutraceutical / Botanical
brassica-rapa-subsp-oleifera-pollen	BOTANICAL_OR_ORGANISM_PREPARATION	Non-FDA / Dietary Supplement	Nutraceutical / Botanical
polydextrose	SUPPLEMENT_INGREDIENT	Non-FDA / Dietary Supplement	Nutraceutical / Botanical
prunus-armeniaca-whole	BOTANICAL_OR_ORGANISM_PREPARATION	Non-FDA / Dietary Supplement	Nutraceutical / Botanical
bos-taurus-placenta	BOTANICAL_OR_ORGANISM_PREPARATION	Non-FDA / Dietary Supplement	Nutraceutical / Botanical
bos-taurus-prostate-gland	SUPPLEMENT_INGREDIENT	Non-FDA / Dietary Supplement	Nutraceutical / Botanical
bothrops-atrox-venom	BOTANICAL_OR_ORGANISM_PREPARATION	Non-FDA / Dietary Supplement	Nutraceutical / Botanical
boswellia	BOTANICAL_OR_ORGANISM_PREPARATION	Non-FDA / Dietary Supplement	Nutraceutical / Botanical
praying-mantis	BOTANICAL_OR_ORGANISM_PREPARATION	Non-FDA / Dietary Supplement	Nutraceutical / Botanical
prosopis-cineraria-wood	BOTANICAL_OR_ORGANISM_PREPARATION	Non-FDA / Dietary Supplement	Nutraceutical / Botanical
boswellia-serrata	BOTANICAL_OR_ORGANISM_PREPARATION	Non-FDA / Dietary Supplement	Nutraceutical / Botanical
brevibacillus-laterosporus	BOTANICAL_OR_ORGANISM_PREPARATION	Non-FDA / Dietary Supplement	Nutraceutical / Botanical
bromelains	SUPPLEMENT_INGREDIENT	Non-FDA / Dietary Supplement	Nutraceutical / Botanical
boysenberry	SUPPLEMENT_INGREDIENT	Non-FDA / Dietary Supplement	Nutraceutical / Botanical
lac-resin	SUPPLEMENT_INGREDIENT	Non-FDA / Dietary Supplement	Nutraceutical / Botanical
purple-tephrosia	SUPPLEMENT_INGREDIENT	Non-FDA / Dietary Supplement	Nutraceutical / Botanical
acremonium-strictum	INVESTIGATIONAL_MEDICINE	Pre-clinical / Open Source	Nutraceutical / Botanical
laburnum	BOTANICAL_OR_ORGANISM_PREPARATION	Non-FDA / Dietary Supplement	Nutraceutical / Botanical
pulsatilla-patens-whole	BOTANICAL_OR_ORGANISM_PREPARATION	Non-FDA / Dietary Supplement	Nutraceutical / Botanical
bartonella-henselae	BOTANICAL_OR_ORGANISM_PREPARATION	Non-FDA / Dietary Supplement	Nutraceutical / Botanical
mezoneuron-benthamianum	BOTANICAL_OR_ORGANISM_PREPARATION	Non-FDA / Dietary Supplement	Nutraceutical / Botanical
bovine-collagen	BOTANICAL_OR_ORGANISM_PREPARATION	Non-FDA / Dietary Supplement	Nutraceutical / Botanical
brevibacillus-brevis	BOTANICAL_OR_ORGANISM_PREPARATION	Non-FDA / Dietary Supplement	Nutraceutical / Botanical
quercus-virginiana-pollen	BOTANICAL_OR_ORGANISM_PREPARATION	Non-FDA / Dietary Supplement	Nutraceutical / Botanical
quercus-garryana-pollen	INVESTIGATIONAL_MEDICINE	Pre-clinical / Open Source	Nutraceutical / Botanical
brevibacillus	BOTANICAL_OR_ORGANISM_PREPARATION	Non-FDA / Dietary Supplement	Nutraceutical / Botanical
bromus-inermis-pollen	BOTANICAL_OR_ORGANISM_PREPARATION	Non-FDA / Dietary Supplement	Nutraceutical / Botanical
pyrola	BOTANICAL_OR_ORGANISM_PREPARATION	Non-FDA / Dietary Supplement	Nutraceutical / Botanical
brucea-javanica-fruit	MARKETED_PRODUCT_INGREDIENT	FDA Approved	Nutraceutical / Botanical
breea-segeta-whole	SUPPLEMENT_INGREDIENT	Non-FDA / Dietary Supplement	Nutraceutical / Botanical
camellia-sinensis-leaf-oil	MARKETED_PRODUCT_INGREDIENT	FDA Approved	Nutraceutical / Botanical
ehrlichia-canis	BOTANICAL_OR_ORGANISM_PREPARATION	Non-FDA / Dietary Supplement	Nutraceutical / Botanical
briza-maxima-whole	BOTANICAL_OR_ORGANISM_PREPARATION	Non-FDA / Dietary Supplement	Nutraceutical / Botanical
candida-parapsilosis-dna	SUPPLEMENT_INGREDIENT	Non-FDA / Dietary Supplement	Nutraceutical / Botanical
quillaja-saponaria-wood	BOTANICAL_OR_ORGANISM_PREPARATION	Non-FDA / Dietary Supplement	Nutraceutical / Botanical
broad-bean-protein	SUPPLEMENT_INGREDIENT	Non-FDA / Dietary Supplement	Nutraceutical / Botanical
butternut	SUPPLEMENT_INGREDIENT	Non-FDA / Dietary Supplement	Nutraceutical / Botanical
sambucus-canadensis-flower	BOTANICAL_OR_ORGANISM_PREPARATION	Non-FDA / Dietary Supplement	Nutraceutical / Botanical
solanum-lycopersicum	BOTANICAL_OR_ORGANISM_PREPARATION	Non-FDA / Dietary Supplement	Nutraceutical / Botanical
broccoli	BOTANICAL_OR_ORGANISM_PREPARATION	Non-FDA / Dietary Supplement	Nutraceutical / Botanical
bryonia-cretica-subsp-dioica-root	BOTANICAL_OR_ORGANISM_PREPARATION	Non-FDA / Dietary Supplement	Nutraceutical / Botanical
broussonetia	BOTANICAL_OR_ORGANISM_PREPARATION	Non-FDA / Dietary Supplement	Nutraceutical / Botanical
bugleweed	SUPPLEMENT_INGREDIENT	Non-FDA / Dietary Supplement	Nutraceutical / Botanical
anaerococcus-tetradius	BOTANICAL_OR_ORGANISM_PREPARATION	Non-FDA / Dietary Supplement	Nutraceutical / Botanical
brucella-abortus	BOTANICAL_OR_ORGANISM_PREPARATION	Non-FDA / Dietary Supplement	Nutraceutical / Botanical
helianthemum-nummularium-flower	BOTANICAL_OR_ORGANISM_PREPARATION	Non-FDA / Dietary Supplement	Nutraceutical / Botanical
broussonetia-papyrifera-pollen	BOTANICAL_OR_ORGANISM_PREPARATION	Non-FDA / Dietary Supplement	Nutraceutical / Botanical
semecarpus-anacardium-fruit	BOTANICAL_OR_ORGANISM_PREPARATION	Non-FDA / Dietary Supplement	Nutraceutical / Botanical
francisella-tularensis	BOTANICAL_OR_ORGANISM_PREPARATION	Non-FDA / Dietary Supplement	Nutraceutical / Botanical
bruteridine	SUPPLEMENT_INGREDIENT	Non-FDA / Dietary Supplement	Nutraceutical / Botanical
sequoia-sempervirens-bark	BOTANICAL_OR_ORGANISM_PREPARATION	Non-FDA / Dietary Supplement	Nutraceutical / Botanical
serratia-marcescens	BOTANICAL_OR_ORGANISM_PREPARATION	Non-FDA / Dietary Supplement	Nutraceutical / Botanical
buchu	SUPPLEMENT_INGREDIENT	Non-FDA / Dietary Supplement	Nutraceutical / Botanical
lactobacillus-helveticus	BOTANICAL_OR_ORGANISM_PREPARATION	Non-FDA / Dietary Supplement	Nutraceutical / Botanical
cryptosporidium-hominis	BOTANICAL_OR_ORGANISM_PREPARATION	Non-FDA / Dietary Supplement	Nutraceutical / Botanical
strophanthus-kombe-whole	BOTANICAL_OR_ORGANISM_PREPARATION	Non-FDA / Dietary Supplement	Nutraceutical / Botanical
bufo-bufo-whole	BOTANICAL_OR_ORGANISM_PREPARATION	Non-FDA / Dietary Supplement	Nutraceutical / Botanical
camu-camu	BOTANICAL_OR_ORGANISM_PREPARATION	Non-FDA / Dietary Supplement	Nutraceutical / Botanical
streptococcus-equinus	BOTANICAL_OR_ORGANISM_PREPARATION	Non-FDA / Dietary Supplement	Nutraceutical / Botanical
tangerine	BOTANICAL_OR_ORGANISM_PREPARATION	Non-FDA / Dietary Supplement	Nutraceutical / Botanical
streptococcus-salivarius	BOTANICAL_OR_ORGANISM_PREPARATION	Non-FDA / Dietary Supplement	Nutraceutical / Botanical
hyacinthoides-non-scripta	BOTANICAL_OR_ORGANISM_PREPARATION	Non-FDA / Dietary Supplement	Nutraceutical / Botanical
sus-scrofa-skin	BOTANICAL_OR_ORGANISM_PREPARATION	Non-FDA / Dietary Supplement	Nutraceutical / Botanical
bulbine-natalensis	SUPPLEMENT_INGREDIENT	Non-FDA / Dietary Supplement	Nutraceutical / Botanical
california-torreya	SUPPLEMENT_INGREDIENT	Non-FDA / Dietary Supplement	Nutraceutical / Botanical
streptococcus	BOTANICAL_OR_ORGANISM_PREPARATION	Non-FDA / Dietary Supplement	Nutraceutical / Botanical
burdock	SUPPLEMENT_INGREDIENT	Non-FDA / Dietary Supplement	Nutraceutical / Botanical
lactobacillus-sakei	SUPPLEMENT_INGREDIENT	Non-FDA / Dietary Supplement	Nutraceutical / Botanical
trapa-bicornis-seed	BOTANICAL_OR_ORGANISM_PREPARATION	Non-FDA / Dietary Supplement	Nutraceutical / Botanical
uraria-picta	BOTANICAL_OR_ORGANISM_PREPARATION	Non-FDA / Dietary Supplement	Nutraceutical / Botanical
butter	SUPPLEMENT_INGREDIENT	Non-FDA / Dietary Supplement	Nutraceutical / Botanical
terminalia	BOTANICAL_OR_ORGANISM_PREPARATION	Non-FDA / Dietary Supplement	Nutraceutical / Botanical
tribulus-alatus	BOTANICAL_OR_ORGANISM_PREPARATION	Non-FDA / Dietary Supplement	Nutraceutical / Botanical
neurotrophin-4	MARKETED_PRODUCT_INGREDIENT	Non-FDA / Dietary Supplement	Nutraceutical / Botanical
hyaluronidase-nvhy	APPROVED_BIOLOGIC	FDA Approved	Recombinant Protein / Biologic
valeriana-officinalis-whole	BOTANICAL_OR_ORGANISM_PREPARATION	Non-FDA / Dietary Supplement	Nutraceutical / Botanical
viscum-album-leaf	BOTANICAL_OR_ORGANISM_PREPARATION	Non-FDA / Dietary Supplement	Nutraceutical / Botanical
mucor-plumbeus	BOTANICAL_OR_ORGANISM_PREPARATION	Non-FDA / Dietary Supplement	Nutraceutical / Botanical
hydrangea-arborescens-root	BOTANICAL_OR_ORGANISM_PREPARATION	Non-FDA / Dietary Supplement	Nutraceutical / Botanical
usnea-barbata	BOTANICAL_OR_ORGANISM_PREPARATION	Non-FDA / Dietary Supplement	Nutraceutical / Botanical
veronica-beccabunga-whole	BOTANICAL_OR_ORGANISM_PREPARATION	Non-FDA / Dietary Supplement	Nutraceutical / Botanical
c20-22-alcohols	MARKETED_PRODUCT_INGREDIENT	FDA Approved	Small Molecule
caffeoylquinic-acids	SUPPLEMENT_INGREDIENT	Non-FDA / Dietary Supplement	Nutraceutical / Botanical
woodwardia	BOTANICAL_OR_ORGANISM_PREPARATION	Non-FDA / Dietary Supplement	Nutraceutical / Botanical
lactococcus-lactis	BOTANICAL_OR_ORGANISM_PREPARATION	Non-FDA / Dietary Supplement	Nutraceutical / Botanical
cabbage-palm	BOTANICAL_OR_ORGANISM_PREPARATION	Non-FDA / Dietary Supplement	Nutraceutical / Botanical
california-spikenard	SUPPLEMENT_INGREDIENT	Non-FDA / Dietary Supplement	Nutraceutical / Botanical
larrea-divaricata-whole	BOTANICAL_OR_ORGANISM_PREPARATION	Non-FDA / Dietary Supplement	Nutraceutical / Botanical
cabbage-rose	SUPPLEMENT_INGREDIENT	Non-FDA / Dietary Supplement	Nutraceutical / Botanical
camellia-japonica-seed-oil	MARKETED_PRODUCT_INGREDIENT	FDA Approved	Nutraceutical / Botanical
streptococcus-pneumoniae-type-22f-capsular-polysaccharide-diphtheria-crm197-protein-conjugat	INVESTIGATIONAL_MEDICINE	Pre-clinical / Open Source	Recombinant Protein / Biologic
lavandula-angustifolia-flower	BOTANICAL_OR_ORGANISM_PREPARATION	Non-FDA / Dietary Supplement	Nutraceutical / Botanical
caffeine-pterostilbene	SUPPLEMENT_INGREDIENT	Non-FDA / Dietary Supplement	Nutraceutical / Botanical
camellia-chekiangoleosa-seed-oil	SUPPLEMENT_INGREDIENT	Non-FDA / Dietary Supplement	Nutraceutical / Botanical
yersinia-pestis	BOTANICAL_OR_ORGANISM_PREPARATION	Non-FDA / Dietary Supplement	Nutraceutical / Botanical
calamus-rhizome	SUPPLEMENT_INGREDIENT	Non-FDA / Dietary Supplement	Nutraceutical / Botanical
calochortus-gunnisonii-whole	BOTANICAL_OR_ORGANISM_PREPARATION	Non-FDA / Dietary Supplement	Nutraceutical / Botanical
pogostemon-cablin-top	BOTANICAL_OR_ORGANISM_PREPARATION	Non-FDA / Dietary Supplement	Nutraceutical / Botanical
calcium-potassium-phosphate-citrate	SUPPLEMENT_INGREDIENT	Non-FDA / Dietary Supplement	Small Molecule
calendula-arvensis-whole	BOTANICAL_OR_ORGANISM_PREPARATION	Non-FDA / Dietary Supplement	Nutraceutical / Botanical
white-rice	SUPPLEMENT_INGREDIENT	Non-FDA / Dietary Supplement	Nutraceutical / Botanical
polyol	SUPPLEMENT_INGREDIENT	Non-FDA / Dietary Supplement	Nutraceutical / Botanical
california-poppy	BOTANICAL_OR_ORGANISM_PREPARATION	Non-FDA / Dietary Supplement	Nutraceutical / Botanical
camellia-japonica-flower	MARKETED_PRODUCT_INGREDIENT	FDA Approved	Nutraceutical / Botanical
cambodium-cardamom	SUPPLEMENT_INGREDIENT	Non-FDA / Dietary Supplement	Nutraceutical / Botanical
camellia-sinensis-whole	BOTANICAL_OR_ORGANISM_PREPARATION	Non-FDA / Dietary Supplement	Nutraceutical / Botanical
50000000-pa-s	MARKETED_PRODUCT_INGREDIENT	Non-FDA / Dietary Supplement	Nutraceutical / Botanical
cannabis	CONTROLLED_NO_APPROVED_USE	Controlled / No Approved Use	Nutraceutical / Botanical
campylandra-fimbriata	BOTANICAL_OR_ORGANISM_PREPARATION	Non-FDA / Dietary Supplement	Nutraceutical / Botanical
yeast-unspecified	MARKETED_PRODUCT_INGREDIENT	FDA Approved	Nutraceutical / Botanical
candelilla-wax	SUPPLEMENT_INGREDIENT	Non-FDA / Dietary Supplement	Nutraceutical / Botanical
cape-aloe	SUPPLEMENT_INGREDIENT	Non-FDA / Dietary Supplement	Nutraceutical / Botanical
2-17a-dimethyl-17b-hydroxy-5a-androstan-1-ene-3-one	SUPPLEMENT_INGREDIENT	Non-FDA / Dietary Supplement	Nutraceutical / Botanical
capra-hircus-skin	BOTANICAL_OR_ORGANISM_PREPARATION	Non-FDA / Dietary Supplement	Nutraceutical / Botanical
canarium-album-root	BOTANICAL_OR_ORGANISM_PREPARATION	Non-FDA / Dietary Supplement	Nutraceutical / Botanical
lawsonia-inermis-flowering-top	BOTANICAL_OR_ORGANISM_PREPARATION	Non-FDA / Dietary Supplement	Nutraceutical / Botanical
spirostan-5a-diol-6-one-3-one	SUPPLEMENT_INGREDIENT	Non-FDA / Dietary Supplement	Nutraceutical / Botanical
pegaptanib	APPROVED_MEDICINE	FDA Approved	Small Molecule
candida-albicans-dna	SUPPLEMENT_INGREDIENT	Non-FDA / Dietary Supplement	Nutraceutical / Botanical
carob-protein	SUPPLEMENT_INGREDIENT	Non-FDA / Dietary Supplement	Nutraceutical / Botanical
baptisia-tinctoria	BOTANICAL_OR_ORGANISM_PREPARATION	Non-FDA / Dietary Supplement	Nutraceutical / Botanical
caralluma-fimbriata	BOTANICAL_OR_ORGANISM_PREPARATION	Non-FDA / Dietary Supplement	Nutraceutical / Botanical
canis-lupus-familiaris-hair	BOTANICAL_OR_ORGANISM_PREPARATION	Non-FDA / Dietary Supplement	Nutraceutical / Botanical
saccharomyces	BOTANICAL_OR_ORGANISM_PREPARATION	Non-FDA / Dietary Supplement	Nutraceutical / Botanical
canis-lupus-familiaris-skin	BOTANICAL_OR_ORGANISM_PREPARATION	Non-FDA / Dietary Supplement	Nutraceutical / Botanical
carbomer-homopolymer-unspecified-type	MARKETED_PRODUCT_INGREDIENT	FDA Approved	Small Molecule
pterolstilbene	SUPPLEMENT_INGREDIENT	Non-FDA / Dietary Supplement	Nutraceutical / Botanical
cantaloupe	BOTANICAL_OR_ORGANISM_PREPARATION	Non-FDA / Dietary Supplement	Nutraceutical / Botanical
capra-hircus-hair	BOTANICAL_OR_ORGANISM_PREPARATION	Non-FDA / Dietary Supplement	Nutraceutical / Botanical
empresstree	SUPPLEMENT_INGREDIENT	Non-FDA / Dietary Supplement	Nutraceutical / Botanical
capsaicinoids	SUPPLEMENT_INGREDIENT	Non-FDA / Dietary Supplement	Nutraceutical / Botanical
carlina	BOTANICAL_OR_ORGANISM_PREPARATION	Non-FDA / Dietary Supplement	Nutraceutical / Botanical
shiitake-mushroom-protein	SUPPLEMENT_INGREDIENT	Non-FDA / Dietary Supplement	Nutraceutical / Botanical
caprylic-capric-triglyceride	OFF_LABEL_OR_COMPOUNDED	Off-Label / Compounded	Small Molecule
cassia-fistula	BOTANICAL_OR_ORGANISM_PREPARATION	Non-FDA / Dietary Supplement	Nutraceutical / Botanical
celery	BOTANICAL_OR_ORGANISM_PREPARATION	Non-FDA / Dietary Supplement	Nutraceutical / Botanical
rose-hip	SUPPLEMENT_INGREDIENT	Non-FDA / Dietary Supplement	Nutraceutical / Botanical
cardiospermum-grandiflorum-whole	BOTANICAL_OR_ORGANISM_PREPARATION	Non-FDA / Dietary Supplement	Nutraceutical / Botanical
cartilage	SUPPLEMENT_INGREDIENT	Non-FDA / Dietary Supplement	Nutraceutical / Botanical
casein-peptides	SUPPLEMENT_INGREDIENT	Non-FDA / Dietary Supplement	Nutraceutical / Botanical
carnauba-palm	SUPPLEMENT_INGREDIENT	Non-FDA / Dietary Supplement	Nutraceutical / Botanical
houttynia	SUPPLEMENT_INGREDIENT	Non-FDA / Dietary Supplement	Nutraceutical / Botanical
thymic-peptides	SUPPLEMENT_INGREDIENT	Non-FDA / Dietary Supplement	Nutraceutical / Botanical
small-flowered-willow-herb	SUPPLEMENT_INGREDIENT	Non-FDA / Dietary Supplement	Nutraceutical / Botanical
carya-alba-pollen	BOTANICAL_OR_ORGANISM_PREPARATION	Non-FDA / Dietary Supplement	Nutraceutical / Botanical
cattail	SUPPLEMENT_INGREDIENT	Non-FDA / Dietary Supplement	Nutraceutical / Botanical
uterus	SUPPLEMENT_INGREDIENT	Non-FDA / Dietary Supplement	Nutraceutical / Botanical
cedar	SUPPLEMENT_INGREDIENT	Non-FDA / Dietary Supplement	Nutraceutical / Botanical
casein	SUPPLEMENT_INGREDIENT	Non-FDA / Dietary Supplement	Nutraceutical / Botanical
carry-me-seed	SUPPLEMENT_INGREDIENT	Non-FDA / Dietary Supplement	Nutraceutical / Botanical
tyrosinase	SUPPLEMENT_INGREDIENT	Non-FDA / Dietary Supplement	Recombinant Protein / Biologic
carya-laciniosa-pollen	BOTANICAL_OR_ORGANISM_PREPARATION	Non-FDA / Dietary Supplement	Nutraceutical / Botanical
castor-fiber-scent-gland-secretion	SUPPLEMENT_INGREDIENT	Non-FDA / Dietary Supplement	Nutraceutical / Botanical
chicory-root	BOTANICAL_OR_ORGANISM_PREPARATION	Non-FDA / Dietary Supplement	Nutraceutical / Botanical
casearia-esculenta	BOTANICAL_OR_ORGANISM_PREPARATION	Non-FDA / Dietary Supplement	Nutraceutical / Botanical
cassia	BOTANICAL_OR_ORGANISM_PREPARATION	Non-FDA / Dietary Supplement	Nutraceutical / Botanical
casein-lactococcus-lactis-cultured-penicillium-camemberti-cultured-aged	SUPPLEMENT_INGREDIENT	Non-FDA / Dietary Supplement	Nutraceutical / Botanical
cashew	BOTANICAL_OR_ORGANISM_PREPARATION	Non-FDA / Dietary Supplement	Nutraceutical / Botanical
wasabia-japonica	SUPPLEMENT_INGREDIENT	Non-FDA / Dietary Supplement	Nutraceutical / Botanical
catalase	SUPPLEMENT_INGREDIENT	Non-FDA / Dietary Supplement	Recombinant Protein / Biologic
chinese-peony	BOTANICAL_OR_ORGANISM_PREPARATION	Non-FDA / Dietary Supplement	Nutraceutical / Botanical
sophora	BOTANICAL_OR_ORGANISM_PREPARATION	Non-FDA / Dietary Supplement	Nutraceutical / Botanical
chionanthus-virginicus-whole	BOTANICAL_OR_ORGANISM_PREPARATION	Non-FDA / Dietary Supplement	Nutraceutical / Botanical
catlaw-buttercup	SUPPLEMENT_INGREDIENT	Non-FDA / Dietary Supplement	Nutraceutical / Botanical
lentein	SUPPLEMENT_INGREDIENT	Non-FDA / Dietary Supplement	Nutraceutical / Botanical
strophanthus-kombe-seed	BOTANICAL_OR_ORGANISM_PREPARATION	Non-FDA / Dietary Supplement	Nutraceutical / Botanical
catuaba	SUPPLEMENT_INGREDIENT	Non-FDA / Dietary Supplement	Nutraceutical / Botanical
chenopodium-ambrosioides-pollen	BOTANICAL_OR_ORGANISM_PREPARATION	Non-FDA / Dietary Supplement	Nutraceutical / Botanical
morus-alba-leaf	BOTANICAL_OR_ORGANISM_PREPARATION	Non-FDA / Dietary Supplement	Nutraceutical / Botanical
cauliflower	BOTANICAL_OR_ORGANISM_PREPARATION	Non-FDA / Dietary Supplement	Nutraceutical / Botanical
ceramides	SUPPLEMENT_INGREDIENT	Non-FDA / Dietary Supplement	Nutraceutical / Botanical
cypripedium-parviflorum-var-pubescens-root	BOTANICAL_OR_ORGANISM_PREPARATION	Non-FDA / Dietary Supplement	Nutraceutical / Botanical
ceanothus-americanus-whole	BOTANICAL_OR_ORGANISM_PREPARATION	Non-FDA / Dietary Supplement	Nutraceutical / Botanical
cellulose-ethers	SUPPLEMENT_INGREDIENT	Non-FDA / Dietary Supplement	Nutraceutical / Botanical
centella-asiatica-triterpenoids	APPROVED_MEDICINE	FDA Approved	Nutraceutical / Botanical
celastrus	BOTANICAL_OR_ORGANISM_PREPARATION	Non-FDA / Dietary Supplement	Nutraceutical / Botanical
celrodendrum-indicum	SUPPLEMENT_INGREDIENT	Non-FDA / Dietary Supplement	Nutraceutical / Botanical
dry-milk	SUPPLEMENT_INGREDIENT	Non-FDA / Dietary Supplement	Nutraceutical / Botanical
centella-asiatica-flowering-top	BOTANICAL_OR_ORGANISM_PREPARATION	Non-FDA / Dietary Supplement	Nutraceutical / Botanical
chaga	BOTANICAL_OR_ORGANISM_PREPARATION	Non-FDA / Dietary Supplement	Nutraceutical / Botanical
eleutherococcus-gracilistylus	BOTANICAL_OR_ORGANISM_PREPARATION	Non-FDA / Dietary Supplement	Nutraceutical / Botanical
cereal-grass	SUPPLEMENT_INGREDIENT	Non-FDA / Dietary Supplement	Nutraceutical / Botanical
chicken-gizzard	SUPPLEMENT_INGREDIENT	Non-FDA / Dietary Supplement	Nutraceutical / Botanical
mung-bean	SUPPLEMENT_INGREDIENT	Non-FDA / Dietary Supplement	Nutraceutical / Botanical
cereus	SUPPLEMENT_INGREDIENT	Non-FDA / Dietary Supplement	Nutraceutical / Botanical
chicory-fiber	SUPPLEMENT_INGREDIENT	Non-FDA / Dietary Supplement	Nutraceutical / Botanical
galactosidase	SUPPLEMENT_INGREDIENT	Non-FDA / Dietary Supplement	Recombinant Protein / Biologic
chinese-chive	SUPPLEMENT_INGREDIENT	Non-FDA / Dietary Supplement	Nutraceutical / Botanical
ceylon-cinnamon	BOTANICAL_OR_ORGANISM_PREPARATION	Non-FDA / Dietary Supplement	Nutraceutical / Botanical
chenopodium-album-whole	BOTANICAL_OR_ORGANISM_PREPARATION	Non-FDA / Dietary Supplement	Nutraceutical / Botanical
chinese-agarwood	SUPPLEMENT_INGREDIENT	Non-FDA / Dietary Supplement	Nutraceutical / Botanical
chaparral	SUPPLEMENT_INGREDIENT	Non-FDA / Dietary Supplement	Nutraceutical / Botanical
chinese-chestnut	BOTANICAL_OR_ORGANISM_PREPARATION	Non-FDA / Dietary Supplement	Nutraceutical / Botanical
frangula-purshiana-bark	BOTANICAL_OR_ORGANISM_PREPARATION	Non-FDA / Dietary Supplement	Nutraceutical / Botanical
chelone-glabra	BOTANICAL_OR_ORGANISM_PREPARATION	Non-FDA / Dietary Supplement	Nutraceutical / Botanical
grape-seed-oil	MARKETED_PRODUCT_INGREDIENT	FDA Approved	Small Molecule
chloroplast	SUPPLEMENT_INGREDIENT	Non-FDA / Dietary Supplement	Nutraceutical / Botanical
cherokee-rosehip	SUPPLEMENT_INGREDIENT	Non-FDA / Dietary Supplement	Nutraceutical / Botanical
chicken-protein	SUPPLEMENT_INGREDIENT	Non-FDA / Dietary Supplement	Nutraceutical / Botanical
ginseng	BOTANICAL_OR_ORGANISM_PREPARATION	Non-FDA / Dietary Supplement	Nutraceutical / Botanical
chickweed	SUPPLEMENT_INGREDIENT	Non-FDA / Dietary Supplement	Nutraceutical / Botanical
chrysantellum-americanum	SUPPLEMENT_INGREDIENT	Non-FDA / Dietary Supplement	Nutraceutical / Botanical
cinquefoil	SUPPLEMENT_INGREDIENT	Non-FDA / Dietary Supplement	Nutraceutical / Botanical
coin-leaf-desmodium	SUPPLEMENT_INGREDIENT	Non-FDA / Dietary Supplement	Nutraceutical / Botanical
chinese-ash	SUPPLEMENT_INGREDIENT	Non-FDA / Dietary Supplement	Nutraceutical / Botanical
chrysanthellum-indicum-whole	MARKETED_PRODUCT_INGREDIENT	FDA Approved	Nutraceutical / Botanical
cinchona-pubescens-bark	BOTANICAL_OR_ORGANISM_PREPARATION	Non-FDA / Dietary Supplement	Nutraceutical / Botanical
chinese-dodder	SUPPLEMENT_INGREDIENT	Non-FDA / Dietary Supplement	Nutraceutical / Botanical
chinese-rice-paper-plant	SUPPLEMENT_INGREDIENT	Non-FDA / Dietary Supplement	Nutraceutical / Botanical
chrysops-vittatus-whole	INVESTIGATIONAL_MEDICINE	Pre-clinical / Open Source	Nutraceutical / Botanical
chinese-mountain-ant	SUPPLEMENT_INGREDIENT	Non-FDA / Dietary Supplement	Nutraceutical / Botanical
indian-frankincense	SUPPLEMENT_INGREDIENT	Non-FDA / Dietary Supplement	Nutraceutical / Botanical
chymotrypsin	SUPPLEMENT_INGREDIENT	Non-FDA / Dietary Supplement	Nutraceutical / Botanical
chinese-motherwort	BOTANICAL_OR_ORGANISM_PREPARATION	Non-FDA / Dietary Supplement	Nutraceutical / Botanical
chrysanthellum-americanum	SUPPLEMENT_INGREDIENT	Non-FDA / Dietary Supplement	Nutraceutical / Botanical
human-herpesvirus-2	BOTANICAL_OR_ORGANISM_PREPARATION	Non-FDA / Dietary Supplement	Nutraceutical / Botanical
indian-pipe	BOTANICAL_OR_ORGANISM_PREPARATION	Non-FDA / Dietary Supplement	Nutraceutical / Botanical
chinese-plumbago	SUPPLEMENT_INGREDIENT	Non-FDA / Dietary Supplement	Nutraceutical / Botanical
chinese-yam	BOTANICAL_OR_ORGANISM_PREPARATION	Non-FDA / Dietary Supplement	Nutraceutical / Botanical
influenza-b-virus-b-austria-1359417-2021-bvr-26-whole	SUPPLEMENT_INGREDIENT	Non-FDA / Dietary Supplement	Nutraceutical / Botanical
chinese-star-jasmine	SUPPLEMENT_INGREDIENT	Non-FDA / Dietary Supplement	Nutraceutical / Botanical
japanese-horseradish	SUPPLEMENT_INGREDIENT	Non-FDA / Dietary Supplement	Nutraceutical / Botanical
kukicha	SUPPLEMENT_INGREDIENT	Non-FDA / Dietary Supplement	Nutraceutical / Botanical
leonurus-cardiaca-flowering-top	BOTANICAL_OR_ORGANISM_PREPARATION	Non-FDA / Dietary Supplement	Nutraceutical / Botanical
hydroxyethyl-cellulose	APPROVED_MEDICINE	FDA Approved	Small Molecule
isatis-tinctoria-root	BOTANICAL_OR_ORGANISM_PREPARATION	Non-FDA / Dietary Supplement	Nutraceutical / Botanical
juglans-nigra-pollen	BOTANICAL_OR_ORGANISM_PREPARATION	Non-FDA / Dietary Supplement	Nutraceutical / Botanical
insect-wax	SUPPLEMENT_INGREDIENT	Non-FDA / Dietary Supplement	Nutraceutical / Botanical
chitin-glucan	SUPPLEMENT_INGREDIENT	Non-FDA / Dietary Supplement	Nutraceutical / Botanical
kalimeris-indica-whole	BOTANICAL_OR_ORGANISM_PREPARATION	Non-FDA / Dietary Supplement	Nutraceutical / Botanical
barium	SUPPLEMENT_INGREDIENT	Non-FDA / Dietary Supplement	Nutraceutical / Botanical
lactobacillus-rhamnosus	BOTANICAL_OR_ORGANISM_PREPARATION	Non-FDA / Dietary Supplement	Nutraceutical / Botanical
chlorella-protein	SUPPLEMENT_INGREDIENT	Non-FDA / Dietary Supplement	Nutraceutical / Botanical
chromium-carnosinate	SUPPLEMENT_INGREDIENT	Non-FDA / Dietary Supplement	Nutraceutical / Botanical
keratin	SUPPLEMENT_INGREDIENT	Non-FDA / Dietary Supplement	Nutraceutical / Botanical
cholera-enterotoxin-subunit-b	SUPPLEMENT_INGREDIENT	Non-FDA / Dietary Supplement	Nutraceutical / Botanical
chrysanthellum-indicum	BOTANICAL_OR_ORGANISM_PREPARATION	Non-FDA / Dietary Supplement	Nutraceutical / Botanical
clary-sage	SUPPLEMENT_INGREDIENT	Non-FDA / Dietary Supplement	Nutraceutical / Botanical
chromic	APPROVED_MEDICINE	FDA Approved	Small Molecule
lemon-oil	BOTANICAL_OR_ORGANISM_PREPARATION	Non-FDA / Dietary Supplement	Nutraceutical / Botanical
cimicifuga-racemosa-root	BOTANICAL_OR_ORGANISM_PREPARATION	Non-FDA / Dietary Supplement	Nutraceutical / Botanical
circada	SUPPLEMENT_INGREDIENT	Non-FDA / Dietary Supplement	Nutraceutical / Botanical
malva-neglecta-whole	BOTANICAL_OR_ORGANISM_PREPARATION	Non-FDA / Dietary Supplement	Nutraceutical / Botanical
cinnamomum-burmanii	SUPPLEMENT_INGREDIENT	Non-FDA / Dietary Supplement	Nutraceutical / Botanical
citrus-medica-var-sarcodactylis-whole	BOTANICAL_OR_ORGANISM_PREPARATION	Non-FDA / Dietary Supplement	Nutraceutical / Botanical
maple	SUPPLEMENT_INGREDIENT	Non-FDA / Dietary Supplement	Nutraceutical / Botanical
cinnamon-bark	BOTANICAL_OR_ORGANISM_PREPARATION	Non-FDA / Dietary Supplement	Nutraceutical / Botanical
citrus-aurantium-fruit-rind	SUPPLEMENT_INGREDIENT	Non-FDA / Dietary Supplement	Nutraceutical / Botanical
masson-pine	SUPPLEMENT_INGREDIENT	Non-FDA / Dietary Supplement	Nutraceutical / Botanical
cinnamon-bark-oil	SUPPLEMENT_INGREDIENT	Non-FDA / Dietary Supplement	Nutraceutical / Botanical
lysophosphtidylcholine	SUPPLEMENT_INGREDIENT	Non-FDA / Dietary Supplement	Nutraceutical / Botanical
cinnamon-oil	MARKETED_PRODUCT_INGREDIENT	FDA Approved	Nutraceutical / Botanical
citrus-paradisi-whole	BOTANICAL_OR_ORGANISM_PREPARATION	Non-FDA / Dietary Supplement	Nutraceutical / Botanical
melilotus-albus-top	BOTANICAL_OR_ORGANISM_PREPARATION	Non-FDA / Dietary Supplement	Nutraceutical / Botanical
cinnamonum-burmannii	SUPPLEMENT_INGREDIENT	Non-FDA / Dietary Supplement	Nutraceutical / Botanical
cod-liver-oil	MARKETED_PRODUCT_INGREDIENT	FDA Approved	Nutraceutical / Botanical
mineral-blend	SUPPLEMENT_INGREDIENT	Non-FDA / Dietary Supplement	Nutraceutical / Botanical
cirsium-arvense-stem	BOTANICAL_OR_ORGANISM_PREPARATION	Non-FDA / Dietary Supplement	Nutraceutical / Botanical
collagenase-clostridium-histolyticum-aaes	APPROVED_BIOLOGIC	FDA Approved	Recombinant Protein / Biologic
mecasermin-rinfabate-recombinant	APPROVED_BIOLOGIC	FDA Approved	Recombinant Protein / Biologic
citrus-bioflavonoids	SUPPLEMENT_INGREDIENT	Non-FDA / Dietary Supplement	Nutraceutical / Botanical
cochineal	SUPPLEMENT_INGREDIENT	Non-FDA / Dietary Supplement	Nutraceutical / Botanical
myristica-fragrans-whole	BOTANICAL_OR_ORGANISM_PREPARATION	Non-FDA / Dietary Supplement	Nutraceutical / Botanical
citrus-unspecified	SUPPLEMENT_INGREDIENT	Non-FDA / Dietary Supplement	Nutraceutical / Botanical
cocoa-butter	MARKETED_PRODUCT_INGREDIENT	FDA Approved	Small Molecule
mycobacterium-avium	BOTANICAL_OR_ORGANISM_PREPARATION	Non-FDA / Dietary Supplement	Nutraceutical / Botanical
citrus-sinensis-pollen	BOTANICAL_OR_ORGANISM_PREPARATION	Non-FDA / Dietary Supplement	Nutraceutical / Botanical
colostrum	SUPPLEMENT_INGREDIENT	Non-FDA / Dietary Supplement	Nutraceutical / Botanical
oldenlandia-diffusa	BOTANICAL_OR_ORGANISM_PREPARATION	Non-FDA / Dietary Supplement	Nutraceutical / Botanical
orange-fiber	SUPPLEMENT_INGREDIENT	Non-FDA / Dietary Supplement	Nutraceutical / Botanical
alcloxa	OFF_LABEL_OR_COMPOUNDED	Off-Label / Compounded	Small Molecule
cleavers	SUPPLEMENT_INGREDIENT	Non-FDA / Dietary Supplement	Nutraceutical / Botanical
northern-brown-shrimp	INVESTIGATIONAL_MEDICINE	Pre-clinical / Open Source	Recombinant Protein / Biologic
necator-americanus	BOTANICAL_OR_ORGANISM_PREPARATION	Non-FDA / Dietary Supplement	Nutraceutical / Botanical
clematis-armandii	SUPPLEMENT_INGREDIENT	Non-FDA / Dietary Supplement	Nutraceutical / Botanical
clostridium-botulinum	BOTANICAL_OR_ORGANISM_PREPARATION	Non-FDA / Dietary Supplement	Nutraceutical / Botanical
pagoda-tree	BOTANICAL_OR_ORGANISM_PREPARATION	Non-FDA / Dietary Supplement	Nutraceutical / Botanical
clostridium-tetani	BOTANICAL_OR_ORGANISM_PREPARATION	Non-FDA / Dietary Supplement	Nutraceutical / Botanical
oryctolagus-cuniculus-thyroid	SUPPLEMENT_INGREDIENT	Non-FDA / Dietary Supplement	Nutraceutical / Botanical
palmyra	SUPPLEMENT_INGREDIENT	Non-FDA / Dietary Supplement	Nutraceutical / Botanical
club-moss	SUPPLEMENT_INGREDIENT	Non-FDA / Dietary Supplement	Nutraceutical / Botanical
colchicum-autumnale-whole	BOTANICAL_OR_ORGANISM_PREPARATION	Non-FDA / Dietary Supplement	Nutraceutical / Botanical
peptone	SUPPLEMENT_INGREDIENT	Non-FDA / Dietary Supplement	Nutraceutical / Botanical
coccinia-grandis-whole	BOTANICAL_OR_ORGANISM_PREPARATION	Non-FDA / Dietary Supplement	Nutraceutical / Botanical
corynebacterium-diphtheriae-toxoid-antigen	INVESTIGATIONAL_MEDICINE	Pre-clinical / Open Source	Nutraceutical / Botanical
pervinca-minor-whole	SUPPLEMENT_INGREDIENT	Non-FDA / Dietary Supplement	Nutraceutical / Botanical
cochlearia-officinalis-flowering-top	BOTANICAL_OR_ORGANISM_PREPARATION	Non-FDA / Dietary Supplement	Nutraceutical / Botanical
colocynth	BOTANICAL_OR_ORGANISM_PREPARATION	Non-FDA / Dietary Supplement	Nutraceutical / Botanical
coriander	BOTANICAL_OR_ORGANISM_PREPARATION	Non-FDA / Dietary Supplement	Nutraceutical / Botanical
pinus-palustris-pollen	INVESTIGATIONAL_MEDICINE	Pre-clinical / Open Source	Nutraceutical / Botanical
coffee-bean	SUPPLEMENT_INGREDIENT	Non-FDA / Dietary Supplement	Nutraceutical / Botanical
common-thatching-grass	SUPPLEMENT_INGREDIENT	Non-FDA / Dietary Supplement	Nutraceutical / Botanical
pedalium	BOTANICAL_OR_ORGANISM_PREPARATION	Non-FDA / Dietary Supplement	Nutraceutical / Botanical
coffee-senna	BOTANICAL_OR_ORGANISM_PREPARATION	Non-FDA / Dietary Supplement	Nutraceutical / Botanical
coleus-forskohlii-root-oil	SUPPLEMENT_INGREDIENT	Non-FDA / Dietary Supplement	Nutraceutical / Botanical
common-periwinkle	BOTANICAL_OR_ORGANISM_PREPARATION	Non-FDA / Dietary Supplement	Nutraceutical / Botanical
commiphora-gileadensis	BOTANICAL_OR_ORGANISM_PREPARATION	Non-FDA / Dietary Supplement	Nutraceutical / Botanical
conyza-canadensis	BOTANICAL_OR_ORGANISM_PREPARATION	Non-FDA / Dietary Supplement	Nutraceutical / Botanical
creatyl-l-leucine	SUPPLEMENT_INGREDIENT	Non-FDA / Dietary Supplement	Nutraceutical / Botanical
plumeria-rubra-whole	BOTANICAL_OR_ORGANISM_PREPARATION	Non-FDA / Dietary Supplement	Nutraceutical / Botanical
common-zinnia	SUPPLEMENT_INGREDIENT	Non-FDA / Dietary Supplement	Nutraceutical / Botanical
polygonatum-cirrhifolium	BOTANICAL_OR_ORGANISM_PREPARATION	Non-FDA / Dietary Supplement	Nutraceutical / Botanical
populus-balsamifera-leaf-bud	BOTANICAL_OR_ORGANISM_PREPARATION	Non-FDA / Dietary Supplement	Nutraceutical / Botanical
convallaria-majalis	BOTANICAL_OR_ORGANISM_PREPARATION	Non-FDA / Dietary Supplement	Nutraceutical / Botanical
costus	BOTANICAL_OR_ORGANISM_PREPARATION	Non-FDA / Dietary Supplement	Nutraceutical / Botanical
prickly-pear-cactus	SUPPLEMENT_INGREDIENT	Non-FDA / Dietary Supplement	Nutraceutical / Botanical
convolvulus-arvensis-whole	BOTANICAL_OR_ORGANISM_PREPARATION	Non-FDA / Dietary Supplement	Nutraceutical / Botanical
cow-milk	SUPPLEMENT_INGREDIENT	Non-FDA / Dietary Supplement	Nutraceutical / Botanical
salix-x-fragilis-pollen	BOTANICAL_OR_ORGANISM_PREPARATION	Non-FDA / Dietary Supplement	Nutraceutical / Botanical
creatine-isoleucine	SUPPLEMENT_INGREDIENT	Non-FDA / Dietary Supplement	Nutraceutical / Botanical
convolvulus-prostratus	BOTANICAL_OR_ORGANISM_PREPARATION	Non-FDA / Dietary Supplement	Nutraceutical / Botanical
punicosides	SUPPLEMENT_INGREDIENT	Non-FDA / Dietary Supplement	Nutraceutical / Botanical
corallium-rubrum-whole	BOTANICAL_OR_ORGANISM_PREPARATION	Non-FDA / Dietary Supplement	Nutraceutical / Botanical
rabbit	BOTANICAL_OR_ORGANISM_PREPARATION	Non-FDA / Dietary Supplement	Nutraceutical / Botanical
cosmos-sulphureus-flowering-top	BOTANICAL_OR_ORGANISM_PREPARATION	Non-FDA / Dietary Supplement	Nutraceutical / Botanical
cotton	BOTANICAL_OR_ORGANISM_PREPARATION	Non-FDA / Dietary Supplement	Nutraceutical / Botanical
corn-bran	SUPPLEMENT_INGREDIENT	Non-FDA / Dietary Supplement	Nutraceutical / Botanical
corylus-avellana-pollen	BOTANICAL_OR_ORGANISM_PREPARATION	Non-FDA / Dietary Supplement	Nutraceutical / Botanical
quercus-robur-nut	BOTANICAL_OR_ORGANISM_PREPARATION	Non-FDA / Dietary Supplement	Nutraceutical / Botanical
rhododendron-aureum-whole	BOTANICAL_OR_ORGANISM_PREPARATION	Non-FDA / Dietary Supplement	Nutraceutical / Botanical
corn-grain	SUPPLEMENT_INGREDIENT	Non-FDA / Dietary Supplement	Nutraceutical / Botanical
crocus-sativus-flower	MARKETED_PRODUCT_INGREDIENT	FDA Approved	Nutraceutical / Botanical
red-king-crab	INVESTIGATIONAL_MEDICINE	Pre-clinical / Open Source	Recombinant Protein / Biologic
corydalis-yanhusuo-tuber	MARKETED_PRODUCT_INGREDIENT	FDA Approved	Nutraceutical / Botanical
creatine-valine	SUPPLEMENT_INGREDIENT	Non-FDA / Dietary Supplement	Nutraceutical / Botanical
sambucus-nigra-flower	BOTANICAL_OR_ORGANISM_PREPARATION	Non-FDA / Dietary Supplement	Nutraceutical / Botanical
cotton-seed	BOTANICAL_OR_ORGANISM_PREPARATION	Non-FDA / Dietary Supplement	Nutraceutical / Botanical
crataegus-laevigata-whole	BOTANICAL_OR_ORGANISM_PREPARATION	Non-FDA / Dietary Supplement	Nutraceutical / Botanical
sesbania-grandiflora	BOTANICAL_OR_ORGANISM_PREPARATION	Non-FDA / Dietary Supplement	Nutraceutical / Botanical
cowhage	SUPPLEMENT_INGREDIENT	Non-FDA / Dietary Supplement	Nutraceutical / Botanical
sterculia	BOTANICAL_OR_ORGANISM_PREPARATION	Non-FDA / Dietary Supplement	Nutraceutical / Botanical
crataegus-rivularis-whole	BOTANICAL_OR_ORGANISM_PREPARATION	Non-FDA / Dietary Supplement	Nutraceutical / Botanical
cow-milk-fat	SUPPLEMENT_INGREDIENT	Non-FDA / Dietary Supplement	Nutraceutical / Botanical
creatine-glutamine	SUPPLEMENT_INGREDIENT	Non-FDA / Dietary Supplement	Nutraceutical / Botanical
cyperus-rotundus	BOTANICAL_OR_ORGANISM_PREPARATION	Non-FDA / Dietary Supplement	Nutraceutical / Botanical
creatine-alpha-aminobutyrate	SUPPLEMENT_INGREDIENT	Non-FDA / Dietary Supplement	Nutraceutical / Botanical
crocus-sativus-whole	BOTANICAL_OR_ORGANISM_PREPARATION	Non-FDA / Dietary Supplement	Nutraceutical / Botanical
skunk-cabbage	BOTANICAL_OR_ORGANISM_PREPARATION	Non-FDA / Dietary Supplement	Nutraceutical / Botanical
curculigo	BOTANICAL_OR_ORGANISM_PREPARATION	Non-FDA / Dietary Supplement	Nutraceutical / Botanical
creatine-gluconate	SUPPLEMENT_INGREDIENT	Non-FDA / Dietary Supplement	Nutraceutical / Botanical
strychnos-wallichiana-bark	BOTANICAL_OR_ORGANISM_PREPARATION	Non-FDA / Dietary Supplement	Nutraceutical / Botanical
dendrobium	BOTANICAL_OR_ORGANISM_PREPARATION	Non-FDA / Dietary Supplement	Nutraceutical / Botanical
creatine-leucine	SUPPLEMENT_INGREDIENT	Non-FDA / Dietary Supplement	Nutraceutical / Botanical
taxus-baccata-whole	BOTANICAL_OR_ORGANISM_PREPARATION	Non-FDA / Dietary Supplement	Nutraceutical / Botanical
crinum-latifolium	BOTANICAL_OR_ORGANISM_PREPARATION	Non-FDA / Dietary Supplement	Nutraceutical / Botanical
culvers-root	SUPPLEMENT_INGREDIENT	Non-FDA / Dietary Supplement	Nutraceutical / Botanical
tussilago-farfara	BOTANICAL_OR_ORGANISM_PREPARATION	Non-FDA / Dietary Supplement	Nutraceutical / Botanical
curcuma-aromatica	BOTANICAL_OR_ORGANISM_PREPARATION	Non-FDA / Dietary Supplement	Nutraceutical / Botanical
crustaceans	SUPPLEMENT_INGREDIENT	Non-FDA / Dietary Supplement	Nutraceutical / Botanical
human-coxsackievirus-a2	BOTANICAL_OR_ORGANISM_PREPARATION	Non-FDA / Dietary Supplement	Nutraceutical / Botanical
uncaria-rhynchophylla	BOTANICAL_OR_ORGANISM_PREPARATION	Non-FDA / Dietary Supplement	Nutraceutical / Botanical
watermelon	BOTANICAL_OR_ORGANISM_PREPARATION	Non-FDA / Dietary Supplement	Nutraceutical / Botanical
cryptosporidium-parvum	BOTANICAL_OR_ORGANISM_PREPARATION	Non-FDA / Dietary Supplement	Nutraceutical / Botanical
cupressus-sempervirens-leaf-oil	MARKETED_PRODUCT_INGREDIENT	FDA Approved	Nutraceutical / Botanical
veratrum-nigrum-flowering-top	BOTANICAL_OR_ORGANISM_PREPARATION	Non-FDA / Dietary Supplement	Nutraceutical / Botanical
cucumber	SUPPLEMENT_INGREDIENT	Non-FDA / Dietary Supplement	Nutraceutical / Botanical
cucurbita-pepo-whole	BOTANICAL_OR_ORGANISM_PREPARATION	Non-FDA / Dietary Supplement	Nutraceutical / Botanical
cynomorium	BOTANICAL_OR_ORGANISM_PREPARATION	Non-FDA / Dietary Supplement	Nutraceutical / Botanical
wild-mint	BOTANICAL_OR_ORGANISM_PREPARATION	Non-FDA / Dietary Supplement	Nutraceutical / Botanical
cucurbita-pepo-subsp-ovifera-whole	BOTANICAL_OR_ORGANISM_PREPARATION	Non-FDA / Dietary Supplement	Nutraceutical / Botanical
cynanchum-otophyllum-whole	BOTANICAL_OR_ORGANISM_PREPARATION	Non-FDA / Dietary Supplement	Nutraceutical / Botanical
fusarium-oxysporum-vasinfectum	MARKETED_PRODUCT_INGREDIENT	Non-FDA / Dietary Supplement	Nutraceutical / Botanical
viscum-album-fruit	BOTANICAL_OR_ORGANISM_PREPARATION	Non-FDA / Dietary Supplement	Nutraceutical / Botanical
sus-scrofa-stomach	MARKETED_PRODUCT_INGREDIENT	Non-FDA / Dietary Supplement	Nutraceutical / Botanical
deflazacort	APPROVED_MEDICINE	FDA Approved	Small Molecule
cuprous-oxide	SUPPLEMENT_INGREDIENT	Non-FDA / Dietary Supplement	Nutraceutical / Botanical
curcuminoid	SUPPLEMENT_INGREDIENT	Non-FDA / Dietary Supplement	Nutraceutical / Botanical
daphne-odora-bark	BOTANICAL_OR_ORGANISM_PREPARATION	Non-FDA / Dietary Supplement	Nutraceutical / Botanical
curcuminoids	SUPPLEMENT_INGREDIENT	Non-FDA / Dietary Supplement	Nutraceutical / Botanical
cynara-scolymus-leaf	BOTANICAL_OR_ORGANISM_PREPARATION	Non-FDA / Dietary Supplement	Nutraceutical / Botanical
apc-356433	MARKETED_PRODUCT_INGREDIENT	Non-FDA / Dietary Supplement	Nutraceutical / Botanical
cyanotis-vaga	BOTANICAL_OR_ORGANISM_PREPARATION	Non-FDA / Dietary Supplement	Nutraceutical / Botanical
polyestradiol	APPROVED_MEDICINE	FDA Approved	Small Molecule
cyathula	BOTANICAL_OR_ORGANISM_PREPARATION	Non-FDA / Dietary Supplement	Nutraceutical / Botanical
dactylis-glomerata-top	BOTANICAL_OR_ORGANISM_PREPARATION	Non-FDA / Dietary Supplement	Nutraceutical / Botanical
sus-scrofa-sympathetic-nerve	MARKETED_PRODUCT_INGREDIENT	Non-FDA / Dietary Supplement	Nutraceutical / Botanical
cytisus-scoparius-flowering-top	BOTANICAL_OR_ORGANISM_PREPARATION	Non-FDA / Dietary Supplement	Nutraceutical / Botanical
date	SUPPLEMENT_INGREDIENT	Non-FDA / Dietary Supplement	Nutraceutical / Botanical
velafermin	MARKETED_PRODUCT_INGREDIENT	Non-FDA / Dietary Supplement	Nutraceutical / Botanical
zinc-sulfate-heptahydrate-cupric-sulfate-manganese-sulfate-selenious-acid	APPROVED_MEDICINE	FDA Approved	Small Molecule
daphne	BOTANICAL_OR_ORGANISM_PREPARATION	Non-FDA / Dietary Supplement	Nutraceutical / Botanical
sus-scrofa-parasympathetic-nerve	MARKETED_PRODUCT_INGREDIENT	Non-FDA / Dietary Supplement	Nutraceutical / Botanical
6-ketodiosgenin	SUPPLEMENT_INGREDIENT	Non-FDA / Dietary Supplement	Nutraceutical / Botanical
cicada-periostracum	MARKETED_PRODUCT_INGREDIENT	Non-FDA / Dietary Supplement	Nutraceutical / Botanical
pertuzumab-dpzb	APPROVED_BIOLOGIC	FDA Approved	Recombinant Protein / Biologic
davidsons-penstemon	SUPPLEMENT_INGREDIENT	Non-FDA / Dietary Supplement	Nutraceutical / Botanical
dialyzable-leukocyte-extract	SUPPLEMENT_INGREDIENT	Non-FDA / Dietary Supplement	Nutraceutical / Botanical
quinoa-protein	SUPPLEMENT_INGREDIENT	Non-FDA / Dietary Supplement	Nutraceutical / Botanical
dwarf-lilyturf	SUPPLEMENT_INGREDIENT	Non-FDA / Dietary Supplement	Nutraceutical / Botanical
descurainia-sophia-seed	BOTANICAL_OR_ORGANISM_PREPARATION	Non-FDA / Dietary Supplement	Nutraceutical / Botanical
hellebore	SUPPLEMENT_INGREDIENT	Non-FDA / Dietary Supplement	Nutraceutical / Botanical
diamine-oxidase	SUPPLEMENT_INGREDIENT	Non-FDA / Dietary Supplement	Recombinant Protein / Biologic
dioscorea-alata-whole	BOTANICAL_OR_ORGANISM_PREPARATION	Non-FDA / Dietary Supplement	Nutraceutical / Botanical
4-androsterone	SUPPLEMENT_INGREDIENT	Non-FDA / Dietary Supplement	Nutraceutical / Botanical
dichroa	BOTANICAL_OR_ORGANISM_PREPARATION	Non-FDA / Dietary Supplement	Nutraceutical / Botanical
endopeptidase	SUPPLEMENT_INGREDIENT	Non-FDA / Dietary Supplement	Recombinant Protein / Biologic
ragweed	SUPPLEMENT_INGREDIENT	Non-FDA / Dietary Supplement	Nutraceutical / Botanical
dichrostachys-glomerata	SUPPLEMENT_INGREDIENT	Non-FDA / Dietary Supplement	Nutraceutical / Botanical
tree-turmeric	SUPPLEMENT_INGREDIENT	Non-FDA / Dietary Supplement	Nutraceutical / Botanical
mephedrone	CONTROLLED_NO_APPROVED_USE	Controlled / No Approved Use	Small Molecule
barium-chloride	SUPPLEMENT_INGREDIENT	Non-FDA / Dietary Supplement	Nutraceutical / Botanical
sichuan-fritillary	SUPPLEMENT_INGREDIENT	Non-FDA / Dietary Supplement	Nutraceutical / Botanical
dicentra-formosa-whole	BOTANICAL_OR_ORGANISM_PREPARATION	Non-FDA / Dietary Supplement	Nutraceutical / Botanical
soapberry	SUPPLEMENT_INGREDIENT	Non-FDA / Dietary Supplement	Nutraceutical / Botanical
sweet-violet	SUPPLEMENT_INGREDIENT	Non-FDA / Dietary Supplement	Nutraceutical / Botanical
didymocarpus-pedicellata	SUPPLEMENT_INGREDIENT	Non-FDA / Dietary Supplement	Nutraceutical / Botanical
diphtherial-respiratory-pseudomembrane-human	SUPPLEMENT_INGREDIENT	Non-FDA / Dietary Supplement	Nutraceutical / Botanical
silkmoth	SUPPLEMENT_INGREDIENT	Non-FDA / Dietary Supplement	Nutraceutical / Botanical
digestion-resistant-maltodextrin	SUPPLEMENT_INGREDIENT	Non-FDA / Dietary Supplement	Nutraceutical / Botanical
dioscorea-collettii-vs-hypoglauca	SUPPLEMENT_INGREDIENT	Non-FDA / Dietary Supplement	Nutraceutical / Botanical
turmerones	SUPPLEMENT_INGREDIENT	Non-FDA / Dietary Supplement	Nutraceutical / Botanical
dill	BOTANICAL_OR_ORGANISM_PREPARATION	Non-FDA / Dietary Supplement	Nutraceutical / Botanical
dipsacus-asperloids	SUPPLEMENT_INGREDIENT	Non-FDA / Dietary Supplement	Nutraceutical / Botanical
vegetable-juice	SUPPLEMENT_INGREDIENT	Non-FDA / Dietary Supplement	Nutraceutical / Botanical
yumberry	SUPPLEMENT_INGREDIENT	Non-FDA / Dietary Supplement	Nutraceutical / Botanical
dioscorea-collettii	BOTANICAL_OR_ORGANISM_PREPARATION	Non-FDA / Dietary Supplement	Nutraceutical / Botanical
dragon-fruit	SUPPLEMENT_INGREDIENT	Non-FDA / Dietary Supplement	Nutraceutical / Botanical
wine	SUPPLEMENT_INGREDIENT	Non-FDA / Dietary Supplement	Nutraceutical / Botanical
dioscorea-collettii-var-hypoglauca	BOTANICAL_OR_ORGANISM_PREPARATION	Non-FDA / Dietary Supplement	Nutraceutical / Botanical
weak-jumby-pepper	SUPPLEMENT_INGREDIENT	Non-FDA / Dietary Supplement	Nutraceutical / Botanical
white-fig	SUPPLEMENT_INGREDIENT	Non-FDA / Dietary Supplement	Nutraceutical / Botanical
5-meo-dmt	CONTROLLED_NO_APPROVED_USE	Controlled / No Approved Use	Small Molecule
dog-rose	BOTANICAL_OR_ORGANISM_PREPARATION	Non-FDA / Dietary Supplement	Nutraceutical / Botanical
duckweed	BOTANICAL_OR_ORGANISM_PREPARATION	Non-FDA / Dietary Supplement	Nutraceutical / Botanical
ylang-ylang	SUPPLEMENT_INGREDIENT	Non-FDA / Dietary Supplement	Nutraceutical / Botanical
dolichovespula-maculata-venom-protein	INVESTIGATIONAL_MEDICINE	Pre-clinical / Open Source	Nutraceutical / Botanical
duckweed-protein	SUPPLEMENT_INGREDIENT	Non-FDA / Dietary Supplement	Nutraceutical / Botanical
yogurt	SUPPLEMENT_INGREDIENT	Non-FDA / Dietary Supplement	Nutraceutical / Botanical
echinacea-angustifolia-root	BOTANICAL_OR_ORGANISM_PREPARATION	Non-FDA / Dietary Supplement	Nutraceutical / Botanical
duodenal-substance	SUPPLEMENT_INGREDIENT	Non-FDA / Dietary Supplement	Nutraceutical / Botanical
turnera-diffusa-leaf	BOTANICAL_OR_ORGANISM_PREPARATION	Non-FDA / Dietary Supplement	Nutraceutical / Botanical
typhonium-flagelliforme	BOTANICAL_OR_ORGANISM_PREPARATION	Non-FDA / Dietary Supplement	Nutraceutical / Botanical
earthworm	BOTANICAL_OR_ORGANISM_PREPARATION	Non-FDA / Dietary Supplement	Nutraceutical / Botanical
enzyme	SUPPLEMENT_INGREDIENT	Non-FDA / Dietary Supplement	Nutraceutical / Botanical
vinca-minor	BOTANICAL_OR_ORGANISM_PREPARATION	Non-FDA / Dietary Supplement	Nutraceutical / Botanical
eastern-oyster	INVESTIGATIONAL_MEDICINE	Pre-clinical / Open Source	Recombinant Protein / Biologic
visnea-mocanera	BOTANICAL_OR_ORGANISM_PREPARATION	Non-FDA / Dietary Supplement	Nutraceutical / Botanical
mockernut	MARKETED_PRODUCT_INGREDIENT	Non-FDA / Dietary Supplement	Nutraceutical / Botanical
eastern-red-cedar	SUPPLEMENT_INGREDIENT	Non-FDA / Dietary Supplement	Nutraceutical / Botanical
echium	BOTANICAL_OR_ORGANISM_PREPARATION	Non-FDA / Dietary Supplement	Nutraceutical / Botanical
elephant-vine	SUPPLEMENT_INGREDIENT	Non-FDA / Dietary Supplement	Nutraceutical / Botanical
echinacea-angustifolia-whole	BOTANICAL_OR_ORGANISM_PREPARATION	Non-FDA / Dietary Supplement	Nutraceutical / Botanical
retatrutide	INVESTIGATIONAL_MEDICINE	Phase 3 Clinical Trial	Peptide / GLP-1 Agonist
sus-scrofa-lymph	MARKETED_PRODUCT_INGREDIENT	Non-FDA / Dietary Supplement	Nutraceutical / Botanical
echinacea-purpurea-flowering-top	BOTANICAL_OR_ORGANISM_PREPARATION	Non-FDA / Dietary Supplement	Nutraceutical / Botanical
whey	SUPPLEMENT_INGREDIENT	Non-FDA / Dietary Supplement	Nutraceutical / Botanical
degarelix	APPROVED_MEDICINE	FDA Approved	Small Molecule
streptococcus-pneumoniae-type-14-capsular-polysaccharide-diphtheria-crm197-protein-conjugate	INVESTIGATIONAL_MEDICINE	Pre-clinical / Open Source	Recombinant Protein / Biologic
egg-shell-cooked	SUPPLEMENT_INGREDIENT	Non-FDA / Dietary Supplement	Nutraceutical / Botanical
sus-scrofa-adrenal-cortex	MARKETED_PRODUCT_INGREDIENT	Non-FDA / Dietary Supplement	Nutraceutical / Botanical
tobacco-smoke	MARKETED_PRODUCT_INGREDIENT	Non-FDA / Dietary Supplement	Nutraceutical / Botanical
quebracho-bark	MARKETED_PRODUCT_INGREDIENT	Non-FDA / Dietary Supplement	Nutraceutical / Botanical
polyglyceryl-4-isostearate	MARKETED_PRODUCT_INGREDIENT	FDA Approved	Small Molecule
denosumab	APPROVED_BIOLOGIC	FDA Approved	Monoclonal Antibody (mAb)
reishi	SUPPLEMENT_INGREDIENT	Non-FDA / Dietary Supplement	Nutraceutical / Botanical
ehrendorferia-chrysantha-whole	BOTANICAL_OR_ORGANISM_PREPARATION	Non-FDA / Dietary Supplement	Nutraceutical / Botanical
emulsifer	SUPPLEMENT_INGREDIENT	Non-FDA / Dietary Supplement	Nutraceutical / Botanical
rosa-luciae-flowering-top	MARKETED_PRODUCT_INGREDIENT	Non-FDA / Dietary Supplement	Nutraceutical / Botanical
elaeagnus-angustifolia-whole	BOTANICAL_OR_ORGANISM_PREPARATION	Non-FDA / Dietary Supplement	Nutraceutical / Botanical
elecampane	BOTANICAL_OR_ORGANISM_PREPARATION	Non-FDA / Dietary Supplement	Nutraceutical / Botanical
inotersen	APPROVED_BIOLOGIC	FDA Approved	ASO (Antisense Oligonucleotide)
denosumab-dssb	APPROVED_BIOLOGIC	FDA Approved	Recombinant Protein / Biologic
eleutherococcus-senticosus-root-oil	SUPPLEMENT_INGREDIENT	Non-FDA / Dietary Supplement	Nutraceutical / Botanical
cryptenamine-acetates	APPROVED_MEDICINE	FDA Approved	Small Molecule
denosumab-mobz	APPROVED_BIOLOGIC	FDA Approved	Recombinant Protein / Biologic
eleutherococcus-senticosus-stem	BOTANICAL_OR_ORGANISM_PREPARATION	Non-FDA / Dietary Supplement	Nutraceutical / Botanical
ribose-l-cysteine	SUPPLEMENT_INGREDIENT	Non-FDA / Dietary Supplement	Nutraceutical / Botanical
depemokimab-ulaa	APPROVED_BIOLOGIC	FDA Approved	Recombinant Protein / Biologic
elymus-repens-whole	BOTANICAL_OR_ORGANISM_PREPARATION	Non-FDA / Dietary Supplement	Nutraceutical / Botanical
enzyme-blend	SUPPLEMENT_INGREDIENT	Non-FDA / Dietary Supplement	Nutraceutical / Botanical
elymus-repens-root	BOTANICAL_OR_ORGANISM_PREPARATION	Non-FDA / Dietary Supplement	Nutraceutical / Botanical
light-mineral-oil	MARKETED_PRODUCT_INGREDIENT	FDA Approved	Small Molecule
san-qi-ginseng	SUPPLEMENT_INGREDIENT	Non-FDA / Dietary Supplement	Nutraceutical / Botanical
cannabichromene	SUPPLEMENT_INGREDIENT	Non-FDA / Dietary Supplement	Nutraceutical / Botanical
emblica-officinalis-fruit	BOTANICAL_OR_ORGANISM_PREPARATION	Non-FDA / Dietary Supplement	Nutraceutical / Botanical
english-lavender	SUPPLEMENT_INGREDIENT	Non-FDA / Dietary Supplement	Nutraceutical / Botanical
sage-leaf-alangium	SUPPLEMENT_INGREDIENT	Non-FDA / Dietary Supplement	Nutraceutical / Botanical
barium-acetate	SUPPLEMENT_INGREDIENT	Non-FDA / Dietary Supplement	Nutraceutical / Botanical
rhapontic-rhubarb	SUPPLEMENT_INGREDIENT	Non-FDA / Dietary Supplement	Nutraceutical / Botanical
enicostemma-littorale	SUPPLEMENT_INGREDIENT	Non-FDA / Dietary Supplement	Nutraceutical / Botanical
eschscholzia-californica-flower	BOTANICAL_OR_ORGANISM_PREPARATION	Non-FDA / Dietary Supplement	Nutraceutical / Botanical
vitamin-k2-mk7	SUPPLEMENT_INGREDIENT	Non-FDA / Dietary Supplement	Nutraceutical / Botanical
enterococcus-faecalis	BOTANICAL_OR_ORGANISM_PREPARATION	Non-FDA / Dietary Supplement	Nutraceutical / Botanical
epidedium	SUPPLEMENT_INGREDIENT	Non-FDA / Dietary Supplement	Nutraceutical / Botanical
southern-tsangshu	SUPPLEMENT_INGREDIENT	Non-FDA / Dietary Supplement	Nutraceutical / Botanical
english-oak	BOTANICAL_OR_ORGANISM_PREPARATION	Non-FDA / Dietary Supplement	Nutraceutical / Botanical
superoxide-dismutase	SUPPLEMENT_INGREDIENT	Non-FDA / Dietary Supplement	Recombinant Protein / Biologic
testicle	SUPPLEMENT_INGREDIENT	Non-FDA / Dietary Supplement	Nutraceutical / Botanical
english-plantain	SUPPLEMENT_INGREDIENT	Non-FDA / Dietary Supplement	Nutraceutical / Botanical
white-lily	SUPPLEMENT_INGREDIENT	Non-FDA / Dietary Supplement	Nutraceutical / Botanical
trachea	SUPPLEMENT_INGREDIENT	Non-FDA / Dietary Supplement	Nutraceutical / Botanical
valine-pyroglutamate	SUPPLEMENT_INGREDIENT	Non-FDA / Dietary Supplement	Nutraceutical / Botanical
ephedra-distachya-flowering-twig	BOTANICAL_OR_ORGANISM_PREPARATION	Non-FDA / Dietary Supplement	Nutraceutical / Botanical
euryale	SUPPLEMENT_INGREDIENT	Non-FDA / Dietary Supplement	Nutraceutical / Botanical
white-sage	SUPPLEMENT_INGREDIENT	Non-FDA / Dietary Supplement	Nutraceutical / Botanical
epiandrostenolone	SUPPLEMENT_INGREDIENT	Non-FDA / Dietary Supplement	Nutraceutical / Botanical
eschscholzia-californica	BOTANICAL_OR_ORGANISM_PREPARATION	Non-FDA / Dietary Supplement	Nutraceutical / Botanical
eucalyptus-globulus-pollen	BOTANICAL_OR_ORGANISM_PREPARATION	Non-FDA / Dietary Supplement	Nutraceutical / Botanical
epimedium-brevicornu-top	MARKETED_PRODUCT_INGREDIENT	FDA Approved	Nutraceutical / Botanical
european-elderberry	SUPPLEMENT_INGREDIENT	Non-FDA / Dietary Supplement	Nutraceutical / Botanical
zeolite	SUPPLEMENT_INGREDIENT	Non-FDA / Dietary Supplement	Nutraceutical / Botanical
eria-jarensis	SUPPLEMENT_INGREDIENT	Non-FDA / Dietary Supplement	Nutraceutical / Botanical
erythranthe-cardinalis-whole	BOTANICAL_OR_ORGANISM_PREPARATION	Non-FDA / Dietary Supplement	Nutraceutical / Botanical
yohimbines	SUPPLEMENT_INGREDIENT	Non-FDA / Dietary Supplement	Nutraceutical / Botanical
alfalfa	BOTANICAL_OR_ORGANISM_PREPARATION	Non-FDA / Dietary Supplement	Nutraceutical / Botanical
acetazolamide	APPROVED_MEDICINE	FDA Approved	Small Molecule
adenine	SUPPLEMENT_INGREDIENT	Non-FDA / Dietary Supplement	Nutraceutical / Botanical
aluminum-sesquichlorohydrate	APPROVED_MEDICINE	FDA Approved	Small Molecule
arisaema-triphyllum-root	BOTANICAL_OR_ORGANISM_PREPARATION	Non-FDA / Dietary Supplement	Nutraceutical / Botanical
equus-caballus-hair	BOTANICAL_OR_ORGANISM_PREPARATION	Non-FDA / Dietary Supplement	Nutraceutical / Botanical
anhydrous-trisodium	SUPPLEMENT_INGREDIENT	Non-FDA / Dietary Supplement	Nutraceutical / Botanical
anthoxanthum-odoratum	BOTANICAL_OR_ORGANISM_PREPARATION	Non-FDA / Dietary Supplement	Nutraceutical / Botanical
atoltivimab	APPROVED_BIOLOGIC	FDA Approved	Monoclonal Antibody (mAb)
apremilast	APPROVED_MEDICINE	FDA Approved	Small Molecule
axatilimab-csfr	APPROVED_BIOLOGIC	FDA Approved	Recombinant Protein / Biologic
betula-alba-juice	APPROVED_MEDICINE	FDA Approved	Nutraceutical / Botanical
artemisia-abrotanum-whole	BOTANICAL_OR_ORGANISM_PREPARATION	Non-FDA / Dietary Supplement	Nutraceutical / Botanical
belzutifan	APPROVED_MEDICINE	FDA Approved	Small Molecule
barium-iodide	SUPPLEMENT_INGREDIENT	Non-FDA / Dietary Supplement	Nutraceutical / Botanical
atovaquone	APPROVED_MEDICINE	FDA Approved	Small Molecule
bacillus-subtilis	BOTANICAL_OR_ORGANISM_PREPARATION	Non-FDA / Dietary Supplement	Nutraceutical / Botanical
chastetree	BOTANICAL_OR_ORGANISM_PREPARATION	Non-FDA / Dietary Supplement	Nutraceutical / Botanical
avacincaptad-pegol	APPROVED_MEDICINE	FDA Approved	Small Molecule
beta-carotene	APPROVED_MEDICINE	FDA Approved	Small Molecule
belimumab	APPROVED_BIOLOGIC	FDA Approved	Monoclonal Antibody (mAb)
caulophyllum-thalictroides-root	BOTANICAL_OR_ORGANISM_PREPARATION	Non-FDA / Dietary Supplement	Nutraceutical / Botanical
equus-caballus-skin	BOTANICAL_OR_ORGANISM_PREPARATION	Non-FDA / Dietary Supplement	Nutraceutical / Botanical
esters	SUPPLEMENT_INGREDIENT	Non-FDA / Dietary Supplement	Nutraceutical / Botanical
bicalutamide	APPROVED_MEDICINE	FDA Approved	Small Molecule
brexpiprazole	APPROVED_MEDICINE	FDA Approved	Small Molecule
bos-taurus-adrenal-gland	SUPPLEMENT_INGREDIENT	Non-FDA / Dietary Supplement	Nutraceutical / Botanical
baxdrostat	APPROVED_MEDICINE	FDA Approved	Small Molecule
essential-oil	SUPPLEMENT_INGREDIENT	Non-FDA / Dietary Supplement	Nutraceutical / Botanical
boscalid	MARKETED_PRODUCT_INGREDIENT	Non-FDA / Dietary Supplement	Nutraceutical / Botanical
ganirelix	APPROVED_MEDICINE	FDA Approved	Small Molecule
garadacimab	INVESTIGATIONAL_MEDICINE	Pre-clinical / Open Source	Monoclonal Antibody (mAb)
human-coxsackievirus-a7	BOTANICAL_OR_ORGANISM_PREPARATION	Non-FDA / Dietary Supplement	Nutraceutical / Botanical
calcium-fluoride	SUPPLEMENT_INGREDIENT	Non-FDA / Dietary Supplement	Nutraceutical / Botanical
calcium-polycarbophil	APPROVED_MEDICINE	FDA Approved	Small Molecule
cercis-siliquastrum-whole	BOTANICAL_OR_ORGANISM_PREPARATION	Non-FDA / Dietary Supplement	Nutraceutical / Botanical
chloride	SUPPLEMENT_INGREDIENT	Non-FDA / Dietary Supplement	Nutraceutical / Botanical
gepotidacin	APPROVED_MEDICINE	FDA Approved	Small Molecule
eschscholzia-californica-whole	BOTANICAL_OR_ORGANISM_PREPARATION	Non-FDA / Dietary Supplement	Nutraceutical / Botanical
calcium-nitrite	SUPPLEMENT_INGREDIENT	Non-FDA / Dietary Supplement	Nutraceutical / Botanical
carmustine	APPROVED_MEDICINE	FDA Approved	Small Molecule
cipaglucosidase-alfa-atga	APPROVED_BIOLOGIC	FDA Approved	Recombinant Protein / Biologic
betaine-nitrate	APPROVED_MEDICINE	FDA Approved	Small Molecule
choriogonadotropin-alfa	APPROVED_BIOLOGIC	FDA Approved	Recombinant Protein / Biologic
ciclesonide	APPROVED_MEDICINE	FDA Approved	Small Molecule
collagenase-clostridium-histolyticum	APPROVED_BIOLOGIC	FDA Approved	Recombinant Protein / Biologic
copper-histidinate	APPROVED_MEDICINE	FDA Approved	Small Molecule
european-ash	BOTANICAL_OR_ORGANISM_PREPARATION	Non-FDA / Dietary Supplement	Nutraceutical / Botanical
estrogens-conjugated-synthetic-b	APPROVED_MEDICINE	FDA Approved	Small Molecule
cosibelimab	INVESTIGATIONAL_MEDICINE	Pre-clinical / Open Source	Monoclonal Antibody (mAb)
cupric-phosphate	SUPPLEMENT_INGREDIENT	Non-FDA / Dietary Supplement	Nutraceutical / Botanical
coccidioides-immitis-spherule	INVESTIGATIONAL_MEDICINE	Pre-clinical / Open Source	Nutraceutical / Botanical
comfrey-root	SUPPLEMENT_INGREDIENT	Non-FDA / Dietary Supplement	Nutraceutical / Botanical
human-papillomavirus-type-16-l1-capsid-protein-antigen	INVESTIGATIONAL_MEDICINE	Pre-clinical / Open Source	Recombinant Protein / Biologic
corticotropin	APPROVED_MEDICINE	FDA Approved	Small Molecule
deferoxamine	APPROVED_MEDICINE	FDA Approved	Small Molecule
digitalis	BOTANICAL_OR_ORGANISM_PREPARATION	Non-FDA / Dietary Supplement	Nutraceutical / Botanical
edoxaban	APPROVED_MEDICINE	FDA Approved	Small Molecule
difamilast	APPROVED_MEDICINE	FDA Approved	Small Molecule
etonogestrel	APPROVED_MEDICINE	FDA Approved	Small Molecule
dimethyl-sulfone	OFF_LABEL_OR_COMPOUNDED	Off-Label / Compounded	Small Molecule
efavirenz	APPROVED_MEDICINE	FDA Approved	Small Molecule
dinoprostone	APPROVED_MEDICINE	FDA Approved	Small Molecule
enalapril	APPROVED_MEDICINE	FDA Approved	Small Molecule
eflapegrastim	INVESTIGATIONAL_MEDICINE	Pre-clinical / Open Source	Recombinant Protein / Biologic
emicizumab	APPROVED_BIOLOGIC	FDA Approved	Monoclonal Antibody (mAb)
efgartigimod-alfa-and-hyaluronidase-qvfc	APPROVED_BIOLOGIC	FDA Approved	Recombinant Protein / Biologic
estradiol	APPROVED_MEDICINE	FDA Approved	Small Molecule
ferrous-asparto-glycinate	OFF_LABEL_OR_COMPOUNDED	Off-Label / Compounded	Small Molecule
emapalumab-lzsg	APPROVED_BIOLOGIC	FDA Approved	Recombinant Protein / Biologic
euphorbia	BOTANICAL_OR_ORGANISM_PREPARATION	Non-FDA / Dietary Supplement	Nutraceutical / Botanical
eptifibatide	APPROVED_BIOLOGIC	FDA Approved	Peptide / GLP-1 Agonist
erenumab	INVESTIGATIONAL_MEDICINE	Pre-clinical / Open Source	Monoclonal Antibody (mAb)
fagus-sylvatica-whole	BOTANICAL_OR_ORGANISM_PREPARATION	Non-FDA / Dietary Supplement	Nutraceutical / Botanical
ferric-carboxymaltose	APPROVED_MEDICINE	FDA Approved	Small Molecule
fludarabine	APPROVED_MEDICINE	FDA Approved	Small Molecule
gefitinib	APPROVED_MEDICINE	FDA Approved	Small Molecule
fosdenopterin	APPROVED_MEDICINE	FDA Approved	Small Molecule
fluciclovine-f-18	APPROVED_MEDICINE	FDA Approved	Small Molecule
human-albumin-microspheres	INVESTIGATIONAL_MEDICINE	Pre-clinical / Open Source	Small Molecule
ganciclovir	APPROVED_MEDICINE	FDA Approved	Small Molecule
frankincense	APPROVED_MEDICINE	FDA Approved	Nutraceutical / Botanical
gilteritinib	APPROVED_MEDICINE	FDA Approved	Small Molecule
gnaphalium	SUPPLEMENT_INGREDIENT	Non-FDA / Dietary Supplement	Nutraceutical / Botanical
galcanezumab	INVESTIGATIONAL_MEDICINE	Pre-clinical / Open Source	Monoclonal Antibody (mAb)
glofitamab-gxbm	APPROVED_BIOLOGIC	FDA Approved	Recombinant Protein / Biologic
gratiola-officinalis	BOTANICAL_OR_ORGANISM_PREPARATION	Non-FDA / Dietary Supplement	Nutraceutical / Botanical
eupatorium-perfoliatum-whole	BOTANICAL_OR_ORGANISM_PREPARATION	Non-FDA / Dietary Supplement	Nutraceutical / Botanical
iberdomide	APPROVED_MEDICINE	FDA Approved	Small Molecule
eupatorium-capillifolium-pollen	BOTANICAL_OR_ORGANISM_PREPARATION	Non-FDA / Dietary Supplement	Nutraceutical / Botanical
european-elder	BOTANICAL_OR_ORGANISM_PREPARATION	Non-FDA / Dietary Supplement	Nutraceutical / Botanical
human-papillomavirus-type-11-l1-capsid-protein-antigen	INVESTIGATIONAL_MEDICINE	Pre-clinical / Open Source	Recombinant Protein / Biologic
idarubicin	APPROVED_MEDICINE	FDA Approved	Small Molecule
hydrogen-peroxide	APPROVED_MEDICINE	FDA Approved	Small Molecule
ioversol	APPROVED_MEDICINE	FDA Approved	Small Molecule
hetastarch	INVESTIGATIONAL_MEDICINE	Pre-clinical / Open Source	Small Molecule
hypochlorous-acid	APPROVED_MEDICINE	FDA Approved	Small Molecule
hypericum-perforatum-whole	BOTANICAL_OR_ORGANISM_PREPARATION	Non-FDA / Dietary Supplement	Nutraceutical / Botanical
lopinavir	APPROVED_MEDICINE	FDA Approved	Small Molecule
kaolin	APPROVED_MEDICINE	FDA Approved	Nutraceutical / Botanical
incobotulinumtoxina	APPROVED_BIOLOGIC	FDA Approved	Recombinant Protein / Biologic
lessonia-nigrescens	OFF_LABEL_OR_COMPOUNDED	Off-Label / Compounded	Nutraceutical / Botanical
inavolisib	APPROVED_MEDICINE	FDA Approved	Small Molecule
insulin-susp-isophane-recombinant-human	APPROVED_BIOLOGIC	FDA Approved	Recombinant Protein / Biologic
midodrine	APPROVED_MEDICINE	FDA Approved	Small Molecule
isosorbide-dinitrate	APPROVED_MEDICINE	FDA Approved	Small Molecule
lefamulin	APPROVED_MEDICINE	FDA Approved	Small Molecule
euphrasia-officinalis-leaf	BOTANICAL_OR_ORGANISM_PREPARATION	Non-FDA / Dietary Supplement	Nutraceutical / Botanical
irbesartan	APPROVED_MEDICINE	FDA Approved	Small Molecule
l-tryptophan	SUPPLEMENT_INGREDIENT	Non-FDA / Dietary Supplement	Nutraceutical / Botanical
lenvatinib	APPROVED_MEDICINE	FDA Approved	Small Molecule
luspatercept	INVESTIGATIONAL_MEDICINE	Pre-clinical / Open Source	Recombinant Protein / Biologic
eupolyphaga-sinensis	BOTANICAL_OR_ORGANISM_PREPARATION	Non-FDA / Dietary Supplement	Nutraceutical / Botanical
felis-catus-skin	BOTANICAL_OR_ORGANISM_PREPARATION	Non-FDA / Dietary Supplement	Nutraceutical / Botanical
lomustine	APPROVED_MEDICINE	FDA Approved	Small Molecule
magnesium	SUPPLEMENT_INGREDIENT	Non-FDA / Dietary Supplement	Nutraceutical / Botanical
methoxy-polyethylene-glycol-epoetin-beta	APPROVED_BIOLOGIC	FDA Approved	Recombinant Protein / Biologic
meclofenamate	APPROVED_MEDICINE	FDA Approved	Small Molecule
mosunetuzumab-axgb	APPROVED_BIOLOGIC	FDA Approved	Recombinant Protein / Biologic
methionine	SUPPLEMENT_INGREDIENT	Non-FDA / Dietary Supplement	Nutraceutical / Botanical
naphazoline	APPROVED_MEDICINE	FDA Approved	Small Molecule
mimulus-guttatus-whole	BOTANICAL_OR_ORGANISM_PREPARATION	Non-FDA / Dietary Supplement	Nutraceutical / Botanical
methylprednisolone	APPROVED_MEDICINE	FDA Approved	Small Molecule
norwalk-virus	BOTANICAL_OR_ORGANISM_PREPARATION	Non-FDA / Dietary Supplement	Nutraceutical / Botanical
cetearyl-alcohol	OFF_LABEL_OR_COMPOUNDED	Off-Label / Compounded	Small Molecule
hydrilla	SUPPLEMENT_INGREDIENT	Non-FDA / Dietary Supplement	Nutraceutical / Botanical
pancrelipase-lipase	SUPPLEMENT_INGREDIENT	Non-FDA / Dietary Supplement	Recombinant Protein / Biologic
nicardipine	APPROVED_MEDICINE	FDA Approved	Small Molecule
paeonia-officinalis-root	BOTANICAL_OR_ORGANISM_PREPARATION	Non-FDA / Dietary Supplement	Nutraceutical / Botanical
nirogacestat	APPROVED_MEDICINE	FDA Approved	Small Molecule
olsalazine	APPROVED_MEDICINE	FDA Approved	Small Molecule
nitazoxanide	APPROVED_MEDICINE	FDA Approved	Small Molecule
penicillin-g-procaine	APPROVED_MEDICINE	FDA Approved	Small Molecule
omaveloxolone	APPROVED_MEDICINE	FDA Approved	Small Molecule
pelargonium-sidoides-root	BOTANICAL_OR_ORGANISM_PREPARATION	Non-FDA / Dietary Supplement	Nutraceutical / Botanical
piperine	SUPPLEMENT_INGREDIENT	Non-FDA / Dietary Supplement	Nutraceutical / Botanical
panax-ginseng-root-oil	APPROVED_MEDICINE	FDA Approved	Nutraceutical / Botanical
pegfilgrastim-pbbk	APPROVED_BIOLOGIC	FDA Approved	Recombinant Protein / Biologic
procarbazine	APPROVED_MEDICINE	FDA Approved	Small Molecule
sertaconazole	APPROVED_MEDICINE	FDA Approved	Small Molecule
piroxicam	APPROVED_MEDICINE	FDA Approved	Small Molecule
phosphoric-acid	APPROVED_MEDICINE	FDA Approved	Small Molecule
pramoxine	APPROVED_MEDICINE	FDA Approved	Small Molecule
pitolisant	APPROVED_MEDICINE	FDA Approved	Small Molecule
potassium-arsenite	SUPPLEMENT_INGREDIENT	Non-FDA / Dietary Supplement	Nutraceutical / Botanical
primaquine	APPROVED_MEDICINE	FDA Approved	Small Molecule
pulsatilla-pratensis	SUPPLEMENT_INGREDIENT	Non-FDA / Dietary Supplement	Nutraceutical / Botanical
rilzabrutinib	APPROVED_MEDICINE	FDA Approved	Small Molecule
hyacinth-bean	BOTANICAL_OR_ORGANISM_PREPARATION	Non-FDA / Dietary Supplement	Nutraceutical / Botanical
propylhexedrine	APPROVED_MEDICINE	FDA Approved	Small Molecule
risedronate-sodium-hemipentahydrate	INVESTIGATIONAL_MEDICINE	Pre-clinical / Open Source	Small Molecule
relebactam	APPROVED_MEDICINE	FDA Approved	Small Molecule
recombinant-factor-viia	APPROVED_BIOLOGIC	FDA Approved	Recombinant Protein / Biologic
risdiplam	APPROVED_MEDICINE	FDA Approved	Small Molecule
ranibizumab	APPROVED_BIOLOGIC	FDA Approved	Monoclonal Antibody (mAb)
teclistamab	INVESTIGATIONAL_MEDICINE	Pre-clinical / Open Source	Monoclonal Antibody (mAb)
rolapitant	APPROVED_MEDICINE	FDA Approved	Small Molecule
simethicone	APPROVED_MEDICINE	FDA Approved	Small Molecule
scleranthus-annus	SUPPLEMENT_INGREDIENT	Non-FDA / Dietary Supplement	Nutraceutical / Botanical
safinamide	APPROVED_MEDICINE	FDA Approved	Small Molecule
sennosides	APPROVED_MEDICINE	FDA Approved	Small Molecule
sodium-tetradecyl	APPROVED_MEDICINE	FDA Approved	Small Molecule
serotonin	SUPPLEMENT_INGREDIENT	Non-FDA / Dietary Supplement	Nutraceutical / Botanical
sitagliptin-metformin	COMBINATION_PRODUCT	FDA Approved	Small Molecule
honduran-sarsaparilla	SUPPLEMENT_INGREDIENT	Non-FDA / Dietary Supplement	Nutraceutical / Botanical
technetium-tc-99m-sestamibi	INVESTIGATIONAL_MEDICINE	Pre-clinical / Open Source	Small Molecule
sodium-glycerophosphate	APPROVED_MEDICINE	FDA Approved	Small Molecule
sus-scrofa-colon	MARKETED_PRODUCT_INGREDIENT	Non-FDA / Dietary Supplement	Nutraceutical / Botanical
tovorafenib	APPROVED_MEDICINE	FDA Approved	Small Molecule
european-hornbeam	BOTANICAL_OR_ORGANISM_PREPARATION	Non-FDA / Dietary Supplement	Nutraceutical / Botanical
sofpironium	APPROVED_MEDICINE	FDA Approved	Small Molecule
talimogene-laherparepvec	INVESTIGATIONAL_MEDICINE	Pre-clinical / Open Source	CRISPR / Gene Therapy
tebentafusp	INVESTIGATIONAL_MEDICINE	Pre-clinical / Open Source	Recombinant Protein / Biologic
succimer	APPROVED_MEDICINE	FDA Approved	Small Molecule
soybean-oil	APPROVED_MEDICINE	FDA Approved	Small Molecule
viburnum-lantana-flower-bud	MARKETED_PRODUCT_INGREDIENT	Non-FDA / Dietary Supplement	Nutraceutical / Botanical
trastuzumab-pkrb	APPROVED_BIOLOGIC	FDA Approved	Recombinant Protein / Biologic
ulex-europaeus-whole	BOTANICAL_OR_ORGANISM_PREPARATION	Non-FDA / Dietary Supplement	Nutraceutical / Botanical
triclabendazole	APPROVED_MEDICINE	FDA Approved	Small Molecule
tocilizumab	APPROVED_BIOLOGIC	FDA Approved	Monoclonal Antibody (mAb)
zinc-gluconate	SUPPLEMENT_INGREDIENT	Non-FDA / Dietary Supplement	Nutraceutical / Botanical
tirofiban	APPROVED_MEDICINE	FDA Approved	Small Molecule
venlafaxine	APPROVED_MEDICINE	FDA Approved	Small Molecule
vitamin-d2	APPROVED_MEDICINE	FDA Approved	Nutraceutical / Botanical
cephalexin	APPROVED_MEDICINE	FDA Approved	Small Molecule
uric-acid	SUPPLEMENT_INGREDIENT	Non-FDA / Dietary Supplement	Nutraceutical / Botanical
yeast-mannan	MARKETED_PRODUCT_INGREDIENT	Non-FDA / Dietary Supplement	Nutraceutical / Botanical
vitis-vinifera-whole	BOTANICAL_OR_ORGANISM_PREPARATION	Non-FDA / Dietary Supplement	Nutraceutical / Botanical
vutrisiran	APPROVED_BIOLOGIC	FDA Approved	siRNA (Small Interfering RNA)
vorasidenib	APPROVED_MEDICINE	FDA Approved	Small Molecule
5-alpha-hydroxy-laxogenin	SUPPLEMENT_INGREDIENT	Non-FDA / Dietary Supplement	Nutraceutical / Botanical
amitriptyline	APPROVED_MEDICINE	FDA Approved	Small Molecule
vitis-vinifera-flowering-top	BOTANICAL_OR_ORGANISM_PREPARATION	Non-FDA / Dietary Supplement	Nutraceutical / Botanical
dapagliflozin	APPROVED_MEDICINE	FDA Approved	Small Molecule
vitamin-c	SUPPLEMENT_INGREDIENT	Non-FDA / Dietary Supplement	Nutraceutical / Botanical
1-3-dmaa	SUPPLEMENT_INGREDIENT	Non-FDA / Dietary Supplement	Nutraceutical / Botanical
cannabigerolic-acid	SUPPLEMENT_INGREDIENT	Non-FDA / Dietary Supplement	Nutraceutical / Botanical
prednisone	APPROVED_MEDICINE	FDA Approved	Small Molecule
benzophenone-3	MARKETED_PRODUCT_INGREDIENT	FDA Approved	Small Molecule
methadone	APPROVED_MEDICINE	FDA Approved	Small Molecule
acrivastine	APPROVED_MEDICINE	FDA Approved	Small Molecule
lamotrigine	APPROVED_MEDICINE	FDA Approved	Small Molecule
amosite	MARKETED_PRODUCT_INGREDIENT	Non-FDA / Dietary Supplement	Nutraceutical / Botanical
benzoin	SUPPLEMENT_INGREDIENT	Non-FDA / Dietary Supplement	Nutraceutical / Botanical
honeydew	BOTANICAL_OR_ORGANISM_PREPARATION	Non-FDA / Dietary Supplement	Nutraceutical / Botanical
7-keto-dhea	SUPPLEMENT_INGREDIENT	Non-FDA / Dietary Supplement	Nutraceutical / Botanical
leptin-human	SUPPLEMENT_INGREDIENT	Non-FDA / Dietary Supplement	Nutraceutical / Botanical
citrulline-malate	SUPPLEMENT_INGREDIENT	Non-FDA / Dietary Supplement	Nutraceutical / Botanical
decyl-glucoside	MARKETED_PRODUCT_INGREDIENT	FDA Approved	Small Molecule
cetyl-oleate	SUPPLEMENT_INGREDIENT	Non-FDA / Dietary Supplement	Nutraceutical / Botanical
ellagic-acid	SUPPLEMENT_INGREDIENT	Non-FDA / Dietary Supplement	Nutraceutical / Botanical
european-peony	SUPPLEMENT_INGREDIENT	Non-FDA / Dietary Supplement	Nutraceutical / Botanical
dmg	SUPPLEMENT_INGREDIENT	Non-FDA / Dietary Supplement	Nutraceutical / Botanical
diselenium-dichloride	MARKETED_PRODUCT_INGREDIENT	Non-FDA / Dietary Supplement	Nutraceutical / Botanical
eurypeptides	SUPPLEMENT_INGREDIENT	Non-FDA / Dietary Supplement	Nutraceutical / Botanical
cyclohexasiloxane	MARKETED_PRODUCT_INGREDIENT	Non-FDA / Dietary Supplement	Nutraceutical / Botanical
hesperitin	SUPPLEMENT_INGREDIENT	Non-FDA / Dietary Supplement	Nutraceutical / Botanical
maprotiline	APPROVED_MEDICINE	FDA Approved	Small Molecule
cycrimine	APPROVED_MEDICINE	FDA Approved	Small Molecule
hydrocodone-polistirex	APPROVED_MEDICINE	FDA Approved	Small Molecule
evening-primrose	SUPPLEMENT_INGREDIENT	Non-FDA / Dietary Supplement	Nutraceutical / Botanical
gallium-arsenide	SUPPLEMENT_INGREDIENT	Non-FDA / Dietary Supplement	Nutraceutical / Botanical
gadolinium	SUPPLEMENT_INGREDIENT	Non-FDA / Dietary Supplement	Nutraceutical / Botanical
hexylcaine	APPROVED_MEDICINE	FDA Approved	Small Molecule
lithium-iodate	SUPPLEMENT_INGREDIENT	Non-FDA / Dietary Supplement	Nutraceutical / Botanical
malachite-green	SUPPLEMENT_INGREDIENT	Non-FDA / Dietary Supplement	Nutraceutical / Botanical
evening-primrose-oil	SUPPLEMENT_INGREDIENT	Non-FDA / Dietary Supplement	Nutraceutical / Botanical
kaempferol	SUPPLEMENT_INGREDIENT	Non-FDA / Dietary Supplement	Nutraceutical / Botanical
ferumoxytol-non-stoichiometric-magnetite	INVESTIGATIONAL_MEDICINE	Pre-clinical / Open Source	Small Molecule
miliacin	SUPPLEMENT_INGREDIENT	Non-FDA / Dietary Supplement	Nutraceutical / Botanical
monoglyceride	SUPPLEMENT_INGREDIENT	Non-FDA / Dietary Supplement	Nutraceutical / Botanical
phenacetin	MARKETED_PRODUCT_INGREDIENT	Non-FDA / Dietary Supplement	Nutraceutical / Botanical
n-acetyl-neuraminic-acid	SUPPLEMENT_INGREDIENT	Non-FDA / Dietary Supplement	Nutraceutical / Botanical
parthenium	SUPPLEMENT_INGREDIENT	Non-FDA / Dietary Supplement	Nutraceutical / Botanical
neon	SUPPLEMENT_INGREDIENT	Non-FDA / Dietary Supplement	Nutraceutical / Botanical
taxifolin	SUPPLEMENT_INGREDIENT	Non-FDA / Dietary Supplement	Nutraceutical / Botanical
protease	SUPPLEMENT_INGREDIENT	Non-FDA / Dietary Supplement	Nutraceutical / Botanical
rosarin	SUPPLEMENT_INGREDIENT	Non-FDA / Dietary Supplement	Nutraceutical / Botanical
pirbuterol	APPROVED_MEDICINE	FDA Approved	Small Molecule
rosuvastatin-zinc	APPROVED_MEDICINE	FDA Approved	Small Molecule
stearoyl-vanillylamide	SUPPLEMENT_INGREDIENT	Non-FDA / Dietary Supplement	Nutraceutical / Botanical
triacetin	SUPPLEMENT_INGREDIENT	Non-FDA / Dietary Supplement	Nutraceutical / Botanical
sodium-molybdate	SUPPLEMENT_INGREDIENT	Non-FDA / Dietary Supplement	Nutraceutical / Botanical
vitamin-b	SUPPLEMENT_INGREDIENT	Non-FDA / Dietary Supplement	Nutraceutical / Botanical
triacontanol	SUPPLEMENT_INGREDIENT	Non-FDA / Dietary Supplement	Nutraceutical / Botanical
amphetamine-adipate	APPROVED_MEDICINE	FDA Approved	Small Molecule
air	APPROVED_MEDICINE	FDA Approved	Small Molecule
tianeptine	MARKETED_PRODUCT_INGREDIENT	Non-FDA / Dietary Supplement	Small Molecule
fallopia-multiflora-root	BOTANICAL_OR_ORGANISM_PREPARATION	Non-FDA / Dietary Supplement	Nutraceutical / Botanical
adrue	SUPPLEMENT_INGREDIENT	Non-FDA / Dietary Supplement	Nutraceutical / Botanical
allium-sativum-whole	BOTANICAL_OR_ORGANISM_PREPARATION	Non-FDA / Dietary Supplement	Nutraceutical / Botanical
ubiquinol	OFF_LABEL_OR_COMPOUNDED	Off-Label / Compounded	Small Molecule
acer-saccharum-pollen	BOTANICAL_OR_ORGANISM_PREPARATION	Non-FDA / Dietary Supplement	Nutraceutical / Botanical
alfalfa-protein	SUPPLEMENT_INGREDIENT	Non-FDA / Dietary Supplement	Nutraceutical / Botanical
false-unicorn	SUPPLEMENT_INGREDIENT	Non-FDA / Dietary Supplement	Nutraceutical / Botanical
acer-negundo-inner-bark	SUPPLEMENT_INGREDIENT	Non-FDA / Dietary Supplement	Nutraceutical / Botanical
avena-sativa-whole	BOTANICAL_OR_ORGANISM_PREPARATION	Non-FDA / Dietary Supplement	Nutraceutical / Botanical
alchemilla-xanthochlora-flowering-top	BOTANICAL_OR_ORGANISM_PREPARATION	Non-FDA / Dietary Supplement	Nutraceutical / Botanical
anguilla-rostrata-blood-serum	SUPPLEMENT_INGREDIENT	Non-FDA / Dietary Supplement	Nutraceutical / Botanical
aluminum-zirconium-octachlorohydrate	APPROVED_MEDICINE	FDA Approved	Small Molecule
avena-sativa-pollen	BOTANICAL_OR_ORGANISM_PREPARATION	Non-FDA / Dietary Supplement	Nutraceutical / Botanical
alpha-carotene	SUPPLEMENT_INGREDIENT	Non-FDA / Dietary Supplement	Nutraceutical / Botanical
anethum-graveolens-whole	BOTANICAL_OR_ORGANISM_PREPARATION	Non-FDA / Dietary Supplement	Nutraceutical / Botanical
atlantic-cod	BOTANICAL_OR_ORGANISM_PREPARATION	Non-FDA / Dietary Supplement	Nutraceutical / Botanical
lily-of-the-valley	BOTANICAL_OR_ORGANISM_PREPARATION	Non-FDA / Dietary Supplement	Nutraceutical / Botanical
anthoxanthum-odoratum-whole	BOTANICAL_OR_ORGANISM_PREPARATION	Non-FDA / Dietary Supplement	Nutraceutical / Botanical
borage	SUPPLEMENT_INGREDIENT	Non-FDA / Dietary Supplement	Nutraceutical / Botanical
artemisia	BOTANICAL_OR_ORGANISM_PREPARATION	Non-FDA / Dietary Supplement	Nutraceutical / Botanical
borago-officinalis-flower	BOTANICAL_OR_ORGANISM_PREPARATION	Non-FDA / Dietary Supplement	Nutraceutical / Botanical
beet-fiber	SUPPLEMENT_INGREDIENT	Non-FDA / Dietary Supplement	Nutraceutical / Botanical
bos-taurus-gingiva	SUPPLEMENT_INGREDIENT	Non-FDA / Dietary Supplement	Nutraceutical / Botanical
butea-monosperma	BOTANICAL_OR_ORGANISM_PREPARATION	Non-FDA / Dietary Supplement	Nutraceutical / Botanical
carnegiea-gigantea-flower	BOTANICAL_OR_ORGANISM_PREPARATION	Non-FDA / Dietary Supplement	Nutraceutical / Botanical
calea-zacatechichi	SUPPLEMENT_INGREDIENT	Non-FDA / Dietary Supplement	Nutraceutical / Botanical
bos-taurus-urinary-bladder	SUPPLEMENT_INGREDIENT	Non-FDA / Dietary Supplement	Nutraceutical / Botanical
caralluma	BOTANICAL_OR_ORGANISM_PREPARATION	Non-FDA / Dietary Supplement	Nutraceutical / Botanical
fagus-grandifolia-pollen	BOTANICAL_OR_ORGANISM_PREPARATION	Non-FDA / Dietary Supplement	Nutraceutical / Botanical
casuarina-equisetifolia-pollen	INVESTIGATIONAL_MEDICINE	Pre-clinical / Open Source	Nutraceutical / Botanical
catnip	BOTANICAL_OR_ORGANISM_PREPARATION	Non-FDA / Dietary Supplement	Nutraceutical / Botanical
fatty-acid	SUPPLEMENT_INGREDIENT	Non-FDA / Dietary Supplement	Nutraceutical / Botanical
ferment-complex-6-pf	MARKETED_PRODUCT_INGREDIENT	FDA Approved	Small Molecule
chinese-thoroughwax	SUPPLEMENT_INGREDIENT	Non-FDA / Dietary Supplement	Nutraceutical / Botanical
chive	BOTANICAL_OR_ORGANISM_PREPARATION	Non-FDA / Dietary Supplement	Nutraceutical / Botanical
elapegademase	INVESTIGATIONAL_MEDICINE	Pre-clinical / Open Source	Recombinant Protein / Biologic
fennel	BOTANICAL_OR_ORGANISM_PREPARATION	Non-FDA / Dietary Supplement	Nutraceutical / Botanical
camellia-japonica-flower-oil	MARKETED_PRODUCT_INGREDIENT	FDA Approved	Nutraceutical / Botanical
desert-broomrape	SUPPLEMENT_INGREDIENT	Non-FDA / Dietary Supplement	Nutraceutical / Botanical
cetraria-islandica-subsp-islandica	BOTANICAL_OR_ORGANISM_PREPARATION	Non-FDA / Dietary Supplement	Nutraceutical / Botanical
corn-syrup	SUPPLEMENT_INGREDIENT	Non-FDA / Dietary Supplement	Nutraceutical / Botanical
copaifera-officinalis-resin	BOTANICAL_OR_ORGANISM_PREPARATION	Non-FDA / Dietary Supplement	Nutraceutical / Botanical
citrulline-alpha-ketoglutarate	SUPPLEMENT_INGREDIENT	Non-FDA / Dietary Supplement	Nutraceutical / Botanical
creatine-beta-hydroxybutyrate	SUPPLEMENT_INGREDIENT	Non-FDA / Dietary Supplement	Nutraceutical / Botanical
corticotropin-zinc-hydroxide	APPROVED_MEDICINE	FDA Approved	Small Molecule
diglyceride	SUPPLEMENT_INGREDIENT	Non-FDA / Dietary Supplement	Nutraceutical / Botanical
curcuma-amada	BOTANICAL_OR_ORGANISM_PREPARATION	Non-FDA / Dietary Supplement	Nutraceutical / Botanical
corynebacterium-diphtheriae-crm197-protein	INVESTIGATIONAL_MEDICINE	Pre-clinical / Open Source	Recombinant Protein / Biologic
cynomorium-songaricum-stem	BOTANICAL_OR_ORGANISM_PREPARATION	Non-FDA / Dietary Supplement	Nutraceutical / Botanical
evodia	BOTANICAL_OR_ORGANISM_PREPARATION	Non-FDA / Dietary Supplement	Nutraceutical / Botanical
egg-white-protein	SUPPLEMENT_INGREDIENT	Non-FDA / Dietary Supplement	Nutraceutical / Botanical
ephedra-nevadensis-whole	BOTANICAL_OR_ORGANISM_PREPARATION	Non-FDA / Dietary Supplement	Nutraceutical / Botanical
fennel-seed	BOTANICAL_OR_ORGANISM_PREPARATION	Non-FDA / Dietary Supplement	Nutraceutical / Botanical
elettaria-ensal-whole	BOTANICAL_OR_ORGANISM_PREPARATION	Non-FDA / Dietary Supplement	Nutraceutical / Botanical
fenugreek-seed	BOTANICAL_OR_ORGANISM_PREPARATION	Non-FDA / Dietary Supplement	Nutraceutical / Botanical
euphorbia-corollata-root	BOTANICAL_OR_ORGANISM_PREPARATION	Non-FDA / Dietary Supplement	Nutraceutical / Botanical
felis-catus-dander	SUPPLEMENT_INGREDIENT	Non-FDA / Dietary Supplement	Nutraceutical / Botanical
fern	SUPPLEMENT_INGREDIENT	Non-FDA / Dietary Supplement	Nutraceutical / Botanical
fernbush	SUPPLEMENT_INGREDIENT	Non-FDA / Dietary Supplement	Nutraceutical / Botanical
fiber	SUPPLEMENT_INGREDIENT	Non-FDA / Dietary Supplement	Nutraceutical / Botanical
field-mushroom	MARKETED_PRODUCT_INGREDIENT	FDA Approved	Recombinant Protein / Biologic
handroanthus-impetiginosus-whole	BOTANICAL_OR_ORGANISM_PREPARATION	Non-FDA / Dietary Supplement	Nutraceutical / Botanical
feverfew	BOTANICAL_OR_ORGANISM_PREPARATION	Non-FDA / Dietary Supplement	Nutraceutical / Botanical
glycyl-glutamine-l-valine	SUPPLEMENT_INGREDIENT	Non-FDA / Dietary Supplement	Nutraceutical / Botanical
finger-cactus	SUPPLEMENT_INGREDIENT	Non-FDA / Dietary Supplement	Nutraceutical / Botanical
horny-goat-weed	SUPPLEMENT_INGREDIENT	Non-FDA / Dietary Supplement	Nutraceutical / Botanical
filipendula-ulmaria-root	BOTANICAL_OR_ORGANISM_PREPARATION	Non-FDA / Dietary Supplement	Nutraceutical / Botanical
lavandin	SUPPLEMENT_INGREDIENT	Non-FDA / Dietary Supplement	Nutraceutical / Botanical
elranatamab	APPROVED_BIOLOGIC	FDA Approved	Monoclonal Antibody (mAb)
hu-zhang	SUPPLEMENT_INGREDIENT	Non-FDA / Dietary Supplement	Nutraceutical / Botanical
fish-maw	SUPPLEMENT_INGREDIENT	Non-FDA / Dietary Supplement	Nutraceutical / Botanical
flavonones	SUPPLEMENT_INGREDIENT	Non-FDA / Dietary Supplement	Nutraceutical / Botanical
influenza-a-virus-a-thailand-8-2022-ivr-237-hemagglutinin-antigen	SUPPLEMENT_INGREDIENT	Non-FDA / Dietary Supplement	Nutraceutical / Botanical
fish-roe	SUPPLEMENT_INGREDIENT	Non-FDA / Dietary Supplement	Nutraceutical / Botanical
fritillaria-thunbergii-whole	BOTANICAL_OR_ORGANISM_PREPARATION	Non-FDA / Dietary Supplement	Nutraceutical / Botanical
morning-glory	SUPPLEMENT_INGREDIENT	Non-FDA / Dietary Supplement	Nutraceutical / Botanical
flammulina-velutipes	BOTANICAL_OR_ORGANISM_PREPARATION	Non-FDA / Dietary Supplement	Nutraceutical / Botanical
larrea-tridentata-whole	BOTANICAL_OR_ORGANISM_PREPARATION	Non-FDA / Dietary Supplement	Nutraceutical / Botanical
lungwort	SUPPLEMENT_INGREDIENT	Non-FDA / Dietary Supplement	Nutraceutical / Botanical
flat-stem-milk-vetch	SUPPLEMENT_INGREDIENT	Non-FDA / Dietary Supplement	Nutraceutical / Botanical
fraxinus-latifolia-whole	BOTANICAL_OR_ORGANISM_PREPARATION	Non-FDA / Dietary Supplement	Nutraceutical / Botanical
lemon-juice	BOTANICAL_OR_ORGANISM_PREPARATION	Non-FDA / Dietary Supplement	Nutraceutical / Botanical
myrrh	BOTANICAL_OR_ORGANISM_PREPARATION	Non-FDA / Dietary Supplement	Nutraceutical / Botanical
flourine	SUPPLEMENT_INGREDIENT	Non-FDA / Dietary Supplement	Nutraceutical / Botanical
mexican-sarsaparilla	SUPPLEMENT_INGREDIENT	Non-FDA / Dietary Supplement	Nutraceutical / Botanical
narcissus-pseudonarcissus-flower	BOTANICAL_OR_ORGANISM_PREPARATION	Non-FDA / Dietary Supplement	Nutraceutical / Botanical
lilium-pumilum-bulb	MARKETED_PRODUCT_INGREDIENT	FDA Approved	Nutraceutical / Botanical
oil-palm	SUPPLEMENT_INGREDIENT	Non-FDA / Dietary Supplement	Nutraceutical / Botanical
oyster	SUPPLEMENT_INGREDIENT	Non-FDA / Dietary Supplement	Nutraceutical / Botanical
pinus-massoniana-pollen	BOTANICAL_OR_ORGANISM_PREPARATION	Non-FDA / Dietary Supplement	Nutraceutical / Botanical
fomitopsis-cajanderi	BOTANICAL_OR_ORGANISM_PREPARATION	Non-FDA / Dietary Supplement	Nutraceutical / Botanical
frangula	BOTANICAL_OR_ORGANISM_PREPARATION	Non-FDA / Dietary Supplement	Nutraceutical / Botanical
polygonatum-multiflorum-root	MARKETED_PRODUCT_INGREDIENT	FDA Approved	Nutraceutical / Botanical
foxglove	SUPPLEMENT_INGREDIENT	Non-FDA / Dietary Supplement	Nutraceutical / Botanical
glycyrrhiza-glabra-whole	BOTANICAL_OR_ORGANISM_PREPARATION	Non-FDA / Dietary Supplement	Nutraceutical / Botanical
peg-100	OFF_LABEL_OR_COMPOUNDED	Off-Label / Compounded	Small Molecule
french-tarragon	BOTANICAL_OR_ORGANISM_PREPARATION	Non-FDA / Dietary Supplement	Nutraceutical / Botanical
fruit-acid	SUPPLEMENT_INGREDIENT	Non-FDA / Dietary Supplement	Nutraceutical / Botanical
garcinia-pedunculata	BOTANICAL_OR_ORGANISM_PREPARATION	Non-FDA / Dietary Supplement	Nutraceutical / Botanical
fritillaria	SUPPLEMENT_INGREDIENT	Non-FDA / Dietary Supplement	Nutraceutical / Botanical
insulin-like-growth-factor	SUPPLEMENT_INGREDIENT	Non-FDA / Dietary Supplement	Recombinant Protein / Biologic
polygonatum-sibiricum-whole	BOTANICAL_OR_ORGANISM_PREPARATION	Non-FDA / Dietary Supplement	Nutraceutical / Botanical
fruit	SUPPLEMENT_INGREDIENT	Non-FDA / Dietary Supplement	Nutraceutical / Botanical
papaya	BOTANICAL_OR_ORGANISM_PREPARATION	Non-FDA / Dietary Supplement	Nutraceutical / Botanical
fuchsia-magellanica-whole	BOTANICAL_OR_ORGANISM_PREPARATION	Non-FDA / Dietary Supplement	Nutraceutical / Botanical
furostanols	SUPPLEMENT_INGREDIENT	Non-FDA / Dietary Supplement	Nutraceutical / Botanical
ginkgo-biloba-leaf	MARKETED_PRODUCT_INGREDIENT	FDA Approved	Nutraceutical / Botanical
fucoidan	SUPPLEMENT_INGREDIENT	Non-FDA / Dietary Supplement	Nutraceutical / Botanical
poria-mushroom	SUPPLEMENT_INGREDIENT	Non-FDA / Dietary Supplement	Nutraceutical / Botanical
quercus-alba-pollen	BOTANICAL_OR_ORGANISM_PREPARATION	Non-FDA / Dietary Supplement	Nutraceutical / Botanical
fructo-oligosaccharides	SUPPLEMENT_INGREDIENT	Non-FDA / Dietary Supplement	Nutraceutical / Botanical
gambir	SUPPLEMENT_INGREDIENT	Non-FDA / Dietary Supplement	Nutraceutical / Botanical
quercus-nigra-pollen	BOTANICAL_OR_ORGANISM_PREPARATION	Non-FDA / Dietary Supplement	Nutraceutical / Botanical
lolium-perenne-top	BOTANICAL_OR_ORGANISM_PREPARATION	Non-FDA / Dietary Supplement	Nutraceutical / Botanical
fu-ling	SUPPLEMENT_INGREDIENT	Non-FDA / Dietary Supplement	Nutraceutical / Botanical
galanga	SUPPLEMENT_INGREDIENT	Non-FDA / Dietary Supplement	Nutraceutical / Botanical
microcos	BOTANICAL_OR_ORGANISM_PREPARATION	Non-FDA / Dietary Supplement	Nutraceutical / Botanical
furanosterols	SUPPLEMENT_INGREDIENT	Non-FDA / Dietary Supplement	Nutraceutical / Botanical
pulex-irritans	BOTANICAL_OR_ORGANISM_PREPARATION	Non-FDA / Dietary Supplement	Nutraceutical / Botanical
silene-laciniata-whole	BOTANICAL_OR_ORGANISM_PREPARATION	Non-FDA / Dietary Supplement	Nutraceutical / Botanical
furans	SUPPLEMENT_INGREDIENT	Non-FDA / Dietary Supplement	Nutraceutical / Botanical
garlic-oil	OFF_LABEL_OR_COMPOUNDED	Off-Label / Compounded	Small Molecule
ginkgolides	SUPPLEMENT_INGREDIENT	Non-FDA / Dietary Supplement	Nutraceutical / Botanical
sorghum-halepense-pollen	BOTANICAL_OR_ORGANISM_PREPARATION	Non-FDA / Dietary Supplement	Nutraceutical / Botanical
ganoderma-lucidum-whole	BOTANICAL_OR_ORGANISM_PREPARATION	Non-FDA / Dietary Supplement	Nutraceutical / Botanical
ginkgo-falvone-glycoside	SUPPLEMENT_INGREDIENT	Non-FDA / Dietary Supplement	Nutraceutical / Botanical
stellaria-dichotoma	BOTANICAL_OR_ORGANISM_PREPARATION	Non-FDA / Dietary Supplement	Nutraceutical / Botanical
garcinia	BOTANICAL_OR_ORGANISM_PREPARATION	Non-FDA / Dietary Supplement	Nutraceutical / Botanical
gastrodia	BOTANICAL_OR_ORGANISM_PREPARATION	Non-FDA / Dietary Supplement	Nutraceutical / Botanical
schisandra-chinensis-seed	OFF_LABEL_OR_COMPOUNDED	Off-Label / Compounded	Nutraceutical / Botanical
garbanzo-bean-protein	SUPPLEMENT_INGREDIENT	Non-FDA / Dietary Supplement	Nutraceutical / Botanical
ginger-oil	MARKETED_PRODUCT_INGREDIENT	FDA Approved	Small Molecule
taraxacum-mongolicum	BOTANICAL_OR_ORGANISM_PREPARATION	Non-FDA / Dietary Supplement	Nutraceutical / Botanical
gardenia-jasminoides-flower	BOTANICAL_OR_ORGANISM_PREPARATION	Non-FDA / Dietary Supplement	Nutraceutical / Botanical
geranium-robertianum	BOTANICAL_OR_ORGANISM_PREPARATION	Non-FDA / Dietary Supplement	Nutraceutical / Botanical
yucca-filamentosa	BOTANICAL_OR_ORGANISM_PREPARATION	Non-FDA / Dietary Supplement	Nutraceutical / Botanical
gentian	BOTANICAL_OR_ORGANISM_PREPARATION	Non-FDA / Dietary Supplement	Nutraceutical / Botanical
glehnia-root	BOTANICAL_OR_ORGANISM_PREPARATION	Non-FDA / Dietary Supplement	Nutraceutical / Botanical
tropical-almond	BOTANICAL_OR_ORGANISM_PREPARATION	Non-FDA / Dietary Supplement	Nutraceutical / Botanical
turtle	SUPPLEMENT_INGREDIENT	Non-FDA / Dietary Supplement	Nutraceutical / Botanical
vetiver	BOTANICAL_OR_ORGANISM_PREPARATION	Non-FDA / Dietary Supplement	Nutraceutical / Botanical
winter-savory	BOTANICAL_OR_ORGANISM_PREPARATION	Non-FDA / Dietary Supplement	Nutraceutical / Botanical
emtricitabine-tenofovir-alafenamide	COMBINATION_PRODUCT	FDA Approved	Small Molecule
veratrum-viride-whole	BOTANICAL_OR_ORGANISM_PREPARATION	Non-FDA / Dietary Supplement	Nutraceutical / Botanical
ginseng-oriental	BOTANICAL_OR_ORGANISM_PREPARATION	Non-FDA / Dietary Supplement	Nutraceutical / Botanical
glucanase	SUPPLEMENT_INGREDIENT	Non-FDA / Dietary Supplement	Recombinant Protein / Biologic
white-ash	BOTANICAL_OR_ORGANISM_PREPARATION	Non-FDA / Dietary Supplement	Nutraceutical / Botanical
ginseng-siberian	BOTANICAL_OR_ORGANISM_PREPARATION	Non-FDA / Dietary Supplement	Nutraceutical / Botanical
streptococcus-pneumoniae-type-11a-capsular-polysaccharide-antigen	INVESTIGATIONAL_MEDICINE	Pre-clinical / Open Source	Recombinant Protein / Biologic
ulva-lactuca-extract	MARKETED_PRODUCT_INGREDIENT	Non-FDA / Dietary Supplement	Nutraceutical / Botanical
glebionis-coronaria-whole	BOTANICAL_OR_ORGANISM_PREPARATION	Non-FDA / Dietary Supplement	Nutraceutical / Botanical
xanthium-strumarium-var-canadense-pollen	BOTANICAL_OR_ORGANISM_PREPARATION	Non-FDA / Dietary Supplement	Nutraceutical / Botanical
salmonella-enterica-enterica-serovar-typhi	MARKETED_PRODUCT_INGREDIENT	Non-FDA / Dietary Supplement	Nutraceutical / Botanical
glucosamine-potassium-sulfate	SUPPLEMENT_INGREDIENT	Non-FDA / Dietary Supplement	Nutraceutical / Botanical
glycine-alanyl-l-threonine	SUPPLEMENT_INGREDIENT	Non-FDA / Dietary Supplement	Nutraceutical / Botanical
aviscumine	MARKETED_PRODUCT_INGREDIENT	Non-FDA / Dietary Supplement	Nutraceutical / Botanical
glucosinolates	SUPPLEMENT_INGREDIENT	Non-FDA / Dietary Supplement	Nutraceutical / Botanical
glycine-alanyl-lysine-l-citrulline	SUPPLEMENT_INGREDIENT	Non-FDA / Dietary Supplement	Nutraceutical / Botanical
sus-scrofa-rectum	MARKETED_PRODUCT_INGREDIENT	Non-FDA / Dietary Supplement	Nutraceutical / Botanical
gravel-root	SUPPLEMENT_INGREDIENT	Non-FDA / Dietary Supplement	Nutraceutical / Botanical
gutta-percha	MARKETED_PRODUCT_INGREDIENT	Non-FDA / Dietary Supplement	Nutraceutical / Botanical
glutamine-alpha-ketoglutarate	SUPPLEMENT_INGREDIENT	Non-FDA / Dietary Supplement	Nutraceutical / Botanical
whey-protin	SUPPLEMENT_INGREDIENT	Non-FDA / Dietary Supplement	Nutraceutical / Botanical
streptococcus-pneumoniae-type-20-capsular-polysaccharide-antigen	INVESTIGATIONAL_MEDICINE	Pre-clinical / Open Source	Recombinant Protein / Biologic
gluten	SUPPLEMENT_INGREDIENT	Non-FDA / Dietary Supplement	Nutraceutical / Botanical
goldthread	SUPPLEMENT_INGREDIENT	Non-FDA / Dietary Supplement	Nutraceutical / Botanical
ferumoxsil	APPROVED_MEDICINE	FDA Approved	Small Molecule
glycerides	SUPPLEMENT_INGREDIENT	Non-FDA / Dietary Supplement	Nutraceutical / Botanical
glycyl-alanyl-l-isoleucine	SUPPLEMENT_INGREDIENT	Non-FDA / Dietary Supplement	Nutraceutical / Botanical
rna	SUPPLEMENT_INGREDIENT	Non-FDA / Dietary Supplement	Nutraceutical / Botanical
glycine-alanyl-l-leucine	SUPPLEMENT_INGREDIENT	Non-FDA / Dietary Supplement	Nutraceutical / Botanical
greater-periwinkle	BOTANICAL_OR_ORGANISM_PREPARATION	Non-FDA / Dietary Supplement	Nutraceutical / Botanical
saccharomyces-cerevisae	SUPPLEMENT_INGREDIENT	Non-FDA / Dietary Supplement	Nutraceutical / Botanical
glycosylceramides	SUPPLEMENT_INGREDIENT	Non-FDA / Dietary Supplement	Nutraceutical / Botanical
grain	SUPPLEMENT_INGREDIENT	Non-FDA / Dietary Supplement	Nutraceutical / Botanical
selenium-yeast	SUPPLEMENT_INGREDIENT	Non-FDA / Dietary Supplement	Nutraceutical / Botanical
glycyl-alanyl-lysine-l-isoleucine	SUPPLEMENT_INGREDIENT	Non-FDA / Dietary Supplement	Nutraceutical / Botanical
grass-leaved-calamus	SUPPLEMENT_INGREDIENT	Non-FDA / Dietary Supplement	Nutraceutical / Botanical
shiitake	SUPPLEMENT_INGREDIENT	Non-FDA / Dietary Supplement	Nutraceutical / Botanical
glycosaminoglycan	SUPPLEMENT_INGREDIENT	Non-FDA / Dietary Supplement	Nutraceutical / Botanical
grindelia-hirsutula-whole	BOTANICAL_OR_ORGANISM_PREPARATION	Non-FDA / Dietary Supplement	Nutraceutical / Botanical
soy-fiber	SUPPLEMENT_INGREDIENT	Non-FDA / Dietary Supplement	Nutraceutical / Botanical
gooseberry	SUPPLEMENT_INGREDIENT	Non-FDA / Dietary Supplement	Nutraceutical / Botanical
yellow-dock	SUPPLEMENT_INGREDIENT	Non-FDA / Dietary Supplement	Nutraceutical / Botanical
green-tea	SUPPLEMENT_INGREDIENT	Non-FDA / Dietary Supplement	Nutraceutical / Botanical
gossypium-herbaceum-flower	BOTANICAL_OR_ORGANISM_PREPARATION	Non-FDA / Dietary Supplement	Nutraceutical / Botanical
greater-celandine	SUPPLEMENT_INGREDIENT	Non-FDA / Dietary Supplement	Nutraceutical / Botanical
speranskia-terburculata	SUPPLEMENT_INGREDIENT	Non-FDA / Dietary Supplement	Nutraceutical / Botanical
grains-of-paradise	SUPPLEMENT_INGREDIENT	Non-FDA / Dietary Supplement	Nutraceutical / Botanical
hericenones	SUPPLEMENT_INGREDIENT	Non-FDA / Dietary Supplement	Nutraceutical / Botanical
wheat-germ	SUPPLEMENT_INGREDIENT	Non-FDA / Dietary Supplement	Nutraceutical / Botanical
graviola	SUPPLEMENT_INGREDIENT	Non-FDA / Dietary Supplement	Nutraceutical / Botanical
haemophilus-influenzae-type-b	SUPPLEMENT_INGREDIENT	Non-FDA / Dietary Supplement	Nutraceutical / Botanical
white-peony	SUPPLEMENT_INGREDIENT	Non-FDA / Dietary Supplement	Nutraceutical / Botanical
guggulsterones	SUPPLEMENT_INGREDIENT	Non-FDA / Dietary Supplement	Nutraceutical / Botanical
hard-fat	MARKETED_PRODUCT_INGREDIENT	FDA Approved	Small Molecule
imciromab	APPROVED_BIOLOGIC	FDA Approved	Monoclonal Antibody (mAb)
haematococcus-pluvialis	BOTANICAL_OR_ORGANISM_PREPARATION	Non-FDA / Dietary Supplement	Nutraceutical / Botanical
wild-indigo	SUPPLEMENT_INGREDIENT	Non-FDA / Dietary Supplement	Nutraceutical / Botanical
acellular-tissue-engineered-vessel	INVESTIGATIONAL_MEDICINE	Pre-clinical / Open Source	Recombinant Protein / Biologic
zilebesiran	INVESTIGATIONAL_MEDICINE	Phase 2 Investigational	siRNA (Small Interfering RNA)
abaloparatide	APPROVED_BIOLOGIC	FDA Approved	Peptide / GLP-1 Agonist
acebutolol	APPROVED_MEDICINE	FDA Approved	Small Molecule
acitretin	APPROVED_MEDICINE	FDA Approved	Small Molecule
acalabrutinib	APPROVED_MEDICINE	FDA Approved	Small Molecule
adalimumab-atto	APPROVED_BIOLOGIC	FDA Approved	Recombinant Protein / Biologic
aconitum-napellus-root	BOTANICAL_OR_ORGANISM_PREPARATION	Non-FDA / Dietary Supplement	Nutraceutical / Botanical
acoltremon	APPROVED_MEDICINE	FDA Approved	Small Molecule
acetic-acid-glacial	APPROVED_MEDICINE	FDA Approved	Small Molecule
aceclidine	APPROVED_MEDICINE	FDA Approved	Small Molecule
adalimumab-aaty	APPROVED_BIOLOGIC	FDA Approved	Recombinant Protein / Biologic
aesculus-x-carnea-flower	BOTANICAL_OR_ORGANISM_PREPARATION	Non-FDA / Dietary Supplement	Nutraceutical / Botanical
acetylcholine	APPROVED_MEDICINE	FDA Approved	Small Molecule
adalimumab-ryvk	APPROVED_BIOLOGIC	FDA Approved	Recombinant Protein / Biologic
aesculus-hippocastanum-leaf	BOTANICAL_OR_ORGANISM_PREPARATION	Non-FDA / Dietary Supplement	Nutraceutical / Botanical
aflibercept-mrbb	APPROVED_BIOLOGIC	FDA Approved	Recombinant Protein / Biologic
beef-kidney	SUPPLEMENT_INGREDIENT	Non-FDA / Dietary Supplement	Nutraceutical / Botanical
acetaldehyde	SUPPLEMENT_INGREDIENT	Non-FDA / Dietary Supplement	Nutraceutical / Botanical
adalimumab-afzb	APPROVED_BIOLOGIC	FDA Approved	Recombinant Protein / Biologic
aclidinium	APPROVED_MEDICINE	FDA Approved	Small Molecule
acer-rubrum-whole	BOTANICAL_OR_ORGANISM_PREPARATION	Non-FDA / Dietary Supplement	Nutraceutical / Botanical
acetyl-l-tyrosine	SUPPLEMENT_INGREDIENT	Non-FDA / Dietary Supplement	Nutraceutical / Botanical
adalimumab-fkjp	APPROVED_BIOLOGIC	FDA Approved	Recombinant Protein / Biologic
ado-trastuzumab-emtansine	APPROVED_BIOLOGIC	FDA Approved	Recombinant Protein / Biologic
afamelanotide	APPROVED_BIOLOGIC	FDA Approved	Peptide / GLP-1 Agonist
agalsidase-beta	APPROVED_BIOLOGIC	FDA Approved	Recombinant Protein / Biologic
aesculus-carnea-flower	BOTANICAL_OR_ORGANISM_PREPARATION	Non-FDA / Dietary Supplement	Nutraceutical / Botanical
adenosine	APPROVED_MEDICINE	FDA Approved	Small Molecule
agrimonia-eupatoria-flower	BOTANICAL_OR_ORGANISM_PREPARATION	Non-FDA / Dietary Supplement	Nutraceutical / Botanical
aloe-ferox-leaf	BOTANICAL_OR_ORGANISM_PREPARATION	Non-FDA / Dietary Supplement	Nutraceutical / Botanical
aethusa-cynapium	BOTANICAL_OR_ORGANISM_PREPARATION	Non-FDA / Dietary Supplement	Nutraceutical / Botanical
aficamten	APPROVED_MEDICINE	FDA Approved	Small Molecule
alanine	SUPPLEMENT_INGREDIENT	Non-FDA / Dietary Supplement	Nutraceutical / Botanical
aflibercept-jbvf	APPROVED_BIOLOGIC	FDA Approved	Recombinant Protein / Biologic
aletris-farinosa-root	BOTANICAL_OR_ORGANISM_PREPARATION	Non-FDA / Dietary Supplement	Nutraceutical / Botanical
allium-cepa-whole	BOTANICAL_OR_ORGANISM_PREPARATION	Non-FDA / Dietary Supplement	Nutraceutical / Botanical
alirocumab	APPROVED_BIOLOGIC	FDA Approved	Monoclonal Antibody (mAb)
aflibercept-ayyh	APPROVED_BIOLOGIC	FDA Approved	Recombinant Protein / Biologic
ailanthus-altissima-flowering-twig	BOTANICAL_OR_ORGANISM_PREPARATION	Non-FDA / Dietary Supplement	Nutraceutical / Botanical
alfuzosin	APPROVED_MEDICINE	FDA Approved	Small Molecule
agkistrodon-contortrix-venom	BOTANICAL_OR_ORGANISM_PREPARATION	Non-FDA / Dietary Supplement	Nutraceutical / Botanical
alcaftadine	APPROVED_MEDICINE	FDA Approved	Small Molecule
alpha-tocopherol-acetate-d	OFF_LABEL_OR_COMPOUNDED	Off-Label / Compounded	Small Molecule
aloe-barbadensis-leaf-powder	MARKETED_PRODUCT_INGREDIENT	FDA Approved	Nutraceutical / Botanical
alpine-strawberry	BOTANICAL_OR_ORGANISM_PREPARATION	Non-FDA / Dietary Supplement	Nutraceutical / Botanical
alitretinoin	APPROVED_MEDICINE	FDA Approved	Small Molecule
alosetron	APPROVED_MEDICINE	FDA Approved	Small Molecule
alogliptin-and-metformin	COMBINATION_PRODUCT	FDA Approved	Small Molecule
alprazolam	APPROVED_MEDICINE	FDA Approved	Small Molecule
aluminum-sulfate	APPROVED_MEDICINE	FDA Approved	Nutraceutical / Botanical
amcinonide	APPROVED_MEDICINE	FDA Approved	Small Molecule
encorafenib	APPROVED_MEDICINE	FDA Approved	Small Molecule
aluminum	SUPPLEMENT_INGREDIENT	Non-FDA / Dietary Supplement	Small Molecule
aluminum-zirconium-trichlorohydrate	APPROVED_MEDICINE	FDA Approved	Small Molecule
aluminum-hydroxide	APPROVED_MEDICINE	FDA Approved	Small Molecule
amanita-muscaria-whole	BOTANICAL_OR_ORGANISM_PREPARATION	Non-FDA / Dietary Supplement	Nutraceutical / Botanical
alvimopan	APPROVED_MEDICINE	FDA Approved	Small Molecule
amifampridine	APPROVED_MEDICINE	FDA Approved	Small Molecule
aluminum-acetate	APPROVED_MEDICINE	FDA Approved	Small Molecule
alprostadil	APPROVED_MEDICINE	FDA Approved	Small Molecule
aluminum-oxide	SUPPLEMENT_INGREDIENT	Non-FDA / Dietary Supplement	Nutraceutical / Botanical
amisulpride	APPROVED_MEDICINE	FDA Approved	Small Molecule
aluminum-zirconium-pentachlorohydrex-gly	APPROVED_MEDICINE	FDA Approved	Small Molecule
amlodipine-valsartan	COMBINATION_PRODUCT	FDA Approved	Small Molecule
ambrosia-artemisiifolia	BOTANICAL_OR_ORGANISM_PREPARATION	Non-FDA / Dietary Supplement	Nutraceutical / Botanical
amiloride	APPROVED_MEDICINE	FDA Approved	Small Molecule
amanita-muscaria-fruiting-body	SUPPLEMENT_INGREDIENT	Non-FDA / Dietary Supplement	Nutraceutical / Botanical
aminophylline	APPROVED_MEDICINE	FDA Approved	Small Molecule
anhydrous-dextrose	SUPPLEMENT_INGREDIENT	Non-FDA / Dietary Supplement	Nutraceutical / Botanical
ammonium-carbonate	APPROVED_MEDICINE	FDA Approved	Nutraceutical / Botanical
aminocaproic-acid	APPROVED_MEDICINE	FDA Approved	Small Molecule
anacaulase-bcdb	APPROVED_BIOLOGIC	FDA Approved	Recombinant Protein / Biologic
amphetamine	APPROVED_MEDICINE	FDA Approved	Small Molecule
ammonium-chloride	APPROVED_MEDICINE	FDA Approved	Small Molecule
anemone-pulsatilla	BOTANICAL_OR_ORGANISM_PREPARATION	Non-FDA / Dietary Supplement	Nutraceutical / Botanical
antimony-triiodide	SUPPLEMENT_INGREDIENT	Non-FDA / Dietary Supplement	Nutraceutical / Botanical
amphotericin-b	APPROVED_MEDICINE	FDA Approved	Small Molecule
anemone-hepatica-var-obtusa	SUPPLEMENT_INGREDIENT	Non-FDA / Dietary Supplement	Nutraceutical / Botanical
arginase-1	MARKETED_PRODUCT_INGREDIENT	Non-FDA / Dietary Supplement	Nutraceutical / Botanical
anakinra	APPROVED_BIOLOGIC	FDA Approved	Recombinant Protein / Biologic
aralia-racemosa-root	BOTANICAL_OR_ORGANISM_PREPARATION	Non-FDA / Dietary Supplement	Nutraceutical / Botanical
andexanet-alfa	APPROVED_BIOLOGIC	Accelerated Approval	Recombinant Protein / Biologic
anifrolumab-fnia	APPROVED_BIOLOGIC	FDA Approved	Recombinant Protein / Biologic
anidulafungin	APPROVED_MEDICINE	FDA Approved	Small Molecule
anagallis-arvensis	BOTANICAL_OR_ORGANISM_PREPARATION	Non-FDA / Dietary Supplement	Nutraceutical / Botanical
aprepitant	APPROVED_MEDICINE	FDA Approved	Small Molecule
anhydrous-dibasic	SUPPLEMENT_INGREDIENT	Non-FDA / Dietary Supplement	Nutraceutical / Botanical
anifrolumab	INVESTIGATIONAL_MEDICINE	Pre-clinical / Open Source	Monoclonal Antibody (mAb)
arnica-montana	APPROVED_MEDICINE	FDA Approved	Nutraceutical / Botanical
arctostaphylos-uva-ursi-leaf	BOTANICAL_OR_ORGANISM_PREPARATION	Non-FDA / Dietary Supplement	Nutraceutical / Botanical
apomorphine	APPROVED_MEDICINE	FDA Approved	Small Molecule
aristolochia-clematitis-root	BOTANICAL_OR_ORGANISM_PREPARATION	Non-FDA / Dietary Supplement	Nutraceutical / Botanical
artemisia-abrotanum-flowering-top	BOTANICAL_OR_ORGANISM_PREPARATION	Non-FDA / Dietary Supplement	Nutraceutical / Botanical
apis-mellifera-venom	APPROVED_MEDICINE	FDA Approved	Nutraceutical / Botanical
artemisia-annua-flowering-top	BOTANICAL_OR_ORGANISM_PREPARATION	Non-FDA / Dietary Supplement	Nutraceutical / Botanical
aprocitentan	APPROVED_MEDICINE	FDA Approved	Small Molecule
armodafinil	APPROVED_MEDICINE	FDA Approved	Small Molecule
articaine	APPROVED_MEDICINE	FDA Approved	Small Molecule
artemisia-vulgaris-root	APPROVED_MEDICINE	FDA Approved	Nutraceutical / Botanical
arum-maculatum-root	BOTANICAL_OR_ORGANISM_PREPARATION	Non-FDA / Dietary Supplement	Nutraceutical / Botanical
asfotase-alfa	APPROVED_BIOLOGIC	FDA Approved	Recombinant Protein / Biologic
arnica-montana-whole	APPROVED_MEDICINE	FDA Approved	Nutraceutical / Botanical
asenapine	APPROVED_MEDICINE	FDA Approved	Small Molecule
asian-ginseng	APPROVED_MEDICINE	FDA Approved	Nutraceutical / Botanical
artemisia-argyi-leaf	APPROVED_MEDICINE	FDA Approved	Nutraceutical / Botanical
aspergillus-niger-var-niger	BOTANICAL_OR_ORGANISM_PREPARATION	Non-FDA / Dietary Supplement	Nutraceutical / Botanical
enlicitide-decanoate	APPROVED_MEDICINE	FDA Approved	Small Molecule
aspartic-acid	APPROVED_MEDICINE	FDA Approved	Nutraceutical / Botanical
bacitracin-zinc	APPROVED_MEDICINE	FDA Approved	Small Molecule
avicularia-avicularia	BOTANICAL_OR_ORGANISM_PREPARATION	Non-FDA / Dietary Supplement	Nutraceutical / Botanical
avapritinib	APPROVED_MEDICINE	FDA Approved	Small Molecule
azadirachta-indica-seed-oil	SUPPLEMENT_INGREDIENT	Non-FDA / Dietary Supplement	Nutraceutical / Botanical
avatrombopag	APPROVED_MEDICINE	FDA Approved	Small Molecule
basiliximab	APPROVED_BIOLOGIC	FDA Approved	Monoclonal Antibody (mAb)
bacitracin	APPROVED_MEDICINE	FDA Approved	Small Molecule
benzoyl-peroxide	APPROVED_MEDICINE	FDA Approved	Small Molecule
beclomethasone	APPROVED_MEDICINE	FDA Approved	Small Molecule
bacillus-cereus	BOTANICAL_OR_ORGANISM_PREPARATION	Non-FDA / Dietary Supplement	Nutraceutical / Botanical
beractant	APPROVED_BIOLOGIC	FDA Approved	Recombinant Protein / Biologic
beef-lung	SUPPLEMENT_INGREDIENT	Non-FDA / Dietary Supplement	Nutraceutical / Botanical
bepotastine	INVESTIGATIONAL_MEDICINE	Pre-clinical / Open Source	Small Molecule
beryllium	SUPPLEMENT_INGREDIENT	Non-FDA / Dietary Supplement	Nutraceutical / Botanical
berotralstat	APPROVED_MEDICINE	FDA Approved	Small Molecule
benzhydrocodone	APPROVED_MEDICINE	FDA Approved	Small Molecule
bimekizumab	INVESTIGATIONAL_MEDICINE	Pre-clinical / Open Source	Monoclonal Antibody (mAb)
berahyaluronidase-alfa	INVESTIGATIONAL_MEDICINE	Pre-clinical / Open Source	Recombinant Protein / Biologic
beta-citronellol	APPROVED_MEDICINE	FDA Approved	Small Molecule
bexarotene	APPROVED_MEDICINE	FDA Approved	Small Molecule
bisacodyl	APPROVED_MEDICINE	FDA Approved	Small Molecule
bexagliflozin	APPROVED_MEDICINE	FDA Approved	Small Molecule
bismuth-citrate	SUPPLEMENT_INGREDIENT	Non-FDA / Dietary Supplement	Nutraceutical / Botanical
bictegravir	APPROVED_MEDICINE	FDA Approved	Small Molecule
blastocystis-hominis	BOTANICAL_OR_ORGANISM_PREPARATION	Non-FDA / Dietary Supplement	Nutraceutical / Botanical
bismuth-phosphate	SUPPLEMENT_INGREDIENT	Non-FDA / Dietary Supplement	Nutraceutical / Botanical
bismuth-subgallate	APPROVED_MEDICINE	FDA Approved	Small Molecule
bos-taurus-artery	SUPPLEMENT_INGREDIENT	Non-FDA / Dietary Supplement	Nutraceutical / Botanical
black-cohosh	APPROVED_MEDICINE	FDA Approved	Nutraceutical / Botanical
bos-taurus-pituitary-gland-posterior	SUPPLEMENT_INGREDIENT	Non-FDA / Dietary Supplement	Nutraceutical / Botanical
bos-taurus-tonsil	SUPPLEMENT_INGREDIENT	Non-FDA / Dietary Supplement	Nutraceutical / Botanical
dextroamphetamine-saccharate	APPROVED_MEDICINE	FDA Approved	Small Molecule
boron	SUPPLEMENT_INGREDIENT	Non-FDA / Dietary Supplement	Nutraceutical / Botanical
bos-taurus-solar-plexus	SUPPLEMENT_INGREDIENT	Non-FDA / Dietary Supplement	Nutraceutical / Botanical
brinzolamide	APPROVED_MEDICINE	FDA Approved	Small Molecule
blatta-orientalis	BOTANICAL_OR_ORGANISM_PREPARATION	Non-FDA / Dietary Supplement	Nutraceutical / Botanical
brincidofovir	APPROVED_MEDICINE	FDA Approved	Small Molecule
bos-taurus-uterus	BOTANICAL_OR_ORGANISM_PREPARATION	Non-FDA / Dietary Supplement	Nutraceutical / Botanical
brentuximab-vedotin	APPROVED_BIOLOGIC	FDA Approved	Recombinant Protein / Biologic
butamben	OFF_LABEL_OR_COMPOUNDED	Off-Label / Compounded	Small Molecule
brodalumab	APPROVED_BIOLOGIC	FDA Approved	Monoclonal Antibody (mAb)
butalbital	APPROVED_MEDICINE	FDA Approved	Small Molecule
brilliant-blue-g	APPROVED_MEDICINE	FDA Approved	Small Molecule
brigatinib	APPROVED_MEDICINE	FDA Approved	Small Molecule
butenafine	APPROVED_MEDICINE	FDA Approved	Small Molecule
bromus-ramosus-whole	BOTANICAL_OR_ORGANISM_PREPARATION	Non-FDA / Dietary Supplement	Nutraceutical / Botanical
burosumab-twza	APPROVED_BIOLOGIC	FDA Approved	Recombinant Protein / Biologic
bupivacaine	APPROVED_MEDICINE	FDA Approved	Small Molecule
calcium-formate	OFF_LABEL_OR_COMPOUNDED	Off-Label / Compounded	Small Molecule
cabazitaxel	APPROVED_MEDICINE	FDA Approved	Small Molecule
cadmium-sulfide	SUPPLEMENT_INGREDIENT	Non-FDA / Dietary Supplement	Nutraceutical / Botanical
calcium-lactate	SUPPLEMENT_INGREDIENT	Non-FDA / Dietary Supplement	Nutraceutical / Botanical
calcipotriene-hydrate	APPROVED_MEDICINE	FDA Approved	Small Molecule
calcium-silicate	SUPPLEMENT_INGREDIENT	Non-FDA / Dietary Supplement	Nutraceutical / Botanical
calcium-carbonate	SUPPLEMENT_INGREDIENT	Non-FDA / Dietary Supplement	Nutraceutical / Botanical
cadmium	SUPPLEMENT_INGREDIENT	Non-FDA / Dietary Supplement	Nutraceutical / Botanical
cabozantinib	APPROVED_MEDICINE	FDA Approved	Small Molecule
calcitonin-salmon	APPROVED_MEDICINE	FDA Approved	Small Molecule
calcium-hydroxide	SUPPLEMENT_INGREDIENT	Non-FDA / Dietary Supplement	Nutraceutical / Botanical
canakinumab	APPROVED_BIOLOGIC	FDA Approved	Monoclonal Antibody (mAb)
caplacizumab-yhdp	APPROVED_BIOLOGIC	FDA Approved	Monoclonal Antibody (mAb)
cangrelor	APPROVED_MEDICINE	FDA Approved	Small Molecule
capmatinib	APPROVED_MEDICINE	FDA Approved	Small Molecule
candida-albicans	BOTANICAL_OR_ORGANISM_PREPARATION	Non-FDA / Dietary Supplement	Nutraceutical / Botanical
carboxymethylcellulose-sodium-unspecified-form	APPROVED_MEDICINE	FDA Approved	Nutraceutical / Botanical
capsella-bursa-pastoris	BOTANICAL_OR_ORGANISM_PREPARATION	Non-FDA / Dietary Supplement	Nutraceutical / Botanical
carisoprodol	APPROVED_MEDICINE	FDA Approved	Small Molecule
candesartan-cilexetil	APPROVED_MEDICINE	FDA Approved	Small Molecule
carbon-disulfide	SUPPLEMENT_INGREDIENT	Non-FDA / Dietary Supplement	Nutraceutical / Botanical
cannabidiol	APPROVED_MEDICINE	FDA Approved	Small Molecule
carbidopa-hydrate	INVESTIGATIONAL_MEDICINE	Pre-clinical / Open Source	Small Molecule
carbachol	APPROVED_MEDICINE	FDA Approved	Small Molecule
carboplatin	APPROVED_MEDICINE	FDA Approved	Small Molecule
carglumic-acid	APPROVED_MEDICINE	FDA Approved	Small Molecule
ceftaroline-fosamil	APPROVED_MEDICINE	FDA Approved	Small Molecule
cefadroxil	INVESTIGATIONAL_MEDICINE	Pre-clinical / Open Source	Small Molecule
cefprozil	APPROVED_MEDICINE	FDA Approved	Small Molecule
cariprazine	APPROVED_MEDICINE	FDA Approved	Small Molecule
cefuroxime	APPROVED_MEDICINE	FDA Approved	Small Molecule
cemiplimab	INVESTIGATIONAL_MEDICINE	Pre-clinical / Open Source	Monoclonal Antibody (mAb)
cefotetan	APPROVED_MEDICINE	FDA Approved	Small Molecule
centella-asiatica-root	APPROVED_MEDICINE	FDA Approved	Nutraceutical / Botanical
cenegermin-bkbj	APPROVED_BIOLOGIC	FDA Approved	Recombinant Protein / Biologic
cholestyramine	APPROVED_MEDICINE	FDA Approved	Small Molecule
chenopodium-ambrosioides	BOTANICAL_OR_ORGANISM_PREPARATION	Non-FDA / Dietary Supplement	Nutraceutical / Botanical
cevimeline	APPROVED_MEDICINE	FDA Approved	Small Molecule
ceratostigma-willmottianum-whole	BOTANICAL_OR_ORGANISM_PREPARATION	Non-FDA / Dietary Supplement	Nutraceutical / Botanical
ceritinib	APPROVED_MEDICINE	FDA Approved	Small Molecule
cetrorelix	APPROVED_MEDICINE	FDA Approved	Small Molecule
chenodiol	APPROVED_MEDICINE	FDA Approved	Small Molecule
certolizumab-pegol	APPROVED_BIOLOGIC	FDA Approved	Recombinant Protein / Biologic
chelidonium-majus-whole	BOTANICAL_OR_ORGANISM_PREPARATION	Non-FDA / Dietary Supplement	Nutraceutical / Botanical
chlorogenic-acid	SUPPLEMENT_INGREDIENT	Non-FDA / Dietary Supplement	Nutraceutical / Botanical
chlorambucil	APPROVED_MEDICINE	FDA Approved	Small Molecule
chamaelirium-luteum-root	BOTANICAL_OR_ORGANISM_PREPARATION	Non-FDA / Dietary Supplement	Nutraceutical / Botanical
chionanthus-virginicus-root-bark	SUPPLEMENT_INGREDIENT	Non-FDA / Dietary Supplement	Nutraceutical / Botanical
cinnamic-acid	SUPPLEMENT_INGREDIENT	Non-FDA / Dietary Supplement	Nutraceutical / Botanical
cherry	SUPPLEMENT_INGREDIENT	Non-FDA / Dietary Supplement	Nutraceutical / Botanical
chloramphenicol	APPROVED_BIOLOGIC	FDA Approved	Recombinant Protein / Biologic
cilostazol	APPROVED_MEDICINE	FDA Approved	Small Molecule
chimaphila-umbellata	BOTANICAL_OR_ORGANISM_PREPARATION	Non-FDA / Dietary Supplement	Nutraceutical / Botanical
cinnamomum-camphora-leaf	APPROVED_MEDICINE	FDA Approved	Nutraceutical / Botanical
chromium-acetate	SUPPLEMENT_INGREDIENT	Non-FDA / Dietary Supplement	Nutraceutical / Botanical
cinchona-officinalis-bark	BOTANICAL_OR_ORGANISM_PREPARATION	Non-FDA / Dietary Supplement	Nutraceutical / Botanical
cinacalcet	APPROVED_MEDICINE	FDA Approved	Small Molecule
citrullus-colocynthis-fruit	BOTANICAL_OR_ORGANISM_PREPARATION	Non-FDA / Dietary Supplement	Nutraceutical / Botanical
claviceps-purpurea-sclerotium	SUPPLEMENT_INGREDIENT	Non-FDA / Dietary Supplement	Nutraceutical / Botanical
clemastine	APPROVED_MEDICINE	FDA Approved	Small Molecule
ciltacabtagene-autoleucel	INVESTIGATIONAL_MEDICINE	Pre-clinical / Open Source	CRISPR / Gene Therapy
chromium-nicotinate	SUPPLEMENT_INGREDIENT	Non-FDA / Dietary Supplement	Nutraceutical / Botanical
cichorium-intybus-whole	BOTANICAL_OR_ORGANISM_PREPARATION	Non-FDA / Dietary Supplement	Nutraceutical / Botanical
cinnamomum-camphora-whole	BOTANICAL_OR_ORGANISM_PREPARATION	Non-FDA / Dietary Supplement	Nutraceutical / Botanical
citronella-oil	APPROVED_MEDICINE	FDA Approved	Small Molecule
cipaglucosidase-alfa	INVESTIGATIONAL_MEDICINE	Pre-clinical / Open Source	Recombinant Protein / Biologic
clobazam	APPROVED_MEDICINE	FDA Approved	Small Molecule
cinchona-officinalis-whole	BOTANICAL_OR_ORGANISM_PREPARATION	Non-FDA / Dietary Supplement	Nutraceutical / Botanical
citrus-reticulata-fruit-oil	APPROVED_MEDICINE	FDA Approved	Nutraceutical / Botanical
clematis-recta-flowering-top	BOTANICAL_OR_ORGANISM_PREPARATION	Non-FDA / Dietary Supplement	Nutraceutical / Botanical
cisplatin	APPROVED_MEDICINE	FDA Approved	Small Molecule
cnidium-monnieri-fruit	MARKETED_PRODUCT_INGREDIENT	FDA Approved	Nutraceutical / Botanical
colchicum-autumnale-bulb	BOTANICAL_OR_ORGANISM_PREPARATION	Non-FDA / Dietary Supplement	Nutraceutical / Botanical
coagulation-factor-x-human	INVESTIGATIONAL_MEDICINE	Pre-clinical / Open Source	Recombinant Protein / Biologic
coccidioides-immitis-whole	BOTANICAL_OR_ORGANISM_PREPARATION	Non-FDA / Dietary Supplement	Nutraceutical / Botanical
collinsonia-canadensis-root	BOTANICAL_OR_ORGANISM_PREPARATION	Non-FDA / Dietary Supplement	Nutraceutical / Botanical
clonazepam	APPROVED_MEDICINE	FDA Approved	Small Molecule
clesrovimab-cfor	APPROVED_BIOLOGIC	FDA Approved	Recombinant Protein / Biologic
clobetasol	APPROVED_MEDICINE	FDA Approved	Small Molecule
clopidogrel-bisulfate	APPROVED_MEDICINE	FDA Approved	Small Molecule
conium-maculatum-flowering-top	BOTANICAL_OR_ORGANISM_PREPARATION	Non-FDA / Dietary Supplement	Nutraceutical / Botanical
cobimetinib	APPROVED_MEDICINE	FDA Approved	Small Molecule
crizanlizumab-tmca	APPROVED_BIOLOGIC	FDA Approved	Recombinant Protein / Biologic
cobicistat	APPROVED_MEDICINE	FDA Approved	Small Molecule
clorazepate	APPROVED_MEDICINE	FDA Approved	Small Molecule
clostridium-difficile	SUPPLEMENT_INGREDIENT	Non-FDA / Dietary Supplement	Nutraceutical / Botanical
colestipol	APPROVED_MEDICINE	FDA Approved	Small Molecule
cobalt	SUPPLEMENT_INGREDIENT	Non-FDA / Dietary Supplement	Nutraceutical / Botanical
colistimethate	APPROVED_MEDICINE	FDA Approved	Small Molecule
concizumab	APPROVED_BIOLOGIC	FDA Approved	Monoclonal Antibody (mAb)
corallium-rubrum-exoskeleton	SUPPLEMENT_INGREDIENT	Non-FDA / Dietary Supplement	Nutraceutical / Botanical
crataegus-fruit	BOTANICAL_OR_ORGANISM_PREPARATION	Non-FDA / Dietary Supplement	Nutraceutical / Botanical
cyclopentolate	APPROVED_MEDICINE	FDA Approved	Small Molecule
crizotinib	APPROVED_MEDICINE	FDA Approved	Small Molecule
dalteparin	APPROVED_MEDICINE	FDA Approved	Small Molecule
crotalus-horridus-horridus-venom	BOTANICAL_OR_ORGANISM_PREPARATION	Non-FDA / Dietary Supplement	Nutraceutical / Botanical
cyclomethicone	APPROVED_MEDICINE	FDA Approved	Small Molecule
cupric-chloride	APPROVED_MEDICINE	FDA Approved	Small Molecule
darunavir	APPROVED_MEDICINE	FDA Approved	Small Molecule
cupric-acetate	SUPPLEMENT_INGREDIENT	Non-FDA / Dietary Supplement	Nutraceutical / Botanical
danio-rerio-egg	BOTANICAL_OR_ORGANISM_PREPARATION	Non-FDA / Dietary Supplement	Nutraceutical / Botanical
daptomycin	APPROVED_MEDICINE	FDA Approved	Small Molecule
cysteine	APPROVED_MEDICINE	FDA Approved	Nutraceutical / Botanical
deanol	SUPPLEMENT_INGREDIENT	Non-FDA / Dietary Supplement	Nutraceutical / Botanical
cysteamine	APPROVED_MEDICINE	FDA Approved	Small Molecule
datopotamab-deruxtecan	INVESTIGATIONAL_MEDICINE	Pre-clinical / Open Source	Recombinant Protein / Biologic
dapsone	APPROVED_MEDICINE	FDA Approved	Small Molecule
cynodon-dactylon-pollen	BOTANICAL_OR_ORGANISM_PREPARATION	Non-FDA / Dietary Supplement	Nutraceutical / Botanical
danicopan	APPROVED_MEDICINE	FDA Approved	Small Molecule
darunavir-propylene-glycolate	INVESTIGATIONAL_MEDICINE	Pre-clinical / Open Source	Small Molecule
defibrotide	APPROVED_BIOLOGIC	FDA Approved	Peptide / GLP-1 Agonist
denileukin-diftitox-cxdl	APPROVED_BIOLOGIC	FDA Approved	Recombinant Protein / Biologic
dexbrompheniramine	APPROVED_MEDICINE	FDA Approved	Small Molecule
denileukin-diftitox	APPROVED_BIOLOGIC	FDA Approved	Recombinant Protein / Biologic
dermatophagoides-farinae	BOTANICAL_OR_ORGANISM_PREPARATION	Non-FDA / Dietary Supplement	Nutraceutical / Botanical
decitabine	APPROVED_MEDICINE	FDA Approved	Small Molecule
desipramine	APPROVED_MEDICINE	FDA Approved	Small Molecule
delafloxacin	APPROVED_MEDICINE	FDA Approved	Small Molecule
denosumab-desu	APPROVED_BIOLOGIC	FDA Approved	Recombinant Protein / Biologic
demeclocycline	APPROVED_MEDICINE	FDA Approved	Small Molecule
dermatophagoides-pteronyssinus	BOTANICAL_OR_ORGANISM_PREPARATION	Non-FDA / Dietary Supplement	Nutraceutical / Botanical
dexchlorpheniramine	APPROVED_MEDICINE	FDA Approved	Small Molecule
denosumab-bmwo	APPROVED_BIOLOGIC	FDA Approved	Recombinant Protein / Biologic
desoximetasone	APPROVED_MEDICINE	FDA Approved	Small Molecule
denosumab-bbdz	APPROVED_BIOLOGIC	FDA Approved	Recombinant Protein / Biologic
deuruxolitinib	APPROVED_MEDICINE	FDA Approved	Small Molecule
dicyclomine	APPROVED_MEDICINE	FDA Approved	Small Molecule
dextromethorphan	APPROVED_MEDICINE	FDA Approved	Small Molecule
dienogest	APPROVED_MEDICINE	FDA Approved	Small Molecule
dibasic	SUPPLEMENT_INGREDIENT	Non-FDA / Dietary Supplement	Nutraceutical / Botanical
dichlorphenamide	APPROVED_MEDICINE	FDA Approved	Small Molecule
diphenoxylate	APPROVED_MEDICINE	FDA Approved	Small Molecule
diflunisal	APPROVED_MEDICINE	FDA Approved	Small Molecule
dipeptide-2	MARKETED_PRODUCT_INGREDIENT	FDA Approved	Small Molecule
distearoylphosphatidylcholine-dl	INVESTIGATIONAL_MEDICINE	Pre-clinical / Open Source	Small Molecule
drosera-anglica	BOTANICAL_OR_ORGANISM_PREPARATION	Non-FDA / Dietary Supplement	Nutraceutical / Botanical
disulfiram	APPROVED_MEDICINE	FDA Approved	Small Molecule
dimethicone-unspecified	APPROVED_MEDICINE	FDA Approved	Small Molecule
divalproex	APPROVED_MEDICINE	FDA Approved	Small Molecule
droxidopa	APPROVED_MEDICINE	FDA Approved	Small Molecule
diosmin	SUPPLEMENT_INGREDIENT	Non-FDA / Dietary Supplement	Nutraceutical / Botanical
doconexent	OFF_LABEL_OR_COMPOUNDED	Off-Label / Compounded	Small Molecule
docetaxel	APPROVED_MEDICINE	FDA Approved	Small Molecule
dioscorea-villosa-tuber	APPROVED_MEDICINE	FDA Approved	Nutraceutical / Botanical
doxecitine	APPROVED_MEDICINE	FDA Approved	Small Molecule
dna	SUPPLEMENT_INGREDIENT	Non-FDA / Dietary Supplement	Nutraceutical / Botanical
efbemalenograstim-alfa-vuxw	APPROVED_BIOLOGIC	FDA Approved	Recombinant Protein / Biologic
dordaviprone	APPROVED_MEDICINE	FDA Approved	Small Molecule
durvalumab	APPROVED_BIOLOGIC	FDA Approved	Monoclonal Antibody (mAb)
chromic-oxide	SUPPLEMENT_INGREDIENT	Non-FDA / Dietary Supplement	Nutraceutical / Botanical
doxorubicin	APPROVED_MEDICINE	FDA Approved	Small Molecule
donislecel	INVESTIGATIONAL_MEDICINE	Pre-clinical / Open Source	CRISPR / Gene Therapy
dornase-alfa	APPROVED_BIOLOGIC	FDA Approved	Recombinant Protein / Biologic
ensulizole	APPROVED_MEDICINE	FDA Approved	Small Molecule
edaravone	APPROVED_MEDICINE	FDA Approved	Small Molecule
drosera-intermedia	BOTANICAL_OR_ORGANISM_PREPARATION	Non-FDA / Dietary Supplement	Nutraceutical / Botanical
efinaconazole	APPROVED_MEDICINE	FDA Approved	Small Molecule
doxribtimine	APPROVED_MEDICINE	FDA Approved	Small Molecule
dronabinol	APPROVED_MEDICINE	FDA Approved	Small Molecule
edotreotide-gallium-ga-68	INVESTIGATIONAL_MEDICINE	Pre-clinical / Open Source	Small Molecule
econazole	APPROVED_MEDICINE	FDA Approved	Small Molecule
entacapone	APPROVED_MEDICINE	FDA Approved	Small Molecule
echinacea-angustifolia	BOTANICAL_OR_ORGANISM_PREPARATION	Non-FDA / Dietary Supplement	Nutraceutical / Botanical
elexacaftor-ivacaftor-tezacaftor	APPROVED_MEDICINE	FDA Approved	Small Molecule
efbemalenograstim-alfa	INVESTIGATIONAL_MEDICINE	Pre-clinical / Open Source	Recombinant Protein / Biologic
elbasvir	APPROVED_MEDICINE	FDA Approved	Small Molecule
edetate	APPROVED_MEDICINE	FDA Approved	Small Molecule
elagolix-sodium-estradiol-norethindrone	COMBINATION_PRODUCT	FDA Approved	Small Molecule
epoetin-alfa-epbx	APPROVED_BIOLOGIC	FDA Approved	Recombinant Protein / Biologic
eflornithine	APPROVED_MEDICINE	FDA Approved	Small Molecule
elinzanetant	APPROVED_MEDICINE	FDA Approved	Small Molecule
empagliflozin-metformin	COMBINATION_PRODUCT	FDA Approved	Small Molecule
enzalutamide	APPROVED_MEDICINE	FDA Approved	Small Molecule
enasidenib	APPROVED_MEDICINE	FDA Approved	Small Molecule
enterobius-vermicularis	BOTANICAL_OR_ORGANISM_PREPARATION	Non-FDA / Dietary Supplement	Nutraceutical / Botanical
entecavir	APPROVED_MEDICINE	FDA Approved	Small Molecule
epirubicin	APPROVED_MEDICINE	FDA Approved	Small Molecule
eptinezumab-jjmr	APPROVED_BIOLOGIC	FDA Approved	Recombinant Protein / Biologic
epcoritamab-bysp	APPROVED_BIOLOGIC	FDA Approved	Recombinant Protein / Biologic
entrectinib	APPROVED_MEDICINE	FDA Approved	Small Molecule
ergotamine	APPROVED_MEDICINE	FDA Approved	Small Molecule
eupatorium-perfoliatum-flowering-top	BOTANICAL_OR_ORGANISM_PREPARATION	Non-FDA / Dietary Supplement	Nutraceutical / Botanical
fagus-sylvatica-flower-bud	SUPPLEMENT_INGREDIENT	Non-FDA / Dietary Supplement	Nutraceutical / Botanical
epoetin-alfa	APPROVED_BIOLOGIC	FDA Approved	Recombinant Protein / Biologic
estetrol	APPROVED_MEDICINE	FDA Approved	Small Molecule
eribulin	APPROVED_MEDICINE	FDA Approved	Small Molecule
erdafitinib	APPROVED_MEDICINE	FDA Approved	Small Molecule
fenfluramine	APPROVED_MEDICINE	FDA Approved	Small Molecule
etodolac	APPROVED_MEDICINE	FDA Approved	Small Molecule
erysimum-cheiri	BOTANICAL_OR_ORGANISM_PREPARATION	Non-FDA / Dietary Supplement	Nutraceutical / Botanical
esomeprazole-strontium	APPROVED_MEDICINE	FDA Approved	Small Molecule
eslicarbazepine	APPROVED_MEDICINE	FDA Approved	Small Molecule
eszopiclone	APPROVED_MEDICINE	FDA Approved	Small Molecule
etoposide	APPROVED_MEDICINE	FDA Approved	Small Molecule
febuxostat	APPROVED_MEDICINE	FDA Approved	Small Molecule
ethinyl-estradiol	APPROVED_MEDICINE	FDA Approved	Small Molecule
felis-catus-hair	BOTANICAL_OR_ORGANISM_PREPARATION	Non-FDA / Dietary Supplement	Nutraceutical / Botanical
fenofibric-acid	APPROVED_MEDICINE	FDA Approved	Small Molecule
etuvetidigene-autotemcel	INVESTIGATIONAL_MEDICINE	Pre-clinical / Open Source	CRISPR / Gene Therapy
exenatide-synthetic	APPROVED_MEDICINE	FDA Approved	Small Molecule
felbamate	APPROVED_MEDICINE	FDA Approved	Small Molecule
famciclovir	APPROVED_MEDICINE	FDA Approved	Small Molecule
fenoprofen	APPROVED_MEDICINE	FDA Approved	Small Molecule
ferric-derisomaltose	APPROVED_MEDICINE	FDA Approved	Small Molecule
ferrous-bisglycinate	OFF_LABEL_OR_COMPOUNDED	Off-Label / Compounded	Small Molecule
ferric-phosphate	SUPPLEMENT_INGREDIENT	Non-FDA / Dietary Supplement	Nutraceutical / Botanical
flavin-adenine-dinucleotide	OFF_LABEL_OR_COMPOUNDED	Off-Label / Compounded	Peptide / GLP-1 Agonist
ferric-chloride	SUPPLEMENT_INGREDIENT	Non-FDA / Dietary Supplement	Nutraceutical / Botanical
ferrous-cysteine-glycinate	OFF_LABEL_OR_COMPOUNDED	Off-Label / Compounded	Small Molecule
fexinidazole	APPROVED_MEDICINE	FDA Approved	Small Molecule
fluocinolone-acetonide	APPROVED_MEDICINE	FDA Approved	Small Molecule
filgrastim-sndz	APPROVED_BIOLOGIC	FDA Approved	Recombinant Protein / Biologic
flortaucipir-f-18	APPROVED_MEDICINE	FDA Approved	Small Molecule
ferrous-phosphate	SUPPLEMENT_INGREDIENT	Non-FDA / Dietary Supplement	Nutraceutical / Botanical
ficus-carica-flower-bud	SUPPLEMENT_INGREDIENT	Non-FDA / Dietary Supplement	Nutraceutical / Botanical
ferrous-sulfate	APPROVED_MEDICINE	FDA Approved	Small Molecule
fidaxomicin	APPROVED_MEDICINE	FDA Approved	Small Molecule
flotufolastat-f-18	INVESTIGATIONAL_MEDICINE	Pre-clinical / Open Source	Small Molecule
fingolimod-lauryl	APPROVED_MEDICINE	FDA Approved	Small Molecule
flouride	SUPPLEMENT_INGREDIENT	Non-FDA / Dietary Supplement	Nutraceutical / Botanical
fluoride-ion	APPROVED_MEDICINE	FDA Approved	Nutraceutical / Botanical
flecainide	APPROVED_MEDICINE	FDA Approved	Small Molecule
fluorouracil	APPROVED_MEDICINE	FDA Approved	Small Molecule
fludrocortisone	APPROVED_MEDICINE	FDA Approved	Small Molecule
flurbiprofen	APPROVED_MEDICINE	FDA Approved	Small Molecule
formaldehyde	MARKETED_PRODUCT_INGREDIENT	Non-FDA / Dietary Supplement	Nutraceutical / Botanical
fostemsavir	APPROVED_MEDICINE	FDA Approved	Small Molecule
floxuridine	APPROVED_MEDICINE	FDA Approved	Small Molecule
foscarbidopa	APPROVED_MEDICINE	FDA Approved	Small Molecule
fucus-vesiculosus	BOTANICAL_OR_ORGANISM_PREPARATION	Non-FDA / Dietary Supplement	Nutraceutical / Botanical
fluorometholone	APPROVED_MEDICINE	FDA Approved	Small Molecule
fragaria-vesca-fruit	BOTANICAL_OR_ORGANISM_PREPARATION	Non-FDA / Dietary Supplement	Nutraceutical / Botanical
fluvoxamine	APPROVED_MEDICINE	FDA Approved	Small Molecule
fulvestrant	APPROVED_MEDICINE	FDA Approved	Small Molecule
gatifloxacin	APPROVED_MEDICINE	FDA Approved	Small Molecule
fluvastatin	APPROVED_MEDICINE	FDA Approved	Small Molecule
gabapentin-enacarbil	APPROVED_MEDICINE	FDA Approved	Small Molecule
fosnetupitant	APPROVED_MEDICINE	FDA Approved	Small Molecule
frovatriptan	APPROVED_MEDICINE	FDA Approved	Small Molecule
foscarnet	APPROVED_MEDICINE	FDA Approved	Small Molecule
fosphenytoin	APPROVED_MEDICINE	FDA Approved	Small Molecule
fumaric-acid	SUPPLEMENT_INGREDIENT	Non-FDA / Dietary Supplement	Nutraceutical / Botanical
gallium-ga-68-gozetotide	APPROVED_BIOLOGIC	FDA Approved	Peptide / GLP-1 Agonist
fraxinus-americana-bark	BOTANICAL_OR_ORGANISM_PREPARATION	Non-FDA / Dietary Supplement	Nutraceutical / Botanical
gamma-aminobutyric-acid	SUPPLEMENT_INGREDIENT	Non-FDA / Dietary Supplement	Nutraceutical / Botanical
gemfibrozil	APPROVED_MEDICINE	FDA Approved	Small Molecule
galcanezumab-gnlm	APPROVED_BIOLOGIC	FDA Approved	Recombinant Protein / Biologic
ginsenoside	SUPPLEMENT_INGREDIENT	Non-FDA / Dietary Supplement	Nutraceutical / Botanical
gentamicin	APPROVED_MEDICINE	FDA Approved	Small Molecule
galium-aparine	BOTANICAL_OR_ORGANISM_PREPARATION	Non-FDA / Dietary Supplement	Nutraceutical / Botanical
raphanus-sativus	BOTANICAL_OR_ORGANISM_PREPARATION	Non-FDA / Dietary Supplement	Nutraceutical / Botanical
gelsemium-sempervirens-root	BOTANICAL_OR_ORGANISM_PREPARATION	Non-FDA / Dietary Supplement	Nutraceutical / Botanical
gentianella-amarella-flower	BOTANICAL_OR_ORGANISM_PREPARATION	Non-FDA / Dietary Supplement	Nutraceutical / Botanical
glutathione	APPROVED_MEDICINE	FDA Approved	Nutraceutical / Botanical
gepirone	APPROVED_MEDICINE	FDA Approved	Small Molecule
gentiana-scabra-root	APPROVED_MEDICINE	FDA Approved	Nutraceutical / Botanical
glycyrrhiza-glabra	BOTANICAL_OR_ORGANISM_PREPARATION	Non-FDA / Dietary Supplement	Nutraceutical / Botanical
desirudin-recombinant	APPROVED_BIOLOGIC	FDA Approved	Recombinant Protein / Biologic
gentianella-amarella-whole	BOTANICAL_OR_ORGANISM_PREPARATION	Non-FDA / Dietary Supplement	Nutraceutical / Botanical
glycopyrrolate	APPROVED_MEDICINE	FDA Approved	Small Molecule
givinostat	APPROVED_MEDICINE	FDA Approved	Small Molecule
halobetasol	APPROVED_MEDICINE	FDA Approved	Small Molecule
giardia-lamblia	BOTANICAL_OR_ORGANISM_PREPARATION	Non-FDA / Dietary Supplement	Nutraceutical / Botanical
glutamic-acid	SUPPLEMENT_INGREDIENT	Non-FDA / Dietary Supplement	Nutraceutical / Botanical
hepatitis-c-immune-globulin	SUPPLEMENT_INGREDIENT	Non-FDA / Dietary Supplement	Nutraceutical / Botanical
guselkumab	APPROVED_BIOLOGIC	FDA Approved	Monoclonal Antibody (mAb)
hydrochloric-acid	SUPPLEMENT_INGREDIENT	Non-FDA / Dietary Supplement	Nutraceutical / Botanical
desoxyrhaponticin	SUPPLEMENT_INGREDIENT	Non-FDA / Dietary Supplement	Nutraceutical / Botanical
griseofulvin-microsize	APPROVED_MEDICINE	FDA Approved	Small Molecule
helianthemum-nummularium-whole	BOTANICAL_OR_ORGANISM_PREPARATION	Non-FDA / Dietary Supplement	Nutraceutical / Botanical
glycopyrronium	APPROVED_MEDICINE	FDA Approved	Small Molecule
helicobacter-pylori	BOTANICAL_OR_ORGANISM_PREPARATION	Non-FDA / Dietary Supplement	Nutraceutical / Botanical
golimumab	APPROVED_BIOLOGIC	FDA Approved	Monoclonal Antibody (mAb)
gold	SUPPLEMENT_INGREDIENT	Non-FDA / Dietary Supplement	Nutraceutical / Botanical
helianthus-annuus-seed-oil	APPROVED_MEDICINE	FDA Approved	Nutraceutical / Botanical
homatropine-methylbromide	APPROVED_MEDICINE	FDA Approved	Small Molecule
heparin	APPROVED_MEDICINE	FDA Approved	Small Molecule
green-tea-leaf	APPROVED_MEDICINE	FDA Approved	Nutraceutical / Botanical
gratiola-officinalis-whole	BOTANICAL_OR_ORGANISM_PREPARATION	Non-FDA / Dietary Supplement	Nutraceutical / Botanical
helleborus-niger-root	BOTANICAL_OR_ORGANISM_PREPARATION	Non-FDA / Dietary Supplement	Nutraceutical / Botanical
hydroxocobalamin	APPROVED_MEDICINE	FDA Approved	Small Molecule
impatiens-glandulifera-whole	BOTANICAL_OR_ORGANISM_PREPARATION	Non-FDA / Dietary Supplement	Nutraceutical / Botanical
histidine	SUPPLEMENT_INGREDIENT	Non-FDA / Dietary Supplement	Nutraceutical / Botanical
human-growth-hormone	SUPPLEMENT_INGREDIENT	Non-FDA / Dietary Supplement	Nutraceutical / Botanical
hyaluronate	APPROVED_MEDICINE	FDA Approved	Small Molecule
human-serum-albumin-i-131	INVESTIGATIONAL_MEDICINE	Pre-clinical / Open Source	Recombinant Protein / Biologic
house-dust	SUPPLEMENT_INGREDIENT	Non-FDA / Dietary Supplement	Nutraceutical / Botanical
hottonia-palustris-whole	BOTANICAL_OR_ORGANISM_PREPARATION	Non-FDA / Dietary Supplement	Nutraceutical / Botanical
human-herpesvirus-5	BOTANICAL_OR_ORGANISM_PREPARATION	Non-FDA / Dietary Supplement	Nutraceutical / Botanical
hyaluronidase	APPROVED_BIOLOGIC	FDA Approved	Recombinant Protein / Biologic
didymin	SUPPLEMENT_INGREDIENT	Non-FDA / Dietary Supplement	Nutraceutical / Botanical
durlobactam	APPROVED_MEDICINE	FDA Approved	Small Molecule
human-vaccinia-virus-immune-globulin	INVESTIGATIONAL_MEDICINE	Pre-clinical / Open Source	Recombinant Protein / Biologic
hydrofluoric-acid	SUPPLEMENT_INGREDIENT	Non-FDA / Dietary Supplement	Nutraceutical / Botanical
human-epidermal-growth-factor	SUPPLEMENT_INGREDIENT	Non-FDA / Dietary Supplement	Nutraceutical / Botanical
hydrocodone	APPROVED_MEDICINE	FDA Approved	Small Molecule
human-botulinum-neurotoxin-a-b-immune-globulin	INVESTIGATIONAL_MEDICINE	Pre-clinical / Open Source	Recombinant Protein / Biologic
human-peripheral-nerve-tissue	INVESTIGATIONAL_MEDICINE	Pre-clinical / Open Source	Recombinant Protein / Biologic
hydrocortisone-cypionate	APPROVED_MEDICINE	FDA Approved	Small Molecule
ibandronate	APPROVED_MEDICINE	FDA Approved	Small Molecule
imipramine	APPROVED_MEDICINE	FDA Approved	Small Molecule
hypromellose-2910	APPROVED_MEDICINE	FDA Approved	Small Molecule
idursulfase	APPROVED_BIOLOGIC	FDA Approved	Recombinant Protein / Biologic
imiquimod	APPROVED_MEDICINE	FDA Approved	Small Molecule
insulin-lispro-recombinant	APPROVED_BIOLOGIC	FDA Approved	Recombinant Protein / Biologic
ibrutinib	APPROVED_MEDICINE	FDA Approved	Small Molecule
idelalisib	APPROVED_MEDICINE	FDA Approved	Small Molecule
indigotindisulfonate	APPROVED_MEDICINE	FDA Approved	Small Molecule
indapamide	APPROVED_MEDICINE	FDA Approved	Small Molecule
insulin-aspart-szjj	APPROVED_BIOLOGIC	FDA Approved	Recombinant Protein / Biologic
imatinib	APPROVED_MEDICINE	FDA Approved	Small Molecule
indium-in-111	APPROVED_MEDICINE	FDA Approved	Small Molecule
iloperidone	APPROVED_MEDICINE	FDA Approved	Small Molecule
inebilizumab	INVESTIGATIONAL_MEDICINE	Pre-clinical / Open Source	Monoclonal Antibody (mAb)
insulin-detemir	APPROVED_BIOLOGIC	FDA Approved	Recombinant Protein / Biologic
imlunestrant	APPROVED_MEDICINE	FDA Approved	Small Molecule
interleukin-11	MARKETED_PRODUCT_INGREDIENT	Non-FDA / Dietary Supplement	Nutraceutical / Botanical
influenza-a-virus-a-victoria-2454-2019-ivr-207-antigen	SUPPLEMENT_INGREDIENT	Non-FDA / Dietary Supplement	Nutraceutical / Botanical
insulin	SUPPLEMENT_INGREDIENT	Non-FDA / Dietary Supplement	Recombinant Protein / Biologic
interferon-beta-1b	APPROVED_BIOLOGIC	FDA Approved	Recombinant Protein / Biologic
iron	SUPPLEMENT_INGREDIENT	Non-FDA / Dietary Supplement	Nutraceutical / Botanical
insulin-glulisine-recombinant	APPROVED_BIOLOGIC	FDA Approved	Recombinant Protein / Biologic
iron-pentacarbonyl	OFF_LABEL_OR_COMPOUNDED	Off-Label / Compounded	Small Molecule
isosorbide	APPROVED_MEDICINE	FDA Approved	Small Molecule
robinia-pseudoacacia-bark	BOTANICAL_OR_ORGANISM_PREPARATION	Non-FDA / Dietary Supplement	Nutraceutical / Botanical
interferon-beta-1a	APPROVED_BIOLOGIC	FDA Approved	Recombinant Protein / Biologic
infliximab-dyyb	APPROVED_BIOLOGIC	FDA Approved	Recombinant Protein / Biologic
iron-sucrose	APPROVED_MEDICINE	FDA Approved	Small Molecule
intrinsic-factor	SUPPLEMENT_INGREDIENT	Non-FDA / Dietary Supplement	Nutraceutical / Botanical
isavuconazonium	APPROVED_MEDICINE	FDA Approved	Small Molecule
ketamine	APPROVED_MEDICINE	FDA Approved	Small Molecule
ecamsule	APPROVED_MEDICINE	FDA Approved	Small Molecule
iopamidol	APPROVED_MEDICINE	FDA Approved	Small Molecule
interleukin-10	MARKETED_PRODUCT_INGREDIENT	Non-FDA / Dietary Supplement	Nutraceutical / Botanical
ioflupane-i-123	APPROVED_MEDICINE	FDA Approved	Small Molecule
isopropyl	SUPPLEMENT_INGREDIENT	Non-FDA / Dietary Supplement	Nutraceutical / Botanical
iptacopan	APPROVED_MEDICINE	FDA Approved	Small Molecule
lachnanthes-caroliniana-whole	BOTANICAL_OR_ORGANISM_PREPARATION	Non-FDA / Dietary Supplement	Nutraceutical / Botanical
landiolol	APPROVED_MEDICINE	FDA Approved	Small Molecule
isotonic-sodium-chloride-solution	OFF_LABEL_OR_COMPOUNDED	Off-Label / Compounded	Small Molecule
juglans-regia-shell	SUPPLEMENT_INGREDIENT	Non-FDA / Dietary Supplement	Nutraceutical / Botanical
lactuca-virosa	BOTANICAL_OR_ORGANISM_PREPARATION	Non-FDA / Dietary Supplement	Nutraceutical / Botanical
lemon	MARKETED_PRODUCT_INGREDIENT	FDA Approved	Nutraceutical / Botanical
isradipine	APPROVED_MEDICINE	FDA Approved	Small Molecule
krameria-lappacea-root	BOTANICAL_OR_ORGANISM_PREPARATION	Non-FDA / Dietary Supplement	Nutraceutical / Botanical
lecanemab-irmb	APPROVED_BIOLOGIC	FDA Approved	Recombinant Protein / Biologic
ketotifen	APPROVED_MEDICINE	FDA Approved	Small Molecule
lachnanthes-caroliniana	BOTANICAL_OR_ORGANISM_PREPARATION	Non-FDA / Dietary Supplement	Nutraceutical / Botanical
ketoconazole-n-oxide	APPROVED_MEDICINE	FDA Approved	Small Molecule
l-cysteine	SUPPLEMENT_INGREDIENT	Non-FDA / Dietary Supplement	Nutraceutical / Botanical
larotrectinib	APPROVED_MEDICINE	FDA Approved	Small Molecule
kerosene	MARKETED_PRODUCT_INGREDIENT	Non-FDA / Dietary Supplement	Nutraceutical / Botanical
letibotulinumtoxina-wlbg	APPROVED_BIOLOGIC	FDA Approved	Recombinant Protein / Biologic
ketoprofen	APPROVED_MEDICINE	FDA Approved	Small Molecule
lactobacillus-crispatus	BOTANICAL_OR_ORGANISM_PREPARATION	Non-FDA / Dietary Supplement	Nutraceutical / Botanical
edrophonium	APPROVED_MEDICINE	FDA Approved	Small Molecule
l-tyrosine	SUPPLEMENT_INGREDIENT	Non-FDA / Dietary Supplement	Nutraceutical / Botanical
erbium-sulfate-octahydrate	SUPPLEMENT_INGREDIENT	Non-FDA / Dietary Supplement	Nutraceutical / Botanical
latrodectus-mactans	BOTANICAL_OR_ORGANISM_PREPARATION	Non-FDA / Dietary Supplement	Nutraceutical / Botanical
lasmiditan	APPROVED_MEDICINE	FDA Approved	Small Molecule
levoleucovorin	APPROVED_MEDICINE	FDA Approved	Small Molecule
ledum-palustre-twig	BOTANICAL_OR_ORGANISM_PREPARATION	Non-FDA / Dietary Supplement	Nutraceutical / Botanical
lincomycin	APPROVED_MEDICINE	FDA Approved	Small Molecule
lidocaine-hcl	APPROVED_MEDICINE	FDA Approved	Small Molecule
letibotulinumtoxina	INVESTIGATIONAL_MEDICINE	Pre-clinical / Open Source	Recombinant Protein / Biologic
leucine	SUPPLEMENT_INGREDIENT	Non-FDA / Dietary Supplement	Nutraceutical / Botanical
lithium-citrate	APPROVED_MEDICINE	FDA Approved	Small Molecule
levocarnitine	APPROVED_MEDICINE	FDA Approved	Small Molecule
loteprednol-etabonate	APPROVED_MEDICINE	FDA Approved	Small Molecule
levamlodipine	APPROVED_MEDICINE	FDA Approved	Small Molecule
letermovir	APPROVED_MEDICINE	FDA Approved	Small Molecule
ligustrum-vulgare-whole	BOTANICAL_OR_ORGANISM_PREPARATION	Non-FDA / Dietary Supplement	Nutraceutical / Botanical
levalbuterol	APPROVED_MEDICINE	FDA Approved	Small Molecule
lerodalcibep-liga	APPROVED_BIOLOGIC	FDA Approved	Recombinant Protein / Biologic
lerodalcibep	INVESTIGATIONAL_MEDICINE	Pre-clinical / Open Source	Recombinant Protein / Biologic
levomilnacipran	APPROVED_MEDICINE	FDA Approved	Small Molecule
lithium-phosphate	SUPPLEMENT_INGREDIENT	Non-FDA / Dietary Supplement	Nutraceutical / Botanical
lutein	SUPPLEMENT_INGREDIENT	Non-FDA / Dietary Supplement	Nutraceutical / Botanical
lowbush-blueberry	OFF_LABEL_OR_COMPOUNDED	Off-Label / Compounded	Small Molecule
liothyronine	APPROVED_MEDICINE	FDA Approved	Small Molecule
levomefolic-acid	OFF_LABEL_OR_COMPOUNDED	Off-Label / Compounded	Small Molecule
loxapine	APPROVED_MEDICINE	FDA Approved	Small Molecule
lycopodium	BOTANICAL_OR_ORGANISM_PREPARATION	Non-FDA / Dietary Supplement	Nutraceutical / Botanical
lisdexamfetamine	APPROVED_MEDICINE	FDA Approved	Small Molecule
lonapegsomatropin-tcgd	APPROVED_BIOLOGIC	FDA Approved	Recombinant Protein / Biologic
macropiper-methysticum-root	BOTANICAL_OR_ORGANISM_PREPARATION	Non-FDA / Dietary Supplement	Nutraceutical / Botanical
lovotibeglogene-autotemcel	APPROVED_BIOLOGIC	FDA Approved	CRISPR / Gene Therapy
lonicera-caprifolium-flowering-top	BOTANICAL_OR_ORGANISM_PREPARATION	Non-FDA / Dietary Supplement	Nutraceutical / Botanical
lumateperone	APPROVED_MEDICINE	FDA Approved	Small Molecule
lycoperdon-utriforme-fruiting-body	SUPPLEMENT_INGREDIENT	Non-FDA / Dietary Supplement	Nutraceutical / Botanical
lonicera-caprifolium-whole	APPROVED_MEDICINE	FDA Approved	Nutraceutical / Botanical
lurbinectedin	APPROVED_MEDICINE	FDA Approved	Small Molecule
malus-pumila-flower	BOTANICAL_OR_ORGANISM_PREPARATION	Non-FDA / Dietary Supplement	Nutraceutical / Botanical
lurasidone	APPROVED_MEDICINE	FDA Approved	Small Molecule
magnesium-sulfate	APPROVED_MEDICINE	FDA Approved	Small Molecule
magnesium-ascorbate	SUPPLEMENT_INGREDIENT	Non-FDA / Dietary Supplement	Nutraceutical / Botanical
measles-virus	BOTANICAL_OR_ORGANISM_PREPARATION	Non-FDA / Dietary Supplement	Nutraceutical / Botanical
mepivacaine	APPROVED_MEDICINE	FDA Approved	Small Molecule
manganese-sulfate	APPROVED_MEDICINE	FDA Approved	Nutraceutical / Botanical
magnesium-phosphate	SUPPLEMENT_INGREDIENT	Non-FDA / Dietary Supplement	Nutraceutical / Botanical
mecasermin-recombinant	APPROVED_BIOLOGIC	FDA Approved	Recombinant Protein / Biologic
magnesium-oxybate	APPROVED_MEDICINE	FDA Approved	Small Molecule
melaleuca-alternifolia-leaf	APPROVED_MEDICINE	FDA Approved	Nutraceutical / Botanical
magnesium-hydroxide	APPROVED_MEDICINE	FDA Approved	Small Molecule
malus-domestica-root	BOTANICAL_OR_ORGANISM_PREPARATION	Non-FDA / Dietary Supplement	Nutraceutical / Botanical
medronic-acid	INVESTIGATIONAL_MEDICINE	Pre-clinical / Open Source	Small Molecule
menyanthes-trifoliata	BOTANICAL_OR_ORGANISM_PREPARATION	Non-FDA / Dietary Supplement	Nutraceutical / Botanical
maribavir	APPROVED_MEDICINE	FDA Approved	Small Molecule
mecasermin	MARKETED_PRODUCT_INGREDIENT	Non-FDA / Dietary Supplement	Nutraceutical / Botanical
malus-pumila-whole	SUPPLEMENT_INGREDIENT	Non-FDA / Dietary Supplement	Nutraceutical / Botanical
matricaria-recutita	BOTANICAL_OR_ORGANISM_PREPARATION	Non-FDA / Dietary Supplement	Nutraceutical / Botanical
mefenamic-acid	APPROVED_MEDICINE	FDA Approved	Small Molecule
methylene-blue	APPROVED_MEDICINE	FDA Approved	Small Molecule
meprobamate	APPROVED_MEDICINE	FDA Approved	Small Molecule
mexiletine	APPROVED_MEDICINE	FDA Approved	Small Molecule
metreleptin	APPROVED_BIOLOGIC	FDA Approved	Recombinant Protein / Biologic
maritime-pine	BOTANICAL_OR_ORGANISM_PREPARATION	Non-FDA / Dietary Supplement	Nutraceutical / Botanical
mentha-piperita-leaf	APPROVED_MEDICINE	FDA Approved	Nutraceutical / Botanical
methenamine	APPROVED_MEDICINE	FDA Approved	Nutraceutical / Botanical
miltefosine	APPROVED_MEDICINE	FDA Approved	Small Molecule
metaproterenol	APPROVED_MEDICINE	FDA Approved	Small Molecule
milk-thistle	BOTANICAL_OR_ORGANISM_PREPARATION	Non-FDA / Dietary Supplement	Nutraceutical / Botanical
methylnaltrexone	APPROVED_MEDICINE	FDA Approved	Small Molecule
methylphenidate	APPROVED_MEDICINE	FDA Approved	Small Molecule
natalizumab-sztn	APPROVED_BIOLOGIC	FDA Approved	Recombinant Protein / Biologic
milnacipran	APPROVED_MEDICINE	FDA Approved	Small Molecule
monosodium-glutamate	SUPPLEMENT_INGREDIENT	Non-FDA / Dietary Supplement	Nutraceutical / Botanical
methyldopa	APPROVED_MEDICINE	FDA Approved	Small Molecule
miglitol	APPROVED_MEDICINE	FDA Approved	Small Molecule
midostaurin	APPROVED_MEDICINE	FDA Approved	Small Molecule
mirvetuximab-soravtansine	INVESTIGATIONAL_MEDICINE	Pre-clinical / Open Source	Recombinant Protein / Biologic
nalmefene	APPROVED_MEDICINE	FDA Approved	Small Molecule
nabumetone	APPROVED_MEDICINE	FDA Approved	Small Molecule
natamycin	APPROVED_MEDICINE	FDA Approved	Small Molecule
monobasic	INVESTIGATIONAL_MEDICINE	Pre-clinical / Open Source	Small Molecule
moxidectin	APPROVED_MEDICINE	FDA Approved	Small Molecule
mycophenolate-mofetil	APPROVED_MEDICINE	FDA Approved	Small Molecule
nonoxynol-9	APPROVED_MEDICINE	FDA Approved	Small Molecule
naphthalene	SUPPLEMENT_INGREDIENT	Non-FDA / Dietary Supplement	Nutraceutical / Botanical
nickel-acetate	SUPPLEMENT_INGREDIENT	Non-FDA / Dietary Supplement	Nutraceutical / Botanical
olmesartan-medoxomil	APPROVED_MEDICINE	FDA Approved	Small Molecule
mupirocin	APPROVED_MEDICINE	FDA Approved	Small Molecule
naftifine	APPROVED_MEDICINE	FDA Approved	Small Molecule
natalizumab	APPROVED_BIOLOGIC	FDA Approved	Monoclonal Antibody (mAb)
nevirapine	APPROVED_MEDICINE	FDA Approved	Small Molecule
naldemedine	APPROVED_MEDICINE	FDA Approved	Small Molecule
nerium-oleander-leaf	BOTANICAL_OR_ORGANISM_PREPARATION	Non-FDA / Dietary Supplement	Nutraceutical / Botanical
nelarabine	APPROVED_MEDICINE	FDA Approved	Small Molecule
nirsevimab	INVESTIGATIONAL_MEDICINE	Pre-clinical / Open Source	Monoclonal Antibody (mAb)
nelfinavir	APPROVED_MEDICINE	FDA Approved	Small Molecule
nintedanib-esylate	APPROVED_MEDICINE	FDA Approved	Small Molecule
nitisinone	APPROVED_MEDICINE	FDA Approved	Small Molecule
nipocalimab-aahu	APPROVED_BIOLOGIC	FDA Approved	Recombinant Protein / Biologic
nimodipine	APPROVED_MEDICINE	FDA Approved	Small Molecule
nickel	SUPPLEMENT_INGREDIENT	Non-FDA / Dietary Supplement	Nutraceutical / Botanical
nifurtimox	APPROVED_MEDICINE	FDA Approved	Small Molecule
nitric-oxide	APPROVED_MEDICINE	FDA Approved	Small Molecule
nilotinib	APPROVED_MEDICINE	FDA Approved	Small Molecule
nux-vomica	SUPPLEMENT_INGREDIENT	Non-FDA / Dietary Supplement	Nutraceutical / Botanical
oenanthe-crocata-root	BOTANICAL_OR_ORGANISM_PREPARATION	Non-FDA / Dietary Supplement	Nutraceutical / Botanical
norgestrel	APPROVED_MEDICINE	FDA Approved	Small Molecule
nonathymulin	MARKETED_PRODUCT_INGREDIENT	Non-FDA / Dietary Supplement	Nutraceutical / Botanical
nipocalimab	INVESTIGATIONAL_MEDICINE	Pre-clinical / Open Source	Monoclonal Antibody (mAb)
nogapendekin-alfa-inbakicept-pmln	APPROVED_BIOLOGIC	FDA Approved	Recombinant Protein / Biologic
nitrogen	APPROVED_MEDICINE	FDA Approved	Nutraceutical / Botanical
olea-europaea-whole	BOTANICAL_OR_ORGANISM_PREPARATION	Non-FDA / Dietary Supplement	Nutraceutical / Botanical
ocrelizumab	APPROVED_BIOLOGIC	FDA Approved	Monoclonal Antibody (mAb)
olaparib	APPROVED_MEDICINE	FDA Approved	Small Molecule
onosmodium-virginianum	BOTANICAL_OR_ORGANISM_PREPARATION	Non-FDA / Dietary Supplement	Nutraceutical / Botanical
octisalate	APPROVED_MEDICINE	FDA Approved	Small Molecule
omalizumab	APPROVED_BIOLOGIC	FDA Approved	Monoclonal Antibody (mAb)
oliceridine	APPROVED_MEDICINE	FDA Approved	Small Molecule
oxcarbazepine	APPROVED_MEDICINE	FDA Approved	Small Molecule
okoubaka-aubrevillei-bark	BOTANICAL_OR_ORGANISM_PREPARATION	Non-FDA / Dietary Supplement	Nutraceutical / Botanical
origanum-majorana	BOTANICAL_OR_ORGANISM_PREPARATION	Non-FDA / Dietary Supplement	Nutraceutical / Botanical
olodaterol	APPROVED_MEDICINE	FDA Approved	Small Molecule
oxaprozin	APPROVED_MEDICINE	FDA Approved	Small Molecule
omadacycline	APPROVED_MEDICINE	FDA Approved	Small Molecule
osilodrostat	APPROVED_MEDICINE	FDA Approved	Small Molecule
oxymorphone	APPROVED_MEDICINE	FDA Approved	Small Molecule
opium	OFF_LABEL_OR_COMPOUNDED	Off-Label / Compounded	Small Molecule
ornithogalum-umbellatum-whole	BOTANICAL_OR_ORGANISM_PREPARATION	Non-FDA / Dietary Supplement	Nutraceutical / Botanical
oteseconazole	APPROVED_MEDICINE	FDA Approved	Small Molecule
pacritinib	APPROVED_MEDICINE	FDA Approved	Small Molecule
ozone	SUPPLEMENT_INGREDIENT	Non-FDA / Dietary Supplement	Nutraceutical / Botanical
oxazepam	APPROVED_MEDICINE	FDA Approved	Small Molecule
oxaliplatin	APPROVED_MEDICINE	FDA Approved	Small Molecule
polygonum-cuspidatum-root	MARKETED_PRODUCT_INGREDIENT	FDA Approved	Small Molecule
paclitaxel	APPROVED_MEDICINE	FDA Approved	Small Molecule
oxytocin	APPROVED_BIOLOGIC	FDA Approved	Peptide / GLP-1 Agonist
pancrelipase-amylase	SUPPLEMENT_INGREDIENT	Non-FDA / Dietary Supplement	Recombinant Protein / Biologic
paroxetine	APPROVED_MEDICINE	FDA Approved	Small Molecule
panax-ginseng-whole	BOTANICAL_OR_ORGANISM_PREPARATION	Non-FDA / Dietary Supplement	Nutraceutical / Botanical
pegunigalsidase-alfa	INVESTIGATIONAL_MEDICINE	Pre-clinical / Open Source	Recombinant Protein / Biologic
pectin	APPROVED_MEDICINE	FDA Approved	Nutraceutical / Botanical
passiflora-incarnata-flowering-top	BOTANICAL_OR_ORGANISM_PREPARATION	Non-FDA / Dietary Supplement	Nutraceutical / Botanical
petrolatum	APPROVED_MEDICINE	FDA Approved	Nutraceutical / Botanical
pegfilgrastim-apgf	APPROVED_BIOLOGIC	FDA Approved	Recombinant Protein / Biologic
pegloticase	APPROVED_BIOLOGIC	FDA Approved	Recombinant Protein / Biologic
penicillin-g	APPROVED_MEDICINE	FDA Approved	Small Molecule
perfluorohexyloctane	APPROVED_MEDICINE	FDA Approved	Small Molecule
papaverine	OFF_LABEL_OR_COMPOUNDED	Off-Label / Compounded	Small Molecule
perampanel	APPROVED_MEDICINE	FDA Approved	Small Molecule
piflufolastat-f-18	APPROVED_MEDICINE	FDA Approved	Small Molecule
pegunigalsidase-alfa-iwxj	APPROVED_BIOLOGIC	FDA Approved	Recombinant Protein / Biologic
pentetic-acid	INVESTIGATIONAL_MEDICINE	Pre-clinical / Open Source	Small Molecule
pemigatinib	APPROVED_MEDICINE	FDA Approved	Small Molecule
perflutren	APPROVED_MEDICINE	FDA Approved	Small Molecule
pegfilgrastim-unne	APPROVED_BIOLOGIC	FDA Approved	Recombinant Protein / Biologic
pegzilarginase	INVESTIGATIONAL_MEDICINE	Pre-clinical / Open Source	Recombinant Protein / Biologic
pertuzumab-trastuzumab-and-hyaluronidase-zzxf	APPROVED_BIOLOGIC	FDA Approved	Recombinant Protein / Biologic
pegvisomant	APPROVED_BIOLOGIC	FDA Approved	Recombinant Protein / Biologic
piper-methysticum-root	APPROVED_MEDICINE	FDA Approved	Nutraceutical / Botanical
pentamidine	APPROVED_MEDICINE	FDA Approved	Small Molecule
pirtobrutinib	APPROVED_MEDICINE	FDA Approved	Small Molecule
populus-tremuloides-whole	BOTANICAL_OR_ORGANISM_PREPARATION	Non-FDA / Dietary Supplement	Nutraceutical / Botanical
permethrin	APPROVED_MEDICINE	FDA Approved	Small Molecule
phenoxybenzamine	APPROVED_MEDICINE	FDA Approved	Small Molecule
piroctone	APPROVED_MEDICINE	FDA Approved	Small Molecule
phleum-pratense	BOTANICAL_OR_ORGANISM_PREPARATION	Non-FDA / Dietary Supplement	Nutraceutical / Botanical
piperacillin-tazobactam	APPROVED_MEDICINE	FDA Approved	Small Molecule
pinus-sylvestris-flowering-top	BOTANICAL_OR_ORGANISM_PREPARATION	Non-FDA / Dietary Supplement	Nutraceutical / Botanical
pindolol	APPROVED_MEDICINE	FDA Approved	Small Molecule
potassium-alum	SUPPLEMENT_INGREDIENT	Non-FDA / Dietary Supplement	Nutraceutical / Botanical
pivekimab-sunirine	INVESTIGATIONAL_MEDICINE	Pre-clinical / Open Source	Recombinant Protein / Biologic
pimozide	APPROVED_MEDICINE	FDA Approved	Small Molecule
polyethylene-glycol-3350	APPROVED_MEDICINE	FDA Approved	Small Molecule
platycladus-orientalis-seed	MARKETED_PRODUCT_INGREDIENT	FDA Approved	Nutraceutical / Botanical
pitavastatin	APPROVED_MEDICINE	FDA Approved	Small Molecule
pinus-mugo-leafy-twig	BOTANICAL_OR_ORGANISM_PREPARATION	Non-FDA / Dietary Supplement	Nutraceutical / Botanical
potassium-dichromate	SUPPLEMENT_INGREDIENT	Non-FDA / Dietary Supplement	Nutraceutical / Botanical
potassium-citrate	APPROVED_MEDICINE	FDA Approved	Small Molecule
policresulen	OFF_LABEL_OR_COMPOUNDED	Off-Label / Compounded	Small Molecule
potassium-phosphate-monobasic	APPROVED_MEDICINE	FDA Approved	Small Molecule
podophyllum-resin	BOTANICAL_OR_ORGANISM_PREPARATION	Non-FDA / Dietary Supplement	Nutraceutical / Botanical
populus-tremula-flowering-top	BOTANICAL_OR_ORGANISM_PREPARATION	Non-FDA / Dietary Supplement	Nutraceutical / Botanical
plerixafor	APPROVED_MEDICINE	FDA Approved	Small Molecule
populus-tremula-whole	BOTANICAL_OR_ORGANISM_PREPARATION	Non-FDA / Dietary Supplement	Nutraceutical / Botanical
polatuzumab-vedotin-piiq	APPROVED_BIOLOGIC	FDA Approved	Recombinant Protein / Biologic
potassium-bitartrate	APPROVED_MEDICINE	FDA Approved	Small Molecule
potassium-nitrite	APPROVED_MEDICINE	FDA Approved	Small Molecule
pyridoxal-phosphate	OFF_LABEL_OR_COMPOUNDED	Off-Label / Compounded	Small Molecule
primidone	APPROVED_MEDICINE	FDA Approved	Small Molecule
potassium-lactate	APPROVED_MEDICINE	FDA Approved	Small Molecule
pork-collagen	OFF_LABEL_OR_COMPOUNDED	Off-Label / Compounded	Recombinant Protein / Biologic
pralidoxime	APPROVED_MEDICINE	FDA Approved	Small Molecule
probenecid	APPROVED_MEDICINE	FDA Approved	Small Molecule
potentilla-erecta-root	BOTANICAL_OR_ORGANISM_PREPARATION	Non-FDA / Dietary Supplement	Nutraceutical / Botanical
prazosin	APPROVED_MEDICINE	FDA Approved	Small Molecule
potassium-sulfate	APPROVED_MEDICINE	FDA Approved	Small Molecule
prasterone	APPROVED_MEDICINE	FDA Approved	Small Molecule
sodium-pyruvate	SUPPLEMENT_INGREDIENT	Non-FDA / Dietary Supplement	Nutraceutical / Botanical
prezatide	APPROVED_BIOLOGIC	FDA Approved	Peptide / GLP-1 Agonist
prasugrel	APPROVED_MEDICINE	FDA Approved	Small Molecule
prunus-cerasifera-flower	BOTANICAL_OR_ORGANISM_PREPARATION	Non-FDA / Dietary Supplement	Nutraceutical / Botanical
pyrithione-zinc	APPROVED_MEDICINE	FDA Approved	Small Molecule
ranibizumab-nuna	APPROVED_BIOLOGIC	FDA Approved	Recombinant Protein / Biologic
proguanil	APPROVED_MEDICINE	FDA Approved	Small Molecule
pyridoxal	OFF_LABEL_OR_COMPOUNDED	Off-Label / Compounded	Small Molecule
pulsatilla-montana-whole	BOTANICAL_OR_ORGANISM_PREPARATION	Non-FDA / Dietary Supplement	Nutraceutical / Botanical
racepinephrine	APPROVED_MEDICINE	FDA Approved	Small Molecule
quercus-robur-flower-bud	MARKETED_PRODUCT_INGREDIENT	Non-FDA / Dietary Supplement	Nutraceutical / Botanical
ranibizumab-leyk	APPROVED_BIOLOGIC	FDA Approved	Recombinant Protein / Biologic
ravulizumab-cwvz	APPROVED_BIOLOGIC	FDA Approved	Recombinant Protein / Biologic
pulsatilla-vulgaris	BOTANICAL_OR_ORGANISM_PREPARATION	Non-FDA / Dietary Supplement	Nutraceutical / Botanical
quazepam	APPROVED_MEDICINE	FDA Approved	Small Molecule
stem-bromelain	OFF_LABEL_OR_COMPOUNDED	Off-Label / Compounded	Small Molecule
raloxifene	APPROVED_MEDICINE	FDA Approved	Small Molecule
rauwolfia-serpentina-root	APPROVED_MEDICINE	FDA Approved	Small Molecule
relugolix	APPROVED_MEDICINE	FDA Approved	Small Molecule
quercus-alba-bark	BOTANICAL_OR_ORGANISM_PREPARATION	Non-FDA / Dietary Supplement	Nutraceutical / Botanical
rickettsia-rickettsii	BOTANICAL_OR_ORGANISM_PREPARATION	Non-FDA / Dietary Supplement	Nutraceutical / Botanical
strontium-sulfate	SUPPLEMENT_INGREDIENT	Non-FDA / Dietary Supplement	Nutraceutical / Botanical
pulsatilla-pratensis-whole	SUPPLEMENT_INGREDIENT	Non-FDA / Dietary Supplement	Nutraceutical / Botanical
quercus-robur-flower	BOTANICAL_OR_ORGANISM_PREPARATION	Non-FDA / Dietary Supplement	Nutraceutical / Botanical
quinidine	APPROVED_MEDICINE	FDA Approved	Small Molecule
ramelteon	APPROVED_MEDICINE	FDA Approved	Small Molecule
revefenacin	APPROVED_MEDICINE	FDA Approved	Small Molecule
riboflavin-5-phosphate	APPROVED_MEDICINE	FDA Approved	Small Molecule
raxibacumab	APPROVED_BIOLOGIC	FDA Approved	Monoclonal Antibody (mAb)
remibrutinib	APPROVED_MEDICINE	FDA Approved	Small Molecule
rh-oligopeptide-1	APPROVED_MEDICINE	FDA Approved	Small Molecule
ravulizumab	INVESTIGATIONAL_MEDICINE	Pre-clinical / Open Source	Monoclonal Antibody (mAb)
revumenib	APPROVED_MEDICINE	FDA Approved	Small Molecule
riluzole	APPROVED_MEDICINE	FDA Approved	Small Molecule
rhopalurus-junceus-venom	BOTANICAL_OR_ORGANISM_PREPARATION	Non-FDA / Dietary Supplement	Nutraceutical / Botanical
rhubarb	BOTANICAL_OR_ORGANISM_PREPARATION	Non-FDA / Dietary Supplement	Nutraceutical / Botanical
rifabutin	APPROVED_MEDICINE	FDA Approved	Small Molecule
rifapentine	APPROVED_MEDICINE	FDA Approved	Small Molecule
salicylic-acid	APPROVED_MEDICINE	FDA Approved	Nutraceutical / Botanical
rimabotulinumtoxinb	INVESTIGATIONAL_MEDICINE	Pre-clinical / Open Source	Recombinant Protein / Biologic
ritlecitinib	APPROVED_MEDICINE	FDA Approved	Small Molecule
rifaximin	APPROVED_MEDICINE	FDA Approved	Small Molecule
risankizumab-rzaa	APPROVED_BIOLOGIC	FDA Approved	Recombinant Protein / Biologic
rosa-canina-flower	BOTANICAL_OR_ORGANISM_PREPARATION	Non-FDA / Dietary Supplement	Nutraceutical / Botanical
sacituzumab-govitecan-hziy	APPROVED_BIOLOGIC	FDA Approved	Recombinant Protein / Biologic
scutellaria-lateriflora	BOTANICAL_OR_ORGANISM_PREPARATION	Non-FDA / Dietary Supplement	Nutraceutical / Botanical
rosmarinus-officinalis-flowering-top	BOTANICAL_OR_ORGANISM_PREPARATION	Non-FDA / Dietary Supplement	Nutraceutical / Botanical
saccharomyces-cerevisiae-rna	MARKETED_PRODUCT_INGREDIENT	Non-FDA / Dietary Supplement	Nutraceutical / Botanical
rubidium-chloride-rb-82	APPROVED_MEDICINE	FDA Approved	Small Molecule
saponaria-officinalis-root	BOTANICAL_OR_ORGANISM_PREPARATION	Non-FDA / Dietary Supplement	Nutraceutical / Botanical
sacrosidase	APPROVED_BIOLOGIC	FDA Approved	Recombinant Protein / Biologic
seladelpar-lysine	APPROVED_MEDICINE	FDA Approved	Small Molecule
santonin	MARKETED_PRODUCT_INGREDIENT	Non-FDA / Dietary Supplement	Nutraceutical / Botanical
scutellaria-lateriflora-whole	BOTANICAL_OR_ORGANISM_PREPARATION	Non-FDA / Dietary Supplement	Nutraceutical / Botanical
sacituzumab-govitecan	INVESTIGATIONAL_MEDICINE	Pre-clinical / Open Source	Recombinant Protein / Biologic
sennosides-a-and-b	APPROVED_MEDICINE	FDA Approved	Small Molecule
silver-phosphate	SUPPLEMENT_INGREDIENT	Non-FDA / Dietary Supplement	Nutraceutical / Botanical
secnidazole	APPROVED_MEDICINE	FDA Approved	Small Molecule
secretin-synthetic-human	APPROVED_MEDICINE	FDA Approved	Small Molecule
scleranthus-annuus-whole	BOTANICAL_OR_ORGANISM_PREPARATION	Non-FDA / Dietary Supplement	Nutraceutical / Botanical
sodium-bromide	SUPPLEMENT_INGREDIENT	Non-FDA / Dietary Supplement	Nutraceutical / Botanical
shiitake-mushroom	BOTANICAL_OR_ORGANISM_PREPARATION	Non-FDA / Dietary Supplement	Nutraceutical / Botanical
setmelanotide	APPROVED_BIOLOGIC	FDA Approved	Peptide / GLP-1 Agonist
scleranthus-annuus-flowering-top	BOTANICAL_OR_ORGANISM_PREPARATION	Non-FDA / Dietary Supplement	Nutraceutical / Botanical
selinexor	APPROVED_MEDICINE	FDA Approved	Small Molecule
sevelamer-carbonate	APPROVED_MEDICINE	FDA Approved	Small Molecule
sinapis-arvensis-whole	BOTANICAL_OR_ORGANISM_PREPARATION	Non-FDA / Dietary Supplement	Nutraceutical / Botanical
sodium-ascorbate	APPROVED_MEDICINE	FDA Approved	Nutraceutical / Botanical
sodium-phosphate-dibasic-unspecified-form	APPROVED_MEDICINE	FDA Approved	Small Molecule
sodium-chloride	APPROVED_BIOLOGIC	FDA Approved	Recombinant Protein / Biologic
sodium-phenylacetate	APPROVED_MEDICINE	FDA Approved	Small Molecule
siltuximab	APPROVED_BIOLOGIC	FDA Approved	Monoclonal Antibody (mAb)
skim-milk	SUPPLEMENT_INGREDIENT	Non-FDA / Dietary Supplement	Nutraceutical / Botanical
somapacitan	INVESTIGATIONAL_MEDICINE	Pre-clinical / Open Source	Recombinant Protein / Biologic
sorbitol	APPROVED_MEDICINE	FDA Approved	Small Molecule
sipuleucel-t	INVESTIGATIONAL_MEDICINE	Pre-clinical / Open Source	Recombinant Protein / Biologic
sodium-lactate	APPROVED_MEDICINE	FDA Approved	Small Molecule
sodium-fluoride	APPROVED_MEDICINE	FDA Approved	Small Molecule
sonidegib	APPROVED_MEDICINE	FDA Approved	Small Molecule
sodium-iodide	APPROVED_MEDICINE	FDA Approved	Small Molecule
sulfadiazine	APPROVED_MEDICINE	FDA Approved	Small Molecule
sodium-iodide-i-131	APPROVED_MEDICINE	FDA Approved	Small Molecule
sterile-water-for-irrigation	APPROVED_MEDICINE	FDA Approved	Small Molecule
sotatercept-csrk	APPROVED_BIOLOGIC	FDA Approved	Recombinant Protein / Biologic
sufentanil	APPROVED_MEDICINE	FDA Approved	Small Molecule
sulfur-hexafluoride	INVESTIGATIONAL_MEDICINE	Pre-clinical / Open Source	Small Molecule
sodium-thiosulfate	APPROVED_MEDICINE	FDA Approved	Small Molecule
sophora-alopecuroides-whole	APPROVED_MEDICINE	FDA Approved	Nutraceutical / Botanical
staphylococcus-aureus	BOTANICAL_OR_ORGANISM_PREPARATION	Non-FDA / Dietary Supplement	Nutraceutical / Botanical
spesolimab	INVESTIGATIONAL_MEDICINE	Pre-clinical / Open Source	Monoclonal Antibody (mAb)
sulconazole	APPROVED_MEDICINE	FDA Approved	Small Molecule
sulfur-hexafluoride-lipid-type-a-microspheres	APPROVED_MEDICINE	FDA Approved	Small Molecule
sutimlimab	INVESTIGATIONAL_MEDICINE	Pre-clinical / Open Source	Monoclonal Antibody (mAb)
spigelia-anthelmia	BOTANICAL_OR_ORGANISM_PREPARATION	Non-FDA / Dietary Supplement	Nutraceutical / Botanical
streptozocin	APPROVED_BIOLOGIC	FDA Approved	Peptide / GLP-1 Agonist
sunflower-oil	APPROVED_MEDICINE	FDA Approved	Nutraceutical / Botanical
sugammadex	APPROVED_MEDICINE	FDA Approved	Small Molecule
sulfur	APPROVED_MEDICINE	FDA Approved	Nutraceutical / Botanical
talazoparib	APPROVED_MEDICINE	FDA Approved	Small Molecule
sunitinib	APPROVED_MEDICINE	FDA Approved	Small Molecule
taletrectinib-adipate	APPROVED_MEDICINE	FDA Approved	Small Molecule
tarlatamab-dlle	APPROVED_BIOLOGIC	FDA Approved	Recombinant Protein / Biologic
sulfacetamide	APPROVED_MEDICINE	FDA Approved	Small Molecule
sus-scrofa-cerebrum	MARKETED_PRODUCT_INGREDIENT	Non-FDA / Dietary Supplement	Nutraceutical / Botanical
evans-blue	APPROVED_MEDICINE	FDA Approved	Small Molecule
sus-scrofa-eye	MARKETED_PRODUCT_INGREDIENT	Non-FDA / Dietary Supplement	Nutraceutical / Botanical
sus-scrofa-pineal-gland	MARKETED_PRODUCT_INGREDIENT	Non-FDA / Dietary Supplement	Nutraceutical / Botanical
tafenoquine	APPROVED_MEDICINE	FDA Approved	Small Molecule
technetium-tc-99m-oxidronate-kit	APPROVED_MEDICINE	FDA Approved	Small Molecule
tbo-filgrastim	APPROVED_BIOLOGIC	FDA Approved	Recombinant Protein / Biologic
technetium-tc-99m-sulfur-colloid-kit	APPROVED_MEDICINE	FDA Approved	Small Molecule
tafasitamab-cxix	APPROVED_BIOLOGIC	FDA Approved	Recombinant Protein / Biologic
technetium-tc-99m-medronate	APPROVED_MEDICINE	FDA Approved	Small Molecule
tapentadol	APPROVED_MEDICINE	FDA Approved	Small Molecule
technetium-tc-99m-sestamibi-kit	APPROVED_MEDICINE	FDA Approved	Small Molecule
tetracaine	APPROVED_MEDICINE	FDA Approved	Small Molecule
technetium-tc-99m-pyrophosphate	INVESTIGATIONAL_MEDICINE	Pre-clinical / Open Source	Small Molecule
testosterone-undecanoate	APPROVED_MEDICINE	FDA Approved	Small Molecule
technetium-tc-99m-sodium-pertechnetate-generator	APPROVED_MEDICINE	FDA Approved	Small Molecule
technetium-tc-99m-sodium-pertechnetate	APPROVED_MEDICINE	FDA Approved	Small Molecule
toremifene	APPROVED_MEDICINE	FDA Approved	Small Molecule
telisotuzumab-vedotin	INVESTIGATIONAL_MEDICINE	Pre-clinical / Open Source	Recombinant Protein / Biologic
tetrabenazine	APPROVED_MEDICINE	FDA Approved	Small Molecule
testosterone-enanthate	APPROVED_MEDICINE	FDA Approved	Small Molecule
teplizumab-mzwv	APPROVED_BIOLOGIC	FDA Approved	Recombinant Protein / Biologic
thyroid-unspecified	MARKETED_PRODUCT_INGREDIENT	Non-FDA / Dietary Supplement	Nutraceutical / Botanical
tenapanor	APPROVED_MEDICINE	FDA Approved	Small Molecule
tezepelumab-ekko	APPROVED_BIOLOGIC	FDA Approved	Recombinant Protein / Biologic
thioridazine	WITHDRAWN_MEDICINE	Withdrawn from Market	Small Molecule
tigecycline	APPROVED_MEDICINE	FDA Approved	Small Molecule
testosterone-cypionate	APPROVED_MEDICINE	FDA Approved	Small Molecule
tiagabine	APPROVED_MEDICINE	FDA Approved	Small Molecule
tezacaftor	APPROVED_MEDICINE	FDA Approved	Small Molecule
thuja	BOTANICAL_OR_ORGANISM_PREPARATION	Non-FDA / Dietary Supplement	Nutraceutical / Botanical
tivozanib	APPROVED_MEDICINE	FDA Approved	Small Molecule
tildrakizumab-asmn	APPROVED_BIOLOGIC	FDA Approved	Recombinant Protein / Biologic
ticagrelor	APPROVED_MEDICINE	FDA Approved	Small Molecule
thuja-occidentalis-bark	BOTANICAL_OR_ORGANISM_PREPARATION	Non-FDA / Dietary Supplement	Nutraceutical / Botanical
tisotumab-vedotin	INVESTIGATIONAL_MEDICINE	Pre-clinical / Open Source	Recombinant Protein / Biologic
tirbanibulin	APPROVED_MEDICINE	FDA Approved	Small Molecule
tobacco-leaf	BOTANICAL_OR_ORGANISM_PREPARATION	Non-FDA / Dietary Supplement	Nutraceutical / Botanical
toxoplasma-gondii	BOTANICAL_OR_ORGANISM_PREPARATION	Non-FDA / Dietary Supplement	Nutraceutical / Botanical
witch-hazel	APPROVED_MEDICINE	FDA Approved	Nutraceutical / Botanical
tobramycin	APPROVED_MEDICINE	FDA Approved	Small Molecule
tolnaftate	APPROVED_MEDICINE	FDA Approved	Nutraceutical / Botanical
tocilizumab-anoh	APPROVED_BIOLOGIC	FDA Approved	Recombinant Protein / Biologic
triheptanoin	APPROVED_MEDICINE	FDA Approved	Small Molecule
ulmus-procera-flowering-twig	BOTANICAL_OR_ORGANISM_PREPARATION	Non-FDA / Dietary Supplement	Nutraceutical / Botanical
trabectedin	APPROVED_MEDICINE	FDA Approved	Small Molecule
tucatinib	APPROVED_MEDICINE	FDA Approved	Small Molecule
valproate	APPROVED_MEDICINE	FDA Approved	Small Molecule
tralokinumab	APPROVED_BIOLOGIC	FDA Approved	Monoclonal Antibody (mAb)
treponemic-skin-canker-human	MARKETED_PRODUCT_INGREDIENT	Non-FDA / Dietary Supplement	Nutraceutical / Botanical
tradipitant	APPROVED_MEDICINE	FDA Approved	Small Molecule
tripe	SUPPLEMENT_INGREDIENT	Non-FDA / Dietary Supplement	Nutraceutical / Botanical
triamcinolone-hexacetonide	APPROVED_MEDICINE	FDA Approved	Small Molecule
trilaciclib	APPROVED_MEDICINE	FDA Approved	Small Molecule
ulmus-parvifolia-whole	BOTANICAL_OR_ORGANISM_PREPARATION	Non-FDA / Dietary Supplement	Nutraceutical / Botanical
urtica-urens	BOTANICAL_OR_ORGANISM_PREPARATION	Non-FDA / Dietary Supplement	Nutraceutical / Botanical
trofinetide	APPROVED_BIOLOGIC	FDA Approved	Peptide / GLP-1 Agonist
valbenazine	APPROVED_MEDICINE	FDA Approved	Small Molecule
vaborbactam	APPROVED_MEDICINE	FDA Approved	Small Molecule
zanamivir	APPROVED_MEDICINE	FDA Approved	Small Molecule
ulmus-glabra-whole	BOTANICAL_OR_ORGANISM_PREPARATION	Non-FDA / Dietary Supplement	Nutraceutical / Botanical
triclosan	APPROVED_MEDICINE	FDA Approved	Small Molecule
ublituximab	INVESTIGATIONAL_MEDICINE	Pre-clinical / Open Source	Monoclonal Antibody (mAb)
trisodium	APPROVED_MEDICINE	FDA Approved	Small Molecule
velmanase-alfa-tycv	APPROVED_BIOLOGIC	FDA Approved	Recombinant Protein / Biologic
vepdegestrant	APPROVED_MEDICINE	FDA Approved	Small Molecule
vaccinium-vitis-idaea-leaf	BOTANICAL_OR_ORGANISM_PREPARATION	Non-FDA / Dietary Supplement	Nutraceutical / Botanical
valganciclovir	APPROVED_MEDICINE	FDA Approved	Small Molecule
varenicline	APPROVED_MEDICINE	FDA Approved	Small Molecule
vandetanib	APPROVED_MEDICINE	FDA Approved	Small Molecule
vibegron	APPROVED_MEDICINE	FDA Approved	Small Molecule
vadadustat	APPROVED_MEDICINE	FDA Approved	Small Molecule
vilazodone	APPROVED_MEDICINE	FDA Approved	Small Molecule
vespa-crabro	BOTANICAL_OR_ORGANISM_PREPARATION	Non-FDA / Dietary Supplement	Nutraceutical / Botanical
2-4-dinitrophenol	WITHDRAWN_MEDICINE	Withdrawn from Market	Small Molecule
vestronidase-alfa	INVESTIGATIONAL_MEDICINE	Pre-clinical / Open Source	Recombinant Protein / Biologic
viscum-album-subsp-abietis-whole	BOTANICAL_OR_ORGANISM_PREPARATION	Non-FDA / Dietary Supplement	Nutraceutical / Botanical
vigabatrin	APPROVED_MEDICINE	FDA Approved	Small Molecule
withania-somnifera-root	BOTANICAL_OR_ORGANISM_PREPARATION	Non-FDA / Dietary Supplement	Nutraceutical / Botanical
vimseltinib	APPROVED_MEDICINE	FDA Approved	Small Molecule
vismodegib	APPROVED_MEDICINE	FDA Approved	Small Molecule
zuranolone	APPROVED_MEDICINE	FDA Approved	Small Molecule
voxelotor	APPROVED_MEDICINE	FDA Approved	Small Molecule
veratrum-album-root	BOTANICAL_OR_ORGANISM_PREPARATION	Non-FDA / Dietary Supplement	Nutraceutical / Botanical
vericiguat	APPROVED_MEDICINE	FDA Approved	Small Molecule
voxilaprevir	APPROVED_MEDICINE	FDA Approved	Small Molecule
verteporfin	APPROVED_MEDICINE	FDA Approved	Small Molecule
vosoritide	APPROVED_BIOLOGIC	FDA Approved	Peptide / GLP-1 Agonist
inclisiran	APPROVED_BIOLOGIC	FDA Approved	siRNA (Small Interfering RNA)
zingiber-officinale-root-oil	APPROVED_MEDICINE	FDA Approved	Nutraceutical / Botanical
acetaminophen	APPROVED_MEDICINE	FDA Approved	Small Molecule
vitamin-k	APPROVED_MEDICINE	FDA Approved	Small Molecule
zolmitriptan	APPROVED_MEDICINE	FDA Approved	Small Molecule
zinc-undecylenate	APPROVED_MEDICINE	FDA Approved	Small Molecule
zolpidem	APPROVED_MEDICINE	FDA Approved	Small Molecule
zidesamtinib	APPROVED_MEDICINE	FDA Approved	Small Molecule
zidovudine	APPROVED_MEDICINE	FDA Approved	Small Molecule
zea-mays-subsp-mays-whole	BOTANICAL_OR_ORGANISM_PREPARATION	Non-FDA / Dietary Supplement	Nutraceutical / Botanical
aripiprazole	APPROVED_MEDICINE	FDA Approved	Small Molecule
zinc-oxide	APPROVED_MEDICINE	FDA Approved	Small Molecule
gabapentin	APPROVED_MEDICINE	FDA Approved	Small Molecule
adalimumab	APPROVED_BIOLOGIC	FDA Approved	Monoclonal Antibody (mAb)
xylometazoline	OFF_LABEL_OR_COMPOUNDED	Off-Label / Compounded	Small Molecule
hydrochlorothiazide	APPROVED_MEDICINE	FDA Approved	Small Molecule
creatine-monohydrate	SUPPLEMENT_INGREDIENT	Non-FDA / Dietary Supplement	Nutraceutical / Botanical
zilucoplan	APPROVED_MEDICINE	FDA Approved	Small Molecule
zopapogene-imadenovec	INVESTIGATIONAL_MEDICINE	Pre-clinical / Open Source	CRISPR / Gene Therapy
hydrocortisone	APPROVED_MEDICINE	FDA Approved	Small Molecule
sertraline	APPROVED_MEDICINE	FDA Approved	Small Molecule
lisinopril	APPROVED_MEDICINE	FDA Approved	Small Molecule
dulaglutide	APPROVED_BIOLOGIC	FDA Approved	Peptide / GLP-1 Agonist
losartan	APPROVED_MEDICINE	FDA Approved	Small Molecule
ipratropium	APPROVED_MEDICINE	FDA Approved	Small Molecule
tramadol	APPROVED_MEDICINE	FDA Approved	Small Molecule
omeprazole	APPROVED_MEDICINE	FDA Approved	Small Molecule
tadalafil	APPROVED_MEDICINE	FDA Approved	Small Molecule
curcumin	SUPPLEMENT_INGREDIENT	Non-FDA / Dietary Supplement	Nutraceutical / Botanical
nitrofurantoin	APPROVED_MEDICINE	FDA Approved	Small Molecule
risperidone	APPROVED_MEDICINE	FDA Approved	Small Molecule
naloxone	APPROVED_MEDICINE	FDA Approved	Small Molecule
sulfasalazine	APPROVED_MEDICINE	FDA Approved	Small Molecule
glipizide	APPROVED_MEDICINE	FDA Approved	Small Molecule
magnesium-glycinate	SUPPLEMENT_INGREDIENT	Non-FDA / Dietary Supplement	Nutraceutical / Botanical
diclofenac	APPROVED_MEDICINE	FDA Approved	Small Molecule
theophylline	APPROVED_MEDICINE	FDA Approved	Small Molecule
nortriptyline	APPROVED_MEDICINE	FDA Approved	Small Molecule
selenium	SUPPLEMENT_INGREDIENT	Non-FDA / Dietary Supplement	Nutraceutical / Botanical
famotidine	APPROVED_MEDICINE	FDA Approved	Small Molecule
quercetin	SUPPLEMENT_INGREDIENT	Non-FDA / Dietary Supplement	Nutraceutical / Botanical
dupilumab	APPROVED_BIOLOGIC	FDA Approved	Monoclonal Antibody (mAb)
tamoxifen	APPROVED_MEDICINE	FDA Approved	Small Molecule
ketoconazole	APPROVED_MEDICINE	FDA Approved	Small Molecule
calcium-picrate	SUPPLEMENT_INGREDIENT	Non-FDA / Dietary Supplement	Nutraceutical / Botanical
14-hydroxydocosahexaenoic-acid	SUPPLEMENT_INGREDIENT	Non-FDA / Dietary Supplement	Nutraceutical / Botanical
azathioprine	APPROVED_MEDICINE	FDA Approved	Small Molecule
prezatide-copper	MARKETED_PRODUCT_INGREDIENT	FDA Approved	Small Molecule
3-methylcholanthrene	MARKETED_PRODUCT_INGREDIENT	Non-FDA / Dietary Supplement	Nutraceutical / Botanical
beef-extract	SUPPLEMENT_INGREDIENT	Non-FDA / Dietary Supplement	Nutraceutical / Botanical
tamsulosin	APPROVED_MEDICINE	FDA Approved	Small Molecule
3-7-keto-dhea	SUPPLEMENT_INGREDIENT	Non-FDA / Dietary Supplement	Nutraceutical / Botanical
rituximab	APPROVED_BIOLOGIC	FDA Approved	Monoclonal Antibody (mAb)
anagallis-arvensis-extract	SUPPLEMENT_INGREDIENT	Non-FDA / Dietary Supplement	Nutraceutical / Botanical
nivolumab	APPROVED_BIOLOGIC	FDA Approved	Monoclonal Antibody (mAb)
radium	REGISTRY_ONLY_IDENTITY	Non-FDA / Dietary Supplement	Nutraceutical / Botanical
secukinumab	APPROVED_BIOLOGIC	FDA Approved	Monoclonal Antibody (mAb)
1-2-hexanediol	MARKETED_PRODUCT_INGREDIENT	FDA Approved	Small Molecule
oxybutynin	APPROVED_MEDICINE	FDA Approved	Small Molecule
1-2-distearoyl-sn-glycero-3-phosphocholine	MARKETED_PRODUCT_INGREDIENT	Non-FDA / Dietary Supplement	Nutraceutical / Botanical
3-o-ethyl-ascorbic-acid	MARKETED_PRODUCT_INGREDIENT	FDA Approved	Small Molecule
alpha-hexylcinnamaldehyde	MARKETED_PRODUCT_INGREDIENT	FDA Approved	Small Molecule
beta-hydroxybutyrate	SUPPLEMENT_INGREDIENT	Non-FDA / Dietary Supplement	Nutraceutical / Botanical
abarelix	APPROVED_MEDICINE	FDA Approved	Small Molecule
2-mercaptoethanol	MARKETED_PRODUCT_INGREDIENT	Non-FDA / Dietary Supplement	Nutraceutical / Botanical
5-htp	SUPPLEMENT_INGREDIENT	Non-FDA / Dietary Supplement	Nutraceutical / Botanical
amodiaquine	APPROVED_MEDICINE	FDA Approved	Small Molecule
4-terpineol	MARKETED_PRODUCT_INGREDIENT	FDA Approved	Small Molecule
alpha-naphthoflavone	SUPPLEMENT_INGREDIENT	Non-FDA / Dietary Supplement	Nutraceutical / Botanical
7-8-dihydroxyflavone	SUPPLEMENT_INGREDIENT	Non-FDA / Dietary Supplement	Nutraceutical / Botanical
beta-lactoglobulin	SUPPLEMENT_INGREDIENT	Non-FDA / Dietary Supplement	Nutraceutical / Botanical
butylene-glycol	MARKETED_PRODUCT_INGREDIENT	FDA Approved	Nutraceutical / Botanical
anileridine	APPROVED_MEDICINE	FDA Approved	Small Molecule
azatadine	APPROVED_MEDICINE	FDA Approved	Small Molecule
butylparaben	MARKETED_PRODUCT_INGREDIENT	FDA Approved	Small Molecule
arbutamine	APPROVED_MEDICINE	FDA Approved	Small Molecule
6-7-dihydroxybergamottin	SUPPLEMENT_INGREDIENT	Non-FDA / Dietary Supplement	Nutraceutical / Botanical
beryllium-nitrate	SUPPLEMENT_INGREDIENT	Non-FDA / Dietary Supplement	Nutraceutical / Botanical
calcium-fructoborate	SUPPLEMENT_INGREDIENT	Non-FDA / Dietary Supplement	Nutraceutical / Botanical
cannabidiolic-acid	SUPPLEMENT_INGREDIENT	Non-FDA / Dietary Supplement	Nutraceutical / Botanical
alatrofloxacin	APPROVED_MEDICINE	FDA Approved	Small Molecule
behenic-acid	SUPPLEMENT_INGREDIENT	Non-FDA / Dietary Supplement	Nutraceutical / Botanical
cadmium-bromide	SUPPLEMENT_INGREDIENT	Non-FDA / Dietary Supplement	Nutraceutical / Botanical
beta-sitosterol	APPROVED_MEDICINE	FDA Approved	Small Molecule
bitolterol	APPROVED_MEDICINE	FDA Approved	Small Molecule
benzopyran	SUPPLEMENT_INGREDIENT	Non-FDA / Dietary Supplement	Nutraceutical / Botanical
bromoethane	MARKETED_PRODUCT_INGREDIENT	Non-FDA / Dietary Supplement	Nutraceutical / Botanical
brexanolone	APPROVED_MEDICINE	FDA Approved	Small Molecule
beta-zeacarotene	SUPPLEMENT_INGREDIENT	Non-FDA / Dietary Supplement	Nutraceutical / Botanical
bile-salt	SUPPLEMENT_INGREDIENT	Non-FDA / Dietary Supplement	Nutraceutical / Botanical
bretylium	APPROVED_MEDICINE	FDA Approved	Small Molecule
bilirubin	SUPPLEMENT_INGREDIENT	Non-FDA / Dietary Supplement	Nutraceutical / Botanical
butyl	SUPPLEMENT_INGREDIENT	Non-FDA / Dietary Supplement	Nutraceutical / Botanical
broom	SUPPLEMENT_INGREDIENT	Non-FDA / Dietary Supplement	Nutraceutical / Botanical
butylphthalide	SUPPLEMENT_INGREDIENT	Non-FDA / Dietary Supplement	Nutraceutical / Botanical
calcium-metrizoate	APPROVED_MEDICINE	FDA Approved	Small Molecule
boceprevir	APPROVED_MEDICINE	FDA Approved	Small Molecule
cephapirin	APPROVED_MEDICINE	FDA Approved	Small Molecule
bromodiphenhydramine	APPROVED_MEDICINE	FDA Approved	Small Molecule
cefoperazone	APPROVED_MEDICINE	FDA Approved	Small Molecule
calcitonin-salmon-recombinant	APPROVED_MEDICINE	FDA Approved	Small Molecule
californium-cf-249	MARKETED_PRODUCT_INGREDIENT	Non-FDA / Dietary Supplement	Nutraceutical / Botanical
cannabigerol	SUPPLEMENT_INGREDIENT	Non-FDA / Dietary Supplement	Nutraceutical / Botanical
cefmenoxime	APPROVED_MEDICINE	FDA Approved	Small Molecule
calcium-oxalate	SUPPLEMENT_INGREDIENT	Non-FDA / Dietary Supplement	Nutraceutical / Botanical
canthaxanthin	SUPPLEMENT_INGREDIENT	Non-FDA / Dietary Supplement	Nutraceutical / Botanical
carnosic-acid	SUPPLEMENT_INGREDIENT	Non-FDA / Dietary Supplement	Nutraceutical / Botanical
carnosine	SUPPLEMENT_INGREDIENT	Non-FDA / Dietary Supplement	Nutraceutical / Botanical
carotene	SUPPLEMENT_INGREDIENT	Non-FDA / Dietary Supplement	Nutraceutical / Botanical
chlorphenesin	MARKETED_PRODUCT_INGREDIENT	FDA Approved	Small Molecule
caprylyl-glycol	MARKETED_PRODUCT_INGREDIENT	FDA Approved	Small Molecule
ceruletide-diethylamine	APPROVED_MEDICINE	FDA Approved	Small Molecule
cardarine	INVESTIGATIONAL_MEDICINE	Phase 2 Investigational	Small Molecule
carotenoid	SUPPLEMENT_INGREDIENT	Non-FDA / Dietary Supplement	Nutraceutical / Botanical
cephradine	APPROVED_MEDICINE	FDA Approved	Small Molecule
caryophyllene	SUPPLEMENT_INGREDIENT	Non-FDA / Dietary Supplement	Nutraceutical / Botanical
ceramide	SUPPLEMENT_INGREDIENT	Non-FDA / Dietary Supplement	Nutraceutical / Botanical
chlorophyllin	SUPPLEMENT_INGREDIENT	Non-FDA / Dietary Supplement	Nutraceutical / Botanical
chrysosplenetin	MARKETED_PRODUCT_INGREDIENT	Non-FDA / Dietary Supplement	Nutraceutical / Botanical
cefamandole-nafate	APPROVED_MEDICINE	FDA Approved	Small Molecule
cetyl-alcohol	APPROVED_MEDICINE	FDA Approved	Small Molecule
chlophedianol	MARKETED_PRODUCT_INGREDIENT	FDA Approved	Small Molecule
chlorcyclizine	MARKETED_PRODUCT_INGREDIENT	FDA Approved	Small Molecule
cellulase	SUPPLEMENT_INGREDIENT	Non-FDA / Dietary Supplement	Recombinant Protein / Biologic
cesium	SUPPLEMENT_INGREDIENT	Non-FDA / Dietary Supplement	Nutraceutical / Botanical
chloroxine	APPROVED_MEDICINE	FDA Approved	Small Molecule
cerium	SUPPLEMENT_INGREDIENT	Non-FDA / Dietary Supplement	Nutraceutical / Botanical
cetyl-laurate	SUPPLEMENT_INGREDIENT	Non-FDA / Dietary Supplement	Nutraceutical / Botanical
choline-hydroxide	SUPPLEMENT_INGREDIENT	Non-FDA / Dietary Supplement	Nutraceutical / Botanical
charcoal	SUPPLEMENT_INGREDIENT	Non-FDA / Dietary Supplement	Nutraceutical / Botanical
chromic-fluoride	SUPPLEMENT_INGREDIENT	Non-FDA / Dietary Supplement	Nutraceutical / Botanical
dehydrocholic-acid	SUPPLEMENT_INGREDIENT	Non-FDA / Dietary Supplement	Nutraceutical / Botanical
clenbuterol	CONTROLLED_NO_APPROVED_USE	Controlled / No Approved Use	Small Molecule
chromic-sulfate-decahydrate	SUPPLEMENT_INGREDIENT	Non-FDA / Dietary Supplement	Nutraceutical / Botanical
fenson	MARKETED_PRODUCT_INGREDIENT	Non-FDA / Dietary Supplement	Nutraceutical / Botanical
cobaltous-chloride	SUPPLEMENT_INGREDIENT	Non-FDA / Dietary Supplement	Nutraceutical / Botanical
germanium-tetrachloride	SUPPLEMENT_INGREDIENT	Non-FDA / Dietary Supplement	Nutraceutical / Botanical
copper-gluconate	SUPPLEMENT_INGREDIENT	Non-FDA / Dietary Supplement	Nutraceutical / Botanical
coenzyme-a	SUPPLEMENT_INGREDIENT	Non-FDA / Dietary Supplement	Nutraceutical / Botanical
cryptoxanthin	SUPPLEMENT_INGREDIENT	Non-FDA / Dietary Supplement	Nutraceutical / Botanical
glucuronolactone	SUPPLEMENT_INGREDIENT	Non-FDA / Dietary Supplement	Nutraceutical / Botanical
comfrey	SUPPLEMENT_INGREDIENT	Non-FDA / Dietary Supplement	Nutraceutical / Botanical
cupric-cation	SUPPLEMENT_INGREDIENT	Non-FDA / Dietary Supplement	Nutraceutical / Botanical
copanlisib	APPROVED_MEDICINE	FDA Approved	Small Molecule
delta-8-thc	CONTROLLED_NO_APPROVED_USE	Controlled / No Approved Use	Small Molecule
cobaltous-iodide	SUPPLEMENT_INGREDIENT	Non-FDA / Dietary Supplement	Nutraceutical / Botanical
dimethylglycine	SUPPLEMENT_INGREDIENT	Non-FDA / Dietary Supplement	Nutraceutical / Botanical
eicosadienoic-acid	SUPPLEMENT_INGREDIENT	Non-FDA / Dietary Supplement	Nutraceutical / Botanical
cyclohexanol	MARKETED_PRODUCT_INGREDIENT	Non-FDA / Dietary Supplement	Nutraceutical / Botanical
dipotassium-glycyrrhizate	MARKETED_PRODUCT_INGREDIENT	FDA Approved	Small Molecule
colfosceril	APPROVED_MEDICINE	FDA Approved	Small Molecule
corynine	SUPPLEMENT_INGREDIENT	Non-FDA / Dietary Supplement	Nutraceutical / Botanical
decursin	SUPPLEMENT_INGREDIENT	Non-FDA / Dietary Supplement	Nutraceutical / Botanical
glycomacropeptides	SUPPLEMENT_INGREDIENT	Non-FDA / Dietary Supplement	Nutraceutical / Botanical
epichlorohydrin	MARKETED_PRODUCT_INGREDIENT	Non-FDA / Dietary Supplement	Nutraceutical / Botanical
dimpylate	MARKETED_PRODUCT_INGREDIENT	Non-FDA / Dietary Supplement	Nutraceutical / Botanical
cupric-nitrate-hexahydrate	SUPPLEMENT_INGREDIENT	Non-FDA / Dietary Supplement	Nutraceutical / Botanical
desethyl-atrazine	MARKETED_PRODUCT_INGREDIENT	Non-FDA / Dietary Supplement	Nutraceutical / Botanical
ferric-fluoride	SUPPLEMENT_INGREDIENT	Non-FDA / Dietary Supplement	Nutraceutical / Botanical
dolasetron	APPROVED_MEDICINE	FDA Approved	Small Molecule
iobenguane-i-131	APPROVED_MEDICINE	FDA Approved	Small Molecule
dimethylamylamine	SUPPLEMENT_INGREDIENT	Non-FDA / Dietary Supplement	Nutraceutical / Botanical
dichromate-ion	SUPPLEMENT_INGREDIENT	Non-FDA / Dietary Supplement	Nutraceutical / Botanical
diethylstilbestrol	WITHDRAWN_MEDICINE	Withdrawn from Market	Small Molecule
diornithine-oxoglurate	MARKETED_PRODUCT_INGREDIENT	Non-FDA / Dietary Supplement	Nutraceutical / Botanical
dl-phenylalanine	SUPPLEMENT_INGREDIENT	Non-FDA / Dietary Supplement	Nutraceutical / Botanical
epicatechin-gallate	SUPPLEMENT_INGREDIENT	Non-FDA / Dietary Supplement	Nutraceutical / Botanical
diindolylmethane	SUPPLEMENT_INGREDIENT	Non-FDA / Dietary Supplement	Nutraceutical / Botanical
diosgenin	SUPPLEMENT_INGREDIENT	Non-FDA / Dietary Supplement	Nutraceutical / Botanical
dl-methionine	SUPPLEMENT_INGREDIENT	Non-FDA / Dietary Supplement	Nutraceutical / Botanical
edta	SUPPLEMENT_INGREDIENT	Non-FDA / Dietary Supplement	Nutraceutical / Botanical
diphemanil-methylsulfate	APPROVED_MEDICINE	FDA Approved	Small Molecule
dimethazine	SUPPLEMENT_INGREDIENT	Non-FDA / Dietary Supplement	Nutraceutical / Botanical
docosanoic-acid	SUPPLEMENT_INGREDIENT	Non-FDA / Dietary Supplement	Nutraceutical / Botanical
epitalon	INVESTIGATIONAL_MEDICINE	Pre-clinical / Open Source	Peptide / GLP-1 Agonist
escin	SUPPLEMENT_INGREDIENT	Non-FDA / Dietary Supplement	Nutraceutical / Botanical
flavonoid	SUPPLEMENT_INGREDIENT	Non-FDA / Dietary Supplement	Nutraceutical / Botanical
epicatechin	SUPPLEMENT_INGREDIENT	Non-FDA / Dietary Supplement	Nutraceutical / Botanical
ethyl-nitrite	SUPPLEMENT_INGREDIENT	Non-FDA / Dietary Supplement	Nutraceutical / Botanical
eriocitrin	SUPPLEMENT_INGREDIENT	Non-FDA / Dietary Supplement	Nutraceutical / Botanical
etidronic-acid	SUPPLEMENT_INGREDIENT	Non-FDA / Dietary Supplement	Nutraceutical / Botanical
erythromycin-estolate	APPROVED_MEDICINE	FDA Approved	Small Molecule
flavanoid	SUPPLEMENT_INGREDIENT	Non-FDA / Dietary Supplement	Nutraceutical / Botanical
gabapentin-encarbil	APPROVED_MEDICINE	FDA Approved	Small Molecule
fisetin	SUPPLEMENT_INGREDIENT	Non-FDA / Dietary Supplement	Nutraceutical / Botanical
epiandrosterone	SUPPLEMENT_INGREDIENT	Non-FDA / Dietary Supplement	Nutraceutical / Botanical
erbium	SUPPLEMENT_INGREDIENT	Non-FDA / Dietary Supplement	Nutraceutical / Botanical
ferrous-disulfide	SUPPLEMENT_INGREDIENT	Non-FDA / Dietary Supplement	Nutraceutical / Botanical
levopropoxyphene	APPROVED_MEDICINE	FDA Approved	Small Molecule
eprosartan	APPROVED_MEDICINE	FDA Approved	Small Molecule
etretinate	APPROVED_MEDICINE	FDA Approved	Small Molecule
ethylene	SUPPLEMENT_INGREDIENT	Non-FDA / Dietary Supplement	Nutraceutical / Botanical
fluprednisolone	APPROVED_MEDICINE	FDA Approved	Small Molecule
gallamine-triethiodide	APPROVED_MEDICINE	FDA Approved	Small Molecule
ferrosoferric-oxide	SUPPLEMENT_INGREDIENT	Non-FDA / Dietary Supplement	Nutraceutical / Botanical
gamma-cyclodextrin	SUPPLEMENT_INGREDIENT	Non-FDA / Dietary Supplement	Nutraceutical / Botanical
glycyrrhizic-acid	SUPPLEMENT_INGREDIENT	Non-FDA / Dietary Supplement	Nutraceutical / Botanical
grepafloxacin	APPROVED_MEDICINE	FDA Approved	Small Molecule
guanidinopropionic-acid	SUPPLEMENT_INGREDIENT	Non-FDA / Dietary Supplement	Nutraceutical / Botanical
gingerol	SUPPLEMENT_INGREDIENT	Non-FDA / Dietary Supplement	Nutraceutical / Botanical
furazan	SUPPLEMENT_INGREDIENT	Non-FDA / Dietary Supplement	Nutraceutical / Botanical
gallium-oxide	SUPPLEMENT_INGREDIENT	Non-FDA / Dietary Supplement	Nutraceutical / Botanical
glyoxal	MARKETED_PRODUCT_INGREDIENT	Non-FDA / Dietary Supplement	Nutraceutical / Botanical
ginkgolic-acid	SUPPLEMENT_INGREDIENT	Non-FDA / Dietary Supplement	Nutraceutical / Botanical
hematoporphyrin	SUPPLEMENT_INGREDIENT	Non-FDA / Dietary Supplement	Nutraceutical / Botanical
hydroxyacetophenone	MARKETED_PRODUCT_INGREDIENT	FDA Approved	Small Molecule
gastrodin	SUPPLEMENT_INGREDIENT	Non-FDA / Dietary Supplement	Nutraceutical / Botanical
glyceryl-stearate-se	MARKETED_PRODUCT_INGREDIENT	FDA Approved	Small Molecule
halazepam	APPROVED_MEDICINE	FDA Approved	Small Molecule
germanium-sesquioxide	SUPPLEMENT_INGREDIENT	Non-FDA / Dietary Supplement	Nutraceutical / Botanical
isoflurophate	APPROVED_MEDICINE	FDA Approved	Small Molecule
gonadorelin	APPROVED_BIOLOGIC	FDA Approved	Peptide / GLP-1 Agonist
heneicosapentaenoic-acid	SUPPLEMENT_INGREDIENT	Non-FDA / Dietary Supplement	Nutraceutical / Botanical
ivy	SUPPLEMENT_INGREDIENT	Non-FDA / Dietary Supplement	Nutraceutical / Botanical
glycitein	SUPPLEMENT_INGREDIENT	Non-FDA / Dietary Supplement	Nutraceutical / Botanical
guanosine-monophosphate	SUPPLEMENT_INGREDIENT	Non-FDA / Dietary Supplement	Nutraceutical / Botanical
hydrogen-citrate	SUPPLEMENT_INGREDIENT	Non-FDA / Dietary Supplement	Nutraceutical / Botanical
hexadrone	SUPPLEMENT_INGREDIENT	Non-FDA / Dietary Supplement	Nutraceutical / Botanical
hydroxytyrosol	SUPPLEMENT_INGREDIENT	Non-FDA / Dietary Supplement	Nutraceutical / Botanical
honokiol	SUPPLEMENT_INGREDIENT	Non-FDA / Dietary Supplement	Nutraceutical / Botanical
laurtrimonium	REGISTRY_ONLY_IDENTITY	Non-FDA / Dietary Supplement	Nutraceutical / Botanical
guggulsterone	SUPPLEMENT_INGREDIENT	Non-FDA / Dietary Supplement	Nutraceutical / Botanical
hydrocortamate	APPROVED_MEDICINE	FDA Approved	Small Molecule
metrizamide	APPROVED_MEDICINE	FDA Approved	Small Molecule
homosalate	APPROVED_MEDICINE	FDA Approved	Nutraceutical / Botanical
hydrocortisone-probutate	APPROVED_MEDICINE	FDA Approved	Small Molecule
myricetin	SUPPLEMENT_INGREDIENT	Non-FDA / Dietary Supplement	Nutraceutical / Botanical
indole-3-carbinol	SUPPLEMENT_INGREDIENT	Non-FDA / Dietary Supplement	Nutraceutical / Botanical
isopropylnorsynephrine	SUPPLEMENT_INGREDIENT	Non-FDA / Dietary Supplement	Nutraceutical / Botanical
lodoxamide	APPROVED_MEDICINE	FDA Approved	Small Molecule
ibutamoren	INVESTIGATIONAL_MEDICINE	Phase 2 Investigational	Small Molecule
loracarbef	APPROVED_MEDICINE	FDA Approved	Small Molecule
manganese-carbonate	SUPPLEMENT_INGREDIENT	Non-FDA / Dietary Supplement	Nutraceutical / Botanical
indole	SUPPLEMENT_INGREDIENT	Non-FDA / Dietary Supplement	Nutraceutical / Botanical
iophendylate	APPROVED_MEDICINE	FDA Approved	Small Molecule
iron-ascorbate	SUPPLEMENT_INGREDIENT	Non-FDA / Dietary Supplement	Nutraceutical / Botanical
isomethyl-alpha-ionone	MARKETED_PRODUCT_INGREDIENT	FDA Approved	Small Molecule
kelp	SUPPLEMENT_INGREDIENT	Non-FDA / Dietary Supplement	Nutraceutical / Botanical
lauric-arginate	SUPPLEMENT_INGREDIENT	Non-FDA / Dietary Supplement	Nutraceutical / Botanical
magnesium-arsenate	SUPPLEMENT_INGREDIENT	Non-FDA / Dietary Supplement	Nutraceutical / Botanical
meprednisone	APPROVED_MEDICINE	FDA Approved	Small Molecule
levobupivacaine	APPROVED_MEDICINE	FDA Approved	Small Molecule
lead-iodide	SUPPLEMENT_INGREDIENT	Non-FDA / Dietary Supplement	Nutraceutical / Botanical
magnesium-cation	SUPPLEMENT_INGREDIENT	Non-FDA / Dietary Supplement	Nutraceutical / Botanical
metenkefalin	MARKETED_PRODUCT_INGREDIENT	Non-FDA / Dietary Supplement	Nutraceutical / Botanical
magnesium-borate	SUPPLEMENT_INGREDIENT	Non-FDA / Dietary Supplement	Nutraceutical / Botanical
mazindol	APPROVED_MEDICINE	FDA Approved	Small Molecule
maltitol	SUPPLEMENT_INGREDIENT	Non-FDA / Dietary Supplement	Nutraceutical / Botanical
margaroleic-acid	SUPPLEMENT_INGREDIENT	Non-FDA / Dietary Supplement	Nutraceutical / Botanical
manganese-ascorbate	SUPPLEMENT_INGREDIENT	Non-FDA / Dietary Supplement	Nutraceutical / Botanical
mestranol	APPROVED_MEDICINE	FDA Approved	Small Molecule
magnesium-creatine	SUPPLEMENT_INGREDIENT	Non-FDA / Dietary Supplement	Nutraceutical / Botanical
manganese-gluconate-unspecified-form	SUPPLEMENT_INGREDIENT	Non-FDA / Dietary Supplement	Nutraceutical / Botanical
mcpa	MARKETED_PRODUCT_INGREDIENT	Non-FDA / Dietary Supplement	Nutraceutical / Botanical
norvaline	SUPPLEMENT_INGREDIENT	Non-FDA / Dietary Supplement	Nutraceutical / Botanical
malondialdehyde	MARKETED_PRODUCT_INGREDIENT	FDA Approved	Small Molecule
methacycline	APPROVED_MEDICINE	FDA Approved	Small Molecule
methylphenylalanine	SUPPLEMENT_INGREDIENT	Non-FDA / Dietary Supplement	Nutraceutical / Botanical
methicillin	APPROVED_MEDICINE	FDA Approved	Small Molecule
methyprylon	APPROVED_MEDICINE	FDA Approved	Small Molecule
mescaline	CONTROLLED_NO_APPROVED_USE	Controlled / No Approved Use	Small Molecule
msm	SUPPLEMENT_INGREDIENT	Non-FDA / Dietary Supplement	Nutraceutical / Botanical
methylene	SUPPLEMENT_INGREDIENT	Non-FDA / Dietary Supplement	Nutraceutical / Botanical
monogalactosyl-diglyceride	SUPPLEMENT_INGREDIENT	Non-FDA / Dietary Supplement	Nutraceutical / Botanical
nicotinamide-mononucleotide	SUPPLEMENT_INGREDIENT	Non-FDA / Dietary Supplement	Peptide / GLP-1 Agonist
nitrogen-nf	APPROVED_MEDICINE	FDA Approved	Small Molecule
octodrine	SUPPLEMENT_INGREDIENT	Non-FDA / Dietary Supplement	Nutraceutical / Botanical
oxymetholone	APPROVED_MEDICINE	FDA Approved	Small Molecule
mucin	SUPPLEMENT_INGREDIENT	Non-FDA / Dietary Supplement	Nutraceutical / Botanical
naphthoquine	MARKETED_PRODUCT_INGREDIENT	Non-FDA / Dietary Supplement	Nutraceutical / Botanical
nitrous-oxide	APPROVED_MEDICINE	FDA Approved	Small Molecule
metrizoic-acid	APPROVED_MEDICINE	FDA Approved	Small Molecule
midoriamin	MARKETED_PRODUCT_INGREDIENT	Non-FDA / Dietary Supplement	Nutraceutical / Botanical
n-butyl-methacrylate	MARKETED_PRODUCT_INGREDIENT	Non-FDA / Dietary Supplement	Nutraceutical / Botanical
netilmicin	APPROVED_MEDICINE	FDA Approved	Small Molecule
niobium-pentaiodide	SUPPLEMENT_INGREDIENT	Non-FDA / Dietary Supplement	Nutraceutical / Botanical
mustard	SUPPLEMENT_INGREDIENT	Non-FDA / Dietary Supplement	Nutraceutical / Botanical
novobiocin	APPROVED_BIOLOGIC	FDA Approved	Peptide / GLP-1 Agonist
n-acetyl-glucosamine	SUPPLEMENT_INGREDIENT	Non-FDA / Dietary Supplement	Nutraceutical / Botanical
nervonic-acid	SUPPLEMENT_INGREDIENT	Non-FDA / Dietary Supplement	Nutraceutical / Botanical
nilotinib-d-tartrate	APPROVED_MEDICINE	FDA Approved	Small Molecule
nisin	SUPPLEMENT_INGREDIENT	Non-FDA / Dietary Supplement	Nutraceutical / Botanical
neohesperidin	SUPPLEMENT_INGREDIENT	Non-FDA / Dietary Supplement	Nutraceutical / Botanical
norethynodrel	APPROVED_MEDICINE	FDA Approved	Small Molecule
orotic-acid	SUPPLEMENT_INGREDIENT	Non-FDA / Dietary Supplement	Nutraceutical / Botanical
octacosanol	SUPPLEMENT_INGREDIENT	Non-FDA / Dietary Supplement	Nutraceutical / Botanical
nandrolone-phenpropionate	APPROVED_MEDICINE	FDA Approved	Small Molecule
nickel-nitrate	SUPPLEMENT_INGREDIENT	Non-FDA / Dietary Supplement	Nutraceutical / Botanical
nickel-chloride	SUPPLEMENT_INGREDIENT	Non-FDA / Dietary Supplement	Nutraceutical / Botanical
ornithine-alpha-ketoglutarate	SUPPLEMENT_INGREDIENT	Non-FDA / Dietary Supplement	Nutraceutical / Botanical
ostarine	INVESTIGATIONAL_MEDICINE	Phase 3 Clinical Trial	Small Molecule
n-methyl-aspartic-acid	SUPPLEMENT_INGREDIENT	Non-FDA / Dietary Supplement	Nutraceutical / Botanical
pancuronium	APPROVED_MEDICINE	FDA Approved	Small Molecule
oxyquinoline	OFF_LABEL_OR_COMPOUNDED	Off-Label / Compounded	Small Molecule
paraquat-dichloride	MARKETED_PRODUCT_INGREDIENT	Non-FDA / Dietary Supplement	Nutraceutical / Botanical
osthol	SUPPLEMENT_INGREDIENT	Non-FDA / Dietary Supplement	Nutraceutical / Botanical
phenyl-aminosalicylate	APPROVED_MEDICINE	FDA Approved	Small Molecule
ombitasvir-paritaprevir-ritonavir	APPROVED_MEDICINE	FDA Approved	Small Molecule
paba	SUPPLEMENT_INGREDIENT	Non-FDA / Dietary Supplement	Nutraceutical / Botanical
pargyline	APPROVED_MEDICINE	FDA Approved	Small Molecule
phosphatase	SUPPLEMENT_INGREDIENT	Non-FDA / Dietary Supplement	Recombinant Protein / Biologic
oxiglutatione	APPROVED_MEDICINE	FDA Approved	Small Molecule
phenylpropanolamine	WITHDRAWN_MEDICINE	Withdrawn from Market	Small Molecule
paeoniflorin	SUPPLEMENT_INGREDIENT	Non-FDA / Dietary Supplement	Nutraceutical / Botanical
potassium-permanganate	SUPPLEMENT_INGREDIENT	Non-FDA / Dietary Supplement	Nutraceutical / Botanical
proanthocyanidin	SUPPLEMENT_INGREDIENT	Non-FDA / Dietary Supplement	Nutraceutical / Botanical
peramivir	APPROVED_MEDICINE	FDA Approved	Small Molecule
phosphcreatine	SUPPLEMENT_INGREDIENT	Non-FDA / Dietary Supplement	Nutraceutical / Botanical
peroxidase	SUPPLEMENT_INGREDIENT	Non-FDA / Dietary Supplement	Recombinant Protein / Biologic
potassium-beta-hydroxybutyrate	SUPPLEMENT_INGREDIENT	Non-FDA / Dietary Supplement	Nutraceutical / Botanical
potassium-alpha-ketoglutarate	SUPPLEMENT_INGREDIENT	Non-FDA / Dietary Supplement	Nutraceutical / Botanical
propiomazine	APPROVED_MEDICINE	FDA Approved	Small Molecule
scopoletin	SUPPLEMENT_INGREDIENT	Non-FDA / Dietary Supplement	Nutraceutical / Botanical
phenyl	SUPPLEMENT_INGREDIENT	Non-FDA / Dietary Supplement	Nutraceutical / Botanical
picrotoxin	MARKETED_PRODUCT_INGREDIENT	Non-FDA / Dietary Supplement	Nutraceutical / Botanical
potassium	SUPPLEMENT_INGREDIENT	Non-FDA / Dietary Supplement	Nutraceutical / Botanical
prazepam	APPROVED_MEDICINE	FDA Approved	Small Molecule
proanthocyanidins	SUPPLEMENT_INGREDIENT	Non-FDA / Dietary Supplement	Nutraceutical / Botanical
saralasin	APPROVED_MEDICINE	FDA Approved	Small Molecule
potassium-ferrocyanide	SUPPLEMENT_INGREDIENT	Non-FDA / Dietary Supplement	Nutraceutical / Botanical
quinhydrone	MARKETED_PRODUCT_INGREDIENT	Non-FDA / Dietary Supplement	Nutraceutical / Botanical
rosavin	SUPPLEMENT_INGREDIENT	Non-FDA / Dietary Supplement	Nutraceutical / Botanical
pipecuronium	APPROVED_MEDICINE	FDA Approved	Small Molecule
porcine-secretin	APPROVED_MEDICINE	FDA Approved	Small Molecule
potassium-cation	SUPPLEMENT_INGREDIENT	Non-FDA / Dietary Supplement	Nutraceutical / Botanical
propyphenazone	OFF_LABEL_OR_COMPOUNDED	Off-Label / Compounded	Small Molecule
potassium-tellurite	SUPPLEMENT_INGREDIENT	Non-FDA / Dietary Supplement	Nutraceutical / Botanical
quinine-arsenate	MARKETED_PRODUCT_INGREDIENT	Non-FDA / Dietary Supplement	Nutraceutical / Botanical
praseodymium	SUPPLEMENT_INGREDIENT	Non-FDA / Dietary Supplement	Nutraceutical / Botanical
propane	SUPPLEMENT_INGREDIENT	Non-FDA / Dietary Supplement	Nutraceutical / Botanical
rosiglitazone	APPROVED_MEDICINE	FDA Approved	Small Molecule
propanediol	APPROVED_MEDICINE	FDA Approved	Nutraceutical / Botanical
pullulanase	SUPPLEMENT_INGREDIENT	Non-FDA / Dietary Supplement	Recombinant Protein / Biologic
rubidium-bromide	MARKETED_PRODUCT_INGREDIENT	Non-FDA / Dietary Supplement	Nutraceutical / Botanical
saccharin	SUPPLEMENT_INGREDIENT	Non-FDA / Dietary Supplement	Nutraceutical / Botanical
salvianolic-acid	SUPPLEMENT_INGREDIENT	Non-FDA / Dietary Supplement	Nutraceutical / Botanical
schizandrol-a	SUPPLEMENT_INGREDIENT	Non-FDA / Dietary Supplement	Nutraceutical / Botanical
selenium-dioxide	SUPPLEMENT_INGREDIENT	Non-FDA / Dietary Supplement	Nutraceutical / Botanical
rapacuronium	WITHDRAWN_MEDICINE	Withdrawn from Market	Small Molecule
ritodrine	APPROVED_MEDICINE	FDA Approved	Small Molecule
reductic-acid	MARKETED_PRODUCT_INGREDIENT	Non-FDA / Dietary Supplement	Nutraceutical / Botanical
rubidium-iodide	MARKETED_PRODUCT_INGREDIENT	Non-FDA / Dietary Supplement	Nutraceutical / Botanical
salidroside	SUPPLEMENT_INGREDIENT	Non-FDA / Dietary Supplement	Nutraceutical / Botanical
salt	SUPPLEMENT_INGREDIENT	Non-FDA / Dietary Supplement	Nutraceutical / Botanical
rauwolscine	SUPPLEMENT_INGREDIENT	Non-FDA / Dietary Supplement	Nutraceutical / Botanical
saquinavir	APPROVED_MEDICINE	FDA Approved	Small Molecule
skatole	MARKETED_PRODUCT_INGREDIENT	Non-FDA / Dietary Supplement	Nutraceutical / Botanical
somatropin-recombinant	APPROVED_BIOLOGIC	FDA Approved	Recombinant Protein / Biologic
sequoiaflavone	SUPPLEMENT_INGREDIENT	Non-FDA / Dietary Supplement	Nutraceutical / Botanical
sam-e	SUPPLEMENT_INGREDIENT	Non-FDA / Dietary Supplement	Nutraceutical / Botanical
sonrotoclax	APPROVED_MEDICINE	FDA Approved	Small Molecule
avocado	BOTANICAL_OR_ORGANISM_PREPARATION	Non-FDA / Dietary Supplement	Nutraceutical / Botanical
shikimic-acid	SUPPLEMENT_INGREDIENT	Non-FDA / Dietary Supplement	Nutraceutical / Botanical
sodium-oxide	SUPPLEMENT_INGREDIENT	Non-FDA / Dietary Supplement	Nutraceutical / Botanical
sermorelin	WITHDRAWN_MEDICINE	Withdrawn from Market	Peptide / GLP-1 Agonist
triple-sulfa	APPROVED_MEDICINE	FDA Approved	Small Molecule
sibutramine	WITHDRAWN_MEDICINE	Withdrawn from Market	Small Molecule
sodium-cyclamate	SUPPLEMENT_INGREDIENT	Non-FDA / Dietary Supplement	Nutraceutical / Botanical
sodium-hexafluorosilicate	MARKETED_PRODUCT_INGREDIENT	Non-FDA / Dietary Supplement	Nutraceutical / Botanical
taurine-alpha-ketoglutarate	SUPPLEMENT_INGREDIENT	Non-FDA / Dietary Supplement	Nutraceutical / Botanical
sodium-phosphate-p-32	APPROVED_MEDICINE	FDA Approved	Small Molecule
squalene	SUPPLEMENT_INGREDIENT	Non-FDA / Dietary Supplement	Nutraceutical / Botanical
theobromine	SUPPLEMENT_INGREDIENT	Non-FDA / Dietary Supplement	Nutraceutical / Botanical
zingiberene	SUPPLEMENT_INGREDIENT	Non-FDA / Dietary Supplement	Nutraceutical / Botanical
strontium-cation	MARKETED_PRODUCT_INGREDIENT	Non-FDA / Dietary Supplement	Nutraceutical / Botanical
vitamin-b5	SUPPLEMENT_INGREDIENT	Non-FDA / Dietary Supplement	Nutraceutical / Botanical
tenofovir	APPROVED_MEDICINE	FDA Approved	Small Molecule
synephrine	SUPPLEMENT_INGREDIENT	Non-FDA / Dietary Supplement	Nutraceutical / Botanical
tanshinone	SUPPLEMENT_INGREDIENT	Non-FDA / Dietary Supplement	Nutraceutical / Botanical
telbivudine	WITHDRAWN_MEDICINE	Withdrawn from Market	Small Molecule
vitamin-b3	SUPPLEMENT_INGREDIENT	Non-FDA / Dietary Supplement	Nutraceutical / Botanical
tipranavir	APPROVED_MEDICINE	FDA Approved	Small Molecule
trovafloxacin	APPROVED_MEDICINE	FDA Approved	Small Molecule
tert-butyl-methyl-ether	MARKETED_PRODUCT_INGREDIENT	Non-FDA / Dietary Supplement	Nutraceutical / Botanical
trioxsalen	APPROVED_MEDICINE	FDA Approved	Small Molecule
vanadium	SUPPLEMENT_INGREDIENT	Non-FDA / Dietary Supplement	Nutraceutical / Botanical
technetium-tc-99m-succimer-kit	APPROVED_MEDICINE	FDA Approved	Small Molecule
thulium	SUPPLEMENT_INGREDIENT	Non-FDA / Dietary Supplement	Nutraceutical / Botanical
tiludronate	APPROVED_MEDICINE	FDA Approved	Small Molecule
zingerone	SUPPLEMENT_INGREDIENT	Non-FDA / Dietary Supplement	Nutraceutical / Botanical
tara	SUPPLEMENT_INGREDIENT	Non-FDA / Dietary Supplement	Nutraceutical / Botanical
theophylline-sodium-glycinate	APPROVED_MEDICINE	FDA Approved	Small Molecule
threonic-acid	SUPPLEMENT_INGREDIENT	Non-FDA / Dietary Supplement	Nutraceutical / Botanical
tioxolone	MARKETED_PRODUCT_INGREDIENT	FDA Approved	Small Molecule
thioctic-acid	SUPPLEMENT_INGREDIENT	Non-FDA / Dietary Supplement	Nutraceutical / Botanical
terfenadine	WITHDRAWN_MEDICINE	Withdrawn from Market	Small Molecule
thimerosal	MARKETED_PRODUCT_INGREDIENT	Non-FDA / Dietary Supplement	Nutraceutical / Botanical
vinpocetine	SUPPLEMENT_INGREDIENT	Non-FDA / Dietary Supplement	Nutraceutical / Botanical
volanesorsen	APPROVED_BIOLOGIC	EMA Approved	ASO (Antisense Oligonucleotide)
trenavar	SUPPLEMENT_INGREDIENT	Non-FDA / Dietary Supplement	Nutraceutical / Botanical
zeaxanthin	SUPPLEMENT_INGREDIENT	Non-FDA / Dietary Supplement	Nutraceutical / Botanical
zinc-valerate	MARKETED_PRODUCT_INGREDIENT	Non-FDA / Dietary Supplement	Nutraceutical / Botanical
vanadium-picolinate	SUPPLEMENT_INGREDIENT	Non-FDA / Dietary Supplement	Nutraceutical / Botanical
vincamine	SUPPLEMENT_INGREDIENT	Non-FDA / Dietary Supplement	Nutraceutical / Botanical
vitamin-b7	SUPPLEMENT_INGREDIENT	Non-FDA / Dietary Supplement	Nutraceutical / Botanical
vanillylamine	MARKETED_PRODUCT_INGREDIENT	Non-FDA / Dietary Supplement	Nutraceutical / Botanical
yttrium-oxide	MARKETED_PRODUCT_INGREDIENT	Non-FDA / Dietary Supplement	Nutraceutical / Botanical
zinc-phosphide	MARKETED_PRODUCT_INGREDIENT	Non-FDA / Dietary Supplement	Nutraceutical / Botanical
acetone	SUPPLEMENT_INGREDIENT	Non-FDA / Dietary Supplement	Nutraceutical / Botanical
almond	BOTANICAL_OR_ORGANISM_PREPARATION	Non-FDA / Dietary Supplement	Nutraceutical / Botanical
yttrium	SUPPLEMENT_INGREDIENT	Non-FDA / Dietary Supplement	Nutraceutical / Botanical
abrus-precatorius-seed	BOTANICAL_OR_ORGANISM_PREPARATION	Non-FDA / Dietary Supplement	Nutraceutical / Botanical
acetylcysteine-lysine	APPROVED_MEDICINE	FDA Approved	Small Molecule
air-polymer-type-a	APPROVED_MEDICINE	FDA Approved	Small Molecule
acetyl-l-carnitine	SUPPLEMENT_INGREDIENT	Non-FDA / Dietary Supplement	Nutraceutical / Botanical
abutilon-theophrasti-seed	BOTANICAL_OR_ORGANISM_PREPARATION	Non-FDA / Dietary Supplement	Nutraceutical / Botanical
zirconium-oxide	MARKETED_PRODUCT_INGREDIENT	Non-FDA / Dietary Supplement	Nutraceutical / Botanical
acetyl-coenzyme-a	SUPPLEMENT_INGREDIENT	Non-FDA / Dietary Supplement	Nutraceutical / Botanical
alexandrian-senna	BOTANICAL_OR_ORGANISM_PREPARATION	Non-FDA / Dietary Supplement	Nutraceutical / Botanical
acetyl-l-carnitine-arginate	SUPPLEMENT_INGREDIENT	Non-FDA / Dietary Supplement	Nutraceutical / Botanical
achyranthes-bidentata-root	BOTANICAL_OR_ORGANISM_PREPARATION	Non-FDA / Dietary Supplement	Nutraceutical / Botanical
adansonia-digitata-seed-oil	MARKETED_PRODUCT_INGREDIENT	FDA Approved	Nutraceutical / Botanical
acer-rubrum-pollen	BOTANICAL_OR_ORGANISM_PREPARATION	Non-FDA / Dietary Supplement	Nutraceutical / Botanical
acorus-calamus-whole	BOTANICAL_OR_ORGANISM_PREPARATION	Non-FDA / Dietary Supplement	Nutraceutical / Botanical
adenosine-monophosphate	SUPPLEMENT_INGREDIENT	Non-FDA / Dietary Supplement	Nutraceutical / Botanical
aescin	SUPPLEMENT_INGREDIENT	Non-FDA / Dietary Supplement	Nutraceutical / Botanical
acer-negundo-wood	BOTANICAL_OR_ORGANISM_PREPARATION	Non-FDA / Dietary Supplement	Nutraceutical / Botanical
acrylic-acid	SUPPLEMENT_INGREDIENT	Non-FDA / Dietary Supplement	Nutraceutical / Botanical
acetyl-tetrapeptide-5	MARKETED_PRODUCT_INGREDIENT	FDA Approved	Small Molecule
acorus-calamus-root	BOTANICAL_OR_ORGANISM_PREPARATION	Non-FDA / Dietary Supplement	Nutraceutical / Botanical
aegle-marmelos-leaf	BOTANICAL_OR_ORGANISM_PREPARATION	Non-FDA / Dietary Supplement	Nutraceutical / Botanical
acetyl-hexapeptide-8	MARKETED_PRODUCT_INGREDIENT	FDA Approved	Small Molecule
agmatine-silicate	SUPPLEMENT_INGREDIENT	Non-FDA / Dietary Supplement	Nutraceutical / Botanical
camphor-oil	MARKETED_PRODUCT_INGREDIENT	FDA Approved	Small Molecule
albumin-iodinated-i-125-serum	APPROVED_BIOLOGIC	FDA Approved	Recombinant Protein / Biologic
alkaline	SUPPLEMENT_INGREDIENT	Non-FDA / Dietary Supplement	Nutraceutical / Botanical
agrimonia-eupatoria-whole	BOTANICAL_OR_ORGANISM_PREPARATION	Non-FDA / Dietary Supplement	Nutraceutical / Botanical
ajuga-turkestanica	BOTANICAL_OR_ORGANISM_PREPARATION	Non-FDA / Dietary Supplement	Nutraceutical / Botanical
ailanthus-altissima-pollen	BOTANICAL_OR_ORGANISM_PREPARATION	Non-FDA / Dietary Supplement	Nutraceutical / Botanical
aloe-macroclada	BOTANICAL_OR_ORGANISM_PREPARATION	Non-FDA / Dietary Supplement	Nutraceutical / Botanical
alisma	BOTANICAL_OR_ORGANISM_PREPARATION	Non-FDA / Dietary Supplement	Nutraceutical / Botanical
barley	BOTANICAL_OR_ORGANISM_PREPARATION	Non-FDA / Dietary Supplement	Nutraceutical / Botanical
algae	SUPPLEMENT_INGREDIENT	Non-FDA / Dietary Supplement	Nutraceutical / Botanical
amaranthus-cruentus-seed	BOTANICAL_OR_ORGANISM_PREPARATION	Non-FDA / Dietary Supplement	Nutraceutical / Botanical
ananain	SUPPLEMENT_INGREDIENT	Non-FDA / Dietary Supplement	Nutraceutical / Botanical
amino-acids	APPROVED_MEDICINE	FDA Approved	Small Molecule
american-bugleweed	BOTANICAL_OR_ORGANISM_PREPARATION	Non-FDA / Dietary Supplement	Nutraceutical / Botanical
anagallis-arvensis-whole	BOTANICAL_OR_ORGANISM_PREPARATION	Non-FDA / Dietary Supplement	Nutraceutical / Botanical
aminobutyric-acid	SUPPLEMENT_INGREDIENT	Non-FDA / Dietary Supplement	Nutraceutical / Botanical
anti-interleukin-1alpha-immunoglobulin-g-rabbit	SUPPLEMENT_INGREDIENT	Non-FDA / Dietary Supplement	Nutraceutical / Botanical
alnus-glutinosa-bark	BOTANICAL_OR_ORGANISM_PREPARATION	Non-FDA / Dietary Supplement	Nutraceutical / Botanical
alpha-glycosyl-isoquercetin	SUPPLEMENT_INGREDIENT	Non-FDA / Dietary Supplement	Nutraceutical / Botanical
alpha-mannosidase	SUPPLEMENT_INGREDIENT	Non-FDA / Dietary Supplement	Recombinant Protein / Biologic
androsterone	SUPPLEMENT_INGREDIENT	Non-FDA / Dietary Supplement	Nutraceutical / Botanical
apple	BOTANICAL_OR_ORGANISM_PREPARATION	Non-FDA / Dietary Supplement	Nutraceutical / Botanical
angelica-archanglica	SUPPLEMENT_INGREDIENT	Non-FDA / Dietary Supplement	Nutraceutical / Botanical
american-ginseng	BOTANICAL_OR_ORGANISM_PREPARATION	Non-FDA / Dietary Supplement	Nutraceutical / Botanical
american-basil	BOTANICAL_OR_ORGANISM_PREPARATION	Non-FDA / Dietary Supplement	Nutraceutical / Botanical
american-chestnut	BOTANICAL_OR_ORGANISM_PREPARATION	Non-FDA / Dietary Supplement	Nutraceutical / Botanical
androctonus-australis-venom	BOTANICAL_OR_ORGANISM_PREPARATION	Non-FDA / Dietary Supplement	Nutraceutical / Botanical
amphetamine-resin-complex	APPROVED_MEDICINE	FDA Approved	Small Molecule
angelica-pubescens-root	BOTANICAL_OR_ORGANISM_PREPARATION	Non-FDA / Dietary Supplement	Nutraceutical / Botanical
anser-anser-feather	SUPPLEMENT_INGREDIENT	Non-FDA / Dietary Supplement	Nutraceutical / Botanical
arachidonic-acid	SUPPLEMENT_INGREDIENT	Non-FDA / Dietary Supplement	Nutraceutical / Botanical
andrographis-paniculata-whole	BOTANICAL_OR_ORGANISM_PREPARATION	Non-FDA / Dietary Supplement	Nutraceutical / Botanical
andrographis-paniculata-top	BOTANICAL_OR_ORGANISM_PREPARATION	Non-FDA / Dietary Supplement	Nutraceutical / Botanical
ascorbyl	APPROVED_MEDICINE	FDA Approved	Nutraceutical / Botanical
aphanamixis-polystachya-whole	BOTANICAL_OR_ORGANISM_PREPARATION	Non-FDA / Dietary Supplement	Nutraceutical / Botanical
aqua	MARKETED_PRODUCT_INGREDIENT	FDA Approved	Nutraceutical / Botanical
argan-oil	MARKETED_PRODUCT_INGREDIENT	FDA Approved	Small Molecule
beech	SUPPLEMENT_INGREDIENT	Non-FDA / Dietary Supplement	Nutraceutical / Botanical
arisaema-erubescens	BOTANICAL_OR_ORGANISM_PREPARATION	Non-FDA / Dietary Supplement	Nutraceutical / Botanical
arsenic-trichloride	SUPPLEMENT_INGREDIENT	Non-FDA / Dietary Supplement	Nutraceutical / Botanical
ascorbyl-glucoside	MARKETED_PRODUCT_INGREDIENT	FDA Approved	Small Molecule
ant	SUPPLEMENT_INGREDIENT	Non-FDA / Dietary Supplement	Nutraceutical / Botanical
bacosides	SUPPLEMENT_INGREDIENT	Non-FDA / Dietary Supplement	Nutraceutical / Botanical
apricot	BOTANICAL_OR_ORGANISM_PREPARATION	Non-FDA / Dietary Supplement	Nutraceutical / Botanical
astragaloside	SUPPLEMENT_INGREDIENT	Non-FDA / Dietary Supplement	Nutraceutical / Botanical
arginine-silicate	SUPPLEMENT_INGREDIENT	Non-FDA / Dietary Supplement	Nutraceutical / Botanical
baccharis-halimifolia-pollen	BOTANICAL_OR_ORGANISM_PREPARATION	Non-FDA / Dietary Supplement	Nutraceutical / Botanical
arctium-lappa-root	MARKETED_PRODUCT_INGREDIENT	FDA Approved	Nutraceutical / Botanical
arginine-alpha-ketoglutarate	SUPPLEMENT_INGREDIENT	Non-FDA / Dietary Supplement	Nutraceutical / Botanical
artemisia-anomala	BOTANICAL_OR_ORGANISM_PREPARATION	Non-FDA / Dietary Supplement	Nutraceutical / Botanical
arjunic-acid	SUPPLEMENT_INGREDIENT	Non-FDA / Dietary Supplement	Nutraceutical / Botanical
artemisia-dracunculus-pollen	BOTANICAL_OR_ORGANISM_PREPARATION	Non-FDA / Dietary Supplement	Nutraceutical / Botanical
aristolochia-clematitis-whole	BOTANICAL_OR_ORGANISM_PREPARATION	Non-FDA / Dietary Supplement	Nutraceutical / Botanical
barium-phosphate-dibasic	SUPPLEMENT_INGREDIENT	Non-FDA / Dietary Supplement	Nutraceutical / Botanical
asiatic-acid	MARKETED_PRODUCT_INGREDIENT	FDA Approved	Small Molecule
autumn-olive	BOTANICAL_OR_ORGANISM_PREPARATION	Non-FDA / Dietary Supplement	Nutraceutical / Botanical
baikal-skullcap	BOTANICAL_OR_ORGANISM_PREPARATION	Non-FDA / Dietary Supplement	Nutraceutical / Botanical
candida-tropicalis	BOTANICAL_OR_ORGANISM_PREPARATION	Non-FDA / Dietary Supplement	Nutraceutical / Botanical
ascorbigen	SUPPLEMENT_INGREDIENT	Non-FDA / Dietary Supplement	Nutraceutical / Botanical
atriplex-lentiformis-pollen	BOTANICAL_OR_ORGANISM_PREPARATION	Non-FDA / Dietary Supplement	Nutraceutical / Botanical
aster	BOTANICAL_OR_ORGANISM_PREPARATION	Non-FDA / Dietary Supplement	Nutraceutical / Botanical
berry	SUPPLEMENT_INGREDIENT	Non-FDA / Dietary Supplement	Nutraceutical / Botanical
ashitaba	SUPPLEMENT_INGREDIENT	Non-FDA / Dietary Supplement	Nutraceutical / Botanical
asoka	SUPPLEMENT_INGREDIENT	Non-FDA / Dietary Supplement	Nutraceutical / Botanical
barleria-lupulina-whole	MARKETED_PRODUCT_INGREDIENT	FDA Approved	Nutraceutical / Botanical
berberis-aquifolium-whole	BOTANICAL_OR_ORGANISM_PREPARATION	Non-FDA / Dietary Supplement	Nutraceutical / Botanical
atriplex-canescens-pollen	BOTANICAL_OR_ORGANISM_PREPARATION	Non-FDA / Dietary Supplement	Nutraceutical / Botanical
bambusa-bambos-stem	BOTANICAL_OR_ORGANISM_PREPARATION	Non-FDA / Dietary Supplement	Nutraceutical / Botanical
barium-bromide	SUPPLEMENT_INGREDIENT	Non-FDA / Dietary Supplement	Nutraceutical / Botanical
bellis-perennis-leaf	BOTANICAL_OR_ORGANISM_PREPARATION	Non-FDA / Dietary Supplement	Nutraceutical / Botanical
bassia-scoparia	BOTANICAL_OR_ORGANISM_PREPARATION	Non-FDA / Dietary Supplement	Nutraceutical / Botanical
beta-phenethylalamine	SUPPLEMENT_INGREDIENT	Non-FDA / Dietary Supplement	Nutraceutical / Botanical
baphicacanthus-cusia	BOTANICAL_OR_ORGANISM_PREPARATION	Non-FDA / Dietary Supplement	Nutraceutical / Botanical
bee-propolis	SUPPLEMENT_INGREDIENT	Non-FDA / Dietary Supplement	Nutraceutical / Botanical
black-mustard	BOTANICAL_OR_ORGANISM_PREPARATION	Non-FDA / Dietary Supplement	Nutraceutical / Botanical
betula-pubescens-bark	BOTANICAL_OR_ORGANISM_PREPARATION	Non-FDA / Dietary Supplement	Nutraceutical / Botanical
blend	SUPPLEMENT_INGREDIENT	Non-FDA / Dietary Supplement	Nutraceutical / Botanical
blue-green-algae	BOTANICAL_OR_ORGANISM_PREPARATION	Non-FDA / Dietary Supplement	Nutraceutical / Botanical
bentonite	SUPPLEMENT_INGREDIENT	Non-FDA / Dietary Supplement	Nutraceutical / Botanical
bergenia	BOTANICAL_OR_ORGANISM_PREPARATION	Non-FDA / Dietary Supplement	Nutraceutical / Botanical
bittersweet-nightshade	SUPPLEMENT_INGREDIENT	Non-FDA / Dietary Supplement	Nutraceutical / Botanical
berberis-vulgaris-whole	BOTANICAL_OR_ORGANISM_PREPARATION	Non-FDA / Dietary Supplement	Nutraceutical / Botanical
betula-nigra-pollen	BOTANICAL_OR_ORGANISM_PREPARATION	Non-FDA / Dietary Supplement	Nutraceutical / Botanical
bellis-perennis-whole	BOTANICAL_OR_ORGANISM_PREPARATION	Non-FDA / Dietary Supplement	Nutraceutical / Botanical
blackbrush	SUPPLEMENT_INGREDIENT	Non-FDA / Dietary Supplement	Nutraceutical / Botanical
beta-glucosidase	SUPPLEMENT_INGREDIENT	Non-FDA / Dietary Supplement	Recombinant Protein / Biologic
bitter-orange	BOTANICAL_OR_ORGANISM_PREPARATION	Non-FDA / Dietary Supplement	Nutraceutical / Botanical
bos-taurus-hair	BOTANICAL_OR_ORGANISM_PREPARATION	Non-FDA / Dietary Supplement	Nutraceutical / Botanical
british-elecampane	SUPPLEMENT_INGREDIENT	Non-FDA / Dietary Supplement	Nutraceutical / Botanical
beta-vulgaris-whole	BOTANICAL_OR_ORGANISM_PREPARATION	Non-FDA / Dietary Supplement	Nutraceutical / Botanical
bifidobacterium	BOTANICAL_OR_ORGANISM_PREPARATION	Non-FDA / Dietary Supplement	Nutraceutical / Botanical
blackhaw	SUPPLEMENT_INGREDIENT	Non-FDA / Dietary Supplement	Nutraceutical / Botanical
bombyx-mori-fiber	SUPPLEMENT_INGREDIENT	Non-FDA / Dietary Supplement	Nutraceutical / Botanical
black-walnut	BOTANICAL_OR_ORGANISM_PREPARATION	Non-FDA / Dietary Supplement	Nutraceutical / Botanical
blond-psyllium	BOTANICAL_OR_ORGANISM_PREPARATION	Non-FDA / Dietary Supplement	Nutraceutical / Botanical
blue-vervain	SUPPLEMENT_INGREDIENT	Non-FDA / Dietary Supplement	Nutraceutical / Botanical
brazil-nut	SUPPLEMENT_INGREDIENT	Non-FDA / Dietary Supplement	Nutraceutical / Botanical
boar	SUPPLEMENT_INGREDIENT	Non-FDA / Dietary Supplement	Nutraceutical / Botanical
bok-choy	BOTANICAL_OR_ORGANISM_PREPARATION	Non-FDA / Dietary Supplement	Nutraceutical / Botanical
bos-taurus-pineal-gland	SUPPLEMENT_INGREDIENT	Non-FDA / Dietary Supplement	Nutraceutical / Botanical
black-walnut-husk	BOTANICAL_OR_ORGANISM_PREPARATION	Non-FDA / Dietary Supplement	Nutraceutical / Botanical
bovine-tuberculin	SUPPLEMENT_INGREDIENT	Non-FDA / Dietary Supplement	Nutraceutical / Botanical
blueberry-fiber	SUPPLEMENT_INGREDIENT	Non-FDA / Dietary Supplement	Nutraceutical / Botanical
boswellia-serrata-whole	BOTANICAL_OR_ORGANISM_PREPARATION	Non-FDA / Dietary Supplement	Nutraceutical / Botanical
bordetella-pertussis-filamentous-hemagglutinin-antigen	INVESTIGATIONAL_MEDICINE	Pre-clinical / Open Source	Recombinant Protein / Biologic
brahmi	SUPPLEMENT_INGREDIENT	Non-FDA / Dietary Supplement	Nutraceutical / Botanical
cascara	SUPPLEMENT_INGREDIENT	Non-FDA / Dietary Supplement	Nutraceutical / Botanical
bone-protein	SUPPLEMENT_INGREDIENT	Non-FDA / Dietary Supplement	Nutraceutical / Botanical
calendula-officinalis-seed-oil	OFF_LABEL_OR_COMPOUNDED	Off-Label / Compounded	Nutraceutical / Botanical
bone	SUPPLEMENT_INGREDIENT	Non-FDA / Dietary Supplement	Nutraceutical / Botanical
boronic-acid-analogues	SUPPLEMENT_INGREDIENT	Non-FDA / Dietary Supplement	Nutraceutical / Botanical
botrytis-cinerea	BOTANICAL_OR_ORGANISM_PREPARATION	Non-FDA / Dietary Supplement	Nutraceutical / Botanical
butea-superba	BOTANICAL_OR_ORGANISM_PREPARATION	Non-FDA / Dietary Supplement	Nutraceutical / Botanical
campsis-radicans-flower	BOTANICAL_OR_ORGANISM_PREPARATION	Non-FDA / Dietary Supplement	Nutraceutical / Botanical
breadnut	SUPPLEMENT_INGREDIENT	Non-FDA / Dietary Supplement	Nutraceutical / Botanical
canarium-album-whole	MARKETED_PRODUCT_INGREDIENT	FDA Approved	Nutraceutical / Botanical
brewers-yeast	BOTANICAL_OR_ORGANISM_PREPARATION	Non-FDA / Dietary Supplement	Nutraceutical / Botanical
brown-rice	SUPPLEMENT_INGREDIENT	Non-FDA / Dietary Supplement	Nutraceutical / Botanical
caltha-palustris-whole	BOTANICAL_OR_ORGANISM_PREPARATION	Non-FDA / Dietary Supplement	Nutraceutical / Botanical
buckthorn-plantain	SUPPLEMENT_INGREDIENT	Non-FDA / Dietary Supplement	Nutraceutical / Botanical
cannabis-sativa-seed-oil	MARKETED_PRODUCT_INGREDIENT	FDA Approved	Nutraceutical / Botanical
brown-seaweed	SUPPLEMENT_INGREDIENT	Non-FDA / Dietary Supplement	Nutraceutical / Botanical
cayenne	SUPPLEMENT_INGREDIENT	Non-FDA / Dietary Supplement	Nutraceutical / Botanical
cacao	BOTANICAL_OR_ORGANISM_PREPARATION	Non-FDA / Dietary Supplement	Nutraceutical / Botanical
canis-lupus-familiaris-dander	SUPPLEMENT_INGREDIENT	Non-FDA / Dietary Supplement	Nutraceutical / Botanical
bryonia-alba-whole	BOTANICAL_OR_ORGANISM_PREPARATION	Non-FDA / Dietary Supplement	Nutraceutical / Botanical
calochortus-tolmiei-whole	BOTANICAL_OR_ORGANISM_PREPARATION	Non-FDA / Dietary Supplement	Nutraceutical / Botanical
carbomer-copolymer-type-a	MARKETED_PRODUCT_INGREDIENT	FDA Approved	Small Molecule
ceratostigma-willmottianum-flowering-top	BOTANICAL_OR_ORGANISM_PREPARATION	Non-FDA / Dietary Supplement	Nutraceutical / Botanical
chinese-raisintree	BOTANICAL_OR_ORGANISM_PREPARATION	Non-FDA / Dietary Supplement	Nutraceutical / Botanical
canteloupe	SUPPLEMENT_INGREDIENT	Non-FDA / Dietary Supplement	Nutraceutical / Botanical
caulophyllum-robustum-root	BOTANICAL_OR_ORGANISM_PREPARATION	Non-FDA / Dietary Supplement	Nutraceutical / Botanical
cannabis-sativa-subsp-sativa-flowering-top	BOTANICAL_OR_ORGANISM_PREPARATION	Non-FDA / Dietary Supplement	Nutraceutical / Botanical
carthamus-tinctorius-flower-bud	MARKETED_PRODUCT_INGREDIENT	FDA Approved	Nutraceutical / Botanical
cardamom	BOTANICAL_OR_ORGANISM_PREPARATION	Non-FDA / Dietary Supplement	Nutraceutical / Botanical
carya-cordiformis-pollen	BOTANICAL_OR_ORGANISM_PREPARATION	Non-FDA / Dietary Supplement	Nutraceutical / Botanical
catauba	SUPPLEMENT_INGREDIENT	Non-FDA / Dietary Supplement	Nutraceutical / Botanical
caraway-seed	BOTANICAL_OR_ORGANISM_PREPARATION	Non-FDA / Dietary Supplement	Nutraceutical / Botanical
ceylon-leadwort	SUPPLEMENT_INGREDIENT	Non-FDA / Dietary Supplement	Nutraceutical / Botanical
carya-ovata-pollen	BOTANICAL_OR_ORGANISM_PREPARATION	Non-FDA / Dietary Supplement	Nutraceutical / Botanical
cavia-porcellus-hair	BOTANICAL_OR_ORGANISM_PREPARATION	Non-FDA / Dietary Supplement	Nutraceutical / Botanical
cedrus-libani	BOTANICAL_OR_ORGANISM_PREPARATION	Non-FDA / Dietary Supplement	Nutraceutical / Botanical
chamaecostus-cuspidatus-whole	BOTANICAL_OR_ORGANISM_PREPARATION	Non-FDA / Dietary Supplement	Nutraceutical / Botanical
celtis-occidentalis-pollen	BOTANICAL_OR_ORGANISM_PREPARATION	Non-FDA / Dietary Supplement	Nutraceutical / Botanical
chinese-mallow	SUPPLEMENT_INGREDIENT	Non-FDA / Dietary Supplement	Nutraceutical / Botanical
centaurea-solstitialis-whole	BOTANICAL_OR_ORGANISM_PREPARATION	Non-FDA / Dietary Supplement	Nutraceutical / Botanical
cervus-elaphus-horn	SUPPLEMENT_INGREDIENT	Non-FDA / Dietary Supplement	Nutraceutical / Botanical
chamaecyparis-lawsoniana-fruiting-twig	SUPPLEMENT_INGREDIENT	Non-FDA / Dietary Supplement	Nutraceutical / Botanical
cha-de-bugre	BOTANICAL_OR_ORGANISM_PREPARATION	Non-FDA / Dietary Supplement	Nutraceutical / Botanical
chlorophyllase	SUPPLEMENT_INGREDIENT	Non-FDA / Dietary Supplement	Recombinant Protein / Biologic
copaiba-balsam	SUPPLEMENT_INGREDIENT	Non-FDA / Dietary Supplement	Nutraceutical / Botanical
cervus-elaphus-velvet	MARKETED_PRODUCT_INGREDIENT	FDA Approved	Nutraceutical / Botanical
chenopodium-album-pollen	BOTANICAL_OR_ORGANISM_PREPARATION	Non-FDA / Dietary Supplement	Nutraceutical / Botanical
chinese-orchid	SUPPLEMENT_INGREDIENT	Non-FDA / Dietary Supplement	Nutraceutical / Botanical
chinese-silkvine	SUPPLEMENT_INGREDIENT	Non-FDA / Dietary Supplement	Nutraceutical / Botanical
chia-protein	SUPPLEMENT_INGREDIENT	Non-FDA / Dietary Supplement	Nutraceutical / Botanical
cilantro	BOTANICAL_OR_ORGANISM_PREPARATION	Non-FDA / Dietary Supplement	Nutraceutical / Botanical
clematis-vitalba-pre-flowering-top	SUPPLEMENT_INGREDIENT	Non-FDA / Dietary Supplement	Nutraceutical / Botanical
chitin	SUPPLEMENT_INGREDIENT	Non-FDA / Dietary Supplement	Nutraceutical / Botanical
chilean-wildnut	SUPPLEMENT_INGREDIENT	Non-FDA / Dietary Supplement	Nutraceutical / Botanical
chinese-rhubarb-root	SUPPLEMENT_INGREDIENT	Non-FDA / Dietary Supplement	Nutraceutical / Botanical
chlorella-minutissima	BOTANICAL_OR_ORGANISM_PREPARATION	Non-FDA / Dietary Supplement	Nutraceutical / Botanical
cordyceps	SUPPLEMENT_INGREDIENT	Non-FDA / Dietary Supplement	Nutraceutical / Botanical
chinese-smilax	SUPPLEMENT_INGREDIENT	Non-FDA / Dietary Supplement	Nutraceutical / Botanical
cistanche-deserticola	BOTANICAL_OR_ORGANISM_PREPARATION	Non-FDA / Dietary Supplement	Nutraceutical / Botanical
corydalis	BOTANICAL_OR_ORGANISM_PREPARATION	Non-FDA / Dietary Supplement	Nutraceutical / Botanical
chinese-tinospora	SUPPLEMENT_INGREDIENT	Non-FDA / Dietary Supplement	Nutraceutical / Botanical
cinnamaldehydes	SUPPLEMENT_INGREDIENT	Non-FDA / Dietary Supplement	Nutraceutical / Botanical
chocolate	BOTANICAL_OR_ORGANISM_PREPARATION	Non-FDA / Dietary Supplement	Nutraceutical / Botanical
cistanche-deserticola-whole	BOTANICAL_OR_ORGANISM_PREPARATION	Non-FDA / Dietary Supplement	Nutraceutical / Botanical
chrysanthemum	BOTANICAL_OR_ORGANISM_PREPARATION	Non-FDA / Dietary Supplement	Nutraceutical / Botanical
coconut	SUPPLEMENT_INGREDIENT	Non-FDA / Dietary Supplement	Nutraceutical / Botanical
conium-maculatum-root	BOTANICAL_OR_ORGANISM_PREPARATION	Non-FDA / Dietary Supplement	Nutraceutical / Botanical
cocoa	BOTANICAL_OR_ORGANISM_PREPARATION	Non-FDA / Dietary Supplement	Nutraceutical / Botanical
cinnamomum-cassia-twig	BOTANICAL_OR_ORGANISM_PREPARATION	Non-FDA / Dietary Supplement	Nutraceutical / Botanical
coffee	SUPPLEMENT_INGREDIENT	Non-FDA / Dietary Supplement	Nutraceutical / Botanical
clivers	SUPPLEMENT_INGREDIENT	Non-FDA / Dietary Supplement	Nutraceutical / Botanical
clostridium-tetani-toxoid-antigen	SUPPLEMENT_INGREDIENT	Non-FDA / Dietary Supplement	Nutraceutical / Botanical
collagen-peptides	SUPPLEMENT_INGREDIENT	Non-FDA / Dietary Supplement	Nutraceutical / Botanical
cranesbill	SUPPLEMENT_INGREDIENT	Non-FDA / Dietary Supplement	Nutraceutical / Botanical
citrullus-colocynthis-whole	BOTANICAL_OR_ORGANISM_PREPARATION	Non-FDA / Dietary Supplement	Nutraceutical / Botanical
common-shrimp	SUPPLEMENT_INGREDIENT	Non-FDA / Dietary Supplement	Nutraceutical / Botanical
dandelion	BOTANICAL_OR_ORGANISM_PREPARATION	Non-FDA / Dietary Supplement	Nutraceutical / Botanical
coix-lacryma-jobi-seed	BOTANICAL_OR_ORGANISM_PREPARATION	Non-FDA / Dietary Supplement	Nutraceutical / Botanical
coleus-amboinicus-whole	BOTANICAL_OR_ORGANISM_PREPARATION	Non-FDA / Dietary Supplement	Nutraceutical / Botanical
colostrum-protein	SUPPLEMENT_INGREDIENT	Non-FDA / Dietary Supplement	Nutraceutical / Botanical
collagen-soluble-fish-skin	MARKETED_PRODUCT_INGREDIENT	FDA Approved	Recombinant Protein / Biologic
commiphora-myrrha-whole	BOTANICAL_OR_ORGANISM_PREPARATION	Non-FDA / Dietary Supplement	Nutraceutical / Botanical
comocladia-dentata-bark-leaf	BOTANICAL_OR_ORGANISM_PREPARATION	Non-FDA / Dietary Supplement	Nutraceutical / Botanical
collagen-ii	SUPPLEMENT_INGREDIENT	Non-FDA / Dietary Supplement	Nutraceutical / Botanical
condonopsis	SUPPLEMENT_INGREDIENT	Non-FDA / Dietary Supplement	Nutraceutical / Botanical
coriander-oil	BOTANICAL_OR_ORGANISM_PREPARATION	Non-FDA / Dietary Supplement	Nutraceutical / Botanical
colombo	SUPPLEMENT_INGREDIENT	Non-FDA / Dietary Supplement	Nutraceutical / Botanical
common-monkey-flower	SUPPLEMENT_INGREDIENT	Non-FDA / Dietary Supplement	Nutraceutical / Botanical
cranberry-fiber	SUPPLEMENT_INGREDIENT	Non-FDA / Dietary Supplement	Nutraceutical / Botanical
crassostrea-gigas-shell	SUPPLEMENT_INGREDIENT	Non-FDA / Dietary Supplement	Nutraceutical / Botanical
curculigo-orchicides	SUPPLEMENT_INGREDIENT	Non-FDA / Dietary Supplement	Nutraceutical / Botanical
digitalis-purpurea-whole	BOTANICAL_OR_ORGANISM_PREPARATION	Non-FDA / Dietary Supplement	Nutraceutical / Botanical
corchorus-olitorius-leaf	BOTANICAL_OR_ORGANISM_PREPARATION	Non-FDA / Dietary Supplement	Nutraceutical / Botanical
cotton-fiber	INVESTIGATIONAL_MEDICINE	Pre-clinical / Open Source	Recombinant Protein / Biologic
coptis-japonica-root	OFF_LABEL_OR_COMPOUNDED	Off-Label / Compounded	Nutraceutical / Botanical
corn-silk	SUPPLEMENT_INGREDIENT	Non-FDA / Dietary Supplement	Nutraceutical / Botanical
cynanchum-otophyllum	BOTANICAL_OR_ORGANISM_PREPARATION	Non-FDA / Dietary Supplement	Nutraceutical / Botanical
cryptomeria-japonica-whole	BOTANICAL_OR_ORGANISM_PREPARATION	Non-FDA / Dietary Supplement	Nutraceutical / Botanical
currant	SUPPLEMENT_INGREDIENT	Non-FDA / Dietary Supplement	Nutraceutical / Botanical
crataegus-laevigata-fruit	BOTANICAL_OR_ORGANISM_PREPARATION	Non-FDA / Dietary Supplement	Nutraceutical / Botanical
curcuma-longa-leaf	BOTANICAL_OR_ORGANISM_PREPARATION	Non-FDA / Dietary Supplement	Nutraceutical / Botanical
costus-root-oil	MARKETED_PRODUCT_INGREDIENT	FDA Approved	Small Molecule
delphinium-staphisagria-whole	BOTANICAL_OR_ORGANISM_PREPARATION	Non-FDA / Dietary Supplement	Nutraceutical / Botanical
cubebs	SUPPLEMENT_INGREDIENT	Non-FDA / Dietary Supplement	Nutraceutical / Botanical
decarboxylase	SUPPLEMENT_INGREDIENT	Non-FDA / Dietary Supplement	Recombinant Protein / Biologic
cultivated-mushroom	BOTANICAL_OR_ORGANISM_PREPARATION	Non-FDA / Dietary Supplement	Nutraceutical / Botanical
dalea-foliolosa-whole	BOTANICAL_OR_ORGANISM_PREPARATION	Non-FDA / Dietary Supplement	Nutraceutical / Botanical
digestion-resistant-dextrin	SUPPLEMENT_INGREDIENT	Non-FDA / Dietary Supplement	Nutraceutical / Botanical
dianthus-superbus-flowering-top	BOTANICAL_OR_ORGANISM_PREPARATION	Non-FDA / Dietary Supplement	Nutraceutical / Botanical
dogwood	SUPPLEMENT_INGREDIENT	Non-FDA / Dietary Supplement	Nutraceutical / Botanical
drosera-rotundifolia-flowering-top	BOTANICAL_OR_ORGANISM_PREPARATION	Non-FDA / Dietary Supplement	Nutraceutical / Botanical
cyanostane	SUPPLEMENT_INGREDIENT	Non-FDA / Dietary Supplement	Nutraceutical / Botanical
datura-stramonium-flowering-top	BOTANICAL_OR_ORGANISM_PREPARATION	Non-FDA / Dietary Supplement	Nutraceutical / Botanical
dicyclopentanone	SUPPLEMENT_INGREDIENT	Non-FDA / Dietary Supplement	Nutraceutical / Botanical
datura-metel-flower	BOTANICAL_OR_ORGANISM_PREPARATION	Non-FDA / Dietary Supplement	Nutraceutical / Botanical
delta-2-3-blindoline-2-3-dione	SUPPLEMENT_INGREDIENT	Non-FDA / Dietary Supplement	Nutraceutical / Botanical
dianthus	BOTANICAL_OR_ORGANISM_PREPARATION	Non-FDA / Dietary Supplement	Nutraceutical / Botanical
cytisus-scoparius-whole	BOTANICAL_OR_ORGANISM_PREPARATION	Non-FDA / Dietary Supplement	Nutraceutical / Botanical
cytochrome-c	SUPPLEMENT_INGREDIENT	Non-FDA / Dietary Supplement	Nutraceutical / Botanical
dieffenbachia-seguine-whole	BOTANICAL_OR_ORGANISM_PREPARATION	Non-FDA / Dietary Supplement	Nutraceutical / Botanical
delphinium-ajacis-seed	BOTANICAL_OR_ORGANISM_PREPARATION	Non-FDA / Dietary Supplement	Nutraceutical / Botanical
devils-club	SUPPLEMENT_INGREDIENT	Non-FDA / Dietary Supplement	Nutraceutical / Botanical
ecklonia-cava	BOTANICAL_OR_ORGANISM_PREPARATION	Non-FDA / Dietary Supplement	Nutraceutical / Botanical
dipeptidyl-peptidase-4	SUPPLEMENT_INGREDIENT	Non-FDA / Dietary Supplement	Nutraceutical / Botanical
hepatitis-a-virus	BOTANICAL_OR_ORGANISM_PREPARATION	Non-FDA / Dietary Supplement	Nutraceutical / Botanical
drosera-rotundifolia-whole	BOTANICAL_OR_ORGANISM_PREPARATION	Non-FDA / Dietary Supplement	Nutraceutical / Botanical
dipsacus	BOTANICAL_OR_ORGANISM_PREPARATION	Non-FDA / Dietary Supplement	Nutraceutical / Botanical
dysphania-ambrosioides-pollen	BOTANICAL_OR_ORGANISM_PREPARATION	Non-FDA / Dietary Supplement	Nutraceutical / Botanical
elderberry	SUPPLEMENT_INGREDIENT	Non-FDA / Dietary Supplement	Nutraceutical / Botanical
echinacosides	SUPPLEMENT_INGREDIENT	Non-FDA / Dietary Supplement	Nutraceutical / Botanical
endorphin	SUPPLEMENT_INGREDIENT	Non-FDA / Dietary Supplement	Nutraceutical / Botanical
dismutase	SUPPLEMENT_INGREDIENT	Non-FDA / Dietary Supplement	Recombinant Protein / Biologic
elagolix-estradiol-and-norethindrone-acetate-and-elagolix	APPROVED_MEDICINE	FDA Approved	Small Molecule
drimia-maritima-whole	BOTANICAL_OR_ORGANISM_PREPARATION	Non-FDA / Dietary Supplement	Nutraceutical / Botanical
eleuthero-root	SUPPLEMENT_INGREDIENT	Non-FDA / Dietary Supplement	Nutraceutical / Botanical
eggplant	BOTANICAL_OR_ORGANISM_PREPARATION	Non-FDA / Dietary Supplement	Nutraceutical / Botanical
elephant-yam	BOTANICAL_OR_ORGANISM_PREPARATION	Non-FDA / Dietary Supplement	Nutraceutical / Botanical
hepatitis-b-virus	BOTANICAL_OR_ORGANISM_PREPARATION	Non-FDA / Dietary Supplement	Nutraceutical / Botanical
eleutherococcus-senticosus	BOTANICAL_OR_ORGANISM_PREPARATION	Non-FDA / Dietary Supplement	Nutraceutical / Botanical
dysphania-ambrosioides-whole	BOTANICAL_OR_ORGANISM_PREPARATION	Non-FDA / Dietary Supplement	Nutraceutical / Botanical
embelia-ribes-whole	BOTANICAL_OR_ORGANISM_PREPARATION	Non-FDA / Dietary Supplement	Nutraceutical / Botanical
epicoccum-nigrum	BOTANICAL_OR_ORGANISM_PREPARATION	Non-FDA / Dietary Supplement	Nutraceutical / Botanical
erodium-cicutarium	BOTANICAL_OR_ORGANISM_PREPARATION	Non-FDA / Dietary Supplement	Nutraceutical / Botanical
eryngium-yuccifolium-root	BOTANICAL_OR_ORGANISM_PREPARATION	Non-FDA / Dietary Supplement	Nutraceutical / Botanical
european-white-birch	BOTANICAL_OR_ORGANISM_PREPARATION	Non-FDA / Dietary Supplement	Nutraceutical / Botanical
epimedium-pubescens-whole	BOTANICAL_OR_ORGANISM_PREPARATION	Non-FDA / Dietary Supplement	Nutraceutical / Botanical
eriodictyon-californicum-leaf	BOTANICAL_OR_ORGANISM_PREPARATION	Non-FDA / Dietary Supplement	Nutraceutical / Botanical
eyebright	SUPPLEMENT_INGREDIENT	Non-FDA / Dietary Supplement	Nutraceutical / Botanical
fir	SUPPLEMENT_INGREDIENT	Non-FDA / Dietary Supplement	Nutraceutical / Botanical
holy-basil	BOTANICAL_OR_ORGANISM_PREPARATION	Non-FDA / Dietary Supplement	Nutraceutical / Botanical
erythropalum-scandens	BOTANICAL_OR_ORGANISM_PREPARATION	Non-FDA / Dietary Supplement	Nutraceutical / Botanical
glycine-alanyl-l-isoleucine	SUPPLEMENT_INGREDIENT	Non-FDA / Dietary Supplement	Nutraceutical / Botanical
european-elderberry-constituents	SUPPLEMENT_INGREDIENT	Non-FDA / Dietary Supplement	Nutraceutical / Botanical
fibrinogen-human	APPROVED_BIOLOGIC	FDA Approved	Recombinant Protein / Biologic
euphorbia-resinifera-resin	BOTANICAL_OR_ORGANISM_PREPARATION	Non-FDA / Dietary Supplement	Nutraceutical / Botanical
european-golden-rod	SUPPLEMENT_INGREDIENT	Non-FDA / Dietary Supplement	Nutraceutical / Botanical
fenuside	SUPPLEMENT_INGREDIENT	Non-FDA / Dietary Supplement	Nutraceutical / Botanical
fish-peptides	SUPPLEMENT_INGREDIENT	Non-FDA / Dietary Supplement	Nutraceutical / Botanical
european-buckthorn	SUPPLEMENT_INGREDIENT	Non-FDA / Dietary Supplement	Nutraceutical / Botanical
eurycoma-longifolia	BOTANICAL_OR_ORGANISM_PREPARATION	Non-FDA / Dietary Supplement	Nutraceutical / Botanical
exphedrine-hcl	SUPPLEMENT_INGREDIENT	Non-FDA / Dietary Supplement	Nutraceutical / Botanical
gaultheria-procumbens-top	BOTANICAL_OR_ORGANISM_PREPARATION	Non-FDA / Dietary Supplement	Nutraceutical / Botanical
gentian-root	BOTANICAL_OR_ORGANISM_PREPARATION	Non-FDA / Dietary Supplement	Nutraceutical / Botanical
fagus-sylvatica-nut	BOTANICAL_OR_ORGANISM_PREPARATION	Non-FDA / Dietary Supplement	Nutraceutical / Botanical
gallus-gallus-feather	SUPPLEMENT_INGREDIENT	Non-FDA / Dietary Supplement	Nutraceutical / Botanical
fig	SUPPLEMENT_INGREDIENT	Non-FDA / Dietary Supplement	Nutraceutical / Botanical
garbanzo-bean	SUPPLEMENT_INGREDIENT	Non-FDA / Dietary Supplement	Nutraceutical / Botanical
gymnema	BOTANICAL_OR_ORGANISM_PREPARATION	Non-FDA / Dietary Supplement	Nutraceutical / Botanical
flowering-quince	SUPPLEMENT_INGREDIENT	Non-FDA / Dietary Supplement	Nutraceutical / Botanical
frangula-alnus-bark	BOTANICAL_OR_ORGANISM_PREPARATION	Non-FDA / Dietary Supplement	Nutraceutical / Botanical
fritillary	SUPPLEMENT_INGREDIENT	Non-FDA / Dietary Supplement	Nutraceutical / Botanical
hazelnut-unspecified	SUPPLEMENT_INGREDIENT	Non-FDA / Dietary Supplement	Nutraceutical / Botanical
fraxinus-excelsior-bark	BOTANICAL_OR_ORGANISM_PREPARATION	Non-FDA / Dietary Supplement	Nutraceutical / Botanical
gastrodia-elata-whole	MARKETED_PRODUCT_INGREDIENT	FDA Approved	Nutraceutical / Botanical
fragrant-rosewood	BOTANICAL_OR_ORGANISM_PREPARATION	Non-FDA / Dietary Supplement	Nutraceutical / Botanical
gardenia-jasminoides-fruit	BOTANICAL_OR_ORGANISM_PREPARATION	Non-FDA / Dietary Supplement	Nutraceutical / Botanical
ginseng-panax	BOTANICAL_OR_ORGANISM_PREPARATION	Non-FDA / Dietary Supplement	Nutraceutical / Botanical
fragrant-angelica	SUPPLEMENT_INGREDIENT	Non-FDA / Dietary Supplement	Nutraceutical / Botanical
fraxinus-pennsylvanica-pollen	BOTANICAL_OR_ORGANISM_PREPARATION	Non-FDA / Dietary Supplement	Nutraceutical / Botanical
glutathione-peroxidase	SUPPLEMENT_INGREDIENT	Non-FDA / Dietary Supplement	Recombinant Protein / Biologic
glycoside	SUPPLEMENT_INGREDIENT	Non-FDA / Dietary Supplement	Nutraceutical / Botanical
grindelia-squarrosa-flowering-top	BOTANICAL_OR_ORGANISM_PREPARATION	Non-FDA / Dietary Supplement	Nutraceutical / Botanical
genista-tinctoria	BOTANICAL_OR_ORGANISM_PREPARATION	Non-FDA / Dietary Supplement	Nutraceutical / Botanical
glutamine-alpha-ketogutarate	SUPPLEMENT_INGREDIENT	Non-FDA / Dietary Supplement	Nutraceutical / Botanical
glycine-alanyl-l-methionine	SUPPLEMENT_INGREDIENT	Non-FDA / Dietary Supplement	Nutraceutical / Botanical
glutamine-precursor	SUPPLEMENT_INGREDIENT	Non-FDA / Dietary Supplement	Nutraceutical / Botanical
glycine-alanyl-l-phenylalanine	SUPPLEMENT_INGREDIENT	Non-FDA / Dietary Supplement	Nutraceutical / Botanical
goldenrod	SUPPLEMENT_INGREDIENT	Non-FDA / Dietary Supplement	Nutraceutical / Botanical
glucosamine-5-methyltetrahydrofolate	SUPPLEMENT_INGREDIENT	Non-FDA / Dietary Supplement	Nutraceutical / Botanical
glycine-alanyl-lysine-l-glutamine	SUPPLEMENT_INGREDIENT	Non-FDA / Dietary Supplement	Nutraceutical / Botanical
hepatitis-b-virus-subtype-adw2-hbsag-surface-protein-antigen	INVESTIGATIONAL_MEDICINE	Pre-clinical / Open Source	Recombinant Protein / Biologic
gladiolus-communis-whole	BOTANICAL_OR_ORGANISM_PREPARATION	Non-FDA / Dietary Supplement	Nutraceutical / Botanical
griffonia	BOTANICAL_OR_ORGANISM_PREPARATION	Non-FDA / Dietary Supplement	Nutraceutical / Botanical
glycyl-alanyl-lysine-l-valine	SUPPLEMENT_INGREDIENT	Non-FDA / Dietary Supplement	Nutraceutical / Botanical
gulonolactone-oxidase	SUPPLEMENT_INGREDIENT	Non-FDA / Dietary Supplement	Recombinant Protein / Biologic
glycyl-alanyl-l-leucine	SUPPLEMENT_INGREDIENT	Non-FDA / Dietary Supplement	Nutraceutical / Botanical
gugglesterone	SUPPLEMENT_INGREDIENT	Non-FDA / Dietary Supplement	Nutraceutical / Botanical
gymnema-sylvestre-root	BOTANICAL_OR_ORGANISM_PREPARATION	Non-FDA / Dietary Supplement	Nutraceutical / Botanical
helicobacter-pylori-dna	SUPPLEMENT_INGREDIENT	Non-FDA / Dietary Supplement	Nutraceutical / Botanical
goose	BOTANICAL_OR_ORGANISM_PREPARATION	Non-FDA / Dietary Supplement	Nutraceutical / Botanical
hemp-protein	SUPPLEMENT_INGREDIENT	Non-FDA / Dietary Supplement	Nutraceutical / Botanical
grindelia-camporum-flower-leaf	BOTANICAL_OR_ORGANISM_PREPARATION	Non-FDA / Dietary Supplement	Nutraceutical / Botanical
hederacoside	SUPPLEMENT_INGREDIENT	Non-FDA / Dietary Supplement	Nutraceutical / Botanical
hesperocyparis-arizonica-pollen	BOTANICAL_OR_ORGANISM_PREPARATION	Non-FDA / Dietary Supplement	Nutraceutical / Botanical
hippophae-rhamnoides-seed-oil	MARKETED_PRODUCT_INGREDIENT	FDA Approved	Nutraceutical / Botanical
hamamelis-virginiana-leaf-water	MARKETED_PRODUCT_INGREDIENT	FDA Approved	Nutraceutical / Botanical
hemidesmus	BOTANICAL_OR_ORGANISM_PREPARATION	Non-FDA / Dietary Supplement	Nutraceutical / Botanical
pubescent-angelica	SUPPLEMENT_INGREDIENT	Non-FDA / Dietary Supplement	Nutraceutical / Botanical
horseradish	BOTANICAL_OR_ORGANISM_PREPARATION	Non-FDA / Dietary Supplement	Nutraceutical / Botanical
hepatitis-c-virus	BOTANICAL_OR_ORGANISM_PREPARATION	Non-FDA / Dietary Supplement	Nutraceutical / Botanical
histidine-alpha-ketoglutaric-acid	SUPPLEMENT_INGREDIENT	Non-FDA / Dietary Supplement	Nutraceutical / Botanical
bartonella-quintana	BOTANICAL_OR_ORGANISM_PREPARATION	Non-FDA / Dietary Supplement	Nutraceutical / Botanical
houttuynia-cordata-whole	BOTANICAL_OR_ORGANISM_PREPARATION	Non-FDA / Dietary Supplement	Nutraceutical / Botanical
hylotelephium-telephium-whole	BOTANICAL_OR_ORGANISM_PREPARATION	Non-FDA / Dietary Supplement	Nutraceutical / Botanical
iodine-povacrylex	APPROVED_MEDICINE	FDA Approved	Small Molecule
human-adenovirus-e-serotype-4-strain-cl-68578-antigen	SUPPLEMENT_INGREDIENT	Non-FDA / Dietary Supplement	Nutraceutical / Botanical
human-papillomavirus-type-33-l1-capsid-protein-antigen	INVESTIGATIONAL_MEDICINE	Pre-clinical / Open Source	Recombinant Protein / Biologic
human-coxsackievirus-b3	BOTANICAL_OR_ORGANISM_PREPARATION	Non-FDA / Dietary Supplement	Nutraceutical / Botanical
influenza-a-virus-a-croatia-10136rv-2023-x-425a-antigen	SUPPLEMENT_INGREDIENT	Non-FDA / Dietary Supplement	Nutraceutical / Botanical
human-rotavirus-a-type-g4p7-strain-brb-live-antigen	INVESTIGATIONAL_MEDICINE	Pre-clinical / Open Source	Recombinant Protein / Biologic
hydrolyzed-gelatin	SUPPLEMENT_INGREDIENT	Non-FDA / Dietary Supplement	Nutraceutical / Botanical
huperzine	SUPPLEMENT_INGREDIENT	Non-FDA / Dietary Supplement	Nutraceutical / Botanical
hydrogenated-castor-oil	APPROVED_MEDICINE	FDA Approved	Small Molecule
penicillium-expansum	INVESTIGATIONAL_MEDICINE	Pre-clinical / Open Source	Nutraceutical / Botanical
indian-jalap	SUPPLEMENT_INGREDIENT	Non-FDA / Dietary Supplement	Nutraceutical / Botanical
inka-peanut	SUPPLEMENT_INGREDIENT	Non-FDA / Dietary Supplement	Nutraceutical / Botanical
indian-kinotree	SUPPLEMENT_INGREDIENT	Non-FDA / Dietary Supplement	Nutraceutical / Botanical
influenza-b-virus-b-phuket-3073-2013-recombinant-hemagglutinin-antigen	SUPPLEMENT_INGREDIENT	Non-FDA / Dietary Supplement	Nutraceutical / Botanical
inulin-growth-factor	SUPPLEMENT_INGREDIENT	Non-FDA / Dietary Supplement	Nutraceutical / Botanical
inositol-stabilized-arginine-silicate	SUPPLEMENT_INGREDIENT	Non-FDA / Dietary Supplement	Nutraceutical / Botanical
japanese-teasel	SUPPLEMENT_INGREDIENT	Non-FDA / Dietary Supplement	Nutraceutical / Botanical
hypsizygus-marmoreus	BOTANICAL_OR_ORGANISM_PREPARATION	Non-FDA / Dietary Supplement	Nutraceutical / Botanical
hyssopus-officinalis-whole	BOTANICAL_OR_ORGANISM_PREPARATION	Non-FDA / Dietary Supplement	Nutraceutical / Botanical
interferon-gamma-porcine-recombinant	SUPPLEMENT_INGREDIENT	Non-FDA / Dietary Supplement	Nutraceutical / Botanical
juniperus-pinchotii-pollen	BOTANICAL_OR_ORGANISM_PREPARATION	Non-FDA / Dietary Supplement	Nutraceutical / Botanical
iris-versicolor-whole	BOTANICAL_OR_ORGANISM_PREPARATION	Non-FDA / Dietary Supplement	Nutraceutical / Botanical
juglans-regia-leaf	BOTANICAL_OR_ORGANISM_PREPARATION	Non-FDA / Dietary Supplement	Nutraceutical / Botanical
influenza-b-virus-b-phuket-3073-2013-antigen	SUPPLEMENT_INGREDIENT	Non-FDA / Dietary Supplement	Nutraceutical / Botanical
jamacian-dogwood	SUPPLEMENT_INGREDIENT	Non-FDA / Dietary Supplement	Nutraceutical / Botanical
kutkins	SUPPLEMENT_INGREDIENT	Non-FDA / Dietary Supplement	Nutraceutical / Botanical
isopropyloctopamine	SUPPLEMENT_INGREDIENT	Non-FDA / Dietary Supplement	Nutraceutical / Botanical
juglans-regia-pollen	BOTANICAL_OR_ORGANISM_PREPARATION	Non-FDA / Dietary Supplement	Nutraceutical / Botanical
isotonitazene	CONTROLLED_NO_APPROVED_USE	Controlled / No Approved Use	Small Molecule
jacobaea-maritima-leaf	BOTANICAL_OR_ORGANISM_PREPARATION	Non-FDA / Dietary Supplement	Nutraceutical / Botanical
joe-pye	SUPPLEMENT_INGREDIENT	Non-FDA / Dietary Supplement	Nutraceutical / Botanical
kalmia-latifolia-whole	BOTANICAL_OR_ORGANISM_PREPARATION	Non-FDA / Dietary Supplement	Nutraceutical / Botanical
javanese-turmeric	SUPPLEMENT_INGREDIENT	Non-FDA / Dietary Supplement	Nutraceutical / Botanical
juniperus-occidentalis-pollen	BOTANICAL_OR_ORGANISM_PREPARATION	Non-FDA / Dietary Supplement	Nutraceutical / Botanical
jacaranda-caroba-flower	BOTANICAL_OR_ORGANISM_PREPARATION	Non-FDA / Dietary Supplement	Nutraceutical / Botanical
juice	SUPPLEMENT_INGREDIENT	Non-FDA / Dietary Supplement	Nutraceutical / Botanical
karaya-gum	SUPPLEMENT_INGREDIENT	Non-FDA / Dietary Supplement	Nutraceutical / Botanical
lactobacillus-brevis	BOTANICAL_OR_ORGANISM_PREPARATION	Non-FDA / Dietary Supplement	Nutraceutical / Botanical
konjac	BOTANICAL_OR_ORGANISM_PREPARATION	Non-FDA / Dietary Supplement	Nutraceutical / Botanical
lactose-x-ray-exposed	SUPPLEMENT_INGREDIENT	Non-FDA / Dietary Supplement	Nutraceutical / Botanical
lettuce	SUPPLEMENT_INGREDIENT	Non-FDA / Dietary Supplement	Nutraceutical / Botanical
licorice	BOTANICAL_OR_ORGANISM_PREPARATION	Non-FDA / Dietary Supplement	Nutraceutical / Botanical
matricaria-chamomilla-flowering-top	BOTANICAL_OR_ORGANISM_PREPARATION	Non-FDA / Dietary Supplement	Nutraceutical / Botanical
kucha-tea	SUPPLEMENT_INGREDIENT	Non-FDA / Dietary Supplement	Nutraceutical / Botanical
lemongrass-oil	SUPPLEMENT_INGREDIENT	Non-FDA / Dietary Supplement	Nutraceutical / Botanical
kidney-bean	BOTANICAL_OR_ORGANISM_PREPARATION	Non-FDA / Dietary Supplement	Nutraceutical / Botanical
kuding-tea	SUPPLEMENT_INGREDIENT	Non-FDA / Dietary Supplement	Nutraceutical / Botanical
lactobacillus-delbrueckii	BOTANICAL_OR_ORGANISM_PREPARATION	Non-FDA / Dietary Supplement	Nutraceutical / Botanical
korean-pine	BOTANICAL_OR_ORGANISM_PREPARATION	Non-FDA / Dietary Supplement	Nutraceutical / Botanical
lagerstroemia-speciosa-leaf	BOTANICAL_OR_ORGANISM_PREPARATION	Non-FDA / Dietary Supplement	Nutraceutical / Botanical
larrea-tridentata-top	BOTANICAL_OR_ORGANISM_PREPARATION	Non-FDA / Dietary Supplement	Nutraceutical / Botanical
lesser-galangal	BOTANICAL_OR_ORGANISM_PREPARATION	Non-FDA / Dietary Supplement	Nutraceutical / Botanical
mahonia	BOTANICAL_OR_ORGANISM_PREPARATION	Non-FDA / Dietary Supplement	Nutraceutical / Botanical
manganese-malate	SUPPLEMENT_INGREDIENT	Non-FDA / Dietary Supplement	Nutraceutical / Botanical
labrador-tea	BOTANICAL_OR_ORGANISM_PREPARATION	Non-FDA / Dietary Supplement	Nutraceutical / Botanical
larch	SUPPLEMENT_INGREDIENT	Non-FDA / Dietary Supplement	Nutraceutical / Botanical
laricifomes-officinalis-fruiting-body	SUPPLEMENT_INGREDIENT	Non-FDA / Dietary Supplement	Nutraceutical / Botanical
lilium-lancifolium-flowering-top	BOTANICAL_OR_ORGANISM_PREPARATION	Non-FDA / Dietary Supplement	Nutraceutical / Botanical
land-cress	SUPPLEMENT_INGREDIENT	Non-FDA / Dietary Supplement	Nutraceutical / Botanical
lentil	BOTANICAL_OR_ORGANISM_PREPARATION	Non-FDA / Dietary Supplement	Nutraceutical / Botanical
lavandula-angustifolia-whole	BOTANICAL_OR_ORGANISM_PREPARATION	Non-FDA / Dietary Supplement	Nutraceutical / Botanical
leek	BOTANICAL_OR_ORGANISM_PREPARATION	Non-FDA / Dietary Supplement	Nutraceutical / Botanical
lilium-polyphyllum	BOTANICAL_OR_ORGANISM_PREPARATION	Non-FDA / Dietary Supplement	Nutraceutical / Botanical
lingonberry	BOTANICAL_OR_ORGANISM_PREPARATION	Non-FDA / Dietary Supplement	Nutraceutical / Botanical
lobelia-inflata-whole	BOTANICAL_OR_ORGANISM_PREPARATION	Non-FDA / Dietary Supplement	Nutraceutical / Botanical
meadowsweet	BOTANICAL_OR_ORGANISM_PREPARATION	Non-FDA / Dietary Supplement	Nutraceutical / Botanical
lysimachia-arvensis-whole	BOTANICAL_OR_ORGANISM_PREPARATION	Non-FDA / Dietary Supplement	Nutraceutical / Botanical
magnesium-phosphate-tribasic	SUPPLEMENT_INGREDIENT	Non-FDA / Dietary Supplement	Nutraceutical / Botanical
mucor-circinelloides-f-lusitanicus	INVESTIGATIONAL_MEDICINE	Pre-clinical / Open Source	Recombinant Protein / Biologic
levisticum-officinale-leaf	BOTANICAL_OR_ORGANISM_PREPARATION	Non-FDA / Dietary Supplement	Nutraceutical / Botanical
lycopodium-clavatum-whole	BOTANICAL_OR_ORGANISM_PREPARATION	Non-FDA / Dietary Supplement	Nutraceutical / Botanical
madia-elegans-whole	BOTANICAL_OR_ORGANISM_PREPARATION	Non-FDA / Dietary Supplement	Nutraceutical / Botanical
pseudomonas-aeruginosa	BOTANICAL_OR_ORGANISM_PREPARATION	Non-FDA / Dietary Supplement	Nutraceutical / Botanical
lipase	SUPPLEMENT_INGREDIENT	Non-FDA / Dietary Supplement	Recombinant Protein / Biologic
mahonia-aquifolium-whole	BOTANICAL_OR_ORGANISM_PREPARATION	Non-FDA / Dietary Supplement	Nutraceutical / Botanical
malmea-depressa-bark	SUPPLEMENT_INGREDIENT	Non-FDA / Dietary Supplement	Nutraceutical / Botanical
proteus-rettgeri	BOTANICAL_OR_ORGANISM_PREPARATION	Non-FDA / Dietary Supplement	Nutraceutical / Botanical
moringa-oleifera-whole	BOTANICAL_OR_ORGANISM_PREPARATION	Non-FDA / Dietary Supplement	Nutraceutical / Botanical
myosotis-arvensis	BOTANICAL_OR_ORGANISM_PREPARATION	Non-FDA / Dietary Supplement	Nutraceutical / Botanical
lycopus-virginicus-whole	BOTANICAL_OR_ORGANISM_PREPARATION	Non-FDA / Dietary Supplement	Nutraceutical / Botanical
magnolia-denudata-flower-bud	SUPPLEMENT_INGREDIENT	Non-FDA / Dietary Supplement	Nutraceutical / Botanical
omega-7	SUPPLEMENT_INGREDIENT	Non-FDA / Dietary Supplement	Nutraceutical / Botanical
liver	SUPPLEMENT_INGREDIENT	Non-FDA / Dietary Supplement	Nutraceutical / Botanical
lupinus-elegans-whole	BOTANICAL_OR_ORGANISM_PREPARATION	Non-FDA / Dietary Supplement	Nutraceutical / Botanical
ononis-repens-root	BOTANICAL_OR_ORGANISM_PREPARATION	Non-FDA / Dietary Supplement	Nutraceutical / Botanical
liverwort	SUPPLEMENT_INGREDIENT	Non-FDA / Dietary Supplement	Nutraceutical / Botanical
lomatium-dissectum-root	BOTANICAL_OR_ORGANISM_PREPARATION	Non-FDA / Dietary Supplement	Nutraceutical / Botanical
maltase	SUPPLEMENT_INGREDIENT	Non-FDA / Dietary Supplement	Recombinant Protein / Biologic
queens-delight	BOTANICAL_OR_ORGANISM_PREPARATION	Non-FDA / Dietary Supplement	Nutraceutical / Botanical
macamides	SUPPLEMENT_INGREDIENT	Non-FDA / Dietary Supplement	Nutraceutical / Botanical
malay-bush-beech	SUPPLEMENT_INGREDIENT	Non-FDA / Dietary Supplement	Nutraceutical / Botanical
macaenes	SUPPLEMENT_INGREDIENT	Non-FDA / Dietary Supplement	Nutraceutical / Botanical
mangosteen	BOTANICAL_OR_ORGANISM_PREPARATION	Non-FDA / Dietary Supplement	Nutraceutical / Botanical
mango	BOTANICAL_OR_ORGANISM_PREPARATION	Non-FDA / Dietary Supplement	Nutraceutical / Botanical
mentha-suaveolens-leaf	OFF_LABEL_OR_COMPOUNDED	Off-Label / Compounded	Nutraceutical / Botanical
monascus-purpureus	BOTANICAL_OR_ORGANISM_PREPARATION	Non-FDA / Dietary Supplement	Nutraceutical / Botanical
ox-bile	SUPPLEMENT_INGREDIENT	Non-FDA / Dietary Supplement	Nutraceutical / Botanical
marijuana	BOTANICAL_OR_ORGANISM_PREPARATION	Non-FDA / Dietary Supplement	Nutraceutical / Botanical
mesquite	BOTANICAL_OR_ORGANISM_PREPARATION	Non-FDA / Dietary Supplement	Nutraceutical / Botanical
mountain-bilberry	SUPPLEMENT_INGREDIENT	Non-FDA / Dietary Supplement	Nutraceutical / Botanical
melia-azedarach-fruit	BOTANICAL_OR_ORGANISM_PREPARATION	Non-FDA / Dietary Supplement	Nutraceutical / Botanical
mesua	BOTANICAL_OR_ORGANISM_PREPARATION	Non-FDA / Dietary Supplement	Nutraceutical / Botanical
phellodendron-chinensis-bark	SUPPLEMENT_INGREDIENT	Non-FDA / Dietary Supplement	Nutraceutical / Botanical
melaleuca-quinquenervia-pollen	BOTANICAL_OR_ORGANISM_PREPARATION	Non-FDA / Dietary Supplement	Nutraceutical / Botanical
melia-azadirachta-leaf	MARKETED_PRODUCT_INGREDIENT	FDA Approved	Nutraceutical / Botanical
methoxy-phenethylamine	SUPPLEMENT_INGREDIENT	Non-FDA / Dietary Supplement	Nutraceutical / Botanical
melaleuca-cajuputi-leaf-oil	SUPPLEMENT_INGREDIENT	Non-FDA / Dietary Supplement	Nutraceutical / Botanical
melilotus	BOTANICAL_OR_ORGANISM_PREPARATION	Non-FDA / Dietary Supplement	Nutraceutical / Botanical
mumps-virus	BOTANICAL_OR_ORGANISM_PREPARATION	Non-FDA / Dietary Supplement	Nutraceutical / Botanical
micrurus-corallinus-venom	BOTANICAL_OR_ORGANISM_PREPARATION	Non-FDA / Dietary Supplement	Nutraceutical / Botanical
monacolin	SUPPLEMENT_INGREDIENT	Non-FDA / Dietary Supplement	Nutraceutical / Botanical
methoxyisoflavone	SUPPLEMENT_INGREDIENT	Non-FDA / Dietary Supplement	Nutraceutical / Botanical
millet	SUPPLEMENT_INGREDIENT	Non-FDA / Dietary Supplement	Nutraceutical / Botanical
milk	SUPPLEMENT_INGREDIENT	Non-FDA / Dietary Supplement	Nutraceutical / Botanical
moschus-moschiferus-whole	BOTANICAL_OR_ORGANISM_PREPARATION	Non-FDA / Dietary Supplement	Nutraceutical / Botanical
onosma-bracteatum	BOTANICAL_OR_ORGANISM_PREPARATION	Non-FDA / Dietary Supplement	Nutraceutical / Botanical
moringa-oleifera-seed-oil	MARKETED_PRODUCT_INGREDIENT	FDA Approved	Nutraceutical / Botanical
motherwort	SUPPLEMENT_INGREDIENT	Non-FDA / Dietary Supplement	Nutraceutical / Botanical
myosotis-arvensis-whole	BOTANICAL_OR_ORGANISM_PREPARATION	Non-FDA / Dietary Supplement	Nutraceutical / Botanical
narcissus-poeticus-whole	BOTANICAL_OR_ORGANISM_PREPARATION	Non-FDA / Dietary Supplement	Nutraceutical / Botanical
mountain-ash	SUPPLEMENT_INGREDIENT	Non-FDA / Dietary Supplement	Nutraceutical / Botanical
oenothera-biennis-whole	BOTANICAL_OR_ORGANISM_PREPARATION	Non-FDA / Dietary Supplement	Nutraceutical / Botanical
omega-5	SUPPLEMENT_INGREDIENT	Non-FDA / Dietary Supplement	Nutraceutical / Botanical
mountain-pride	SUPPLEMENT_INGREDIENT	Non-FDA / Dietary Supplement	Nutraceutical / Botanical
muscimol	BOTANICAL_OR_ORGANISM_PREPARATION	Non-FDA / Dietary Supplement	Nutraceutical / Botanical
mycozyme	SUPPLEMENT_INGREDIENT	Non-FDA / Dietary Supplement	Nutraceutical / Botanical
oryctolagus-cuniculus-knee-joint	SUPPLEMENT_INGREDIENT	Non-FDA / Dietary Supplement	Nutraceutical / Botanical
n-benzyl-alpha-phenylethylamine	SUPPLEMENT_INGREDIENT	Non-FDA / Dietary Supplement	Nutraceutical / Botanical
ocotillo	BOTANICAL_OR_ORGANISM_PREPARATION	Non-FDA / Dietary Supplement	Nutraceutical / Botanical
ocimum-basilicum-flowering-top	BOTANICAL_OR_ORGANISM_PREPARATION	Non-FDA / Dietary Supplement	Nutraceutical / Botanical
oryctolagus-cuniculus-spinal-cord	SUPPLEMENT_INGREDIENT	Non-FDA / Dietary Supplement	Nutraceutical / Botanical
ononis-repens-whole	BOTANICAL_OR_ORGANISM_PREPARATION	Non-FDA / Dietary Supplement	Nutraceutical / Botanical
oryctolagus-cuniculus-adrenal-gland	SUPPLEMENT_INGREDIENT	Non-FDA / Dietary Supplement	Nutraceutical / Botanical
oligomeric-proanthocyanidins	SUPPLEMENT_INGREDIENT	Non-FDA / Dietary Supplement	Nutraceutical / Botanical
ononis-spinosa-whole	BOTANICAL_OR_ORGANISM_PREPARATION	Non-FDA / Dietary Supplement	Nutraceutical / Botanical
papaver-rhoeas-flower	MARKETED_PRODUCT_INGREDIENT	FDA Approved	Nutraceutical / Botanical
orange	SUPPLEMENT_INGREDIENT	Non-FDA / Dietary Supplement	Nutraceutical / Botanical
omega-blend	SUPPLEMENT_INGREDIENT	Non-FDA / Dietary Supplement	Nutraceutical / Botanical
oryctolagus-cuniculus-kidney	BOTANICAL_OR_ORGANISM_PREPARATION	Non-FDA / Dietary Supplement	Nutraceutical / Botanical
paris-polyphylla	BOTANICAL_OR_ORGANISM_PREPARATION	Non-FDA / Dietary Supplement	Nutraceutical / Botanical
patrinia	BOTANICAL_OR_ORGANISM_PREPARATION	Non-FDA / Dietary Supplement	Nutraceutical / Botanical
pepper	SUPPLEMENT_INGREDIENT	Non-FDA / Dietary Supplement	Nutraceutical / Botanical
phellodendron	BOTANICAL_OR_ORGANISM_PREPARATION	Non-FDA / Dietary Supplement	Nutraceutical / Botanical
orthosiphon-aristatus-whole	BOTANICAL_OR_ORGANISM_PREPARATION	Non-FDA / Dietary Supplement	Nutraceutical / Botanical
panax-notoginseng	BOTANICAL_OR_ORGANISM_PREPARATION	Non-FDA / Dietary Supplement	Nutraceutical / Botanical
oryctolagus-cuniculus-spleen	BOTANICAL_OR_ORGANISM_PREPARATION	Non-FDA / Dietary Supplement	Nutraceutical / Botanical
oryctolagus-cuniculus-uterus	BOTANICAL_OR_ORGANISM_PREPARATION	Non-FDA / Dietary Supplement	Nutraceutical / Botanical
pediococcus-acidilactici	BOTANICAL_OR_ORGANISM_PREPARATION	Non-FDA / Dietary Supplement	Nutraceutical / Botanical
peanut	BOTANICAL_OR_ORGANISM_PREPARATION	Non-FDA / Dietary Supplement	Nutraceutical / Botanical
parsnip	BOTANICAL_OR_ORGANISM_PREPARATION	Non-FDA / Dietary Supplement	Nutraceutical / Botanical
parthenium-hysterophorus	BOTANICAL_OR_ORGANISM_PREPARATION	Non-FDA / Dietary Supplement	Nutraceutical / Botanical
pediococcus-pentosaceus	BOTANICAL_OR_ORGANISM_PREPARATION	Non-FDA / Dietary Supplement	Nutraceutical / Botanical
peptidohydrolase	SUPPLEMENT_INGREDIENT	Non-FDA / Dietary Supplement	Recombinant Protein / Biologic
phellinus-linteus	BOTANICAL_OR_ORGANISM_PREPARATION	Non-FDA / Dietary Supplement	Nutraceutical / Botanical
paullinia-tomentosa	BOTANICAL_OR_ORGANISM_PREPARATION	Non-FDA / Dietary Supplement	Nutraceutical / Botanical
phaseolamin	SUPPLEMENT_INGREDIENT	Non-FDA / Dietary Supplement	Nutraceutical / Botanical
pine-nut	SUPPLEMENT_INGREDIENT	Non-FDA / Dietary Supplement	Nutraceutical / Botanical
phellodenfron	SUPPLEMENT_INGREDIENT	Non-FDA / Dietary Supplement	Nutraceutical / Botanical
phyllanthus-niruri-whole	BOTANICAL_OR_ORGANISM_PREPARATION	Non-FDA / Dietary Supplement	Nutraceutical / Botanical
pleurisy	SUPPLEMENT_INGREDIENT	Non-FDA / Dietary Supplement	Nutraceutical / Botanical
pediculus-humanus-var-capitis	SUPPLEMENT_INGREDIENT	Non-FDA / Dietary Supplement	Nutraceutical / Botanical
physalis-alkekengi-fruit	BOTANICAL_OR_ORGANISM_PREPARATION	Non-FDA / Dietary Supplement	Nutraceutical / Botanical
pedicoccus-acidilactici	SUPPLEMENT_INGREDIENT	Non-FDA / Dietary Supplement	Nutraceutical / Botanical
phycocyanin	SUPPLEMENT_INGREDIENT	Non-FDA / Dietary Supplement	Nutraceutical / Botanical
peppermint-leaf	BOTANICAL_OR_ORGANISM_PREPARATION	Non-FDA / Dietary Supplement	Nutraceutical / Botanical
pink-root	SUPPLEMENT_INGREDIENT	Non-FDA / Dietary Supplement	Nutraceutical / Botanical
pistachio	BOTANICAL_OR_ORGANISM_PREPARATION	Non-FDA / Dietary Supplement	Nutraceutical / Botanical
polygonum-aviculare-top	BOTANICAL_OR_ORGANISM_PREPARATION	Non-FDA / Dietary Supplement	Nutraceutical / Botanical
populus-tremuloides-leaf	BOTANICAL_OR_ORGANISM_PREPARATION	Non-FDA / Dietary Supplement	Nutraceutical / Botanical
quisqualis-indica-fruit	BOTANICAL_OR_ORGANISM_PREPARATION	Non-FDA / Dietary Supplement	Nutraceutical / Botanical
persea-americana-whole	BOTANICAL_OR_ORGANISM_PREPARATION	Non-FDA / Dietary Supplement	Nutraceutical / Botanical
piper-cubeba-fruit	BOTANICAL_OR_ORGANISM_PREPARATION	Non-FDA / Dietary Supplement	Nutraceutical / Botanical
portulaca-oleracea-whole	BOTANICAL_OR_ORGANISM_PREPARATION	Non-FDA / Dietary Supplement	Nutraceutical / Botanical
propionibacterium-shermani	SUPPLEMENT_INGREDIENT	Non-FDA / Dietary Supplement	Nutraceutical / Botanical
phyllanthus-emblica-fruit	BOTANICAL_OR_ORGANISM_PREPARATION	Non-FDA / Dietary Supplement	Nutraceutical / Botanical
piper-kadsura	BOTANICAL_OR_ORGANISM_PREPARATION	Non-FDA / Dietary Supplement	Nutraceutical / Botanical
pluchea	BOTANICAL_OR_ORGANISM_PREPARATION	Non-FDA / Dietary Supplement	Nutraceutical / Botanical
physalis-virginiana-whole	BOTANICAL_OR_ORGANISM_PREPARATION	Non-FDA / Dietary Supplement	Nutraceutical / Botanical
polygonatum-odoratum-root	MARKETED_PRODUCT_INGREDIENT	FDA Approved	Nutraceutical / Botanical
pinus-nigra-pollen	BOTANICAL_OR_ORGANISM_PREPARATION	Non-FDA / Dietary Supplement	Nutraceutical / Botanical
polistes-spp-venom-protein	INVESTIGATIONAL_MEDICINE	Pre-clinical / Open Source	Recombinant Protein / Biologic
polygonatum-cyrtonema-root	BOTANICAL_OR_ORGANISM_PREPARATION	Non-FDA / Dietary Supplement	Nutraceutical / Botanical
pituitary	SUPPLEMENT_INGREDIENT	Non-FDA / Dietary Supplement	Nutraceutical / Botanical
polygonum	BOTANICAL_OR_ORGANISM_PREPARATION	Non-FDA / Dietary Supplement	Nutraceutical / Botanical
poa-pratensis-top	BOTANICAL_OR_ORGANISM_PREPARATION	Non-FDA / Dietary Supplement	Nutraceutical / Botanical
polymethoxylated-flavones	SUPPLEMENT_INGREDIENT	Non-FDA / Dietary Supplement	Nutraceutical / Botanical
polysorbate-20	MARKETED_PRODUCT_INGREDIENT	FDA Approved	Small Molecule
polydatin	SUPPLEMENT_INGREDIENT	Non-FDA / Dietary Supplement	Nutraceutical / Botanical
primula-veris	BOTANICAL_OR_ORGANISM_PREPARATION	Non-FDA / Dietary Supplement	Nutraceutical / Botanical
polyunsaturated-fatty-acid	SUPPLEMENT_INGREDIENT	Non-FDA / Dietary Supplement	Nutraceutical / Botanical
potato	BOTANICAL_OR_ORGANISM_PREPARATION	Non-FDA / Dietary Supplement	Nutraceutical / Botanical
pork-heart	SUPPLEMENT_INGREDIENT	Non-FDA / Dietary Supplement	Nutraceutical / Botanical
polyphenols	SUPPLEMENT_INGREDIENT	Non-FDA / Dietary Supplement	Nutraceutical / Botanical
populus-trichocarpa-whole	BOTANICAL_OR_ORGANISM_PREPARATION	Non-FDA / Dietary Supplement	Nutraceutical / Botanical
powdered-cellulose	MARKETED_PRODUCT_INGREDIENT	FDA Approved	Nutraceutical / Botanical
potentilla-anserina-whole	BOTANICAL_OR_ORGANISM_PREPARATION	Non-FDA / Dietary Supplement	Nutraceutical / Botanical
proteose-peptone	SUPPLEMENT_INGREDIENT	Non-FDA / Dietary Supplement	Nutraceutical / Botanical
pork-liver	SUPPLEMENT_INGREDIENT	Non-FDA / Dietary Supplement	Nutraceutical / Botanical
ardisia	BOTANICAL_OR_ORGANISM_PREPARATION	Non-FDA / Dietary Supplement	Nutraceutical / Botanical
populus-deltoides-subsp-monilifera-pollen	BOTANICAL_OR_ORGANISM_PREPARATION	Non-FDA / Dietary Supplement	Nutraceutical / Botanical
prunus	BOTANICAL_OR_ORGANISM_PREPARATION	Non-FDA / Dietary Supplement	Nutraceutical / Botanical
probiotics	SUPPLEMENT_INGREDIENT	Non-FDA / Dietary Supplement	Nutraceutical / Botanical
proteolytic-enzyme	SUPPLEMENT_INGREDIENT	Non-FDA / Dietary Supplement	Nutraceutical / Botanical
bluegill	BOTANICAL_OR_ORGANISM_PREPARATION	Non-FDA / Dietary Supplement	Nutraceutical / Botanical
rosa-californica-whole	BOTANICAL_OR_ORGANISM_PREPARATION	Non-FDA / Dietary Supplement	Nutraceutical / Botanical
pumpkin-protein	SUPPLEMENT_INGREDIENT	Non-FDA / Dietary Supplement	Nutraceutical / Botanical
centipeda-minima	BOTANICAL_OR_ORGANISM_PREPARATION	Non-FDA / Dietary Supplement	Nutraceutical / Botanical
pu-er-tea	SUPPLEMENT_INGREDIENT	Non-FDA / Dietary Supplement	Nutraceutical / Botanical
botryoglossum-platycarpum	BOTANICAL_OR_ORGANISM_PREPARATION	Non-FDA / Dietary Supplement	Nutraceutical / Botanical
ehrlichia-chaffeensis	BOTANICAL_OR_ORGANISM_PREPARATION	Non-FDA / Dietary Supplement	Nutraceutical / Botanical
rosmarinus-officinalis-flower	BOTANICAL_OR_ORGANISM_PREPARATION	Non-FDA / Dietary Supplement	Nutraceutical / Botanical
pumpkin-seed	SUPPLEMENT_INGREDIENT	Non-FDA / Dietary Supplement	Nutraceutical / Botanical
serum-horse	BOTANICAL_OR_ORGANISM_PREPARATION	Non-FDA / Dietary Supplement	Nutraceutical / Botanical
ascaris-lumbricoides	BOTANICAL_OR_ORGANISM_PREPARATION	Non-FDA / Dietary Supplement	Nutraceutical / Botanical
haemophilus-influenzae	BOTANICAL_OR_ORGANISM_PREPARATION	Non-FDA / Dietary Supplement	Nutraceutical / Botanical
arthrobacter-citreus	BOTANICAL_OR_ORGANISM_PREPARATION	Non-FDA / Dietary Supplement	Nutraceutical / Botanical
kohlrabi	BOTANICAL_OR_ORGANISM_PREPARATION	Non-FDA / Dietary Supplement	Nutraceutical / Botanical
ancylostoma-caninum	BOTANICAL_OR_ORGANISM_PREPARATION	Non-FDA / Dietary Supplement	Nutraceutical / Botanical
cherimoya	BOTANICAL_OR_ORGANISM_PREPARATION	Non-FDA / Dietary Supplement	Nutraceutical / Botanical
quassia	BOTANICAL_OR_ORGANISM_PREPARATION	Non-FDA / Dietary Supplement	Nutraceutical / Botanical
reynoutria-japonica-root	BOTANICAL_OR_ORGANISM_PREPARATION	Non-FDA / Dietary Supplement	Nutraceutical / Botanical
entamoeba-histolytica	BOTANICAL_OR_ORGANISM_PREPARATION	Non-FDA / Dietary Supplement	Nutraceutical / Botanical
plasmodium-falciparum	BOTANICAL_OR_ORGANISM_PREPARATION	Non-FDA / Dietary Supplement	Nutraceutical / Botanical
quercus-robur-wood	BOTANICAL_OR_ORGANISM_PREPARATION	Non-FDA / Dietary Supplement	Nutraceutical / Botanical
heliopsis	BOTANICAL_OR_ORGANISM_PREPARATION	Non-FDA / Dietary Supplement	Nutraceutical / Botanical
proteus-morganii	BOTANICAL_OR_ORGANISM_PREPARATION	Non-FDA / Dietary Supplement	Nutraceutical / Botanical
cyanthillium-cinereum	BOTANICAL_OR_ORGANISM_PREPARATION	Non-FDA / Dietary Supplement	Nutraceutical / Botanical
pyrrosia	BOTANICAL_OR_ORGANISM_PREPARATION	Non-FDA / Dietary Supplement	Nutraceutical / Botanical
rose-geranium	BOTANICAL_OR_ORGANISM_PREPARATION	Non-FDA / Dietary Supplement	Nutraceutical / Botanical
penicillium-digitatum	BOTANICAL_OR_ORGANISM_PREPARATION	Non-FDA / Dietary Supplement	Nutraceutical / Botanical
paenibacillus-polymyxa	BOTANICAL_OR_ORGANISM_PREPARATION	Non-FDA / Dietary Supplement	Nutraceutical / Botanical
plasmodium-malariae	BOTANICAL_OR_ORGANISM_PREPARATION	Non-FDA / Dietary Supplement	Nutraceutical / Botanical
pummelo	BOTANICAL_OR_ORGANISM_PREPARATION	Non-FDA / Dietary Supplement	Nutraceutical / Botanical
quercus-agrifolia-pollen	BOTANICAL_OR_ORGANISM_PREPARATION	Non-FDA / Dietary Supplement	Nutraceutical / Botanical
ribes-nigrum-leaf	BOTANICAL_OR_ORGANISM_PREPARATION	Non-FDA / Dietary Supplement	Nutraceutical / Botanical
ranunculus-bulbosus-whole	BOTANICAL_OR_ORGANISM_PREPARATION	Non-FDA / Dietary Supplement	Nutraceutical / Botanical
red-raspberry	BOTANICAL_OR_ORGANISM_PREPARATION	Non-FDA / Dietary Supplement	Nutraceutical / Botanical
rubia-tinctorum-whole	BOTANICAL_OR_ORGANISM_PREPARATION	Non-FDA / Dietary Supplement	Nutraceutical / Botanical
rosa-moschata-oil	BOTANICAL_OR_ORGANISM_PREPARATION	Non-FDA / Dietary Supplement	Nutraceutical / Botanical
rubiaceae	BOTANICAL_OR_ORGANISM_PREPARATION	Non-FDA / Dietary Supplement	Nutraceutical / Botanical
ruscus-aculeatus-whole	BOTANICAL_OR_ORGANISM_PREPARATION	Non-FDA / Dietary Supplement	Nutraceutical / Botanical
rhodiola	BOTANICAL_OR_ORGANISM_PREPARATION	Non-FDA / Dietary Supplement	Nutraceutical / Botanical
rickettsia-typhi	BOTANICAL_OR_ORGANISM_PREPARATION	Non-FDA / Dietary Supplement	Nutraceutical / Botanical
rhopalurus-princeps-venom	BOTANICAL_OR_ORGANISM_PREPARATION	Non-FDA / Dietary Supplement	Nutraceutical / Botanical
rickettsia-akari	BOTANICAL_OR_ORGANISM_PREPARATION	Non-FDA / Dietary Supplement	Nutraceutical / Botanical
rubia-cordifolia-root	BOTANICAL_OR_ORGANISM_PREPARATION	Non-FDA / Dietary Supplement	Nutraceutical / Botanical
rumex-crispus-whole	BOTANICAL_OR_ORGANISM_PREPARATION	Non-FDA / Dietary Supplement	Nutraceutical / Botanical
stachyurus-chinensis-whole	BOTANICAL_OR_ORGANISM_PREPARATION	Non-FDA / Dietary Supplement	Nutraceutical / Botanical
stemphylium-sarciniforme	BOTANICAL_OR_ORGANISM_PREPARATION	Non-FDA / Dietary Supplement	Nutraceutical / Botanical
string-bean	BOTANICAL_OR_ORGANISM_PREPARATION	Non-FDA / Dietary Supplement	Nutraceutical / Botanical
tangerine-peel	BOTANICAL_OR_ORGANISM_PREPARATION	Non-FDA / Dietary Supplement	Nutraceutical / Botanical
rubella-virus	BOTANICAL_OR_ORGANISM_PREPARATION	Non-FDA / Dietary Supplement	Nutraceutical / Botanical
ruta-graveolens-whole	BOTANICAL_OR_ORGANISM_PREPARATION	Non-FDA / Dietary Supplement	Nutraceutical / Botanical
sanicula-europaea-leaf	BOTANICAL_OR_ORGANISM_PREPARATION	Non-FDA / Dietary Supplement	Nutraceutical / Botanical
shigella-sonnei	BOTANICAL_OR_ORGANISM_PREPARATION	Non-FDA / Dietary Supplement	Nutraceutical / Botanical
scots-pine	BOTANICAL_OR_ORGANISM_PREPARATION	Non-FDA / Dietary Supplement	Nutraceutical / Botanical
sedum-acre-whole	BOTANICAL_OR_ORGANISM_PREPARATION	Non-FDA / Dietary Supplement	Nutraceutical / Botanical
silphium-laciniatum-whole	BOTANICAL_OR_ORGANISM_PREPARATION	Non-FDA / Dietary Supplement	Nutraceutical / Botanical
senecio-vulgaris	BOTANICAL_OR_ORGANISM_PREPARATION	Non-FDA / Dietary Supplement	Nutraceutical / Botanical
schinus-molle-pollen	BOTANICAL_OR_ORGANISM_PREPARATION	Non-FDA / Dietary Supplement	Nutraceutical / Botanical
shepherds-purse	BOTANICAL_OR_ORGANISM_PREPARATION	Non-FDA / Dietary Supplement	Nutraceutical / Botanical
sesame-oil	MARKETED_PRODUCT_INGREDIENT	FDA Approved	Nutraceutical / Botanical
sorghum-x-drummondii-pollen	BOTANICAL_OR_ORGANISM_PREPARATION	Non-FDA / Dietary Supplement	Nutraceutical / Botanical
staphylococcus-simulans	BOTANICAL_OR_ORGANISM_PREPARATION	Non-FDA / Dietary Supplement	Nutraceutical / Botanical
sus-scrofa-placenta	BOTANICAL_OR_ORGANISM_PREPARATION	Non-FDA / Dietary Supplement	Nutraceutical / Botanical
schisandra-chinensis-whole	BOTANICAL_OR_ORGANISM_PREPARATION	Non-FDA / Dietary Supplement	Nutraceutical / Botanical
sequoia	BOTANICAL_OR_ORGANISM_PREPARATION	Non-FDA / Dietary Supplement	Nutraceutical / Botanical
stereospermum	BOTANICAL_OR_ORGANISM_PREPARATION	Non-FDA / Dietary Supplement	Nutraceutical / Botanical
veronica	BOTANICAL_OR_ORGANISM_PREPARATION	Non-FDA / Dietary Supplement	Nutraceutical / Botanical
summer-savory	BOTANICAL_OR_ORGANISM_PREPARATION	Non-FDA / Dietary Supplement	Nutraceutical / Botanical
solidago-canadensis-whole	BOTANICAL_OR_ORGANISM_PREPARATION	Non-FDA / Dietary Supplement	Nutraceutical / Botanical
taraxacum-officinale-whole	BOTANICAL_OR_ORGANISM_PREPARATION	Non-FDA / Dietary Supplement	Nutraceutical / Botanical
stinging-nettle	BOTANICAL_OR_ORGANISM_PREPARATION	Non-FDA / Dietary Supplement	Nutraceutical / Botanical
solanum-tuberosum	BOTANICAL_OR_ORGANISM_PREPARATION	Non-FDA / Dietary Supplement	Nutraceutical / Botanical
sparganium	BOTANICAL_OR_ORGANISM_PREPARATION	Non-FDA / Dietary Supplement	Nutraceutical / Botanical
solanum-nigrum-whole	BOTANICAL_OR_ORGANISM_PREPARATION	Non-FDA / Dietary Supplement	Nutraceutical / Botanical
staphylococcus-epidermidis	BOTANICAL_OR_ORGANISM_PREPARATION	Non-FDA / Dietary Supplement	Nutraceutical / Botanical
sus-scrofa-blood	BOTANICAL_OR_ORGANISM_PREPARATION	Non-FDA / Dietary Supplement	Nutraceutical / Botanical
spanish-oregano	BOTANICAL_OR_ORGANISM_PREPARATION	Non-FDA / Dietary Supplement	Nutraceutical / Botanical
stemona-japonica-root	MARKETED_PRODUCT_INGREDIENT	FDA Approved	Nutraceutical / Botanical
taraxacum-officinale-root	BOTANICAL_OR_ORGANISM_PREPARATION	Non-FDA / Dietary Supplement	Nutraceutical / Botanical
sorghum-bicolor-pollen	BOTANICAL_OR_ORGANISM_PREPARATION	Non-FDA / Dietary Supplement	Nutraceutical / Botanical
staphisagria-macrosperma-seed	BOTANICAL_OR_ORGANISM_PREPARATION	Non-FDA / Dietary Supplement	Nutraceutical / Botanical
symplocarpus-foetidus-root	BOTANICAL_OR_ORGANISM_PREPARATION	Non-FDA / Dietary Supplement	Nutraceutical / Botanical
thymus-vulgaris-whole	BOTANICAL_OR_ORGANISM_PREPARATION	Non-FDA / Dietary Supplement	Nutraceutical / Botanical
taenia-solium	BOTANICAL_OR_ORGANISM_PREPARATION	Non-FDA / Dietary Supplement	Nutraceutical / Botanical
tanacetum-parthenium-whole	BOTANICAL_OR_ORGANISM_PREPARATION	Non-FDA / Dietary Supplement	Nutraceutical / Botanical
thymus-serpyllum	BOTANICAL_OR_ORGANISM_PREPARATION	Non-FDA / Dietary Supplement	Nutraceutical / Botanical
verbascum-densiflorum-flowering-top	BOTANICAL_OR_ORGANISM_PREPARATION	Non-FDA / Dietary Supplement	Nutraceutical / Botanical
tree-peony	BOTANICAL_OR_ORGANISM_PREPARATION	Non-FDA / Dietary Supplement	Nutraceutical / Botanical
trichophyton-rubrum	BOTANICAL_OR_ORGANISM_PREPARATION	Non-FDA / Dietary Supplement	Nutraceutical / Botanical
tylophora-indica-root	BOTANICAL_OR_ORGANISM_PREPARATION	Non-FDA / Dietary Supplement	Nutraceutical / Botanical
taxodium-distichum-pollen	BOTANICAL_OR_ORGANISM_PREPARATION	Non-FDA / Dietary Supplement	Nutraceutical / Botanical
torulaspora-delbrueckii	BOTANICAL_OR_ORGANISM_PREPARATION	Non-FDA / Dietary Supplement	Nutraceutical / Botanical
toxicodendron-diversilobum-leaf	BOTANICAL_OR_ORGANISM_PREPARATION	Non-FDA / Dietary Supplement	Nutraceutical / Botanical
viburnum-opulus-whole	BOTANICAL_OR_ORGANISM_PREPARATION	Non-FDA / Dietary Supplement	Nutraceutical / Botanical
thyme-oil	BOTANICAL_OR_ORGANISM_PREPARATION	Non-FDA / Dietary Supplement	Nutraceutical / Botanical
trichomonas-vaginalis	BOTANICAL_OR_ORGANISM_PREPARATION	Non-FDA / Dietary Supplement	Nutraceutical / Botanical
ulmus-glabra-pollen	BOTANICAL_OR_ORGANISM_PREPARATION	Non-FDA / Dietary Supplement	Nutraceutical / Botanical
triticum-aestivum-whole	BOTANICAL_OR_ORGANISM_PREPARATION	Non-FDA / Dietary Supplement	Nutraceutical / Botanical
white-mustard	BOTANICAL_OR_ORGANISM_PREPARATION	Non-FDA / Dietary Supplement	Nutraceutical / Botanical
torreya-grandis-seed	BOTANICAL_OR_ORGANISM_PREPARATION	Non-FDA / Dietary Supplement	Nutraceutical / Botanical
verbena-hastata-top	BOTANICAL_OR_ORGANISM_PREPARATION	Non-FDA / Dietary Supplement	Nutraceutical / Botanical
zucchini	BOTANICAL_OR_ORGANISM_PREPARATION	Non-FDA / Dietary Supplement	Nutraceutical / Botanical
urtica-dioica-whole	BOTANICAL_OR_ORGANISM_PREPARATION	Non-FDA / Dietary Supplement	Nutraceutical / Botanical
viola-japonica-whole	BOTANICAL_OR_ORGANISM_PREPARATION	Non-FDA / Dietary Supplement	Nutraceutical / Botanical
wheat	BOTANICAL_OR_ORGANISM_PREPARATION	Non-FDA / Dietary Supplement	Nutraceutical / Botanical
titanium-carbide	MARKETED_PRODUCT_INGREDIENT	Non-FDA / Dietary Supplement	Nutraceutical / Botanical
infliximab-qbtx	APPROVED_BIOLOGIC	FDA Approved	Recombinant Protein / Biologic
sumac	SUPPLEMENT_INGREDIENT	Non-FDA / Dietary Supplement	Nutraceutical / Botanical
usnea	BOTANICAL_OR_ORGANISM_PREPARATION	Non-FDA / Dietary Supplement	Nutraceutical / Botanical
bartonella-washoensis	MARKETED_PRODUCT_INGREDIENT	Non-FDA / Dietary Supplement	Nutraceutical / Botanical
streptococcus-pneumoniae-type-7f-capsular-polysaccharide-antigen	INVESTIGATIONAL_MEDICINE	Pre-clinical / Open Source	Recombinant Protein / Biologic
white-mulberry	BOTANICAL_OR_ORGANISM_PREPARATION	Non-FDA / Dietary Supplement	Nutraceutical / Botanical
xerophyllum-asphodeloides	BOTANICAL_OR_ORGANISM_PREPARATION	Non-FDA / Dietary Supplement	Nutraceutical / Botanical
vincetoxicum-hirundinaria-leaf	BOTANICAL_OR_ORGANISM_PREPARATION	Non-FDA / Dietary Supplement	Nutraceutical / Botanical
white-dead-nettle-flower	BOTANICAL_OR_ORGANISM_PREPARATION	Non-FDA / Dietary Supplement	Nutraceutical / Botanical
watermelon-seed	BOTANICAL_OR_ORGANISM_PREPARATION	Non-FDA / Dietary Supplement	Nutraceutical / Botanical
sus-scrofa-ovary	MARKETED_PRODUCT_INGREDIENT	Non-FDA / Dietary Supplement	Nutraceutical / Botanical
white-pepper	SUPPLEMENT_INGREDIENT	Non-FDA / Dietary Supplement	Nutraceutical / Botanical
450000-mw	MARKETED_PRODUCT_INGREDIENT	FDA Approved	Small Molecule
3500-mw	MARKETED_PRODUCT_INGREDIENT	Non-FDA / Dietary Supplement	Nutraceutical / Botanical
streptococcus-pneumoniae-type-9n-capsular-polysaccharide-antigen	INVESTIGATIONAL_MEDICINE	Pre-clinical / Open Source	Recombinant Protein / Biologic
sage	SUPPLEMENT_INGREDIENT	Non-FDA / Dietary Supplement	Nutraceutical / Botanical
thy-1-membrane-glycoprotein	OFF_LABEL_OR_COMPOUNDED	Off-Label / Compounded	Small Molecule
pleospora-betae	INVESTIGATIONAL_MEDICINE	Pre-clinical / Open Source	Nutraceutical / Botanical
poliovirus	MARKETED_PRODUCT_INGREDIENT	Non-FDA / Dietary Supplement	Nutraceutical / Botanical
streptococcus-pneumoniae-type-3-capsular-polysaccharide-diphtheria-crm197-protein-conjugate	INVESTIGATIONAL_MEDICINE	Pre-clinical / Open Source	Recombinant Protein / Biologic
streptococcus-pneumoniae-type-19a-capsular-polysaccharide-antigen	INVESTIGATIONAL_MEDICINE	Pre-clinical / Open Source	Recombinant Protein / Biologic
eta-tocopherol	MARKETED_PRODUCT_INGREDIENT	FDA Approved	Small Molecule
tetanus-toxin	MARKETED_PRODUCT_INGREDIENT	Non-FDA / Dietary Supplement	Nutraceutical / Botanical
wheat-protein	SUPPLEMENT_INGREDIENT	Non-FDA / Dietary Supplement	Nutraceutical / Botanical
sus-scrofa-tonsil	MARKETED_PRODUCT_INGREDIENT	Non-FDA / Dietary Supplement	Nutraceutical / Botanical
rubella-virus-strain-wistar-ra-27-3-live-antigen	INVESTIGATIONAL_MEDICINE	Pre-clinical / Open Source	Recombinant Protein / Biologic
streptococcus-pneumoniae-type-19f-capsular-polysaccharide-antigen	INVESTIGATIONAL_MEDICINE	Pre-clinical / Open Source	Recombinant Protein / Biologic
sus-scrofa-oral-mucosa	MARKETED_PRODUCT_INGREDIENT	Non-FDA / Dietary Supplement	Nutraceutical / Botanical
fomivirsen	APPROVED_BIOLOGIC	FDA Approved	ASO (Antisense Oligonucleotide)
sus-scrofa-small-intestine-mucosa-lymph-follicle	MARKETED_PRODUCT_INGREDIENT	Non-FDA / Dietary Supplement	Nutraceutical / Botanical
streptococcus-pneumoniae-type-33f-capsular-polysaccharide-antigen	INVESTIGATIONAL_MEDICINE	Pre-clinical / Open Source	Recombinant Protein / Biologic
streptococcus-pneumoniae-type-17f-capsular-polysaccharide-antigen	INVESTIGATIONAL_MEDICINE	Pre-clinical / Open Source	Recombinant Protein / Biologic
sus-scrofa-renal-pelvis	MARKETED_PRODUCT_INGREDIENT	Non-FDA / Dietary Supplement	Nutraceutical / Botanical
stannic-hydrogen	MARKETED_PRODUCT_INGREDIENT	Non-FDA / Dietary Supplement	Nutraceutical / Botanical
ricinus-communis-seed-oil	MARKETED_PRODUCT_INGREDIENT	FDA Approved	Nutraceutical / Botanical
salmonella-typhi-ty2-vi-polysaccharide-antigen	INVESTIGATIONAL_MEDICINE	Pre-clinical / Open Source	Recombinant Protein / Biologic
technetium-tc-99m-teboroxime-kit	APPROVED_MEDICINE	FDA Approved	Small Molecule
technetium-tc-99m-polyphosphate-kit	APPROVED_MEDICINE	FDA Approved	Small Molecule
raspberry	SUPPLEMENT_INGREDIENT	Non-FDA / Dietary Supplement	Nutraceutical / Botanical
sodium-alginate	SUPPLEMENT_INGREDIENT	Non-FDA / Dietary Supplement	Nutraceutical / Botanical
olaratumab	APPROVED_BIOLOGIC	FDA Approved	Monoclonal Antibody (mAb)
technetium-tc-99m-red-blood-cell-kit	APPROVED_MEDICINE	FDA Approved	Small Molecule
leodopa	APPROVED_MEDICINE	FDA Approved	Small Molecule
11-hydroxy-yohimbine	SUPPLEMENT_INGREDIENT	Non-FDA / Dietary Supplement	Nutraceutical / Botanical
quinidine-polygalacturonate	APPROVED_MEDICINE	FDA Approved	Small Molecule
rebaudioside	SUPPLEMENT_INGREDIENT	Non-FDA / Dietary Supplement	Nutraceutical / Botanical
evinacumab-dgnb	APPROVED_BIOLOGIC	FDA Approved	Recombinant Protein / Biologic
sus-scrofa-superior-gastric-plexus	MARKETED_PRODUCT_INGREDIENT	Non-FDA / Dietary Supplement	Nutraceutical / Botanical
ranibizumab-hkdz	APPROVED_BIOLOGIC	FDA Approved	Recombinant Protein / Biologic
urokinase	APPROVED_BIOLOGIC	FDA Approved	Recombinant Protein / Biologic
sus-scrofa-fallopian-tube	MARKETED_PRODUCT_INGREDIENT	Non-FDA / Dietary Supplement	Nutraceutical / Botanical
tinzaparin	APPROVED_MEDICINE	FDA Approved	Small Molecule
technetium-tc-99m-disofenin-kit	APPROVED_MEDICINE	FDA Approved	Small Molecule
alkavervir	APPROVED_MEDICINE	FDA Approved	Small Molecule
ferumoxides	APPROVED_MEDICINE	FDA Approved	Small Molecule
divi-divi	SUPPLEMENT_INGREDIENT	Non-FDA / Dietary Supplement	Nutraceutical / Botanical
17beta-androstane-3-one-17a-ol	SUPPLEMENT_INGREDIENT	Non-FDA / Dietary Supplement	Nutraceutical / Botanical
cockroach	SUPPLEMENT_INGREDIENT	Non-FDA / Dietary Supplement	Nutraceutical / Botanical
iodhtree	SUPPLEMENT_INGREDIENT	Non-FDA / Dietary Supplement	Nutraceutical / Botanical
rooster-comb	SUPPLEMENT_INGREDIENT	Non-FDA / Dietary Supplement	Nutraceutical / Botanical
scallion	SUPPLEMENT_INGREDIENT	Non-FDA / Dietary Supplement	Nutraceutical / Botanical
red-root	SUPPLEMENT_INGREDIENT	Non-FDA / Dietary Supplement	Nutraceutical / Botanical
resveratrol-conjugates	SUPPLEMENT_INGREDIENT	Non-FDA / Dietary Supplement	Nutraceutical / Botanical
chanterelle	SUPPLEMENT_INGREDIENT	Non-FDA / Dietary Supplement	Nutraceutical / Botanical
labdanum	SUPPLEMENT_INGREDIENT	Non-FDA / Dietary Supplement	Nutraceutical / Botanical
rosemary-antioxidant-s-32	SUPPLEMENT_INGREDIENT	Non-FDA / Dietary Supplement	Nutraceutical / Botanical
short-buchu	SUPPLEMENT_INGREDIENT	Non-FDA / Dietary Supplement	Nutraceutical / Botanical
red-yeast-rice	SUPPLEMENT_INGREDIENT	Non-FDA / Dietary Supplement	Nutraceutical / Botanical
salidrosides	SUPPLEMENT_INGREDIENT	Non-FDA / Dietary Supplement	Nutraceutical / Botanical
roman-chamomile	SUPPLEMENT_INGREDIENT	Non-FDA / Dietary Supplement	Nutraceutical / Botanical
saffranal	SUPPLEMENT_INGREDIENT	Non-FDA / Dietary Supplement	Nutraceutical / Botanical
sphingomyelin	SUPPLEMENT_INGREDIENT	Non-FDA / Dietary Supplement	Nutraceutical / Botanical
siler	SUPPLEMENT_INGREDIENT	Non-FDA / Dietary Supplement	Nutraceutical / Botanical
squash	SUPPLEMENT_INGREDIENT	Non-FDA / Dietary Supplement	Nutraceutical / Botanical
sugar-cane-fiber	SUPPLEMENT_INGREDIENT	Non-FDA / Dietary Supplement	Nutraceutical / Botanical
rice-wax	SUPPLEMENT_INGREDIENT	Non-FDA / Dietary Supplement	Nutraceutical / Botanical
secoisolariciresinol-diglycoside	SUPPLEMENT_INGREDIENT	Non-FDA / Dietary Supplement	Nutraceutical / Botanical
serine-proteinase	SUPPLEMENT_INGREDIENT	Non-FDA / Dietary Supplement	Recombinant Protein / Biologic
shilajit	SUPPLEMENT_INGREDIENT	Non-FDA / Dietary Supplement	Nutraceutical / Botanical
smooth-alder	SUPPLEMENT_INGREDIENT	Non-FDA / Dietary Supplement	Nutraceutical / Botanical
silk-protein	SUPPLEMENT_INGREDIENT	Non-FDA / Dietary Supplement	Nutraceutical / Botanical
threonine-alpha-hydroxyisocaproic-acid	SUPPLEMENT_INGREDIENT	Non-FDA / Dietary Supplement	Nutraceutical / Botanical
hagenia-abyssinica-flower	BOTANICAL_OR_ORGANISM_PREPARATION	Non-FDA / Dietary Supplement	Nutraceutical / Botanical
hibiscus	BOTANICAL_OR_ORGANISM_PREPARATION	Non-FDA / Dietary Supplement	Nutraceutical / Botanical
split-gill-fungus	SUPPLEMENT_INGREDIENT	Non-FDA / Dietary Supplement	Nutraceutical / Botanical
zinc-alpha-ketoglutarate	SUPPLEMENT_INGREDIENT	Non-FDA / Dietary Supplement	Nutraceutical / Botanical
tyrosine-alpha-ketoglutarate	SUPPLEMENT_INGREDIENT	Non-FDA / Dietary Supplement	Nutraceutical / Botanical
white-pear	SUPPLEMENT_INGREDIENT	Non-FDA / Dietary Supplement	Nutraceutical / Botanical
williams-elder	SUPPLEMENT_INGREDIENT	Non-FDA / Dietary Supplement	Nutraceutical / Botanical
hamamelis-virginiana-top	MARKETED_PRODUCT_INGREDIENT	FDA Approved	Nutraceutical / Botanical
high-fructose-corn-syrup	SUPPLEMENT_INGREDIENT	Non-FDA / Dietary Supplement	Nutraceutical / Botanical
transferrin	SUPPLEMENT_INGREDIENT	Non-FDA / Dietary Supplement	Nutraceutical / Botanical
tropical-sensitive-pea	SUPPLEMENT_INGREDIENT	Non-FDA / Dietary Supplement	Nutraceutical / Botanical
water-lily	SUPPLEMENT_INGREDIENT	Non-FDA / Dietary Supplement	Nutraceutical / Botanical
wormseed	SUPPLEMENT_INGREDIENT	Non-FDA / Dietary Supplement	Nutraceutical / Botanical
hazelnut	SUPPLEMENT_INGREDIENT	Non-FDA / Dietary Supplement	Nutraceutical / Botanical
heloderma-suspectum-whole	BOTANICAL_OR_ORGANISM_PREPARATION	Non-FDA / Dietary Supplement	Nutraceutical / Botanical
himalayan-cedar	SUPPLEMENT_INGREDIENT	Non-FDA / Dietary Supplement	Nutraceutical / Botanical
three-leaf-akebia	SUPPLEMENT_INGREDIENT	Non-FDA / Dietary Supplement	Nutraceutical / Botanical
ureter	SUPPLEMENT_INGREDIENT	Non-FDA / Dietary Supplement	Nutraceutical / Botanical
yam	SUPPLEMENT_INGREDIENT	Non-FDA / Dietary Supplement	Nutraceutical / Botanical
heal-all	SUPPLEMENT_INGREDIENT	Non-FDA / Dietary Supplement	Nutraceutical / Botanical
type-a-polymers	SUPPLEMENT_INGREDIENT	Non-FDA / Dietary Supplement	Nutraceutical / Botanical
wild-carrot	SUPPLEMENT_INGREDIENT	Non-FDA / Dietary Supplement	Nutraceutical / Botanical
umckaloabo	SUPPLEMENT_INGREDIENT	Non-FDA / Dietary Supplement	Nutraceutical / Botanical
vervain	SUPPLEMENT_INGREDIENT	Non-FDA / Dietary Supplement	Nutraceutical / Botanical
wild-cherry	SUPPLEMENT_INGREDIENT	Non-FDA / Dietary Supplement	Nutraceutical / Botanical
heart	SUPPLEMENT_INGREDIENT	Non-FDA / Dietary Supplement	Nutraceutical / Botanical
himalayan-fir	SUPPLEMENT_INGREDIENT	Non-FDA / Dietary Supplement	Nutraceutical / Botanical
psilocin	CONTROLLED_NO_APPROVED_USE	Controlled / No Approved Use	Small Molecule
homalomena	BOTANICAL_OR_ORGANISM_PREPARATION	Non-FDA / Dietary Supplement	Nutraceutical / Botanical
hops-oil	SUPPLEMENT_INGREDIENT	Non-FDA / Dietary Supplement	Nutraceutical / Botanical
human-placental-tissue	SUPPLEMENT_INGREDIENT	Non-FDA / Dietary Supplement	Nutraceutical / Botanical
hydrolysed-bovine-collagen	APPROVED_MEDICINE	FDA Approved	Nutraceutical / Botanical
human-herpesvirus-7	BOTANICAL_OR_ORGANISM_PREPARATION	Non-FDA / Dietary Supplement	Nutraceutical / Botanical
hydrocotyle-asiatica-extract	SUPPLEMENT_INGREDIENT	Non-FDA / Dietary Supplement	Nutraceutical / Botanical
hypericum-oil	OFF_LABEL_OR_COMPOUNDED	Off-Label / Compounded	Small Molecule
indian-sphaeranthus	SUPPLEMENT_INGREDIENT	Non-FDA / Dietary Supplement	Nutraceutical / Botanical
human-ligament	SUPPLEMENT_INGREDIENT	Non-FDA / Dietary Supplement	Nutraceutical / Botanical
human-varicella-zoster-immune-globulin	SUPPLEMENT_INGREDIENT	Non-FDA / Dietary Supplement	Nutraceutical / Botanical
hydroxyethyl-adenosine-analogs	SUPPLEMENT_INGREDIENT	Non-FDA / Dietary Supplement	Nutraceutical / Botanical
iridoid-glycosides	SUPPLEMENT_INGREDIENT	Non-FDA / Dietary Supplement	Nutraceutical / Botanical
humic-acid	SUPPLEMENT_INGREDIENT	Non-FDA / Dietary Supplement	Nutraceutical / Botanical
indian-cassia	SUPPLEMENT_INGREDIENT	Non-FDA / Dietary Supplement	Nutraceutical / Botanical
isomaltooligosaccharides	SUPPLEMENT_INGREDIENT	Non-FDA / Dietary Supplement	Nutraceutical / Botanical
jerusalem-artichoke	BOTANICAL_OR_ORGANISM_PREPARATION	Non-FDA / Dietary Supplement	Nutraceutical / Botanical
hydrastis-canadensis-whole	BOTANICAL_OR_ORGANISM_PREPARATION	Non-FDA / Dietary Supplement	Nutraceutical / Botanical
hydrolyzed-bovine-elastin	APPROVED_MEDICINE	FDA Approved	Small Molecule
indian-nightshade	BOTANICAL_OR_ORGANISM_PREPARATION	Non-FDA / Dietary Supplement	Nutraceutical / Botanical
influenza-a-virus-a-guangdong-maonan-swl1536-2019-cnic-1909-antigen	SUPPLEMENT_INGREDIENT	Non-FDA / Dietary Supplement	Nutraceutical / Botanical
indian-chrysanthemum	SUPPLEMENT_INGREDIENT	Non-FDA / Dietary Supplement	Nutraceutical / Botanical
intercellular-adhesion-molecule-1	OFF_LABEL_OR_COMPOUNDED	Off-Label / Compounded	Small Molecule
iva-angustifolia-pollen	BOTANICAL_OR_ORGANISM_PREPARATION	Non-FDA / Dietary Supplement	Nutraceutical / Botanical
java-brucea	SUPPLEMENT_INGREDIENT	Non-FDA / Dietary Supplement	Nutraceutical / Botanical
indian-catnip	SUPPLEMENT_INGREDIENT	Non-FDA / Dietary Supplement	Nutraceutical / Botanical
indian-elecampane	BOTANICAL_OR_ORGANISM_PREPARATION	Non-FDA / Dietary Supplement	Nutraceutical / Botanical
influenza-a-virus-a-victoria-2570-2019-ivr-215-hemagglutinin-antigen	SUPPLEMENT_INGREDIENT	Non-FDA / Dietary Supplement	Nutraceutical / Botanical
influenza-b-virus-b-phuket-3073-2013-bvr-1b-whole	SUPPLEMENT_INGREDIENT	Non-FDA / Dietary Supplement	Nutraceutical / Botanical
wild-daisy	SUPPLEMENT_INGREDIENT	Non-FDA / Dietary Supplement	Nutraceutical / Botanical
indian-coraltree	SUPPLEMENT_INGREDIENT	Non-FDA / Dietary Supplement	Nutraceutical / Botanical
indian-fagonia	SUPPLEMENT_INGREDIENT	Non-FDA / Dietary Supplement	Nutraceutical / Botanical
inula-helenium-root	BOTANICAL_OR_ORGANISM_PREPARATION	Non-FDA / Dietary Supplement	Nutraceutical / Botanical
indian-long-pepper	SUPPLEMENT_INGREDIENT	Non-FDA / Dietary Supplement	Nutraceutical / Botanical
iporuru	SUPPLEMENT_INGREDIENT	Non-FDA / Dietary Supplement	Nutraceutical / Botanical
iva-annua-pollen	BOTANICAL_OR_ORGANISM_PREPARATION	Non-FDA / Dietary Supplement	Nutraceutical / Botanical
indian-snakeroot	SUPPLEMENT_INGREDIENT	Non-FDA / Dietary Supplement	Nutraceutical / Botanical
invertase	SUPPLEMENT_INGREDIENT	Non-FDA / Dietary Supplement	Recombinant Protein / Biologic
justicia-spicigera-leaf	BOTANICAL_OR_ORGANISM_PREPARATION	Non-FDA / Dietary Supplement	Nutraceutical / Botanical
lactobacillus-delbrueckii-lactis	BOTANICAL_OR_ORGANISM_PREPARATION	Non-FDA / Dietary Supplement	Nutraceutical / Botanical
isobutylamides	SUPPLEMENT_INGREDIENT	Non-FDA / Dietary Supplement	Nutraceutical / Botanical
japanese-kadsura	SUPPLEMENT_INGREDIENT	Non-FDA / Dietary Supplement	Nutraceutical / Botanical
jujube	SUPPLEMENT_INGREDIENT	Non-FDA / Dietary Supplement	Nutraceutical / Botanical
juncus-effusus-root	BOTANICAL_OR_ORGANISM_PREPARATION	Non-FDA / Dietary Supplement	Nutraceutical / Botanical
jessicas-sticktight	SUPPLEMENT_INGREDIENT	Non-FDA / Dietary Supplement	Nutraceutical / Botanical
khorasan-wheat	SUPPLEMENT_INGREDIENT	Non-FDA / Dietary Supplement	Nutraceutical / Botanical
lemon-verbena	BOTANICAL_OR_ORGANISM_PREPARATION	Non-FDA / Dietary Supplement	Nutraceutical / Botanical
jicama	SUPPLEMENT_INGREDIENT	Non-FDA / Dietary Supplement	Nutraceutical / Botanical
jujube-fruit	SUPPLEMENT_INGREDIENT	Non-FDA / Dietary Supplement	Nutraceutical / Botanical
jujube-seeds	SUPPLEMENT_INGREDIENT	Non-FDA / Dietary Supplement	Nutraceutical / Botanical
khuskia-oryzae	SUPPLEMENT_INGREDIENT	Non-FDA / Dietary Supplement	Nutraceutical / Botanical
lactobacillus-kefiranofaciens	BOTANICAL_OR_ORGANISM_PREPARATION	Non-FDA / Dietary Supplement	Nutraceutical / Botanical
juniperus-communis-whole	BOTANICAL_OR_ORGANISM_PREPARATION	Non-FDA / Dietary Supplement	Nutraceutical / Botanical
lactobacillus-casei	BOTANICAL_OR_ORGANISM_PREPARATION	Non-FDA / Dietary Supplement	Nutraceutical / Botanical
leucanthemum-vulgare-pollen	BOTANICAL_OR_ORGANISM_PREPARATION	Non-FDA / Dietary Supplement	Nutraceutical / Botanical
kachnar	SUPPLEMENT_INGREDIENT	Non-FDA / Dietary Supplement	Nutraceutical / Botanical
kavalactones	SUPPLEMENT_INGREDIENT	Non-FDA / Dietary Supplement	Nutraceutical / Botanical
kratom	BOTANICAL_OR_ORGANISM_PREPARATION	Non-FDA / Dietary Supplement	Nutraceutical / Botanical
kamut	SUPPLEMENT_INGREDIENT	Non-FDA / Dietary Supplement	Nutraceutical / Botanical
ketone	SUPPLEMENT_INGREDIENT	Non-FDA / Dietary Supplement	Nutraceutical / Botanical
lactalbumin	SUPPLEMENT_INGREDIENT	Non-FDA / Dietary Supplement	Nutraceutical / Botanical
l-alanyl-glutamine	SUPPLEMENT_INGREDIENT	Non-FDA / Dietary Supplement	Nutraceutical / Botanical
kigelia-africana	BOTANICAL_OR_ORGANISM_PREPARATION	Non-FDA / Dietary Supplement	Nutraceutical / Botanical
lactase	SUPPLEMENT_INGREDIENT	Non-FDA / Dietary Supplement	Recombinant Protein / Biologic
lavender	BOTANICAL_OR_ORGANISM_PREPARATION	Non-FDA / Dietary Supplement	Nutraceutical / Botanical
lactobacillus-parakefiri	SUPPLEMENT_INGREDIENT	Non-FDA / Dietary Supplement	Nutraceutical / Botanical
laminaria-japonica	BOTANICAL_OR_ORGANISM_PREPARATION	Non-FDA / Dietary Supplement	Nutraceutical / Botanical
lepidium-meyenii-root	OFF_LABEL_OR_COMPOUNDED	Off-Label / Compounded	Nutraceutical / Botanical
leucyl-l-isoleucine	SUPPLEMENT_INGREDIENT	Non-FDA / Dietary Supplement	Nutraceutical / Botanical
lactotripeptide	SUPPLEMENT_INGREDIENT	Non-FDA / Dietary Supplement	Peptide / GLP-1 Agonist
lamium-album	BOTANICAL_OR_ORGANISM_PREPARATION	Non-FDA / Dietary Supplement	Nutraceutical / Botanical
lamium-album-flowering-top	BOTANICAL_OR_ORGANISM_PREPARATION	Non-FDA / Dietary Supplement	Nutraceutical / Botanical
lathyrus-odoratus-flower	BOTANICAL_OR_ORGANISM_PREPARATION	Non-FDA / Dietary Supplement	Nutraceutical / Botanical
lactotripeptides	SUPPLEMENT_INGREDIENT	Non-FDA / Dietary Supplement	Nutraceutical / Botanical
lecine-malate	SUPPLEMENT_INGREDIENT	Non-FDA / Dietary Supplement	Nutraceutical / Botanical
leuzea-rhapontica-root	BOTANICAL_OR_ORGANISM_PREPARATION	Non-FDA / Dietary Supplement	Nutraceutical / Botanical
lactuca-virosa-whole	BOTANICAL_OR_ORGANISM_PREPARATION	Non-FDA / Dietary Supplement	Nutraceutical / Botanical
lilium-lancifolium-bulb	BOTANICAL_OR_ORGANISM_PREPARATION	Non-FDA / Dietary Supplement	Nutraceutical / Botanical
lindera-aggregata	BOTANICAL_OR_ORGANISM_PREPARATION	Non-FDA / Dietary Supplement	Nutraceutical / Botanical
lollipop-climber	SUPPLEMENT_INGREDIENT	Non-FDA / Dietary Supplement	Nutraceutical / Botanical
laminaria-digitata	MARKETED_PRODUCT_INGREDIENT	FDA Approved	Nutraceutical / Botanical
lantana-camara	BOTANICAL_OR_ORGANISM_PREPARATION	Non-FDA / Dietary Supplement	Nutraceutical / Botanical
leucoanthocyanidins	SUPPLEMENT_INGREDIENT	Non-FDA / Dietary Supplement	Nutraceutical / Botanical
ligustrum-vulgare-pollen	BOTANICAL_OR_ORGANISM_PREPARATION	Non-FDA / Dietary Supplement	Nutraceutical / Botanical
lespedeza-capitata	BOTANICAL_OR_ORGANISM_PREPARATION	Non-FDA / Dietary Supplement	Nutraceutical / Botanical
lichen	SUPPLEMENT_INGREDIENT	Non-FDA / Dietary Supplement	Nutraceutical / Botanical
lilium-lancifolium-whole	BOTANICAL_OR_ORGANISM_PREPARATION	Non-FDA / Dietary Supplement	Nutraceutical / Botanical
lo-han	SUPPLEMENT_INGREDIENT	Non-FDA / Dietary Supplement	Nutraceutical / Botanical
leucanthemum-vulgare-whole	BOTANICAL_OR_ORGANISM_PREPARATION	Non-FDA / Dietary Supplement	Nutraceutical / Botanical
levisticum-officinale-root	BOTANICAL_OR_ORGANISM_PREPARATION	Non-FDA / Dietary Supplement	Nutraceutical / Botanical
lima-bean	BOTANICAL_OR_ORGANISM_PREPARATION	Non-FDA / Dietary Supplement	Nutraceutical / Botanical
loquat	BOTANICAL_OR_ORGANISM_PREPARATION	Non-FDA / Dietary Supplement	Nutraceutical / Botanical
malus-domestica-flower	BOTANICAL_OR_ORGANISM_PREPARATION	Non-FDA / Dietary Supplement	Nutraceutical / Botanical
liquid-petroleum	SUPPLEMENT_INGREDIENT	Non-FDA / Dietary Supplement	Nutraceutical / Botanical
lycoris-radiata	BOTANICAL_OR_ORGANISM_PREPARATION	Non-FDA / Dietary Supplement	Nutraceutical / Botanical
malpighia-glabra-whole	BOTANICAL_OR_ORGANISM_PREPARATION	Non-FDA / Dietary Supplement	Nutraceutical / Botanical
n-acetyl-glutamine	SUPPLEMENT_INGREDIENT	Non-FDA / Dietary Supplement	Nutraceutical / Botanical
little-club-moss	SUPPLEMENT_INGREDIENT	Non-FDA / Dietary Supplement	Nutraceutical / Botanical
lolium-multiflorum-pollen	BOTANICAL_OR_ORGANISM_PREPARATION	Non-FDA / Dietary Supplement	Nutraceutical / Botanical
lophatherum	BOTANICAL_OR_ORGANISM_PREPARATION	Non-FDA / Dietary Supplement	Nutraceutical / Botanical
maclura-tricuspidata	BOTANICAL_OR_ORGANISM_PREPARATION	Non-FDA / Dietary Supplement	Nutraceutical / Botanical
lodhtree	SUPPLEMENT_INGREDIENT	Non-FDA / Dietary Supplement	Nutraceutical / Botanical
lucuma	BOTANICAL_OR_ORGANISM_PREPARATION	Non-FDA / Dietary Supplement	Nutraceutical / Botanical
magnesium-alpha-ketoglutarate	SUPPLEMENT_INGREDIENT	Non-FDA / Dietary Supplement	Nutraceutical / Botanical
mammal-liver	SUPPLEMENT_INGREDIENT	Non-FDA / Dietary Supplement	Nutraceutical / Botanical
matricaria-chamomilla-whole	BOTANICAL_OR_ORGANISM_PREPARATION	Non-FDA / Dietary Supplement	Nutraceutical / Botanical
lonicera-hypoglauca-flower	BOTANICAL_OR_ORGANISM_PREPARATION	Non-FDA / Dietary Supplement	Nutraceutical / Botanical
luffa-operculata-whole	BOTANICAL_OR_ORGANISM_PREPARATION	Non-FDA / Dietary Supplement	Nutraceutical / Botanical
malabar-nut-tree-leaf-extract	SUPPLEMENT_INGREDIENT	Non-FDA / Dietary Supplement	Nutraceutical / Botanical
massularia-acuminata	BOTANICAL_OR_ORGANISM_PREPARATION	Non-FDA / Dietary Supplement	Nutraceutical / Botanical
lygodium	BOTANICAL_OR_ORGANISM_PREPARATION	Non-FDA / Dietary Supplement	Nutraceutical / Botanical
mandarin-orange	BOTANICAL_OR_ORGANISM_PREPARATION	Non-FDA / Dietary Supplement	Nutraceutical / Botanical
maqui	SUPPLEMENT_INGREDIENT	Non-FDA / Dietary Supplement	Nutraceutical / Botanical
mexican-oregano	SUPPLEMENT_INGREDIENT	Non-FDA / Dietary Supplement	Nutraceutical / Botanical
lythrum-salicaria-whole	BOTANICAL_OR_ORGANISM_PREPARATION	Non-FDA / Dietary Supplement	Nutraceutical / Botanical
magic-fruit	SUPPLEMENT_INGREDIENT	Non-FDA / Dietary Supplement	Nutraceutical / Botanical
maple-syrup	SUPPLEMENT_INGREDIENT	Non-FDA / Dietary Supplement	Nutraceutical / Botanical
mercurialis-perennis-whole	BOTANICAL_OR_ORGANISM_PREPARATION	Non-FDA / Dietary Supplement	Nutraceutical / Botanical
magnolia	BOTANICAL_OR_ORGANISM_PREPARATION	Non-FDA / Dietary Supplement	Nutraceutical / Botanical
mango-seed-oil	MARKETED_PRODUCT_INGREDIENT	FDA Approved	Small Molecule
maritime-dock	SUPPLEMENT_INGREDIENT	Non-FDA / Dietary Supplement	Nutraceutical / Botanical
measles-virus-strain-enders-attenuated-edmonston-live-antigen	INVESTIGATIONAL_MEDICINE	Pre-clinical / Open Source	Recombinant Protein / Biologic
mandragora-officinarum-root	BOTANICAL_OR_ORGANISM_PREPARATION	Non-FDA / Dietary Supplement	Nutraceutical / Botanical
mannose-d	SUPPLEMENT_INGREDIENT	Non-FDA / Dietary Supplement	Nutraceutical / Botanical
marrubium-vulgare	BOTANICAL_OR_ORGANISM_PREPARATION	Non-FDA / Dietary Supplement	Nutraceutical / Botanical
melitidine	SUPPLEMENT_INGREDIENT	Non-FDA / Dietary Supplement	Nutraceutical / Botanical
marshmallow	BOTANICAL_OR_ORGANISM_PREPARATION	Non-FDA / Dietary Supplement	Nutraceutical / Botanical
mayapple	SUPPLEMENT_INGREDIENT	Non-FDA / Dietary Supplement	Nutraceutical / Botanical
molybdenum-alpha-ketoglutarate	SUPPLEMENT_INGREDIENT	Non-FDA / Dietary Supplement	Nutraceutical / Botanical
morus-rubra-pollen	BOTANICAL_OR_ORGANISM_PREPARATION	Non-FDA / Dietary Supplement	Nutraceutical / Botanical
medicago-sativa-pollen	BOTANICAL_OR_ORGANISM_PREPARATION	Non-FDA / Dietary Supplement	Nutraceutical / Botanical
melissa-officinalis-leaf	BOTANICAL_OR_ORGANISM_PREPARATION	Non-FDA / Dietary Supplement	Nutraceutical / Botanical
missouri-snakeroot	SUPPLEMENT_INGREDIENT	Non-FDA / Dietary Supplement	Nutraceutical / Botanical
molluscs	SUPPLEMENT_INGREDIENT	Non-FDA / Dietary Supplement	Nutraceutical / Botanical
mentha-piperita	BOTANICAL_OR_ORGANISM_PREPARATION	Non-FDA / Dietary Supplement	Nutraceutical / Botanical
momordica-balsamina-whole	BOTANICAL_OR_ORGANISM_PREPARATION	Non-FDA / Dietary Supplement	Nutraceutical / Botanical
mycobacterium-avium-subsp-paratuberculosis	BOTANICAL_OR_ORGANISM_PREPARATION	Non-FDA / Dietary Supplement	Nutraceutical / Botanical
monardella-odoratissima-whole	BOTANICAL_OR_ORGANISM_PREPARATION	Non-FDA / Dietary Supplement	Nutraceutical / Botanical
morus-alba-pollen	BOTANICAL_OR_ORGANISM_PREPARATION	Non-FDA / Dietary Supplement	Nutraceutical / Botanical
night-blooming-cereus	BOTANICAL_OR_ORGANISM_PREPARATION	Non-FDA / Dietary Supplement	Nutraceutical / Botanical
oat-bran	SUPPLEMENT_INGREDIENT	Non-FDA / Dietary Supplement	Nutraceutical / Botanical
monk-fruit	SUPPLEMENT_INGREDIENT	Non-FDA / Dietary Supplement	Nutraceutical / Botanical
mullein	SUPPLEMENT_INGREDIENT	Non-FDA / Dietary Supplement	Nutraceutical / Botanical
musca-domestica	BOTANICAL_OR_ORGANISM_PREPARATION	Non-FDA / Dietary Supplement	Nutraceutical / Botanical
naja-naja-whole	BOTANICAL_OR_ORGANISM_PREPARATION	Non-FDA / Dietary Supplement	Nutraceutical / Botanical
moroccan-oregano	SUPPLEMENT_INGREDIENT	Non-FDA / Dietary Supplement	Nutraceutical / Botanical
mulungu	SUPPLEMENT_INGREDIENT	Non-FDA / Dietary Supplement	Nutraceutical / Botanical
nasturtium-officinale	BOTANICAL_OR_ORGANISM_PREPARATION	Non-FDA / Dietary Supplement	Nutraceutical / Botanical
opuntia-ficus-indica-whole	BOTANICAL_OR_ORGANISM_PREPARATION	Non-FDA / Dietary Supplement	Nutraceutical / Botanical
myosotis-sylvatica-flowering-top	BOTANICAL_OR_ORGANISM_PREPARATION	Non-FDA / Dietary Supplement	Nutraceutical / Botanical
olea-europaea-leaf	BOTANICAL_OR_ORGANISM_PREPARATION	Non-FDA / Dietary Supplement	Nutraceutical / Botanical
orchid-tree	BOTANICAL_OR_ORGANISM_PREPARATION	Non-FDA / Dietary Supplement	Nutraceutical / Botanical
oryctolagus-cuniculus-cartilage	BOTANICAL_OR_ORGANISM_PREPARATION	Non-FDA / Dietary Supplement	Nutraceutical / Botanical
nandina	BOTANICAL_OR_ORGANISM_PREPARATION	Non-FDA / Dietary Supplement	Nutraceutical / Botanical
oldenlandia	BOTANICAL_OR_ORGANISM_PREPARATION	Non-FDA / Dietary Supplement	Nutraceutical / Botanical
omega-3-acid-ethyl-esters-type-a	APPROVED_MEDICINE	FDA Approved	Small Molecule
oregon-grape	SUPPLEMENT_INGREDIENT	Non-FDA / Dietary Supplement	Nutraceutical / Botanical
omega-6	SUPPLEMENT_INGREDIENT	Non-FDA / Dietary Supplement	Nutraceutical / Botanical
opuntia-ficus-indica-flower	BOTANICAL_OR_ORGANISM_PREPARATION	Non-FDA / Dietary Supplement	Nutraceutical / Botanical
olea-europaea-leaf-powder	SUPPLEMENT_INGREDIENT	Non-FDA / Dietary Supplement	Nutraceutical / Botanical
neisseria-meningitidis-group-y-capsular-polysaccharide-tetanus-toxoid-conjugate-antigen	INVESTIGATIONAL_MEDICINE	Pre-clinical / Open Source	Recombinant Protein / Biologic
oligosaccharides	SUPPLEMENT_INGREDIENT	Non-FDA / Dietary Supplement	Nutraceutical / Botanical
oriental-ginseng	SUPPLEMENT_INGREDIENT	Non-FDA / Dietary Supplement	Nutraceutical / Botanical
oryza-sativa-whole	BOTANICAL_OR_ORGANISM_PREPARATION	Non-FDA / Dietary Supplement	Nutraceutical / Botanical
oak-bark	SUPPLEMENT_INGREDIENT	Non-FDA / Dietary Supplement	Nutraceutical / Botanical
ornithine-l-aspartic-acid	SUPPLEMENT_INGREDIENT	Non-FDA / Dietary Supplement	Nutraceutical / Botanical
pao-pereira	SUPPLEMENT_INGREDIENT	Non-FDA / Dietary Supplement	Nutraceutical / Botanical
paraffin	SUPPLEMENT_INGREDIENT	Non-FDA / Dietary Supplement	Nutraceutical / Botanical
orchic	SUPPLEMENT_INGREDIENT	Non-FDA / Dietary Supplement	Nutraceutical / Botanical
papaya-seed	BOTANICAL_OR_ORGANISM_PREPARATION	Non-FDA / Dietary Supplement	Nutraceutical / Botanical
omega-3-carboxylic-acids	APPROVED_MEDICINE	FDA Approved	Small Molecule
olea-europaea-pollen	BOTANICAL_OR_ORGANISM_PREPARATION	Non-FDA / Dietary Supplement	Nutraceutical / Botanical
oryctolagus-cuniculus-liver	BOTANICAL_OR_ORGANISM_PREPARATION	Non-FDA / Dietary Supplement	Nutraceutical / Botanical
panax-notoginseng-root	MARKETED_PRODUCT_INGREDIENT	FDA Approved	Nutraceutical / Botanical
paper-mulberry	BOTANICAL_OR_ORGANISM_PREPARATION	Non-FDA / Dietary Supplement	Nutraceutical / Botanical
onosmodium-virginianum-whole	BOTANICAL_OR_ORGANISM_PREPARATION	Non-FDA / Dietary Supplement	Nutraceutical / Botanical
oryctolagus-cuniculus-skin	BOTANICAL_OR_ORGANISM_PREPARATION	Non-FDA / Dietary Supplement	Nutraceutical / Botanical
oryctolagus-cuniculus-thymus	BOTANICAL_OR_ORGANISM_PREPARATION	Non-FDA / Dietary Supplement	Nutraceutical / Botanical
palm-oil	SUPPLEMENT_INGREDIENT	Non-FDA / Dietary Supplement	Nutraceutical / Botanical
operculina-turpethum	BOTANICAL_OR_ORGANISM_PREPARATION	Non-FDA / Dietary Supplement	Nutraceutical / Botanical
passiflora-incarnata-top	BOTANICAL_OR_ORGANISM_PREPARATION	Non-FDA / Dietary Supplement	Nutraceutical / Botanical
pentatropis-capensis	BOTANICAL_OR_ORGANISM_PREPARATION	Non-FDA / Dietary Supplement	Nutraceutical / Botanical
picea-pungens-pollen	BOTANICAL_OR_ORGANISM_PREPARATION	Non-FDA / Dietary Supplement	Nutraceutical / Botanical
oriental-bush-cherry	SUPPLEMENT_INGREDIENT	Non-FDA / Dietary Supplement	Nutraceutical / Botanical
ovary	SUPPLEMENT_INGREDIENT	Non-FDA / Dietary Supplement	Nutraceutical / Botanical
palm-wax	SUPPLEMENT_INGREDIENT	Non-FDA / Dietary Supplement	Nutraceutical / Botanical
perennial-ryegrass	BOTANICAL_OR_ORGANISM_PREPARATION	Non-FDA / Dietary Supplement	Nutraceutical / Botanical
oryctolagus-cuniculus-bone	BOTANICAL_OR_ORGANISM_PREPARATION	Non-FDA / Dietary Supplement	Nutraceutical / Botanical
paeonia-lactiflora-root	BOTANICAL_OR_ORGANISM_PREPARATION	Non-FDA / Dietary Supplement	Nutraceutical / Botanical
panax-ginseng-root-water	OFF_LABEL_OR_COMPOUNDED	Off-Label / Compounded	Nutraceutical / Botanical
osha	BOTANICAL_OR_ORGANISM_PREPARATION	Non-FDA / Dietary Supplement	Nutraceutical / Botanical
oxidase	SUPPLEMENT_INGREDIENT	Non-FDA / Dietary Supplement	Recombinant Protein / Biologic
paeonia-californica-whole	BOTANICAL_OR_ORGANISM_PREPARATION	Non-FDA / Dietary Supplement	Nutraceutical / Botanical
papain	SUPPLEMENT_INGREDIENT	Non-FDA / Dietary Supplement	Nutraceutical / Botanical
parathyroid	SUPPLEMENT_INGREDIENT	Non-FDA / Dietary Supplement	Nutraceutical / Botanical
pedra-hume	SUPPLEMENT_INGREDIENT	Non-FDA / Dietary Supplement	Nutraceutical / Botanical
phosphate-salts	SUPPLEMENT_INGREDIENT	Non-FDA / Dietary Supplement	Nutraceutical / Botanical
phylloquinone-omega-hydroxylase-cyp4f11	SUPPLEMENT_INGREDIENT	Non-FDA / Dietary Supplement	Nutraceutical / Botanical
parotid	SUPPLEMENT_INGREDIENT	Non-FDA / Dietary Supplement	Nutraceutical / Botanical
patchouly-oil	SUPPLEMENT_INGREDIENT	Non-FDA / Dietary Supplement	Nutraceutical / Botanical
petunia-axillaris-whole	BOTANICAL_OR_ORGANISM_PREPARATION	Non-FDA / Dietary Supplement	Nutraceutical / Botanical
pipsissewa	SUPPLEMENT_INGREDIENT	Non-FDA / Dietary Supplement	Nutraceutical / Botanical
paspalum-notatum-pollen	SUPPLEMENT_INGREDIENT	Non-FDA / Dietary Supplement	Nutraceutical / Botanical
pata-de-vaca	SUPPLEMENT_INGREDIENT	Non-FDA / Dietary Supplement	Nutraceutical / Botanical
penstemon-davidsonii-whole	BOTANICAL_OR_ORGANISM_PREPARATION	Non-FDA / Dietary Supplement	Nutraceutical / Botanical
pig	SUPPLEMENT_INGREDIENT	Non-FDA / Dietary Supplement	Nutraceutical / Botanical
yin-chen	SUPPLEMENT_INGREDIENT	Non-FDA / Dietary Supplement	Nutraceutical / Botanical
passalora-fulva	BOTANICAL_OR_ORGANISM_PREPARATION	Non-FDA / Dietary Supplement	Nutraceutical / Botanical
phenols	SUPPLEMENT_INGREDIENT	Non-FDA / Dietary Supplement	Nutraceutical / Botanical
pegademase-bovine	APPROVED_BIOLOGIC	FDA Approved	Recombinant Protein / Biologic
passiflora-incarnata-whole	BOTANICAL_OR_ORGANISM_PREPARATION	Non-FDA / Dietary Supplement	Nutraceutical / Botanical
phenibut	SUPPLEMENT_INGREDIENT	Non-FDA / Dietary Supplement	Small Molecule
phyllanthus	SUPPLEMENT_INGREDIENT	Non-FDA / Dietary Supplement	Nutraceutical / Botanical
pinus-echinata-pollen	BOTANICAL_OR_ORGANISM_PREPARATION	Non-FDA / Dietary Supplement	Nutraceutical / Botanical
pennyroyal	SUPPLEMENT_INGREDIENT	Non-FDA / Dietary Supplement	Nutraceutical / Botanical
petroselinum-crispum-whole	BOTANICAL_OR_ORGANISM_PREPARATION	Non-FDA / Dietary Supplement	Nutraceutical / Botanical
phytase	SUPPLEMENT_INGREDIENT	Non-FDA / Dietary Supplement	Recombinant Protein / Biologic
platanus-x-acerifolia-pollen	BOTANICAL_OR_ORGANISM_PREPARATION	Non-FDA / Dietary Supplement	Nutraceutical / Botanical
phoenix-dactylifera-whole	BOTANICAL_OR_ORGANISM_PREPARATION	Non-FDA / Dietary Supplement	Nutraceutical / Botanical
pilocarpus-jaborandii-whole	SUPPLEMENT_INGREDIENT	Non-FDA / Dietary Supplement	Nutraceutical / Botanical
pinus-ponderosa-pollen	BOTANICAL_OR_ORGANISM_PREPARATION	Non-FDA / Dietary Supplement	Nutraceutical / Botanical
pinus-cembroides-pollen	BOTANICAL_OR_ORGANISM_PREPARATION	Non-FDA / Dietary Supplement	Nutraceutical / Botanical
platanus-occidentalis-bark	BOTANICAL_OR_ORGANISM_PREPARATION	Non-FDA / Dietary Supplement	Nutraceutical / Botanical
plectranthus-barbatus-root	BOTANICAL_OR_ORGANISM_PREPARATION	Non-FDA / Dietary Supplement	Nutraceutical / Botanical
plum-fiber	SUPPLEMENT_INGREDIENT	Non-FDA / Dietary Supplement	Nutraceutical / Botanical
pinus-strobus-cone	SUPPLEMENT_INGREDIENT	Non-FDA / Dietary Supplement	Nutraceutical / Botanical
poliovirus-type-1-antigen	SUPPLEMENT_INGREDIENT	Non-FDA / Dietary Supplement	Nutraceutical / Botanical
poliovirus-type-2-antigen	INVESTIGATIONAL_MEDICINE	Pre-clinical / Open Source	Recombinant Protein / Biologic
arthrobacter-luteus	BOTANICAL_OR_ORGANISM_PREPARATION	Non-FDA / Dietary Supplement	Nutraceutical / Botanical
pinus-sylvestris-pollen	BOTANICAL_OR_ORGANISM_PREPARATION	Non-FDA / Dietary Supplement	Nutraceutical / Botanical
plantago-asiatica-whole	BOTANICAL_OR_ORGANISM_PREPARATION	Non-FDA / Dietary Supplement	Nutraceutical / Botanical
platanus-occidentalis-pollen	BOTANICAL_OR_ORGANISM_PREPARATION	Non-FDA / Dietary Supplement	Nutraceutical / Botanical
poliovirus-type-3-antigen	INVESTIGATIONAL_MEDICINE	Pre-clinical / Open Source	Recombinant Protein / Biologic
polistes-fuscatus-whole	BOTANICAL_OR_ORGANISM_PREPARATION	Non-FDA / Dietary Supplement	Nutraceutical / Botanical
polypeptide	SUPPLEMENT_INGREDIENT	Non-FDA / Dietary Supplement	Peptide / GLP-1 Agonist
protease-inhibitors	SUPPLEMENT_INGREDIENT	Non-FDA / Dietary Supplement	Nutraceutical / Botanical
pleione-bulbocodioides-whole	MARKETED_PRODUCT_INGREDIENT	FDA Approved	Nutraceutical / Botanical
poultry-unspecified	INVESTIGATIONAL_MEDICINE	Pre-clinical / Open Source	Recombinant Protein / Biologic
proline-rich-peptides	SUPPLEMENT_INGREDIENT	Non-FDA / Dietary Supplement	Nutraceutical / Botanical
platycodon-grandiflorum-root	OFF_LABEL_OR_COMPOUNDED	Off-Label / Compounded	Nutraceutical / Botanical
pogoda-tree	SUPPLEMENT_INGREDIENT	Non-FDA / Dietary Supplement	Nutraceutical / Botanical
polyamine	SUPPLEMENT_INGREDIENT	Non-FDA / Dietary Supplement	Nutraceutical / Botanical
polygonatum	BOTANICAL_OR_ORGANISM_PREPARATION	Non-FDA / Dietary Supplement	Nutraceutical / Botanical
pokeweed	SUPPLEMENT_INGREDIENT	Non-FDA / Dietary Supplement	Nutraceutical / Botanical
populus-deltoides-subsp-deltoides-pollen	SUPPLEMENT_INGREDIENT	Non-FDA / Dietary Supplement	Nutraceutical / Botanical
porphyra	BOTANICAL_OR_ORGANISM_PREPARATION	Non-FDA / Dietary Supplement	Nutraceutical / Botanical
protein-hydrolysate	APPROVED_MEDICINE	FDA Approved	Small Molecule
polyporous-mushroom	SUPPLEMENT_INGREDIENT	Non-FDA / Dietary Supplement	Nutraceutical / Botanical
poncirus-trifoliata-fruit	OFF_LABEL_OR_COMPOUNDED	Off-Label / Compounded	Nutraceutical / Botanical
pork	SUPPLEMENT_INGREDIENT	Non-FDA / Dietary Supplement	Nutraceutical / Botanical
potato-yam	BOTANICAL_OR_ORGANISM_PREPARATION	Non-FDA / Dietary Supplement	Nutraceutical / Botanical
propionibacterium-freudenreichii-shermanii	BOTANICAL_OR_ORGANISM_PREPARATION	Non-FDA / Dietary Supplement	Nutraceutical / Botanical
poly-thyronine	SUPPLEMENT_INGREDIENT	Non-FDA / Dietary Supplement	Nutraceutical / Botanical
potato-protein	SUPPLEMENT_INGREDIENT	Non-FDA / Dietary Supplement	Nutraceutical / Botanical
prostate	SUPPLEMENT_INGREDIENT	Non-FDA / Dietary Supplement	Nutraceutical / Botanical
pork-intestine	SUPPLEMENT_INGREDIENT	Non-FDA / Dietary Supplement	Nutraceutical / Botanical
propolis-wax	SUPPLEMENT_INGREDIENT	Non-FDA / Dietary Supplement	Nutraceutical / Botanical
prothrombin-complex-concentrate	APPROVED_BIOLOGIC	FDA Approved	Recombinant Protein / Biologic
punica-granatum-flower	BOTANICAL_OR_ORGANISM_PREPARATION	Non-FDA / Dietary Supplement	Nutraceutical / Botanical
primula-hendersonii-whole	BOTANICAL_OR_ORGANISM_PREPARATION	Non-FDA / Dietary Supplement	Nutraceutical / Botanical
prunus-dulcis-whole	BOTANICAL_OR_ORGANISM_PREPARATION	Non-FDA / Dietary Supplement	Nutraceutical / Botanical
prunus-persica-whole	BOTANICAL_OR_ORGANISM_PREPARATION	Non-FDA / Dietary Supplement	Nutraceutical / Botanical
pubescent-holly	SUPPLEMENT_INGREDIENT	Non-FDA / Dietary Supplement	Nutraceutical / Botanical
propionibacterium-shermanii	BOTANICAL_OR_ORGANISM_PREPARATION	Non-FDA / Dietary Supplement	Nutraceutical / Botanical
proteoglycans	SUPPLEMENT_INGREDIENT	Non-FDA / Dietary Supplement	Nutraceutical / Botanical
pterospermum	BOTANICAL_OR_ORGANISM_PREPARATION	Non-FDA / Dietary Supplement	Nutraceutical / Botanical
punicoside	SUPPLEMENT_INGREDIENT	Non-FDA / Dietary Supplement	Nutraceutical / Botanical
proteinase-inhibitor	SUPPLEMENT_INGREDIENT	Non-FDA / Dietary Supplement	Nutraceutical / Botanical
prunus-persica-var-nucipersica-whole	BOTANICAL_OR_ORGANISM_PREPARATION	Non-FDA / Dietary Supplement	Nutraceutical / Botanical
pulmonaria-officinalis-whole	BOTANICAL_OR_ORGANISM_PREPARATION	Non-FDA / Dietary Supplement	Nutraceutical / Botanical
ancylostoma-duodenale	BOTANICAL_OR_ORGANISM_PREPARATION	Non-FDA / Dietary Supplement	Nutraceutical / Botanical
prunella-vulgaris	BOTANICAL_OR_ORGANISM_PREPARATION	Non-FDA / Dietary Supplement	Nutraceutical / Botanical
coxiella-burnetii	BOTANICAL_OR_ORGANISM_PREPARATION	Non-FDA / Dietary Supplement	Nutraceutical / Botanical
lophophytum-leandrii	BOTANICAL_OR_ORGANISM_PREPARATION	Non-FDA / Dietary Supplement	Nutraceutical / Botanical
rehmannia-glutinosa-root	MARKETED_PRODUCT_INGREDIENT	FDA Approved	Nutraceutical / Botanical
prune	SUPPLEMENT_INGREDIENT	Non-FDA / Dietary Supplement	Nutraceutical / Botanical
purple-loosestrife	BOTANICAL_OR_ORGANISM_PREPARATION	Non-FDA / Dietary Supplement	Nutraceutical / Botanical
arthrobacter-globiformis	BOTANICAL_OR_ORGANISM_PREPARATION	Non-FDA / Dietary Supplement	Nutraceutical / Botanical
bartonella-clarridgeiae	BOTANICAL_OR_ORGANISM_PREPARATION	Non-FDA / Dietary Supplement	Nutraceutical / Botanical
psammosilene	BOTANICAL_OR_ORGANISM_PREPARATION	Non-FDA / Dietary Supplement	Nutraceutical / Botanical
pulex-irritans-whole	BOTANICAL_OR_ORGANISM_PREPARATION	Non-FDA / Dietary Supplement	Nutraceutical / Botanical
agonandra	BOTANICAL_OR_ORGANISM_PREPARATION	Non-FDA / Dietary Supplement	Nutraceutical / Botanical
leuconostoc	BOTANICAL_OR_ORGANISM_PREPARATION	Non-FDA / Dietary Supplement	Nutraceutical / Botanical
pseudotsuga-menziesii-pollen	BOTANICAL_OR_ORGANISM_PREPARATION	Non-FDA / Dietary Supplement	Nutraceutical / Botanical
purslane	MARKETED_PRODUCT_INGREDIENT	FDA Approved	Nutraceutical / Botanical
azospirillum-lipoferum	BOTANICAL_OR_ORGANISM_PREPARATION	Non-FDA / Dietary Supplement	Nutraceutical / Botanical
citrobacter-koseri	BOTANICAL_OR_ORGANISM_PREPARATION	Non-FDA / Dietary Supplement	Nutraceutical / Botanical
irbesartan-hydrochlorothiazide	APPROVED_MEDICINE	FDA Approved	Small Molecule
bartonella-elizabethae	BOTANICAL_OR_ORGANISM_PREPARATION	Non-FDA / Dietary Supplement	Nutraceutical / Botanical
limulus-polyphemus	BOTANICAL_OR_ORGANISM_PREPARATION	Non-FDA / Dietary Supplement	Nutraceutical / Botanical
penicillium-verrucosum	BOTANICAL_OR_ORGANISM_PREPARATION	Non-FDA / Dietary Supplement	Nutraceutical / Botanical
brugia-malayi	BOTANICAL_OR_ORGANISM_PREPARATION	Non-FDA / Dietary Supplement	Nutraceutical / Botanical
echinococcus-granulosus	BOTANICAL_OR_ORGANISM_PREPARATION	Non-FDA / Dietary Supplement	Nutraceutical / Botanical
narcissus-pseudonarcissus	BOTANICAL_OR_ORGANISM_PREPARATION	Non-FDA / Dietary Supplement	Nutraceutical / Botanical
periplaneta-australasiae	BOTANICAL_OR_ORGANISM_PREPARATION	Non-FDA / Dietary Supplement	Nutraceutical / Botanical
candleberry	BOTANICAL_OR_ORGANISM_PREPARATION	Non-FDA / Dietary Supplement	Nutraceutical / Botanical
hortaea-werneckii	BOTANICAL_OR_ORGANISM_PREPARATION	Non-FDA / Dietary Supplement	Nutraceutical / Botanical
plasmodium-knowlesi	BOTANICAL_OR_ORGANISM_PREPARATION	Non-FDA / Dietary Supplement	Nutraceutical / Botanical
cladosporium-herbarum	BOTANICAL_OR_ORGANISM_PREPARATION	Non-FDA / Dietary Supplement	Nutraceutical / Botanical
enterobacter-cloacae	BOTANICAL_OR_ORGANISM_PREPARATION	Non-FDA / Dietary Supplement	Nutraceutical / Botanical
quercus-gambelii-pollen	BOTANICAL_OR_ORGANISM_PREPARATION	Non-FDA / Dietary Supplement	Nutraceutical / Botanical
rheum-officinale-stem	BOTANICAL_OR_ORGANISM_PREPARATION	Non-FDA / Dietary Supplement	Nutraceutical / Botanical
coccinella-septempunctata	BOTANICAL_OR_ORGANISM_PREPARATION	Non-FDA / Dietary Supplement	Nutraceutical / Botanical
dendryphiella-vinosa	INVESTIGATIONAL_MEDICINE	Pre-clinical / Open Source	Nutraceutical / Botanical
pasteurella-multocida	BOTANICAL_OR_ORGANISM_PREPARATION	Non-FDA / Dietary Supplement	Nutraceutical / Botanical
quercus-kelloggii-whole	BOTANICAL_OR_ORGANISM_PREPARATION	Non-FDA / Dietary Supplement	Nutraceutical / Botanical
rhaponticum-carthamoides	BOTANICAL_OR_ORGANISM_PREPARATION	Non-FDA / Dietary Supplement	Nutraceutical / Botanical
enterobacter-aerogenes	BOTANICAL_OR_ORGANISM_PREPARATION	Non-FDA / Dietary Supplement	Nutraceutical / Botanical
red-spiderling	BOTANICAL_OR_ORGANISM_PREPARATION	Non-FDA / Dietary Supplement	Nutraceutical / Botanical
rhodiola-sacra	BOTANICAL_OR_ORGANISM_PREPARATION	Non-FDA / Dietary Supplement	Nutraceutical / Botanical
salvia	BOTANICAL_OR_ORGANISM_PREPARATION	Non-FDA / Dietary Supplement	Nutraceutical / Botanical
flueggea-suffruticosa	BOTANICAL_OR_ORGANISM_PREPARATION	Non-FDA / Dietary Supplement	Nutraceutical / Botanical
loxosceles-reclusa	BOTANICAL_OR_ORGANISM_PREPARATION	Non-FDA / Dietary Supplement	Nutraceutical / Botanical
quercus-kelloggii-pollen	BOTANICAL_OR_ORGANISM_PREPARATION	Non-FDA / Dietary Supplement	Nutraceutical / Botanical
ranunculus-glacialis-whole	BOTANICAL_OR_ORGANISM_PREPARATION	Non-FDA / Dietary Supplement	Nutraceutical / Botanical
mycobacterium-abscessus	BOTANICAL_OR_ORGANISM_PREPARATION	Non-FDA / Dietary Supplement	Nutraceutical / Botanical
penicillium-camemberti	BOTANICAL_OR_ORGANISM_PREPARATION	Non-FDA / Dietary Supplement	Nutraceutical / Botanical
red-clover	BOTANICAL_OR_ORGANISM_PREPARATION	Non-FDA / Dietary Supplement	Nutraceutical / Botanical
rhus-typhina-whole	BOTANICAL_OR_ORGANISM_PREPARATION	Non-FDA / Dietary Supplement	Nutraceutical / Botanical
paenibacillus-macerans	BOTANICAL_OR_ORGANISM_PREPARATION	Non-FDA / Dietary Supplement	Nutraceutical / Botanical
quercus-lobata-pollen	BOTANICAL_OR_ORGANISM_PREPARATION	Non-FDA / Dietary Supplement	Nutraceutical / Botanical
quercus-velutina-pollen	BOTANICAL_OR_ORGANISM_PREPARATION	Non-FDA / Dietary Supplement	Nutraceutical / Botanical
rhizopus-stolonifer	BOTANICAL_OR_ORGANISM_PREPARATION	Non-FDA / Dietary Supplement	Nutraceutical / Botanical
rattus-norvegicus-hair	BOTANICAL_OR_ORGANISM_PREPARATION	Non-FDA / Dietary Supplement	Nutraceutical / Botanical
salix-lutea-pollen	BOTANICAL_OR_ORGANISM_PREPARATION	Non-FDA / Dietary Supplement	Nutraceutical / Botanical
sarracenia-purpurea	BOTANICAL_OR_ORGANISM_PREPARATION	Non-FDA / Dietary Supplement	Nutraceutical / Botanical
shiny-bugleweed	BOTANICAL_OR_ORGANISM_PREPARATION	Non-FDA / Dietary Supplement	Nutraceutical / Botanical
red-currant	BOTANICAL_OR_ORGANISM_PREPARATION	Non-FDA / Dietary Supplement	Nutraceutical / Botanical
rheum-tanguticum-whole	BOTANICAL_OR_ORGANISM_PREPARATION	Non-FDA / Dietary Supplement	Nutraceutical / Botanical
rhododendron-caucasicum	BOTANICAL_OR_ORGANISM_PREPARATION	Non-FDA / Dietary Supplement	Nutraceutical / Botanical
robinia-pseudoacacia-pollen	BOTANICAL_OR_ORGANISM_PREPARATION	Non-FDA / Dietary Supplement	Nutraceutical / Botanical
rhodiola-kirilowii-root	BOTANICAL_OR_ORGANISM_PREPARATION	Non-FDA / Dietary Supplement	Nutraceutical / Botanical
rosa-chinensis-flower	BOTANICAL_OR_ORGANISM_PREPARATION	Non-FDA / Dietary Supplement	Nutraceutical / Botanical
safflower	MARKETED_PRODUCT_INGREDIENT	FDA Approved	Nutraceutical / Botanical
rhododendron-caucasicum-whole	BOTANICAL_OR_ORGANISM_PREPARATION	Non-FDA / Dietary Supplement	Nutraceutical / Botanical
rice-bean	BOTANICAL_OR_ORGANISM_PREPARATION	Non-FDA / Dietary Supplement	Nutraceutical / Botanical
rubia-yunnanensis	BOTANICAL_OR_ORGANISM_PREPARATION	Non-FDA / Dietary Supplement	Nutraceutical / Botanical
salix-nigra-bark	BOTANICAL_OR_ORGANISM_PREPARATION	Non-FDA / Dietary Supplement	Nutraceutical / Botanical
rumex-acetosella-pollen	BOTANICAL_OR_ORGANISM_PREPARATION	Non-FDA / Dietary Supplement	Nutraceutical / Botanical
sepia-esculenta-bone	BOTANICAL_OR_ORGANISM_PREPARATION	Non-FDA / Dietary Supplement	Nutraceutical / Botanical
solanum-dulcamara-stem	BOTANICAL_OR_ORGANISM_PREPARATION	Non-FDA / Dietary Supplement	Nutraceutical / Botanical
solidago-californica-whole	BOTANICAL_OR_ORGANISM_PREPARATION	Non-FDA / Dietary Supplement	Nutraceutical / Botanical
rubus-ursinus-whole	BOTANICAL_OR_ORGANISM_PREPARATION	Non-FDA / Dietary Supplement	Nutraceutical / Botanical
rutabaga	BOTANICAL_OR_ORGANISM_PREPARATION	Non-FDA / Dietary Supplement	Nutraceutical / Botanical
scythian-lamb	BOTANICAL_OR_ORGANISM_PREPARATION	Non-FDA / Dietary Supplement	Nutraceutical / Botanical
silene-californica	BOTANICAL_OR_ORGANISM_PREPARATION	Non-FDA / Dietary Supplement	Nutraceutical / Botanical
rudbeckia-hirta-whole	BOTANICAL_OR_ORGANISM_PREPARATION	Non-FDA / Dietary Supplement	Nutraceutical / Botanical
saraca-indica-bark	BOTANICAL_OR_ORGANISM_PREPARATION	Non-FDA / Dietary Supplement	Nutraceutical / Botanical
sichuan-lovage	BOTANICAL_OR_ORGANISM_PREPARATION	Non-FDA / Dietary Supplement	Nutraceutical / Botanical
rumex-acetosella-whole	BOTANICAL_OR_ORGANISM_PREPARATION	Non-FDA / Dietary Supplement	Nutraceutical / Botanical
salsola-kali-pollen	BOTANICAL_OR_ORGANISM_PREPARATION	Non-FDA / Dietary Supplement	Nutraceutical / Botanical
salvia-rosmarinus-flowering-top	BOTANICAL_OR_ORGANISM_PREPARATION	Non-FDA / Dietary Supplement	Nutraceutical / Botanical
shantung-maple	BOTANICAL_OR_ORGANISM_PREPARATION	Non-FDA / Dietary Supplement	Nutraceutical / Botanical
salsola-kali-whole	BOTANICAL_OR_ORGANISM_PREPARATION	Non-FDA / Dietary Supplement	Nutraceutical / Botanical
sanguisorba-officinalis-root	BOTANICAL_OR_ORGANISM_PREPARATION	Non-FDA / Dietary Supplement	Nutraceutical / Botanical
scutellaria-baicalensis-root	BOTANICAL_OR_ORGANISM_PREPARATION	Non-FDA / Dietary Supplement	Nutraceutical / Botanical
salvia-officinalis-whole	BOTANICAL_OR_ORGANISM_PREPARATION	Non-FDA / Dietary Supplement	Nutraceutical / Botanical
saposhnikovia-divaricata-root	BOTANICAL_OR_ORGANISM_PREPARATION	Non-FDA / Dietary Supplement	Nutraceutical / Botanical
saxifraga-granulata-whole	BOTANICAL_OR_ORGANISM_PREPARATION	Non-FDA / Dietary Supplement	Nutraceutical / Botanical
sequoia-sempervirens-whole	BOTANICAL_OR_ORGANISM_PREPARATION	Non-FDA / Dietary Supplement	Nutraceutical / Botanical
sarocladium-strictum	BOTANICAL_OR_ORGANISM_PREPARATION	Non-FDA / Dietary Supplement	Nutraceutical / Botanical
sea-lettuce	BOTANICAL_OR_ORGANISM_PREPARATION	Non-FDA / Dietary Supplement	Nutraceutical / Botanical
selaginella	BOTANICAL_OR_ORGANISM_PREPARATION	Non-FDA / Dietary Supplement	Nutraceutical / Botanical
sida-cordifolia	BOTANICAL_OR_ORGANISM_PREPARATION	Non-FDA / Dietary Supplement	Nutraceutical / Botanical
sars-cov2	BOTANICAL_OR_ORGANISM_PREPARATION	Non-FDA / Dietary Supplement	Nutraceutical / Botanical
semiaquilegia	BOTANICAL_OR_ORGANISM_PREPARATION	Non-FDA / Dietary Supplement	Nutraceutical / Botanical
senna-occidentalis	BOTANICAL_OR_ORGANISM_PREPARATION	Non-FDA / Dietary Supplement	Nutraceutical / Botanical
sesame-seed	MARKETED_PRODUCT_INGREDIENT	FDA Approved	Nutraceutical / Botanical
schizophyllum	BOTANICAL_OR_ORGANISM_PREPARATION	Non-FDA / Dietary Supplement	Nutraceutical / Botanical
sedum-acre	BOTANICAL_OR_ORGANISM_PREPARATION	Non-FDA / Dietary Supplement	Nutraceutical / Botanical
sesame	BOTANICAL_OR_ORGANISM_PREPARATION	Non-FDA / Dietary Supplement	Nutraceutical / Botanical
stachybotrys-chartarum	BOTANICAL_OR_ORGANISM_PREPARATION	Non-FDA / Dietary Supplement	Nutraceutical / Botanical
senna-alata-leaf	APPROVED_MEDICINE	FDA Approved	Nutraceutical / Botanical
siberian-elm	BOTANICAL_OR_ORGANISM_PREPARATION	Non-FDA / Dietary Supplement	Nutraceutical / Botanical
solanum-dulcamara-whole	BOTANICAL_OR_ORGANISM_PREPARATION	Non-FDA / Dietary Supplement	Nutraceutical / Botanical
solenopsis-invicta	BOTANICAL_OR_ORGANISM_PREPARATION	Non-FDA / Dietary Supplement	Nutraceutical / Botanical
sensitive-plant	BOTANICAL_OR_ORGANISM_PREPARATION	Non-FDA / Dietary Supplement	Nutraceutical / Botanical
shigella-dysenteriae	BOTANICAL_OR_ORGANISM_PREPARATION	Non-FDA / Dietary Supplement	Nutraceutical / Botanical
spinacia-oleracea-root	BOTANICAL_OR_ORGANISM_PREPARATION	Non-FDA / Dietary Supplement	Nutraceutical / Botanical
trifolium-pratense-pollen	BOTANICAL_OR_ORGANISM_PREPARATION	Non-FDA / Dietary Supplement	Nutraceutical / Botanical
silk-tree	BOTANICAL_OR_ORGANISM_PREPARATION	Non-FDA / Dietary Supplement	Nutraceutical / Botanical
simaba-cedron-whole	BOTANICAL_OR_ORGANISM_PREPARATION	Non-FDA / Dietary Supplement	Nutraceutical / Botanical
solidago-virgaurea-pollen	BOTANICAL_OR_ORGANISM_PREPARATION	Non-FDA / Dietary Supplement	Nutraceutical / Botanical
sus-scrofa-ureter	BOTANICAL_OR_ORGANISM_PREPARATION	Non-FDA / Dietary Supplement	Nutraceutical / Botanical
silybum-marianum-whole	BOTANICAL_OR_ORGANISM_PREPARATION	Non-FDA / Dietary Supplement	Nutraceutical / Botanical
solidago-virgaurea-whole	BOTANICAL_OR_ORGANISM_PREPARATION	Non-FDA / Dietary Supplement	Nutraceutical / Botanical
sterculia-urens-whole	MARKETED_PRODUCT_INGREDIENT	FDA Approved	Nutraceutical / Botanical
styphnolobium-japonicum-flower	BOTANICAL_OR_ORGANISM_PREPARATION	Non-FDA / Dietary Supplement	Nutraceutical / Botanical
spatholobus-suberectus	BOTANICAL_OR_ORGANISM_PREPARATION	Non-FDA / Dietary Supplement	Nutraceutical / Botanical
stillingia	BOTANICAL_OR_ORGANISM_PREPARATION	Non-FDA / Dietary Supplement	Nutraceutical / Botanical
tejocote	BOTANICAL_OR_ORGANISM_PREPARATION	Non-FDA / Dietary Supplement	Nutraceutical / Botanical
thymus-satureioides	BOTANICAL_OR_ORGANISM_PREPARATION	Non-FDA / Dietary Supplement	Nutraceutical / Botanical
stemphylium-solani	INVESTIGATIONAL_MEDICINE	Pre-clinical / Open Source	Nutraceutical / Botanical
stillingia-sylvatica-root	BOTANICAL_OR_ORGANISM_PREPARATION	Non-FDA / Dietary Supplement	Nutraceutical / Botanical
sus-scrofa-cartilage	BOTANICAL_OR_ORGANISM_PREPARATION	Non-FDA / Dietary Supplement	Nutraceutical / Botanical
stephania-root	BOTANICAL_OR_ORGANISM_PREPARATION	Non-FDA / Dietary Supplement	Nutraceutical / Botanical
sus-scrofa-hair	BOTANICAL_OR_ORGANISM_PREPARATION	Non-FDA / Dietary Supplement	Nutraceutical / Botanical
tanacetum-vulgare-top	BOTANICAL_OR_ORGANISM_PREPARATION	Non-FDA / Dietary Supplement	Nutraceutical / Botanical
streptococcus-rattus	BOTANICAL_OR_ORGANISM_PREPARATION	Non-FDA / Dietary Supplement	Nutraceutical / Botanical
teucrium-scorodonia-whole	BOTANICAL_OR_ORGANISM_PREPARATION	Non-FDA / Dietary Supplement	Nutraceutical / Botanical
tiger-nut	BOTANICAL_OR_ORGANISM_PREPARATION	Non-FDA / Dietary Supplement	Nutraceutical / Botanical
tsuga-canadensis-whole	BOTANICAL_OR_ORGANISM_PREPARATION	Non-FDA / Dietary Supplement	Nutraceutical / Botanical
streptomyces-griseus	BOTANICAL_OR_ORGANISM_PREPARATION	Non-FDA / Dietary Supplement	Nutraceutical / Botanical
tabebuia-impetiginosa-bark	BOTANICAL_OR_ORGANISM_PREPARATION	Non-FDA / Dietary Supplement	Nutraceutical / Botanical
tangelo	BOTANICAL_OR_ORGANISM_PREPARATION	Non-FDA / Dietary Supplement	Nutraceutical / Botanical
taraxacum-palustre-root	BOTANICAL_OR_ORGANISM_PREPARATION	Non-FDA / Dietary Supplement	Nutraceutical / Botanical
sweet-annie	BOTANICAL_OR_ORGANISM_PREPARATION	Non-FDA / Dietary Supplement	Nutraceutical / Botanical
trifolium-pratense-flower	MARKETED_PRODUCT_INGREDIENT	FDA Approved	Nutraceutical / Botanical
trametes	BOTANICAL_OR_ORGANISM_PREPARATION	Non-FDA / Dietary Supplement	Nutraceutical / Botanical
trichinella-spiralis	BOTANICAL_OR_ORGANISM_PREPARATION	Non-FDA / Dietary Supplement	Nutraceutical / Botanical
taenia-saginata	BOTANICAL_OR_ORGANISM_PREPARATION	Non-FDA / Dietary Supplement	Nutraceutical / Botanical
tonka-bean	BOTANICAL_OR_ORGANISM_PREPARATION	Non-FDA / Dietary Supplement	Nutraceutical / Botanical
trichosanthes	BOTANICAL_OR_ORGANISM_PREPARATION	Non-FDA / Dietary Supplement	Nutraceutical / Botanical
tamarix	BOTANICAL_OR_ORGANISM_PREPARATION	Non-FDA / Dietary Supplement	Nutraceutical / Botanical
tasmannia-lanceolata	BOTANICAL_OR_ORGANISM_PREPARATION	Non-FDA / Dietary Supplement	Nutraceutical / Botanical
tradescantia-occidentalis-whole	BOTANICAL_OR_ORGANISM_PREPARATION	Non-FDA / Dietary Supplement	Nutraceutical / Botanical
turnip	BOTANICAL_OR_ORGANISM_PREPARATION	Non-FDA / Dietary Supplement	Nutraceutical / Botanical
thymus-serpyllum-whole	BOTANICAL_OR_ORGANISM_PREPARATION	Non-FDA / Dietary Supplement	Nutraceutical / Botanical
tinospora-cordifolia	BOTANICAL_OR_ORGANISM_PREPARATION	Non-FDA / Dietary Supplement	Nutraceutical / Botanical
townsendia-exscapa-whole	BOTANICAL_OR_ORGANISM_PREPARATION	Non-FDA / Dietary Supplement	Nutraceutical / Botanical
vladimiria-souliei	BOTANICAL_OR_ORGANISM_PREPARATION	Non-FDA / Dietary Supplement	Nutraceutical / Botanical
thymus-vulgaris-leaf	BOTANICAL_OR_ORGANISM_PREPARATION	Non-FDA / Dietary Supplement	Nutraceutical / Botanical
treponema-denticola	BOTANICAL_OR_ORGANISM_PREPARATION	Non-FDA / Dietary Supplement	Nutraceutical / Botanical
viburnum-opulus-root	BOTANICAL_OR_ORGANISM_PREPARATION	Non-FDA / Dietary Supplement	Nutraceutical / Botanical
trailing-arbutus	BOTANICAL_OR_ORGANISM_PREPARATION	Non-FDA / Dietary Supplement	Nutraceutical / Botanical
triticum-aestivum-pollen	BOTANICAL_OR_ORGANISM_PREPARATION	Non-FDA / Dietary Supplement	Nutraceutical / Botanical
vinca-minor-whole	BOTANICAL_OR_ORGANISM_PREPARATION	Non-FDA / Dietary Supplement	Nutraceutical / Botanical
serinus-canaria-feather	MARKETED_PRODUCT_INGREDIENT	Non-FDA / Dietary Supplement	Nutraceutical / Botanical
trigonella-foenum-graecum-whole	BOTANICAL_OR_ORGANISM_PREPARATION	Non-FDA / Dietary Supplement	Nutraceutical / Botanical
veronica-officinalis-flowering-top	BOTANICAL_OR_ORGANISM_PREPARATION	Non-FDA / Dietary Supplement	Nutraceutical / Botanical
vibrio-cholerae	BOTANICAL_OR_ORGANISM_PREPARATION	Non-FDA / Dietary Supplement	Nutraceutical / Botanical
visnaga-daucoides-fruit	BOTANICAL_OR_ORGANISM_PREPARATION	Non-FDA / Dietary Supplement	Nutraceutical / Botanical
turkey	BOTANICAL_OR_ORGANISM_PREPARATION	Non-FDA / Dietary Supplement	Nutraceutical / Botanical
ulmus-pumila-pollen	BOTANICAL_OR_ORGANISM_PREPARATION	Non-FDA / Dietary Supplement	Nutraceutical / Botanical
uncaria-tomentosa-root	BOTANICAL_OR_ORGANISM_PREPARATION	Non-FDA / Dietary Supplement	Nutraceutical / Botanical
white-poplar	BOTANICAL_OR_ORGANISM_PREPARATION	Non-FDA / Dietary Supplement	Nutraceutical / Botanical
urtica-dioica-subsp-dioica-leaf	BOTANICAL_OR_ORGANISM_PREPARATION	Non-FDA / Dietary Supplement	Nutraceutical / Botanical
valeriana-officinalis-rhizome-root	BOTANICAL_OR_ORGANISM_PREPARATION	Non-FDA / Dietary Supplement	Nutraceutical / Botanical
veronica-beccabunga	BOTANICAL_OR_ORGANISM_PREPARATION	Non-FDA / Dietary Supplement	Nutraceutical / Botanical
white-sandalwood	BOTANICAL_OR_ORGANISM_PREPARATION	Non-FDA / Dietary Supplement	Nutraceutical / Botanical
urtica-urens-whole	BOTANICAL_OR_ORGANISM_PREPARATION	Non-FDA / Dietary Supplement	Nutraceutical / Botanical
vincetoxicum-indicum-leaf	BOTANICAL_OR_ORGANISM_PREPARATION	Non-FDA / Dietary Supplement	Nutraceutical / Botanical
xylaria-nigripes	BOTANICAL_OR_ORGANISM_PREPARATION	Non-FDA / Dietary Supplement	Nutraceutical / Botanical
yucca-filamentosa-whole	BOTANICAL_OR_ORGANISM_PREPARATION	Non-FDA / Dietary Supplement	Nutraceutical / Botanical
vincetoxicum-pycnostelma	BOTANICAL_OR_ORGANISM_PREPARATION	Non-FDA / Dietary Supplement	Nutraceutical / Botanical
wrightia-tinctoria	BOTANICAL_OR_ORGANISM_PREPARATION	Non-FDA / Dietary Supplement	Nutraceutical / Botanical
wuchereria-bancrofti	BOTANICAL_OR_ORGANISM_PREPARATION	Non-FDA / Dietary Supplement	Nutraceutical / Botanical
coco-glycerides	MARKETED_PRODUCT_INGREDIENT	FDA Approved	Small Molecule
white-willow	BOTANICAL_OR_ORGANISM_PREPARATION	Non-FDA / Dietary Supplement	Nutraceutical / Botanical
2000-mw	MARKETED_PRODUCT_INGREDIENT	FDA Approved	Small Molecule
tin-monoarsenide	MARKETED_PRODUCT_INGREDIENT	Non-FDA / Dietary Supplement	Nutraceutical / Botanical
pumice	MARKETED_PRODUCT_INGREDIENT	Non-FDA / Dietary Supplement	Nutraceutical / Botanical
xanthoparmelia	BOTANICAL_OR_ORGANISM_PREPARATION	Non-FDA / Dietary Supplement	Nutraceutical / Botanical
zantedeschia-aethiopica-flower	BOTANICAL_OR_ORGANISM_PREPARATION	Non-FDA / Dietary Supplement	Nutraceutical / Botanical
rhus-aromatica-root-bark	MARKETED_PRODUCT_INGREDIENT	Non-FDA / Dietary Supplement	Nutraceutical / Botanical
sus-scrofa-artery	MARKETED_PRODUCT_INGREDIENT	Non-FDA / Dietary Supplement	Nutraceutical / Botanical
yellow-fruit-nightshade	BOTANICAL_OR_ORGANISM_PREPARATION	Non-FDA / Dietary Supplement	Nutraceutical / Botanical
salmonella-enterica-enterica-serovar-enteritidis	MARKETED_PRODUCT_INGREDIENT	Non-FDA / Dietary Supplement	Nutraceutical / Botanical
sus-scrofa-vein	SUPPLEMENT_INGREDIENT	Non-FDA / Dietary Supplement	Nutraceutical / Botanical
sus-scrofa-cerebellum	MARKETED_PRODUCT_INGREDIENT	Non-FDA / Dietary Supplement	Nutraceutical / Botanical
diethylamino-hydroxybenzoyl-hexyl	MARKETED_PRODUCT_INGREDIENT	FDA Approved	Small Molecule
cobaltous	SUPPLEMENT_INGREDIENT	Non-FDA / Dietary Supplement	Nutraceutical / Botanical
pyrethrum-extract	MARKETED_PRODUCT_INGREDIENT	FDA Approved	Recombinant Protein / Biologic
gamboge	MARKETED_PRODUCT_INGREDIENT	Non-FDA / Dietary Supplement	Nutraceutical / Botanical
apc-356434	MARKETED_PRODUCT_INGREDIENT	Non-FDA / Dietary Supplement	Nutraceutical / Botanical
cresol	MARKETED_PRODUCT_INGREDIENT	Non-FDA / Dietary Supplement	Nutraceutical / Botanical
streptococcus-pneumoniae-type-6a-capsular-polysaccharide-diphtheria-crm197-protein-conjugate	INVESTIGATIONAL_MEDICINE	Pre-clinical / Open Source	Recombinant Protein / Biologic
streptococcus-pneumoniae-type-19a-capsular-polysaccharide-diphtheria-crm197-protein-conjugat	INVESTIGATIONAL_MEDICINE	Pre-clinical / Open Source	Recombinant Protein / Biologic
lard	MARKETED_PRODUCT_INGREDIENT	Non-FDA / Dietary Supplement	Nutraceutical / Botanical
streptococcus-pneumoniae-type-1-capsular-polysaccharide-antigen	INVESTIGATIONAL_MEDICINE	Pre-clinical / Open Source	Recombinant Protein / Biologic
sus-scrofa-gallbladder	MARKETED_PRODUCT_INGREDIENT	Non-FDA / Dietary Supplement	Nutraceutical / Botanical
sus-scrofa-joint-capsule	MARKETED_PRODUCT_INGREDIENT	Non-FDA / Dietary Supplement	Nutraceutical / Botanical
streptococcus-pneumoniae-type-1-capsular-polysaccharide-diphtheria-crm197-protein-conjugate	INVESTIGATIONAL_MEDICINE	Pre-clinical / Open Source	Recombinant Protein / Biologic
star-anise-fruit	MARKETED_PRODUCT_INGREDIENT	Non-FDA / Dietary Supplement	Nutraceutical / Botanical
benzo-pyrene	MARKETED_PRODUCT_INGREDIENT	Non-FDA / Dietary Supplement	Nutraceutical / Botanical
streptococcus-pneumoniae-type-4-capsular-polysaccharide-diphtheria-crm197-protein-conjugate	INVESTIGATIONAL_MEDICINE	Pre-clinical / Open Source	Recombinant Protein / Biologic
mercurous	MARKETED_PRODUCT_INGREDIENT	Non-FDA / Dietary Supplement	Nutraceutical / Botanical
aflibercept-yszy	APPROVED_BIOLOGIC	FDA Approved	Recombinant Protein / Biologic
streptococcus-pneumoniae-type-6b-capsular-polysaccharide-antigen	INVESTIGATIONAL_MEDICINE	Pre-clinical / Open Source	Recombinant Protein / Biologic
streptococcus-pneumoniae-type-5-capsular-polysaccharide-diphtheria-crm197-protein-conjugate	INVESTIGATIONAL_MEDICINE	Pre-clinical / Open Source	Recombinant Protein / Biologic
sus-scrofa-lung	MARKETED_PRODUCT_INGREDIENT	Non-FDA / Dietary Supplement	Nutraceutical / Botanical
sodium-tripolyphosphate	SUPPLEMENT_INGREDIENT	Non-FDA / Dietary Supplement	Nutraceutical / Botanical
tea-leaf	SUPPLEMENT_INGREDIENT	Non-FDA / Dietary Supplement	Nutraceutical / Botanical
sus-scrofa-nasal-mucosa	MARKETED_PRODUCT_INGREDIENT	Non-FDA / Dietary Supplement	Nutraceutical / Botanical
sassafras-albidum-root-bark	MARKETED_PRODUCT_INGREDIENT	Non-FDA / Dietary Supplement	Nutraceutical / Botanical
streptococcus-pneumoniae-type-3-capsular-polysaccharide-antigen	INVESTIGATIONAL_MEDICINE	Pre-clinical / Open Source	Recombinant Protein / Biologic
geotrichum-candidum	MARKETED_PRODUCT_INGREDIENT	Non-FDA / Dietary Supplement	Nutraceutical / Botanical
streptococcus-pneumoniae-type-5-capsular-polysaccharide-antigen	INVESTIGATIONAL_MEDICINE	Pre-clinical / Open Source	Recombinant Protein / Biologic
streptococcus-pneumoniae-type-12f-capsular-polysaccharide-antigen	INVESTIGATIONAL_MEDICINE	Pre-clinical / Open Source	Recombinant Protein / Biologic
streptococcus-pneumoniae-type-22f-capsular-polysaccharide-antigen	INVESTIGATIONAL_MEDICINE	Pre-clinical / Open Source	Recombinant Protein / Biologic
sus-scrofa-intervertebral-disc	MARKETED_PRODUCT_INGREDIENT	Non-FDA / Dietary Supplement	Nutraceutical / Botanical
shrimp-unspecified	MARKETED_PRODUCT_INGREDIENT	Non-FDA / Dietary Supplement	Nutraceutical / Botanical
streptococcus-pneumoniae-type-9v-capsular-polysaccharide-antigen	INVESTIGATIONAL_MEDICINE	Pre-clinical / Open Source	Recombinant Protein / Biologic
sus-scrofa-diencephalon	MARKETED_PRODUCT_INGREDIENT	Non-FDA / Dietary Supplement	Nutraceutical / Botanical
infliximab-abda	APPROVED_BIOLOGIC	FDA Approved	Recombinant Protein / Biologic
streptococcus-pneumoniae-type-4-capsular-polysaccharide-antigen	INVESTIGATIONAL_MEDICINE	Pre-clinical / Open Source	Recombinant Protein / Biologic
streptococcus-pneumoniae-type-23f-capsular-polysaccharide-antigen	INVESTIGATIONAL_MEDICINE	Pre-clinical / Open Source	Recombinant Protein / Biologic
salmon-unspecified	MARKETED_PRODUCT_INGREDIENT	Non-FDA / Dietary Supplement	Nutraceutical / Botanical
saccharomyces-lysate	MARKETED_PRODUCT_INGREDIENT	FDA Approved	Small Molecule
sus-scrofa-ileum	MARKETED_PRODUCT_INGREDIENT	Non-FDA / Dietary Supplement	Nutraceutical / Botanical
sus-scrofa-thalamus	MARKETED_PRODUCT_INGREDIENT	Non-FDA / Dietary Supplement	Nutraceutical / Botanical
2000-5000-mw	MARKETED_PRODUCT_INGREDIENT	FDA Approved	Small Molecule
latiglutenase	MARKETED_PRODUCT_INGREDIENT	Non-FDA / Dietary Supplement	Recombinant Protein / Biologic
royal-jelly	SUPPLEMENT_INGREDIENT	Non-FDA / Dietary Supplement	Nutraceutical / Botanical
technetium-tc-99m-medronate-kit	APPROVED_MEDICINE	FDA Approved	Small Molecule
sutilains	APPROVED_MEDICINE	FDA Approved	Small Molecule
polyacrylamide-crosslinked	MARKETED_PRODUCT_INGREDIENT	FDA Approved	Small Molecule
wood-tar-hydrocarbon-distillate	MARKETED_PRODUCT_INGREDIENT	Non-FDA / Dietary Supplement	Nutraceutical / Botanical
sodium-palmate	MARKETED_PRODUCT_INGREDIENT	FDA Approved	Small Molecule
pussywillow	SUPPLEMENT_INGREDIENT	Non-FDA / Dietary Supplement	Nutraceutical / Botanical
quahog-unspecified	MARKETED_PRODUCT_INGREDIENT	Non-FDA / Dietary Supplement	Nutraceutical / Botanical
xylene	MARKETED_PRODUCT_INGREDIENT	Non-FDA / Dietary Supplement	Nutraceutical / Botanical
technetium-tc-99m-pyrophosphate-kit	APPROVED_MEDICINE	FDA Approved	Small Molecule
vitis-vinifera-seed-oil	MARKETED_PRODUCT_INGREDIENT	FDA Approved	Nutraceutical / Botanical
casanthranol	MARKETED_PRODUCT_INGREDIENT	Non-FDA / Dietary Supplement	Nutraceutical / Botanical
linvoseltamab-gcpt	APPROVED_BIOLOGIC	FDA Approved	Recombinant Protein / Biologic
13-ethyl-3-methoxy-gona-2-5-diene-17-one	SUPPLEMENT_INGREDIENT	Non-FDA / Dietary Supplement	Nutraceutical / Botanical
sodium-tripolyphosphate-unspecified-form	MARKETED_PRODUCT_INGREDIENT	Non-FDA / Dietary Supplement	Nutraceutical / Botanical
sus-scrofa-capillary-tissue	MARKETED_PRODUCT_INGREDIENT	Non-FDA / Dietary Supplement	Nutraceutical / Botanical
thallous	MARKETED_PRODUCT_INGREDIENT	Non-FDA / Dietary Supplement	Nutraceutical / Botanical
tyloxapol	APPROVED_MEDICINE	FDA Approved	Small Molecule
soy-protein	SUPPLEMENT_INGREDIENT	Non-FDA / Dietary Supplement	Nutraceutical / Botanical
1-3-bis-urea	MARKETED_PRODUCT_INGREDIENT	Non-FDA / Dietary Supplement	Nutraceutical / Botanical
sodium-cocoate	MARKETED_PRODUCT_INGREDIENT	FDA Approved	Small Molecule
technetium-tc-99m-albumin-aggregated-kit	APPROVED_BIOLOGIC	FDA Approved	Recombinant Protein / Biologic
ardeparin	APPROVED_MEDICINE	FDA Approved	Small Molecule
technetium-tc-99m-gluceptate-kit	APPROVED_MEDICINE	FDA Approved	Small Molecule
fibrinolysin	APPROVED_BIOLOGIC	FDA Approved	Recombinant Protein / Biologic
trastuzumab-strf	APPROVED_BIOLOGIC	FDA Approved	Recombinant Protein / Biologic
leontopodium-alpinum	OFF_LABEL_OR_COMPOUNDED	Off-Label / Compounded	Small Molecule
omalizumab-igec	APPROVED_BIOLOGIC	FDA Approved	Recombinant Protein / Biologic
18-methylestr-4-en-3-one-17b-ol	SUPPLEMENT_INGREDIENT	Non-FDA / Dietary Supplement	Nutraceutical / Botanical
aflibercept-abzv	APPROVED_BIOLOGIC	FDA Approved	Recombinant Protein / Biologic
arabinoxylan	SUPPLEMENT_INGREDIENT	Non-FDA / Dietary Supplement	Nutraceutical / Botanical
lacquertree	SUPPLEMENT_INGREDIENT	Non-FDA / Dietary Supplement	Nutraceutical / Botanical
polythiazide	APPROVED_MEDICINE	FDA Approved	Small Molecule
17a-methyl-1-4-androstadiene-3b-17b-diol	SUPPLEMENT_INGREDIENT	Non-FDA / Dietary Supplement	Nutraceutical / Botanical
5-methyltetrahydrofolate-glucosamine	SUPPLEMENT_INGREDIENT	Non-FDA / Dietary Supplement	Nutraceutical / Botanical
elemi	SUPPLEMENT_INGREDIENT	Non-FDA / Dietary Supplement	Nutraceutical / Botanical
etanercept-szzs	APPROVED_BIOLOGIC	FDA Approved	Recombinant Protein / Biologic
technetium-tc-99m-albumin-colloid-kit	APPROVED_BIOLOGIC	FDA Approved	Recombinant Protein / Biologic
1-3-n-dipropyl-7-propargylxanthine	SUPPLEMENT_INGREDIENT	Non-FDA / Dietary Supplement	Nutraceutical / Botanical
galbanum	SUPPLEMENT_INGREDIENT	Non-FDA / Dietary Supplement	Nutraceutical / Botanical
4-phytase	SUPPLEMENT_INGREDIENT	Non-FDA / Dietary Supplement	Recombinant Protein / Biologic
cowpea	SUPPLEMENT_INGREDIENT	Non-FDA / Dietary Supplement	Nutraceutical / Botanical
formosan-sweet-gum	SUPPLEMENT_INGREDIENT	Non-FDA / Dietary Supplement	Nutraceutical / Botanical
gluthathione	SUPPLEMENT_INGREDIENT	Non-FDA / Dietary Supplement	Nutraceutical / Botanical
5-alpha-furostan-12-one-3-beta-22-26-triol	SUPPLEMENT_INGREDIENT	Non-FDA / Dietary Supplement	Nutraceutical / Botanical
methylpentane	SUPPLEMENT_INGREDIENT	Non-FDA / Dietary Supplement	Nutraceutical / Botanical
qin-jiao	SUPPLEMENT_INGREDIENT	Non-FDA / Dietary Supplement	Nutraceutical / Botanical
sandalwood	SUPPLEMENT_INGREDIENT	Non-FDA / Dietary Supplement	Nutraceutical / Botanical
anserina	SUPPLEMENT_INGREDIENT	Non-FDA / Dietary Supplement	Nutraceutical / Botanical
rennet	SUPPLEMENT_INGREDIENT	Non-FDA / Dietary Supplement	Nutraceutical / Botanical
rice-flour	SUPPLEMENT_INGREDIENT	Non-FDA / Dietary Supplement	Nutraceutical / Botanical
southern-elder	SUPPLEMENT_INGREDIENT	Non-FDA / Dietary Supplement	Nutraceutical / Botanical
cicada	SUPPLEMENT_INGREDIENT	Non-FDA / Dietary Supplement	Nutraceutical / Botanical
red-yeast	SUPPLEMENT_INGREDIENT	Non-FDA / Dietary Supplement	Nutraceutical / Botanical
sangre-de-grado	SUPPLEMENT_INGREDIENT	Non-FDA / Dietary Supplement	Nutraceutical / Botanical
kokam	SUPPLEMENT_INGREDIENT	Non-FDA / Dietary Supplement	Nutraceutical / Botanical
savory	SUPPLEMENT_INGREDIENT	Non-FDA / Dietary Supplement	Nutraceutical / Botanical
servicetree	SUPPLEMENT_INGREDIENT	Non-FDA / Dietary Supplement	Nutraceutical / Botanical
lactucarium	SUPPLEMENT_INGREDIENT	Non-FDA / Dietary Supplement	Nutraceutical / Botanical
pseudomonas-calcis	SUPPLEMENT_INGREDIENT	Non-FDA / Dietary Supplement	Nutraceutical / Botanical
sausage-tree	SUPPLEMENT_INGREDIENT	Non-FDA / Dietary Supplement	Nutraceutical / Botanical
raspberry-ketones	SUPPLEMENT_INGREDIENT	Non-FDA / Dietary Supplement	Nutraceutical / Botanical
rice-fiber	SUPPLEMENT_INGREDIENT	Non-FDA / Dietary Supplement	Nutraceutical / Botanical
shell	SUPPLEMENT_INGREDIENT	Non-FDA / Dietary Supplement	Nutraceutical / Botanical
siberian-solomons-seal	SUPPLEMENT_INGREDIENT	Non-FDA / Dietary Supplement	Nutraceutical / Botanical
red-alder	SUPPLEMENT_INGREDIENT	Non-FDA / Dietary Supplement	Nutraceutical / Botanical
seratonin	SUPPLEMENT_INGREDIENT	Non-FDA / Dietary Supplement	Nutraceutical / Botanical
sichuan-teasel	SUPPLEMENT_INGREDIENT	Non-FDA / Dietary Supplement	Nutraceutical / Botanical
southern-prickly-ash	SUPPLEMENT_INGREDIENT	Non-FDA / Dietary Supplement	Nutraceutical / Botanical
red-soapwort	SUPPLEMENT_INGREDIENT	Non-FDA / Dietary Supplement	Nutraceutical / Botanical
rhammetin	SUPPLEMENT_INGREDIENT	Non-FDA / Dietary Supplement	Nutraceutical / Botanical
scurfy-pea	SUPPLEMENT_INGREDIENT	Non-FDA / Dietary Supplement	Nutraceutical / Botanical
siberian-ginseng	SUPPLEMENT_INGREDIENT	Non-FDA / Dietary Supplement	Nutraceutical / Botanical
rice-syrup	SUPPLEMENT_INGREDIENT	Non-FDA / Dietary Supplement	Nutraceutical / Botanical
seaweed	SUPPLEMENT_INGREDIENT	Non-FDA / Dietary Supplement	Nutraceutical / Botanical
solomons-seal	SUPPLEMENT_INGREDIENT	Non-FDA / Dietary Supplement	Nutraceutical / Botanical
sweet-goldenrod	SUPPLEMENT_INGREDIENT	Non-FDA / Dietary Supplement	Nutraceutical / Botanical
sete-sangrias	SUPPLEMENT_INGREDIENT	Non-FDA / Dietary Supplement	Nutraceutical / Botanical
soy-monoglyceride	SUPPLEMENT_INGREDIENT	Non-FDA / Dietary Supplement	Nutraceutical / Botanical
spikenard	SUPPLEMENT_INGREDIENT	Non-FDA / Dietary Supplement	Nutraceutical / Botanical
taurine-arginine-alpha-ketoglutarate	SUPPLEMENT_INGREDIENT	Non-FDA / Dietary Supplement	Nutraceutical / Botanical
shen-qu	SUPPLEMENT_INGREDIENT	Non-FDA / Dietary Supplement	Nutraceutical / Botanical
soy-unsaponifiables	SUPPLEMENT_INGREDIENT	Non-FDA / Dietary Supplement	Nutraceutical / Botanical
tayuya	SUPPLEMENT_INGREDIENT	Non-FDA / Dietary Supplement	Nutraceutical / Botanical
shrubby-sophora	SUPPLEMENT_INGREDIENT	Non-FDA / Dietary Supplement	Nutraceutical / Botanical
soy	SUPPLEMENT_INGREDIENT	Non-FDA / Dietary Supplement	Nutraceutical / Botanical
tea-polyphenol	SUPPLEMENT_INGREDIENT	Non-FDA / Dietary Supplement	Nutraceutical / Botanical
thaumatin	SUPPLEMENT_INGREDIENT	Non-FDA / Dietary Supplement	Nutraceutical / Botanical
spiny-restharrow	SUPPLEMENT_INGREDIENT	Non-FDA / Dietary Supplement	Nutraceutical / Botanical
steviol-glycoside	SUPPLEMENT_INGREDIENT	Non-FDA / Dietary Supplement	Nutraceutical / Botanical
terpenoids	SUPPLEMENT_INGREDIENT	Non-FDA / Dietary Supplement	Nutraceutical / Botanical
vidanga	SUPPLEMENT_INGREDIENT	Non-FDA / Dietary Supplement	Nutraceutical / Botanical
stone-root	SUPPLEMENT_INGREDIENT	Non-FDA / Dietary Supplement	Nutraceutical / Botanical
teasel	SUPPLEMENT_INGREDIENT	Non-FDA / Dietary Supplement	Nutraceutical / Botanical
toothache-plant	SUPPLEMENT_INGREDIENT	Non-FDA / Dietary Supplement	Nutraceutical / Botanical
water-plantain	SUPPLEMENT_INGREDIENT	Non-FDA / Dietary Supplement	Nutraceutical / Botanical
tall-buckwheat	SUPPLEMENT_INGREDIENT	Non-FDA / Dietary Supplement	Nutraceutical / Botanical
terpenoid	SUPPLEMENT_INGREDIENT	Non-FDA / Dietary Supplement	Nutraceutical / Botanical
valine-alpha-ketoglutarate	SUPPLEMENT_INGREDIENT	Non-FDA / Dietary Supplement	Nutraceutical / Botanical
tea	SUPPLEMENT_INGREDIENT	Non-FDA / Dietary Supplement	Nutraceutical / Botanical
thistle	SUPPLEMENT_INGREDIENT	Non-FDA / Dietary Supplement	Nutraceutical / Botanical
watermelon-protein	SUPPLEMENT_INGREDIENT	Non-FDA / Dietary Supplement	Nutraceutical / Botanical
teri-pod	SUPPLEMENT_INGREDIENT	Non-FDA / Dietary Supplement	Nutraceutical / Botanical
white-nettle	SUPPLEMENT_INGREDIENT	Non-FDA / Dietary Supplement	Nutraceutical / Botanical
willow	SUPPLEMENT_INGREDIENT	Non-FDA / Dietary Supplement	Nutraceutical / Botanical
valerian-root	SUPPLEMENT_INGREDIENT	Non-FDA / Dietary Supplement	Nutraceutical / Botanical
vietnamese-sophora	SUPPLEMENT_INGREDIENT	Non-FDA / Dietary Supplement	Nutraceutical / Botanical
trisulfapyrimidines	APPROVED_MEDICINE	FDA Approved	Small Molecule
vegetable-wax	SUPPLEMENT_INGREDIENT	Non-FDA / Dietary Supplement	Nutraceutical / Botanical
woolly-grass	SUPPLEMENT_INGREDIENT	Non-FDA / Dietary Supplement	Nutraceutical / Botanical
efalizumab	WITHDRAWN_MEDICINE	Withdrawn from Market	Monoclonal Antibody (mAb)
wheatgrass	SUPPLEMENT_INGREDIENT	Non-FDA / Dietary Supplement	Nutraceutical / Botanical
willow-bracket	SUPPLEMENT_INGREDIENT	Non-FDA / Dietary Supplement	Nutraceutical / Botanical
white-kidney-bean	SUPPLEMENT_INGREDIENT	Non-FDA / Dietary Supplement	Nutraceutical / Botanical
yerba-santa	SUPPLEMENT_INGREDIENT	Non-FDA / Dietary Supplement	Nutraceutical / Botanical
zinc-lipoic-acid	SUPPLEMENT_INGREDIENT	Non-FDA / Dietary Supplement	Nutraceutical / Botanical
