route,surface,owner,local_status,prod_status,local_robots,prod_robots,local_xrobots,prod_xrobots,canonical,canonical_self,in_sitemap,jsonld_types,title_len,desc_len,h1_count,local_etag,prod_etag,content_encoding,local_ms,prod_ms,note
/,(root),build/prerender.js singleton + app.js,200,200,"index,follow,max-image-preview:large,max-snippet:-1,max-video-preview:-1","index,follow,max-image-preview:large,max-snippet:-1,max-video-preview:-1",,,https://rnawiki.com/,true,true,BreadcrumbList|ListItem|WebSite|SearchAction|EntryPoint|Organization,60,145,1,yes,no,br,152,1261,
/about,about,build/prerender.js singleton + app.js,200,200,"index,follow,max-image-preview:large,max-snippet:-1,max-video-preview:-1","index,follow,max-image-preview:large,max-snippet:-1,max-video-preview:-1",,,https://rnawiki.com/about,true,true,BreadcrumbList|ListItem|WebPage,58,154,1,yes,no,br,91,904,
/admin,admin,"site/app.js route() only (SPA_ONLY_ROUTES, server.js:2900)",200,200,"noindex,nofollow","index,follow,max-image-preview:large","noindex, nofollow",,https://rnawiki.com/,false,false,WebSite|SearchAction,67,251,0,yes,no,br,129,896,"canonical points elsewhere: https://rnawiki.com/; PROD INDEXABLE, branch noindexes it"
/anatomy,anatomy,build/prerender.js singleton + app.js,200,200,"index,follow,max-image-preview:large,max-snippet:-1,max-video-preview:-1","index,follow,max-image-preview:large,max-snippet:-1,max-video-preview:-1",,,https://rnawiki.com/anatomy,true,true,BreadcrumbList|ListItem|WebPage,51,152,1,yes,no,br,95,1337,
/az,az,build/prerender.js singleton + app.js,200,200,"index,follow,max-image-preview:large,max-snippet:-1,max-video-preview:-1","index,follow,max-image-preview:large,max-snippet:-1,max-video-preview:-1",,,https://rnawiki.com/az,true,true,BreadcrumbList|ListItem|WebPage,31,146,1,yes,no,br,96,899,
/body,body,build/prerender.js + site/bodymap.js,200,200,"index,follow,max-image-preview:large,max-snippet:-1,max-video-preview:-1","index,follow,max-image-preview:large,max-snippet:-1,max-video-preview:-1",,,https://rnawiki.com/body/leg,false,true,BreadcrumbList|ListItem|WebPage,60,143,1,yes,no,br,97,887,canonical points elsewhere: https://rnawiki.com/body/leg
/body/leg,body,build/prerender.js + site/bodymap.js,200,200,"index,follow,max-image-preview:large,max-snippet:-1,max-video-preview:-1","index,follow,max-image-preview:large,max-snippet:-1,max-video-preview:-1",,,https://rnawiki.com/body/leg,true,true,BreadcrumbList|ListItem|WebPage,60,143,1,yes,no,br,101,891,
/browse,browse,build/prerender.js singleton + app.js,200,200,"index,follow,max-image-preview:large,max-snippet:-1,max-video-preview:-1","index,follow,max-image-preview:large,max-snippet:-1,max-video-preview:-1",,,https://rnawiki.com/browse,true,true,BreadcrumbList|ListItem|WebPage,38,125,1,yes,no,br,104,896,
/c/17-estradiol,c,build/prerender.js + app.js route(),200,200,"index,follow,max-image-preview:large,max-snippet:-1,max-video-preview:-1","index,follow,max-image-preview:large,max-snippet:-1,max-video-preview:-1",,,https://rnawiki.com/c/17-estradiol,true,true,BreadcrumbList|ListItem|MedicalWebPage|Drug|FAQPage|Question|Answer,53,136,1,yes,no,br,109,898,
/c/2-4-dinitrophenol-dnp,c,build/prerender.js + app.js route(),200,200,"index,follow,max-image-preview:large,max-snippet:-1,max-video-preview:-1","index,follow,max-image-preview:large,max-snippet:-1,max-video-preview:-1",,,https://rnawiki.com/c/2-4-dinitrophenol-dnp,true,true,BreadcrumbList|ListItem|MedicalWebPage|Drug|FAQPage|Question|Answer,51,153,1,yes,no,br,104,899,
/c/5-htp-l-tryptophan,c,build/prerender.js + app.js route(),200,200,"index,follow,max-image-preview:large,max-snippet:-1,max-video-preview:-1","index,follow,max-image-preview:large,max-snippet:-1,max-video-preview:-1",,,https://rnawiki.com/c/5-htp-l-tryptophan,true,true,BreadcrumbList|ListItem|MedicalWebPage|Drug|FAQPage|Question|Answer,59,127,1,yes,no,br,110,897,
/c/acarbose,c,build/prerender.js + app.js route(),200,200,"index,follow,max-image-preview:large,max-snippet:-1,max-video-preview:-1","index,follow,max-image-preview:large,max-snippet:-1,max-video-preview:-1",,,https://rnawiki.com/c/acarbose,true,true,BreadcrumbList|ListItem|MedicalWebPage|Drug|FAQPage|Question|Answer,47,143,1,yes,no,br,112,894,
/c/acetyl-l-carnitine-alcar,c,build/prerender.js + app.js route(),200,200,"index,follow,max-image-preview:large,max-snippet:-1,max-video-preview:-1","index,follow,max-image-preview:large,max-snippet:-1,max-video-preview:-1",,,https://rnawiki.com/c/acetyl-l-carnitine-alcar,true,true,BreadcrumbList|ListItem|MedicalWebPage|Drug|FAQPage|Question|Answer,54,153,1,yes,no,br,54,259,
/c/agmatine-glycerol-theacrine-brief,c,build/prerender.js + app.js route(),200,200,"index,follow,max-image-preview:large,max-snippet:-1,max-video-preview:-1","index,follow,max-image-preview:large,max-snippet:-1,max-video-preview:-1",,,https://rnawiki.com/c/agmatine-glycerol-theacrine-brief,true,true,BreadcrumbList|ListItem|MedicalWebPage|Drug,57,151,1,yes,no,br,48,270,
/c/alpha-gpc,c,build/prerender.js + app.js route(),200,200,"index,follow,max-image-preview:large,max-snippet:-1,max-video-preview:-1","index,follow,max-image-preview:large,max-snippet:-1,max-video-preview:-1",,,https://rnawiki.com/c/alpha-gpc,true,true,BreadcrumbList|ListItem|MedicalWebPage|Drug|FAQPage|Question|Answer,48,142,1,yes,no,br,46,282,
/c/alpha-lipoic-acid-ala,c,build/prerender.js + app.js route(),200,200,"index,follow,max-image-preview:large,max-snippet:-1,max-video-preview:-1","index,follow,max-image-preview:large,max-snippet:-1,max-video-preview:-1",,,https://rnawiki.com/c/alpha-lipoic-acid-ala,true,true,BreadcrumbList|ListItem|MedicalWebPage|Drug|FAQPage|Question|Answer,51,153,1,yes,no,br,41,244,
/c/amphetamine-adderall-lisdexamfetamine-vyvanse,c,build/prerender.js + app.js route(),200,200,"index,follow,max-image-preview:large,max-snippet:-1,max-video-preview:-1","index,follow,max-image-preview:large,max-snippet:-1,max-video-preview:-1",,,https://rnawiki.com/c/amphetamine-adderall-lisdexamfetamine-vyvanse,true,true,BreadcrumbList|ListItem|MedicalWebPage|Drug|FAQPage|Question|Answer,51,148,1,yes,no,br,53,239,
/c/anastrozole-exemestane-aromatase-inhibitors,c,build/prerender.js + app.js route(),200,200,"index,follow,max-image-preview:large,max-snippet:-1,max-video-preview:-1","index,follow,max-image-preview:large,max-snippet:-1,max-video-preview:-1",,,https://rnawiki.com/c/anastrozole-exemestane-aromatase-inhibitors,true,true,BreadcrumbList|ListItem|MedicalWebPage|Drug|FAQPage|Question|Answer,57,152,1,yes,no,br,46,249,
/c/andarine-s4-yk-11-s-23,c,build/prerender.js + app.js route(),200,200,"index,follow,max-image-preview:large,max-snippet:-1,max-video-preview:-1","index,follow,max-image-preview:large,max-snippet:-1,max-video-preview:-1",,,https://rnawiki.com/c/andarine-s4-yk-11-s-23,true,true,BreadcrumbList|ListItem|MedicalWebPage|Drug|FAQPage|Question|Answer,56,155,1,yes,no,br,49,236,
/c/aod-9604-fragment-176-191,c,build/prerender.js + app.js route(),200,200,"index,follow,max-image-preview:large,max-snippet:-1,max-video-preview:-1","index,follow,max-image-preview:large,max-snippet:-1,max-video-preview:-1",,,https://rnawiki.com/c/aod-9604-fragment-176-191,true,true,BreadcrumbList|ListItem|MedicalWebPage|Drug|FAQPage|Question|Answer,55,130,1,yes,no,br,49,357,
/c/apigenin,c,build/prerender.js + app.js route(),200,200,"index,follow,max-image-preview:large,max-snippet:-1,max-video-preview:-1","index,follow,max-image-preview:large,max-snippet:-1,max-video-preview:-1",,,https://rnawiki.com/c/apigenin,true,true,BreadcrumbList|ListItem|MedicalWebPage|Drug|FAQPage|Question|Answer,47,122,1,yes,no,br,43,281,
/c/ashwagandha-withania-somnifera,c,build/prerender.js + app.js route(),200,200,"index,follow,max-image-preview:large,max-snippet:-1,max-video-preview:-1","index,follow,max-image-preview:large,max-snippet:-1,max-video-preview:-1",,,https://rnawiki.com/c/ashwagandha-withania-somnifera,true,true,BreadcrumbList|ListItem|MedicalWebPage|Drug|FAQPage|Question|Answer,60,149,1,yes,no,br,39,250,
/c/astaxanthin,c,build/prerender.js + app.js route(),200,200,"index,follow,max-image-preview:large,max-snippet:-1,max-video-preview:-1","index,follow,max-image-preview:large,max-snippet:-1,max-video-preview:-1",,,https://rnawiki.com/c/astaxanthin,true,true,BreadcrumbList|ListItem|MedicalWebPage|Drug|FAQPage|Question|Answer,50,124,1,yes,no,br,34,268,
/c/b-complex-b12-methylfolate-b6,c,build/prerender.js + app.js route(),200,200,"index,follow,max-image-preview:large,max-snippet:-1,max-video-preview:-1","index,follow,max-image-preview:large,max-snippet:-1,max-video-preview:-1",,,https://rnawiki.com/c/b-complex-b12-methylfolate-b6,true,true,BreadcrumbList|ListItem|MedicalWebPage|Drug|FAQPage|Question|Answer,53,154,1,yes,no,br,31,270,
/c/bacopa-monnieri,c,build/prerender.js + app.js route(),200,200,"index,follow,max-image-preview:large,max-snippet:-1,max-video-preview:-1","index,follow,max-image-preview:large,max-snippet:-1,max-video-preview:-1",,,https://rnawiki.com/c/bacopa-monnieri,true,true,BreadcrumbList|ListItem|MedicalWebPage|Drug|FAQPage|Question|Answer,54,116,1,yes,no,br,33,286,
/c/beetroot-dietary-nitrate,c,build/prerender.js + app.js route(),200,200,"index,follow,max-image-preview:large,max-snippet:-1,max-video-preview:-1","index,follow,max-image-preview:large,max-snippet:-1,max-video-preview:-1",,,https://rnawiki.com/c/beetroot-dietary-nitrate,true,true,BreadcrumbList|ListItem|MedicalWebPage|Drug|FAQPage|Question|Answer,54,153,1,yes,no,br,33,242,
/c/berberine,c,build/prerender.js + app.js route(),200,200,"index,follow,max-image-preview:large,max-snippet:-1,max-video-preview:-1","index,follow,max-image-preview:large,max-snippet:-1,max-video-preview:-1",,,https://rnawiki.com/c/berberine,true,true,BreadcrumbList|ListItem|MedicalWebPage|Drug|FAQPage|Question|Answer,48,151,1,yes,no,br,30,265,
/c/beta-alanine,c,build/prerender.js + app.js route(),200,200,"index,follow,max-image-preview:large,max-snippet:-1,max-video-preview:-1","index,follow,max-image-preview:large,max-snippet:-1,max-video-preview:-1",,,https://rnawiki.com/c/beta-alanine,true,true,BreadcrumbList|ListItem|MedicalWebPage|Drug|FAQPage|Question|Answer,51,152,1,yes,no,br,35,254,
/c/beta-glucans,c,build/prerender.js + app.js route(),200,200,"index,follow,max-image-preview:large,max-snippet:-1,max-video-preview:-1","index,follow,max-image-preview:large,max-snippet:-1,max-video-preview:-1",,,https://rnawiki.com/c/beta-glucans,true,true,BreadcrumbList|ListItem|MedicalWebPage|Drug|FAQPage|Question|Answer,51,155,1,yes,no,br,27,243,
/c/betaine-trimethylglycine,c,build/prerender.js + app.js route(),200,200,"index,follow,max-image-preview:large,max-snippet:-1,max-video-preview:-1","index,follow,max-image-preview:large,max-snippet:-1,max-video-preview:-1",,,https://rnawiki.com/c/betaine-trimethylglycine,true,true,BreadcrumbList|ListItem|MedicalWebPage|Drug|FAQPage|Question|Answer,54,140,1,yes,no,br,38,238,
/c/boldenone-equipoise,c,build/prerender.js + app.js route(),200,200,"index,follow,max-image-preview:large,max-snippet:-1,max-video-preview:-1","index,follow,max-image-preview:large,max-snippet:-1,max-video-preview:-1",,,https://rnawiki.com/c/boldenone-equipoise,true,true,BreadcrumbList|ListItem|MedicalWebPage|Drug|FAQPage|Question|Answer,60,134,1,yes,no,br,25,251,
/c/boron,c,build/prerender.js + app.js route(),200,200,"index,follow,max-image-preview:large,max-snippet:-1,max-video-preview:-1","index,follow,max-image-preview:large,max-snippet:-1,max-video-preview:-1",,,https://rnawiki.com/c/boron,true,true,BreadcrumbList|ListItem|MedicalWebPage|Drug|FAQPage|Question|Answer,44,150,1,yes,no,br,33,552,
/c/boswellia-serrata,c,build/prerender.js + app.js route(),200,200,"index,follow,max-image-preview:large,max-snippet:-1,max-video-preview:-1","index,follow,max-image-preview:large,max-snippet:-1,max-video-preview:-1",,,https://rnawiki.com/c/boswellia-serrata,true,true,BreadcrumbList|ListItem|MedicalWebPage|Drug|FAQPage|Question|Answer,56,127,1,yes,no,br,24,275,
/c/bpc-157,c,build/prerender.js + app.js route(),200,200,"index,follow,max-image-preview:large,max-snippet:-1,max-video-preview:-1","index,follow,max-image-preview:large,max-snippet:-1,max-video-preview:-1",,,https://rnawiki.com/c/bpc-157,true,true,BreadcrumbList|ListItem|MedicalWebPage|Drug|FAQPage|Question|Answer,46,153,1,yes,no,br,35,404,
/c/bromantane,c,build/prerender.js + app.js route(),200,200,"index,follow,max-image-preview:large,max-snippet:-1,max-video-preview:-1","index,follow,max-image-preview:large,max-snippet:-1,max-video-preview:-1",,,https://rnawiki.com/c/bromantane,true,true,BreadcrumbList|ListItem|MedicalWebPage|Drug|FAQPage|Question|Answer,49,130,1,yes,no,br,37,243,
/c/ca-akg-calcium-alpha-ketoglutarate,c,build/prerender.js + app.js route(),200,200,"index,follow,max-image-preview:large,max-snippet:-1,max-video-preview:-1","index,follow,max-image-preview:large,max-snippet:-1,max-video-preview:-1",,,https://rnawiki.com/c/ca-akg-calcium-alpha-ketoglutarate,true,true,BreadcrumbList|ListItem|MedicalWebPage|Drug|FAQPage|Question|Answer,54,147,1,yes,no,br,30,234,
/c/caffeine,c,build/prerender.js + app.js route(),200,200,"index,follow,max-image-preview:large,max-snippet:-1,max-video-preview:-1","index,follow,max-image-preview:large,max-snippet:-1,max-video-preview:-1",,,https://rnawiki.com/c/caffeine,true,true,BreadcrumbList|ListItem|MedicalWebPage|Drug|FAQPage|Question|Answer,47,155,1,yes,no,br,42,245,
/c/caffeine-thermogenic,c,build/prerender.js + app.js route(),200,200,"index,follow,max-image-preview:large,max-snippet:-1,max-video-preview:-1","index,follow,max-image-preview:large,max-snippet:-1,max-video-preview:-1",,,https://rnawiki.com/c/caffeine-thermogenic,true,true,BreadcrumbList|ListItem|MedicalWebPage|Drug|FAQPage|Question|Answer,50,106,1,yes,no,br,37,275,
/c/cagrilintide-cagrisema,c,build/prerender.js + app.js route(),200,200,"index,follow,max-image-preview:large,max-snippet:-1,max-video-preview:-1","index,follow,max-image-preview:large,max-snippet:-1,max-video-preview:-1",,,https://rnawiki.com/c/cagrilintide-cagrisema,true,true,BreadcrumbList|ListItem|MedicalWebPage|Drug|FAQPage|Question|Answer,54,140,1,yes,no,br,37,239,
/c/calcium-d3-k2,c,build/prerender.js + app.js route(),200,200,"index,follow,max-image-preview:large,max-snippet:-1,max-video-preview:-1","index,follow,max-image-preview:large,max-snippet:-1,max-video-preview:-1",,,https://rnawiki.com/c/calcium-d3-k2,true,true,BreadcrumbList|ListItem|MedicalWebPage|Drug|FAQPage|Question|Answer,58,122,1,yes,no,br,39,235,
/c/cardarine-gw-501516,c,build/prerender.js + app.js route(),200,200,"index,follow,max-image-preview:large,max-snippet:-1,max-video-preview:-1","index,follow,max-image-preview:large,max-snippet:-1,max-video-preview:-1",,,https://rnawiki.com/c/cardarine-gw-501516,true,true,BreadcrumbList|ListItem|MedicalWebPage|Drug|FAQPage|Question|Answer,60,152,1,yes,no,br,43,251,
/c/cerebrolysin-ara-290-brief,c,build/prerender.js + app.js route(),200,200,"index,follow,max-image-preview:large,max-snippet:-1,max-video-preview:-1","index,follow,max-image-preview:large,max-snippet:-1,max-video-preview:-1",,,https://rnawiki.com/c/cerebrolysin-ara-290-brief,true,true,BreadcrumbList|ListItem|MedicalWebPage|Drug,58,155,1,yes,no,br,37,241,
/c/citicoline-cdp-choline,c,build/prerender.js + app.js route(),200,200,"index,follow,max-image-preview:large,max-snippet:-1,max-video-preview:-1","index,follow,max-image-preview:large,max-snippet:-1,max-video-preview:-1",,,https://rnawiki.com/c/citicoline-cdp-choline,true,true,BreadcrumbList|ListItem|MedicalWebPage|Drug|FAQPage|Question|Answer,52,153,1,yes,no,br,42,236,
/c/citrus-bergamot,c,build/prerender.js + app.js route(),200,200,"index,follow,max-image-preview:large,max-snippet:-1,max-video-preview:-1","index,follow,max-image-preview:large,max-snippet:-1,max-video-preview:-1",,,https://rnawiki.com/c/citrus-bergamot,true,true,BreadcrumbList|ListItem|MedicalWebPage|Drug|FAQPage|Question|Answer,54,128,1,yes,no,br,32,243,
/c/cjc-1295-dac,c,build/prerender.js + app.js route(),200,200,"index,follow,max-image-preview:large,max-snippet:-1,max-video-preview:-1","index,follow,max-image-preview:large,max-snippet:-1,max-video-preview:-1",,,https://rnawiki.com/c/cjc-1295-dac,true,true,BreadcrumbList|ListItem|MedicalWebPage|Drug|FAQPage|Question|Answer,55,142,1,yes,no,br,31,249,
/c/clenbuterol,c,build/prerender.js + app.js route(),200,200,"index,follow,max-image-preview:large,max-snippet:-1,max-video-preview:-1","index,follow,max-image-preview:large,max-snippet:-1,max-video-preview:-1",,,https://rnawiki.com/c/clenbuterol,true,true,BreadcrumbList|ListItem|MedicalWebPage|Drug|FAQPage|Question|Answer,50,155,1,yes,no,br,36,237,
/c/collagen-peptides-vitamin-c,c,build/prerender.js + app.js route(),200,200,"index,follow,max-image-preview:large,max-snippet:-1,max-video-preview:-1","index,follow,max-image-preview:large,max-snippet:-1,max-video-preview:-1",,,https://rnawiki.com/c/collagen-peptides-vitamin-c,true,true,BreadcrumbList|ListItem|MedicalWebPage|Drug|FAQPage|Question|Answer,59,150,1,yes,no,br,34,229,
/c/coq10-ubiquinol,c,build/prerender.js + app.js route(),200,200,"index,follow,max-image-preview:large,max-snippet:-1,max-video-preview:-1","index,follow,max-image-preview:large,max-snippet:-1,max-video-preview:-1",,,https://rnawiki.com/c/coq10-ubiquinol,true,true,BreadcrumbList|ListItem|MedicalWebPage|Drug|FAQPage|Question|Answer,56,153,1,yes,no,br,30,233,
/c/cordyceps,c,build/prerender.js + app.js route(),200,200,"index,follow,max-image-preview:large,max-snippet:-1,max-video-preview:-1","index,follow,max-image-preview:large,max-snippet:-1,max-video-preview:-1",,,https://rnawiki.com/c/cordyceps,true,true,BreadcrumbList|ListItem|MedicalWebPage|Drug|FAQPage|Question|Answer,48,101,1,yes,no,br,30,224,
/c/creatine-monohydrate,c,build/prerender.js + app.js route(),200,200,"index,follow,max-image-preview:large,max-snippet:-1,max-video-preview:-1","index,follow,max-image-preview:large,max-snippet:-1,max-video-preview:-1",,,https://rnawiki.com/c/creatine-monohydrate,true,true,BreadcrumbList|ListItem|MedicalWebPage|Drug|FAQPage|Question|Answer,59,154,1,yes,no,br,30,255,
/c/dhea,c,build/prerender.js + app.js route(),200,200,"index,follow,max-image-preview:large,max-snippet:-1,max-video-preview:-1","index,follow,max-image-preview:large,max-snippet:-1,max-video-preview:-1",,,https://rnawiki.com/c/dhea,true,true,BreadcrumbList|ListItem|MedicalWebPage|Drug|FAQPage|Question|Answer,43,154,1,yes,no,br,33,264,
/c/dihexa,c,build/prerender.js + app.js route(),200,200,"index,follow,max-image-preview:large,max-snippet:-1,max-video-preview:-1","index,follow,max-image-preview:large,max-snippet:-1,max-video-preview:-1",,,https://rnawiki.com/c/dihexa,true,true,BreadcrumbList|ListItem|MedicalWebPage|Drug|FAQPage|Question|Answer,45,149,1,yes,no,br,35,258,
/c/dim-calcium-d-glucarate-vitex-iron-brief,c,build/prerender.js + app.js route(),200,200,"index,follow,max-image-preview:large,max-snippet:-1,max-video-preview:-1","index,follow,max-image-preview:large,max-snippet:-1,max-video-preview:-1",,,https://rnawiki.com/c/dim-calcium-d-glucarate-vitex-iron-brief,true,true,BreadcrumbList|ListItem|MedicalWebPage|Drug,58,151,1,yes,no,br,33,245,
/c/dsip-delta-sleep-inducing-peptide-emideltide,c,build/prerender.js + app.js route(),200,200,"index,follow,max-image-preview:large,max-snippet:-1,max-video-preview:-1","index,follow,max-image-preview:large,max-snippet:-1,max-video-preview:-1",,,https://rnawiki.com/c/dsip-delta-sleep-inducing-peptide-emideltide,true,true,BreadcrumbList|ListItem|MedicalWebPage|Drug|FAQPage|Question|Answer,57,134,1,yes,no,br,21,1128,
/c/eaas-bcaas,c,build/prerender.js + app.js route(),200,200,"index,follow,max-image-preview:large,max-snippet:-1,max-video-preview:-1","index,follow,max-image-preview:large,max-snippet:-1,max-video-preview:-1",,,https://rnawiki.com/c/eaas-bcaas,true,true,BreadcrumbList|ListItem|MedicalWebPage|Drug|FAQPage|Question|Answer,51,150,1,yes,no,br,24,1226,
/c/elamipretide-ss-31,c,build/prerender.js + app.js route(),200,200,"index,follow,max-image-preview:large,max-snippet:-1,max-video-preview:-1","index,follow,max-image-preview:large,max-snippet:-1,max-video-preview:-1",,,https://rnawiki.com/c/elamipretide-ss-31,true,true,BreadcrumbList|ListItem|MedicalWebPage|Drug|FAQPage|Question|Answer,59,144,1,yes,no,br,24,246,
/c/elderberry-andrographis-lactoferrin-colostrum-brief,c,build/prerender.js + app.js route(),200,200,"index,follow,max-image-preview:large,max-snippet:-1,max-video-preview:-1","index,follow,max-image-preview:large,max-snippet:-1,max-video-preview:-1",,,https://rnawiki.com/c/elderberry-andrographis-lactoferrin-colostrum-brief,true,true,BreadcrumbList|ListItem|MedicalWebPage|Drug,49,150,1,yes,no,br,25,233,
/c/enclomiphene-clomiphene-clomid,c,build/prerender.js + app.js route(),200,200,"index,follow,max-image-preview:large,max-snippet:-1,max-video-preview:-1","index,follow,max-image-preview:large,max-snippet:-1,max-video-preview:-1",,,https://rnawiki.com/c/enclomiphene-clomiphene-clomid,true,true,BreadcrumbList|ListItem|MedicalWebPage|Drug|FAQPage|Question|Answer,52,151,1,yes,no,br,27,279,
/c/ephedrine-ec-eca-stack,c,build/prerender.js + app.js route(),200,200,"index,follow,max-image-preview:large,max-snippet:-1,max-video-preview:-1","index,follow,max-image-preview:large,max-snippet:-1,max-video-preview:-1",,,https://rnawiki.com/c/ephedrine-ec-eca-stack,true,true,BreadcrumbList|ListItem|MedicalWebPage|Drug|FAQPage|Question|Answer,52,154,1,yes,no,br,29,250,
/c/epithalon-epitalon,c,build/prerender.js + app.js route(),200,200,"index,follow,max-image-preview:large,max-snippet:-1,max-video-preview:-1","index,follow,max-image-preview:large,max-snippet:-1,max-video-preview:-1",,,https://rnawiki.com/c/epithalon-epitalon,true,true,BreadcrumbList|ListItem|MedicalWebPage|Drug|FAQPage|Question|Answer,59,152,1,yes,no,br,26,235,
/c/epo-erythropoietin,c,build/prerender.js + app.js route(),200,200,"index,follow,max-image-preview:large,max-snippet:-1,max-video-preview:-1","index,follow,max-image-preview:large,max-snippet:-1,max-video-preview:-1",,,https://rnawiki.com/c/epo-erythropoietin,true,true,BreadcrumbList|ListItem|MedicalWebPage|Drug|FAQPage|Question|Answer,59,149,1,yes,no,br,34,269,
/c/estradiol-menopausal-hrt,c,build/prerender.js + app.js route(),200,200,"index,follow,max-image-preview:large,max-snippet:-1,max-video-preview:-1","index,follow,max-image-preview:large,max-snippet:-1,max-video-preview:-1",,,https://rnawiki.com/c/estradiol-menopausal-hrt,true,true,BreadcrumbList|ListItem|MedicalWebPage|Drug|FAQPage|Question|Answer,54,152,1,yes,no,br,21,240,
/c/fadogia-agrestis,c,build/prerender.js + app.js route(),200,200,"index,follow,max-image-preview:large,max-snippet:-1,max-video-preview:-1","index,follow,max-image-preview:large,max-snippet:-1,max-video-preview:-1",,,https://rnawiki.com/c/fadogia-agrestis,true,true,BreadcrumbList|ListItem|MedicalWebPage|Drug|FAQPage|Question|Answer,55,152,1,yes,no,br,31,229,
/c/finasteride-dutasteride,c,build/prerender.js + app.js route(),200,200,"index,follow,max-image-preview:large,max-snippet:-1,max-video-preview:-1","index,follow,max-image-preview:large,max-snippet:-1,max-video-preview:-1",,,https://rnawiki.com/c/finasteride-dutasteride,true,true,BreadcrumbList|ListItem|MedicalWebPage|Drug|FAQPage|Question|Answer,53,153,1,yes,no,br,20,238,
/c/fisetin,c,build/prerender.js + app.js route(),200,200,"index,follow,max-image-preview:large,max-snippet:-1,max-video-preview:-1","index,follow,max-image-preview:large,max-snippet:-1,max-video-preview:-1",,,https://rnawiki.com/c/fisetin,true,true,BreadcrumbList|ListItem|MedicalWebPage|Drug|FAQPage|Question|Answer,46,155,1,yes,no,br,20,242,
/c/follistatin-myostatin-inhibitors-ace-031-yk-11,c,build/prerender.js + app.js route(),200,200,"index,follow,max-image-preview:large,max-snippet:-1,max-video-preview:-1","index,follow,max-image-preview:large,max-snippet:-1,max-video-preview:-1",,,https://rnawiki.com/c/follistatin-myostatin-inhibitors-ace-031-yk-11,true,true,BreadcrumbList|ListItem|MedicalWebPage|Drug|FAQPage|Question|Answer,44,155,1,yes,no,br,22,259,
/c/ghk-cu-copper-peptide,c,build/prerender.js + app.js route(),200,200,"index,follow,max-image-preview:large,max-snippet:-1,max-video-preview:-1","index,follow,max-image-preview:large,max-snippet:-1,max-video-preview:-1",,,https://rnawiki.com/c/ghk-cu-copper-peptide,true,true,BreadcrumbList|ListItem|MedicalWebPage|Drug|FAQPage|Question|Answer,51,147,1,yes,no,br,25,260,
/c/glucosamine-chondroitin,c,build/prerender.js + app.js route(),200,200,"index,follow,max-image-preview:large,max-snippet:-1,max-video-preview:-1","index,follow,max-image-preview:large,max-snippet:-1,max-video-preview:-1",,,https://rnawiki.com/c/glucosamine-chondroitin,true,true,BreadcrumbList|ListItem|MedicalWebPage|Drug|FAQPage|Question|Answer,53,133,1,yes,no,br,25,249,
/c/glycine,c,build/prerender.js + app.js route(),200,200,"index,follow,max-image-preview:large,max-snippet:-1,max-video-preview:-1","index,follow,max-image-preview:large,max-snippet:-1,max-video-preview:-1",,,https://rnawiki.com/c/glycine,true,true,BreadcrumbList|ListItem|MedicalWebPage|Drug|FAQPage|Question|Answer,46,139,1,yes,no,br,30,242,
/c/glynac-glycine-nac,c,build/prerender.js + app.js route(),200,200,"index,follow,max-image-preview:large,max-snippet:-1,max-video-preview:-1","index,follow,max-image-preview:large,max-snippet:-1,max-video-preview:-1",,,https://rnawiki.com/c/glynac-glycine-nac,true,true,BreadcrumbList|ListItem|MedicalWebPage|Drug|FAQPage|Question|Answer,50,151,1,yes,no,br,25,261,
/c/green-tea-extract-egcg,c,build/prerender.js + app.js route(),200,200,"index,follow,max-image-preview:large,max-snippet:-1,max-video-preview:-1","index,follow,max-image-preview:large,max-snippet:-1,max-video-preview:-1",,,https://rnawiki.com/c/green-tea-extract-egcg,true,true,BreadcrumbList|ListItem|MedicalWebPage|Drug|FAQPage|Question|Answer,52,97,1,yes,no,br,22,257,
/c/hcg-human-chorionic-gonadotropin,c,build/prerender.js + app.js route(),200,200,"index,follow,max-image-preview:large,max-snippet:-1,max-video-preview:-1","index,follow,max-image-preview:large,max-snippet:-1,max-video-preview:-1",,,https://rnawiki.com/c/hcg-human-chorionic-gonadotropin,true,true,BreadcrumbList|ListItem|MedicalWebPage|Drug|FAQPage|Question|Answer,52,149,1,yes,no,br,23,235,
/c/hexarelin-ghrp-2-ghrp-6,c,build/prerender.js + app.js route(),200,200,"index,follow,max-image-preview:large,max-snippet:-1,max-video-preview:-1","index,follow,max-image-preview:large,max-snippet:-1,max-video-preview:-1",,,https://rnawiki.com/c/hexarelin-ghrp-2-ghrp-6,true,true,BreadcrumbList|ListItem|MedicalWebPage|Drug|FAQPage|Question|Answer,55,140,1,yes,no,br,23,240,
/c/hmb-hydroxy-methylbutyrate,c,build/prerender.js + app.js route(),200,200,"index,follow,max-image-preview:large,max-snippet:-1,max-video-preview:-1","index,follow,max-image-preview:large,max-snippet:-1,max-video-preview:-1",,,https://rnawiki.com/c/hmb-hydroxy-methylbutyrate,true,true,BreadcrumbList|ListItem|MedicalWebPage|Drug|FAQPage|Question|Answer,60,154,1,yes,no,br,23,258,
/c/human-growth-hormone-somatropin,c,build/prerender.js + app.js route(),200,200,"index,follow,max-image-preview:large,max-snippet:-1,max-video-preview:-1","index,follow,max-image-preview:large,max-snippet:-1,max-video-preview:-1",,,https://rnawiki.com/c/human-growth-hormone-somatropin,true,true,BreadcrumbList|ListItem|MedicalWebPage|Drug|FAQPage|Question|Answer,51,150,1,yes,no,br,23,259,
/c/huperzine-a-ginkgo-panax-ginseng-uridine-brief,c,build/prerender.js + app.js route(),200,200,"index,follow,max-image-preview:large,max-snippet:-1,max-video-preview:-1","index,follow,max-image-preview:large,max-snippet:-1,max-video-preview:-1",,,https://rnawiki.com/c/huperzine-a-ginkgo-panax-ginseng-uridine-brief,true,true,BreadcrumbList|ListItem|MedicalWebPage|Drug,56,154,1,yes,no,br,26,246,
/c/igf-1-lr3,c,build/prerender.js + app.js route(),200,200,"index,follow,max-image-preview:large,max-snippet:-1,max-video-preview:-1","index,follow,max-image-preview:large,max-snippet:-1,max-video-preview:-1",,,https://rnawiki.com/c/igf-1-lr3,true,true,BreadcrumbList|ListItem|MedicalWebPage|Drug|FAQPage|Question|Answer,48,145,1,yes,no,br,23,252,
/c/insulin-anabolic-misuse,c,build/prerender.js + app.js route(),200,200,"index,follow,max-image-preview:large,max-snippet:-1,max-video-preview:-1","index,follow,max-image-preview:large,max-snippet:-1,max-video-preview:-1",,,https://rnawiki.com/c/insulin-anabolic-misuse,true,true,BreadcrumbList|ListItem|MedicalWebPage|Drug|FAQPage|Question|Answer,53,151,1,yes,no,br,24,249,
/c/insulin-prescribed,c,build/prerender.js + app.js route(),200,200,"index,follow,max-image-preview:large,max-snippet:-1,max-video-preview:-1","index,follow,max-image-preview:large,max-snippet:-1,max-video-preview:-1",,,https://rnawiki.com/c/insulin-prescribed,true,true,BreadcrumbList|ListItem|MedicalWebPage|Drug|FAQPage|Question|Answer,59,151,1,yes,no,br,26,245,
/c/iodine-selenium,c,build/prerender.js + app.js route(),200,200,"index,follow,max-image-preview:large,max-snippet:-1,max-video-preview:-1","index,follow,max-image-preview:large,max-snippet:-1,max-video-preview:-1",,,https://rnawiki.com/c/iodine-selenium,true,true,BreadcrumbList|ListItem|MedicalWebPage|Drug|FAQPage|Question|Answer,56,136,1,yes,no,br,28,228,
/c/ipamorelin,c,build/prerender.js + app.js route(),200,200,"index,follow,max-image-preview:large,max-snippet:-1,max-video-preview:-1","index,follow,max-image-preview:large,max-snippet:-1,max-video-preview:-1",,,https://rnawiki.com/c/ipamorelin,true,true,BreadcrumbList|ListItem|MedicalWebPage|Drug|FAQPage|Question|Answer,49,151,1,yes,no,br,28,236,
/c/iron,c,build/prerender.js + app.js route(),200,200,"index,follow,max-image-preview:large,max-snippet:-1,max-video-preview:-1","index,follow,max-image-preview:large,max-snippet:-1,max-video-preview:-1",,,https://rnawiki.com/c/iron,true,true,BreadcrumbList|ListItem|MedicalWebPage|Drug|FAQPage|Question|Answer,43,152,1,yes,no,br,22,258,
/c/ketamine-esketamine-spravato,c,build/prerender.js + app.js route(),200,200,"index,follow,max-image-preview:large,max-snippet:-1,max-video-preview:-1","index,follow,max-image-preview:large,max-snippet:-1,max-video-preview:-1",,,https://rnawiki.com/c/ketamine-esketamine-spravato,true,true,BreadcrumbList|ListItem|MedicalWebPage|Drug|FAQPage|Question|Answer,60,146,1,yes,no,br,23,238,
/c/kpv,c,build/prerender.js + app.js route(),200,200,"index,follow,max-image-preview:large,max-snippet:-1,max-video-preview:-1","index,follow,max-image-preview:large,max-snippet:-1,max-video-preview:-1",,,https://rnawiki.com/c/kpv,true,true,BreadcrumbList|ListItem|MedicalWebPage|Drug|FAQPage|Question|Answer,42,97,1,yes,no,br,39,362,
/c/l-citrulline-citrulline-malate,c,build/prerender.js + app.js route(),200,200,"index,follow,max-image-preview:large,max-snippet:-1,max-video-preview:-1","index,follow,max-image-preview:large,max-snippet:-1,max-video-preview:-1",,,https://rnawiki.com/c/l-citrulline-citrulline-malate,true,true,BreadcrumbList|ListItem|MedicalWebPage|Drug|FAQPage|Question|Answer,60,154,1,yes,no,br,37,265,
/c/l-glutamine,c,build/prerender.js + app.js route(),200,200,"index,follow,max-image-preview:large,max-snippet:-1,max-video-preview:-1","index,follow,max-image-preview:large,max-snippet:-1,max-video-preview:-1",,,https://rnawiki.com/c/l-glutamine,true,true,BreadcrumbList|ListItem|MedicalWebPage|Drug|FAQPage|Question|Answer,50,132,1,yes,no,br,33,250,
/c/l-theanine,c,build/prerender.js + app.js route(),200,200,"index,follow,max-image-preview:large,max-snippet:-1,max-video-preview:-1","index,follow,max-image-preview:large,max-snippet:-1,max-video-preview:-1",,,https://rnawiki.com/c/l-theanine,true,true,BreadcrumbList|ListItem|MedicalWebPage|Drug|FAQPage|Question|Answer,49,144,1,yes,no,br,36,258,
/c/l-tyrosine,c,build/prerender.js + app.js route(),200,200,"index,follow,max-image-preview:large,max-snippet:-1,max-video-preview:-1","index,follow,max-image-preview:large,max-snippet:-1,max-video-preview:-1",,,https://rnawiki.com/c/l-tyrosine,true,true,BreadcrumbList|ListItem|MedicalWebPage|Drug|FAQPage|Question|Answer,49,148,1,yes,no,br,31,258,
/c/letrozole-raloxifene-cabergoline-pregnenolone-proviron-brief,c,build/prerender.js + app.js route(),200,200,"index,follow,max-image-preview:large,max-snippet:-1,max-video-preview:-1","index,follow,max-image-preview:large,max-snippet:-1,max-video-preview:-1",,,https://rnawiki.com/c/letrozole-raloxifene-cabergoline-pregnenolone-proviron-brief,true,true,BreadcrumbList|ListItem|MedicalWebPage|Drug,46,152,1,yes,no,br,29,228,
/c/ligandrol-lgd-4033,c,build/prerender.js + app.js route(),200,200,"index,follow,max-image-preview:large,max-snippet:-1,max-video-preview:-1","index,follow,max-image-preview:large,max-snippet:-1,max-video-preview:-1",,,https://rnawiki.com/c/ligandrol-lgd-4033,true,true,BreadcrumbList|ListItem|MedicalWebPage|Drug|FAQPage|Question|Answer,59,136,1,yes,no,br,30,246,
/c/lion-s-mane-hericium-erinaceus,c,build/prerender.js + app.js route(),200,200,"index,follow,max-image-preview:large,max-snippet:-1,max-video-preview:-1","index,follow,max-image-preview:large,max-snippet:-1,max-video-preview:-1",,,https://rnawiki.com/c/lion-s-mane-hericium-erinaceus,true,true,BreadcrumbList|ListItem|MedicalWebPage|Drug|FAQPage|Question|Answer,60,152,1,yes,no,br,27,251,
/c/liraglutide-saxenda-victoza,c,build/prerender.js + app.js route(),200,200,"index,follow,max-image-preview:large,max-snippet:-1,max-video-preview:-1","index,follow,max-image-preview:large,max-snippet:-1,max-video-preview:-1",,,https://rnawiki.com/c/liraglutide-saxenda-victoza,true,true,BreadcrumbList|ListItem|MedicalWebPage|Drug|FAQPage|Question|Answer,59,99,1,yes,no,br,30,249,
/c/ll-37,c,build/prerender.js + app.js route(),200,200,"index,follow,max-image-preview:large,max-snippet:-1,max-video-preview:-1","index,follow,max-image-preview:large,max-snippet:-1,max-video-preview:-1",,,https://rnawiki.com/c/ll-37,true,true,BreadcrumbList|ListItem|MedicalWebPage|Drug|FAQPage|Question|Answer,44,111,1,yes,no,br,30,237,
/c/low-dose-lithium,c,build/prerender.js + app.js route(),200,200,"index,follow,max-image-preview:large,max-snippet:-1,max-video-preview:-1","index,follow,max-image-preview:large,max-snippet:-1,max-video-preview:-1",,,https://rnawiki.com/c/low-dose-lithium,true,true,BreadcrumbList|ListItem|MedicalWebPage|Drug|FAQPage|Question|Answer,55,149,1,yes,no,br,28,267,
/c/magnesium,c,build/prerender.js + app.js route(),200,200,"index,follow,max-image-preview:large,max-snippet:-1,max-video-preview:-1","index,follow,max-image-preview:large,max-snippet:-1,max-video-preview:-1",,,https://rnawiki.com/c/magnesium,true,true,BreadcrumbList|ListItem|MedicalWebPage|Drug|FAQPage|Question|Answer,48,152,1,yes,no,br,30,228,
/c/medicinal-mushrooms-reishi-turkey-tail-chaga,c,build/prerender.js + app.js route(),200,200,"index,follow,max-image-preview:large,max-snippet:-1,max-video-preview:-1","index,follow,max-image-preview:large,max-snippet:-1,max-video-preview:-1",,,https://rnawiki.com/c/medicinal-mushrooms-reishi-turkey-tail-chaga,true,true,BreadcrumbList|ListItem|MedicalWebPage|Drug|FAQPage|Question|Answer,58,99,1,yes,no,br,20,250,
/c/melanotan-ii,c,build/prerender.js + app.js route(),200,200,"index,follow,max-image-preview:large,max-snippet:-1,max-video-preview:-1","index,follow,max-image-preview:large,max-snippet:-1,max-video-preview:-1",,,https://rnawiki.com/c/melanotan-ii,true,true,BreadcrumbList|ListItem|MedicalWebPage|Drug|FAQPage|Question|Answer,51,155,1,yes,no,br,20,239,
/c/melatonin,c,build/prerender.js + app.js route(),200,200,"index,follow,max-image-preview:large,max-snippet:-1,max-video-preview:-1","index,follow,max-image-preview:large,max-snippet:-1,max-video-preview:-1",,,https://rnawiki.com/c/melatonin,true,true,BreadcrumbList|ListItem|MedicalWebPage|Drug|FAQPage|Question|Answer,48,151,1,yes,no,br,24,234,
/c/metformin,c,build/prerender.js + app.js route(),200,200,"index,follow,max-image-preview:large,max-snippet:-1,max-video-preview:-1","index,follow,max-image-preview:large,max-snippet:-1,max-video-preview:-1",,,https://rnawiki.com/c/metformin,true,true,BreadcrumbList|ListItem|MedicalWebPage|Drug|FAQPage|Question|Answer,48,149,1,yes,no,br,19,1303,
/c/methandrostenolone-dianabol,c,build/prerender.js + app.js route(),200,200,"index,follow,max-image-preview:large,max-snippet:-1,max-video-preview:-1","index,follow,max-image-preview:large,max-snippet:-1,max-video-preview:-1",,,https://rnawiki.com/c/methandrostenolone-dianabol,true,true,BreadcrumbList|ListItem|MedicalWebPage|Drug|FAQPage|Question|Answer,57,154,1,yes,no,br,18,237,
/c/methylene-blue,c,build/prerender.js + app.js route(),200,200,"index,follow,max-image-preview:large,max-snippet:-1,max-video-preview:-1","index,follow,max-image-preview:large,max-snippet:-1,max-video-preview:-1",,,https://rnawiki.com/c/methylene-blue,true,true,BreadcrumbList|ListItem|MedicalWebPage|Drug|FAQPage|Question|Answer,53,152,1,yes,no,br,19,240,
/c/methylphenidate-ritalin,c,build/prerender.js + app.js route(),200,200,"index,follow,max-image-preview:large,max-snippet:-1,max-video-preview:-1","index,follow,max-image-preview:large,max-snippet:-1,max-video-preview:-1",,,https://rnawiki.com/c/methylphenidate-ritalin,true,true,BreadcrumbList|ListItem|MedicalWebPage|Drug|FAQPage|Question|Answer,53,101,1,yes,no,br,22,256,
/c/mgf-peg-mgf,c,build/prerender.js + app.js route(),200,200,"index,follow,max-image-preview:large,max-snippet:-1,max-video-preview:-1","index,follow,max-image-preview:large,max-snippet:-1,max-video-preview:-1",,,https://rnawiki.com/c/mgf-peg-mgf,true,true,BreadcrumbList|ListItem|MedicalWebPage|Drug|FAQPage|Question|Answer,52,130,1,yes,no,br,21,241,
/c/minoxidil,c,build/prerender.js + app.js route(),200,200,"index,follow,max-image-preview:large,max-snippet:-1,max-video-preview:-1","index,follow,max-image-preview:large,max-snippet:-1,max-video-preview:-1",,,https://rnawiki.com/c/minoxidil,true,true,BreadcrumbList|ListItem|MedicalWebPage|Drug|FAQPage|Question|Answer,48,146,1,yes,no,br,18,259,
/c/mk-677-ibutamoren,c,build/prerender.js + app.js route(),200,200,"index,follow,max-image-preview:large,max-snippet:-1,max-video-preview:-1","index,follow,max-image-preview:large,max-snippet:-1,max-video-preview:-1",,,https://rnawiki.com/c/mk-677-ibutamoren,true,true,BreadcrumbList|ListItem|MedicalWebPage|Drug|FAQPage|Question|Answer,58,153,1,yes,no,br,25,530,
/c/modafinil-armodafinil,c,build/prerender.js + app.js route(),200,200,"index,follow,max-image-preview:large,max-snippet:-1,max-video-preview:-1","index,follow,max-image-preview:large,max-snippet:-1,max-video-preview:-1",,,https://rnawiki.com/c/modafinil-armodafinil,true,true,BreadcrumbList|ListItem|MedicalWebPage|Drug|FAQPage|Question|Answer,51,155,1,yes,no,br,25,392,
/c/mots-c,c,build/prerender.js + app.js route(),200,200,"index,follow,max-image-preview:large,max-snippet:-1,max-video-preview:-1","index,follow,max-image-preview:large,max-snippet:-1,max-video-preview:-1",,,https://rnawiki.com/c/mots-c,true,true,BreadcrumbList|ListItem|MedicalWebPage|Drug|FAQPage|Question|Answer,45,155,1,yes,no,br,24,245,
/c/myo-inositol-d-chiro,c,build/prerender.js + app.js route(),200,200,"index,follow,max-image-preview:large,max-snippet:-1,max-video-preview:-1","index,follow,max-image-preview:large,max-snippet:-1,max-video-preview:-1",,,https://rnawiki.com/c/myo-inositol-d-chiro,true,true,BreadcrumbList|ListItem|MedicalWebPage|Drug|FAQPage|Question|Answer,52,136,1,yes,no,br,21,243,
/c/n-acetylcysteine-nac,c,build/prerender.js + app.js route(),200,200,"index,follow,max-image-preview:large,max-snippet:-1,max-video-preview:-1","index,follow,max-image-preview:large,max-snippet:-1,max-video-preview:-1",,,https://rnawiki.com/c/n-acetylcysteine-nac,true,true,BreadcrumbList|ListItem|MedicalWebPage|Drug|FAQPage|Question|Answer,50,150,1,yes,no,br,28,231,
/c/naltrexone-bupropion-contrave,c,build/prerender.js + app.js route(),200,200,"index,follow,max-image-preview:large,max-snippet:-1,max-video-preview:-1","index,follow,max-image-preview:large,max-snippet:-1,max-video-preview:-1",,,https://rnawiki.com/c/naltrexone-bupropion-contrave,true,true,BreadcrumbList|ListItem|MedicalWebPage|Drug|FAQPage|Question|Answer,59,129,1,yes,no,br,23,233,
/c/nandrolone-deca-durabolin,c,build/prerender.js + app.js route(),200,200,"index,follow,max-image-preview:large,max-snippet:-1,max-video-preview:-1","index,follow,max-image-preview:large,max-snippet:-1,max-video-preview:-1",,,https://rnawiki.com/c/nandrolone-deca-durabolin,true,true,BreadcrumbList|ListItem|MedicalWebPage|Drug|FAQPage|Question|Answer,55,152,1,yes,no,br,24,259,
/c/nattokinase,c,build/prerender.js + app.js route(),200,200,"index,follow,max-image-preview:large,max-snippet:-1,max-video-preview:-1","index,follow,max-image-preview:large,max-snippet:-1,max-video-preview:-1",,,https://rnawiki.com/c/nattokinase,true,true,BreadcrumbList|ListItem|MedicalWebPage|Drug|FAQPage|Question|Answer,50,91,1,yes,no,br,18,237,
/c/niacin-nadh-vitamin-b3,c,build/prerender.js + app.js route(),200,200,"index,follow,max-image-preview:large,max-snippet:-1,max-video-preview:-1","index,follow,max-image-preview:large,max-snippet:-1,max-video-preview:-1",,,https://rnawiki.com/c/niacin-nadh-vitamin-b3,true,true,BreadcrumbList|ListItem|MedicalWebPage|Drug|FAQPage|Question|Answer,54,149,1,yes,no,br,17,254,
/c/niacinamide-biotin-azelaic-acid-brief,c,build/prerender.js + app.js route(),200,200,"index,follow,max-image-preview:large,max-snippet:-1,max-video-preview:-1","index,follow,max-image-preview:large,max-snippet:-1,max-video-preview:-1",,,https://rnawiki.com/c/niacinamide-biotin-azelaic-acid-brief,true,true,BreadcrumbList|ListItem|MedicalWebPage|Drug,53,148,1,yes,no,br,16,243,
/c/nicotine-non-combusted,c,build/prerender.js + app.js route(),200,200,"index,follow,max-image-preview:large,max-snippet:-1,max-video-preview:-1","index,follow,max-image-preview:large,max-snippet:-1,max-video-preview:-1",,,https://rnawiki.com/c/nicotine-non-combusted,true,true,BreadcrumbList|ListItem|MedicalWebPage|Drug|FAQPage|Question|Answer,52,154,1,yes,no,br,21,253,
/c/nmn-nr-nad-precursors,c,build/prerender.js + app.js route(),200,200,"index,follow,max-image-preview:large,max-snippet:-1,max-video-preview:-1","index,follow,max-image-preview:large,max-snippet:-1,max-video-preview:-1",,,https://rnawiki.com/c/nmn-nr-nad-precursors,true,true,BreadcrumbList|ListItem|MedicalWebPage|Drug|FAQPage|Question|Answer,54,154,1,yes,no,br,23,245,
/c/noopept,c,build/prerender.js + app.js route(),200,200,"index,follow,max-image-preview:large,max-snippet:-1,max-video-preview:-1","index,follow,max-image-preview:large,max-snippet:-1,max-video-preview:-1",,,https://rnawiki.com/c/noopept,true,true,BreadcrumbList|ListItem|MedicalWebPage|Drug|FAQPage|Question|Answer,46,124,1,yes,no,br,15,246,
/c/not-a-compound,c,build/prerender.js + app.js route(),404,404,noindex,noindex,,,,false,false,,24,0,1,no,no,br,2,301,
/c/omega-3-epa-dha,c,build/prerender.js + app.js route(),200,200,"index,follow,max-image-preview:large,max-snippet:-1,max-video-preview:-1","index,follow,max-image-preview:large,max-snippet:-1,max-video-preview:-1",,,https://rnawiki.com/c/omega-3-epa-dha,true,true,BreadcrumbList|ListItem|MedicalWebPage|Drug|FAQPage|Question|Answer,56,152,1,yes,no,br,22,248,
/c/orexin-antagonists-suvorexant-lemborexant,c,build/prerender.js + app.js route(),200,200,"index,follow,max-image-preview:large,max-snippet:-1,max-video-preview:-1","index,follow,max-image-preview:large,max-snippet:-1,max-video-preview:-1",,,https://rnawiki.com/c/orexin-antagonists-suvorexant-lemborexant,true,true,BreadcrumbList|ListItem|MedicalWebPage|Drug|FAQPage|Question|Answer,54,145,1,yes,no,br,22,278,
/c/orforglipron,c,build/prerender.js + app.js route(),200,200,"index,follow,max-image-preview:large,max-snippet:-1,max-video-preview:-1","index,follow,max-image-preview:large,max-snippet:-1,max-video-preview:-1",,,https://rnawiki.com/c/orforglipron,true,true,BreadcrumbList|ListItem|MedicalWebPage|Drug|FAQPage|Question|Answer,51,131,1,yes,no,br,23,433,
/c/ostarine-mk-2866-enobosarm,c,build/prerender.js + app.js route(),200,200,"index,follow,max-image-preview:large,max-snippet:-1,max-video-preview:-1","index,follow,max-image-preview:large,max-snippet:-1,max-video-preview:-1",,,https://rnawiki.com/c/ostarine-mk-2866-enobosarm,true,true,BreadcrumbList|ListItem|MedicalWebPage|Drug|FAQPage|Question|Answer,57,150,1,yes,no,br,20,261,
/c/oxandrolone-anavar,c,build/prerender.js + app.js route(),200,200,"index,follow,max-image-preview:large,max-snippet:-1,max-video-preview:-1","index,follow,max-image-preview:large,max-snippet:-1,max-video-preview:-1",,,https://rnawiki.com/c/oxandrolone-anavar,true,true,BreadcrumbList|ListItem|MedicalWebPage|Drug|FAQPage|Question|Answer,59,151,1,yes,no,br,18,264,
/c/oxymetholone-anadrol-drostanolone-masteron-methenolone-primobolan,c,build/prerender.js + app.js route(),200,200,"index,follow,max-image-preview:large,max-snippet:-1,max-video-preview:-1","index,follow,max-image-preview:large,max-snippet:-1,max-video-preview:-1",,,https://rnawiki.com/c/oxymetholone-anadrol-drostanolone-masteron-methenolone-primobolan,true,true,BreadcrumbList|ListItem|MedicalWebPage|Drug|FAQPage|Question|Answer,58,151,1,yes,no,br,22,235,
/c/pcsk9-inhibitors-evolocumab-inclisiran,c,build/prerender.js + app.js route(),200,200,"index,follow,max-image-preview:large,max-snippet:-1,max-video-preview:-1","index,follow,max-image-preview:large,max-snippet:-1,max-video-preview:-1",,,https://rnawiki.com/c/pcsk9-inhibitors-evolocumab-inclisiran,true,true,BreadcrumbList|ListItem|MedicalWebPage|Drug|FAQPage|Question|Answer,59,144,1,yes,no,br,29,237,
/c/pde-5-inhibitors-sildenafil-tadalafil,c,build/prerender.js + app.js route(),200,200,"index,follow,max-image-preview:large,max-snippet:-1,max-video-preview:-1","index,follow,max-image-preview:large,max-snippet:-1,max-video-preview:-1",,,https://rnawiki.com/c/pde-5-inhibitors-sildenafil-tadalafil,true,true,BreadcrumbList|ListItem|MedicalWebPage|Drug|FAQPage|Question|Answer,59,152,1,yes,no,br,24,236,
/c/phenibut,c,build/prerender.js + app.js route(),200,200,"index,follow,max-image-preview:large,max-snippet:-1,max-video-preview:-1","index,follow,max-image-preview:large,max-snippet:-1,max-video-preview:-1",,,https://rnawiki.com/c/phenibut,true,true,BreadcrumbList|ListItem|MedicalWebPage|Drug|FAQPage|Question|Answer,47,138,1,yes,no,br,26,245,
/c/phentermine-qsymia-phentermine-topiramate,c,build/prerender.js + app.js route(),200,200,"index,follow,max-image-preview:large,max-snippet:-1,max-video-preview:-1","index,follow,max-image-preview:large,max-snippet:-1,max-video-preview:-1",,,https://rnawiki.com/c/phentermine-qsymia-phentermine-topiramate,true,true,BreadcrumbList|ListItem|MedicalWebPage|Drug|FAQPage|Question|Answer,55,135,1,yes,no,br,26,256,
/c/phosphatidylserine-ps,c,build/prerender.js + app.js route(),200,200,"index,follow,max-image-preview:large,max-snippet:-1,max-video-preview:-1","index,follow,max-image-preview:large,max-snippet:-1,max-video-preview:-1",,,https://rnawiki.com/c/phosphatidylserine-ps,true,true,BreadcrumbList|ListItem|MedicalWebPage|Drug|FAQPage|Question|Answer,51,152,1,yes,no,br,26,244,
/c/pqq-ergothioneine-carnosine-quercetin-brief,c,build/prerender.js + app.js route(),200,200,"index,follow,max-image-preview:large,max-snippet:-1,max-video-preview:-1","index,follow,max-image-preview:large,max-snippet:-1,max-video-preview:-1",,,https://rnawiki.com/c/pqq-ergothioneine-carnosine-quercetin-brief,true,true,BreadcrumbList|ListItem|MedicalWebPage|Drug,53,154,1,yes,no,br,22,251,
/c/prebiotics-inulin-gos-phgg-butyrate,c,build/prerender.js + app.js route(),200,200,"index,follow,max-image-preview:large,max-snippet:-1,max-video-preview:-1","index,follow,max-image-preview:large,max-snippet:-1,max-video-preview:-1",,,https://rnawiki.com/c/prebiotics-inulin-gos-phgg-butyrate,true,true,BreadcrumbList|ListItem|MedicalWebPage|Drug|FAQPage|Question|Answer,55,154,1,yes,no,br,27,252,
/c/probiotics,c,build/prerender.js + app.js route(),200,200,"index,follow,max-image-preview:large,max-snippet:-1,max-video-preview:-1","index,follow,max-image-preview:large,max-snippet:-1,max-video-preview:-1",,,https://rnawiki.com/c/probiotics,true,true,BreadcrumbList|ListItem|MedicalWebPage|Drug|FAQPage|Question|Answer,49,142,1,yes,no,br,32,238,
/c/psilocybin-microdosing,c,build/prerender.js + app.js route(),200,200,"index,follow,max-image-preview:large,max-snippet:-1,max-video-preview:-1","index,follow,max-image-preview:large,max-snippet:-1,max-video-preview:-1",,,https://rnawiki.com/c/psilocybin-microdosing,true,true,BreadcrumbList|ListItem|MedicalWebPage|Drug|FAQPage|Question|Answer,52,154,1,yes,no,br,24,349,
/c/pt-141-bremelanotide-vyleesi,c,build/prerender.js + app.js route(),200,200,"index,follow,max-image-preview:large,max-snippet:-1,max-video-preview:-1","index,follow,max-image-preview:large,max-snippet:-1,max-video-preview:-1",,,https://rnawiki.com/c/pt-141-bremelanotide-vyleesi,true,true,BreadcrumbList|ListItem|MedicalWebPage|Drug|FAQPage|Question|Answer,60,142,1,yes,no,br,26,260,
/c/quercetin-dasatinib-d-q,c,build/prerender.js + app.js route(),200,200,"index,follow,max-image-preview:large,max-snippet:-1,max-video-preview:-1","index,follow,max-image-preview:large,max-snippet:-1,max-video-preview:-1",,,https://rnawiki.com/c/quercetin-dasatinib-d-q,true,true,BreadcrumbList|ListItem|MedicalWebPage|Drug|FAQPage|Question|Answer,55,151,1,yes,no,br,33,254,
/c/racetams-piracetam-aniracetam-oxiracetam-phenylpiracetam,c,build/prerender.js + app.js route(),200,200,"index,follow,max-image-preview:large,max-snippet:-1,max-video-preview:-1","index,follow,max-image-preview:large,max-snippet:-1,max-video-preview:-1",,,https://rnawiki.com/c/racetams-piracetam-aniracetam-oxiracetam-phenylpiracetam,true,true,BreadcrumbList|ListItem|MedicalWebPage|Drug|FAQPage|Question|Answer,18,154,1,yes,no,br,36,233,
/c/rapamycin-sirolimus,c,build/prerender.js + app.js route(),200,200,"index,follow,max-image-preview:large,max-snippet:-1,max-video-preview:-1","index,follow,max-image-preview:large,max-snippet:-1,max-video-preview:-1",,,https://rnawiki.com/c/rapamycin-sirolimus,true,true,BreadcrumbList|ListItem|MedicalWebPage|Drug|FAQPage|Question|Answer,60,149,1,yes,no,br,28,243,
/c/red-yeast-rice-ezetimibe-brief,c,build/prerender.js + app.js route(),200,200,"index,follow,max-image-preview:large,max-snippet:-1,max-video-preview:-1","index,follow,max-image-preview:large,max-snippet:-1,max-video-preview:-1",,,https://rnawiki.com/c/red-yeast-rice-ezetimibe-brief,true,true,BreadcrumbList|ListItem|MedicalWebPage|Drug,52,153,1,yes,no,br,18,258,
/c/resveratrol-pterostilbene,c,build/prerender.js + app.js route(),200,200,"index,follow,max-image-preview:large,max-snippet:-1,max-video-preview:-1","index,follow,max-image-preview:large,max-snippet:-1,max-video-preview:-1",,,https://rnawiki.com/c/resveratrol-pterostilbene,true,true,BreadcrumbList|ListItem|MedicalWebPage|Drug|FAQPage|Question|Answer,55,152,1,yes,no,br,19,403,
/c/retatrutide,c,build/prerender.js + app.js route(),200,200,"index,follow,max-image-preview:large,max-snippet:-1,max-video-preview:-1","index,follow,max-image-preview:large,max-snippet:-1,max-video-preview:-1",,,https://rnawiki.com/c/retatrutide,true,true,BreadcrumbList|ListItem|MedicalWebPage|Drug|FAQPage|Question|Answer,50,155,1,yes,no,br,21,231,
/c/rhodiola-rosea,c,build/prerender.js + app.js route(),200,200,"index,follow,max-image-preview:large,max-snippet:-1,max-video-preview:-1","index,follow,max-image-preview:large,max-snippet:-1,max-video-preview:-1",,,https://rnawiki.com/c/rhodiola-rosea,true,true,BreadcrumbList|ListItem|MedicalWebPage|Drug|FAQPage|Question|Answer,53,124,1,yes,no,br,21,257,
/c/saffron-crocus-sativus,c,build/prerender.js + app.js route(),200,200,"index,follow,max-image-preview:large,max-snippet:-1,max-video-preview:-1","index,follow,max-image-preview:large,max-snippet:-1,max-video-preview:-1",,,https://rnawiki.com/c/saffron-crocus-sativus,true,true,BreadcrumbList|ListItem|MedicalWebPage|Drug|FAQPage|Question|Answer,52,114,1,yes,no,br,24,247,
/c/sam-e-s-adenosylmethionine,c,build/prerender.js + app.js route(),200,200,"index,follow,max-image-preview:large,max-snippet:-1,max-video-preview:-1","index,follow,max-image-preview:large,max-snippet:-1,max-video-preview:-1",,,https://rnawiki.com/c/sam-e-s-adenosylmethionine,true,true,BreadcrumbList|ListItem|MedicalWebPage|Drug|FAQPage|Question|Answer,56,139,1,yes,no,br,26,255,
/c/semaglutide-ozempic-wegovy-rybelsus,c,build/prerender.js + app.js route(),200,200,"index,follow,max-image-preview:large,max-snippet:-1,max-video-preview:-1","index,follow,max-image-preview:large,max-snippet:-1,max-video-preview:-1",,,https://rnawiki.com/c/semaglutide-ozempic-wegovy-rybelsus,true,true,BreadcrumbList|ListItem|MedicalWebPage|Drug|FAQPage|Question|Answer,59,152,1,yes,no,br,30,238,
/c/semax-selank,c,build/prerender.js + app.js route(),200,200,"index,follow,max-image-preview:large,max-snippet:-1,max-video-preview:-1","index,follow,max-image-preview:large,max-snippet:-1,max-video-preview:-1",,,https://rnawiki.com/c/semax-selank,true,true,BreadcrumbList|ListItem|MedicalWebPage|Drug|FAQPage|Question|Answer,53,154,1,yes,no,br,24,257,
/c/sermorelin,c,build/prerender.js + app.js route(),200,200,"index,follow,max-image-preview:large,max-snippet:-1,max-video-preview:-1","index,follow,max-image-preview:large,max-snippet:-1,max-video-preview:-1",,,https://rnawiki.com/c/sermorelin,true,true,BreadcrumbList|ListItem|MedicalWebPage|Drug|FAQPage|Question|Answer,49,135,1,yes,no,br,27,255,
/c/setmelanotide-imcivree,c,build/prerender.js + app.js route(),200,200,"index,follow,max-image-preview:large,max-snippet:-1,max-video-preview:-1","index,follow,max-image-preview:large,max-snippet:-1,max-video-preview:-1",,,https://rnawiki.com/c/setmelanotide-imcivree,true,true,BreadcrumbList|ListItem|MedicalWebPage|Drug|FAQPage|Question|Answer,52,133,1,yes,no,br,21,250,
/c/sglt2-inhibitors-empagliflozin-canagliflozin,c,build/prerender.js + app.js route(),200,200,"index,follow,max-image-preview:large,max-snippet:-1,max-video-preview:-1","index,follow,max-image-preview:large,max-snippet:-1,max-video-preview:-1",,,https://rnawiki.com/c/sglt2-inhibitors-empagliflozin-canagliflozin,true,true,BreadcrumbList|ListItem|MedicalWebPage|Drug|FAQPage|Question|Answer,58,152,1,yes,no,br,20,247,
/c/silymarin-milk-thistle,c,build/prerender.js + app.js route(),200,200,"index,follow,max-image-preview:large,max-snippet:-1,max-video-preview:-1","index,follow,max-image-preview:large,max-snippet:-1,max-video-preview:-1",,,https://rnawiki.com/c/silymarin-milk-thistle,true,true,BreadcrumbList|ListItem|MedicalWebPage|Drug|FAQPage|Question|Answer,52,155,1,yes,no,br,23,235,
/c/sodium-bicarbonate,c,build/prerender.js + app.js route(),200,200,"index,follow,max-image-preview:large,max-snippet:-1,max-video-preview:-1","index,follow,max-image-preview:large,max-snippet:-1,max-video-preview:-1",,,https://rnawiki.com/c/sodium-bicarbonate,true,true,BreadcrumbList|ListItem|MedicalWebPage|Drug|FAQPage|Question|Answer,57,152,1,yes,no,br,25,250,
/c/spermidine,c,build/prerender.js + app.js route(),200,200,"index,follow,max-image-preview:large,max-snippet:-1,max-video-preview:-1","index,follow,max-image-preview:large,max-snippet:-1,max-video-preview:-1",,,https://rnawiki.com/c/spermidine,true,true,BreadcrumbList|ListItem|MedicalWebPage|Drug|FAQPage|Question|Answer,49,153,1,yes,no,br,23,367,
/c/ssris-sertraline-escitalopram,c,build/prerender.js + app.js route(),200,200,"index,follow,max-image-preview:large,max-snippet:-1,max-video-preview:-1","index,follow,max-image-preview:large,max-snippet:-1,max-video-preview:-1",,,https://rnawiki.com/c/ssris-sertraline-escitalopram,true,true,BreadcrumbList|ListItem|MedicalWebPage|Drug|FAQPage|Question|Answer,60,143,1,yes,no,br,23,250,
/c/stanozolol-winstrol,c,build/prerender.js + app.js route(),200,200,"index,follow,max-image-preview:large,max-snippet:-1,max-video-preview:-1","index,follow,max-image-preview:large,max-snippet:-1,max-video-preview:-1",,,https://rnawiki.com/c/stanozolol-winstrol,true,true,BreadcrumbList|ListItem|MedicalWebPage|Drug|FAQPage|Question|Answer,60,136,1,yes,no,br,25,403,
/c/statins-atorvastatin-rosuvastatin,c,build/prerender.js + app.js route(),200,200,"index,follow,max-image-preview:large,max-snippet:-1,max-video-preview:-1","index,follow,max-image-preview:large,max-snippet:-1,max-video-preview:-1",,,https://rnawiki.com/c/statins-atorvastatin-rosuvastatin,true,true,BreadcrumbList|ListItem|MedicalWebPage|Drug|FAQPage|Question|Answer,53,152,1,yes,no,br,22,248,
/c/stenabolic-sr9009,c,build/prerender.js + app.js route(),200,200,"index,follow,max-image-preview:large,max-snippet:-1,max-video-preview:-1","index,follow,max-image-preview:large,max-snippet:-1,max-video-preview:-1",,,https://rnawiki.com/c/stenabolic-sr9009,true,true,BreadcrumbList|ListItem|MedicalWebPage|Drug|FAQPage|Question|Answer,58,155,1,yes,no,br,23,583,
/c/strontium-silica-brief,c,build/prerender.js + app.js route(),200,200,"index,follow,max-image-preview:large,max-snippet:-1,max-video-preview:-1","index,follow,max-image-preview:large,max-snippet:-1,max-video-preview:-1",,,https://rnawiki.com/c/strontium-silica-brief,true,true,BreadcrumbList|ListItem|MedicalWebPage|Drug,54,154,1,yes,no,br,21,234,
/c/sulforaphane,c,build/prerender.js + app.js route(),200,200,"index,follow,max-image-preview:large,max-snippet:-1,max-video-preview:-1","index,follow,max-image-preview:large,max-snippet:-1,max-video-preview:-1",,,https://rnawiki.com/c/sulforaphane,true,true,BreadcrumbList|ListItem|MedicalWebPage|Drug|FAQPage|Question|Answer,51,144,1,yes,no,br,20,430,
/c/synephrine-higenamine-orlistat-brief,c,build/prerender.js + app.js route(),200,200,"index,follow,max-image-preview:large,max-snippet:-1,max-video-preview:-1","index,follow,max-image-preview:large,max-snippet:-1,max-video-preview:-1",,,https://rnawiki.com/c/synephrine-higenamine-orlistat-brief,true,true,BreadcrumbList|ListItem|MedicalWebPage|Drug,52,154,1,yes,no,br,22,245,
/c/t3-t4-thyroid-liothyronine-levothyroxine,c,build/prerender.js + app.js route(),200,200,"index,follow,max-image-preview:large,max-snippet:-1,max-video-preview:-1","index,follow,max-image-preview:large,max-snippet:-1,max-video-preview:-1",,,https://rnawiki.com/c/t3-t4-thyroid-liothyronine-levothyroxine,true,true,BreadcrumbList|ListItem|MedicalWebPage|Drug|FAQPage|Question|Answer,56,155,1,yes,no,br,19,245,
/c/tamoxifen-nolvadex,c,build/prerender.js + app.js route(),200,200,"index,follow,max-image-preview:large,max-snippet:-1,max-video-preview:-1","index,follow,max-image-preview:large,max-snippet:-1,max-video-preview:-1",,,https://rnawiki.com/c/tamoxifen-nolvadex,true,true,BreadcrumbList|ListItem|MedicalWebPage|Drug|FAQPage|Question|Answer,59,131,1,yes,no,br,19,261,
/c/taurine,c,build/prerender.js + app.js route(),200,200,"index,follow,max-image-preview:large,max-snippet:-1,max-video-preview:-1","index,follow,max-image-preview:large,max-snippet:-1,max-video-preview:-1",,,https://rnawiki.com/c/taurine,true,true,BreadcrumbList|ListItem|MedicalWebPage|Drug|FAQPage|Question|Answer,46,151,1,yes,no,br,20,258,
/c/tb-500-thymosin-beta-4-fragment,c,build/prerender.js + app.js route(),200,200,"index,follow,max-image-preview:large,max-snippet:-1,max-video-preview:-1","index,follow,max-image-preview:large,max-snippet:-1,max-video-preview:-1",,,https://rnawiki.com/c/tb-500-thymosin-beta-4-fragment,true,true,BreadcrumbList|ListItem|MedicalWebPage|Drug|FAQPage|Question|Answer,51,149,1,yes,no,br,22,225,
/c/tesamorelin-egrifta,c,build/prerender.js + app.js route(),200,200,"index,follow,max-image-preview:large,max-snippet:-1,max-video-preview:-1","index,follow,max-image-preview:large,max-snippet:-1,max-video-preview:-1",,,https://rnawiki.com/c/tesamorelin-egrifta,true,true,BreadcrumbList|ListItem|MedicalWebPage|Drug|FAQPage|Question|Answer,60,154,1,yes,no,br,19,257,
/c/testolone-rad-140,c,build/prerender.js + app.js route(),200,200,"index,follow,max-image-preview:large,max-snippet:-1,max-video-preview:-1","index,follow,max-image-preview:large,max-snippet:-1,max-video-preview:-1",,,https://rnawiki.com/c/testolone-rad-140,true,true,BreadcrumbList|ListItem|MedicalWebPage|Drug|FAQPage|Question|Answer,58,137,1,yes,no,br,19,249,
/c/testosterone-trt,c,build/prerender.js + app.js route(),200,200,"index,follow,max-image-preview:large,max-snippet:-1,max-video-preview:-1","index,follow,max-image-preview:large,max-snippet:-1,max-video-preview:-1",,,https://rnawiki.com/c/testosterone-trt,true,true,BreadcrumbList|ListItem|MedicalWebPage|Drug|FAQPage|Question|Answer,57,152,1,yes,no,br,23,260,
/c/thymosin-alpha-1-zadaxin,c,build/prerender.js + app.js route(),200,200,"index,follow,max-image-preview:large,max-snippet:-1,max-video-preview:-1","index,follow,max-image-preview:large,max-snippet:-1,max-video-preview:-1",,,https://rnawiki.com/c/thymosin-alpha-1-zadaxin,true,true,BreadcrumbList|ListItem|MedicalWebPage|Drug|FAQPage|Question|Answer,54,131,1,yes,no,br,22,232,
/c/tirzepatide-mounjaro-zepbound,c,build/prerender.js + app.js route(),200,200,"index,follow,max-image-preview:large,max-snippet:-1,max-video-preview:-1","index,follow,max-image-preview:large,max-snippet:-1,max-video-preview:-1",,,https://rnawiki.com/c/tirzepatide-mounjaro-zepbound,true,true,BreadcrumbList|ListItem|MedicalWebPage|Drug|FAQPage|Question|Answer,51,148,1,yes,no,br,21,277,
/c/tongkat-ali-eurycoma-longifolia,c,build/prerender.js + app.js route(),200,200,"index,follow,max-image-preview:large,max-snippet:-1,max-video-preview:-1","index,follow,max-image-preview:large,max-snippet:-1,max-video-preview:-1",,,https://rnawiki.com/c/tongkat-ali-eurycoma-longifolia,true,true,BreadcrumbList|ListItem|MedicalWebPage|Drug|FAQPage|Question|Answer,51,153,1,yes,no,br,19,229,
/c/trenbolone,c,build/prerender.js + app.js route(),200,200,"index,follow,max-image-preview:large,max-snippet:-1,max-video-preview:-1","index,follow,max-image-preview:large,max-snippet:-1,max-video-preview:-1",,,https://rnawiki.com/c/trenbolone,true,true,BreadcrumbList|ListItem|MedicalWebPage|Drug|FAQPage|Question|Answer,49,154,1,yes,no,br,22,246,
/c/tretinoin-retinoids,c,build/prerender.js + app.js route(),200,200,"index,follow,max-image-preview:large,max-snippet:-1,max-video-preview:-1","index,follow,max-image-preview:large,max-snippet:-1,max-video-preview:-1",,,https://rnawiki.com/c/tretinoin-retinoids,true,true,BreadcrumbList|ListItem|MedicalWebPage|Drug|FAQPage|Question|Answer,60,147,1,yes,no,br,17,525,
/c/turkesterone-ecdysterone,c,build/prerender.js + app.js route(),200,200,"index,follow,max-image-preview:large,max-snippet:-1,max-video-preview:-1","index,follow,max-image-preview:large,max-snippet:-1,max-video-preview:-1",,,https://rnawiki.com/c/turkesterone-ecdysterone,true,true,BreadcrumbList|ListItem|MedicalWebPage|Drug|FAQPage|Question|Answer,54,145,1,yes,no,br,14,406,
/c/urolithin-a,c,build/prerender.js + app.js route(),200,200,"index,follow,max-image-preview:large,max-snippet:-1,max-video-preview:-1","index,follow,max-image-preview:large,max-snippet:-1,max-video-preview:-1",,,https://rnawiki.com/c/urolithin-a,true,true,BreadcrumbList|ListItem|MedicalWebPage|Drug|FAQPage|Question|Answer,50,155,1,yes,no,br,20,261,
/c/valerian-valeriana-officinalis,c,build/prerender.js + app.js route(),200,200,"index,follow,max-image-preview:large,max-snippet:-1,max-video-preview:-1","index,follow,max-image-preview:large,max-snippet:-1,max-video-preview:-1",,,https://rnawiki.com/c/valerian-valeriana-officinalis,true,true,BreadcrumbList|ListItem|MedicalWebPage|Drug|FAQPage|Question|Answer,60,151,1,yes,no,br,22,454,
/c/vitamin-c-ascorbate,c,build/prerender.js + app.js route(),200,200,"index,follow,max-image-preview:large,max-snippet:-1,max-video-preview:-1","index,follow,max-image-preview:large,max-snippet:-1,max-video-preview:-1",,,https://rnawiki.com/c/vitamin-c-ascorbate,true,true,BreadcrumbList|ListItem|MedicalWebPage|Drug|FAQPage|Question|Answer,60,117,1,yes,no,br,19,233,
/c/vitamin-d3-k2,c,build/prerender.js + app.js route(),200,200,"index,follow,max-image-preview:large,max-snippet:-1,max-video-preview:-1","index,follow,max-image-preview:large,max-snippet:-1,max-video-preview:-1",,,https://rnawiki.com/c/vitamin-d3-k2,true,true,BreadcrumbList|ListItem|MedicalWebPage|Drug|FAQPage|Question|Answer,56,151,1,yes,no,br,22,252,
/c/whey-casein-protein,c,build/prerender.js + app.js route(),200,200,"index,follow,max-image-preview:large,max-snippet:-1,max-video-preview:-1","index,follow,max-image-preview:large,max-snippet:-1,max-video-preview:-1",,,https://rnawiki.com/c/whey-casein-protein,true,true,BreadcrumbList|ListItem|MedicalWebPage|Drug|FAQPage|Question|Answer,60,152,1,yes,no,br,20,241,
/c/yohimbine,c,build/prerender.js + app.js route(),200,200,"index,follow,max-image-preview:large,max-snippet:-1,max-video-preview:-1","index,follow,max-image-preview:large,max-snippet:-1,max-video-preview:-1",,,https://rnawiki.com/c/yohimbine,true,true,BreadcrumbList|ListItem|MedicalWebPage|Drug|FAQPage|Question|Answer,48,154,1,yes,no,br,19,245,
/c/z-drugs-zolpidem-ambien-trazodone-doxylamine-brief,c,build/prerender.js + app.js route(),200,200,"index,follow,max-image-preview:large,max-snippet:-1,max-video-preview:-1","index,follow,max-image-preview:large,max-snippet:-1,max-video-preview:-1",,,https://rnawiki.com/c/z-drugs-zolpidem-ambien-trazodone-doxylamine-brief,true,true,BreadcrumbList|ListItem|MedicalWebPage|Drug,60,151,1,yes,no,br,19,227,
/c/zinc,c,build/prerender.js + app.js route(),200,200,"index,follow,max-image-preview:large,max-snippet:-1,max-video-preview:-1","index,follow,max-image-preview:large,max-snippet:-1,max-video-preview:-1",,,https://rnawiki.com/c/zinc,true,true,BreadcrumbList|ListItem|MedicalWebPage|Drug|FAQPage|Question|Answer,43,154,1,yes,no,br,20,249,
/c/zinc-carnosine-akkermansia-s-boulardii-dgl-brief,c,build/prerender.js + app.js route(),200,200,"index,follow,max-image-preview:large,max-snippet:-1,max-video-preview:-1","index,follow,max-image-preview:large,max-snippet:-1,max-video-preview:-1",,,https://rnawiki.com/c/zinc-carnosine-akkermansia-s-boulardii-dgl-brief,true,true,BreadcrumbList|ListItem|MedicalWebPage|Drug,59,154,1,yes,no,br,20,263,
/clinic,clinic,"site/app.js route() only (SPA_ONLY_ROUTES, server.js:2900)",200,200,"index,follow,max-image-preview:large","index,follow,max-image-preview:large",,,https://rnawiki.com/,false,false,WebSite|SearchAction,67,251,0,yes,no,br,19,437,canonical points elsewhere: https://rnawiki.com/
/compare,compare,build/prerender.js + app.js renderComparison(),200,200,"index,follow,max-image-preview:large,max-snippet:-1,max-video-preview:-1","index,follow,max-image-preview:large,max-snippet:-1,max-video-preview:-1",,,https://rnawiki.com/compare,true,true,BreadcrumbList|ListItem|WebPage,50,151,1,yes,no,br,17,238,
/compare/apigenin-vs-glycine,compare,build/prerender.js + app.js renderComparison(),200,200,"index,follow,max-image-preview:large,max-snippet:-1,max-video-preview:-1","index,follow,max-image-preview:large,max-snippet:-1,max-video-preview:-1",,,https://rnawiki.com/compare/apigenin-vs-glycine,true,true,BreadcrumbList|ListItem|MedicalWebPage|FAQPage|Question|Answer,50,98,1,yes,no,br,15,242,
/compare/apigenin-vs-l-theanine,compare,build/prerender.js + app.js renderComparison(),200,200,"index,follow,max-image-preview:large,max-snippet:-1,max-video-preview:-1","index,follow,max-image-preview:large,max-snippet:-1,max-video-preview:-1",,,https://rnawiki.com/compare/apigenin-vs-l-theanine,true,true,BreadcrumbList|ListItem|MedicalWebPage|FAQPage|Question|Answer,53,101,1,yes,no,br,17,249,
/compare/apigenin-vs-magnesium,compare,build/prerender.js + app.js renderComparison(),200,200,"index,follow,max-image-preview:large,max-snippet:-1,max-video-preview:-1","index,follow,max-image-preview:large,max-snippet:-1,max-video-preview:-1",,,https://rnawiki.com/compare/apigenin-vs-magnesium,true,true,BreadcrumbList|ListItem|MedicalWebPage|FAQPage|Question|Answer,52,100,1,yes,no,br,15,250,
/compare/apigenin-vs-valerian-valeriana-officinalis,compare,build/prerender.js + app.js renderComparison(),200,200,"index,follow,max-image-preview:large,max-snippet:-1,max-video-preview:-1","index,follow,max-image-preview:large,max-snippet:-1,max-video-preview:-1",,,https://rnawiki.com/compare/apigenin-vs-valerian-valeriana-officinalis,true,true,BreadcrumbList|ListItem|MedicalWebPage|FAQPage|Question|Answer,51,123,1,yes,no,br,12,238,
/compare/ashwagandha-withania-somnifera-vs-l-theanine,compare,build/prerender.js + app.js renderComparison(),200,200,"index,follow,max-image-preview:large,max-snippet:-1,max-video-preview:-1","index,follow,max-image-preview:large,max-snippet:-1,max-video-preview:-1",,,https://rnawiki.com/compare/ashwagandha-withania-somnifera-vs-l-theanine,true,true,BreadcrumbList|ListItem|MedicalWebPage|FAQPage|Question|Answer,56,133,1,yes,no,br,13,239,
/compare/ashwagandha-withania-somnifera-vs-magnesium,compare,build/prerender.js + app.js renderComparison(),200,200,"index,follow,max-image-preview:large,max-snippet:-1,max-video-preview:-1","index,follow,max-image-preview:large,max-snippet:-1,max-video-preview:-1",,,https://rnawiki.com/compare/ashwagandha-withania-somnifera-vs-magnesium,true,true,BreadcrumbList|ListItem|MedicalWebPage|FAQPage|Question|Answer,55,132,1,yes,no,br,12,238,
/compare/ashwagandha-withania-somnifera-vs-omega-3-epa-dha,compare,build/prerender.js + app.js renderComparison(),200,200,"index,follow,max-image-preview:large,max-snippet:-1,max-video-preview:-1","index,follow,max-image-preview:large,max-snippet:-1,max-video-preview:-1",,,https://rnawiki.com/compare/ashwagandha-withania-somnifera-vs-omega-3-epa-dha,true,true,BreadcrumbList|ListItem|MedicalWebPage|FAQPage|Question|Answer,53,140,1,yes,no,br,11,235,
/compare/ashwagandha-withania-somnifera-vs-saffron-crocus-sativus,compare,build/prerender.js + app.js renderComparison(),200,200,"index,follow,max-image-preview:large,max-snippet:-1,max-video-preview:-1","index,follow,max-image-preview:large,max-snippet:-1,max-video-preview:-1",,,https://rnawiki.com/compare/ashwagandha-withania-somnifera-vs-saffron-crocus-sativus,true,true,BreadcrumbList|ListItem|MedicalWebPage|FAQPage|Question|Answer,53,147,1,yes,no,br,12,246,
/compare/bacopa-monnieri-vs-caffeine,compare,build/prerender.js + app.js renderComparison(),200,200,"index,follow,max-image-preview:large,max-snippet:-1,max-video-preview:-1","index,follow,max-image-preview:large,max-snippet:-1,max-video-preview:-1",,,https://rnawiki.com/compare/bacopa-monnieri-vs-caffeine,true,true,BreadcrumbList|ListItem|MedicalWebPage|FAQPage|Question|Answer,58,115,1,yes,no,br,9,239,
/compare/bacopa-monnieri-vs-citicoline-cdp-choline,compare,build/prerender.js + app.js renderComparison(),200,200,"index,follow,max-image-preview:large,max-snippet:-1,max-video-preview:-1","index,follow,max-image-preview:large,max-snippet:-1,max-video-preview:-1",,,https://rnawiki.com/compare/bacopa-monnieri-vs-citicoline-cdp-choline,true,true,BreadcrumbList|ListItem|MedicalWebPage|FAQPage|Question|Answer,60,131,1,yes,no,br,11,241,
/compare/bacopa-monnieri-vs-l-theanine,compare,build/prerender.js + app.js renderComparison(),200,200,"index,follow,max-image-preview:large,max-snippet:-1,max-video-preview:-1","index,follow,max-image-preview:large,max-snippet:-1,max-video-preview:-1",,,https://rnawiki.com/compare/bacopa-monnieri-vs-l-theanine,true,true,BreadcrumbList|ListItem|MedicalWebPage|FAQPage|Question|Answer,60,117,1,yes,no,br,9,422,
/compare/beetroot-dietary-nitrate-vs-berberine,compare,build/prerender.js + app.js renderComparison(),200,200,"index,follow,max-image-preview:large,max-snippet:-1,max-video-preview:-1","index,follow,max-image-preview:large,max-snippet:-1,max-video-preview:-1",,,https://rnawiki.com/compare/beetroot-dietary-nitrate-vs-berberine,true,true,BreadcrumbList|ListItem|MedicalWebPage|FAQPage|Question|Answer,49,120,1,yes,no,br,7,235,
/compare/beetroot-dietary-nitrate-vs-l-citrulline-citrulline-malate,compare,build/prerender.js + app.js renderComparison(),200,200,"index,follow,max-image-preview:large,max-snippet:-1,max-video-preview:-1","index,follow,max-image-preview:large,max-snippet:-1,max-video-preview:-1",,,https://rnawiki.com/compare/beetroot-dietary-nitrate-vs-l-citrulline-citrulline-malate,true,true,BreadcrumbList|ListItem|MedicalWebPage|FAQPage|Question|Answer,52,143,1,yes,no,br,12,257,
/compare/beetroot-dietary-nitrate-vs-magnesium,compare,build/prerender.js + app.js renderComparison(),200,200,"index,follow,max-image-preview:large,max-snippet:-1,max-video-preview:-1","index,follow,max-image-preview:large,max-snippet:-1,max-video-preview:-1",,,https://rnawiki.com/compare/beetroot-dietary-nitrate-vs-magnesium,true,true,BreadcrumbList|ListItem|MedicalWebPage|FAQPage|Question|Answer,49,120,1,yes,no,br,8,257,
/compare/beetroot-dietary-nitrate-vs-omega-3-epa-dha,compare,build/prerender.js + app.js renderComparison(),200,200,"index,follow,max-image-preview:large,max-snippet:-1,max-video-preview:-1","index,follow,max-image-preview:large,max-snippet:-1,max-video-preview:-1",,,https://rnawiki.com/compare/beetroot-dietary-nitrate-vs-omega-3-epa-dha,true,true,BreadcrumbList|ListItem|MedicalWebPage|FAQPage|Question|Answer,47,128,1,yes,no,br,9,250,
/compare/berberine-vs-l-citrulline-citrulline-malate,compare,build/prerender.js + app.js renderComparison(),200,200,"index,follow,max-image-preview:large,max-snippet:-1,max-video-preview:-1","index,follow,max-image-preview:large,max-snippet:-1,max-video-preview:-1",,,https://rnawiki.com/compare/berberine-vs-l-citrulline-citrulline-malate,true,true,BreadcrumbList|ListItem|MedicalWebPage|FAQPage|Question|Answer,55,126,1,yes,no,br,7,248,
/compare/berberine-vs-l-glutamine,compare,build/prerender.js + app.js renderComparison(),200,200,"index,follow,max-image-preview:large,max-snippet:-1,max-video-preview:-1","index,follow,max-image-preview:large,max-snippet:-1,max-video-preview:-1",,,https://rnawiki.com/compare/berberine-vs-l-glutamine,true,true,BreadcrumbList|ListItem|MedicalWebPage|FAQPage|Question|Answer,55,101,1,yes,no,br,7,227,
/compare/berberine-vs-magnesium,compare,build/prerender.js + app.js renderComparison(),200,200,"index,follow,max-image-preview:large,max-snippet:-1,max-video-preview:-1","index,follow,max-image-preview:large,max-snippet:-1,max-video-preview:-1",,,https://rnawiki.com/compare/berberine-vs-magnesium,true,true,BreadcrumbList|ListItem|MedicalWebPage|FAQPage|Question|Answer,53,103,1,yes,no,br,8,492,
/compare/berberine-vs-omega-3-epa-dha,compare,build/prerender.js + app.js renderComparison(),200,200,"index,follow,max-image-preview:large,max-snippet:-1,max-video-preview:-1","index,follow,max-image-preview:large,max-snippet:-1,max-video-preview:-1",,,https://rnawiki.com/compare/berberine-vs-omega-3-epa-dha,true,true,BreadcrumbList|ListItem|MedicalWebPage|FAQPage|Question|Answer,51,111,1,yes,no,br,9,232,
/compare/berberine-vs-prebiotics-inulin-gos-phgg-butyrate,compare,build/prerender.js + app.js renderComparison(),200,200,"index,follow,max-image-preview:large,max-snippet:-1,max-video-preview:-1","index,follow,max-image-preview:large,max-snippet:-1,max-video-preview:-1",,,https://rnawiki.com/compare/berberine-vs-prebiotics-inulin-gos-phgg-butyrate,true,true,BreadcrumbList|ListItem|MedicalWebPage|FAQPage|Question|Answer,48,135,1,yes,no,br,8,258,
/compare/berberine-vs-probiotics,compare,build/prerender.js + app.js renderComparison(),200,200,"index,follow,max-image-preview:large,max-snippet:-1,max-video-preview:-1","index,follow,max-image-preview:large,max-snippet:-1,max-video-preview:-1",,,https://rnawiki.com/compare/berberine-vs-probiotics,true,true,BreadcrumbList|ListItem|MedicalWebPage|FAQPage|Question|Answer,54,100,1,yes,no,br,7,251,
/compare/beta-alanine-vs-caffeine,compare,build/prerender.js + app.js renderComparison(),200,200,"index,follow,max-image-preview:large,max-snippet:-1,max-video-preview:-1","index,follow,max-image-preview:large,max-snippet:-1,max-video-preview:-1",,,https://rnawiki.com/compare/beta-alanine-vs-caffeine,true,true,BreadcrumbList|ListItem|MedicalWebPage|FAQPage|Question|Answer,55,118,1,yes,no,br,8,258,
/compare/beta-alanine-vs-coq10-ubiquinol,compare,build/prerender.js + app.js renderComparison(),200,200,"index,follow,max-image-preview:large,max-snippet:-1,max-video-preview:-1","index,follow,max-image-preview:large,max-snippet:-1,max-video-preview:-1",,,https://rnawiki.com/compare/beta-alanine-vs-coq10-ubiquinol,true,true,BreadcrumbList|ListItem|MedicalWebPage|FAQPage|Question|Answer,43,109,1,yes,no,br,9,237,
/compare/beta-alanine-vs-creatine-monohydrate,compare,build/prerender.js + app.js renderComparison(),200,200,"index,follow,max-image-preview:large,max-snippet:-1,max-video-preview:-1","index,follow,max-image-preview:large,max-snippet:-1,max-video-preview:-1",,,https://rnawiki.com/compare/beta-alanine-vs-creatine-monohydrate,true,true,BreadcrumbList|ListItem|MedicalWebPage|FAQPage|Question|Answer,46,130,1,yes,no,br,9,238,
/compare/beta-alanine-vs-iron,compare,build/prerender.js + app.js renderComparison(),200,200,"index,follow,max-image-preview:large,max-snippet:-1,max-video-preview:-1","index,follow,max-image-preview:large,max-snippet:-1,max-video-preview:-1",,,https://rnawiki.com/compare/beta-alanine-vs-iron,true,true,BreadcrumbList|ListItem|MedicalWebPage|FAQPage|Question|Answer,51,96,1,yes,no,br,8,231,
/compare/beta-alanine-vs-l-citrulline-citrulline-malate,compare,build/prerender.js + app.js renderComparison(),200,200,"index,follow,max-image-preview:large,max-snippet:-1,max-video-preview:-1","index,follow,max-image-preview:large,max-snippet:-1,max-video-preview:-1",,,https://rnawiki.com/compare/beta-alanine-vs-l-citrulline-citrulline-malate,true,true,BreadcrumbList|ListItem|MedicalWebPage|FAQPage|Question|Answer,58,142,1,yes,no,br,6,238,
/compare/beta-alanine-vs-nmn-nr-nad-precursors,compare,build/prerender.js + app.js renderComparison(),200,200,"index,follow,max-image-preview:large,max-snippet:-1,max-video-preview:-1","index,follow,max-image-preview:large,max-snippet:-1,max-video-preview:-1",,,https://rnawiki.com/compare/beta-alanine-vs-nmn-nr-nad-precursors,true,true,BreadcrumbList|ListItem|MedicalWebPage|FAQPage|Question|Answer,55,118,1,yes,no,br,9,230,
/compare/beta-alanine-vs-sodium-bicarbonate,compare,build/prerender.js + app.js renderComparison(),200,200,"index,follow,max-image-preview:large,max-snippet:-1,max-video-preview:-1","index,follow,max-image-preview:large,max-snippet:-1,max-video-preview:-1",,,https://rnawiki.com/compare/beta-alanine-vs-sodium-bicarbonate,true,true,BreadcrumbList|ListItem|MedicalWebPage|FAQPage|Question|Answer,44,110,1,yes,no,br,8,232,
/compare/beta-alanine-vs-taurine,compare,build/prerender.js + app.js renderComparison(),200,200,"index,follow,max-image-preview:large,max-snippet:-1,max-video-preview:-1","index,follow,max-image-preview:large,max-snippet:-1,max-video-preview:-1",,,https://rnawiki.com/compare/beta-alanine-vs-taurine,true,true,BreadcrumbList|ListItem|MedicalWebPage|FAQPage|Question|Answer,54,99,1,yes,no,br,9,246,
/compare/beta-alanine-vs-vitamin-d3-k2,compare,build/prerender.js + app.js renderComparison(),200,200,"index,follow,max-image-preview:large,max-snippet:-1,max-video-preview:-1","index,follow,max-image-preview:large,max-snippet:-1,max-video-preview:-1",,,https://rnawiki.com/compare/beta-alanine-vs-vitamin-d3-k2,true,true,BreadcrumbList|ListItem|MedicalWebPage|FAQPage|Question|Answer,57,127,1,yes,no,br,9,417,
/compare/beta-alanine-vs-whey-casein-protein,compare,build/prerender.js + app.js renderComparison(),200,200,"index,follow,max-image-preview:large,max-snippet:-1,max-video-preview:-1","index,follow,max-image-preview:large,max-snippet:-1,max-video-preview:-1",,,https://rnawiki.com/compare/beta-alanine-vs-whey-casein-protein,true,true,BreadcrumbList|ListItem|MedicalWebPage|FAQPage|Question|Answer,47,131,1,yes,no,br,10,265,
/compare/beta-glucans-vs-medicinal-mushrooms-reishi-turkey-tail-chaga,compare,build/prerender.js + app.js renderComparison(),200,200,"index,follow,max-image-preview:large,max-snippet:-1,max-video-preview:-1","index,follow,max-image-preview:large,max-snippet:-1,max-video-preview:-1",,,https://rnawiki.com/compare/beta-glucans-vs-medicinal-mushrooms-reishi-turkey-tail-chaga,true,true,BreadcrumbList|ListItem|MedicalWebPage|FAQPage|Question|Answer,45,139,1,yes,no,br,9,251,
/compare/beta-glucans-vs-vitamin-c-ascorbate,compare,build/prerender.js + app.js renderComparison(),200,200,"index,follow,max-image-preview:large,max-snippet:-1,max-video-preview:-1","index,follow,max-image-preview:large,max-snippet:-1,max-video-preview:-1",,,https://rnawiki.com/compare/beta-glucans-vs-vitamin-c-ascorbate,true,true,BreadcrumbList|ListItem|MedicalWebPage|FAQPage|Question|Answer,56,112,1,yes,no,br,10,244,
/compare/beta-glucans-vs-vitamin-d3-k2,compare,build/prerender.js + app.js renderComparison(),200,200,"index,follow,max-image-preview:large,max-snippet:-1,max-video-preview:-1","index,follow,max-image-preview:large,max-snippet:-1,max-video-preview:-1",,,https://rnawiki.com/compare/beta-glucans-vs-vitamin-d3-k2,true,true,BreadcrumbList|ListItem|MedicalWebPage|FAQPage|Question|Answer,57,108,1,yes,no,br,9,230,
/compare/beta-glucans-vs-zinc,compare,build/prerender.js + app.js renderComparison(),200,200,"index,follow,max-image-preview:large,max-snippet:-1,max-video-preview:-1","index,follow,max-image-preview:large,max-snippet:-1,max-video-preview:-1",,,https://rnawiki.com/compare/beta-glucans-vs-zinc,true,true,BreadcrumbList|ListItem|MedicalWebPage|FAQPage|Question|Answer,51,95,1,yes,no,br,10,244,
/compare/boron-vs-boswellia-serrata,compare,build/prerender.js + app.js renderComparison(),200,200,"index,follow,max-image-preview:large,max-snippet:-1,max-video-preview:-1","index,follow,max-image-preview:large,max-snippet:-1,max-video-preview:-1",,,https://rnawiki.com/compare/boron-vs-boswellia-serrata,true,true,BreadcrumbList|ListItem|MedicalWebPage|FAQPage|Question|Answer,57,105,1,yes,no,br,8,230,
/compare/boron-vs-calcium-d3-k2,compare,build/prerender.js + app.js renderComparison(),200,200,"index,follow,max-image-preview:large,max-snippet:-1,max-video-preview:-1","index,follow,max-image-preview:large,max-snippet:-1,max-video-preview:-1",,,https://rnawiki.com/compare/boron-vs-calcium-d3-k2,true,true,BreadcrumbList|ListItem|MedicalWebPage|FAQPage|Question|Answer,59,106,1,yes,no,br,10,255,
/compare/boron-vs-collagen-peptides-vitamin-c,compare,build/prerender.js + app.js renderComparison(),200,200,"index,follow,max-image-preview:large,max-snippet:-1,max-video-preview:-1","index,follow,max-image-preview:large,max-snippet:-1,max-video-preview:-1",,,https://rnawiki.com/compare/boron-vs-collagen-peptides-vitamin-c,true,true,BreadcrumbList|ListItem|MedicalWebPage|FAQPage|Question|Answer,57,119,1,yes,no,br,10,249,
/compare/boron-vs-glucosamine-chondroitin,compare,build/prerender.js + app.js renderComparison(),200,200,"index,follow,max-image-preview:large,max-snippet:-1,max-video-preview:-1","index,follow,max-image-preview:large,max-snippet:-1,max-video-preview:-1",,,https://rnawiki.com/compare/boron-vs-glucosamine-chondroitin,true,true,BreadcrumbList|ListItem|MedicalWebPage|FAQPage|Question|Answer,44,113,1,yes,no,br,8,278,
/compare/boron-vs-glycine,compare,build/prerender.js + app.js renderComparison(),200,200,"index,follow,max-image-preview:large,max-snippet:-1,max-video-preview:-1","index,follow,max-image-preview:large,max-snippet:-1,max-video-preview:-1",,,https://rnawiki.com/compare/boron-vs-glycine,true,true,BreadcrumbList|ListItem|MedicalWebPage|FAQPage|Question|Answer,47,95,1,yes,no,br,7,525,
/compare/boron-vs-omega-3-epa-dha,compare,build/prerender.js + app.js renderComparison(),200,200,"index,follow,max-image-preview:large,max-snippet:-1,max-video-preview:-1","index,follow,max-image-preview:large,max-snippet:-1,max-video-preview:-1",,,https://rnawiki.com/compare/boron-vs-omega-3-epa-dha,true,true,BreadcrumbList|ListItem|MedicalWebPage|FAQPage|Question|Answer,57,105,1,yes,no,br,10,244,
/compare/boron-vs-vitamin-d3-k2,compare,build/prerender.js + app.js renderComparison(),200,200,"index,follow,max-image-preview:large,max-snippet:-1,max-video-preview:-1","index,follow,max-image-preview:large,max-snippet:-1,max-video-preview:-1",,,https://rnawiki.com/compare/boron-vs-vitamin-d3-k2,true,true,BreadcrumbList|ListItem|MedicalWebPage|FAQPage|Question|Answer,57,104,1,yes,no,br,10,233,
/compare/boswellia-serrata-vs-collagen-peptides-vitamin-c,compare,build/prerender.js + app.js renderComparison(),200,200,"index,follow,max-image-preview:large,max-snippet:-1,max-video-preview:-1","index,follow,max-image-preview:large,max-snippet:-1,max-video-preview:-1",,,https://rnawiki.com/compare/boswellia-serrata-vs-collagen-peptides-vitamin-c,true,true,BreadcrumbList|ListItem|MedicalWebPage|FAQPage|Question|Answer,48,131,1,yes,no,br,8,242,
/compare/boswellia-serrata-vs-glucosamine-chondroitin,compare,build/prerender.js + app.js renderComparison(),200,200,"index,follow,max-image-preview:large,max-snippet:-1,max-video-preview:-1","index,follow,max-image-preview:large,max-snippet:-1,max-video-preview:-1",,,https://rnawiki.com/compare/boswellia-serrata-vs-glucosamine-chondroitin,true,true,BreadcrumbList|ListItem|MedicalWebPage|FAQPage|Question|Answer,56,125,1,yes,no,br,9,253,
/compare/boswellia-serrata-vs-glycine,compare,build/prerender.js + app.js renderComparison(),200,200,"index,follow,max-image-preview:large,max-snippet:-1,max-video-preview:-1","index,follow,max-image-preview:large,max-snippet:-1,max-video-preview:-1",,,https://rnawiki.com/compare/boswellia-serrata-vs-glycine,true,true,BreadcrumbList|ListItem|MedicalWebPage|FAQPage|Question|Answer,59,107,1,yes,no,br,9,240,
/compare/boswellia-serrata-vs-omega-3-epa-dha,compare,build/prerender.js + app.js renderComparison(),200,200,"index,follow,max-image-preview:large,max-snippet:-1,max-video-preview:-1","index,follow,max-image-preview:large,max-snippet:-1,max-video-preview:-1",,,https://rnawiki.com/compare/boswellia-serrata-vs-omega-3-epa-dha,true,true,BreadcrumbList|ListItem|MedicalWebPage|FAQPage|Question|Answer,59,117,1,yes,no,br,7,244,
/compare/caffeine-vs-caffeine-thermogenic,compare,build/prerender.js + app.js renderComparison(),200,200,"index,follow,max-image-preview:large,max-snippet:-1,max-video-preview:-1","index,follow,max-image-preview:large,max-snippet:-1,max-video-preview:-1",,,https://rnawiki.com/compare/caffeine-vs-caffeine-thermogenic,true,true,BreadcrumbList|ListItem|MedicalWebPage|FAQPage|Question|Answer,57,109,1,yes,no,br,9,261,
/compare/caffeine-vs-citicoline-cdp-choline,compare,build/prerender.js + app.js renderComparison(),200,200,"index,follow,max-image-preview:large,max-snippet:-1,max-video-preview:-1","index,follow,max-image-preview:large,max-snippet:-1,max-video-preview:-1",,,https://rnawiki.com/compare/caffeine-vs-citicoline-cdp-choline,true,true,BreadcrumbList|ListItem|MedicalWebPage|FAQPage|Question|Answer,53,124,1,yes,no,br,10,253,
/compare/caffeine-vs-coq10-ubiquinol,compare,build/prerender.js + app.js renderComparison(),200,200,"index,follow,max-image-preview:large,max-snippet:-1,max-video-preview:-1","index,follow,max-image-preview:large,max-snippet:-1,max-video-preview:-1",,,https://rnawiki.com/compare/caffeine-vs-coq10-ubiquinol,true,true,BreadcrumbList|ListItem|MedicalWebPage|FAQPage|Question|Answer,60,105,1,yes,no,br,8,236,
/compare/caffeine-vs-creatine-monohydrate,compare,build/prerender.js + app.js renderComparison(),200,200,"index,follow,max-image-preview:large,max-snippet:-1,max-video-preview:-1","index,follow,max-image-preview:large,max-snippet:-1,max-video-preview:-1",,,https://rnawiki.com/compare/caffeine-vs-creatine-monohydrate,true,true,BreadcrumbList|ListItem|MedicalWebPage|FAQPage|Question|Answer,42,126,1,yes,no,br,9,411,
/compare/caffeine-vs-iron,compare,build/prerender.js + app.js renderComparison(),200,200,"index,follow,max-image-preview:large,max-snippet:-1,max-video-preview:-1","index,follow,max-image-preview:large,max-snippet:-1,max-video-preview:-1",,,https://rnawiki.com/compare/caffeine-vs-iron,true,true,BreadcrumbList|ListItem|MedicalWebPage|FAQPage|Question|Answer,47,92,1,yes,no,br,8,227,
/compare/caffeine-vs-l-citrulline-citrulline-malate,compare,build/prerender.js + app.js renderComparison(),200,200,"index,follow,max-image-preview:large,max-snippet:-1,max-video-preview:-1","index,follow,max-image-preview:large,max-snippet:-1,max-video-preview:-1",,,https://rnawiki.com/compare/caffeine-vs-l-citrulline-citrulline-malate,true,true,BreadcrumbList|ListItem|MedicalWebPage|FAQPage|Question|Answer,54,138,1,yes,no,br,7,377,
/compare/caffeine-vs-l-theanine,compare,build/prerender.js + app.js renderComparison(),200,200,"index,follow,max-image-preview:large,max-snippet:-1,max-video-preview:-1","index,follow,max-image-preview:large,max-snippet:-1,max-video-preview:-1",,,https://rnawiki.com/compare/caffeine-vs-l-theanine,true,true,BreadcrumbList|ListItem|MedicalWebPage|FAQPage|Question|Answer,53,110,1,yes,no,br,7,253,
/compare/caffeine-vs-nmn-nr-nad-precursors,compare,build/prerender.js + app.js renderComparison(),200,200,"index,follow,max-image-preview:large,max-snippet:-1,max-video-preview:-1","index,follow,max-image-preview:large,max-snippet:-1,max-video-preview:-1",,,https://rnawiki.com/compare/caffeine-vs-nmn-nr-nad-precursors,true,true,BreadcrumbList|ListItem|MedicalWebPage|FAQPage|Question|Answer,51,114,1,yes,no,br,8,240,
/compare/caffeine-vs-sodium-bicarbonate,compare,build/prerender.js + app.js renderComparison(),200,200,"index,follow,max-image-preview:large,max-snippet:-1,max-video-preview:-1","index,follow,max-image-preview:large,max-snippet:-1,max-video-preview:-1",,,https://rnawiki.com/compare/caffeine-vs-sodium-bicarbonate,true,true,BreadcrumbList|ListItem|MedicalWebPage|FAQPage|Question|Answer,40,106,1,yes,no,br,8,247,
/compare/caffeine-vs-taurine,compare,build/prerender.js + app.js renderComparison(),200,200,"index,follow,max-image-preview:large,max-snippet:-1,max-video-preview:-1","index,follow,max-image-preview:large,max-snippet:-1,max-video-preview:-1",,,https://rnawiki.com/compare/caffeine-vs-taurine,true,true,BreadcrumbList|ListItem|MedicalWebPage|FAQPage|Question|Answer,50,95,1,yes,no,br,8,256,
/compare/caffeine-vs-vitamin-d3-k2,compare,build/prerender.js + app.js renderComparison(),200,200,"index,follow,max-image-preview:large,max-snippet:-1,max-video-preview:-1","index,follow,max-image-preview:large,max-snippet:-1,max-video-preview:-1",,,https://rnawiki.com/compare/caffeine-vs-vitamin-d3-k2,true,true,BreadcrumbList|ListItem|MedicalWebPage|FAQPage|Question|Answer,60,123,1,yes,no,br,14,245,
/compare/caffeine-vs-whey-casein-protein,compare,build/prerender.js + app.js renderComparison(),200,200,"index,follow,max-image-preview:large,max-snippet:-1,max-video-preview:-1","index,follow,max-image-preview:large,max-snippet:-1,max-video-preview:-1",,,https://rnawiki.com/compare/caffeine-vs-whey-casein-protein,true,true,BreadcrumbList|ListItem|MedicalWebPage|FAQPage|Question|Answer,43,127,1,yes,no,br,14,249,
/compare/calcium-d3-k2-vs-vitamin-d3-k2,compare,build/prerender.js + app.js renderComparison(),200,200,"index,follow,max-image-preview:large,max-snippet:-1,max-video-preview:-1","index,follow,max-image-preview:large,max-snippet:-1,max-video-preview:-1",,,https://rnawiki.com/compare/calcium-d3-k2-vs-vitamin-d3-k2,true,true,BreadcrumbList|ListItem|MedicalWebPage|FAQPage|Question|Answer,52,118,1,yes,no,br,22,236,
/compare/citicoline-cdp-choline-vs-l-theanine,compare,build/prerender.js + app.js renderComparison(),200,200,"index,follow,max-image-preview:large,max-snippet:-1,max-video-preview:-1","index,follow,max-image-preview:large,max-snippet:-1,max-video-preview:-1",,,https://rnawiki.com/compare/citicoline-cdp-choline-vs-l-theanine,true,true,BreadcrumbList|ListItem|MedicalWebPage|FAQPage|Question|Answer,55,126,1,yes,no,br,18,254,
/compare/collagen-peptides-vitamin-c-vs-glucosamine-chondroitin,compare,build/prerender.js + app.js renderComparison(),200,200,"index,follow,max-image-preview:large,max-snippet:-1,max-video-preview:-1","index,follow,max-image-preview:large,max-snippet:-1,max-video-preview:-1",,,https://rnawiki.com/compare/collagen-peptides-vitamin-c-vs-glucosamine-chondroitin,true,true,BreadcrumbList|ListItem|MedicalWebPage|FAQPage|Question|Answer,56,139,1,yes,no,br,19,247,
/compare/collagen-peptides-vitamin-c-vs-glycine,compare,build/prerender.js + app.js renderComparison(),200,200,"index,follow,max-image-preview:large,max-snippet:-1,max-video-preview:-1","index,follow,max-image-preview:large,max-snippet:-1,max-video-preview:-1",,,https://rnawiki.com/compare/collagen-peptides-vitamin-c-vs-glycine,true,true,BreadcrumbList|ListItem|MedicalWebPage|FAQPage|Question|Answer,59,121,1,yes,no,br,21,433,
/compare/collagen-peptides-vitamin-c-vs-omega-3-epa-dha,compare,build/prerender.js + app.js renderComparison(),200,200,"index,follow,max-image-preview:large,max-snippet:-1,max-video-preview:-1","index,follow,max-image-preview:large,max-snippet:-1,max-video-preview:-1",,,https://rnawiki.com/compare/collagen-peptides-vitamin-c-vs-omega-3-epa-dha,true,true,BreadcrumbList|ListItem|MedicalWebPage|FAQPage|Question|Answer,59,131,1,yes,no,br,24,243,
/compare/coq10-ubiquinol-vs-iron,compare,build/prerender.js + app.js renderComparison(),200,200,"index,follow,max-image-preview:large,max-snippet:-1,max-video-preview:-1","index,follow,max-image-preview:large,max-snippet:-1,max-video-preview:-1",,,https://rnawiki.com/compare/coq10-ubiquinol-vs-iron,true,true,BreadcrumbList|ListItem|MedicalWebPage|FAQPage|Question|Answer,56,101,1,yes,no,br,27,242,
/compare/coq10-ubiquinol-vs-l-citrulline-citrulline-malate,compare,build/prerender.js + app.js renderComparison(),200,200,"index,follow,max-image-preview:large,max-snippet:-1,max-video-preview:-1","index,follow,max-image-preview:large,max-snippet:-1,max-video-preview:-1",,,https://rnawiki.com/compare/coq10-ubiquinol-vs-l-citrulline-citrulline-malate,true,true,BreadcrumbList|ListItem|MedicalWebPage|FAQPage|Question|Answer,56,129,1,yes,no,br,21,231,
/compare/coq10-ubiquinol-vs-nmn-nr-nad-precursors,compare,build/prerender.js + app.js renderComparison(),200,200,"index,follow,max-image-preview:large,max-snippet:-1,max-video-preview:-1","index,follow,max-image-preview:large,max-snippet:-1,max-video-preview:-1",,,https://rnawiki.com/compare/coq10-ubiquinol-vs-nmn-nr-nad-precursors,true,true,BreadcrumbList|ListItem|MedicalWebPage|FAQPage|Question|Answer,60,123,1,yes,no,br,28,398,
/compare/coq10-ubiquinol-vs-sodium-bicarbonate,compare,build/prerender.js + app.js renderComparison(),200,200,"index,follow,max-image-preview:large,max-snippet:-1,max-video-preview:-1","index,follow,max-image-preview:large,max-snippet:-1,max-video-preview:-1",,,https://rnawiki.com/compare/coq10-ubiquinol-vs-sodium-bicarbonate,true,true,BreadcrumbList|ListItem|MedicalWebPage|FAQPage|Question|Answer,49,115,1,yes,no,br,28,228,
/compare/coq10-ubiquinol-vs-taurine,compare,build/prerender.js + app.js renderComparison(),200,200,"index,follow,max-image-preview:large,max-snippet:-1,max-video-preview:-1","index,follow,max-image-preview:large,max-snippet:-1,max-video-preview:-1",,,https://rnawiki.com/compare/coq10-ubiquinol-vs-taurine,true,true,BreadcrumbList|ListItem|MedicalWebPage|FAQPage|Question|Answer,59,104,1,yes,no,br,30,373,
/compare/creatine-monohydrate-vs-glycine,compare,build/prerender.js + app.js renderComparison(),200,200,"index,follow,max-image-preview:large,max-snippet:-1,max-video-preview:-1","index,follow,max-image-preview:large,max-snippet:-1,max-video-preview:-1",,,https://rnawiki.com/compare/creatine-monohydrate-vs-glycine,true,true,BreadcrumbList|ListItem|MedicalWebPage|FAQPage|Question|Answer,41,109,1,yes,no,br,25,237,
/compare/creatine-monohydrate-vs-l-citrulline-citrulline-malate,compare,build/prerender.js + app.js renderComparison(),200,200,"index,follow,max-image-preview:large,max-snippet:-1,max-video-preview:-1","index,follow,max-image-preview:large,max-snippet:-1,max-video-preview:-1",,,https://rnawiki.com/compare/creatine-monohydrate-vs-l-citrulline-citrulline-malate,true,true,BreadcrumbList|ListItem|MedicalWebPage|FAQPage|Question|Answer,59,150,1,yes,no,br,26,237,
/compare/creatine-monohydrate-vs-omega-3-epa-dha,compare,build/prerender.js + app.js renderComparison(),200,200,"index,follow,max-image-preview:large,max-snippet:-1,max-video-preview:-1","index,follow,max-image-preview:large,max-snippet:-1,max-video-preview:-1",,,https://rnawiki.com/compare/creatine-monohydrate-vs-omega-3-epa-dha,true,true,BreadcrumbList|ListItem|MedicalWebPage|FAQPage|Question|Answer,41,119,1,yes,no,br,22,246,
/compare/creatine-monohydrate-vs-sodium-bicarbonate,compare,build/prerender.js + app.js renderComparison(),404,404,noindex,noindex,,,,false,false,,42,0,1,no,no,br,11,252,
/compare/creatine-monohydrate-vs-taurine,compare,build/prerender.js + app.js renderComparison(),200,200,"index,follow,max-image-preview:large,max-snippet:-1,max-video-preview:-1","index,follow,max-image-preview:large,max-snippet:-1,max-video-preview:-1",,,https://rnawiki.com/compare/creatine-monohydrate-vs-taurine,true,true,BreadcrumbList|ListItem|MedicalWebPage|FAQPage|Question|Answer,41,109,1,yes,no,br,19,253,
/compare/creatine-monohydrate-vs-testosterone-trt,compare,build/prerender.js + app.js renderComparison(),410,410,noindex,noindex,,,,false,false,,44,0,1,no,no,br,10,257,
/compare/creatine-monohydrate-vs-vitamin-d3-k2,compare,build/prerender.js + app.js renderComparison(),200,200,"index,follow,max-image-preview:large,max-snippet:-1,max-video-preview:-1","index,follow,max-image-preview:large,max-snippet:-1,max-video-preview:-1",,,https://rnawiki.com/compare/creatine-monohydrate-vs-vitamin-d3-k2,true,true,BreadcrumbList|ListItem|MedicalWebPage|FAQPage|Question|Answer,44,135,1,yes,no,br,18,256,
/compare/creatine-monohydrate-vs-whey-casein-protein,compare,build/prerender.js + app.js renderComparison(),200,200,"index,follow,max-image-preview:large,max-snippet:-1,max-video-preview:-1","index,follow,max-image-preview:large,max-snippet:-1,max-video-preview:-1",,,https://rnawiki.com/compare/creatine-monohydrate-vs-whey-casein-protein,true,true,BreadcrumbList|ListItem|MedicalWebPage|FAQPage|Question|Answer,55,139,1,yes,no,br,16,254,
/compare/glucosamine-chondroitin-vs-glycine,compare,build/prerender.js + app.js renderComparison(),200,200,"index,follow,max-image-preview:large,max-snippet:-1,max-video-preview:-1","index,follow,max-image-preview:large,max-snippet:-1,max-video-preview:-1",,,https://rnawiki.com/compare/glucosamine-chondroitin-vs-glycine,true,true,BreadcrumbList|ListItem|MedicalWebPage|FAQPage|Question|Answer,46,115,1,yes,no,br,18,227,
/compare/glucosamine-chondroitin-vs-omega-3-epa-dha,compare,build/prerender.js + app.js renderComparison(),200,200,"index,follow,max-image-preview:large,max-snippet:-1,max-video-preview:-1","index,follow,max-image-preview:large,max-snippet:-1,max-video-preview:-1",,,https://rnawiki.com/compare/glucosamine-chondroitin-vs-omega-3-epa-dha,true,true,BreadcrumbList|ListItem|MedicalWebPage|FAQPage|Question|Answer,46,125,1,yes,no,br,17,256,
/compare/glycine-vs-l-theanine,compare,build/prerender.js + app.js renderComparison(),200,200,"index,follow,max-image-preview:large,max-snippet:-1,max-video-preview:-1","index,follow,max-image-preview:large,max-snippet:-1,max-video-preview:-1",,,https://rnawiki.com/compare/glycine-vs-l-theanine,true,true,BreadcrumbList|ListItem|MedicalWebPage|FAQPage|Question|Answer,52,100,1,yes,no,br,16,238,
/compare/glycine-vs-magnesium,compare,build/prerender.js + app.js renderComparison(),200,200,"index,follow,max-image-preview:large,max-snippet:-1,max-video-preview:-1","index,follow,max-image-preview:large,max-snippet:-1,max-video-preview:-1",,,https://rnawiki.com/compare/glycine-vs-magnesium,true,true,BreadcrumbList|ListItem|MedicalWebPage|FAQPage|Question|Answer,51,99,1,yes,no,br,16,425,
/compare/glycine-vs-omega-3-epa-dha,compare,build/prerender.js + app.js renderComparison(),200,200,"index,follow,max-image-preview:large,max-snippet:-1,max-video-preview:-1","index,follow,max-image-preview:large,max-snippet:-1,max-video-preview:-1",,,https://rnawiki.com/compare/glycine-vs-omega-3-epa-dha,true,true,BreadcrumbList|ListItem|MedicalWebPage|FAQPage|Question|Answer,59,106,1,yes,no,br,16,231,
/compare/glycine-vs-taurine,compare,build/prerender.js + app.js renderComparison(),200,200,"index,follow,max-image-preview:large,max-snippet:-1,max-video-preview:-1","index,follow,max-image-preview:large,max-snippet:-1,max-video-preview:-1",,,https://rnawiki.com/compare/glycine-vs-taurine,true,true,BreadcrumbList|ListItem|MedicalWebPage|FAQPage|Question|Answer,49,96,1,yes,no,br,15,234,
/compare/glycine-vs-valerian-valeriana-officinalis,compare,build/prerender.js + app.js renderComparison(),200,200,"index,follow,max-image-preview:large,max-snippet:-1,max-video-preview:-1","index,follow,max-image-preview:large,max-snippet:-1,max-video-preview:-1",,,https://rnawiki.com/compare/glycine-vs-valerian-valeriana-officinalis,true,true,BreadcrumbList|ListItem|MedicalWebPage|FAQPage|Question|Answer,50,122,1,yes,no,br,12,250,
/compare/glycine-vs-vitamin-d3-k2,compare,build/prerender.js + app.js renderComparison(),200,200,"index,follow,max-image-preview:large,max-snippet:-1,max-video-preview:-1","index,follow,max-image-preview:large,max-snippet:-1,max-video-preview:-1",,,https://rnawiki.com/compare/glycine-vs-vitamin-d3-k2,true,true,BreadcrumbList|ListItem|MedicalWebPage|FAQPage|Question|Answer,59,106,1,yes,no,br,11,458,
/compare/iron-vs-l-citrulline-citrulline-malate,compare,build/prerender.js + app.js renderComparison(),200,200,"index,follow,max-image-preview:large,max-snippet:-1,max-video-preview:-1","index,follow,max-image-preview:large,max-snippet:-1,max-video-preview:-1",,,https://rnawiki.com/compare/iron-vs-l-citrulline-citrulline-malate,true,true,BreadcrumbList|ListItem|MedicalWebPage|FAQPage|Question|Answer,50,116,1,yes,no,br,11,258,
/compare/iron-vs-nmn-nr-nad-precursors,compare,build/prerender.js + app.js renderComparison(),200,200,"index,follow,max-image-preview:large,max-snippet:-1,max-video-preview:-1","index,follow,max-image-preview:large,max-snippet:-1,max-video-preview:-1",,,https://rnawiki.com/compare/iron-vs-nmn-nr-nad-precursors,true,true,BreadcrumbList|ListItem|MedicalWebPage|FAQPage|Question|Answer,47,110,1,yes,no,br,11,292,
/compare/iron-vs-sodium-bicarbonate,compare,build/prerender.js + app.js renderComparison(),200,200,"index,follow,max-image-preview:large,max-snippet:-1,max-video-preview:-1","index,follow,max-image-preview:large,max-snippet:-1,max-video-preview:-1",,,https://rnawiki.com/compare/iron-vs-sodium-bicarbonate,true,true,BreadcrumbList|ListItem|MedicalWebPage|FAQPage|Question|Answer,57,102,1,yes,no,br,11,567,
/compare/iron-vs-taurine,compare,build/prerender.js + app.js renderComparison(),200,200,"index,follow,max-image-preview:large,max-snippet:-1,max-video-preview:-1","index,follow,max-image-preview:large,max-snippet:-1,max-video-preview:-1",,,https://rnawiki.com/compare/iron-vs-taurine,true,true,BreadcrumbList|ListItem|MedicalWebPage|FAQPage|Question|Answer,46,91,1,yes,no,br,11,228,
/compare/l-citrulline-citrulline-malate-vs-magnesium,compare,build/prerender.js + app.js renderComparison(),200,200,"index,follow,max-image-preview:large,max-snippet:-1,max-video-preview:-1","index,follow,max-image-preview:large,max-snippet:-1,max-video-preview:-1",,,https://rnawiki.com/compare/l-citrulline-citrulline-malate-vs-magnesium,true,true,BreadcrumbList|ListItem|MedicalWebPage|FAQPage|Question|Answer,55,126,1,yes,no,br,7,228,
/compare/l-citrulline-citrulline-malate-vs-nmn-nr-nad-precursors,compare,build/prerender.js + app.js renderComparison(),200,200,"index,follow,max-image-preview:large,max-snippet:-1,max-video-preview:-1","index,follow,max-image-preview:large,max-snippet:-1,max-video-preview:-1",,,https://rnawiki.com/compare/l-citrulline-citrulline-malate-vs-nmn-nr-nad-precursors,true,true,BreadcrumbList|ListItem|MedicalWebPage|FAQPage|Question|Answer,54,138,1,yes,no,br,11,248,
/compare/l-citrulline-citrulline-malate-vs-omega-3-epa-dha,compare,build/prerender.js + app.js renderComparison(),200,200,"index,follow,max-image-preview:large,max-snippet:-1,max-video-preview:-1","index,follow,max-image-preview:large,max-snippet:-1,max-video-preview:-1",,,https://rnawiki.com/compare/l-citrulline-citrulline-malate-vs-omega-3-epa-dha,true,true,BreadcrumbList|ListItem|MedicalWebPage|FAQPage|Question|Answer,53,134,1,yes,no,br,7,227,
/compare/l-citrulline-citrulline-malate-vs-sodium-bicarbonate,compare,build/prerender.js + app.js renderComparison(),200,200,"index,follow,max-image-preview:large,max-snippet:-1,max-video-preview:-1","index,follow,max-image-preview:large,max-snippet:-1,max-video-preview:-1",,,https://rnawiki.com/compare/l-citrulline-citrulline-malate-vs-sodium-bicarbonate,true,true,BreadcrumbList|ListItem|MedicalWebPage|FAQPage|Question|Answer,52,130,1,yes,no,br,12,230,
/compare/l-citrulline-citrulline-malate-vs-taurine,compare,build/prerender.js + app.js renderComparison(),200,200,"index,follow,max-image-preview:large,max-snippet:-1,max-video-preview:-1","index,follow,max-image-preview:large,max-snippet:-1,max-video-preview:-1",,,https://rnawiki.com/compare/l-citrulline-citrulline-malate-vs-taurine,true,true,BreadcrumbList|ListItem|MedicalWebPage|FAQPage|Question|Answer,53,119,1,yes,no,br,12,244,
/compare/l-citrulline-citrulline-malate-vs-vitamin-d3-k2,compare,build/prerender.js + app.js renderComparison(),200,200,"index,follow,max-image-preview:large,max-snippet:-1,max-video-preview:-1","index,follow,max-image-preview:large,max-snippet:-1,max-video-preview:-1",,,https://rnawiki.com/compare/l-citrulline-citrulline-malate-vs-vitamin-d3-k2,true,true,BreadcrumbList|ListItem|MedicalWebPage|FAQPage|Question|Answer,56,147,1,yes,no,br,11,229,
/compare/l-citrulline-citrulline-malate-vs-whey-casein-protein,compare,build/prerender.js + app.js renderComparison(),200,200,"index,follow,max-image-preview:large,max-snippet:-1,max-video-preview:-1","index,follow,max-image-preview:large,max-snippet:-1,max-video-preview:-1",,,https://rnawiki.com/compare/l-citrulline-citrulline-malate-vs-whey-casein-protein,true,true,BreadcrumbList|ListItem|MedicalWebPage|FAQPage|Question|Answer,59,151,1,yes,no,br,12,237,
/compare/l-glutamine-vs-prebiotics-inulin-gos-phgg-butyrate,compare,build/prerender.js + app.js renderComparison(),200,200,"index,follow,max-image-preview:large,max-snippet:-1,max-video-preview:-1","index,follow,max-image-preview:large,max-snippet:-1,max-video-preview:-1",,,https://rnawiki.com/compare/l-glutamine-vs-prebiotics-inulin-gos-phgg-butyrate,true,true,BreadcrumbList|ListItem|MedicalWebPage|FAQPage|Question|Answer,50,137,1,yes,no,br,11,223,
/compare/l-glutamine-vs-probiotics,compare,build/prerender.js + app.js renderComparison(),200,200,"index,follow,max-image-preview:large,max-snippet:-1,max-video-preview:-1","index,follow,max-image-preview:large,max-snippet:-1,max-video-preview:-1",,,https://rnawiki.com/compare/l-glutamine-vs-probiotics,true,true,BreadcrumbList|ListItem|MedicalWebPage|FAQPage|Question|Answer,56,102,1,yes,no,br,11,227,
/compare/l-theanine-vs-magnesium,compare,build/prerender.js + app.js renderComparison(),200,200,"index,follow,max-image-preview:large,max-snippet:-1,max-video-preview:-1","index,follow,max-image-preview:large,max-snippet:-1,max-video-preview:-1",,,https://rnawiki.com/compare/l-theanine-vs-magnesium,true,true,BreadcrumbList|ListItem|MedicalWebPage|FAQPage|Question|Answer,54,102,1,yes,no,br,11,234,
/compare/l-theanine-vs-omega-3-epa-dha,compare,build/prerender.js + app.js renderComparison(),200,200,"index,follow,max-image-preview:large,max-snippet:-1,max-video-preview:-1","index,follow,max-image-preview:large,max-snippet:-1,max-video-preview:-1",,,https://rnawiki.com/compare/l-theanine-vs-omega-3-epa-dha,true,true,BreadcrumbList|ListItem|MedicalWebPage|FAQPage|Question|Answer,52,118,1,yes,no,br,10,417,
/compare/l-theanine-vs-saffron-crocus-sativus,compare,build/prerender.js + app.js renderComparison(),200,200,"index,follow,max-image-preview:large,max-snippet:-1,max-video-preview:-1","index,follow,max-image-preview:large,max-snippet:-1,max-video-preview:-1",,,https://rnawiki.com/compare/l-theanine-vs-saffron-crocus-sativus,true,true,BreadcrumbList|ListItem|MedicalWebPage|FAQPage|Question|Answer,52,125,1,yes,no,br,10,241,
/compare/l-theanine-vs-valerian-valeriana-officinalis,compare,build/prerender.js + app.js renderComparison(),200,200,"index,follow,max-image-preview:large,max-snippet:-1,max-video-preview:-1","index,follow,max-image-preview:large,max-snippet:-1,max-video-preview:-1",,,https://rnawiki.com/compare/l-theanine-vs-valerian-valeriana-officinalis,true,true,BreadcrumbList|ListItem|MedicalWebPage|FAQPage|Question|Answer,53,125,1,yes,no,br,9,258,
/compare/magnesium-vs-omega-3-epa-dha,compare,build/prerender.js + app.js renderComparison(),200,200,"index,follow,max-image-preview:large,max-snippet:-1,max-video-preview:-1","index,follow,max-image-preview:large,max-snippet:-1,max-video-preview:-1",,,https://rnawiki.com/compare/magnesium-vs-omega-3-epa-dha,true,true,BreadcrumbList|ListItem|MedicalWebPage|FAQPage|Question|Answer,51,111,1,yes,no,br,9,247,
/compare/magnesium-vs-saffron-crocus-sativus,compare,build/prerender.js + app.js renderComparison(),200,200,"index,follow,max-image-preview:large,max-snippet:-1,max-video-preview:-1","index,follow,max-image-preview:large,max-snippet:-1,max-video-preview:-1",,,https://rnawiki.com/compare/magnesium-vs-saffron-crocus-sativus,true,true,BreadcrumbList|ListItem|MedicalWebPage|FAQPage|Question|Answer,51,124,1,yes,no,br,5,251,
/compare/magnesium-vs-valerian-valeriana-officinalis,compare,build/prerender.js + app.js renderComparison(),200,200,"index,follow,max-image-preview:large,max-snippet:-1,max-video-preview:-1","index,follow,max-image-preview:large,max-snippet:-1,max-video-preview:-1",,,https://rnawiki.com/compare/magnesium-vs-valerian-valeriana-officinalis,true,true,BreadcrumbList|ListItem|MedicalWebPage|FAQPage|Question|Answer,52,124,1,yes,no,br,4,233,
/compare/magnesium-vs-vitamin-d3-k2,compare,build/prerender.js + app.js renderComparison(),200,200,"index,follow,max-image-preview:large,max-snippet:-1,max-video-preview:-1","index,follow,max-image-preview:large,max-snippet:-1,max-video-preview:-1",,,https://rnawiki.com/compare/magnesium-vs-vitamin-d3-k2,true,true,BreadcrumbList|ListItem|MedicalWebPage|FAQPage|Question|Answer,54,124,1,yes,no,br,4,464,
/compare/magnesium-vs-whey-casein-protein,compare,build/prerender.js + app.js renderComparison(),200,200,"index,follow,max-image-preview:large,max-snippet:-1,max-video-preview:-1","index,follow,max-image-preview:large,max-snippet:-1,max-video-preview:-1",,,https://rnawiki.com/compare/magnesium-vs-whey-casein-protein,true,true,BreadcrumbList|ListItem|MedicalWebPage|FAQPage|Question|Answer,44,115,1,yes,no,br,4,253,
/compare/magnesium-vs-zinc,compare,build/prerender.js + app.js renderComparison(),200,200,"index,follow,max-image-preview:large,max-snippet:-1,max-video-preview:-1","index,follow,max-image-preview:large,max-snippet:-1,max-video-preview:-1",,,https://rnawiki.com/compare/magnesium-vs-zinc,true,true,BreadcrumbList|ListItem|MedicalWebPage|FAQPage|Question|Answer,48,98,1,yes,no,br,6,221,
/compare/medicinal-mushrooms-reishi-turkey-tail-chaga-vs-vitamin-c-ascorbate,compare,build/prerender.js + app.js renderComparison(),200,200,"index,follow,max-image-preview:large,max-snippet:-1,max-video-preview:-1","index,follow,max-image-preview:large,max-snippet:-1,max-video-preview:-1",,,https://rnawiki.com/compare/medicinal-mushrooms-reishi-turkey-tail-chaga-vs-vitamin-c-ascorbate,true,true,BreadcrumbList|ListItem|MedicalWebPage|FAQPage|Question|Answer,42,148,1,yes,no,br,4,235,
/compare/medicinal-mushrooms-reishi-turkey-tail-chaga-vs-vitamin-d3-k2,compare,build/prerender.js + app.js renderComparison(),200,200,"index,follow,max-image-preview:large,max-snippet:-1,max-video-preview:-1","index,follow,max-image-preview:large,max-snippet:-1,max-video-preview:-1",,,https://rnawiki.com/compare/medicinal-mushrooms-reishi-turkey-tail-chaga-vs-vitamin-d3-k2,true,true,BreadcrumbList|ListItem|MedicalWebPage|FAQPage|Question|Answer,43,144,1,yes,no,br,4,229,
/compare/medicinal-mushrooms-reishi-turkey-tail-chaga-vs-zinc,compare,build/prerender.js + app.js renderComparison(),200,200,"index,follow,max-image-preview:large,max-snippet:-1,max-video-preview:-1","index,follow,max-image-preview:large,max-snippet:-1,max-video-preview:-1",,,https://rnawiki.com/compare/medicinal-mushrooms-reishi-turkey-tail-chaga-vs-zinc,true,true,BreadcrumbList|ListItem|MedicalWebPage|FAQPage|Question|Answer,58,131,1,yes,no,br,4,407,
/compare/nmn-nr-nad-precursors-vs-sodium-bicarbonate,compare,build/prerender.js + app.js renderComparison(),200,200,"index,follow,max-image-preview:large,max-snippet:-1,max-video-preview:-1","index,follow,max-image-preview:large,max-snippet:-1,max-video-preview:-1",,,https://rnawiki.com/compare/nmn-nr-nad-precursors-vs-sodium-bicarbonate,true,true,BreadcrumbList|ListItem|MedicalWebPage|FAQPage|Question|Answer,40,124,1,yes,no,br,5,260,
/compare/nmn-nr-nad-precursors-vs-taurine,compare,build/prerender.js + app.js renderComparison(),200,200,"index,follow,max-image-preview:large,max-snippet:-1,max-video-preview:-1","index,follow,max-image-preview:large,max-snippet:-1,max-video-preview:-1",,,https://rnawiki.com/compare/nmn-nr-nad-precursors-vs-taurine,true,true,BreadcrumbList|ListItem|MedicalWebPage|FAQPage|Question|Answer,50,113,1,yes,no,br,6,234,
/compare/omega-3-epa-dha-vs-saffron-crocus-sativus,compare,build/prerender.js + app.js renderComparison(),200,200,"index,follow,max-image-preview:large,max-snippet:-1,max-video-preview:-1","index,follow,max-image-preview:large,max-snippet:-1,max-video-preview:-1",,,https://rnawiki.com/compare/omega-3-epa-dha-vs-saffron-crocus-sativus,true,true,BreadcrumbList|ListItem|MedicalWebPage|FAQPage|Question|Answer,49,132,1,yes,no,br,6,256,
/compare/omega-3-epa-dha-vs-taurine,compare,build/prerender.js + app.js renderComparison(),200,200,"index,follow,max-image-preview:large,max-snippet:-1,max-video-preview:-1","index,follow,max-image-preview:large,max-snippet:-1,max-video-preview:-1",,,https://rnawiki.com/compare/omega-3-epa-dha-vs-taurine,true,true,BreadcrumbList|ListItem|MedicalWebPage|FAQPage|Question|Answer,59,106,1,yes,no,br,7,235,
/compare/omega-3-epa-dha-vs-vitamin-d3-k2,compare,build/prerender.js + app.js renderComparison(),200,200,"index,follow,max-image-preview:large,max-snippet:-1,max-video-preview:-1","index,follow,max-image-preview:large,max-snippet:-1,max-video-preview:-1",,,https://rnawiki.com/compare/omega-3-epa-dha-vs-vitamin-d3-k2,true,true,BreadcrumbList|ListItem|MedicalWebPage|FAQPage|Question|Answer,52,116,1,yes,no,br,6,255,
/compare/omega-3-epa-dha-vs-whey-casein-protein,compare,build/prerender.js + app.js renderComparison(),200,200,"index,follow,max-image-preview:large,max-snippet:-1,max-video-preview:-1","index,follow,max-image-preview:large,max-snippet:-1,max-video-preview:-1",,,https://rnawiki.com/compare/omega-3-epa-dha-vs-whey-casein-protein,true,true,BreadcrumbList|ListItem|MedicalWebPage|FAQPage|Question|Answer,42,123,1,yes,no,br,7,251,
/compare/omega-3-epa-dha-vs-zinc,compare,build/prerender.js + app.js renderComparison(),200,200,"index,follow,max-image-preview:large,max-snippet:-1,max-video-preview:-1","index,follow,max-image-preview:large,max-snippet:-1,max-video-preview:-1",,,https://rnawiki.com/compare/omega-3-epa-dha-vs-zinc,true,true,BreadcrumbList|ListItem|MedicalWebPage|FAQPage|Question|Answer,56,106,1,yes,no,br,7,257,
/compare/prebiotics-inulin-gos-phgg-butyrate-vs-probiotics,compare,build/prerender.js + app.js renderComparison(),200,200,"index,follow,max-image-preview:large,max-snippet:-1,max-video-preview:-1","index,follow,max-image-preview:large,max-snippet:-1,max-video-preview:-1",,,https://rnawiki.com/compare/prebiotics-inulin-gos-phgg-butyrate-vs-probiotics,true,true,BreadcrumbList|ListItem|MedicalWebPage|FAQPage|Question|Answer,49,136,1,yes,no,br,8,237,
/compare/sodium-bicarbonate-vs-taurine,compare,build/prerender.js + app.js renderComparison(),200,200,"index,follow,max-image-preview:large,max-snippet:-1,max-video-preview:-1","index,follow,max-image-preview:large,max-snippet:-1,max-video-preview:-1",,,https://rnawiki.com/compare/sodium-bicarbonate-vs-taurine,true,true,BreadcrumbList|ListItem|MedicalWebPage|FAQPage|Question|Answer,60,105,1,yes,no,br,7,590,
/compare/taurine-vs-vitamin-d3-k2,compare,build/prerender.js + app.js renderComparison(),200,200,"index,follow,max-image-preview:large,max-snippet:-1,max-video-preview:-1","index,follow,max-image-preview:large,max-snippet:-1,max-video-preview:-1",,,https://rnawiki.com/compare/taurine-vs-vitamin-d3-k2,true,true,BreadcrumbList|ListItem|MedicalWebPage|FAQPage|Question|Answer,59,106,1,yes,no,br,8,259,
/compare/vitamin-c-ascorbate-vs-vitamin-d3-k2,compare,build/prerender.js + app.js renderComparison(),200,200,"index,follow,max-image-preview:large,max-snippet:-1,max-video-preview:-1","index,follow,max-image-preview:large,max-snippet:-1,max-video-preview:-1",,,https://rnawiki.com/compare/vitamin-c-ascorbate-vs-vitamin-d3-k2,true,true,BreadcrumbList|ListItem|MedicalWebPage|FAQPage|Question|Answer,54,117,1,yes,no,br,8,230,
/compare/vitamin-c-ascorbate-vs-zinc,compare,build/prerender.js + app.js renderComparison(),200,200,"index,follow,max-image-preview:large,max-snippet:-1,max-video-preview:-1","index,follow,max-image-preview:large,max-snippet:-1,max-video-preview:-1",,,https://rnawiki.com/compare/vitamin-c-ascorbate-vs-zinc,true,true,BreadcrumbList|ListItem|MedicalWebPage|FAQPage|Question|Answer,60,104,1,yes,no,br,7,241,
/compare/vitamin-d3-k2-vs-whey-casein-protein,compare,build/prerender.js + app.js renderComparison(),200,200,"index,follow,max-image-preview:large,max-snippet:-1,max-video-preview:-1","index,follow,max-image-preview:large,max-snippet:-1,max-video-preview:-1",,,https://rnawiki.com/compare/vitamin-d3-k2-vs-whey-casein-protein,true,true,BreadcrumbList|ListItem|MedicalWebPage|FAQPage|Question|Answer,45,136,1,yes,no,br,7,233,
/compare/vitamin-d3-k2-vs-zinc,compare,build/prerender.js + app.js renderComparison(),200,200,"index,follow,max-image-preview:large,max-snippet:-1,max-video-preview:-1","index,follow,max-image-preview:large,max-snippet:-1,max-video-preview:-1",,,https://rnawiki.com/compare/vitamin-d3-k2-vs-zinc,true,true,BreadcrumbList|ListItem|MedicalWebPage|FAQPage|Question|Answer,56,119,1,yes,no,br,8,256,
/compare/whey-casein-protein-vs-zinc,compare,build/prerender.js + app.js renderComparison(),200,200,"index,follow,max-image-preview:large,max-snippet:-1,max-video-preview:-1","index,follow,max-image-preview:large,max-snippet:-1,max-video-preview:-1",,,https://rnawiki.com/compare/whey-casein-protein-vs-zinc,true,true,BreadcrumbList|ListItem|MedicalWebPage|FAQPage|Question|Answer,60,110,1,yes,no,br,7,506,
/corrections,corrections,build/prerender.js singleton + app.js,200,200,"index,follow,max-image-preview:large,max-snippet:-1,max-video-preview:-1","index,follow,max-image-preview:large,max-snippet:-1,max-video-preview:-1",,,https://rnawiki.com/corrections,true,true,BreadcrumbList|ListItem|WebPage,57,114,1,yes,no,br,8,248,
/energy/atp-pcr,energy,build/prerender.js + app.js,200,200,"index,follow,max-image-preview:large,max-snippet:-1,max-video-preview:-1","index,follow,max-image-preview:large,max-snippet:-1,max-video-preview:-1",,,https://rnawiki.com/energy/atp-pcr,true,true,BreadcrumbList|ListItem|WebPage,58,154,1,yes,no,br,11,260,
/energy/glycolytic,energy,build/prerender.js + app.js,200,200,"index,follow,max-image-preview:large,max-snippet:-1,max-video-preview:-1","index,follow,max-image-preview:large,max-snippet:-1,max-video-preview:-1",,,https://rnawiki.com/energy/glycolytic,true,true,BreadcrumbList|ListItem|WebPage,60,150,1,yes,no,br,17,264,
/energy/oxidative,energy,build/prerender.js + app.js,200,200,"index,follow,max-image-preview:large,max-snippet:-1,max-video-preview:-1","index,follow,max-image-preview:large,max-snippet:-1,max-video-preview:-1",,,https://rnawiki.com/energy/oxidative,true,true,BreadcrumbList|ListItem|WebPage,55,152,1,yes,no,br,13,264,
/exercise,exercise,"site/app.js route() only (SPA_ONLY_ROUTES, server.js:2900)",200,200,"index,follow,max-image-preview:large","index,follow,max-image-preview:large",,,https://rnawiki.com/,false,false,WebSite|SearchAction,67,251,0,yes,no,br,17,224,canonical points elsewhere: https://rnawiki.com/
/fork,fork,"site/app.js route() only (SPA_ONLY_ROUTES, server.js:2900)",200,200,"index,follow,max-image-preview:large","index,follow,max-image-preview:large",,,https://rnawiki.com/,false,false,WebSite|SearchAction,67,251,0,yes,no,br,14,233,canonical points elsewhere: https://rnawiki.com/
/fuel/acne/sebum-insulin,fuel,"build/prerender.js (noindex,follow; not in sitemap)",200,200,"noindex,follow","noindex,follow",,,https://rnawiki.com/fuel/acne/sebum-insulin,true,false,BreadcrumbList|ListItem|WebPage,54,133,1,yes,no,br,16,227,
/fuel/adhd-focus/dopamine-deficit,fuel,"build/prerender.js (noindex,follow; not in sitemap)",200,200,"noindex,follow","noindex,follow",,,https://rnawiki.com/fuel/adhd-focus/dopamine-deficit,true,false,BreadcrumbList|ListItem|WebPage,53,135,1,yes,no,br,13,260,
/fuel/ankle-foot/achilles-tendinopathy,fuel,"build/prerender.js (noindex,follow; not in sitemap)",200,200,"noindex,follow","noindex,follow",,,https://rnawiki.com/fuel/ankle-foot/achilles-tendinopathy,true,false,BreadcrumbList|ListItem|WebPage,57,121,1,yes,no,br,15,230,
/fuel/anxiety/gaba-deficit,fuel,"build/prerender.js (noindex,follow; not in sitemap)",200,200,"noindex,follow","noindex,follow",,,https://rnawiki.com/fuel/anxiety/gaba-deficit,true,false,BreadcrumbList|ListItem|WebPage,59,123,1,yes,no,br,15,233,
/fuel/blood-pressure/endothelial-sodium,fuel,"build/prerender.js (noindex,follow; not in sitemap)",200,200,"noindex,follow","noindex,follow",,,https://rnawiki.com/fuel/blood-pressure/endothelial-sodium,true,false,BreadcrumbList|ListItem|WebPage,49,154,1,yes,no,br,14,238,
/fuel/bone-density/low-bmd,fuel,"build/prerender.js (noindex,follow; not in sitemap)",200,200,"noindex,follow","noindex,follow",,,https://rnawiki.com/fuel/bone-density/low-bmd,true,false,BreadcrumbList|ListItem|WebPage,55,134,1,yes,no,br,14,235,
/fuel/brain-fog/neuroinflammation,fuel,"build/prerender.js (noindex,follow; not in sitemap)",200,200,"noindex,follow","noindex,follow",,,https://rnawiki.com/fuel/brain-fog/neuroinflammation,true,false,BreadcrumbList|ListItem|WebPage,45,134,1,yes,no,br,14,249,
/fuel/burnout/hpa-dysregulation,fuel,"build/prerender.js (noindex,follow; not in sitemap)",200,200,"noindex,follow","noindex,follow",,,https://rnawiki.com/fuel/burnout/hpa-dysregulation,true,false,BreadcrumbList|ListItem|WebPage,48,112,1,yes,no,br,10,227,
/fuel/cholesterol/ldl-fiber,fuel,"build/prerender.js (noindex,follow; not in sitemap)",200,200,"noindex,follow","noindex,follow",,,https://rnawiki.com/fuel/cholesterol/ldl-fiber,true,false,BreadcrumbList|ListItem|WebPage,52,136,1,yes,no,br,8,236,
/fuel/chronic-fatigue/iron-anemia,fuel,"build/prerender.js (noindex,follow; not in sitemap)",200,200,"noindex,follow","noindex,follow",,,https://rnawiki.com/fuel/chronic-fatigue/iron-anemia,true,false,BreadcrumbList|ListItem|WebPage,55,128,1,yes,no,br,5,249,
/fuel/chronic-fatigue/mito-inefficiency,fuel,"build/prerender.js (noindex,follow; not in sitemap)",200,200,"noindex,follow","noindex,follow",,,https://rnawiki.com/fuel/chronic-fatigue/mito-inefficiency,true,false,BreadcrumbList|ListItem|WebPage,60,137,1,yes,no,br,6,223,
/fuel/cravings/glycemic-swings,fuel,"build/prerender.js (noindex,follow; not in sitemap)",200,200,"noindex,follow","noindex,follow",,,https://rnawiki.com/fuel/cravings/glycemic-swings,true,false,BreadcrumbList|ListItem|WebPage,51,130,1,yes,no,br,6,564,
/fuel/elbow-wrist/lateral-epicondylopathy,fuel,"build/prerender.js (noindex,follow; not in sitemap)",200,200,"noindex,follow","noindex,follow",,,https://rnawiki.com/fuel/elbow-wrist/lateral-epicondylopathy,true,false,BreadcrumbList|ListItem|WebPage,57,121,1,yes,no,br,5,232,
/fuel/endurance-plateau/aerobic-base,fuel,"build/prerender.js (noindex,follow; not in sitemap)",200,200,"noindex,follow","noindex,follow",,,https://rnawiki.com/fuel/endurance-plateau/aerobic-base,true,false,BreadcrumbList|ListItem|WebPage,53,131,1,yes,no,br,6,243,
/fuel/fat-loss-plateau/metabolic-adaptation,fuel,"build/prerender.js (noindex,follow; not in sitemap)",200,200,"noindex,follow","noindex,follow",,,https://rnawiki.com/fuel/fat-loss-plateau/metabolic-adaptation,true,false,BreadcrumbList|ListItem|WebPage,55,137,1,yes,no,br,5,248,
/fuel/gut-health/dysbiosis,fuel,"build/prerender.js (noindex,follow; not in sitemap)",200,200,"noindex,follow","noindex,follow",,,https://rnawiki.com/fuel/gut-health/dysbiosis,true,false,BreadcrumbList|ListItem|WebPage,60,124,1,yes,no,br,6,497,
/fuel/hair-loss/dht-sensitivity,fuel,"build/prerender.js (noindex,follow; not in sitemap)",200,200,"noindex,follow","noindex,follow",,,https://rnawiki.com/fuel/hair-loss/dht-sensitivity,true,false,BreadcrumbList|ListItem|WebPage,51,126,1,yes,no,br,6,256,
/fuel/hair-loss/nutrient-deficiency-hair,fuel,"build/prerender.js (noindex,follow; not in sitemap)",200,200,"noindex,follow","noindex,follow",,,https://rnawiki.com/fuel/hair-loss/nutrient-deficiency-hair,true,false,BreadcrumbList|ListItem|WebPage,58,122,1,yes,no,br,7,229,
/fuel/hip-mobility/glute-weakness,fuel,"build/prerender.js (noindex,follow; not in sitemap)",200,200,"noindex,follow","noindex,follow",,,https://rnawiki.com/fuel/hip-mobility/glute-weakness,true,false,BreadcrumbList|ListItem|WebPage,57,139,1,yes,no,br,6,231,
/fuel/hypertrophy/stimulus-recovery,fuel,"build/prerender.js (noindex,follow; not in sitemap)",200,200,"noindex,follow","noindex,follow",,,https://rnawiki.com/fuel/hypertrophy/stimulus-recovery,true,false,BreadcrumbList|ListItem|WebPage,52,138,1,yes,no,br,6,232,
/fuel/immunity/micronutrient-immune,fuel,"build/prerender.js (noindex,follow; not in sitemap)",200,200,"noindex,follow","noindex,follow",,,https://rnawiki.com/fuel/immunity/micronutrient-immune,true,false,BreadcrumbList|ListItem|WebPage,45,129,1,yes,no,br,6,245,
/fuel/inflammation/low-grade-inflammation,fuel,"build/prerender.js (noindex,follow; not in sitemap)",200,200,"noindex,follow","noindex,follow",,,https://rnawiki.com/fuel/inflammation/low-grade-inflammation,true,false,BreadcrumbList|ListItem|WebPage,40,133,1,yes,no,br,6,302,
/fuel/insomnia/circadian-misalign,fuel,"build/prerender.js (noindex,follow; not in sitemap)",200,200,"noindex,follow","noindex,follow",,,https://rnawiki.com/fuel/insomnia/circadian-misalign,true,false,BreadcrumbList|ListItem|WebPage,50,142,1,yes,no,br,7,229,
/fuel/insulin-resistance/poor-glucose-disposal,fuel,"build/prerender.js (noindex,follow; not in sitemap)",200,200,"noindex,follow","noindex,follow",,,https://rnawiki.com/fuel/insulin-resistance/poor-glucose-disposal,true,false,BreadcrumbList|ListItem|WebPage,58,135,1,yes,no,br,6,232,
/fuel/insulin-resistance/visceral-adiposity,fuel,"build/prerender.js (noindex,follow; not in sitemap)",200,200,"noindex,follow","noindex,follow",,,https://rnawiki.com/fuel/insulin-resistance/visceral-adiposity,true,false,BreadcrumbList|ListItem|WebPage,47,138,1,yes,no,br,7,261,
/fuel/knee-pain/knee-oa,fuel,"build/prerender.js (noindex,follow; not in sitemap)",200,200,"noindex,follow","noindex,follow",,,https://rnawiki.com/fuel/knee-pain/knee-oa,true,false,BreadcrumbList|ListItem|WebPage,48,112,1,yes,no,br,7,232,
/fuel/knee-pain/patellar-tendinopathy,fuel,"build/prerender.js (noindex,follow; not in sitemap)",200,200,"noindex,follow","noindex,follow",,,https://rnawiki.com/fuel/knee-pain/patellar-tendinopathy,true,false,BreadcrumbList|ListItem|WebPage,49,113,1,yes,no,br,6,575,
/fuel/knee-pain/patellofemoral-pain,fuel,"build/prerender.js (noindex,follow; not in sitemap)",200,200,"noindex,follow","noindex,follow",,,https://rnawiki.com/fuel/knee-pain/patellofemoral-pain,true,false,BreadcrumbList|ListItem|WebPage,47,111,1,yes,no,br,6,249,
/fuel/longevity/cellular-senescence,fuel,"build/prerender.js (noindex,follow; not in sitemap)",200,200,"noindex,follow","noindex,follow",,,https://rnawiki.com/fuel/longevity/cellular-senescence,true,false,BreadcrumbList|ListItem|WebPage,51,143,1,yes,no,br,7,235,
/fuel/longevity/mtor-overactivation,fuel,"build/prerender.js (noindex,follow; not in sitemap)",200,200,"noindex,follow","noindex,follow",,,https://rnawiki.com/fuel/longevity/mtor-overactivation,true,false,BreadcrumbList|ListItem|WebPage,56,133,1,yes,no,br,7,298,
/fuel/low-back-pain/poor-core-stability,fuel,"build/prerender.js (noindex,follow; not in sitemap)",200,200,"noindex,follow","noindex,follow",,,https://rnawiki.com/fuel/low-back-pain/poor-core-stability,true,false,BreadcrumbList|ListItem|WebPage,52,133,1,yes,no,br,6,236,
/fuel/low-back-pain/weak-posterior-chain,fuel,"build/prerender.js (noindex,follow; not in sitemap)",200,200,"noindex,follow","noindex,follow",,,https://rnawiki.com/fuel/low-back-pain/weak-posterior-chain,true,false,BreadcrumbList|ListItem|WebPage,54,135,1,yes,no,br,7,230,
/fuel/low-libido/vascular-hormonal-libido,fuel,"build/prerender.js (noindex,follow; not in sitemap)",200,200,"noindex,follow","noindex,follow",,,https://rnawiki.com/fuel/low-libido/vascular-hormonal-libido,true,false,BreadcrumbList|ListItem|WebPage,57,121,1,yes,no,br,6,235,
/fuel/low-mood/monoamine-inflammation,fuel,"build/prerender.js (noindex,follow; not in sitemap)",200,200,"noindex,follow","noindex,follow",,,https://rnawiki.com/fuel/low-mood/monoamine-inflammation,true,false,BreadcrumbList|ListItem|WebPage,54,133,1,yes,no,br,7,252,
/fuel/low-testosterone/lifestyle-suppressed-t,fuel,"build/prerender.js (noindex,follow; not in sitemap)",200,200,"noindex,follow","noindex,follow",,,https://rnawiki.com/fuel/low-testosterone/lifestyle-suppressed-t,true,false,BreadcrumbList|ListItem|WebPage,43,132,1,yes,no,br,6,234,
/fuel/low-testosterone/primary-hypogonadism,fuel,"build/prerender.js (noindex,follow; not in sitemap)",200,200,"noindex,follow","noindex,follow",,,https://rnawiki.com/fuel/low-testosterone/primary-hypogonadism,true,false,BreadcrumbList|ListItem|WebPage,55,119,1,yes,no,br,7,244,
/fuel/memory/cholinergic-decline,fuel,"build/prerender.js (noindex,follow; not in sitemap)",200,200,"noindex,follow","noindex,follow",,,https://rnawiki.com/fuel/memory/cholinergic-decline,true,false,BreadcrumbList|ListItem|WebPage,40,127,1,yes,no,br,10,425,
/fuel/menopause/estrogen-decline,fuel,"build/prerender.js (noindex,follow; not in sitemap)",200,200,"noindex,follow","noindex,follow",,,https://rnawiki.com/fuel/menopause/estrogen-decline,true,false,BreadcrumbList|ListItem|WebPage,53,117,1,yes,no,br,13,548,
/fuel/neck-shoulder/rotator-cuff-impinge,fuel,"build/prerender.js (noindex,follow; not in sitemap)",200,200,"noindex,follow","noindex,follow",,,https://rnawiki.com/fuel/neck-shoulder/rotator-cuff-impinge,true,false,BreadcrumbList|ListItem|WebPage,47,131,1,yes,no,br,5,239,
/fuel/neck-shoulder/upper-cross,fuel,"build/prerender.js (noindex,follow; not in sitemap)",200,200,"noindex,follow","noindex,follow",,,https://rnawiki.com/fuel/neck-shoulder/upper-cross,true,false,BreadcrumbList|ListItem|WebPage,42,126,1,yes,no,br,12,237,
/fuel/overtraining/autonomic-imbalance,fuel,"build/prerender.js (noindex,follow; not in sitemap)",200,200,"noindex,follow","noindex,follow",,,https://rnawiki.com/fuel/overtraining/autonomic-imbalance,true,false,BreadcrumbList|ListItem|WebPage,50,150,1,yes,no,br,11,240,
/fuel/pcos/insulin-androgen,fuel,"build/prerender.js (noindex,follow; not in sitemap)",200,200,"noindex,follow","noindex,follow",,,https://rnawiki.com/fuel/pcos/insulin-androgen,true,false,BreadcrumbList|ListItem|WebPage,59,140,1,yes,no,br,12,225,
/fuel/pre-workout/low-readiness,fuel,"build/prerender.js (noindex,follow; not in sitemap)",200,200,"noindex,follow","noindex,follow",,,https://rnawiki.com/fuel/pre-workout/low-readiness,true,false,BreadcrumbList|ListItem|WebPage,59,123,1,yes,no,br,10,232,
/fuel/sarcopenia/anabolic-resistance,fuel,"build/prerender.js (noindex,follow; not in sitemap)",200,200,"noindex,follow","noindex,follow",,,https://rnawiki.com/fuel/sarcopenia/anabolic-resistance,true,false,BreadcrumbList|ListItem|WebPage,49,140,1,yes,no,br,11,237,
/fuel/shift-work/circadian-desync,fuel,"build/prerender.js (noindex,follow; not in sitemap)",200,200,"noindex,follow","noindex,follow",,,https://rnawiki.com/fuel/shift-work/circadian-desync,true,false,BreadcrumbList|ListItem|WebPage,60,124,1,yes,no,br,12,232,
/fuel/skin-aging/collagen-loss-glycation,fuel,"build/prerender.js (noindex,follow; not in sitemap)",200,200,"noindex,follow","noindex,follow",,,https://rnawiki.com/fuel/skin-aging/collagen-loss-glycation,true,false,BreadcrumbList|ListItem|WebPage,53,129,1,yes,no,br,11,248,
/fuel/skin-aging/uv-oxidative,fuel,"build/prerender.js (noindex,follow; not in sitemap)",200,200,"noindex,follow","noindex,follow",,,https://rnawiki.com/fuel/skin-aging/uv-oxidative,true,false,BreadcrumbList|ListItem|WebPage,50,125,1,yes,no,br,12,260,
/fuel/sleep-maintenance/cortisol-glucose-night,fuel,"build/prerender.js (noindex,follow; not in sitemap)",200,200,"noindex,follow","noindex,follow",,,https://rnawiki.com/fuel/sleep-maintenance/cortisol-glucose-night,true,false,BreadcrumbList|ListItem|WebPage,45,142,1,yes,no,br,12,234,
/fuel/strength-plateau/neural-recovery,fuel,"build/prerender.js (noindex,follow; not in sitemap)",200,200,"noindex,follow","noindex,follow",,,https://rnawiki.com/fuel/strength-plateau/neural-recovery,true,false,BreadcrumbList|ListItem|WebPage,52,134,1,yes,no,br,11,236,
/fuel/thyroid/subclinical-hypothyroid,fuel,"build/prerender.js (noindex,follow; not in sitemap)",200,200,"noindex,follow","noindex,follow",,,https://rnawiki.com/fuel/thyroid/subclinical-hypothyroid,true,false,BreadcrumbList|ListItem|WebPage,51,135,1,yes,no,br,8,234,
/fuel/visceral-fat/cortisol-fat,fuel,"build/prerender.js (noindex,follow; not in sitemap)",200,200,"noindex,follow","noindex,follow",,,https://rnawiki.com/fuel/visceral-fat/cortisol-fat,true,false,BreadcrumbList|ListItem|WebPage,56,135,1,yes,no,br,6,238,
/fuel/visceral-fat/energy-surplus,fuel,"build/prerender.js (noindex,follow; not in sitemap)",200,200,"noindex,follow","noindex,follow",,,https://rnawiki.com/fuel/visceral-fat/energy-surplus,true,false,BreadcrumbList|ListItem|WebPage,46,125,1,yes,no,br,6,249,
/goal/bone,goal,build/prerender.js + app.js,200,200,"index,follow,max-image-preview:large,max-snippet:-1,max-video-preview:-1","index,follow,max-image-preview:large,max-snippet:-1,max-video-preview:-1",,,https://rnawiki.com/goal/bone,true,true,BreadcrumbList|ListItem|MedicalWebPage,42,133,1,yes,no,br,7,226,
/goal/endurance,goal,build/prerender.js + app.js,200,200,"index,follow,max-image-preview:large,max-snippet:-1,max-video-preview:-1","index,follow,max-image-preview:large,max-snippet:-1,max-video-preview:-1",,,https://rnawiki.com/goal/endurance,true,true,BreadcrumbList|ListItem|MedicalWebPage,40,131,1,yes,no,br,7,235,
/goal/fatloss,goal,build/prerender.js + app.js,200,200,"index,follow,max-image-preview:large,max-snippet:-1,max-video-preview:-1","index,follow,max-image-preview:large,max-snippet:-1,max-video-preview:-1",,,https://rnawiki.com/goal/fatloss,true,true,BreadcrumbList|ListItem|MedicalWebPage,39,131,1,yes,no,br,6,256,
/goal/focus,goal,build/prerender.js + app.js,200,200,"index,follow,max-image-preview:large,max-snippet:-1,max-video-preview:-1","index,follow,max-image-preview:large,max-snippet:-1,max-video-preview:-1",,,https://rnawiki.com/goal/focus,true,true,BreadcrumbList|ListItem|MedicalWebPage,52,145,1,yes,no,br,6,441,
/goal/gut,goal,build/prerender.js + app.js,200,200,"index,follow,max-image-preview:large,max-snippet:-1,max-video-preview:-1","index,follow,max-image-preview:large,max-snippet:-1,max-video-preview:-1",,,https://rnawiki.com/goal/gut,true,true,BreadcrumbList|ListItem|MedicalWebPage,41,131,1,yes,no,br,6,239,
/goal/heart,goal,build/prerender.js + app.js,200,200,"index,follow,max-image-preview:large,max-snippet:-1,max-video-preview:-1","index,follow,max-image-preview:large,max-snippet:-1,max-video-preview:-1",,,https://rnawiki.com/goal/heart,true,true,BreadcrumbList|ListItem|MedicalWebPage,45,137,1,yes,no,br,6,261,
/goal/hormones,goal,build/prerender.js + app.js,200,200,"index,follow,max-image-preview:large,max-snippet:-1,max-video-preview:-1","index,follow,max-image-preview:large,max-snippet:-1,max-video-preview:-1",,,https://rnawiki.com/goal/hormones,true,true,BreadcrumbList|ListItem|MedicalWebPage,58,150,1,yes,no,br,6,233,
/goal/immune,goal,build/prerender.js + app.js,200,200,"index,follow,max-image-preview:large,max-snippet:-1,max-video-preview:-1","index,follow,max-image-preview:large,max-snippet:-1,max-video-preview:-1",,,https://rnawiki.com/goal/immune,true,true,BreadcrumbList|ListItem|MedicalWebPage,39,129,1,yes,no,br,5,222,
/goal/joints,goal,build/prerender.js + app.js,200,200,"index,follow,max-image-preview:large,max-snippet:-1,max-video-preview:-1","index,follow,max-image-preview:large,max-snippet:-1,max-video-preview:-1",,,https://rnawiki.com/goal/joints,true,true,BreadcrumbList|ListItem|MedicalWebPage,43,134,1,yes,no,br,6,248,
/goal/longevity,goal,build/prerender.js + app.js,200,200,"index,follow,max-image-preview:large,max-snippet:-1,max-video-preview:-1","index,follow,max-image-preview:large,max-snippet:-1,max-video-preview:-1",,,https://rnawiki.com/goal/longevity,true,true,BreadcrumbList|ListItem|MedicalWebPage,42,135,1,yes,no,br,6,644,
/goal/muscle,goal,build/prerender.js + app.js,200,200,"index,follow,max-image-preview:large,max-snippet:-1,max-video-preview:-1","index,follow,max-image-preview:large,max-snippet:-1,max-video-preview:-1",,,https://rnawiki.com/goal/muscle,true,true,BreadcrumbList|ListItem|MedicalWebPage,58,151,1,yes,no,br,7,227,
/goal/recovery,goal,build/prerender.js + app.js,200,200,"index,follow,max-image-preview:large,max-snippet:-1,max-video-preview:-1","index,follow,max-image-preview:large,max-snippet:-1,max-video-preview:-1",,,https://rnawiki.com/goal/recovery,true,true,BreadcrumbList|ListItem|MedicalWebPage,45,137,1,yes,no,br,6,320,
/goal/sexual,goal,build/prerender.js + app.js,200,200,"index,follow,max-image-preview:large,max-snippet:-1,max-video-preview:-1","index,follow,max-image-preview:large,max-snippet:-1,max-video-preview:-1",,,https://rnawiki.com/goal/sexual,true,true,BreadcrumbList|ListItem|MedicalWebPage,44,134,1,yes,no,br,7,259,
/goal/skin,goal,build/prerender.js + app.js,200,200,"index,follow,max-image-preview:large,max-snippet:-1,max-video-preview:-1","index,follow,max-image-preview:large,max-snippet:-1,max-video-preview:-1",,,https://rnawiki.com/goal/skin,true,true,BreadcrumbList|ListItem|MedicalWebPage,46,137,1,yes,no,br,8,231,
/goal/sleep,goal,build/prerender.js + app.js,200,200,"index,follow,max-image-preview:large,max-snippet:-1,max-video-preview:-1","index,follow,max-image-preview:large,max-snippet:-1,max-video-preview:-1",,,https://rnawiki.com/goal/sleep,true,true,BreadcrumbList|ListItem|MedicalWebPage,43,134,1,yes,no,br,8,256,
/goal/stress,goal,build/prerender.js + app.js,200,200,"index,follow,max-image-preview:large,max-snippet:-1,max-video-preview:-1","index,follow,max-image-preview:large,max-snippet:-1,max-video-preview:-1",,,https://rnawiki.com/goal/stress,true,true,BreadcrumbList|ListItem|MedicalWebPage,51,143,1,yes,no,br,7,255,
/learn,learn,build/prerender.js + app.js,200,200,"index,follow,max-image-preview:large,max-snippet:-1,max-video-preview:-1","index,follow,max-image-preview:large,max-snippet:-1,max-video-preview:-1",,,https://rnawiki.com/learn,true,true,BreadcrumbList|ListItem|WebPage,50,153,1,yes,no,br,7,264,
/learn/0,learn,build/prerender.js + app.js,200,200,"index,follow,max-image-preview:large,max-snippet:-1,max-video-preview:-1","index,follow,max-image-preview:large,max-snippet:-1,max-video-preview:-1",,,https://rnawiki.com/learn/0,true,true,BreadcrumbList|ListItem|WebPage,49,63,1,yes,no,br,12,279,
/learn/1,learn,build/prerender.js + app.js,200,200,"index,follow,max-image-preview:large,max-snippet:-1,max-video-preview:-1","index,follow,max-image-preview:large,max-snippet:-1,max-video-preview:-1",,,https://rnawiki.com/learn/1,true,true,BreadcrumbList|ListItem|WebPage,58,72,1,yes,no,br,14,268,
/learn/2,learn,build/prerender.js + app.js,200,200,"index,follow,max-image-preview:large,max-snippet:-1,max-video-preview:-1","index,follow,max-image-preview:large,max-snippet:-1,max-video-preview:-1",,,https://rnawiki.com/learn/2,true,true,BreadcrumbList|ListItem|WebPage,58,72,1,yes,no,br,20,261,
/learn/3,learn,build/prerender.js + app.js,200,200,"index,follow,max-image-preview:large,max-snippet:-1,max-video-preview:-1","index,follow,max-image-preview:large,max-snippet:-1,max-video-preview:-1",,,https://rnawiki.com/learn/3,true,true,BreadcrumbList|ListItem|WebPage,59,97,1,yes,no,br,16,260,
/learn/4,learn,build/prerender.js + app.js,200,200,"index,follow,max-image-preview:large,max-snippet:-1,max-video-preview:-1","index,follow,max-image-preview:large,max-snippet:-1,max-video-preview:-1",,,https://rnawiki.com/learn/4,true,true,BreadcrumbList|ListItem|WebPage,38,76,1,yes,no,br,24,241,
/legend,legend,build/prerender.js singleton + app.js,200,200,"index,follow,max-image-preview:large,max-snippet:-1,max-video-preview:-1","index,follow,max-image-preview:large,max-snippet:-1,max-video-preview:-1",,,https://rnawiki.com/legend,true,true,BreadcrumbList|ListItem|WebPage,58,121,1,yes,no,br,19,251,
/me,me,"site/app.js route() only (SPA_ONLY_ROUTES, server.js:2900)",200,404,"noindex,nofollow",noindex,"noindex, nofollow",noindex,https://rnawiki.com/,false,false,WebSite|SearchAction,67,251,0,yes,no,br,21,433,STATUS DIVERGES local=200 prod=404 (branch unpublished); canonical points elsewhere: https://rnawiki.com/
/me/x,me,"site/app.js route() only (SPA_ONLY_ROUTES, server.js:2900)",404,404,noindex,noindex,noindex,noindex,,false,false,,24,0,1,no,no,br,9,243,
/methodology,methodology,build/prerender.js singleton + app.js,200,200,"index,follow,max-image-preview:large,max-snippet:-1,max-video-preview:-1","index,follow,max-image-preview:large,max-snippet:-1,max-video-preview:-1",,,https://rnawiki.com/methodology,true,true,BreadcrumbList|ListItem|WebPage,39,152,1,yes,no,br,21,239,
/muscle/abdominals,muscle,build/prerender.js + app.js,200,200,"index,follow,max-image-preview:large,max-snippet:-1,max-video-preview:-1","index,follow,max-image-preview:large,max-snippet:-1,max-video-preview:-1",,,https://rnawiki.com/muscle/abdominals,true,true,BreadcrumbList|ListItem|WebPage,52,152,1,yes,no,br,24,259,
/muscle/abductors,muscle,build/prerender.js + app.js,200,200,"index,follow,max-image-preview:large,max-snippet:-1,max-video-preview:-1","index,follow,max-image-preview:large,max-snippet:-1,max-video-preview:-1",,,https://rnawiki.com/muscle/abductors,true,true,BreadcrumbList|ListItem|WebPage,55,155,1,yes,no,br,26,282,
/muscle/adductors,muscle,build/prerender.js + app.js,200,200,"index,follow,max-image-preview:large,max-snippet:-1,max-video-preview:-1","index,follow,max-image-preview:large,max-snippet:-1,max-video-preview:-1",,,https://rnawiki.com/muscle/adductors,true,true,BreadcrumbList|ListItem|WebPage,55,149,1,yes,no,br,30,249,
/muscle/biceps,muscle,build/prerender.js + app.js,200,200,"index,follow,max-image-preview:large,max-snippet:-1,max-video-preview:-1","index,follow,max-image-preview:large,max-snippet:-1,max-video-preview:-1",,,https://rnawiki.com/muscle/biceps,true,true,BreadcrumbList|ListItem|WebPage,56,154,1,yes,no,br,29,251,
/muscle/calves,muscle,build/prerender.js + app.js,200,200,"index,follow,max-image-preview:large,max-snippet:-1,max-video-preview:-1","index,follow,max-image-preview:large,max-snippet:-1,max-video-preview:-1",,,https://rnawiki.com/muscle/calves,true,true,BreadcrumbList|ListItem|WebPage,48,149,1,yes,no,br,29,240,
/muscle/chest,muscle,build/prerender.js + app.js,200,200,"index,follow,max-image-preview:large,max-snippet:-1,max-video-preview:-1","index,follow,max-image-preview:large,max-snippet:-1,max-video-preview:-1",,,https://rnawiki.com/muscle/chest,true,true,BreadcrumbList|ListItem|WebPage,59,152,1,yes,no,br,33,261,
/muscle/forearms,muscle,build/prerender.js + app.js,200,200,"index,follow,max-image-preview:large,max-snippet:-1,max-video-preview:-1","index,follow,max-image-preview:large,max-snippet:-1,max-video-preview:-1",,,https://rnawiki.com/muscle/forearms,true,true,BreadcrumbList|ListItem|WebPage,50,154,1,yes,no,br,33,266,
/muscle/glutes,muscle,build/prerender.js + app.js,200,200,"index,follow,max-image-preview:large,max-snippet:-1,max-video-preview:-1","index,follow,max-image-preview:large,max-snippet:-1,max-video-preview:-1",,,https://rnawiki.com/muscle/glutes,true,true,BreadcrumbList|ListItem|WebPage,48,147,1,yes,no,br,32,246,
/muscle/hamstrings,muscle,build/prerender.js + app.js,200,200,"index,follow,max-image-preview:large,max-snippet:-1,max-video-preview:-1","index,follow,max-image-preview:large,max-snippet:-1,max-video-preview:-1",,,https://rnawiki.com/muscle/hamstrings,true,true,BreadcrumbList|ListItem|WebPage,52,151,1,yes,no,br,36,237,
/muscle/lats,muscle,build/prerender.js + app.js,200,200,"index,follow,max-image-preview:large,max-snippet:-1,max-video-preview:-1","index,follow,max-image-preview:large,max-snippet:-1,max-video-preview:-1",,,https://rnawiki.com/muscle/lats,true,true,BreadcrumbList|ListItem|WebPage,56,151,1,yes,no,br,36,255,
/muscle/lower-back,muscle,build/prerender.js + app.js,200,200,"index,follow,max-image-preview:large,max-snippet:-1,max-video-preview:-1","index,follow,max-image-preview:large,max-snippet:-1,max-video-preview:-1",,,https://rnawiki.com/muscle/lower-back,true,true,BreadcrumbList|ListItem|WebPage,60,152,1,yes,no,br,38,241,
/muscle/middle-back,muscle,build/prerender.js + app.js,200,200,"index,follow,max-image-preview:large,max-snippet:-1,max-video-preview:-1","index,follow,max-image-preview:large,max-snippet:-1,max-video-preview:-1",,,https://rnawiki.com/muscle/middle-back,true,true,BreadcrumbList|ListItem|WebPage,53,148,1,yes,no,br,47,884,
/muscle/neck,muscle,build/prerender.js + app.js,200,200,"index,follow,max-image-preview:large,max-snippet:-1,max-video-preview:-1","index,follow,max-image-preview:large,max-snippet:-1,max-video-preview:-1",,,https://rnawiki.com/muscle/neck,true,true,BreadcrumbList|ListItem|WebPage,46,155,1,yes,no,br,38,254,
/muscle/quadriceps,muscle,build/prerender.js + app.js,200,200,"index,follow,max-image-preview:large,max-snippet:-1,max-video-preview:-1","index,follow,max-image-preview:large,max-snippet:-1,max-video-preview:-1",,,https://rnawiki.com/muscle/quadriceps,true,true,BreadcrumbList|ListItem|WebPage,52,154,1,yes,no,br,38,261,
/muscle/shoulders,muscle,build/prerender.js + app.js,200,200,"index,follow,max-image-preview:large,max-snippet:-1,max-video-preview:-1","index,follow,max-image-preview:large,max-snippet:-1,max-video-preview:-1",,,https://rnawiki.com/muscle/shoulders,true,true,BreadcrumbList|ListItem|WebPage,53,153,1,yes,no,br,41,269,
/muscle/traps,muscle,build/prerender.js + app.js,200,200,"index,follow,max-image-preview:large,max-snippet:-1,max-video-preview:-1","index,follow,max-image-preview:large,max-snippet:-1,max-video-preview:-1",,,https://rnawiki.com/muscle/traps,true,true,BreadcrumbList|ListItem|WebPage,51,151,1,yes,no,br,40,243,
/muscle/triceps,muscle,build/prerender.js + app.js,200,200,"index,follow,max-image-preview:large,max-snippet:-1,max-video-preview:-1","index,follow,max-image-preview:large,max-snippet:-1,max-video-preview:-1",,,https://rnawiki.com/muscle/triceps,true,true,BreadcrumbList|ListItem|WebPage,57,155,1,yes,no,br,40,378,
/p/abc123,p,"site/app.js route() only (SPA_ONLY_ROUTES, server.js:2900)",200,404,"noindex,nofollow",noindex,"noindex, nofollow",noindex,https://rnawiki.com/,false,false,WebSite|SearchAction,67,251,0,yes,no,br,29,233,STATUS DIVERGES local=200 prod=404 (branch unpublished); canonical points elsewhere: https://rnawiki.com/
/pathway/0,pathway,build/prerender.js + app.js,200,200,"index,follow,max-image-preview:large,max-snippet:-1,max-video-preview:-1","index,follow,max-image-preview:large,max-snippet:-1,max-video-preview:-1",,,https://rnawiki.com/pathway/0,true,true,BreadcrumbList|ListItem|WebPage,39,148,1,yes,no,br,35,240,
/pathway/1,pathway,build/prerender.js + app.js,200,200,"index,follow,max-image-preview:large,max-snippet:-1,max-video-preview:-1","index,follow,max-image-preview:large,max-snippet:-1,max-video-preview:-1",,,https://rnawiki.com/pathway/1,true,true,BreadcrumbList|ListItem|WebPage,45,126,1,yes,no,br,34,260,
/pathway/10,pathway,build/prerender.js + app.js,200,200,"index,follow,max-image-preview:large,max-snippet:-1,max-video-preview:-1","index,follow,max-image-preview:large,max-snippet:-1,max-video-preview:-1",,,https://rnawiki.com/pathway/10,true,true,BreadcrumbList|ListItem|WebPage,36,120,1,yes,no,br,33,240,
/pathway/11,pathway,build/prerender.js + app.js,200,200,"index,follow,max-image-preview:large,max-snippet:-1,max-video-preview:-1","index,follow,max-image-preview:large,max-snippet:-1,max-video-preview:-1",,,https://rnawiki.com/pathway/11,true,true,BreadcrumbList|ListItem|WebPage,40,142,1,yes,no,br,32,283,
/pathway/12,pathway,build/prerender.js + app.js,200,200,"index,follow,max-image-preview:large,max-snippet:-1,max-video-preview:-1","index,follow,max-image-preview:large,max-snippet:-1,max-video-preview:-1",,,https://rnawiki.com/pathway/12,true,true,BreadcrumbList|ListItem|WebPage,43,136,1,yes,no,br,32,264,
/pathway/13,pathway,build/prerender.js + app.js,200,200,"index,follow,max-image-preview:large,max-snippet:-1,max-video-preview:-1","index,follow,max-image-preview:large,max-snippet:-1,max-video-preview:-1",,,https://rnawiki.com/pathway/13,true,true,BreadcrumbList|ListItem|WebPage,48,143,1,yes,no,br,34,266,
/pathway/14,pathway,build/prerender.js + app.js,200,200,"index,follow,max-image-preview:large,max-snippet:-1,max-video-preview:-1","index,follow,max-image-preview:large,max-snippet:-1,max-video-preview:-1",,,https://rnawiki.com/pathway/14,true,true,BreadcrumbList|ListItem|WebPage,40,155,1,yes,no,br,28,252,
/pathway/15,pathway,build/prerender.js + app.js,200,200,"index,follow,max-image-preview:large,max-snippet:-1,max-video-preview:-1","index,follow,max-image-preview:large,max-snippet:-1,max-video-preview:-1",,,https://rnawiki.com/pathway/15,true,true,BreadcrumbList|ListItem|WebPage,50,146,1,yes,no,br,33,235,
/pathway/2,pathway,build/prerender.js + app.js,200,200,"index,follow,max-image-preview:large,max-snippet:-1,max-video-preview:-1","index,follow,max-image-preview:large,max-snippet:-1,max-video-preview:-1",,,https://rnawiki.com/pathway/2,true,true,BreadcrumbList|ListItem|WebPage,32,120,1,yes,no,br,38,269,
/pathway/3,pathway,build/prerender.js + app.js,200,200,"index,follow,max-image-preview:large,max-snippet:-1,max-video-preview:-1","index,follow,max-image-preview:large,max-snippet:-1,max-video-preview:-1",,,https://rnawiki.com/pathway/3,true,true,BreadcrumbList|ListItem|WebPage,32,149,1,yes,no,br,34,251,
/pathway/4,pathway,build/prerender.js + app.js,200,200,"index,follow,max-image-preview:large,max-snippet:-1,max-video-preview:-1","index,follow,max-image-preview:large,max-snippet:-1,max-video-preview:-1",,,https://rnawiki.com/pathway/4,true,true,BreadcrumbList|ListItem|WebPage,47,127,1,yes,no,br,28,252,
/pathway/5,pathway,build/prerender.js + app.js,200,200,"index,follow,max-image-preview:large,max-snippet:-1,max-video-preview:-1","index,follow,max-image-preview:large,max-snippet:-1,max-video-preview:-1",,,https://rnawiki.com/pathway/5,true,true,BreadcrumbList|ListItem|WebPage,50,123,1,yes,no,br,39,231,
/pathway/6,pathway,build/prerender.js + app.js,200,200,"index,follow,max-image-preview:large,max-snippet:-1,max-video-preview:-1","index,follow,max-image-preview:large,max-snippet:-1,max-video-preview:-1",,,https://rnawiki.com/pathway/6,true,true,BreadcrumbList|ListItem|WebPage,44,134,1,yes,no,br,41,269,
/pathway/7,pathway,build/prerender.js + app.js,200,200,"index,follow,max-image-preview:large,max-snippet:-1,max-video-preview:-1","index,follow,max-image-preview:large,max-snippet:-1,max-video-preview:-1",,,https://rnawiki.com/pathway/7,true,true,BreadcrumbList|ListItem|WebPage,38,142,1,yes,no,br,42,397,
/pathway/8,pathway,build/prerender.js + app.js,200,200,"index,follow,max-image-preview:large,max-snippet:-1,max-video-preview:-1","index,follow,max-image-preview:large,max-snippet:-1,max-video-preview:-1",,,https://rnawiki.com/pathway/8,true,true,BreadcrumbList|ListItem|WebPage,39,132,1,yes,no,br,47,282,
/pathway/9,pathway,build/prerender.js + app.js,200,200,"index,follow,max-image-preview:large,max-snippet:-1,max-video-preview:-1","index,follow,max-image-preview:large,max-snippet:-1,max-video-preview:-1",,,https://rnawiki.com/pathway/9,true,true,BreadcrumbList|ListItem|WebPage,37,155,1,yes,no,br,42,350,
/pathways,pathways,build/prerender.js singleton + app.js,200,200,"index,follow,max-image-preview:large,max-snippet:-1,max-video-preview:-1","index,follow,max-image-preview:large,max-snippet:-1,max-video-preview:-1",,,https://rnawiki.com/pathways,true,true,BreadcrumbList|ListItem|WebPage,32,155,1,yes,no,br,43,240,
/physiology/fat-management,physiology,build/prerender.js + app.js,200,200,"index,follow,max-image-preview:large,max-snippet:-1,max-video-preview:-1","index,follow,max-image-preview:large,max-snippet:-1,max-video-preview:-1",,,https://rnawiki.com/physiology/fat-management,true,true,BreadcrumbList|ListItem|WebPage,39,139,1,yes,no,br,34,282,
/physiology/glucose-conversion,physiology,build/prerender.js + app.js,200,200,"index,follow,max-image-preview:large,max-snippet:-1,max-video-preview:-1","index,follow,max-image-preview:large,max-snippet:-1,max-video-preview:-1",,,https://rnawiki.com/physiology/glucose-conversion,true,true,BreadcrumbList|ListItem|WebPage,28,134,1,yes,no,br,42,281,
/physiology/insulin-blood-sugar,physiology,build/prerender.js + app.js,200,200,"index,follow,max-image-preview:large,max-snippet:-1,max-video-preview:-1","index,follow,max-image-preview:large,max-snippet:-1,max-video-preview:-1",,,https://rnawiki.com/physiology/insulin-blood-sugar,true,true,BreadcrumbList|ListItem|WebPage,59,133,1,yes,no,br,41,275,
/physiology/protein-muscle-turnover,physiology,build/prerender.js + app.js,200,200,"index,follow,max-image-preview:large,max-snippet:-1,max-video-preview:-1","index,follow,max-image-preview:large,max-snippet:-1,max-video-preview:-1",,,https://rnawiki.com/physiology/protein-muscle-turnover,true,true,BreadcrumbList|ListItem|WebPage,39,134,1,yes,no,br,41,271,
/plan,plan,build/prerender.js singleton + app.js,200,200,"index,follow,max-image-preview:large,max-snippet:-1,max-video-preview:-1","index,follow,max-image-preview:large,max-snippet:-1,max-video-preview:-1",,,https://rnawiki.com/plan,true,true,BreadcrumbList|ListItem|WebPage,55,155,1,yes,no,br,32,245,
/pro,pro,"site/app.js route() only (SPA_ONLY_ROUTES, server.js:2900)",200,200,"noindex,nofollow","index,follow,max-image-preview:large","noindex, nofollow",,https://rnawiki.com/,false,false,WebSite|SearchAction,67,251,0,yes,no,br,38,231,"canonical points elsewhere: https://rnawiki.com/; PROD INDEXABLE, branch noindexes it"
/problem/acne,problem,build/prerender.js (KEEP_PRERENDERED),200,200,"index,follow,max-image-preview:large,max-snippet:-1,max-video-preview:-1","index,follow,max-image-preview:large,max-snippet:-1,max-video-preview:-1",,,https://rnawiki.com/problem/acne,true,true,BreadcrumbList|ListItem|MedicalWebPage|MedicalCondition,54,124,1,yes,no,br,29,234,
/problem/adhd-focus,problem,build/prerender.js (KEEP_PRERENDERED),200,200,"index,follow,max-image-preview:large,max-snippet:-1,max-video-preview:-1","index,follow,max-image-preview:large,max-snippet:-1,max-video-preview:-1",,,https://rnawiki.com/problem/adhd-focus,true,true,BreadcrumbList|ListItem|MedicalWebPage|MedicalCondition,47,117,1,yes,no,br,30,248,
/problem/ankle-foot,problem,build/prerender.js (KEEP_PRERENDERED),200,200,"index,follow,max-image-preview:large,max-snippet:-1,max-video-preview:-1","index,follow,max-image-preview:large,max-snippet:-1,max-video-preview:-1",,,https://rnawiki.com/problem/ankle-foot,true,true,BreadcrumbList|ListItem|MedicalWebPage|MedicalCondition,52,122,1,yes,no,br,30,248,
/problem/anxiety,problem,build/prerender.js (KEEP_PRERENDERED),200,200,"index,follow,max-image-preview:large,max-snippet:-1,max-video-preview:-1","index,follow,max-image-preview:large,max-snippet:-1,max-video-preview:-1",,,https://rnawiki.com/problem/anxiety,true,true,BreadcrumbList|ListItem|MedicalWebPage|MedicalCondition,42,112,1,yes,no,br,29,270,
/problem/blood-pressure,problem,build/prerender.js (KEEP_PRERENDERED),200,200,"index,follow,max-image-preview:large,max-snippet:-1,max-video-preview:-1","index,follow,max-image-preview:large,max-snippet:-1,max-video-preview:-1",,,https://rnawiki.com/problem/blood-pressure,true,true,BreadcrumbList|ListItem|MedicalWebPage|MedicalCondition,54,124,1,yes,no,br,19,243,
/problem/bone-density,problem,build/prerender.js (KEEP_PRERENDERED),200,200,"index,follow,max-image-preview:large,max-snippet:-1,max-video-preview:-1","index,follow,max-image-preview:large,max-snippet:-1,max-video-preview:-1",,,https://rnawiki.com/problem/bone-density,true,true,BreadcrumbList|ListItem|MedicalWebPage|MedicalCondition,56,132,1,yes,no,br,27,245,
/problem/brain-fog,problem,build/prerender.js (KEEP_PRERENDERED),200,200,"index,follow,max-image-preview:large,max-snippet:-1,max-video-preview:-1","index,follow,max-image-preview:large,max-snippet:-1,max-video-preview:-1",,,https://rnawiki.com/problem/brain-fog,true,true,BreadcrumbList|ListItem|MedicalWebPage|MedicalCondition,44,114,1,yes,no,br,29,352,
/problem/burnout,problem,build/prerender.js (KEEP_PRERENDERED),200,200,"index,follow,max-image-preview:large,max-snippet:-1,max-video-preview:-1","index,follow,max-image-preview:large,max-snippet:-1,max-video-preview:-1",,,https://rnawiki.com/problem/burnout,true,true,BreadcrumbList|ListItem|MedicalWebPage|MedicalCondition,42,112,1,yes,no,br,28,235,
/problem/cholesterol,problem,build/prerender.js (KEEP_PRERENDERED),200,200,"index,follow,max-image-preview:large,max-snippet:-1,max-video-preview:-1","index,follow,max-image-preview:large,max-snippet:-1,max-video-preview:-1",,,https://rnawiki.com/problem/cholesterol,true,true,BreadcrumbList|ListItem|MedicalWebPage|MedicalCondition,60,130,1,yes,no,br,31,251,
/problem/chronic-fatigue,problem,build/prerender.js (KEEP_PRERENDERED),200,200,"index,follow,max-image-preview:large,max-snippet:-1,max-video-preview:-1","index,follow,max-image-preview:large,max-snippet:-1,max-video-preview:-1",,,https://rnawiki.com/problem/chronic-fatigue,true,true,BreadcrumbList|ListItem|MedicalWebPage|MedicalCondition,57,133,1,yes,no,br,26,931,
/problem/cravings,problem,build/prerender.js (KEEP_PRERENDERED),200,200,"index,follow,max-image-preview:large,max-snippet:-1,max-video-preview:-1","index,follow,max-image-preview:large,max-snippet:-1,max-video-preview:-1",,,https://rnawiki.com/problem/cravings,true,true,BreadcrumbList|ListItem|MedicalWebPage|MedicalCondition,58,134,1,yes,no,br,28,260,
/problem/elbow-wrist,problem,build/prerender.js (KEEP_PRERENDERED),200,200,"index,follow,max-image-preview:large,max-snippet:-1,max-video-preview:-1","index,follow,max-image-preview:large,max-snippet:-1,max-video-preview:-1",,,https://rnawiki.com/problem/elbow-wrist,true,true,BreadcrumbList|ListItem|MedicalWebPage|MedicalCondition,59,129,1,yes,no,br,29,250,
/problem/endurance-plateau,problem,build/prerender.js (KEEP_PRERENDERED),200,200,"index,follow,max-image-preview:large,max-snippet:-1,max-video-preview:-1","index,follow,max-image-preview:large,max-snippet:-1,max-video-preview:-1",,,https://rnawiki.com/problem/endurance-plateau,true,true,BreadcrumbList|ListItem|MedicalWebPage|MedicalCondition,52,122,1,yes,no,br,31,236,
/problem/fat-loss-plateau,problem,build/prerender.js (KEEP_PRERENDERED),200,200,"index,follow,max-image-preview:large,max-snippet:-1,max-video-preview:-1","index,follow,max-image-preview:large,max-snippet:-1,max-video-preview:-1",,,https://rnawiki.com/problem/fat-loss-plateau,true,true,BreadcrumbList|ListItem|MedicalWebPage|MedicalCondition,51,121,1,yes,no,br,30,234,
/problem/gut-health,problem,build/prerender.js (KEEP_PRERENDERED),200,200,"index,follow,max-image-preview:large,max-snippet:-1,max-video-preview:-1","index,follow,max-image-preview:large,max-snippet:-1,max-video-preview:-1",,,https://rnawiki.com/problem/gut-health,true,true,BreadcrumbList|ListItem|MedicalWebPage|MedicalCondition,45,115,1,yes,no,br,30,244,
/problem/hair-loss,problem,build/prerender.js (KEEP_PRERENDERED),200,200,"index,follow,max-image-preview:large,max-snippet:-1,max-video-preview:-1","index,follow,max-image-preview:large,max-snippet:-1,max-video-preview:-1",,,https://rnawiki.com/problem/hair-loss,true,true,BreadcrumbList|ListItem|MedicalWebPage|MedicalCondition,55,125,1,yes,no,br,29,246,
/problem/hip-mobility,problem,build/prerender.js (KEEP_PRERENDERED),200,200,"index,follow,max-image-preview:large,max-snippet:-1,max-video-preview:-1","index,follow,max-image-preview:large,max-snippet:-1,max-video-preview:-1",,,https://rnawiki.com/problem/hip-mobility,true,true,BreadcrumbList|ListItem|MedicalWebPage|MedicalCondition,59,129,1,yes,no,br,30,253,
/problem/hypertrophy,problem,build/prerender.js (KEEP_PRERENDERED),200,200,"index,follow,max-image-preview:large,max-snippet:-1,max-video-preview:-1","index,follow,max-image-preview:large,max-snippet:-1,max-video-preview:-1",,,https://rnawiki.com/problem/hypertrophy,true,true,BreadcrumbList|ListItem|MedicalWebPage|MedicalCondition,57,127,1,yes,no,br,29,236,
/problem/immunity,problem,build/prerender.js (KEEP_PRERENDERED),200,200,"index,follow,max-image-preview:large,max-snippet:-1,max-video-preview:-1","index,follow,max-image-preview:large,max-snippet:-1,max-video-preview:-1",,,https://rnawiki.com/problem/immunity,true,true,BreadcrumbList|ListItem|MedicalWebPage|MedicalCondition,43,113,1,yes,no,br,31,241,
/problem/inflammation,problem,build/prerender.js (KEEP_PRERENDERED),200,200,"index,follow,max-image-preview:large,max-snippet:-1,max-video-preview:-1","index,follow,max-image-preview:large,max-snippet:-1,max-video-preview:-1",,,https://rnawiki.com/problem/inflammation,true,true,BreadcrumbList|ListItem|MedicalWebPage|MedicalCondition,55,125,1,yes,no,br,27,406,
/problem/insomnia,problem,build/prerender.js (KEEP_PRERENDERED),200,200,"index,follow,max-image-preview:large,max-snippet:-1,max-video-preview:-1","index,follow,max-image-preview:large,max-snippet:-1,max-video-preview:-1",,,https://rnawiki.com/problem/insomnia,true,true,BreadcrumbList|ListItem|MedicalWebPage|MedicalCondition,57,127,1,yes,no,br,30,285,
/problem/insulin-resistance,problem,build/prerender.js (KEEP_PRERENDERED),200,200,"index,follow,max-image-preview:large,max-snippet:-1,max-video-preview:-1","index,follow,max-image-preview:large,max-snippet:-1,max-video-preview:-1",,,https://rnawiki.com/problem/insulin-resistance,true,true,BreadcrumbList|ListItem|MedicalWebPage|MedicalCondition,53,123,1,yes,no,br,29,248,
/problem/knee-pain,problem,build/prerender.js (KEEP_PRERENDERED),200,200,"index,follow,max-image-preview:large,max-snippet:-1,max-video-preview:-1","index,follow,max-image-preview:large,max-snippet:-1,max-video-preview:-1",,,https://rnawiki.com/problem/knee-pain,true,true,BreadcrumbList|ListItem|MedicalWebPage|MedicalCondition,44,114,1,yes,no,br,38,239,
/problem/longevity,problem,build/prerender.js (KEEP_PRERENDERED),200,200,"index,follow,max-image-preview:large,max-snippet:-1,max-video-preview:-1","index,follow,max-image-preview:large,max-snippet:-1,max-video-preview:-1",,,https://rnawiki.com/problem/longevity,true,true,BreadcrumbList|ListItem|MedicalWebPage|MedicalCondition,57,127,1,yes,no,br,32,388,
/problem/low-back-pain,problem,build/prerender.js (KEEP_PRERENDERED),200,200,"index,follow,max-image-preview:large,max-snippet:-1,max-video-preview:-1","index,follow,max-image-preview:large,max-snippet:-1,max-video-preview:-1",,,https://rnawiki.com/problem/low-back-pain,true,true,BreadcrumbList|ListItem|MedicalWebPage|MedicalCondition,50,120,1,yes,no,br,28,261,
/problem/low-libido,problem,build/prerender.js (KEEP_PRERENDERED),200,200,"index,follow,max-image-preview:large,max-snippet:-1,max-video-preview:-1","index,follow,max-image-preview:large,max-snippet:-1,max-video-preview:-1",,,https://rnawiki.com/problem/low-libido,true,true,BreadcrumbList|ListItem|MedicalWebPage|MedicalCondition,45,115,1,yes,no,br,36,240,
/problem/low-mood,problem,build/prerender.js (KEEP_PRERENDERED),200,200,"index,follow,max-image-preview:large,max-snippet:-1,max-video-preview:-1","index,follow,max-image-preview:large,max-snippet:-1,max-video-preview:-1",,,https://rnawiki.com/problem/low-mood,true,true,BreadcrumbList|ListItem|MedicalWebPage|MedicalCondition,56,126,1,yes,no,br,31,251,
/problem/low-testosterone,problem,build/prerender.js (KEEP_PRERENDERED),200,200,"index,follow,max-image-preview:large,max-snippet:-1,max-video-preview:-1","index,follow,max-image-preview:large,max-snippet:-1,max-video-preview:-1",,,https://rnawiki.com/problem/low-testosterone,true,true,BreadcrumbList|ListItem|MedicalWebPage|MedicalCondition,51,121,1,yes,no,br,38,262,
/problem/memory,problem,build/prerender.js (KEEP_PRERENDERED),200,200,"index,follow,max-image-preview:large,max-snippet:-1,max-video-preview:-1","index,follow,max-image-preview:large,max-snippet:-1,max-video-preview:-1",,,https://rnawiki.com/problem/memory,true,true,BreadcrumbList|ListItem|MedicalWebPage|MedicalCondition,49,119,1,yes,no,br,32,250,
/problem/menopause,problem,build/prerender.js (KEEP_PRERENDERED),200,200,"index,follow,max-image-preview:large,max-snippet:-1,max-video-preview:-1","index,follow,max-image-preview:large,max-snippet:-1,max-video-preview:-1",,,https://rnawiki.com/problem/menopause,true,true,BreadcrumbList|ListItem|MedicalWebPage|MedicalCondition,53,123,1,yes,no,br,41,275,
/problem/neck-shoulder,problem,build/prerender.js (KEEP_PRERENDERED),200,200,"index,follow,max-image-preview:large,max-snippet:-1,max-video-preview:-1","index,follow,max-image-preview:large,max-snippet:-1,max-video-preview:-1",,,https://rnawiki.com/problem/neck-shoulder,true,true,BreadcrumbList|ListItem|MedicalWebPage|MedicalCondition,59,129,1,yes,no,br,36,264,
/problem/overtraining,problem,build/prerender.js (KEEP_PRERENDERED),200,200,"index,follow,max-image-preview:large,max-snippet:-1,max-video-preview:-1","index,follow,max-image-preview:large,max-snippet:-1,max-video-preview:-1",,,https://rnawiki.com/problem/overtraining,true,true,BreadcrumbList|ListItem|MedicalWebPage|MedicalCondition,58,134,1,yes,no,br,38,255,
/problem/pcos,problem,build/prerender.js (KEEP_PRERENDERED),200,200,"index,follow,max-image-preview:large,max-snippet:-1,max-video-preview:-1","index,follow,max-image-preview:large,max-snippet:-1,max-video-preview:-1",,,https://rnawiki.com/problem/pcos,true,true,BreadcrumbList|ListItem|MedicalWebPage|MedicalCondition,57,127,1,yes,no,br,38,250,
/problem/pre-workout,problem,build/prerender.js (KEEP_PRERENDERED),200,200,"index,follow,max-image-preview:large,max-snippet:-1,max-video-preview:-1","index,follow,max-image-preview:large,max-snippet:-1,max-video-preview:-1",,,https://rnawiki.com/problem/pre-workout,true,true,BreadcrumbList|ListItem|MedicalWebPage|MedicalCondition,53,123,1,yes,no,br,41,274,
/problem/sarcopenia,problem,build/prerender.js (KEEP_PRERENDERED),200,200,"index,follow,max-image-preview:large,max-snippet:-1,max-video-preview:-1","index,follow,max-image-preview:large,max-snippet:-1,max-video-preview:-1",,,https://rnawiki.com/problem/sarcopenia,true,true,BreadcrumbList|ListItem|MedicalWebPage|MedicalCondition,59,129,1,yes,no,br,40,271,
/problem/shift-work,problem,build/prerender.js (KEEP_PRERENDERED),200,200,"index,follow,max-image-preview:large,max-snippet:-1,max-video-preview:-1","index,follow,max-image-preview:large,max-snippet:-1,max-video-preview:-1",,,https://rnawiki.com/problem/shift-work,true,true,BreadcrumbList|ListItem|MedicalWebPage|MedicalCondition,55,125,1,yes,no,br,35,254,
/problem/skin-aging,problem,build/prerender.js (KEEP_PRERENDERED),200,200,"index,follow,max-image-preview:large,max-snippet:-1,max-video-preview:-1","index,follow,max-image-preview:large,max-snippet:-1,max-video-preview:-1",,,https://rnawiki.com/problem/skin-aging,true,true,BreadcrumbList|ListItem|MedicalWebPage|MedicalCondition,56,126,1,yes,no,br,38,279,
/problem/sleep-maintenance,problem,build/prerender.js (KEEP_PRERENDERED),200,200,"index,follow,max-image-preview:large,max-snippet:-1,max-video-preview:-1","index,follow,max-image-preview:large,max-snippet:-1,max-video-preview:-1",,,https://rnawiki.com/problem/sleep-maintenance,true,true,BreadcrumbList|ListItem|MedicalWebPage|MedicalCondition,59,129,1,yes,no,br,25,249,
/problem/strength-plateau,problem,build/prerender.js (KEEP_PRERENDERED),200,200,"index,follow,max-image-preview:large,max-snippet:-1,max-video-preview:-1","index,follow,max-image-preview:large,max-snippet:-1,max-video-preview:-1",,,https://rnawiki.com/problem/strength-plateau,true,true,BreadcrumbList|ListItem|MedicalWebPage|MedicalCondition,51,121,1,yes,no,br,37,404,
/problem/thyroid,problem,build/prerender.js (KEEP_PRERENDERED),200,200,"index,follow,max-image-preview:large,max-snippet:-1,max-video-preview:-1","index,follow,max-image-preview:large,max-snippet:-1,max-video-preview:-1",,,https://rnawiki.com/problem/thyroid,true,true,BreadcrumbList|ListItem|MedicalWebPage|MedicalCondition,51,121,1,yes,no,br,31,254,
/problem/visceral-fat,problem,build/prerender.js (KEEP_PRERENDERED),200,200,"index,follow,max-image-preview:large,max-snippet:-1,max-video-preview:-1","index,follow,max-image-preview:large,max-snippet:-1,max-video-preview:-1",,,https://rnawiki.com/problem/visceral-fat,true,true,BreadcrumbList|ListItem|MedicalWebPage|MedicalCondition,55,125,1,yes,no,br,34,268,
/progress,progress,"site/app.js route() only (SPA_ONLY_ROUTES, server.js:2900)",200,200,"noindex,nofollow","index,follow,max-image-preview:large","noindex, nofollow",,https://rnawiki.com/,false,false,WebSite|SearchAction,67,251,0,yes,no,br,25,251,"canonical points elsewhere: https://rnawiki.com/; PROD INDEXABLE, branch noindexes it"
/pros,pros,"site/app.js route() only (SPA_ONLY_ROUTES, server.js:2900)",200,200,"noindex,nofollow","index,follow,max-image-preview:large","noindex, nofollow",,https://rnawiki.com/,false,false,WebSite|SearchAction,67,251,0,yes,no,br,26,231,"canonical points elsewhere: https://rnawiki.com/; PROD INDEXABLE, branch noindexes it"
/protocol/acne/sebum-insulin,protocol,build/prerender.js + app.js,200,200,"index,follow,max-image-preview:large,max-snippet:-1,max-video-preview:-1","index,follow,max-image-preview:large,max-snippet:-1,max-video-preview:-1",,,https://rnawiki.com/protocol/acne/sebum-insulin,true,true,BreadcrumbList|ListItem|MedicalWebPage|MedicalCondition|HowTo|HowToStep|FAQPage|Question|Answer,47,132,1,yes,no,br,25,277,
/protocol/adhd-focus/dopamine-deficit,protocol,build/prerender.js + app.js,200,200,"index,follow,max-image-preview:large,max-snippet:-1,max-video-preview:-1","index,follow,max-image-preview:large,max-snippet:-1,max-video-preview:-1",,,https://rnawiki.com/protocol/adhd-focus/dopamine-deficit,true,true,BreadcrumbList|ListItem|MedicalWebPage|MedicalCondition|HowTo|HowToStep|FAQPage|Question|Answer,46,143,1,yes,no,br,23,237,
/protocol/ankle-foot/achilles-tendinopathy,protocol,build/prerender.js + app.js,200,200,"index,follow,max-image-preview:large,max-snippet:-1,max-video-preview:-1","index,follow,max-image-preview:large,max-snippet:-1,max-video-preview:-1",,,https://rnawiki.com/protocol/ankle-foot/achilles-tendinopathy,true,true,BreadcrumbList|ListItem|MedicalWebPage|MedicalCondition|HowTo|HowToStep|FAQPage|Question|Answer,50,128,1,yes,no,br,19,247,
/protocol/anxiety/gaba-deficit,protocol,build/prerender.js + app.js,200,200,"index,follow,max-image-preview:large,max-snippet:-1,max-video-preview:-1","index,follow,max-image-preview:large,max-snippet:-1,max-video-preview:-1",,,https://rnawiki.com/protocol/anxiety/gaba-deficit,true,true,BreadcrumbList|ListItem|MedicalWebPage|MedicalCondition|HowTo|HowToStep|FAQPage|Question|Answer,52,128,1,yes,no,br,19,256,
/protocol/blood-pressure/endothelial-sodium,protocol,build/prerender.js + app.js,200,200,"index,follow,max-image-preview:large,max-snippet:-1,max-video-preview:-1","index,follow,max-image-preview:large,max-snippet:-1,max-video-preview:-1",,,https://rnawiki.com/protocol/blood-pressure/endothelial-sodium,true,true,BreadcrumbList|ListItem|MedicalWebPage|MedicalCondition|HowTo|HowToStep|FAQPage|Question|Answer,54,127,1,yes,no,br,18,628,
/protocol/bone-density/low-bmd,protocol,build/prerender.js + app.js,200,200,"index,follow,max-image-preview:large,max-snippet:-1,max-video-preview:-1","index,follow,max-image-preview:large,max-snippet:-1,max-video-preview:-1",,,https://rnawiki.com/protocol/bone-density/low-bmd,true,true,BreadcrumbList|ListItem|MedicalWebPage|MedicalCondition|HowTo|HowToStep|FAQPage|Question|Answer,48,155,1,yes,no,br,15,236,
/protocol/brain-fog/neuroinflammation,protocol,build/prerender.js + app.js,200,200,"index,follow,max-image-preview:large,max-snippet:-1,max-video-preview:-1","index,follow,max-image-preview:large,max-snippet:-1,max-video-preview:-1",,,https://rnawiki.com/protocol/brain-fog/neuroinflammation,true,true,BreadcrumbList|ListItem|MedicalWebPage|MedicalCondition|HowTo|HowToStep|FAQPage|Question|Answer,38,129,1,yes,no,br,14,236,
/protocol/burnout/hpa-dysregulation,protocol,build/prerender.js + app.js,200,200,"index,follow,max-image-preview:large,max-snippet:-1,max-video-preview:-1","index,follow,max-image-preview:large,max-snippet:-1,max-video-preview:-1",,,https://rnawiki.com/protocol/burnout/hpa-dysregulation,true,true,BreadcrumbList|ListItem|MedicalWebPage|MedicalCondition|HowTo|HowToStep|FAQPage|Question|Answer,41,122,1,yes,no,br,12,233,
/protocol/cholesterol/ldl-fiber,protocol,build/prerender.js + app.js,200,200,"index,follow,max-image-preview:large,max-snippet:-1,max-video-preview:-1","index,follow,max-image-preview:large,max-snippet:-1,max-video-preview:-1",,,https://rnawiki.com/protocol/cholesterol/ldl-fiber,true,true,BreadcrumbList|ListItem|MedicalWebPage|MedicalCondition|HowTo|HowToStep|FAQPage|Question|Answer,45,145,1,yes,no,br,11,229,
/protocol/chronic-fatigue/iron-anemia,protocol,build/prerender.js + app.js,200,200,"index,follow,max-image-preview:large,max-snippet:-1,max-video-preview:-1","index,follow,max-image-preview:large,max-snippet:-1,max-video-preview:-1",,,https://rnawiki.com/protocol/chronic-fatigue/iron-anemia,true,true,BreadcrumbList|ListItem|MedicalWebPage|MedicalCondition|HowTo|HowToStep|FAQPage|Question|Answer,57,155,1,yes,no,br,12,231,
/protocol/chronic-fatigue/mito-inefficiency,protocol,build/prerender.js + app.js,200,200,"index,follow,max-image-preview:large,max-snippet:-1,max-video-preview:-1","index,follow,max-image-preview:large,max-snippet:-1,max-video-preview:-1",,,https://rnawiki.com/protocol/chronic-fatigue/mito-inefficiency,true,true,BreadcrumbList|ListItem|MedicalWebPage|MedicalCondition|HowTo|HowToStep|FAQPage|Question|Answer,53,143,1,yes,no,br,11,237,
/protocol/cravings/glycemic-swings,protocol,build/prerender.js + app.js,200,200,"index,follow,max-image-preview:large,max-snippet:-1,max-video-preview:-1","index,follow,max-image-preview:large,max-snippet:-1,max-video-preview:-1",,,https://rnawiki.com/protocol/cravings/glycemic-swings,true,true,BreadcrumbList|ListItem|MedicalWebPage|MedicalCondition|HowTo|HowToStep|FAQPage|Question|Answer,59,153,1,yes,no,br,10,263,
/protocol/elbow-wrist/lateral-epicondylopathy,protocol,build/prerender.js + app.js,200,200,"index,follow,max-image-preview:large,max-snippet:-1,max-video-preview:-1","index,follow,max-image-preview:large,max-snippet:-1,max-video-preview:-1",,,https://rnawiki.com/protocol/elbow-wrist/lateral-epicondylopathy,true,true,BreadcrumbList|ListItem|MedicalWebPage|MedicalCondition|HowTo|HowToStep|FAQPage|Question|Answer,50,149,1,yes,no,br,10,457,
/protocol/endurance-plateau/aerobic-base,protocol,build/prerender.js + app.js,200,200,"index,follow,max-image-preview:large,max-snippet:-1,max-video-preview:-1","index,follow,max-image-preview:large,max-snippet:-1,max-video-preview:-1",,,https://rnawiki.com/protocol/endurance-plateau/aerobic-base,true,true,BreadcrumbList|ListItem|MedicalWebPage|MedicalCondition|HowTo|HowToStep|FAQPage|Question|Answer,60,131,1,yes,no,br,12,232,
/protocol/fat-loss-plateau/metabolic-adaptation,protocol,build/prerender.js + app.js,200,200,"index,follow,max-image-preview:large,max-snippet:-1,max-video-preview:-1","index,follow,max-image-preview:large,max-snippet:-1,max-video-preview:-1",,,https://rnawiki.com/protocol/fat-loss-plateau/metabolic-adaptation,true,true,BreadcrumbList|ListItem|MedicalWebPage|MedicalCondition|HowTo|HowToStep|FAQPage|Question|Answer,48,107,1,yes,no,br,11,249,
/protocol/gut-health/dysbiosis,protocol,build/prerender.js + app.js,200,200,"index,follow,max-image-preview:large,max-snippet:-1,max-video-preview:-1","index,follow,max-image-preview:large,max-snippet:-1,max-video-preview:-1",,,https://rnawiki.com/protocol/gut-health/dysbiosis,true,true,BreadcrumbList|ListItem|MedicalWebPage|MedicalCondition|HowTo|HowToStep|FAQPage|Question|Answer,53,129,1,yes,no,br,14,243,
/protocol/hair-loss/dht-sensitivity,protocol,build/prerender.js + app.js,200,200,"index,follow,max-image-preview:large,max-snippet:-1,max-video-preview:-1","index,follow,max-image-preview:large,max-snippet:-1,max-video-preview:-1",,,https://rnawiki.com/protocol/hair-loss/dht-sensitivity,true,true,BreadcrumbList|ListItem|MedicalWebPage|MedicalCondition|HowTo|HowToStep|FAQPage|Question|Answer,55,143,1,yes,no,br,10,252,
/protocol/hair-loss/nutrient-deficiency-hair,protocol,build/prerender.js + app.js,200,200,"index,follow,max-image-preview:large,max-snippet:-1,max-video-preview:-1","index,follow,max-image-preview:large,max-snippet:-1,max-video-preview:-1",,,https://rnawiki.com/protocol/hair-loss/nutrient-deficiency-hair,true,true,BreadcrumbList|ListItem|MedicalWebPage|MedicalCondition|HowTo|HowToStep|FAQPage|Question|Answer,51,145,1,yes,no,br,12,237,
/protocol/hip-mobility/glute-weakness,protocol,build/prerender.js + app.js,200,200,"index,follow,max-image-preview:large,max-snippet:-1,max-video-preview:-1","index,follow,max-image-preview:large,max-snippet:-1,max-video-preview:-1",,,https://rnawiki.com/protocol/hip-mobility/glute-weakness,true,true,BreadcrumbList|ListItem|MedicalWebPage|MedicalCondition|HowTo|HowToStep|FAQPage|Question|Answer,50,141,1,yes,no,br,12,249,
/protocol/hypertrophy/stimulus-recovery,protocol,build/prerender.js + app.js,200,200,"index,follow,max-image-preview:large,max-snippet:-1,max-video-preview:-1","index,follow,max-image-preview:large,max-snippet:-1,max-video-preview:-1",,,https://rnawiki.com/protocol/hypertrophy/stimulus-recovery,true,true,BreadcrumbList|ListItem|MedicalWebPage|MedicalCondition|HowTo|HowToStep|FAQPage|Question|Answer,55,151,1,yes,no,br,16,505,
/protocol/immunity/micronutrient-immune,protocol,build/prerender.js + app.js,200,200,"index,follow,max-image-preview:large,max-snippet:-1,max-video-preview:-1","index,follow,max-image-preview:large,max-snippet:-1,max-video-preview:-1",,,https://rnawiki.com/protocol/immunity/micronutrient-immune,true,true,BreadcrumbList|ListItem|MedicalWebPage|MedicalCondition|HowTo|HowToStep|FAQPage|Question|Answer,58,110,1,yes,no,br,16,255,
/protocol/inflammation/low-grade-inflammation,protocol,build/prerender.js + app.js,200,200,"index,follow,max-image-preview:large,max-snippet:-1,max-video-preview:-1","index,follow,max-image-preview:large,max-snippet:-1,max-video-preview:-1",,,https://rnawiki.com/protocol/inflammation/low-grade-inflammation,true,true,BreadcrumbList|ListItem|MedicalWebPage|MedicalCondition|HowTo|HowToStep|FAQPage|Question|Answer,40,136,1,yes,no,br,10,232,
/protocol/insomnia/circadian-misalign,protocol,build/prerender.js + app.js,200,200,"index,follow,max-image-preview:large,max-snippet:-1,max-video-preview:-1","index,follow,max-image-preview:large,max-snippet:-1,max-video-preview:-1",,,https://rnawiki.com/protocol/insomnia/circadian-misalign,true,true,BreadcrumbList|ListItem|MedicalWebPage|MedicalCondition|HowTo|HowToStep|FAQPage|Question|Answer,56,138,1,yes,no,br,10,243,
/protocol/insulin-resistance/poor-glucose-disposal,protocol,build/prerender.js + app.js,200,200,"index,follow,max-image-preview:large,max-snippet:-1,max-video-preview:-1","index,follow,max-image-preview:large,max-snippet:-1,max-video-preview:-1",,,https://rnawiki.com/protocol/insulin-resistance/poor-glucose-disposal,true,true,BreadcrumbList|ListItem|MedicalWebPage|MedicalCondition|HowTo|HowToStep|FAQPage|Question|Answer,51,155,1,yes,no,br,10,273,
/protocol/insulin-resistance/visceral-adiposity,protocol,build/prerender.js + app.js,200,200,"index,follow,max-image-preview:large,max-snippet:-1,max-video-preview:-1","index,follow,max-image-preview:large,max-snippet:-1,max-video-preview:-1",,,https://rnawiki.com/protocol/insulin-resistance/visceral-adiposity,true,true,BreadcrumbList|ListItem|MedicalWebPage|MedicalCondition|HowTo|HowToStep|FAQPage|Question|Answer,47,124,1,yes,no,br,14,234,
/protocol/knee-pain/knee-oa,protocol,build/prerender.js + app.js,200,200,"index,follow,max-image-preview:large,max-snippet:-1,max-video-preview:-1","index,follow,max-image-preview:large,max-snippet:-1,max-video-preview:-1",,,https://rnawiki.com/protocol/knee-pain/knee-oa,true,true,BreadcrumbList|ListItem|MedicalWebPage|MedicalCondition|HowTo|HowToStep|FAQPage|Question|Answer,41,126,1,yes,no,br,11,387,
/protocol/knee-pain/patellar-tendinopathy,protocol,build/prerender.js + app.js,200,200,"index,follow,max-image-preview:large,max-snippet:-1,max-video-preview:-1","index,follow,max-image-preview:large,max-snippet:-1,max-video-preview:-1",,,https://rnawiki.com/protocol/knee-pain/patellar-tendinopathy,true,true,BreadcrumbList|ListItem|MedicalWebPage|MedicalCondition|HowTo|HowToStep|FAQPage|Question|Answer,42,150,1,yes,no,br,10,243,
/protocol/knee-pain/patellofemoral-pain,protocol,build/prerender.js + app.js,200,200,"index,follow,max-image-preview:large,max-snippet:-1,max-video-preview:-1","index,follow,max-image-preview:large,max-snippet:-1,max-video-preview:-1",,,https://rnawiki.com/protocol/knee-pain/patellofemoral-pain,true,true,BreadcrumbList|ListItem|MedicalWebPage|MedicalCondition|HowTo|HowToStep|FAQPage|Question|Answer,40,154,1,yes,no,br,13,314,
/protocol/longevity/cellular-senescence,protocol,build/prerender.js + app.js,200,200,"index,follow,max-image-preview:large,max-snippet:-1,max-video-preview:-1","index,follow,max-image-preview:large,max-snippet:-1,max-video-preview:-1",,,https://rnawiki.com/protocol/longevity/cellular-senescence,true,true,BreadcrumbList|ListItem|MedicalWebPage|MedicalCondition|HowTo|HowToStep|FAQPage|Question|Answer,59,124,1,yes,no,br,10,235,
/protocol/longevity/mtor-overactivation,protocol,build/prerender.js + app.js,200,200,"index,follow,max-image-preview:large,max-snippet:-1,max-video-preview:-1","index,follow,max-image-preview:large,max-snippet:-1,max-video-preview:-1",,,https://rnawiki.com/protocol/longevity/mtor-overactivation,true,true,BreadcrumbList|ListItem|MedicalWebPage|MedicalCondition|HowTo|HowToStep|FAQPage|Question|Answer,49,143,1,yes,no,br,13,248,
/protocol/low-back-pain/poor-core-stability,protocol,build/prerender.js + app.js,200,200,"index,follow,max-image-preview:large,max-snippet:-1,max-video-preview:-1","index,follow,max-image-preview:large,max-snippet:-1,max-video-preview:-1",,,https://rnawiki.com/protocol/low-back-pain/poor-core-stability,true,true,BreadcrumbList|ListItem|MedicalWebPage|MedicalCondition|HowTo|HowToStep|FAQPage|Question|Answer,45,136,1,yes,no,br,12,231,
/protocol/low-back-pain/weak-posterior-chain,protocol,build/prerender.js + app.js,200,200,"index,follow,max-image-preview:large,max-snippet:-1,max-video-preview:-1","index,follow,max-image-preview:large,max-snippet:-1,max-video-preview:-1",,,https://rnawiki.com/protocol/low-back-pain/weak-posterior-chain,true,true,BreadcrumbList|ListItem|MedicalWebPage|MedicalCondition|HowTo|HowToStep|FAQPage|Question|Answer,47,141,1,yes,no,br,10,751,
/protocol/low-libido/vascular-hormonal-libido,protocol,build/prerender.js + app.js,200,200,"index,follow,max-image-preview:large,max-snippet:-1,max-video-preview:-1","index,follow,max-image-preview:large,max-snippet:-1,max-video-preview:-1",,,https://rnawiki.com/protocol/low-libido/vascular-hormonal-libido,true,true,BreadcrumbList|ListItem|MedicalWebPage|MedicalCondition|HowTo|HowToStep|FAQPage|Question|Answer,50,134,1,yes,no,br,11,267,
/protocol/low-mood/monoamine-inflammation,protocol,build/prerender.js + app.js,200,200,"index,follow,max-image-preview:large,max-snippet:-1,max-video-preview:-1","index,follow,max-image-preview:large,max-snippet:-1,max-video-preview:-1",,,https://rnawiki.com/protocol/low-mood/monoamine-inflammation,true,true,BreadcrumbList|ListItem|MedicalWebPage|MedicalCondition|HowTo|HowToStep|FAQPage|Question|Answer,47,126,1,yes,no,br,13,411,
/protocol/low-testosterone/lifestyle-suppressed-t,protocol,build/prerender.js + app.js,200,200,"index,follow,max-image-preview:large,max-snippet:-1,max-video-preview:-1","index,follow,max-image-preview:large,max-snippet:-1,max-video-preview:-1",,,https://rnawiki.com/protocol/low-testosterone/lifestyle-suppressed-t,true,true,BreadcrumbList|ListItem|MedicalWebPage|MedicalCondition|HowTo|HowToStep|FAQPage|Question|Answer,43,124,1,yes,no,br,9,268,
/protocol/low-testosterone/primary-hypogonadism,protocol,build/prerender.js + app.js,200,200,"index,follow,max-image-preview:large,max-snippet:-1,max-video-preview:-1","index,follow,max-image-preview:large,max-snippet:-1,max-video-preview:-1",,,https://rnawiki.com/protocol/low-testosterone/primary-hypogonadism,true,true,BreadcrumbList|ListItem|MedicalWebPage|MedicalCondition|HowTo|HowToStep|FAQPage|Question|Answer,48,137,1,yes,no,br,9,265,
/protocol/memory/cholinergic-decline,protocol,build/prerender.js + app.js,200,200,"index,follow,max-image-preview:large,max-snippet:-1,max-video-preview:-1","index,follow,max-image-preview:large,max-snippet:-1,max-video-preview:-1",,,https://rnawiki.com/protocol/memory/cholinergic-decline,true,true,BreadcrumbList|ListItem|MedicalWebPage|MedicalCondition|HowTo|HowToStep|FAQPage|Question|Answer,56,138,1,yes,no,br,15,252,
/protocol/menopause/estrogen-decline,protocol,build/prerender.js + app.js,200,200,"index,follow,max-image-preview:large,max-snippet:-1,max-video-preview:-1","index,follow,max-image-preview:large,max-snippet:-1,max-video-preview:-1",,,https://rnawiki.com/protocol/menopause/estrogen-decline,true,true,BreadcrumbList|ListItem|MedicalWebPage|MedicalCondition|HowTo|HowToStep|FAQPage|Question|Answer,46,138,1,yes,no,br,14,239,
/protocol/neck-shoulder/rotator-cuff-impinge,protocol,build/prerender.js + app.js,200,200,"index,follow,max-image-preview:large,max-snippet:-1,max-video-preview:-1","index,follow,max-image-preview:large,max-snippet:-1,max-video-preview:-1",,,https://rnawiki.com/protocol/neck-shoulder/rotator-cuff-impinge,true,true,BreadcrumbList|ListItem|MedicalWebPage|MedicalCondition|HowTo|HowToStep|FAQPage|Question|Answer,60,131,1,yes,no,br,12,232,
/protocol/neck-shoulder/upper-cross,protocol,build/prerender.js + app.js,200,200,"index,follow,max-image-preview:large,max-snippet:-1,max-video-preview:-1","index,follow,max-image-preview:large,max-snippet:-1,max-video-preview:-1",,,https://rnawiki.com/protocol/neck-shoulder/upper-cross,true,true,BreadcrumbList|ListItem|MedicalWebPage|MedicalCondition|HowTo|HowToStep|FAQPage|Question|Answer,55,151,1,yes,no,br,9,246,
/protocol/overtraining/autonomic-imbalance,protocol,build/prerender.js + app.js,200,200,"index,follow,max-image-preview:large,max-snippet:-1,max-video-preview:-1","index,follow,max-image-preview:large,max-snippet:-1,max-video-preview:-1",,,https://rnawiki.com/protocol/overtraining/autonomic-imbalance,true,true,BreadcrumbList|ListItem|MedicalWebPage|MedicalCondition|HowTo|HowToStep|FAQPage|Question|Answer,60,151,1,yes,no,br,13,238,
/protocol/pcos/insulin-androgen,protocol,build/prerender.js + app.js,200,200,"index,follow,max-image-preview:large,max-snippet:-1,max-video-preview:-1","index,follow,max-image-preview:large,max-snippet:-1,max-video-preview:-1",,,https://rnawiki.com/protocol/pcos/insulin-androgen,true,true,BreadcrumbList|ListItem|MedicalWebPage|MedicalCondition|HowTo|HowToStep|FAQPage|Question|Answer,52,142,1,yes,no,br,13,322,
/protocol/pre-workout/low-readiness,protocol,build/prerender.js + app.js,200,200,"index,follow,max-image-preview:large,max-snippet:-1,max-video-preview:-1","index,follow,max-image-preview:large,max-snippet:-1,max-video-preview:-1",,,https://rnawiki.com/protocol/pre-workout/low-readiness,true,true,BreadcrumbList|ListItem|MedicalWebPage|MedicalCondition|HowTo|HowToStep|FAQPage|Question|Answer,52,134,1,yes,no,br,13,256,
/protocol/sarcopenia/anabolic-resistance,protocol,build/prerender.js + app.js,200,200,"index,follow,max-image-preview:large,max-snippet:-1,max-video-preview:-1","index,follow,max-image-preview:large,max-snippet:-1,max-video-preview:-1",,,https://rnawiki.com/protocol/sarcopenia/anabolic-resistance,true,true,BreadcrumbList|ListItem|MedicalWebPage|MedicalCondition|HowTo|HowToStep|FAQPage|Question|Answer,55,141,1,yes,no,br,12,248,
/protocol/shift-work/circadian-desync,protocol,build/prerender.js + app.js,200,200,"index,follow,max-image-preview:large,max-snippet:-1,max-video-preview:-1","index,follow,max-image-preview:large,max-snippet:-1,max-video-preview:-1",,,https://rnawiki.com/protocol/shift-work/circadian-desync,true,true,BreadcrumbList|ListItem|MedicalWebPage|MedicalCondition|HowTo|HowToStep|FAQPage|Question|Answer,53,138,1,yes,no,br,13,226,
/protocol/skin-aging/collagen-loss-glycation,protocol,build/prerender.js + app.js,200,200,"index,follow,max-image-preview:large,max-snippet:-1,max-video-preview:-1","index,follow,max-image-preview:large,max-snippet:-1,max-video-preview:-1",,,https://rnawiki.com/protocol/skin-aging/collagen-loss-glycation,true,true,BreadcrumbList|ListItem|MedicalWebPage|MedicalCondition|HowTo|HowToStep|FAQPage|Question|Answer,58,122,1,yes,no,br,14,260,
/protocol/skin-aging/uv-oxidative,protocol,build/prerender.js + app.js,200,200,"index,follow,max-image-preview:large,max-snippet:-1,max-video-preview:-1","index,follow,max-image-preview:large,max-snippet:-1,max-video-preview:-1",,,https://rnawiki.com/protocol/skin-aging/uv-oxidative,true,true,BreadcrumbList|ListItem|MedicalWebPage|MedicalCondition|HowTo|HowToStep|FAQPage|Question|Answer,54,132,1,yes,no,br,12,235,
/protocol/sleep-maintenance/cortisol-glucose-night,protocol,build/prerender.js + app.js,200,200,"index,follow,max-image-preview:large,max-snippet:-1,max-video-preview:-1","index,follow,max-image-preview:large,max-snippet:-1,max-video-preview:-1",,,https://rnawiki.com/protocol/sleep-maintenance/cortisol-glucose-night,true,true,BreadcrumbList|ListItem|MedicalWebPage|MedicalCondition|HowTo|HowToStep|FAQPage|Question|Answer,54,118,1,yes,no,br,14,249,
/protocol/strength-plateau/neural-recovery,protocol,build/prerender.js + app.js,200,200,"index,follow,max-image-preview:large,max-snippet:-1,max-video-preview:-1","index,follow,max-image-preview:large,max-snippet:-1,max-video-preview:-1",,,https://rnawiki.com/protocol/strength-plateau/neural-recovery,true,true,BreadcrumbList|ListItem|MedicalWebPage|MedicalCondition|HowTo|HowToStep|FAQPage|Question|Answer,45,129,1,yes,no,br,11,243,
/protocol/thyroid/subclinical-hypothyroid,protocol,build/prerender.js + app.js,200,200,"index,follow,max-image-preview:large,max-snippet:-1,max-video-preview:-1","index,follow,max-image-preview:large,max-snippet:-1,max-video-preview:-1",,,https://rnawiki.com/protocol/thyroid/subclinical-hypothyroid,true,true,BreadcrumbList|ListItem|MedicalWebPage|MedicalCondition|HowTo|HowToStep|FAQPage|Question|Answer,44,144,1,yes,no,br,11,227,
/protocol/visceral-fat/cortisol-fat,protocol,build/prerender.js + app.js,200,200,"index,follow,max-image-preview:large,max-snippet:-1,max-video-preview:-1","index,follow,max-image-preview:large,max-snippet:-1,max-video-preview:-1",,,https://rnawiki.com/protocol/visceral-fat/cortisol-fat,true,true,BreadcrumbList|ListItem|MedicalWebPage|MedicalCondition|HowTo|HowToStep|FAQPage|Question|Answer,49,127,1,yes,no,br,12,238,
/protocol/visceral-fat/energy-surplus,protocol,build/prerender.js + app.js,200,200,"index,follow,max-image-preview:large,max-snippet:-1,max-video-preview:-1","index,follow,max-image-preview:large,max-snippet:-1,max-video-preview:-1",,,https://rnawiki.com/protocol/visceral-fat/energy-surplus,true,true,BreadcrumbList|ListItem|MedicalWebPage|MedicalCondition|HowTo|HowToStep|FAQPage|Question|Answer,54,118,1,yes,no,br,11,434,
/robots.txt,robots.txt,build/prerender.js singleton + app.js,200,200,,,,,,false,false,,0,0,0,yes,yes,,10,279,
/s,s,"site/app.js route() only (SPA_ONLY_ROUTES, server.js:2900)",200,200,"noindex,nofollow","index,follow,max-image-preview:large","noindex, nofollow",,https://rnawiki.com/,false,false,WebSite|SearchAction,67,251,0,yes,no,br,11,241,"canonical points elsewhere: https://rnawiki.com/; PROD INDEXABLE, branch noindexes it"
/sitemap.xml,sitemap.xml,build/prerender.js singleton + app.js,200,200,,,,,,false,false,,0,0,0,yes,yes,br,13,398,
/solve,solve,build/prerender.js singleton + app.js,200,200,"index,follow,max-image-preview:large,max-snippet:-1,max-video-preview:-1","index,follow,max-image-preview:large,max-snippet:-1,max-video-preview:-1",,,https://rnawiki.com/solve,true,true,BreadcrumbList|ListItem|WebPage,59,154,1,yes,no,br,11,245,
/stack,stack,build/prerender.js singleton + app.js,200,200,"index,follow,max-image-preview:large,max-snippet:-1,max-video-preview:-1","index,follow,max-image-preview:large,max-snippet:-1,max-video-preview:-1",,,https://rnawiki.com/stack,true,true,BreadcrumbList|ListItem|WebPage,55,148,1,yes,no,br,10,237,
/stewardship,stewardship,"site/app.js route() only (SPA_ONLY_ROUTES, server.js:2900)",200,200,"noindex,nofollow","index,follow,max-image-preview:large","noindex, nofollow",,https://rnawiki.com/,false,false,WebSite|SearchAction,67,251,0,yes,no,br,8,242,"canonical points elsewhere: https://rnawiki.com/; PROD INDEXABLE, branch noindexes it"
/studio,studio,"site/app.js route() only (SPA_ONLY_ROUTES, server.js:2900)",200,404,"noindex,nofollow",noindex,"noindex, nofollow",noindex,https://rnawiki.com/,false,false,WebSite|SearchAction,67,251,0,yes,no,br,7,244,STATUS DIVERGES local=200 prod=404 (branch unpublished); canonical points elsewhere: https://rnawiki.com/
/target/ABL1,target,build/prerender.js + app.js,200,200,"index,follow,max-image-preview:large,max-snippet:-1,max-video-preview:-1","index,follow,max-image-preview:large,max-snippet:-1,max-video-preview:-1",,,https://rnawiki.com/target/ABL1,true,true,BreadcrumbList|ListItem|WebPage,37,154,1,yes,no,br,8,231,
/target/ADORA2A,target,build/prerender.js + app.js,200,200,"index,follow,max-image-preview:large,max-snippet:-1,max-video-preview:-1","index,follow,max-image-preview:large,max-snippet:-1,max-video-preview:-1",,,https://rnawiki.com/target/ADORA2A,true,true,BreadcrumbList|ListItem|WebPage,42,147,1,yes,no,br,11,251,
/target/ADRA2A,target,build/prerender.js + app.js,200,200,"index,follow,max-image-preview:large,max-snippet:-1,max-video-preview:-1","index,follow,max-image-preview:large,max-snippet:-1,max-video-preview:-1",,,https://rnawiki.com/target/ADRA2A,true,true,BreadcrumbList|ListItem|WebPage,47,155,1,yes,no,br,7,258,
/target/ADRB2,target,build/prerender.js + app.js,200,200,"index,follow,max-image-preview:large,max-snippet:-1,max-video-preview:-1","index,follow,max-image-preview:large,max-snippet:-1,max-video-preview:-1",,,https://rnawiki.com/target/ADRB2,true,true,BreadcrumbList|ListItem|WebPage,44,123,1,yes,no,br,7,854,
/target/ALOX5,target,build/prerender.js + app.js,200,200,"index,follow,max-image-preview:large,max-snippet:-1,max-video-preview:-1","index,follow,max-image-preview:large,max-snippet:-1,max-video-preview:-1",,,https://rnawiki.com/target/ALOX5,true,true,BreadcrumbList|ListItem|WebPage,55,150,1,yes,no,br,8,261,
/target/AR,target,build/prerender.js + app.js,200,200,"index,follow,max-image-preview:large,max-snippet:-1,max-video-preview:-1","index,follow,max-image-preview:large,max-snippet:-1,max-video-preview:-1",,,https://rnawiki.com/target/AR,true,true,BreadcrumbList|ListItem|WebPage,56,123,1,yes,no,br,11,244,
/target/BCL2L1,target,build/prerender.js + app.js,200,200,"index,follow,max-image-preview:large,max-snippet:-1,max-video-preview:-1","index,follow,max-image-preview:large,max-snippet:-1,max-video-preview:-1",,,https://rnawiki.com/target/BCL2L1,true,true,BreadcrumbList|ListItem|WebPage,56,149,1,yes,no,br,7,254,
/target/BDNF,target,build/prerender.js + app.js,200,200,"index,follow,max-image-preview:large,max-snippet:-1,max-video-preview:-1","index,follow,max-image-preview:large,max-snippet:-1,max-video-preview:-1",,,https://rnawiki.com/target/BDNF,true,true,BreadcrumbList|ListItem|WebPage,50,154,1,yes,no,br,11,237,
/target/BHMT,target,build/prerender.js + app.js,200,200,"index,follow,max-image-preview:large,max-snippet:-1,max-video-preview:-1","index,follow,max-image-preview:large,max-snippet:-1,max-video-preview:-1",,,https://rnawiki.com/target/BHMT,true,true,BreadcrumbList|ListItem|WebPage,55,133,1,yes,no,br,8,400,
/target/CALCR,target,build/prerender.js + app.js,200,200,"index,follow,max-image-preview:large,max-snippet:-1,max-video-preview:-1","index,follow,max-image-preview:large,max-snippet:-1,max-video-preview:-1",,,https://rnawiki.com/target/CALCR,true,true,BreadcrumbList|ListItem|WebPage,44,125,1,yes,no,br,8,262,
/target/CAMP,target,build/prerender.js + app.js,200,200,"index,follow,max-image-preview:large,max-snippet:-1,max-video-preview:-1","index,follow,max-image-preview:large,max-snippet:-1,max-video-preview:-1",,,https://rnawiki.com/target/CAMP,true,true,BreadcrumbList|ListItem|WebPage,52,111,1,yes,no,br,11,230,
/target/CARDIOLIPIN,target,build/prerender.js + app.js,200,200,"index,follow,max-image-preview:large,max-snippet:-1,max-video-preview:-1","index,follow,max-image-preview:large,max-snippet:-1,max-video-preview:-1",,,https://rnawiki.com/target/CARDIOLIPIN,true,true,BreadcrumbList|ListItem|WebPage,44,155,1,yes,no,br,10,243,
/target/CARNS1,target,build/prerender.js + app.js,200,200,"index,follow,max-image-preview:large,max-snippet:-1,max-video-preview:-1","index,follow,max-image-preview:large,max-snippet:-1,max-video-preview:-1",,,https://rnawiki.com/target/CARNS1,true,true,BreadcrumbList|ListItem|WebPage,60,142,1,yes,no,br,10,246,
/target/CASR,target,build/prerender.js + app.js,200,200,"index,follow,max-image-preview:large,max-snippet:-1,max-video-preview:-1","index,follow,max-image-preview:large,max-snippet:-1,max-video-preview:-1",,,https://rnawiki.com/target/CASR,true,true,BreadcrumbList|ListItem|WebPage,41,131,1,yes,no,br,12,239,
/target/CHAT,target,build/prerender.js + app.js,200,200,"index,follow,max-image-preview:large,max-snippet:-1,max-video-preview:-1","index,follow,max-image-preview:large,max-snippet:-1,max-video-preview:-1",,,https://rnawiki.com/target/CHAT,true,true,BreadcrumbList|ListItem|WebPage,42,147,1,yes,no,br,10,232,
/target/CHRNA4,target,build/prerender.js + app.js,200,200,"index,follow,max-image-preview:large,max-snippet:-1,max-video-preview:-1","index,follow,max-image-preview:large,max-snippet:-1,max-video-preview:-1",,,https://rnawiki.com/target/CHRNA4,true,true,BreadcrumbList|ListItem|WebPage,60,144,1,yes,no,br,10,241,
/target/CLEC7A,target,build/prerender.js + app.js,200,200,"index,follow,max-image-preview:large,max-snippet:-1,max-video-preview:-1","index,follow,max-image-preview:large,max-snippet:-1,max-video-preview:-1",,,https://rnawiki.com/target/CLEC7A,true,true,BreadcrumbList|ListItem|WebPage,50,149,1,yes,no,br,14,249,
/target/COL1A1,target,build/prerender.js + app.js,200,200,"index,follow,max-image-preview:large,max-snippet:-1,max-video-preview:-1","index,follow,max-image-preview:large,max-snippet:-1,max-video-preview:-1",,,https://rnawiki.com/target/COL1A1,true,true,BreadcrumbList|ListItem|WebPage,57,147,1,yes,no,br,13,244,
/target/COMT,target,build/prerender.js + app.js,200,200,"index,follow,max-image-preview:large,max-snippet:-1,max-video-preview:-1","index,follow,max-image-preview:large,max-snippet:-1,max-video-preview:-1",,,https://rnawiki.com/target/COMT,true,true,BreadcrumbList|ListItem|WebPage,45,141,1,yes,no,br,13,248,
/target/COQ2,target,build/prerender.js + app.js,200,200,"index,follow,max-image-preview:large,max-snippet:-1,max-video-preview:-1","index,follow,max-image-preview:large,max-snippet:-1,max-video-preview:-1",,,https://rnawiki.com/target/COQ2,true,true,BreadcrumbList|ListItem|WebPage,51,138,1,yes,no,br,11,235,
/target/CRAT,target,build/prerender.js + app.js,200,200,"index,follow,max-image-preview:large,max-snippet:-1,max-video-preview:-1","index,follow,max-image-preview:large,max-snippet:-1,max-video-preview:-1",,,https://rnawiki.com/target/CRAT,true,true,BreadcrumbList|ListItem|WebPage,46,105,1,yes,no,br,11,229,
/target/CYP19A1,target,build/prerender.js + app.js,200,200,"index,follow,max-image-preview:large,max-snippet:-1,max-video-preview:-1","index,follow,max-image-preview:large,max-snippet:-1,max-video-preview:-1",,,https://rnawiki.com/target/CYP19A1,true,true,BreadcrumbList|ListItem|WebPage,52,121,1,yes,no,br,10,226,
/target/DIO2,target,build/prerender.js + app.js,200,200,"index,follow,max-image-preview:large,max-snippet:-1,max-video-preview:-1","index,follow,max-image-preview:large,max-snippet:-1,max-video-preview:-1",,,https://rnawiki.com/target/DIO2,true,true,BreadcrumbList|ListItem|WebPage,50,147,1,yes,no,br,13,227,
/target/DRD2,target,build/prerender.js + app.js,200,200,"index,follow,max-image-preview:large,max-snippet:-1,max-video-preview:-1","index,follow,max-image-preview:large,max-snippet:-1,max-video-preview:-1",,,https://rnawiki.com/target/DRD2,true,true,BreadcrumbList|ListItem|WebPage,37,100,1,yes,no,br,12,237,
/target/EP300,target,build/prerender.js + app.js,200,200,"index,follow,max-image-preview:large,max-snippet:-1,max-video-preview:-1","index,follow,max-image-preview:large,max-snippet:-1,max-video-preview:-1",,,https://rnawiki.com/target/EP300,true,true,BreadcrumbList|ListItem|WebPage,42,121,1,yes,no,br,9,228,
/target/EPOR,target,build/prerender.js + app.js,200,200,"index,follow,max-image-preview:large,max-snippet:-1,max-video-preview:-1","index,follow,max-image-preview:large,max-snippet:-1,max-video-preview:-1",,,https://rnawiki.com/target/EPOR,true,true,BreadcrumbList|ListItem|WebPage,40,154,1,yes,no,br,9,379,
/target/ESR1,target,build/prerender.js + app.js,200,200,"index,follow,max-image-preview:large,max-snippet:-1,max-video-preview:-1","index,follow,max-image-preview:large,max-snippet:-1,max-video-preview:-1",,,https://rnawiki.com/target/ESR1,true,true,BreadcrumbList|ListItem|WebPage,40,125,1,yes,no,br,10,240,
/target/ESR2,target,build/prerender.js + app.js,200,200,"index,follow,max-image-preview:large,max-snippet:-1,max-video-preview:-1","index,follow,max-image-preview:large,max-snippet:-1,max-video-preview:-1",,,https://rnawiki.com/target/ESR2,true,true,BreadcrumbList|ListItem|WebPage,39,130,1,yes,no,br,11,263,
/target/FFAR2,target,build/prerender.js + app.js,200,200,"index,follow,max-image-preview:large,max-snippet:-1,max-video-preview:-1","index,follow,max-image-preview:large,max-snippet:-1,max-video-preview:-1",,,https://rnawiki.com/target/FFAR2,true,true,BreadcrumbList|ListItem|WebPage,54,139,1,yes,no,br,11,230,
/target/FFAR4-GPR120,target,build/prerender.js + app.js,200,200,"index,follow,max-image-preview:large,max-snippet:-1,max-video-preview:-1","index,follow,max-image-preview:large,max-snippet:-1,max-video-preview:-1",,,https://rnawiki.com/target/FFAR4-GPR120,true,true,BreadcrumbList|ListItem|WebPage,51,150,1,yes,no,br,9,255,
/target/FOLLISTATIN,target,build/prerender.js + app.js,200,200,"index,follow,max-image-preview:large,max-snippet:-1,max-video-preview:-1","index,follow,max-image-preview:large,max-snippet:-1,max-video-preview:-1",,,https://rnawiki.com/target/FOLLISTATIN,true,true,BreadcrumbList|ListItem|WebPage,50,125,1,yes,no,br,12,237,
/target/GABBR1,target,build/prerender.js + app.js,200,200,"index,follow,max-image-preview:large,max-snippet:-1,max-video-preview:-1","index,follow,max-image-preview:large,max-snippet:-1,max-video-preview:-1",,,https://rnawiki.com/target/GABBR1,true,true,BreadcrumbList|ListItem|WebPage,57,149,1,yes,no,br,13,226,
/target/GABRA1,target,build/prerender.js + app.js,200,200,"index,follow,max-image-preview:large,max-snippet:-1,max-video-preview:-1","index,follow,max-image-preview:large,max-snippet:-1,max-video-preview:-1",,,https://rnawiki.com/target/GABRA1,true,true,BreadcrumbList|ListItem|WebPage,42,127,1,yes,no,br,9,236,
/target/GABRB2,target,build/prerender.js + app.js,200,200,"index,follow,max-image-preview:large,max-snippet:-1,max-video-preview:-1","index,follow,max-image-preview:large,max-snippet:-1,max-video-preview:-1",,,https://rnawiki.com/target/GABRB2,true,true,BreadcrumbList|ListItem|WebPage,39,131,1,yes,no,br,12,441,
/target/GCGR,target,build/prerender.js + app.js,200,200,"index,follow,max-image-preview:large,max-snippet:-1,max-video-preview:-1","index,follow,max-image-preview:large,max-snippet:-1,max-video-preview:-1",,,https://rnawiki.com/target/GCGR,true,true,BreadcrumbList|ListItem|WebPage,57,151,1,yes,no,br,13,249,
/target/GCLC,target,build/prerender.js + app.js,200,200,"index,follow,max-image-preview:large,max-snippet:-1,max-video-preview:-1","index,follow,max-image-preview:large,max-snippet:-1,max-video-preview:-1",,,https://rnawiki.com/target/GCLC,true,true,BreadcrumbList|ListItem|WebPage,42,137,1,yes,no,br,9,250,
/target/GH1,target,build/prerender.js + app.js,200,200,"index,follow,max-image-preview:large,max-snippet:-1,max-video-preview:-1","index,follow,max-image-preview:large,max-snippet:-1,max-video-preview:-1",,,https://rnawiki.com/target/GH1,true,true,BreadcrumbList|ListItem|WebPage,53,136,1,yes,no,br,12,242,
/target/GHR,target,build/prerender.js + app.js,200,200,"index,follow,max-image-preview:large,max-snippet:-1,max-video-preview:-1","index,follow,max-image-preview:large,max-snippet:-1,max-video-preview:-1",,,https://rnawiki.com/target/GHR,true,true,BreadcrumbList|ListItem|WebPage,39,121,1,yes,no,br,12,253,
/target/GHRHR,target,build/prerender.js + app.js,200,200,"index,follow,max-image-preview:large,max-snippet:-1,max-video-preview:-1","index,follow,max-image-preview:large,max-snippet:-1,max-video-preview:-1",,,https://rnawiki.com/target/GHRHR,true,true,BreadcrumbList|ListItem|WebPage,54,119,1,yes,no,br,13,250,
/target/GHSR,target,build/prerender.js + app.js,200,200,"index,follow,max-image-preview:large,max-snippet:-1,max-video-preview:-1","index,follow,max-image-preview:large,max-snippet:-1,max-video-preview:-1",,,https://rnawiki.com/target/GHSR,true,true,BreadcrumbList|ListItem|WebPage,53,145,1,yes,no,br,12,603,
/target/GIPR,target,build/prerender.js + app.js,200,200,"index,follow,max-image-preview:large,max-snippet:-1,max-video-preview:-1","index,follow,max-image-preview:large,max-snippet:-1,max-video-preview:-1",,,https://rnawiki.com/target/GIPR,true,true,BreadcrumbList|ListItem|WebPage,56,146,1,yes,no,br,15,246,
/target/GLP1R,target,build/prerender.js + app.js,200,200,"index,follow,max-image-preview:large,max-snippet:-1,max-video-preview:-1","index,follow,max-image-preview:large,max-snippet:-1,max-video-preview:-1",,,https://rnawiki.com/target/GLP1R,true,true,BreadcrumbList|ListItem|WebPage,50,132,1,yes,no,br,11,234,
/target/GLRA1,target,build/prerender.js + app.js,200,200,"index,follow,max-image-preview:large,max-snippet:-1,max-video-preview:-1","index,follow,max-image-preview:large,max-snippet:-1,max-video-preview:-1",,,https://rnawiki.com/target/GLRA1,true,true,BreadcrumbList|ListItem|WebPage,57,123,1,yes,no,br,9,630,
/target/GRIA1,target,build/prerender.js + app.js,200,200,"index,follow,max-image-preview:large,max-snippet:-1,max-video-preview:-1","index,follow,max-image-preview:large,max-snippet:-1,max-video-preview:-1",,,https://rnawiki.com/target/GRIA1,true,true,BreadcrumbList|ListItem|WebPage,54,148,1,yes,no,br,9,245,
/target/GRIN1,target,build/prerender.js + app.js,200,200,"index,follow,max-image-preview:large,max-snippet:-1,max-video-preview:-1","index,follow,max-image-preview:large,max-snippet:-1,max-video-preview:-1",,,https://rnawiki.com/target/GRIN1,true,true,BreadcrumbList|ListItem|WebPage,54,148,1,yes,no,br,11,254,
/target/GSK3B,target,build/prerender.js + app.js,200,200,"index,follow,max-image-preview:large,max-snippet:-1,max-video-preview:-1","index,follow,max-image-preview:large,max-snippet:-1,max-video-preview:-1",,,https://rnawiki.com/target/GSK3B,true,true,BreadcrumbList|ListItem|WebPage,49,154,1,yes,no,br,9,294,
/target/HCRT,target,build/prerender.js + app.js,200,200,"index,follow,max-image-preview:large,max-snippet:-1,max-video-preview:-1","index,follow,max-image-preview:large,max-snippet:-1,max-video-preview:-1",,,https://rnawiki.com/target/HCRT,true,true,BreadcrumbList|ListItem|WebPage,46,114,1,yes,no,br,11,240,
/target/HCRTR2,target,build/prerender.js + app.js,200,200,"index,follow,max-image-preview:large,max-snippet:-1,max-video-preview:-1","index,follow,max-image-preview:large,max-snippet:-1,max-video-preview:-1",,,https://rnawiki.com/target/HCRTR2,true,true,BreadcrumbList|ListItem|WebPage,59,145,1,yes,no,br,11,240,
/target/HMGCR,target,build/prerender.js + app.js,200,200,"index,follow,max-image-preview:large,max-snippet:-1,max-video-preview:-1","index,follow,max-image-preview:large,max-snippet:-1,max-video-preview:-1",,,https://rnawiki.com/target/HMGCR,true,true,BreadcrumbList|ListItem|WebPage,58,138,1,yes,no,br,10,242,
/target/HTR2A,target,build/prerender.js + app.js,200,200,"index,follow,max-image-preview:large,max-snippet:-1,max-video-preview:-1","index,follow,max-image-preview:large,max-snippet:-1,max-video-preview:-1",,,https://rnawiki.com/target/HTR2A,true,true,BreadcrumbList|ListItem|WebPage,56,134,1,yes,no,br,11,258,
/target/IGF1,target,build/prerender.js + app.js,200,200,"index,follow,max-image-preview:large,max-snippet:-1,max-video-preview:-1","index,follow,max-image-preview:large,max-snippet:-1,max-video-preview:-1",,,https://rnawiki.com/target/IGF1,true,true,BreadcrumbList|ListItem|WebPage,45,152,1,yes,no,br,10,250,
/target/IGF1R,target,build/prerender.js + app.js,200,200,"index,follow,max-image-preview:large,max-snippet:-1,max-video-preview:-1","index,follow,max-image-preview:large,max-snippet:-1,max-video-preview:-1",,,https://rnawiki.com/target/IGF1R,true,true,BreadcrumbList|ListItem|WebPage,55,120,1,yes,no,br,11,249,
/target/INSR,target,build/prerender.js + app.js,200,200,"index,follow,max-image-preview:large,max-snippet:-1,max-video-preview:-1","index,follow,max-image-preview:large,max-snippet:-1,max-video-preview:-1",,,https://rnawiki.com/target/INSR,true,true,BreadcrumbList|ListItem|WebPage,56,123,1,yes,no,br,11,234,
/target/KCNJ11,target,build/prerender.js + app.js,200,200,"index,follow,max-image-preview:large,max-snippet:-1,max-video-preview:-1","index,follow,max-image-preview:large,max-snippet:-1,max-video-preview:-1",,,https://rnawiki.com/target/KCNJ11,true,true,BreadcrumbList|ListItem|WebPage,59,141,1,yes,no,br,11,222,
/target/KDR-VEGFR2,target,build/prerender.js + app.js,200,200,"index,follow,max-image-preview:large,max-snippet:-1,max-video-preview:-1","index,follow,max-image-preview:large,max-snippet:-1,max-video-preview:-1",,,https://rnawiki.com/target/KDR-VEGFR2,true,true,BreadcrumbList|ListItem|WebPage,52,138,1,yes,no,br,10,247,
/target/LHCGR,target,build/prerender.js + app.js,200,200,"index,follow,max-image-preview:large,max-snippet:-1,max-video-preview:-1","index,follow,max-image-preview:large,max-snippet:-1,max-video-preview:-1",,,https://rnawiki.com/target/LHCGR,true,true,BreadcrumbList|ListItem|WebPage,56,142,1,yes,no,br,13,245,
/target/LTF,target,build/prerender.js + app.js,200,200,"index,follow,max-image-preview:large,max-snippet:-1,max-video-preview:-1","index,follow,max-image-preview:large,max-snippet:-1,max-video-preview:-1",,,https://rnawiki.com/target/LTF,true,true,BreadcrumbList|ListItem|WebPage,36,118,1,yes,no,br,12,543,
/target/MAOA,target,build/prerender.js + app.js,200,200,"index,follow,max-image-preview:large,max-snippet:-1,max-video-preview:-1","index,follow,max-image-preview:large,max-snippet:-1,max-video-preview:-1",,,https://rnawiki.com/target/MAOA,true,true,BreadcrumbList|ListItem|WebPage,59,150,1,yes,no,br,10,243,
/target/MC1R,target,build/prerender.js + app.js,200,200,"index,follow,max-image-preview:large,max-snippet:-1,max-video-preview:-1","index,follow,max-image-preview:large,max-snippet:-1,max-video-preview:-1",,,https://rnawiki.com/target/MC1R,true,true,BreadcrumbList|ListItem|WebPage,40,127,1,yes,no,br,8,247,
/target/MC4R,target,build/prerender.js + app.js,200,200,"index,follow,max-image-preview:large,max-snippet:-1,max-video-preview:-1","index,follow,max-image-preview:large,max-snippet:-1,max-video-preview:-1",,,https://rnawiki.com/target/MC4R,true,true,BreadcrumbList|ListItem|WebPage,40,133,1,yes,no,br,10,257,
/target/MET,target,build/prerender.js + app.js,200,200,"index,follow,max-image-preview:large,max-snippet:-1,max-video-preview:-1","index,follow,max-image-preview:large,max-snippet:-1,max-video-preview:-1",,,https://rnawiki.com/target/MET,true,true,BreadcrumbList|ListItem|WebPage,55,150,1,yes,no,br,11,240,
/target/MGAM,target,build/prerender.js + app.js,200,200,"index,follow,max-image-preview:large,max-snippet:-1,max-video-preview:-1","index,follow,max-image-preview:large,max-snippet:-1,max-video-preview:-1",,,https://rnawiki.com/target/MGAM,true,true,BreadcrumbList|ListItem|WebPage,60,136,1,yes,no,br,9,252,
/target/MSTN,target,build/prerender.js + app.js,200,200,"index,follow,max-image-preview:large,max-snippet:-1,max-video-preview:-1","index,follow,max-image-preview:large,max-snippet:-1,max-video-preview:-1",,,https://rnawiki.com/target/MSTN,true,true,BreadcrumbList|ListItem|WebPage,54,148,1,yes,no,br,11,247,
/target/MTHFR,target,build/prerender.js + app.js,200,200,"index,follow,max-image-preview:large,max-snippet:-1,max-video-preview:-1","index,follow,max-image-preview:large,max-snippet:-1,max-video-preview:-1",,,https://rnawiki.com/target/MTHFR,true,true,BreadcrumbList|ListItem|WebPage,53,152,1,yes,no,br,10,241,
/target/MTNR1A,target,build/prerender.js + app.js,200,200,"index,follow,max-image-preview:large,max-snippet:-1,max-video-preview:-1","index,follow,max-image-preview:large,max-snippet:-1,max-video-preview:-1",,,https://rnawiki.com/target/MTNR1A,true,true,BreadcrumbList|ListItem|WebPage,40,144,1,yes,no,br,10,241,
/target/MTOR,target,build/prerender.js + app.js,200,200,"index,follow,max-image-preview:large,max-snippet:-1,max-video-preview:-1","index,follow,max-image-preview:large,max-snippet:-1,max-video-preview:-1",,,https://rnawiki.com/target/MTOR,true,true,BreadcrumbList|ListItem|WebPage,55,145,1,yes,no,br,11,256,
/target/NAMPT,target,build/prerender.js + app.js,200,200,"index,follow,max-image-preview:large,max-snippet:-1,max-video-preview:-1","index,follow,max-image-preview:large,max-snippet:-1,max-video-preview:-1",,,https://rnawiki.com/target/NAMPT,true,true,BreadcrumbList|ListItem|WebPage,57,136,1,yes,no,br,10,250,
/target/NFE2L2-NRF2,target,build/prerender.js + app.js,200,200,"index,follow,max-image-preview:large,max-snippet:-1,max-video-preview:-1","index,follow,max-image-preview:large,max-snippet:-1,max-video-preview:-1",,,https://rnawiki.com/target/NFE2L2-NRF2,true,true,BreadcrumbList|ListItem|WebPage,60,123,1,yes,no,br,12,657,
/target/NGF,target,build/prerender.js + app.js,200,200,"index,follow,max-image-preview:large,max-snippet:-1,max-video-preview:-1","index,follow,max-image-preview:large,max-snippet:-1,max-video-preview:-1",,,https://rnawiki.com/target/NGF,true,true,BreadcrumbList|ListItem|WebPage,58,142,1,yes,no,br,10,243,
/target/NOS3,target,build/prerender.js + app.js,200,200,"index,follow,max-image-preview:large,max-snippet:-1,max-video-preview:-1","index,follow,max-image-preview:large,max-snippet:-1,max-video-preview:-1",,,https://rnawiki.com/target/NOS3,true,true,BreadcrumbList|ListItem|WebPage,50,153,1,yes,no,br,8,245,
/target/NR1D1,target,build/prerender.js + app.js,200,200,"index,follow,max-image-preview:large,max-snippet:-1,max-video-preview:-1","index,follow,max-image-preview:large,max-snippet:-1,max-video-preview:-1",,,https://rnawiki.com/target/NR1D1,true,true,BreadcrumbList|ListItem|WebPage,54,141,1,yes,no,br,11,250,
/target/NR3C1,target,build/prerender.js + app.js,200,200,"index,follow,max-image-preview:large,max-snippet:-1,max-video-preview:-1","index,follow,max-image-preview:large,max-snippet:-1,max-video-preview:-1",,,https://rnawiki.com/target/NR3C1,true,true,BreadcrumbList|ListItem|WebPage,41,128,1,yes,no,br,11,235,
/target/OPRM1,target,build/prerender.js + app.js,200,200,"index,follow,max-image-preview:large,max-snippet:-1,max-video-preview:-1","index,follow,max-image-preview:large,max-snippet:-1,max-video-preview:-1",,,https://rnawiki.com/target/OPRM1,true,true,BreadcrumbList|ListItem|WebPage,59,136,1,yes,no,br,10,250,
/target/P4HA1,target,build/prerender.js + app.js,200,200,"index,follow,max-image-preview:large,max-snippet:-1,max-video-preview:-1","index,follow,max-image-preview:large,max-snippet:-1,max-video-preview:-1",,,https://rnawiki.com/target/P4HA1,true,true,BreadcrumbList|ListItem|WebPage,59,134,1,yes,no,br,11,240,
/target/PCSK9,target,build/prerender.js + app.js,200,200,"index,follow,max-image-preview:large,max-snippet:-1,max-video-preview:-1","index,follow,max-image-preview:large,max-snippet:-1,max-video-preview:-1",,,https://rnawiki.com/target/PCSK9,true,true,BreadcrumbList|ListItem|WebPage,38,155,1,yes,no,br,11,231,
/target/PDE5A,target,build/prerender.js + app.js,200,200,"index,follow,max-image-preview:large,max-snippet:-1,max-video-preview:-1","index,follow,max-image-preview:large,max-snippet:-1,max-video-preview:-1",,,https://rnawiki.com/target/PDE5A,true,true,BreadcrumbList|ListItem|WebPage,38,124,1,yes,no,br,12,236,
/target/PPARA,target,build/prerender.js + app.js,200,200,"index,follow,max-image-preview:large,max-snippet:-1,max-video-preview:-1","index,follow,max-image-preview:large,max-snippet:-1,max-video-preview:-1",,,https://rnawiki.com/target/PPARA,true,true,BreadcrumbList|ListItem|WebPage,38,151,1,yes,no,br,13,258,
/target/PPARD,target,build/prerender.js + app.js,200,200,"index,follow,max-image-preview:large,max-snippet:-1,max-video-preview:-1","index,follow,max-image-preview:large,max-snippet:-1,max-video-preview:-1",,,https://rnawiki.com/target/PPARD,true,true,BreadcrumbList|ListItem|WebPage,38,138,1,yes,no,br,9,252,
/target/PRKAA1,target,build/prerender.js + app.js,200,200,"index,follow,max-image-preview:large,max-snippet:-1,max-video-preview:-1","index,follow,max-image-preview:large,max-snippet:-1,max-video-preview:-1",,,https://rnawiki.com/target/PRKAA1,true,true,BreadcrumbList|ListItem|WebPage,41,155,1,yes,no,br,10,260,
/target/RARA,target,build/prerender.js + app.js,200,200,"index,follow,max-image-preview:large,max-snippet:-1,max-video-preview:-1","index,follow,max-image-preview:large,max-snippet:-1,max-video-preview:-1",,,https://rnawiki.com/target/RARA,true,true,BreadcrumbList|ListItem|WebPage,39,142,1,yes,no,br,10,465,
/target/SHBG,target,build/prerender.js + app.js,200,200,"index,follow,max-image-preview:large,max-snippet:-1,max-video-preview:-1","index,follow,max-image-preview:large,max-snippet:-1,max-video-preview:-1",,,https://rnawiki.com/target/SHBG,true,true,BreadcrumbList|ListItem|WebPage,45,124,1,yes,no,br,11,247,
/target/SIRT1,target,build/prerender.js + app.js,200,200,"index,follow,max-image-preview:large,max-snippet:-1,max-video-preview:-1","index,follow,max-image-preview:large,max-snippet:-1,max-video-preview:-1",,,https://rnawiki.com/target/SIRT1,true,true,BreadcrumbList|ListItem|WebPage,50,155,1,yes,no,br,11,403,
/target/SLC1A5,target,build/prerender.js + app.js,200,200,"index,follow,max-image-preview:large,max-snippet:-1,max-video-preview:-1","index,follow,max-image-preview:large,max-snippet:-1,max-video-preview:-1",,,https://rnawiki.com/target/SLC1A5,true,true,BreadcrumbList|ListItem|WebPage,40,137,1,yes,no,br,11,238,
/target/SLC23A1,target,build/prerender.js + app.js,200,200,"index,follow,max-image-preview:large,max-snippet:-1,max-video-preview:-1","index,follow,max-image-preview:large,max-snippet:-1,max-video-preview:-1",,,https://rnawiki.com/target/SLC23A1,true,true,BreadcrumbList|ListItem|WebPage,41,118,1,yes,no,br,11,227,
/target/SLC39A,target,build/prerender.js + app.js,200,200,"index,follow,max-image-preview:large,max-snippet:-1,max-video-preview:-1","index,follow,max-image-preview:large,max-snippet:-1,max-video-preview:-1",,,https://rnawiki.com/target/SLC39A,true,true,BreadcrumbList|ListItem|WebPage,42,115,1,yes,no,br,11,253,
/target/SLC5A2,target,build/prerender.js + app.js,200,200,"index,follow,max-image-preview:large,max-snippet:-1,max-video-preview:-1","index,follow,max-image-preview:large,max-snippet:-1,max-video-preview:-1",,,https://rnawiki.com/target/SLC5A2,true,true,BreadcrumbList|ListItem|WebPage,47,133,1,yes,no,br,11,237,
/target/SLC6A2,target,build/prerender.js + app.js,200,200,"index,follow,max-image-preview:large,max-snippet:-1,max-video-preview:-1","index,follow,max-image-preview:large,max-snippet:-1,max-video-preview:-1",,,https://rnawiki.com/target/SLC6A2,true,true,BreadcrumbList|ListItem|WebPage,45,122,1,yes,no,br,11,228,
/target/SLC6A3,target,build/prerender.js + app.js,200,200,"index,follow,max-image-preview:large,max-snippet:-1,max-video-preview:-1","index,follow,max-image-preview:large,max-snippet:-1,max-video-preview:-1",,,https://rnawiki.com/target/SLC6A3,true,true,BreadcrumbList|ListItem|WebPage,39,153,1,yes,no,br,12,257,
/target/SLC6A4,target,build/prerender.js + app.js,200,200,"index,follow,max-image-preview:large,max-snippet:-1,max-video-preview:-1","index,follow,max-image-preview:large,max-snippet:-1,max-video-preview:-1",,,https://rnawiki.com/target/SLC6A4,true,true,BreadcrumbList|ListItem|WebPage,40,143,1,yes,no,br,10,254,
/target/SLC6A6,target,build/prerender.js + app.js,200,200,"index,follow,max-image-preview:large,max-snippet:-1,max-video-preview:-1","index,follow,max-image-preview:large,max-snippet:-1,max-video-preview:-1",,,https://rnawiki.com/target/SLC6A6,true,true,BreadcrumbList|ListItem|WebPage,38,132,1,yes,no,br,11,253,
/target/SLC6A8,target,build/prerender.js + app.js,200,200,"index,follow,max-image-preview:large,max-snippet:-1,max-video-preview:-1","index,follow,max-image-preview:large,max-snippet:-1,max-video-preview:-1",,,https://rnawiki.com/target/SLC6A8,true,true,BreadcrumbList|ListItem|WebPage,39,117,1,yes,no,br,11,226,
/target/SRD5A2,target,build/prerender.js + app.js,200,200,"index,follow,max-image-preview:large,max-snippet:-1,max-video-preview:-1","index,follow,max-image-preview:large,max-snippet:-1,max-video-preview:-1",,,https://rnawiki.com/target/SRD5A2,true,true,BreadcrumbList|ListItem|WebPage,38,151,1,yes,no,br,12,225,
/target/TERT,target,build/prerender.js + app.js,200,200,"index,follow,max-image-preview:large,max-snippet:-1,max-video-preview:-1","index,follow,max-image-preview:large,max-snippet:-1,max-video-preview:-1",,,https://rnawiki.com/target/TERT,true,true,BreadcrumbList|ListItem|WebPage,50,124,1,yes,no,br,10,230,
/target/TET2,target,build/prerender.js + app.js,200,200,"index,follow,max-image-preview:large,max-snippet:-1,max-video-preview:-1","index,follow,max-image-preview:large,max-snippet:-1,max-video-preview:-1",,,https://rnawiki.com/target/TET2,true,true,BreadcrumbList|ListItem|WebPage,49,131,1,yes,no,br,11,234,
/target/TF,target,build/prerender.js + app.js,200,200,"index,follow,max-image-preview:large,max-snippet:-1,max-video-preview:-1","index,follow,max-image-preview:large,max-snippet:-1,max-video-preview:-1",,,https://rnawiki.com/target/TF,true,true,BreadcrumbList|ListItem|WebPage,43,140,1,yes,no,br,11,238,
/target/TH,target,build/prerender.js + app.js,200,200,"index,follow,max-image-preview:large,max-snippet:-1,max-video-preview:-1","index,follow,max-image-preview:large,max-snippet:-1,max-video-preview:-1",,,https://rnawiki.com/target/TH,true,true,BreadcrumbList|ListItem|WebPage,58,139,1,yes,no,br,11,241,
/target/THRB,target,build/prerender.js + app.js,200,200,"index,follow,max-image-preview:large,max-snippet:-1,max-video-preview:-1","index,follow,max-image-preview:large,max-snippet:-1,max-video-preview:-1",,,https://rnawiki.com/target/THRB,true,true,BreadcrumbList|ListItem|WebPage,46,138,1,yes,no,br,11,708,
/target/TLR9,target,build/prerender.js + app.js,200,200,"index,follow,max-image-preview:large,max-snippet:-1,max-video-preview:-1","index,follow,max-image-preview:large,max-snippet:-1,max-video-preview:-1",,,https://rnawiki.com/target/TLR9,true,true,BreadcrumbList|ListItem|WebPage,60,152,1,yes,no,br,11,260,
/target/TMSB4X,target,build/prerender.js + app.js,200,200,"index,follow,max-image-preview:large,max-snippet:-1,max-video-preview:-1","index,follow,max-image-preview:large,max-snippet:-1,max-video-preview:-1",,,https://rnawiki.com/target/TMSB4X,true,true,BreadcrumbList|ListItem|WebPage,57,134,1,yes,no,br,11,240,
/target/TPH2,target,build/prerender.js + app.js,200,200,"index,follow,max-image-preview:large,max-snippet:-1,max-video-preview:-1","index,follow,max-image-preview:large,max-snippet:-1,max-video-preview:-1",,,https://rnawiki.com/target/TPH2,true,true,BreadcrumbList|ListItem|WebPage,39,144,1,yes,no,br,11,236,
/target/TRPM6,target,build/prerender.js + app.js,200,200,"index,follow,max-image-preview:large,max-snippet:-1,max-video-preview:-1","index,follow,max-image-preview:large,max-snippet:-1,max-video-preview:-1",,,https://rnawiki.com/target/TRPM6,true,true,BreadcrumbList|ListItem|WebPage,39,117,1,yes,no,br,11,446,
/target/UCP1,target,build/prerender.js + app.js,200,200,"index,follow,max-image-preview:large,max-snippet:-1,max-video-preview:-1","index,follow,max-image-preview:large,max-snippet:-1,max-video-preview:-1",,,https://rnawiki.com/target/UCP1,true,true,BreadcrumbList|ListItem|WebPage,60,132,1,yes,no,br,11,244,
/target/VDR,target,build/prerender.js + app.js,200,200,"index,follow,max-image-preview:large,max-snippet:-1,max-video-preview:-1","index,follow,max-image-preview:large,max-snippet:-1,max-video-preview:-1",,,https://rnawiki.com/target/VDR,true,true,BreadcrumbList|ListItem|WebPage,57,126,1,yes,no,br,12,227,
/this-does-not-exist,this-does-not-exist,build/prerender.js singleton + app.js,404,404,noindex,noindex,noindex,noindex,,false,false,,24,0,1,no,no,br,4,241,
/u/,u,"site/app.js route() only (SPA_ONLY_ROUTES, server.js:2900)",404,200,noindex,"index,follow,max-image-preview:large",noindex,,,false,false,,24,0,1,no,no,br,6,231,"STATUS DIVERGES local=404 prod=200 (branch unpublished); PROD INDEXABLE, branch noindexes it"
/u/felix,u,"site/app.js route() only (SPA_ONLY_ROUTES, server.js:2900)",200,200,"noindex,nofollow","index,follow,max-image-preview:large","noindex, nofollow",,https://rnawiki.com/,false,false,WebSite|SearchAction,67,251,0,yes,no,br,9,238,"canonical points elsewhere: https://rnawiki.com/; PROD INDEXABLE, branch noindexes it"
/where,where,build/prerender.js singleton + app.js,200,200,"index,follow,max-image-preview:large,max-snippet:-1,max-video-preview:-1","index,follow,max-image-preview:large,max-snippet:-1,max-video-preview:-1",,,https://rnawiki.com/where,true,true,BreadcrumbList|ListItem|WebPage,56,151,1,yes,no,br,9,253,
