page_a,page_b,width,jaccard,indexable_a,indexable_b,set_a,set_b
target/i23o1,target/indoleamine-2-3-dioxygenase,390,0.7524,false,false,hub,hub
target/bacterial-dna-gyrase,target/topoisomerase-iv,390,0.717,false,false,hub,hub
target/mycobacterium-tuberculosis,target/type-1-angiotensin-ii-receptor-type-1-angiotensin-ii-receptor,390,0.7118,false,false,hub,hub
target/adrenergic-receptor-alpha-2,target/smooth-muscle-contraction,390,0.7107,false,false,hub,hub
target/at1a1,target/at1a2,390,0.7073,false,false,hub,hub
target/aryl-hydrocarbon-receptor,target/aryl-hydrocarbon-receptor-aryl-hydrocarbon-receptor,390,0.7034,false,false,hub,hub
target/serotonin-2a-receptor-chembl322,target/type-1-angiotensin-ii-receptor-type-1-angiotensin-ii-receptor,390,0.701,false,false,hub,hub
target/adrenergic-receptor-alpha-2,target/mycobacterium-tuberculosis,390,0.6998,false,false,hub,hub
target/mycobacterium-tuberculosis,target/serotonin-2-receptor,390,0.699,false,false,hub,hub
target/alpha-2a-adrenergic-receptor,target/alpha-2b-adrenergic-receptor,390,0.6983,false,false,hub,hub
target/hmg-coa-reductase,target/mycobacterium-tuberculosis,390,0.6934,false,false,hub,hub
target/smooth-muscle-contraction,target/type-1-angiotensin-ii-receptor-type-1-angiotensin-ii-receptor,390,0.6931,false,false,hub,hub
target/adrenergic-receptor-alpha-2,target/alpha-1a-adrenergic-receptor,390,0.693,false,false,hub,hub
target/estrogen-receptor-2,target/estrogen-receptor-estrogen-receptor,390,0.6911,false,false,hub,hub
target/mycobacterium-tuberculosis,target/serotonin-2a-receptor-chembl322,390,0.691,false,false,hub,hub
target/peptidoglycan-biosynthesis,target/type-1-angiotensin-ii-receptor-type-1-angiotensin-ii-receptor,390,0.6897,false,false,hub,hub
target/adrenergic-receptor-alpha-2,target/type-1-angiotensin-ii-receptor-type-1-angiotensin-ii-receptor,390,0.6889,false,false,hub,hub
target/serotonin-2-receptor,target/type-1-angiotensin-ii-receptor-type-1-angiotensin-ii-receptor,390,0.6884,false,false,hub,hub
target/hepg2,target/serum-albumin,390,0.6878,false,false,hub,hub
target/mycobacterium-tuberculosis,target/smooth-muscle-contraction,390,0.6872,false,false,hub,hub
target/hmg-coa-reductase,target/type-1-angiotensin-ii-receptor-type-1-angiotensin-ii-receptor,390,0.6869,false,false,hub,hub
target/peptidoglycan-biosynthesis,target/smooth-muscle-contraction,390,0.6863,false,false,hub,hub
target/mycobacterium-tuberculosis,target/peptidoglycan-biosynthesis,390,0.6838,false,false,hub,hub
target/adrenergic-receptor-alpha-2,target/peptidoglycan-biosynthesis,390,0.6822,false,false,hub,hub
target/aoc3,target/mycobacterium-tuberculosis,390,0.6813,false,false,hub,hub
target/alpha-1a-adrenergic-receptor,target/mycobacterium-tuberculosis,390,0.6786,false,false,hub,hub
target/beta-1-adrenergic-receptor-beta-1-adrenergic-receptor,target/smooth-muscle-contraction,390,0.6786,false,false,hub,hub
target/alpha-2a-adrenergic-receptor-alpha-2a-adrenergic-receptor,target/angiogenesis,390,0.6755,false,false,hub,hub
target/adrenergic-receptor-alpha-2,target/beta-1-adrenergic-receptor-beta-1-adrenergic-receptor,390,0.6746,false,false,hub,hub
target/beta-1-adrenergic-receptor-beta-1-adrenergic-receptor,target/type-1-angiotensin-ii-receptor-type-1-angiotensin-ii-receptor,390,0.6738,false,false,hub,hub
target/at1-receptor,target/type-1-angiotensin-ii-receptor-type-1-angiotensin-ii-receptor,390,0.6731,false,false,hub,hub
target/kif11,target/kinesin-like-protein-kif11,390,0.6731,false,false,hub,hub
target/alpha-1a-adrenergic-receptor,target/smooth-muscle-contraction,390,0.673,false,false,hub,hub
target/serotonin-2-receptor,target/serotonin-2a-receptor-chembl322,390,0.6729,false,false,hub,hub
target/at1-receptor,target/mycobacterium-tuberculosis,390,0.6715,false,false,hub,hub
target/kca2-2,target/kna1-2,390,0.6706,false,false,hub,hub
target/adrenergic-receptor-alpha-2,target/serotonin-2a-receptor-chembl322,390,0.6691,false,false,hub,hub
target/serotonin-2a-receptor-chembl322,target/smooth-muscle-contraction,390,0.6691,false,false,hub,hub
target/beta-1-adrenergic-receptor-beta-1-adrenergic-receptor,target/mycobacterium-tuberculosis,390,0.6682,false,false,hub,hub
target/hmg-coa-reductase,target/serotonin-2a-receptor-chembl322,390,0.6675,false,false,hub,hub
target/arachidonate-5-lipoxygenase-arachidonate-5-lipoxygenase,target/cysteinyl-leukotriene-receptor-1,390,0.6674,false,false,hub,hub
target/hmg-coa-reductase,target/serotonin-2-receptor,390,0.6674,false,false,hub,hub
target/alpha-1a-adrenergic-receptor,target/beta-1-adrenergic-receptor-beta-1-adrenergic-receptor,390,0.6667,false,false,hub,hub
target/aoc3,target/type-1-angiotensin-ii-receptor-type-1-angiotensin-ii-receptor,390,0.6667,false,false,hub,hub
target/m2-receptor,target/m5-receptor,390,0.6659,false,false,hub,hub
target/peptidoglycan-biosynthesis,target/serotonin-2a-receptor-chembl322,390,0.6659,false,false,hub,hub
target/ikkb,target/inhibitor-of-nuclear-factor-kappa-b-kinase-beta-subunit,390,0.6655,false,false,hub,hub
target/alpha-1a-adrenergic-receptor,target/type-1-angiotensin-ii-receptor-type-1-angiotensin-ii-receptor,390,0.6643,false,false,hub,hub
target/adrenergic-receptor-alpha-2,target/hmg-coa-reductase,390,0.6635,false,false,hub,hub
target/hmg-coa-reductase,target/smooth-muscle-contraction,390,0.6635,false,false,hub,hub
target/at1-receptor,target/kna1-2,390,0.6613,false,false,hub,hub
target/adrenergic-receptor-alpha-2,target/serotonin-2-receptor,390,0.6611,false,false,hub,hub
target/serotonin-2-receptor,target/smooth-muscle-contraction,390,0.6611,false,false,hub,hub
target/aoc3,target/at1-receptor,390,0.6604,false,false,hub,hub
target/at1-receptor,target/kca2-2,390,0.6604,false,false,hub,hub
target/hmg-coa-reductase,target/peptidoglycan-biosynthesis,390,0.6603,false,false,hub,hub
target/angiogenesis,target/hmdh,390,0.6601,false,false,hub,hub
target/glrb,target/trpm3,390,0.6586,false,false,hub,hub
target/kna1-2,target/mycobacterium-tuberculosis,390,0.658,false,false,hub,hub
target/peptidoglycan-biosynthesis,target/serotonin-2-receptor,390,0.658,false,false,hub,hub
target/g6pd,target/glrb,390,0.6579,false,false,hub,hub
target/kca2-2,target/mycobacterium-tuberculosis,390,0.6571,false,false,hub,hub
target/kca2-2,target/peptidoglycan-biosynthesis,390,0.6564,false,false,hub,hub
target/aoc3,target/serotonin-2-receptor,390,0.6557,false,false,hub,hub
target/beta-1-adrenergic-receptor-beta-1-adrenergic-receptor,target/peptidoglycan-biosynthesis,390,0.6557,false,false,hub,hub
target/kna1-2,target/type-1-angiotensin-ii-receptor-type-1-angiotensin-ii-receptor,390,0.6557,false,false,hub,hub
target/alpha-2a-adrenergic-receptor-alpha-2a-adrenergic-receptor,target/hmdh,390,0.6554,false,false,hub,hub
target/adrenergic-receptor-alpha-2,target/kca2-2,390,0.6517,false,false,hub,hub
target/at1-receptor,target/serotonin-2-receptor,390,0.6505,false,false,hub,hub
target/alpha-1a-adrenergic-receptor,target/peptidoglycan-biosynthesis,390,0.6503,false,false,hub,hub
target/aoc3,target/hmg-coa-reductase,390,0.6502,false,false,hub,hub
target/alpha-1a-adrenergic-receptor,target/serotonin-2a-receptor-chembl322,390,0.6498,false,false,hub,hub
target/adrenergic-receptor-alpha-2,target/kna1-2,390,0.6487,false,false,hub,hub
target/aoc3,target/serotonin-2a-receptor-chembl322,390,0.6479,false,false,hub,hub
target/beta-1-adrenergic-receptor-beta-1-adrenergic-receptor,target/serotonin-2-receptor,390,0.6476,false,false,hub,hub
target/comt,target/hmdh,390,0.6476,false,false,hub,hub
target/beta-1-adrenergic-receptor-beta-1-adrenergic-receptor,target/serotonin-2a-receptor-chembl322,390,0.6475,false,false,hub,hub
target/at1-receptor,target/serotonin-2a-receptor-chembl322,390,0.6465,false,false,hub,hub
target/alpha-1a-adrenergic-receptor,target/serotonin-2-receptor,390,0.6461,false,false,hub,hub
target/hmdh,target/pgrc1,390,0.6448,false,false,hub,hub
target/adrenergic-receptor-alpha-2,target/aoc3,390,0.6437,false,false,hub,hub
target/aoc3,target/smooth-muscle-contraction,390,0.6437,false,false,hub,hub
target/kca2-2,target/type-1-angiotensin-ii-receptor-type-1-angiotensin-ii-receptor,390,0.643,false,false,hub,hub
target/beta-1-adrenergic-receptor-beta-1-adrenergic-receptor,target/hmg-coa-reductase,390,0.6422,false,false,hub,hub
target/kpcd1,target/kpce,390,0.6417,false,false,hub,hub
target/at1-receptor,target/hmg-coa-reductase,390,0.6412,false,false,hub,hub
target/alpha-1a-adrenergic-receptor,target/hmg-coa-reductase,390,0.6407,false,false,hub,hub
target/aoc3,target/peptidoglycan-biosynthesis,390,0.6407,false,false,hub,hub
target/kca2-2,target/smooth-muscle-contraction,390,0.64,false,false,hub,hub
target/tlr7,target/toll-like-receptor-7,390,0.6399,false,false,hub,hub
target/aryl-hydrocarbon-receptor,target/nitric-oxide-synthase-inducible,390,0.6397,false,false,hub,hub
target/kir2-3,target/vrac,390,0.6387,false,false,hub,hub
target/angiogenesis,target/thiazide-sensitive-sodium-chloride-cotransporter,390,0.6385,false,false,hub,hub
target/at1-receptor,target/smooth-muscle-contraction,390,0.6385,false,false,hub,hub
target/adrenergic-receptor-alpha-2,target/serine-threonine-protein-kinase-aurora-c,390,0.6382,false,false,hub,hub
target/serine-threonine-protein-kinase-aurora-c,target/smooth-muscle-contraction,390,0.6382,false,false,hub,hub
target/aoc3,target/kna1-2,390,0.6359,false,false,hub,hub
target/at1-receptor,target/peptidoglycan-biosynthesis,390,0.6355,false,false,hub,hub
target/kpym,target/mmp12,390,0.6354,false,false,hub,hub
target/aoc3,target/kca2-2,390,0.6349,false,false,hub,hub
target/adrenergic-receptor-alpha-2,target/at1-receptor,390,0.6347,false,false,hub,hub
target/aoxa,target/progesterone-receptor-progesterone-receptor-prgr-human,390,0.6339,false,false,hub,hub
target/kna1-2,target/serotonin-2a-receptor-chembl322,390,0.6339,false,false,hub,hub
target/carbonic-anhydrase-vii,target/carbonic-anhydrase-xii,390,0.6315,false,false,hub,hub
target/kna1-2,target/smooth-muscle-contraction,390,0.6296,false,false,hub,hub
target/mycobacterium-tuberculosis,target/serine-threonine-protein-kinase-aurora-c,390,0.6286,false,false,hub,hub
target/acvr1,target/bmr1b,390,0.6277,false,false,hub,hub
target/hmg-coa-reductase,target/kca2-2,390,0.6276,false,false,hub,hub
target/aoc3,target/beta-1-adrenergic-receptor-beta-1-adrenergic-receptor,390,0.627,false,false,hub,hub
target/trpc4,target/vrac,390,0.627,false,false,hub,hub
target/alpha-2a-adrenergic-receptor-alpha-2a-adrenergic-receptor,target/thiazide-sensitive-sodium-chloride-cotransporter,390,0.6267,false,false,hub,hub
target/kna1-2,target/peptidoglycan-biosynthesis,390,0.6267,false,false,hub,hub
target/alpha-1a-adrenergic-receptor,target/kca2-2,390,0.6259,false,false,hub,hub
target/at1-receptor,target/beta-1-adrenergic-receptor-beta-1-adrenergic-receptor,390,0.6259,false,false,hub,hub
target/alpha-1a-adrenergic-receptor,target/aoc3,390,0.6256,false,false,hub,hub
target/arachidonate-5-lipoxygenase-arachidonate-5-lipoxygenase,target/nitric-oxide-synthase-inducible,390,0.625,false,false,hub,hub
target/hmg-coa-reductase,target/kna1-2,390,0.625,false,false,hub,hub
target/alpha-1a-adrenergic-receptor,target/at1-receptor,390,0.6244,false,false,hub,hub
target/hmdh,target/pncb,390,0.6241,false,false,hub,hub
target/xanthine-dehydrogenase,target/xdh,390,0.624,false,false,hub,hub
target/kna1-2,target/serotonin-2-receptor,390,0.623,false,false,hub,hub
target/serine-threonine-protein-kinase-aurora-c,target/type-1-angiotensin-ii-receptor-type-1-angiotensin-ii-receptor,390,0.6228,false,false,hub,hub
target/angiogenesis,target/streptococcus-pneumoniae,390,0.6224,false,false,hub,hub
target/kca2-2,target/serotonin-2-receptor,390,0.6219,false,false,hub,hub
target/kca2-2,target/serotonin-2a-receptor-chembl322,390,0.6216,false,false,hub,hub
target/comt,target/pgrc1,390,0.6215,false,false,hub,hub
target/alpha-1a-adrenergic-receptor,target/serine-threonine-protein-kinase-aurora-c,390,0.6212,false,false,hub,hub
target/kpym,target/mdr1a,390,0.6206,false,false,hub,hub
target/mapk-signaling-pathway,target/pi3k-akt-signaling-pathway,390,0.6206,false,false,hub,hub
target/glun1,target/q9z1j7,390,0.6202,false,false,hub,hub
target/beta-1-adrenergic-receptor-beta-1-adrenergic-receptor,target/kca2-2,390,0.6199,false,false,hub,hub
target/alpha-1a-adrenergic-receptor,target/kna1-2,390,0.6197,false,false,hub,hub
target/beta-1-adrenergic-receptor-beta-1-adrenergic-receptor,target/serine-threonine-protein-kinase-aurora-c,390,0.619,false,false,hub,hub
target/peptidoglycan-biosynthesis,target/serine-threonine-protein-kinase-aurora-c,390,0.6173,false,false,hub,hub
target/kcna5,target/scn1b,390,0.616,false,false,hub,hub
target/hmdh,target/thiazide-sensitive-sodium-chloride-cotransporter,390,0.6154,false,false,hub,hub
target/mycobacterium-tuberculosis-h37rv,target/nitric-oxide-synthase-inducible,390,0.6147,false,false,hub,hub
target/nitric-oxide-synthase-inducible,target/vrac,390,0.6143,false,false,hub,hub
target/kir2-3,target/m5-receptor,390,0.6135,false,false,hub,hub
target/bmx,target/clk1,390,0.6128,false,false,hub,hub
target/hmg-coa-reductase,target/serine-threonine-protein-kinase-aurora-c,390,0.6122,false,false,hub,hub
target/aoc3,target/gsk3a,390,0.6117,false,false,hub,hub
target/kpcd1,target/kpct,390,0.6117,false,false,hub,hub
target/mdr1a,target/mmp12,390,0.6117,false,false,hub,hub
target/alpha-2a-adrenergic-receptor-alpha-2a-adrenergic-receptor,target/streptococcus-pneumoniae,390,0.6112,false,false,hub,hub
target/kcnk2,target/scn1b,390,0.6112,false,false,hub,hub
target/hmdh,target/q9z1j7,390,0.611,false,false,hub,hub
target/sstr3,target/sstr5,390,0.6102,false,false,hub,hub
target/serine-threonine-protein-kinase-aurora-c,target/serotonin-2a-receptor-chembl322,390,0.61,false,false,hub,hub
target/angiogenesis,target/comt,390,0.6097,false,false,hub,hub
target/arachidonate-5-lipoxygenase-arachidonate-5-lipoxygenase,target/hepatitis-b-virus,390,0.6094,false,false,hub,hub
target/bmx,target/hmdh,390,0.6093,false,false,hub,hub
target/clk1,target/hmdh,390,0.6089,false,false,hub,hub
target/mmp13-mmp13,target/trpc4,390,0.6089,false,false,hub,hub
target/mmp13-mmp13,target/vrac,390,0.6086,false,false,hub,hub
target/m2-receptor,target/m4-receptor,390,0.6079,false,false,hub,hub
target/hmdh,target/scn1b,390,0.6077,false,false,hub,hub
target/serine-threonine-protein-kinase-aurora-c,target/serotonin-2-receptor,390,0.6069,false,false,hub,hub
target/beta-1-adrenergic-receptor-beta-1-adrenergic-receptor,target/kna1-2,390,0.6067,false,false,hub,hub
target/kcna5,target/kcnk2,390,0.6067,false,false,hub,hub
target/streptococcus-pneumoniae,target/thiazide-sensitive-sodium-chloride-cotransporter,390,0.6067,false,false,hub,hub
target/pgrc1,target/pncb,390,0.6064,false,false,hub,hub
target/angiogenesis,target/pgrc1,390,0.6061,false,false,hub,hub
target/alpha-2a-adrenergic-receptor-alpha-2a-adrenergic-receptor,target/vitamin-d-receptor,390,0.6049,false,false,hub,hub
target/angiogenesis,target/vitamin-d-receptor,390,0.6049,false,false,hub,hub
target/comt,target/q9z1j7,390,0.6044,false,false,hub,hub
target/comt,target/streptococcus-pneumoniae,390,0.6044,false,false,hub,hub
target/arachidonate-5-lipoxygenase-arachidonate-5-lipoxygenase,target/aryl-hydrocarbon-receptor,390,0.6036,false,false,hub,hub
target/kir2-3,target/nitric-oxide-synthase-inducible,390,0.6036,false,false,hub,hub
target/alpha-2b-adrenergic-receptor,target/nitric-oxide-synthase-inducible,390,0.6027,false,false,hub,hub
target/angiogenesis,target/beta-amyloid-a4-protein,390,0.6026,false,false,hub,hub
target/clk1,target/comt,390,0.6026,false,false,hub,hub
target/m5-receptor,target/vrac,390,0.6022,false,false,hub,hub
target/cysteinyl-leukotriene-receptor-1,target/integrin-alpha-iib-beta-3,390,0.6018,false,false,hub,hub
target/kir2-3,target/trpc4,390,0.6018,false,false,hub,hub
target/hepatitis-b-virus,target/nitric-oxide-synthase-inducible,390,0.6013,false,false,hub,hub
target/pgrc1,target/q9z1j7,390,0.6009,false,false,hub,hub
target/pncb,target/q9z1j7,390,0.6009,false,false,hub,hub
target/arachidonate-5-lipoxygenase-arachidonate-5-lipoxygenase,target/vrac,390,0.6005,false,false,hub,hub
target/dna-topoisomerase-ii-alpha,target/serum-albumin,390,0.6004,false,false,hub,hub
target/alpha-2b-adrenergic-receptor,target/arachidonate-5-lipoxygenase-arachidonate-5-lipoxygenase,390,0.6,false,false,hub,hub
target/hmdh,target/streptococcus-pneumoniae,390,0.6,false,false,hub,hub
target/err3,target/gper1,390,0.5992,false,false,hub,hub
target/serotonin-3-receptor-chembl2111332,target/serotonin-7-receptor,390,0.5991,false,false,hub,hub
target/adrenergic-receptor-alpha-2,target/gsk3a,390,0.5987,false,false,hub,hub
target/gsk3a,target/smooth-muscle-contraction,390,0.5987,false,false,hub,hub
target/nitric-oxide-synthase-inducible,target/serotonin-3-receptor-chembl2111332,390,0.5987,false,false,hub,hub
target/alpha-2a-adrenergic-receptor-alpha-2a-adrenergic-receptor,target/comt,390,0.5986,false,false,hub,hub
target/kir2-3,target/mmp13-mmp13,390,0.5982,false,false,hub,hub
target/p2y2-receptor,target/vrac,390,0.5982,false,false,hub,hub
target/5-ht5a-receptor,target/5ht5a,390,0.5975,false,false,hub,hub
target/estrogen-receptor-estrogen-receptor-esr1-human,target/progesterone-receptor-progesterone-receptor-prgr-human,390,0.5975,false,false,hub,hub
target/kir2-3,target/m2-receptor,390,0.5974,false,false,hub,hub
target/monoamine-oxidase-a,target/monoamine-oxidase-b,390,0.5971,false,false,hub,hub
target/dipeptidyl-peptidase-4,target/dpp4,390,0.597,false,false,hub,hub
target/matrix-metalloproteinase-13,target/mmp13-mmp13,390,0.597,false,false,hub,hub
target/amine-oxidase-flavin-containing-a,target/monoamine-oxidase-a,390,0.5966,false,false,hub,hub
target/comt,target/tpa,390,0.5966,false,false,hub,hub
target/cyp11b1,target/vrac,390,0.5965,false,false,hub,hub
target/bmx,target/comt,390,0.5962,false,false,hub,hub
target/aryl-hydrocarbon-receptor-aryl-hydrocarbon-receptor,target/nitric-oxide-synthase-inducible,390,0.5961,false,false,hub,hub
target/cysteinyl-leukotriene-receptor-1,target/serotonin-3-receptor-chembl2111332,390,0.596,false,false,hub,hub
target/phosphodiesterase-4a,target/phosphodiesterase-4d,390,0.5958,false,false,hub,hub
target/angiogenesis,target/arachidonate-5-lipoxygenase-arachidonate-5-lipoxygenase,390,0.5954,false,false,hub,hub
target/grm5,target/metabotropic-glutamate-receptor-5,390,0.5952,false,false,hub,hub
target/alpha-2a-adrenergic-receptor-alpha-2a-adrenergic-receptor,target/pgrc1,390,0.5949,false,false,hub,hub
target/arachidonate-5-lipoxygenase-arachidonate-5-lipoxygenase,target/integrin-alpha-iib-beta-3,390,0.5946,false,false,hub,hub
target/angiogenesis,target/nitric-oxide-synthase-inducible,390,0.5945,false,false,hub,hub
target/aryl-hydrocarbon-receptor,target/mycobacterium-tuberculosis-h37rv,390,0.5944,false,false,hub,hub
target/comt,target/thiazide-sensitive-sodium-chloride-cotransporter,390,0.5942,false,false,hub,hub
target/pgrc1,target/scn1b,390,0.5942,false,false,hub,hub
target/aryl-hydrocarbon-receptor,target/kir2-3,390,0.5938,false,false,hub,hub
target/tspo,target/vrac,390,0.5938,false,false,hub,hub
target/at1-receptor,target/gsk3a,390,0.5936,false,false,hub,hub
target/serotonin-1b-receptor,target/serotonin-1d-receptor,390,0.5936,false,false,hub,hub
target/aryl-hydrocarbon-receptor,target/vrac,390,0.5933,false,false,hub,hub
target/gsk3a,target/mycobacterium-tuberculosis,390,0.5931,false,false,hub,hub
target/nitric-oxide-synthase-inducible,target/pregnane-x-receptor,390,0.593,false,false,hub,hub
target/mmp13-mmp13,target/nitric-oxide-synthase-inducible,390,0.5928,false,false,hub,hub
target/aryl-hydrocarbon-receptor,target/serotonin-3-receptor-chembl2111332,390,0.5925,false,false,hub,hub
target/nitric-oxide-synthase-inducible,target/tspo,390,0.5924,false,false,hub,hub
target/alpha-2b-adrenergic-receptor,target/hepatitis-b-virus,390,0.5918,false,false,hub,hub
target/glr,target/glucagon-receptor,390,0.5917,false,false,hub,hub
target/arachidonate-5-lipoxygenase-arachidonate-5-lipoxygenase,target/human-immunodeficiency-virus-type-1-protease,390,0.5916,false,false,hub,hub
target/nitric-oxide-synthase-inducible,target/sstr3,390,0.5912,false,false,hub,hub
target/aoc3,target/serine-threonine-protein-kinase-aurora-c,390,0.5909,false,false,hub,hub
target/arachidonate-5-lipoxygenase-arachidonate-5-lipoxygenase,target/mycobacterium-tuberculosis-h37rv,390,0.5908,false,false,hub,hub
target/integrin-alpha-iib-beta-3,target/serotonin-7-receptor,390,0.5908,false,false,hub,hub
target/adrenergic-receptor-alpha-2,target/folh1,390,0.5906,false,false,hub,hub
target/folh1,target/smooth-muscle-contraction,390,0.5906,false,false,hub,hub
target/angiogenesis,target/sulfonylurea-receptors-k-atp-channels,390,0.5905,false,false,hub,hub
target/hmdh,target/vitamin-d-receptor,390,0.5902,false,false,hub,hub
target/arachidonate-5-lipoxygenase-arachidonate-5-lipoxygenase,target/kir2-3,390,0.5901,false,false,hub,hub
target/serotonin-3-receptor,target/serotonin-3-receptor-chembl2111332,390,0.59,false,false,hub,hub
target/aoc3,target/folh1,390,0.5899,false,false,hub,hub
target/sulfonylurea-receptors-k-atp-channels,target/thiazide-sensitive-sodium-chloride-cotransporter,390,0.5899,false,false,hub,hub
target/sstr3,target/tspo,390,0.5892,false,false,hub,hub
target/hmdh,target/tpa,390,0.5886,false,false,hub,hub
target/m5-receptor,target/mmp13-mmp13,390,0.5886,false,false,hub,hub
target/m5-receptor,target/trpc4,390,0.5886,false,false,hub,hub
target/cysteinyl-leukotriene-receptor-1,target/nitric-oxide-synthase-inducible,390,0.5884,false,false,hub,hub
target/arachidonate-5-lipoxygenase-arachidonate-5-lipoxygenase,target/vitamin-d-receptor,390,0.5882,false,false,hub,hub
target/kir2-3,target/p2y2-receptor,390,0.5882,false,false,hub,hub
target/human-immunodeficiency-virus-type-1-protease,target/serotonin-7-receptor,390,0.588,false,false,hub,hub
target/kca2-2,target/serine-threonine-protein-kinase-aurora-c,390,0.588,false,false,hub,hub
target/human-immunodeficiency-virus-type-1-protease,target/serotonin-3-receptor-chembl2111332,390,0.5879,false,false,hub,hub
target/catechol-o-methyltransferase,target/cysteinyl-leukotriene-receptor-1,390,0.5877,false,false,hub,hub
target/alpha-2a-adrenergic-receptor-alpha-2a-adrenergic-receptor,target/sulfonylurea-receptors-k-atp-channels,390,0.5872,false,false,hub,hub
target/integrin-alpha-iib-beta-3,target/serotonin-3-receptor-chembl2111332,390,0.5872,false,false,hub,hub
target/monoamine-oxidase-a,target/serotonin-3-receptor,390,0.5869,false,false,hub,hub
target/pgrc1,target/thiazide-sensitive-sodium-chloride-cotransporter,390,0.5868,false,false,hub,hub
target/at1-receptor,target/serine-threonine-protein-kinase-aurora-c,390,0.5867,false,false,hub,hub
target/catechol-o-methyltransferase,target/nitric-oxide-synthase-inducible,390,0.5867,false,false,hub,hub
target/chle,target/q9z1j7,390,0.5867,false,false,hub,hub
target/arachidonate-5-lipoxygenase-arachidonate-5-lipoxygenase,target/aryl-hydrocarbon-receptor-aryl-hydrocarbon-receptor,390,0.5866,false,false,hub,hub
target/integrin-alpha-iib-beta-3,target/nitric-oxide-synthase-inducible,390,0.5865,false,false,hub,hub
target/cyp11b1,target/kir2-3,390,0.5864,false,false,hub,hub
target/alpha-2b-adrenergic-receptor,target/vrac,390,0.5863,false,false,hub,hub
target/arachidonate-5-lipoxygenase-arachidonate-5-lipoxygenase,target/tspo,390,0.5863,false,false,hub,hub
target/alpha-2b-adrenergic-receptor,target/aryl-hydrocarbon-receptor,390,0.5861,false,false,hub,hub
target/angiogenesis,target/asic3,390,0.5861,false,false,hub,hub
target/catechol-o-methyltransferase,target/integrin-alpha-iib-beta-3,390,0.5859,false,false,hub,hub
target/aoxa,target/estrogen-receptor-estrogen-receptor-esr1-human,390,0.5858,false,false,hub,hub
target/monoamine-oxidase-a,target/neprilysin,390,0.5857,false,false,hub,hub
target/dopamine-beta-hydroxylase,target/hepatitis-c-virus,390,0.5856,false,false,hub,hub
target/alpha-2a-adrenergic-receptor-alpha-2a-adrenergic-receptor,target/beta-amyloid-a4-protein,390,0.5855,false,false,hub,hub
target/arachidonate-5-lipoxygenase-arachidonate-5-lipoxygenase,target/serotonin-7-receptor,390,0.5855,false,false,hub,hub
target/comt,target/pncb,390,0.585,false,false,hub,hub
target/hepatitis-b-virus,target/vrac,390,0.585,false,false,hub,hub
target/cysteinyl-leukotriene-receptor-1,target/human-immunodeficiency-virus-type-1-protease,390,0.5848,false,false,hub,hub
target/alpha-2a-adrenergic-receptor-alpha-2a-adrenergic-receptor,target/arachidonate-5-lipoxygenase-arachidonate-5-lipoxygenase,390,0.5847,false,false,hub,hub
target/hmdh,target/ren,390,0.5846,false,false,hub,hub
target/ren,target/thiazide-sensitive-sodium-chloride-cotransporter,390,0.5846,false,false,hub,hub
target/angiogenesis,target/pncb,390,0.5843,false,false,hub,hub
target/amine-oxidase-flavin-containing-a,target/serotonin-3-receptor,390,0.5841,false,false,hub,hub
target/arachidonate-5-lipoxygenase-arachidonate-5-lipoxygenase,target/catechol-o-methyltransferase,390,0.5841,false,false,hub,hub
target/gsk3a,target/type-1-angiotensin-ii-receptor-type-1-angiotensin-ii-receptor,390,0.5841,false,false,hub,hub
target/catechol-o-methyltransferase,target/serotonin-3-receptor-chembl2111332,390,0.5839,false,false,hub,hub
target/nitric-oxide-synthase-inducible,target/prostaglandin-biosynthetic-process,390,0.5839,false,false,hub,hub
target/alpha-1a-adrenergic-receptor,target/gsk3a,390,0.5837,false,false,hub,hub
target/alpha-2a-adrenergic-receptor-alpha-2a-adrenergic-receptor,target/nitric-oxide-synthase-inducible,390,0.5837,false,false,hub,hub
target/kir2-3,target/tspo,390,0.5837,false,false,hub,hub
target/neprilysin,target/serotonin-3-receptor,390,0.5833,false,false,hub,hub
target/pregnane-x-receptor,target/serotonin-3-receptor-chembl2111332,390,0.5833,false,false,hub,hub
target/alpha-2b-adrenergic-receptor,target/amine-oxidase-flavin-containing-a,390,0.5832,false,false,hub,hub
target/chk1,target/serine-threonine-protein-kinase-chk1,390,0.5823,false,false,hub,hub
target/asic3,target/hmdh,390,0.5821,false,false,hub,hub
target/sstr3,target/vrac,390,0.5821,false,false,hub,hub
target/arachidonate-5-lipoxygenase-arachidonate-5-lipoxygenase,target/serotonin-3-receptor-chembl2111332,390,0.5819,false,false,hub,hub
target/beta-1-adrenergic-receptor-beta-1-adrenergic-receptor,target/gsk3a,390,0.5816,false,false,hub,hub
target/angiogenesis,target/clk1,390,0.5813,false,false,hub,hub
target/aryl-hydrocarbon-receptor,target/hepatitis-b-virus,390,0.5813,false,false,hub,hub
target/beta-amyloid-a4-protein,target/streptococcus-pneumoniae,390,0.5813,false,false,hub,hub
target/comt,target/kcnk2,390,0.5813,false,false,hub,hub
target/prostaglandin-biosynthetic-process,target/serotonin-3-receptor-chembl2111332,390,0.5812,false,false,hub,hub
target/hmdh,target/tspo,390,0.5811,false,false,hub,hub
target/m4-receptor,target/m5-receptor,390,0.5808,false,false,hub,hub
target/aoc3,target/protein-kinase-dna-activated-catalytic-subunit,390,0.5806,false,false,hub,hub
target/catechol-o-methyltransferase,target/serotonin-7-receptor,390,0.5806,false,false,hub,hub
target/human-immunodeficiency-virus-type-1-protease,target/nitric-oxide-synthase-inducible,390,0.5802,false,false,hub,hub
target/angiogenesis,target/dopamine-beta-hydroxylase,390,0.5799,false,false,hub,hub
target/aryl-hydrocarbon-receptor,target/mmp13-mmp13,390,0.5799,false,false,hub,hub
target/cysteinyl-leukotriene-receptor-1,target/trpc4,390,0.5799,false,false,hub,hub
target/hmdh,target/psb8,390,0.5798,false,false,hub,hub
target/m2-receptor,target/vrac,390,0.5797,false,false,hub,hub
target/thiazide-sensitive-sodium-chloride-cotransporter,target/vitamin-d-receptor,390,0.5797,false,false,hub,hub
target/streptococcus-pneumoniae,target/vitamin-d-receptor,390,0.5796,false,false,hub,hub
target/human-immunodeficiency-virus-type-1-protease,target/integrin-alpha-iib-beta-3,390,0.5795,false,false,hub,hub
target/pregnane-x-receptor,target/prostaglandin-biosynthetic-process,390,0.5795,false,false,hub,hub
target/angiogenesis,target/prostaglandin-secretion,390,0.5793,false,false,hub,hub
target/kir2-3,target/serotonin-3-receptor-chembl2111332,390,0.5793,false,false,hub,hub
target/pe2r4,target/ptgir,390,0.5792,false,false,hub,hub
target/angiogenesis,target/q9z1j7,390,0.5791,false,false,hub,hub
target/gsk3a,target/peptidoglycan-biosynthesis,390,0.5791,false,false,hub,hub
target/aryl-hydrocarbon-receptor,target/cysteinyl-leukotriene-receptor-1,390,0.5789,false,false,hub,hub
target/cysteinyl-leukotriene-receptor-1,target/serotonin-7-receptor,390,0.5788,false,false,hub,hub
target/acvr1,target/hmdh,390,0.5786,false,false,hub,hub
target/pgrc1,target/ren,390,0.5786,false,false,hub,hub
target/q9z1j7,target/tpa,390,0.5783,false,false,hub,hub
target/cdk14,target/cdk8,390,0.5779,false,false,hub,hub
target/nitric-oxide-synthase-inducible,target/serotonin-7-receptor,390,0.5777,false,false,hub,hub
target/acha,target/hmdh,390,0.5775,false,false,hub,hub
target/alpha-2b-adrenergic-receptor,target/mycobacterium-tuberculosis-h37rv,390,0.5775,false,false,hub,hub
target/angiogenesis,target/aryl-hydrocarbon-receptor,390,0.5775,false,false,hub,hub
target/alpha-2a-adrenergic-receptor-alpha-2a-adrenergic-receptor,target/pncb,390,0.5774,false,false,hub,hub
target/angiogenesis,target/neprilysin,390,0.5773,false,false,hub,hub
target/cyp11b1,target/p2y2-receptor,390,0.5772,false,false,hub,hub
target/abl2,target/q9z1j7,390,0.5768,false,false,hub,hub
target/hmdh,target/kcnk2,390,0.5765,false,false,hub,hub
target/catechol-o-methyltransferase,target/human-immunodeficiency-virus-type-1-protease,390,0.5763,false,false,hub,hub
target/hmdh,target/sulfonylurea-receptors-k-atp-channels,390,0.5763,false,false,hub,hub
target/alpha-2a-adrenergic-receptor-alpha-2a-adrenergic-receptor,target/prostaglandin-secretion,390,0.5761,false,false,hub,hub
target/nitric-oxide-synthase-inducible,target/p2y2-receptor,390,0.5761,false,false,hub,hub
target/acha,target/pncb,390,0.5758,false,false,hub,hub
target/amine-oxidase-flavin-containing-a,target/arachidonate-5-lipoxygenase-arachidonate-5-lipoxygenase,390,0.5758,false,false,hub,hub
target/lipid-metabolic-process,target/prostaglandin-secretion,390,0.5758,false,false,hub,hub
target/asic3,target/thiazide-sensitive-sodium-chloride-cotransporter,390,0.5754,false,false,hub,hub
target/arachidonate-5-lipoxygenase-arachidonate-5-lipoxygenase,target/cyp11b1,390,0.5752,false,false,hub,hub
target/nitric-oxide-synthase-inducible,target/trpc4,390,0.5752,false,false,hub,hub
target/amine-oxidase-flavin-containing-a,target/nitric-oxide-synthase-inducible,390,0.5749,false,false,hub,hub
target/aldo-keto-reductase-family-1-member-b,target/mmp13-mmp13,390,0.5748,false,false,hub,hub
target/aldo-keto-reductase-family-1-member-b,target/trpc4,390,0.5748,false,false,hub,hub
target/arachidonate-5-lipoxygenase-arachidonate-5-lipoxygenase,target/sstr3,390,0.5748,false,false,hub,hub
target/clk1,target/pgrc1,390,0.5748,false,false,hub,hub
target/gsk3a,target/hmg-coa-reductase,390,0.5747,false,false,hub,hub
target/gsk3a,target/kca2-2,390,0.5747,false,false,hub,hub
target/arachidonate-5-lipoxygenase-arachidonate-5-lipoxygenase,target/prostaglandin-biosynthetic-process,390,0.5745,false,false,hub,hub
target/beta-amyloid-a4-protein,target/hmdh,390,0.5745,false,false,hub,hub
target/alpha-2a-adrenergic-receptor-alpha-2a-adrenergic-receptor,target/aryl-hydrocarbon-receptor,390,0.5743,false,false,hub,hub
target/kcnk2,target/pgrc1,390,0.574,false,false,hub,hub
target/neprilysin,target/nitric-oxide-synthase-inducible,390,0.574,false,false,hub,hub
target/aldo-keto-reductase-family-1-member-b,target/vrac,390,0.5739,false,false,hub,hub
target/aryl-hydrocarbon-receptor,target/catechol-o-methyltransferase,390,0.5739,false,false,hub,hub
target/pncb,target/scn1b,390,0.5739,false,false,hub,hub
target/aryl-hydrocarbon-receptor,target/integrin-alpha-iib-beta-3,390,0.5736,false,false,hub,hub
target/comt,target/scn1b,390,0.5736,false,false,hub,hub
target/m5-receptor,target/serotonin-3-receptor-chembl2111332,390,0.5736,false,false,hub,hub
target/plk1,target/serine-threonine-protein-kinase-plk1,390,0.5735,false,false,hub,hub
target/aoc3,target/hmdh,390,0.5734,false,false,hub,hub
target/hmdh,target/vrac,390,0.5734,false,false,hub,hub
target/alpha-2a-adrenergic-receptor-alpha-2a-adrenergic-receptor,target/dopamine-beta-hydroxylase,390,0.5733,false,false,hub,hub
target/matrix-metalloproteinase-13,target/mmp13,390,0.5733,false,false,hub,hub
target/gsk3a,target/serotonin-2-receptor,390,0.5732,false,false,hub,hub
target/m5-receptor,target/prostaglandin-biosynthetic-process,390,0.5732,false,false,hub,hub
target/nitric-oxide-synthase-inducible,target/phosphodiesterase-4a,390,0.573,false,false,hub,hub
target/taar1,target/trace-amine-associated-receptor-1,390,0.573,false,false,hub,hub
target/folh1,target/type-1-angiotensin-ii-receptor-type-1-angiotensin-ii-receptor,390,0.5729,false,false,hub,hub
target/hepatitis-b-virus,target/mycobacterium-tuberculosis-h37rv,390,0.5729,false,false,hub,hub
target/angiogenesis,target/scn1b,390,0.5727,false,false,hub,hub
target/aryl-hydrocarbon-receptor,target/tspo,390,0.5727,false,false,hub,hub
target/mmp13-mmp13,target/serotonin-3-receptor-chembl2111332,390,0.5727,false,false,hub,hub
target/serotonin-3-receptor-chembl2111332,target/trpc4,390,0.5727,false,false,hub,hub
target/angiogenesis,target/trace-amine-associated-receptor-1,390,0.5726,false,false,hub,hub
target/aoxa,target/hmdh,390,0.5726,false,false,hub,hub
target/gsk3a,target/serotonin-2a-receptor-chembl322,390,0.5726,false,false,hub,hub
target/angiogenesis,target/mycobacterium-tuberculosis,390,0.5724,false,false,hub,hub
target/kir2-3,target/sstr3,390,0.5724,false,false,hub,hub
target/pgrc1,target/streptococcus-pneumoniae,390,0.5724,false,false,hub,hub
target/pgrc1,target/tpa,390,0.5724,false,false,hub,hub
target/acha,target/comt,390,0.5723,false,false,hub,hub
target/carbonic-anhydrase-ii,target/carbonic-anhydrase-ix,390,0.5721,false,false,hub,hub
target/comt,target/tspo,390,0.5721,false,false,hub,hub
target/hmdh,target/nitric-oxide-synthase-inducible,390,0.5721,false,false,hub,hub
target/angiogenesis,target/hepatitis-c-virus,390,0.572,false,false,hub,hub
target/arachidonate-5-lipoxygenase,target/arachidonate-5-lipoxygenase-arachidonate-5-lipoxygenase,390,0.572,false,false,hub,hub
target/hmdh,target/kcna5,390,0.572,false,false,hub,hub
target/m5-receptor,target/pregnane-x-receptor,390,0.572,false,false,hub,hub
target/folh1,target/mycobacterium-tuberculosis,390,0.5717,false,false,hub,hub
target/serotonin-3-receptor-chembl2111332,target/vrac,390,0.5717,false,false,hub,hub
target/arachidonate-5-lipoxygenase-arachidonate-5-lipoxygenase,target/neprilysin,390,0.5714,false,false,hub,hub
target/beta-amyloid-a4-protein,target/thiazide-sensitive-sodium-chloride-cotransporter,390,0.5714,false,false,hub,hub
target/macrophage-stimulating-protein-receptor,target/ron,390,0.5712,false,false,hub,hub
target/alpha-2a-adrenergic-receptor-alpha-2a-adrenergic-receptor,target/alpha-2b-adrenergic-receptor,390,0.5711,false,false,hub,hub
target/alpha-2b-adrenergic-receptor,target/angiogenesis,390,0.5708,false,false,hub,hub
target/cgmp-specific-3-5-cyclic-phosphodiesterase,target/pde5a,390,0.5708,false,false,hub,hub
target/cp51,target/kcnk2,390,0.5706,false,false,hub,hub
target/angiogenesis,target/vrac,390,0.5705,false,false,hub,hub
target/aryl-hydrocarbon-receptor,target/mycobacterium-tuberculosis,390,0.5705,false,false,hub,hub
target/aryl-hydrocarbon-receptor,target/pregnane-x-receptor,390,0.5702,false,false,hub,hub
target/comt,target/kcna5,390,0.5702,false,false,hub,hub
target/angiogenesis,target/type-1-angiotensin-ii-receptor-type-1-angiotensin-ii-receptor,390,0.5701,false,false,hub,hub
target/2b-adrenoceptor,target/alpha-2a-adrenergic-receptor-alpha-2a-adrenergic-receptor,390,0.5699,false,false,hub,hub
target/angiogenesis,target/muscarinic-acetylcholine-receptor-m4,390,0.5699,false,false,hub,hub
target/neprilysin,target/thiazide-sensitive-sodium-chloride-cotransporter,390,0.5698,false,false,hub,hub
target/hmdh,target/kpym,390,0.5696,false,false,hub,hub
target/angiogenesis,target/hepatitis-b-virus,390,0.5695,false,false,hub,hub
target/arachidonate-5-lipoxygenase-arachidonate-5-lipoxygenase,target/hmdh,390,0.5695,false,false,hub,hub
target/hmdh,target/sstr3,390,0.5695,false,false,hub,hub
target/beta-amyloid-a4-protein,target/vitamin-d-receptor,390,0.5694,false,false,hub,hub
target/alpha-2a-adrenergic-receptor-alpha-2a-adrenergic-receptor,target/asic3,390,0.5693,false,false,hub,hub
target/beta-amyloid-a4-protein,target/comt,390,0.5693,false,false,hub,hub
target/cyclin-dependent-kinase-8,target/vrac,390,0.5693,false,false,hub,hub
target/klrba,target/pgrc1,390,0.5693,false,false,hub,hub
target/kna1-2,target/serine-threonine-protein-kinase-aurora-c,390,0.5693,false,false,hub,hub
target/m5-receptor,target/nitric-oxide-synthase-inducible,390,0.5692,false,false,hub,hub
target/amine-oxidase-flavin-containing-a,target/neprilysin,390,0.5689,false,false,hub,hub
target/aryl-hydrocarbon-receptor,target/serotonin-7-receptor,390,0.5687,false,false,hub,hub
target/bmx,target/pgrc1,390,0.5687,false,false,hub,hub
target/kir2-3,target/prostaglandin-biosynthetic-process,390,0.5687,false,false,hub,hub
target/prostaglandin-secretion,target/thiazide-sensitive-sodium-chloride-cotransporter,390,0.5687,false,false,hub,hub
target/angiogenesis,target/bmx,390,0.5684,false,false,hub,hub
target/hepatitis-b-virus,target/tspo,390,0.5684,false,false,hub,hub
target/aryl-hydrocarbon-receptor,target/prostaglandin-biosynthetic-process,390,0.5681,false,false,hub,hub
target/aryl-hydrocarbon-receptor,target/serotonin-1d-receptor,390,0.5681,false,false,hub,hub
target/folh1,target/peptidoglycan-biosynthesis,390,0.5681,false,false,hub,hub
target/pgrc1,target/q38720,390,0.5681,false,false,hub,hub
target/pgrc1,target/tspo,390,0.5679,false,false,hub,hub
target/comt,target/sulfonylurea-receptors-k-atp-channels,390,0.5678,false,false,hub,hub
target/hepatitis-c-virus,target/trpc4,390,0.5678,false,false,hub,hub
target/kir2-3,target/mycobacterium-tuberculosis-h37rv,390,0.5677,false,false,hub,hub
target/adrenergic-receptor-alpha-1,target/serotonin-3-receptor-chembl2111332,390,0.5676,false,false,hub,hub
target/amine-oxidase-flavin-containing-a,target/angiogenesis,390,0.5676,false,false,hub,hub
target/cats,target/hmdh,390,0.5676,false,false,hub,hub
target/alpha-2b-adrenergic-receptor,target/catechol-o-methyltransferase,390,0.5675,false,false,hub,hub
target/comt,target/vitamin-d-receptor,390,0.5675,false,false,hub,hub
target/q9z1j7,target/tspo,390,0.5675,false,false,hub,hub
target/kir2-3,target/q9z1j7,390,0.5674,false,false,hub,hub
target/aldo-keto-reductase-family-1-member-b,target/cysteinyl-leukotriene-receptor-1,390,0.5672,false,false,hub,hub
target/cell-proliferation,target/vrac,390,0.5672,false,false,hub,hub
target/nitric-oxide-synthase-inducible,target/sulfonylurea-receptors-k-atp-channels,390,0.5672,false,false,hub,hub
target/acvr1,target/comt,390,0.5671,false,false,hub,hub
target/aryl-hydrocarbon-receptor,target/m5-receptor,390,0.5671,false,false,hub,hub
target/mycobacterium-tuberculosis-h37rv,target/vrac,390,0.5671,false,false,hub,hub
target/alpha-2a-adrenergic-receptor-alpha-2a-adrenergic-receptor,target/neprilysin,390,0.567,false,false,hub,hub
target/alpha-2a-adrenergic-receptor-alpha-2a-adrenergic-receptor,target/type-1-angiotensin-ii-receptor-type-1-angiotensin-ii-receptor,390,0.5669,false,false,hub,hub
target/alpha-2b-adrenergic-receptor,target/aryl-hydrocarbon-receptor-aryl-hydrocarbon-receptor,390,0.5669,false,false,hub,hub
target/aoxa,target/pgrc1,390,0.5669,false,false,hub,hub
target/hepatitis-b-virus,target/human-immunodeficiency-virus-type-1-protease,390,0.5669,false,false,hub,hub
target/nitric-oxide-synthase-inducible,target/plasmodium-falciparum,390,0.5669,false,false,hub,hub
target/nitric-oxide-synthase-inducible,target/serotonin-1d-receptor,390,0.5669,false,false,hub,hub
target/arachidonate-5-lipoxygenase-arachidonate-5-lipoxygenase,target/p2y2-receptor,390,0.5668,false,false,hub,hub
target/human-immunodeficiency-virus-type-1-reverse-transcriptase,target/q72547,390,0.5667,false,false,hub,hub
target/kpym,target/q9z1j7,390,0.5667,false,false,hub,hub
target/streptococcus-pneumoniae,target/sulfonylurea-receptors-k-atp-channels,390,0.5667,false,false,hub,hub
target/adrenergic-receptor-alpha-1,target/nitric-oxide-synthase-inducible,390,0.5666,false,false,hub,hub
target/asic3,target/comt,390,0.5666,false,false,hub,hub
target/serotonin-3-receptor,target/serotonin-7-receptor,390,0.5666,false,false,hub,hub
target/2b-adrenoceptor,target/asic3,390,0.5665,false,false,hub,hub
target/abl2,target/hmdh,390,0.5665,false,false,hub,hub
target/alpha-1a-adrenergic-receptor,target/folh1,390,0.5665,false,false,hub,hub
target/arachidonate-5-lipoxygenase-arachidonate-5-lipoxygenase,target/pregnane-x-receptor,390,0.5665,false,false,hub,hub
target/q9z1j7,target/ret4,390,0.5665,false,false,hub,hub
target/pncb,target/thiazide-sensitive-sodium-chloride-cotransporter,390,0.5664,false,false,hub,hub
target/alpha-2b-adrenergic-receptor,target/kir2-3,390,0.5662,false,false,hub,hub
target/catechol-o-methyltransferase,target/hepatitis-b-virus,390,0.5662,false,false,hub,hub
target/cyp11b1,target/mmp13-mmp13,390,0.5662,false,false,hub,hub
target/cysteinyl-leukotriene-receptor-1,target/mmp13-mmp13,390,0.5662,false,false,hub,hub
target/d1-receptor,target/vrac,390,0.5662,false,false,hub,hub
target/hmdh,target/m3k7,390,0.5662,false,false,hub,hub
target/kcna5,target/pgrc1,390,0.5662,false,false,hub,hub
target/dopamine-beta-hydroxylase,target/streptococcus-pneumoniae,390,0.566,false,false,hub,hub
target/mme,target/neprilysin,390,0.5657,false,false,hub,hub
target/q9z1j7,target/scn1b,390,0.5657,false,false,hub,hub
target/abcg2,target/hmdh,390,0.5656,false,false,hub,hub
target/alpha-2a-adrenergic-receptor-alpha-2a-adrenergic-receptor,target/mycobacterium-tuberculosis,390,0.5656,false,false,hub,hub
target/alpha-2b-adrenergic-receptor,target/cysteinyl-leukotriene-receptor-1,390,0.5656,false,false,hub,hub
target/mycobacterium-tuberculosis,target/nitric-oxide-synthase-inducible,390,0.5656,false,false,hub,hub
target/alpha-2a-adrenergic-receptor-alpha-2a-adrenergic-receptor,target/q9z1j7,390,0.5655,false,false,hub,hub
target/dopamine-beta-hydroxylase,target/hmdh,390,0.5655,false,false,hub,hub
target/alpha-2a-adrenergic-receptor-alpha-2a-adrenergic-receptor,target/bmx,390,0.5654,false,false,hub,hub
target/nitric-oxide-synthase-inducible,target/thiazide-sensitive-sodium-chloride-cotransporter,390,0.5654,false,false,hub,hub
target/alpha-2b-adrenergic-receptor,target/serotonin-3-receptor-chembl2111332,390,0.5653,false,false,hub,hub
target/aryl-hydrocarbon-receptor-aryl-hydrocarbon-receptor,target/mycobacterium-tuberculosis-h37rv,390,0.5652,false,false,hub,hub
target/asic3,target/net,390,0.5652,false,false,hub,hub
target/mmp12,target/mmp13,390,0.5652,false,false,hub,hub
target/cysteinyl-leukotriene-receptor-1,target/vrac,390,0.5651,false,false,hub,hub
target/hmdh,target/sc5a1,390,0.5651,false,false,hub,hub
target/hmdh,target/tlr4,390,0.5651,false,false,hub,hub
target/hepatitis-b-virus,target/kir2-3,390,0.5649,false,false,hub,hub
target/alpha-2a-adrenergic-receptor-alpha-2a-adrenergic-receptor,target/clk1,390,0.5648,false,false,hub,hub
target/aryl-hydrocarbon-receptor,target/neprilysin,390,0.5648,false,false,hub,hub
target/anandamide-amidohydrolase,target/faah1,390,0.5647,false,false,hub,hub
target/catechol-o-methyltransferase,target/mmp13-mmp13,390,0.5647,false,false,hub,hub
target/glun1,target/kcnk2,390,0.5647,false,false,hub,hub
target/abcb1,target/mmp13-mmp13,390,0.5645,false,false,hub,hub
target/abcb1,target/trpc4,390,0.5645,false,false,hub,hub
target/abl2,target/bmr1b,390,0.5645,false,false,hub,hub
target/hepatitis-b-virus,target/serotonin-7-receptor,390,0.5645,false,false,hub,hub
target/aldo-keto-reductase-family-1-member-b,target/kir2-3,390,0.5644,false,false,hub,hub
target/aryl-hydrocarbon-receptor,target/human-immunodeficiency-virus-type-1-protease,390,0.5644,false,false,hub,hub
target/beta-1-adrenergic-receptor-beta-1-adrenergic-receptor,target/folh1,390,0.5644,false,false,hub,hub
target/comt,target/vrac,390,0.5644,false,false,hub,hub
target/cysteinyl-leukotriene-receptor-1,target/hepatitis-b-virus,390,0.5644,false,false,hub,hub
target/monoamine-oxidase-a,target/nitric-oxide-synthase-inducible,390,0.5644,false,false,hub,hub
target/amine-oxidase-flavin-containing-a,target/thromboxane-a2-receptor,390,0.5643,false,false,hub,hub
target/aryl-hydrocarbon-receptor,target/phosphodiesterase-4a,390,0.5642,false,false,hub,hub
target/abl2,target/pgrc1,390,0.5641,false,false,hub,hub
target/kir2-3,target/pregnane-x-receptor,390,0.5641,false,false,hub,hub
target/comt,target/pd2r,390,0.564,false,false,hub,hub
target/cyp11b1,target/nitric-oxide-synthase-inducible,390,0.564,false,false,hub,hub
target/dopamine-beta-hydroxylase,target/vitamin-d-receptor,390,0.564,false,false,hub,hub
target/m2-receptor,target/mmp13-mmp13,390,0.5639,false,false,hub,hub
target/m2-receptor,target/trpc4,390,0.5639,false,false,hub,hub
target/asic3,target/vrac,390,0.5638,false,false,hub,hub
target/cyp11b1,target/m5-receptor,390,0.5638,false,false,hub,hub
target/alpha-2b-adrenergic-receptor,target/integrin-alpha-iib-beta-3,390,0.5637,false,false,hub,hub
target/asic3,target/pncb,390,0.5637,false,false,hub,hub
target/alpha-2a-adrenergic-receptor-alpha-2a-adrenergic-receptor,target/muscarinic-acetylcholine-receptor-m4,390,0.5636,false,false,hub,hub
target/angiogenesis,target/cysteinyl-leukotriene-receptor-1,390,0.5635,false,false,hub,hub
target/abcb1,target/vrac,390,0.5634,false,false,hub,hub
target/catechol-o-methyltransferase,target/serotonin-1d-receptor,390,0.5634,false,false,hub,hub
target/hmdh,target/kir2-3,390,0.5633,false,false,hub,hub
target/kcnk2,target/q9z1j7,390,0.5633,false,false,hub,hub
target/apj,target/nitric-oxide-synthase-inducible,390,0.5632,false,false,hub,hub
target/aryl-hydrocarbon-receptor-aryl-hydrocarbon-receptor,target/vrac,390,0.5632,false,false,hub,hub
target/comt,target/nitric-oxide-synthase-inducible,390,0.5632,false,false,hub,hub
target/monoamine-oxidase,target/nitric-oxide-synthase-inducible,390,0.5632,false,false,hub,hub
target/arachidonate-5-lipoxygenase-arachidonate-5-lipoxygenase,target/mycobacterium-tuberculosis,390,0.5631,false,false,hub,hub
target/abl1,target/tyrosine-protein-kinase-abl1,390,0.563,false,false,hub,hub
target/gaba-a-receptor-agonist-gaba-site,target/serotonin-3-receptor,390,0.563,false,false,hub,hub
target/arachidonate-5-lipoxygenase-arachidonate-5-lipoxygenase,target/thiazide-sensitive-sodium-chloride-cotransporter,390,0.5629,false,false,hub,hub
target/cyp11b1,target/trpc4,390,0.5629,false,false,hub,hub
target/mycobacterium-tuberculosis,target/protein-kinase-dna-activated-catalytic-subunit,390,0.5629,false,false,hub,hub
target/alpha-2a-adrenergic-receptor-alpha-2a-adrenergic-receptor,target/scn1b,390,0.5628,false,false,hub,hub
target/aryl-hydrocarbon-receptor,target/trpc4,390,0.5628,false,false,hub,hub
target/pgrc1,target/tlr4,390,0.5626,false,false,hub,hub
target/amine-oxidase-flavin-containing-a,target/aryl-hydrocarbon-receptor,390,0.5625,false,false,hub,hub
target/aryl-hydrocarbon-receptor-aryl-hydrocarbon-receptor,target/hepatitis-b-virus,390,0.5625,false,false,hub,hub
target/hepatitis-b-virus,target/integrin-alpha-iib-beta-3,390,0.5625,false,false,hub,hub
target/amine-oxidase-flavin-containing-a,target/vrac,390,0.5624,false,false,hub,hub
target/angiogenesis,target/cytochrome-p450-2c19,390,0.5624,false,false,hub,hub
target/arachidonate-5-lipoxygenase-arachidonate-5-lipoxygenase,target/mmp13-mmp13,390,0.5624,false,false,hub,hub
target/arachidonate-5-lipoxygenase-arachidonate-5-lipoxygenase,target/trpc4,390,0.5624,false,false,hub,hub
target/hmdh,target/pd2r,390,0.5624,false,false,hub,hub
target/m5-receptor,target/p2y2-receptor,390,0.5624,false,false,hub,hub
target/histone-deacetylase-11,target/histone-deacetylase-8,390,0.5622,false,false,hub,hub
target/angiogenesis,target/mycobacterium-tuberculosis-h37rv,390,0.5621,false,false,hub,hub
target/nitric-oxide-synthase-inducible,target/streptococcus-pneumoniae,390,0.5621,false,false,hub,hub
target/folh1,target/serotonin-2a-receptor-chembl322,390,0.562,false,false,hub,hub
target/ren,target/scn1b,390,0.562,false,false,hub,hub
target/apj,target/tspo,390,0.5618,false,false,hub,hub
target/enpp2,target/hmdh,390,0.5618,false,false,hub,hub
target/amine-oxidase-flavin-containing-a,target/hepatitis-b-virus,390,0.5617,false,false,hub,hub
target/aryl-hydrocarbon-receptor,target/sstr3,390,0.5617,false,false,hub,hub
target/serotonin-1d-receptor,target/serotonin-7-receptor,390,0.5617,false,false,hub,hub
target/prostaglandin-biosynthetic-process,target/serotonin-7-receptor,390,0.5616,false,false,hub,hub
target/cysteinyl-leukotriene-receptor-1,target/neprilysin,390,0.5614,false,false,hub,hub
target/cysteinyl-leukotriene-receptor-1,target/vitamin-d-receptor,390,0.5614,false,false,hub,hub
target/hmdh,target/prostaglandin-secretion,390,0.5614,false,false,hub,hub
target/mmp13-mmp13,target/p2y2-receptor,390,0.5614,false,false,hub,hub
target/p2y2-receptor,target/trpc4,390,0.5614,false,false,hub,hub
target/comt,target/m3k7,390,0.5613,false,false,hub,hub
target/integrin-alpha-iib-beta-3,target/serotonin-3-receptor,390,0.5613,false,false,hub,hub
target/prostaglandin-biosynthetic-process,target/vrac,390,0.5613,false,false,hub,hub
target/serotonin-1d-receptor,target/serotonin-3-receptor-chembl2111332,390,0.5613,false,false,hub,hub
target/apj,target/sstr3,390,0.5611,false,false,hub,hub
target/clk1,target/q9z1j7,390,0.5611,false,false,hub,hub
target/clk1,target/streptococcus-pneumoniae,390,0.5611,false,false,hub,hub
target/comt,target/sstr3,390,0.561,false,false,hub,hub
target/integrin-alpha-iib-beta-3,target/mmp13-mmp13,390,0.5609,false,false,hub,hub
target/integrin-alpha-iib-beta-3,target/trpc4,390,0.5609,false,false,hub,hub
target/arachidonate-5-lipoxygenase-arachidonate-5-lipoxygenase,target/monoamine-oxidase,390,0.5608,false,false,hub,hub
target/arachidonate-5-lipoxygenase-arachidonate-5-lipoxygenase,target/type-1-angiotensin-ii-receptor-type-1-angiotensin-ii-receptor,390,0.5608,false,false,hub,hub
target/hepatitis-b-virus,target/serotonin-3-receptor-chembl2111332,390,0.5608,false,false,hub,hub
target/protein-kinase-dna-activated-catalytic-subunit,target/type-1-angiotensin-ii-receptor-type-1-angiotensin-ii-receptor,390,0.5608,false,false,hub,hub
target/phosphodiesterase-4a,target/serotonin-3-receptor-chembl2111332,390,0.5607,false,false,hub,hub
target/angiogenesis,target/kir2-3,390,0.5605,false,false,hub,hub
target/pregnane-x-receptor,target/serotonin-7-receptor,390,0.5604,false,false,hub,hub
target/alpha-2a-adrenergic-receptor-alpha-2a-adrenergic-receptor,target/vrac,390,0.5603,false,false,hub,hub
target/comt,target/sc5a1,390,0.5603,false,false,hub,hub
target/kpym,target/pgrc1,390,0.5603,false,false,hub,hub
target/monoamine-oxidase-b,target/neprilysin,390,0.5603,false,false,hub,hub
target/catechol-o-methyltransferase,target/vrac,390,0.5602,false,false,hub,hub
target/aoc3,target/pgrc1,390,0.5601,false,false,hub,hub
target/nitric-oxide-synthase-inducible,target/vitamin-d-receptor,390,0.5601,false,false,hub,hub
target/pgrc1,target/vrac,390,0.5601,false,false,hub,hub
target/cyclin-dependent-kinase-8,target/kir2-3,390,0.56,false,false,hub,hub
target/gsk3a,target/serine-threonine-protein-kinase-aurora-c,390,0.56,false,false,hub,hub
target/catechol-o-methyltransferase,target/neprilysin,390,0.5599,false,false,hub,hub
target/gsk3a,target/kna1-2,390,0.5599,false,false,hub,hub
target/kcma1,target/kir2-3,390,0.5599,false,false,hub,hub
target/pgrc1,target/vitamin-d-receptor,390,0.5599,false,false,hub,hub
target/q9z1j7,target/vrac,390,0.5599,false,false,hub,hub
target/nitric-oxide-synthase-inducible,target/type-1-angiotensin-ii-receptor-type-1-angiotensin-ii-receptor,390,0.5598,false,false,hub,hub
target/alpha-2a-adrenergic-receptor-alpha-2a-adrenergic-receptor,target/hepatitis-b-virus,390,0.5597,false,false,hub,hub
target/arachidonate-5-lipoxygenase-arachidonate-5-lipoxygenase,target/streptococcus-pneumoniae,390,0.5597,false,false,hub,hub
target/at1-receptor,target/folh1,390,0.5597,false,false,hub,hub
target/h2-receptor,target/m5-receptor,390,0.5597,false,false,hub,hub
target/integrin-alpha-iib-beta-3,target/vrac,390,0.5597,false,false,hub,hub
target/alpha-2b-adrenergic-receptor,target/tspo,390,0.5596,false,false,hub,hub
target/hmdh,target/ret4,390,0.5595,false,false,hub,hub
target/integrin-alpha-iib-beta-3,target/neprilysin,390,0.5595,false,false,hub,hub
target/pncb,target/ren,390,0.5595,false,false,hub,hub
target/comt,target/net,390,0.5594,false,false,hub,hub
target/kcnq1,target/sstr3,390,0.5594,false,false,hub,hub
target/aryl-hydrocarbon-receptor,target/hmdh,390,0.5593,false,false,hub,hub
target/cyp11b1,target/tspo,390,0.5593,false,false,hub,hub
target/dopamine-beta-hydroxylase,target/thiazide-sensitive-sodium-chloride-cotransporter,390,0.5593,false,false,hub,hub
target/g6pd,target/trpm3,390,0.5593,false,false,hub,hub
target/alpha-2a-adrenergic-receptor-alpha-2a-adrenergic-receptor,target/hepatitis-c-virus,390,0.5591,false,false,hub,hub
target/alpha-2b-adrenergic-receptor,target/serotonin-7-receptor,390,0.5591,false,false,hub,hub
target/catechol-o-methyltransferase,target/mycobacterium-tuberculosis-h37rv,390,0.5591,false,false,hub,hub
target/comt,target/ren,390,0.5591,false,false,hub,hub
target/kir2-3,target/serotonin-7-receptor,390,0.5591,false,false,hub,hub
target/monoamine-oxidase-a,target/vrac,390,0.5589,false,false,hub,hub
target/2b-adrenoceptor,target/5-hydroxytryptamine-receptor-2a,390,0.5588,false,false,hub,hub
target/abl2,target/pncb,390,0.5588,false,false,hub,hub
target/apj,target/trpc4,390,0.5588,false,false,hub,hub
target/nitric-oxide-synthase-inducible,target/pgrc1,390,0.5588,false,false,hub,hub
target/nitric-oxide-synthase-inducible,target/q9z1j7,390,0.5587,false,false,hub,hub
target/aryl-hydrocarbon-receptor,target/cyp11b1,390,0.5586,false,false,hub,hub
target/human-immunodeficiency-virus-type-1-protease,target/trpc4,390,0.5586,false,false,hub,hub
target/angiogenesis,target/catechol-o-methyltransferase,390,0.5585,false,false,hub,hub
target/protein-kinase-dna-activated-catalytic-subunit,target/smooth-muscle-contraction,390,0.5585,false,false,hub,hub
target/sulfonylurea-receptors-k-atp-channels,target/vitamin-d-receptor,390,0.5585,false,false,hub,hub
target/cysteinyl-leukotriene-receptor-1,target/serotonin-1d-receptor,390,0.5583,false,false,hub,hub
target/angiogenesis,target/aryl-hydrocarbon-receptor-aryl-hydrocarbon-receptor,390,0.5582,false,false,hub,hub
target/alpha-2b-adrenergic-receptor,target/human-immunodeficiency-virus-type-1-protease,390,0.5581,false,false,hub,hub
target/cysteinyl-leukotriene-receptor-1,target/prostaglandin-biosynthetic-process,390,0.5581,false,false,hub,hub
target/angiogenesis,target/integrin-alpha-iib-beta-3,390,0.558,false,false,hub,hub
target/catechol-o-methyltransferase,target/trpc4,390,0.5579,false,false,hub,hub
target/alpha-2a-adrenergic-receptor-alpha-2a-adrenergic-receptor,target/amine-oxidase-flavin-containing-a,390,0.5577,false,false,hub,hub
target/comt,target/muscarinic-acetylcholine-receptor-m4,390,0.5577,false,false,hub,hub
target/neprilysin,target/serotonin-3-receptor-chembl2111332,390,0.5577,false,false,hub,hub
target/aoxa,target/scn1b,390,0.5576,false,false,hub,hub
target/folh1,target/kca2-2,390,0.5576,false,false,hub,hub
target/kv11-1,target/mmp13-mmp13,390,0.5576,false,false,hub,hub
target/carbonic-anhydrase-xii,target/nitric-oxide-synthase-inducible,390,0.5574,false,false,hub,hub
target/amine-oxidase-flavin-containing-a,target/thiazide-sensitive-sodium-chloride-cotransporter,390,0.5572,false,false,hub,hub
target/arachidonate-5-lipoxygenase-arachidonate-5-lipoxygenase,target/phosphodiesterase-4a,390,0.5572,false,false,hub,hub
target/cysteinyl-leukotriene-receptor-1,target/mycobacterium-tuberculosis-h37rv,390,0.5572,false,false,hub,hub
target/alpha-2b-adrenergic-receptor,target/opioid-receptors-mu-kappa-delta,390,0.5571,false,false,hub,hub
target/serotonin-2b-receptor,target/serotonin-3-receptor,390,0.5571,false,false,hub,hub
target/alpha-2a-adrenergic-receptor-alpha-2a-adrenergic-receptor,target/cysteinyl-leukotriene-receptor-1,390,0.557,false,false,hub,hub
target/angiogenesis,target/hmg-coa-reductase,390,0.557,false,false,hub,hub
target/arachidonate-5-lipoxygenase-arachidonate-5-lipoxygenase,target/tlr4,390,0.557,false,false,hub,hub
target/d1-receptor,target/kir2-3,390,0.557,false,false,hub,hub
target/hmdh,target/mdr1a,390,0.557,false,false,hub,hub
target/kpcd3,target/kpce,390,0.557,false,false,hub,hub
target/alpha-2a-adrenergic-receptor-alpha-2a-adrenergic-receptor,target/trace-amine-associated-receptor-1,390,0.5569,false,false,hub,hub
target/pgrc1,target/sstr3,390,0.5568,false,false,hub,hub
target/arachidonate-5-lipoxygenase-arachidonate-5-lipoxygenase,target/thromboxane-a2-receptor,390,0.5567,false,false,hub,hub
target/camp-dependent-protein-kinase,target/nitric-oxide-synthase-inducible,390,0.5567,false,false,hub,hub
target/catechol-o-methyltransferase,target/prostaglandin-biosynthetic-process,390,0.5567,false,false,hub,hub
target/mmp13-mmp13,target/tspo,390,0.5567,false,false,hub,hub
target/pregnane-x-receptor,target/vrac,390,0.5567,false,false,hub,hub
target/q9z1j7,target/sstr3,390,0.5567,false,false,hub,hub
target/trpc4,target/tspo,390,0.5567,false,false,hub,hub
target/folh1,target/gsk3a,390,0.5566,false,false,hub,hub
target/abcg2,target/pgrc1,390,0.5565,false,false,hub,hub
target/arachidonate-5-lipoxygenase-arachidonate-5-lipoxygenase,target/m5-receptor,390,0.5565,false,false,hub,hub
target/aryl-hydrocarbon-receptor,target/thiazide-sensitive-sodium-chloride-cotransporter,390,0.5565,false,false,hub,hub
target/cysteinyl-leukotriene-receptor-1,target/sodium-glucose-cotransporter-2-sodium-glucose-cotransporter-2,390,0.5565,false,false,hub,hub
target/integrin-alpha-iib-beta-3,target/serotonin-1d-receptor,390,0.5565,false,false,hub,hub
target/amine-oxidase-flavin-containing-a,target/kir2-3,390,0.5563,false,false,hub,hub
target/angiogenesis,target/serotonin-3-receptor-chembl2111332,390,0.5563,false,false,hub,hub
target/arachidonate-5-lipoxygenase-arachidonate-5-lipoxygenase,target/pgrc1,390,0.5563,false,false,hub,hub
target/human-immunodeficiency-virus-type-1-protease,target/pregnane-x-receptor,390,0.5563,false,false,hub,hub
target/integrin-alpha-iib-beta-3,target/prostaglandin-biosynthetic-process,390,0.5563,false,false,hub,hub
target/mmp13-mmp13,target/serotonin-7-receptor,390,0.5563,false,false,hub,hub
target/kcna5,target/q9z1j7,390,0.5562,false,false,hub,hub
target/peptidoglycan-biosynthesis,target/protein-kinase-dna-activated-catalytic-subunit,390,0.5562,false,false,hub,hub
target/clk1,target/pncb,390,0.556,false,false,hub,hub
target/gaba-a-receptor-agonist-gaba-site,target/monoamine-oxidase-a,390,0.556,false,false,hub,hub
target/muscarinic-acetylcholine-receptor-m4,target/serotonin-1b-receptor,390,0.556,false,false,hub,hub
target/aldo-keto-reductase-family-1-member-b,target/m5-receptor,390,0.5558,false,false,hub,hub
target/aryl-hydrocarbon-receptor,target/monoamine-oxidase-a,390,0.5558,false,false,hub,hub
target/aryl-hydrocarbon-receptor,target/sulfonylurea-receptors-k-atp-channels,390,0.5556,false,false,hub,hub
target/comt,target/psb8,390,0.5556,false,false,hub,hub
target/cysteinyl-leukotriene-receptor-1,target/kir2-3,390,0.5556,false,false,hub,hub
target/glun1,target/kir2-3,390,0.5556,false,false,hub,hub
target/hepatitis-c-virus,target/streptococcus-pneumoniae,390,0.5556,false,false,hub,hub
target/kca2-2,target/protein-kinase-dna-activated-catalytic-subunit,390,0.5556,false,false,hub,hub
target/adrenergic-receptor-alpha-2,target/protein-kinase-dna-activated-catalytic-subunit,390,0.5553,false,false,hub,hub
target/aldo-keto-reductase-family-1-member-b,target/integrin-alpha-iib-beta-3,390,0.5553,false,false,hub,hub
target/alpha-2a-adrenergic-receptor-alpha-2a-adrenergic-receptor,target/aryl-hydrocarbon-receptor-aryl-hydrocarbon-receptor,390,0.5553,false,false,hub,hub
target/angiogenesis,target/tpa,390,0.5553,false,false,hub,hub
target/bmx,target/streptococcus-pneumoniae,390,0.5553,false,false,hub,hub
target/cox-2,target/pncb,390,0.5553,false,false,hub,hub
target/hmdh,target/neprilysin,390,0.5553,false,false,hub,hub
target/integrin-alpha-iib-beta-3,target/mycobacterium-tuberculosis-h37rv,390,0.5553,false,false,hub,hub
target/pncb,target/ret4,390,0.5553,false,false,hub,hub
target/abl2,target/comt,390,0.5551,false,false,hub,hub
target/acha,target/thiazide-sensitive-sodium-chloride-cotransporter,390,0.5551,false,false,hub,hub
target/net,target/thiazide-sensitive-sodium-chloride-cotransporter,390,0.5551,false,false,hub,hub
target/nitric-oxide-synthase-inducible,target/serotonin-3-receptor,390,0.5551,false,false,hub,hub
target/adrenergic-receptor-alpha-1,target/aryl-hydrocarbon-receptor,390,0.5549,false,false,hub,hub
target/gaba-a-receptor-agonist-gaba-site,target/neprilysin,390,0.5549,false,false,hub,hub
target/histamine-h1-receptor-histamine-h1-receptor-hrh1-human,target/muscarinic-acetylcholine-receptor-m4,390,0.5549,false,false,hub,hub
target/hmdh,target/mmp12,390,0.5549,false,false,hub,hub
target/comt,target/kir2-3,390,0.5548,false,false,hub,hub
target/human-immunodeficiency-virus-type-1-protease,target/kir2-3,390,0.5548,false,false,hub,hub
target/2b-adrenoceptor,target/muscarinic-acetylcholine-receptor-m4,390,0.5547,false,false,hub,hub
target/alpha-2a-adrenergic-receptor-alpha-2a-adrenergic-receptor,target/xanthine-dehydrogenase,390,0.5547,false,false,hub,hub
target/asic3,target/sulfonylurea-receptors-k-atp-channels,390,0.5547,false,false,hub,hub
target/dopamine-beta-hydroxylase,target/pd2r,390,0.5547,false,false,hub,hub
target/aoxa,target/comt,390,0.5546,false,false,hub,hub
target/arachidonate-5-lipoxygenase-arachidonate-5-lipoxygenase,target/serotonin-1d-receptor,390,0.5546,false,false,hub,hub
target/cyp11b1,target/hepatitis-b-virus,390,0.5546,false,false,hub,hub
target/cysteinyl-leukotriene-receptor-1,target/dopamine-beta-hydroxylase,390,0.5546,false,false,hub,hub
target/hmdh,target/lt4r2,390,0.5546,false,false,hub,hub
target/mdr1a,target/pgrc1,390,0.5546,false,false,hub,hub
target/urok,target/xdh,390,0.5545,false,false,hub,hub
target/apj,target/vrac,390,0.5544,false,false,hub,hub
target/folh1,target/hmg-coa-reductase,390,0.5544,false,false,hub,hub
target/h2-receptor,target/vrac,390,0.5544,false,false,hub,hub
target/aryl-hydrocarbon-receptor,target/comt,390,0.5543,false,false,hub,hub
target/abcg2,target/comt,390,0.5542,false,false,hub,hub
target/angiogenesis,target/xanthine-dehydrogenase,390,0.5542,false,false,hub,hub
target/d1-receptor,target/mmp13-mmp13,390,0.5542,false,false,hub,hub
target/human-immunodeficiency-virus-type-1-protease,target/prostaglandin-biosynthetic-process,390,0.5542,false,false,hub,hub
target/abcb1,target/kir2-3,390,0.5541,false,false,hub,hub
target/at1-receptor,target/vrac,390,0.5541,false,false,hub,hub
target/hmg-coa-reductase,target/nitric-oxide-synthase-inducible,390,0.5541,false,false,hub,hub
target/human-immunodeficiency-virus-type-1-protease,target/vrac,390,0.5541,false,false,hub,hub
target/cytochrome-p450-2c19,target/dopamine-beta-hydroxylase,390,0.554,false,false,hub,hub
target/aryl-hydrocarbon-receptor-aryl-hydrocarbon-receptor,target/kir2-3,390,0.5539,false,false,hub,hub
target/comt,target/dopamine-beta-hydroxylase,390,0.5539,false,false,hub,hub
target/human-immunodeficiency-virus-type-1-protease,target/neprilysin,390,0.5539,false,false,hub,hub
target/m5-receptor,target/serotonin-7-receptor,390,0.5539,false,false,hub,hub
target/hmdh,target/mycobacterium-tuberculosis,390,0.5538,false,false,hub,hub
target/cysteinyl-leukotriene-receptor-1,target/pregnane-x-receptor,390,0.5537,false,false,hub,hub
target/kcnq1,target/tspo,390,0.5537,false,false,hub,hub
target/mycobacterium-tuberculosis-h37rv,target/serotonin-3-receptor-chembl2111332,390,0.5537,false,false,hub,hub
target/integrin-alpha-iib-beta-3,target/kir2-3,390,0.5536,false,false,hub,hub
target/sc5a1,target/tpa,390,0.5536,false,false,hub,hub
target/aryl-hydrocarbon-receptor-aryl-hydrocarbon-receptor,target/cysteinyl-leukotriene-receptor-1,390,0.5535,false,false,hub,hub
target/aryl-hydrocarbon-receptor-aryl-hydrocarbon-receptor,target/serotonin-1d-receptor,390,0.5535,false,false,hub,hub
target/histamine-h1-receptor-histamine-h1-receptor-hrh1-human,target/m5-receptor,390,0.5535,false,false,hub,hub
target/muscarinic-acetylcholine-receptor-m4,target/streptococcus-pneumoniae,390,0.5535,false,false,hub,hub
target/2b-adrenoceptor,target/net,390,0.5534,false,false,hub,hub
target/aldo-keto-reductase-family-1-member-b,target/arachidonate-5-lipoxygenase-arachidonate-5-lipoxygenase,390,0.5534,false,false,hub,hub
target/alpha-2a-adrenergic-receptor-alpha-2a-adrenergic-receptor,target/serotonin-3-receptor-chembl2111332,390,0.5534,false,false,hub,hub
target/aryl-hydrocarbon-receptor,target/streptococcus-pneumoniae,390,0.5534,false,false,hub,hub
target/comt,target/tlr4,390,0.5534,false,false,hub,hub
target/hdac9,target/hmdh,390,0.5534,false,false,hub,hub
target/adrenergic-receptor-alpha-2,target/integrin-alpha-iib-beta-3,390,0.5533,false,false,hub,hub
target/integrin-alpha-iib-beta-3,target/smooth-muscle-contraction,390,0.5533,false,false,hub,hub
target/angiogenesis,target/topoisomerase-iv,390,0.5532,false,false,hub,hub
target/arachidonate-5-lipoxygenase-arachidonate-5-lipoxygenase,target/beta-amyloid-a4-protein,390,0.5532,false,false,hub,hub
target/kv11-1,target/vrac,390,0.5532,false,false,hub,hub
target/folh1,target/serotonin-2-receptor,390,0.5531,false,false,hub,hub
target/alpha-2a-adrenergic-receptor-alpha-2a-adrenergic-receptor,target/cytochrome-p450-2c19,390,0.553,false,false,hub,hub
target/arachidonate-5-lipoxygenase-arachidonate-5-lipoxygenase,target/serotonin-3-receptor,390,0.5527,false,false,hub,hub
target/integrin-alpha-iib-beta-3,target/monoamine-oxidase,390,0.5527,false,false,hub,hub
target/trpc4,target/trpc5,390,0.5527,false,false,hub,hub
target/amp-activated-protein-kinase-ampk,target/angiogenesis,390,0.5526,false,false,hub,hub
target/asic3,target/streptococcus-pneumoniae,390,0.5526,false,false,hub,hub
target/kca2-2,target/kir2-3,390,0.5526,false,false,hub,hub
target/alpha-2a-adrenergic-receptor-alpha-2a-adrenergic-receptor,target/mycobacterium-tuberculosis-h37rv,390,0.5525,false,false,hub,hub
target/amine-oxidase-flavin-containing-a,target/cysteinyl-leukotriene-receptor-1,390,0.5525,false,false,hub,hub
target/hmdh,target/muscarinic-acetylcholine-receptor-m4,390,0.5525,false,false,hub,hub
target/mmp12,target/mmp9,390,0.5525,false,false,hub,hub
target/apj,target/mmp13-mmp13,390,0.5523,false,false,hub,hub
target/neprilysin,target/peptidoglycan-biosynthesis,390,0.5523,false,false,hub,hub
target/serotonin-3-receptor-chembl2111332,target/tspo,390,0.5522,false,false,hub,hub
target/acha,target/pgrc1,390,0.5521,false,false,hub,hub
target/angiogenesis,target/serotonin-2-receptor,390,0.5521,false,false,hub,hub
target/bmx,target/q9z1j7,390,0.5521,false,false,hub,hub
target/matrix-metalloproteinase-13,target/nitric-oxide-synthase-inducible,390,0.5521,false,false,hub,hub
target/human-immunodeficiency-virus-type-1-protease,target/mmp13-mmp13,390,0.552,false,false,hub,hub
target/2b-adrenoceptor,target/hmdh,390,0.5519,false,false,hub,hub
target/d1-receptor,target/m5-receptor,390,0.5519,false,false,hub,hub
target/mycobacterium-tuberculosis,target/mycobacterium-tuberculosis-h37rv,390,0.5519,false,false,hub,hub
target/integrin-alpha-iib-beta-3,target/pregnane-x-receptor,390,0.5518,false,false,hub,hub
target/alpha-2b-adrenergic-receptor,target/neprilysin,390,0.5517,false,false,hub,hub
target/amine-oxidase-flavin-containing-a,target/monoamine-oxidase-b,390,0.5517,false,false,hub,hub
target/serotonin-7-receptor,target/vrac,390,0.5517,false,false,hub,hub
target/arachidonate-5-lipoxygenase-arachidonate-5-lipoxygenase,target/hmg-coa-reductase,390,0.5516,false,false,hub,hub
target/aryl-hydrocarbon-receptor,target/vitamin-d-receptor,390,0.5516,false,false,hub,hub
target/tlr4,target/tspo,390,0.5516,false,false,hub,hub
target/clk1,target/pdpk1,390,0.5515,false,false,hub,hub
target/neprilysin,target/serotonin-7-receptor,390,0.5515,false,false,hub,hub
target/q9z1j7,target/thiazide-sensitive-sodium-chloride-cotransporter,390,0.5515,false,false,hub,hub
target/alpha-2a-adrenergic-receptor-alpha-2a-adrenergic-receptor,target/serotonin-1b-receptor,390,0.5514,false,false,hub,hub
target/arachidonate-5-lipoxygenase-arachidonate-5-lipoxygenase,target/plasmodium-falciparum,390,0.5514,false,false,hub,hub
target/aryl-hydrocarbon-receptor,target/monoamine-oxidase,390,0.5514,false,false,hub,hub
target/comt,target/kpym,390,0.5514,false,false,hub,hub
target/cysteinyl-leukotriene-receptor-1,target/monoamine-oxidase,390,0.5514,false,false,hub,hub
target/mycobacterium-tuberculosis-h37rv,target/tspo,390,0.5514,false,false,hub,hub
target/p2y2-receptor,target/tspo,390,0.5514,false,false,hub,hub
target/angiogenesis,target/serotonin-2a-receptor-chembl322,390,0.5513,false,false,hub,hub
target/at1-receptor,target/protein-kinase-dna-activated-catalytic-subunit,390,0.5513,false,false,hub,hub
target/carbonic-anhydrase-xii,target/pregnane-x-receptor,390,0.5512,false,false,hub,hub
target/kv11-1,target/trpc4,390,0.5512,false,false,hub,hub
target/alpha-2b-adrenergic-receptor,target/p2y2-receptor,390,0.5511,false,false,hub,hub
target/apj,target/serotonin-3-receptor-chembl2111332,390,0.5511,false,false,hub,hub
target/clk1,target/thiazide-sensitive-sodium-chloride-cotransporter,390,0.5511,false,false,hub,hub
target/cysteinyl-leukotriene-receptor-1,target/phosphodiesterase-4a,390,0.5511,false,false,hub,hub
target/hmdh,target/net,390,0.5511,false,false,hub,hub
target/m5-receptor,target/tspo,390,0.5511,false,false,hub,hub
target/mycobacterium-tuberculosis,target/thiazide-sensitive-sodium-chloride-cotransporter,390,0.5511,false,false,hub,hub
target/aldo-keto-reductase-family-1-member-b,target/cyp11b1,390,0.5509,false,false,hub,hub
target/alpha-2b-adrenergic-receptor,target/pregnane-x-receptor,390,0.5509,false,false,hub,hub
target/angiogenesis,target/serotonin-1b-receptor,390,0.5509,false,false,hub,hub
target/aryl-hydrocarbon-receptor,target/type-1-angiotensin-ii-receptor-type-1-angiotensin-ii-receptor,390,0.5509,false,false,hub,hub
target/d1-receptor,target/trpc4,390,0.5509,false,false,hub,hub
target/sstr3,target/tlr4,390,0.5509,false,false,hub,hub
target/catechol-o-methyltransferase,target/kir2-3,390,0.5508,false,false,hub,hub
target/monoamine-oxidase,target/phosphodiesterase-4a,390,0.5508,false,false,hub,hub
target/mycobacterium-tuberculosis-h37rv,target/serotonin-1d-receptor,390,0.5508,false,false,hub,hub
target/alpha-2a-adrenergic-receptor-alpha-2a-adrenergic-receptor,target/kir2-3,390,0.5507,false,false,hub,hub
target/2b-adrenoceptor,target/comt,390,0.5506,false,false,hub,hub
target/alpha-2b-adrenergic-receptor,target/sodium-glucose-cotransporter-2-sodium-glucose-cotransporter-2,390,0.5506,false,false,hub,hub
target/aryl-hydrocarbon-receptor,target/p2y2-receptor,390,0.5506,false,false,hub,hub
target/hepatitis-c-virus,target/vitamin-d-receptor,390,0.5506,false,false,hub,hub
target/amine-oxidase-flavin-containing-a,target/integrin-alpha-iib-beta-3,390,0.5505,false,false,hub,hub
target/hepatitis-b-virus,target/neprilysin,390,0.5505,false,false,hub,hub
target/acetylcholinesterase-acetylcholinesterase,target/integrin-alpha-iib-beta-3,390,0.5504,false,false,hub,hub
target/aldo-keto-reductase-family-1-member-b,target/serotonin-3-receptor-chembl2111332,390,0.5504,false,false,hub,hub
target/bmx,target/pncb,390,0.5503,false,false,hub,hub
target/dna-topoisomerase-ii-alpha,target/hepg2,390,0.5503,false,false,hub,hub
target/dopamine-beta-hydroxylase,target/prostaglandin-secretion,390,0.5503,false,false,hub,hub
target/kir2-3,target/pgrc1,390,0.5503,false,false,hub,hub
target/acyl-coenzyme-a-cholesterol-acyltransferase-1,target/arachidonate-5-lipoxygenase-arachidonate-5-lipoxygenase,390,0.5501,false,false,hub,hub
target/neprilysin,target/prostaglandin-secretion,390,0.5501,false,false,hub,hub
target/alpha-1a-adrenergic-receptor,target/alpha-2a-adrenergic-receptor-alpha-2a-adrenergic-receptor,390,0.55,false,false,hub,hub
target/angiogenesis,target/serotonin-7-receptor,390,0.55,false,false,hub,hub
target/aryl-hydrocarbon-receptor-aryl-hydrocarbon-receptor,target/serotonin-3-receptor-chembl2111332,390,0.55,false,false,hub,hub
target/catechol-o-methyltransferase,target/dopamine-beta-hydroxylase,390,0.55,false,false,hub,hub
target/cyclin-dependent-kinase-2-cyclin-e,target/neprilysin,390,0.55,false,false,hub,hub
target/human-immunodeficiency-virus-type-1-protease,target/mycobacterium-tuberculosis-h37rv,390,0.55,false,false,hub,hub
target/nitric-oxide-synthase-inducible,target/protein-farnesyltransferase,390,0.55,false,false,hub,hub
target/alpha-2b-adrenergic-receptor,target/trpc4,390,0.5499,false,false,hub,hub
target/arachidonate-5-lipoxygenase-arachidonate-5-lipoxygenase,target/carbonic-anhydrase-vii,390,0.5499,false,false,hub,hub
target/serotonin-3-receptor-chembl2111332,target/sodium-glucose-cotransporter-2-sodium-glucose-cotransporter-2,390,0.5499,false,false,hub,hub
target/abl2,target/acvr1,390,0.5498,false,false,hub,hub
target/angiogenesis,target/smooth-muscle-contraction,390,0.5498,false,false,hub,hub
target/arachidonate-5-lipoxygenase-arachidonate-5-lipoxygenase,target/matrix-metalloproteinase-13,390,0.5498,false,false,hub,hub
target/enpp2,target/pgrc1,390,0.5498,false,false,hub,hub
target/m2-receptor,target/serotonin-3-receptor-chembl2111332,390,0.5498,false,false,hub,hub
target/pgrc1,target/sc5a1,390,0.5498,false,false,hub,hub
target/folh1,target/kna1-2,390,0.5497,false,false,hub,hub
target/serotonin-7-receptor,target/trpc4,390,0.5497,false,false,hub,hub
target/glun1,target/trpc4,390,0.5496,false,false,hub,hub
target/mycobacterium-tuberculosis-h37rv,target/p2y2-receptor,390,0.5496,false,false,hub,hub
target/alpha-2b-adrenergic-receptor,target/hmdh,390,0.5495,false,false,hub,hub
target/dopamine-beta-hydroxylase,target/integrin-alpha-iib-beta-3,390,0.5495,false,false,hub,hub
target/2b-adrenoceptor,target/angiogenesis,390,0.5494,false,false,hub,hub
target/abcb1,target/aldo-keto-reductase-family-1-member-b,390,0.5494,false,false,hub,hub
target/finc,target/trpc4,390,0.5494,false,false,hub,hub
target/mycobacterium-tuberculosis-h37rv,target/pregnane-x-receptor,390,0.5494,false,false,hub,hub
target/alpha-2a-adrenergic-receptor-alpha-2a-adrenergic-receptor,target/tpa,390,0.5493,false,false,hub,hub
target/hmdh,target/hmg-coa-reductase,390,0.5493,false,false,hub,hub
target/hmg-coa-reductase,target/protein-kinase-dna-activated-catalytic-subunit,390,0.5493,false,false,hub,hub
target/kpym,target/mmp13,390,0.5493,false,false,hub,hub
target/nitric-oxide-synthase-inducible,target/thromboxane-a2-receptor,390,0.5493,false,false,hub,hub
target/alpha-2a-adrenergic-receptor-alpha-2a-adrenergic-receptor,target/serotonin-2-receptor,390,0.5492,false,false,hub,hub
target/monoamine-oxidase-b,target/serotonin-3-receptor,390,0.5492,false,false,hub,hub
target/asic3,target/pgrc1,390,0.5491,false,false,hub,hub
target/catechol-o-methyltransferase,target/pregnane-x-receptor,390,0.5491,false,false,hub,hub
target/glun1,target/hmdh,390,0.5491,false,false,hub,hub
target/mmp12,target/mmp2,390,0.5491,false,false,hub,hub
target/monoamine-oxidase-a,target/serotonin-3-receptor-chembl2111332,390,0.5491,false,false,hub,hub
target/mycobacterium-tuberculosis,target/neprilysin,390,0.5491,false,false,hub,hub
target/angiogenesis,target/human-immunodeficiency-virus-type-1-protease,390,0.549,false,false,hub,hub
target/kpce,target/kpct,390,0.549,false,false,hub,hub
target/pe2r3,target/ptgir,390,0.549,false,false,hub,hub
target/alpha-2b-adrenergic-receptor,target/prostaglandin-biosynthetic-process,390,0.5489,false,false,hub,hub
target/aryl-hydrocarbon-receptor-aryl-hydrocarbon-receptor,target/catechol-o-methyltransferase,390,0.5489,false,false,hub,hub
target/hmdh,target/klrba,390,0.5489,false,false,hub,hub
target/nitric-oxide-synthase-inducible,target/opioid-receptors-mu-kappa-delta,390,0.5489,false,false,hub,hub
target/scn1b,target/thiazide-sensitive-sodium-chloride-cotransporter,390,0.5489,false,false,hub,hub
target/thiazide-sensitive-sodium-chloride-cotransporter,target/type-1-angiotensin-ii-receptor-type-1-angiotensin-ii-receptor,390,0.5489,false,false,hub,hub
target/5-hydroxytryptamine-receptor-1a,target/serotonin-3-receptor,390,0.5487,false,false,hub,hub
target/angiogenesis,target/net,390,0.5487,false,false,hub,hub
target/arachidonate-5-lipoxygenase-arachidonate-5-lipoxygenase,target/monoamine-oxidase-a,390,0.5487,false,false,hub,hub
target/cp51,target/hmdh,390,0.5487,false,false,hub,hub
target/hepatitis-b-virus,target/trpc4,390,0.5487,false,false,hub,hub
target/kpym,target/pncb,390,0.5487,false,false,hub,hub
target/abcg2,target/kcnk2,390,0.5486,false,false,hub,hub
target/alpha-2a-adrenergic-receptor-alpha-2a-adrenergic-receptor,target/serotonin-2a-receptor-chembl322,390,0.5485,false,false,hub,hub
target/amine-oxidase-flavin-containing-a,target/asic3,390,0.5485,false,false,hub,hub
target/cysteinyl-leukotriene-receptor-1,target/smooth-muscle-contraction,390,0.5485,false,false,hub,hub
target/m2-receptor,target/nitric-oxide-synthase-inducible,390,0.5485,false,false,hub,hub
target/q9z1j7,target/streptococcus-pneumoniae,390,0.5485,false,false,hub,hub
target/adrenergic-receptor-alpha-1,target/prostaglandin-biosynthetic-process,390,0.5484,false,false,hub,hub
target/dopamine-beta-hydroxylase,target/muscarinic-acetylcholine-receptor-m4,390,0.5484,false,false,hub,hub
target/angiogenesis,target/reactive-oxygen-species-biosynthetic-process,390,0.5483,false,false,hub,hub
target/aryl-hydrocarbon-receptor-aryl-hydrocarbon-receptor,target/integrin-alpha-iib-beta-3,390,0.5483,false,false,hub,hub
target/glun1,target/vrac,390,0.5483,false,false,hub,hub
target/alpha-2a-adrenergic-receptor-alpha-2a-adrenergic-receptor,target/integrin-alpha-iib-beta-3,390,0.5482,false,false,hub,hub
target/hepatitis-b-virus,target/hmdh,390,0.5482,false,false,hub,hub
target/amine-oxidase-flavin-containing-a,target/mycobacterium-tuberculosis-h37rv,390,0.5481,false,false,hub,hub
target/finc,target/vrac,390,0.5481,false,false,hub,hub
target/human-immunodeficiency-virus-type-1-protease,target/serotonin-1d-receptor,390,0.5481,false,false,hub,hub
target/kcma1,target/kcnq1,390,0.5481,false,false,hub,hub
target/angiogenesis,target/ren,390,0.548,false,false,hub,hub
target/hepatitis-c-virus,target/hmdh,390,0.548,false,false,hub,hub
target/abcg2,target/mmp12,390,0.5479,false,false,hub,hub
target/acvr1,target/bmx,390,0.5479,false,false,hub,hub
target/adrenergic-receptor-alpha-1,target/arachidonate-5-lipoxygenase-arachidonate-5-lipoxygenase,390,0.5479,false,false,hub,hub
target/m1-receptor,target/m2-receptor,390,0.5479,false,false,hub,hub
target/monoamine-oxidase,target/serotonin-3-receptor-chembl2111332,390,0.5479,false,false,hub,hub
target/btk,target/tyrosine-protein-kinase-btk,390,0.5478,false,false,hub,hub
target/catechol-o-methyltransferase,target/tspo,390,0.5478,false,false,hub,hub
target/aldo-keto-reductase-family-1-member-b,target/serotonin-7-receptor,390,0.5477,false,false,hub,hub
target/arachidonate-5-lipoxygenase-arachidonate-5-lipoxygenase,target/protein-farnesyltransferase,390,0.5477,false,false,hub,hub
target/hepatitis-b-virus,target/prostaglandin-biosynthetic-process,390,0.5477,false,false,hub,hub
target/hmdh,target/q38720,390,0.5477,false,false,hub,hub
target/kir2-3,target/neurotrophic-receptor-tyrosine-kinase-3,390,0.5477,false,false,hub,hub
target/mycobacterium-tuberculosis-h37rv,target/serotonin-7-receptor,390,0.5477,false,false,hub,hub
target/amine-oxidase-flavin-containing-a,target/streptococcus-pneumoniae,390,0.5476,false,false,hub,hub
target/enpp2,target/scn1b,390,0.5476,false,false,hub,hub
target/kir2-3,target/kna1-2,390,0.5476,false,false,hub,hub
target/phosphodiesterase-4a,target/vrac,390,0.5476,false,false,hub,hub
target/human-immunodeficiency-virus-type-1-protease,target/monoamine-oxidase,390,0.5475,false,false,hub,hub
target/mycobacterium-tuberculosis-h37rv,target/sstr3,390,0.5475,false,false,hub,hub
target/neprilysin,target/vrac,390,0.5475,false,false,hub,hub
target/p2y2-receptor,target/sstr3,390,0.5475,false,false,hub,hub
target/pgrc1,target/ret4,390,0.5475,false,false,hub,hub
target/m3k7,target/pgrc1,390,0.5474,false,false,hub,hub
target/mmp13,target/mmp2,390,0.5474,false,false,hub,hub
target/adrenergic-receptor-alpha-1,target/pregnane-x-receptor,390,0.5473,false,false,hub,hub
target/alpha-2a-adrenergic-receptor-alpha-2a-adrenergic-receptor,target/hmg-coa-reductase,390,0.5473,false,false,hub,hub
target/angiogenesis,target/peptidoglycan-biosynthesis,390,0.5473,false,false,hub,hub
target/acvr1,target/clk1,390,0.5472,false,false,hub,hub
target/lt4r2,target/vrac,390,0.5472,false,false,hub,hub
target/pncb,target/prostaglandin-secretion,390,0.5472,false,false,hub,hub
target/thiazide-sensitive-sodium-chloride-cotransporter,target/trace-amine-associated-receptor-1,390,0.5471,false,false,hub,hub
target/angiogenesis,target/tspo,390,0.547,false,false,hub,hub
target/arachidonate-5-lipoxygenase-arachidonate-5-lipoxygenase,target/comt,390,0.547,false,false,hub,hub
target/cysteinyl-leukotriene-receptor-1,target/m5-receptor,390,0.547,false,false,hub,hub
target/abcg2,target/q9z1j7,390,0.5469,false,false,hub,hub
target/neurotrophic-receptor-tyrosine-kinase-3,target/vrac,390,0.5469,false,false,hub,hub
target/aryl-hydrocarbon-receptor,target/m2-receptor,390,0.5468,false,false,hub,hub
target/catechol-o-methyltransferase,target/monoamine-oxidase,390,0.5468,false,false,hub,hub
target/hepatitis-b-virus,target/p2y2-receptor,390,0.5468,false,false,hub,hub
target/muscarinic-acetylcholine-receptor-m4,target/thiazide-sensitive-sodium-chloride-cotransporter,390,0.5468,false,false,hub,hub
target/angiogenesis,target/histamine-h1-receptor-histamine-h1-receptor-hrh1-human,390,0.5466,false,false,hub,hub
target/angiogenesis,target/lipid-metabolic-process,390,0.5466,false,false,hub,hub
target/arachidonate-5-lipoxygenase-arachidonate-5-lipoxygenase,target/opioid-receptors-mu-kappa-delta,390,0.5466,false,false,hub,hub
target/aryl-hydrocarbon-receptor,target/serotonin-3-receptor,390,0.5466,false,false,hub,hub
target/dopamine-beta-hydroxylase,target/nitric-oxide-synthase-inducible,390,0.5466,false,false,hub,hub
target/hepatitis-b-virus,target/pregnane-x-receptor,390,0.5466,false,false,hub,hub
target/integrin-alpha-iib-beta-3,target/sstr3,390,0.5466,false,false,hub,hub
target/aryl-hydrocarbon-receptor,target/pgrc1,390,0.5465,false,false,hub,hub
target/cp51,target/pgrc1,390,0.5464,false,false,hub,hub
target/glun1,target/mmp13-mmp13,390,0.5464,false,false,hub,hub
target/mmp12,target/q9z1j7,390,0.5464,false,false,hub,hub
target/mmp13-mmp13,target/serotonin-1d-receptor,390,0.5464,false,false,hub,hub
target/monoamine-oxidase-a,target/muscarinic-acetylcholine-receptor-m4,390,0.5464,false,false,hub,hub
target/adrenergic-receptor-alpha-2,target/angiogenesis,390,0.5463,false,false,hub,hub
target/angiogenesis,target/prostaglandin-biosynthetic-process,390,0.5462,false,false,hub,hub
target/aryl-hydrocarbon-receptor,target/neuronal-acetylcholine-receptor-alpha3-beta4,390,0.5462,false,false,hub,hub
target/hmdh,target/trace-amine-associated-receptor-1,390,0.5462,false,false,hub,hub
target/kcnk2,target/mmp13-mmp13,390,0.5462,false,false,hub,hub
target/kcnq1,target/vrac,390,0.5462,false,false,hub,hub
target/mmp13-mmp13,target/sstr3,390,0.5462,false,false,hub,hub
target/sstr3,target/trpc4,390,0.5462,false,false,hub,hub
target/alpha-2b-adrenergic-receptor,target/cyp11b1,390,0.546,false,false,hub,hub
target/arachidonate-5-lipoxygenase-arachidonate-5-lipoxygenase,target/hepatocyte-growth-factor-receptor-hepatocyte-growth-factor-receptor,390,0.546,false,false,hub,hub
target/comt,target/mdr1a,390,0.546,false,false,hub,hub
target/integrin-alpha-iib-beta-3,target/phosphodiesterase-4a,390,0.546,false,false,hub,hub
target/m5-receptor,target/neurotrophic-receptor-tyrosine-kinase-3,390,0.546,false,false,hub,hub
target/mmp13-mmp13,target/prostaglandin-biosynthetic-process,390,0.546,false,false,hub,hub
target/cyp11b1,target/hmdh,390,0.5459,false,false,hub,hub
target/nitric-oxide-synthase-inducible,target/serotonin-2-receptor,390,0.5459,false,false,hub,hub
target/abcb1,target/m5-receptor,390,0.5458,false,false,hub,hub
target/acetylcholinesterase-acetylcholinesterase,target/cysteinyl-leukotriene-receptor-1,390,0.5458,false,false,hub,hub
target/alpha-2b-adrenergic-receptor,target/sstr3,390,0.5458,false,false,hub,hub
target/beta-1-adrenergic-receptor-beta-1-adrenergic-receptor,target/beta-2-adrenergic-receptor-beta-2-adrenergic-receptor,390,0.5458,false,false,hub,hub
target/carbonic-anhydrase-ix,target/carbonic-anhydrase-xii,390,0.5458,false,false,hub,hub
target/clk1,target/scn1b,390,0.5458,false,false,hub,hub
target/clk1,target/tpa,390,0.5458,false,false,hub,hub
target/serotonin-3-receptor,target/thromboxane-a2-receptor,390,0.5458,false,false,hub,hub
target/5-hydroxytryptamine-receptor-2a,target/alpha-2a-adrenergic-receptor-alpha-2a-adrenergic-receptor,390,0.5456,false,false,hub,hub
target/adrenergic-receptor-alpha-1,target/kir2-3,390,0.5456,false,false,hub,hub
target/adrenergic-receptor-alpha-1,target/serotonin-7-receptor,390,0.5456,false,false,hub,hub
target/amine-oxidase-flavin-containing-a,target/serotonin-3-receptor-chembl2111332,390,0.5456,false,false,hub,hub
target/aoxa,target/pncb,390,0.5456,false,false,hub,hub
target/beta-amyloid-a4-protein,target/clk1,390,0.5456,false,false,hub,hub
target/gaba-a-receptor-agonist-gaba-site,target/serotonin-3-receptor-chembl2111332,390,0.5456,false,false,hub,hub
target/hepatitis-c-virus,target/thiazide-sensitive-sodium-chloride-cotransporter,390,0.5456,false,false,hub,hub
target/pncb,target/tspo,390,0.5456,false,false,hub,hub
target/acha,target/angiogenesis,390,0.5455,false,false,hub,hub
target/alpha-2a-adrenergic-receptor-alpha-2a-adrenergic-receptor,target/catechol-o-methyltransferase,390,0.5455,false,false,hub,hub
target/arachidonate-5-lipoxygenase,target/catechol-o-methyltransferase,390,0.5455,false,false,hub,hub
target/bmx,target/thiazide-sensitive-sodium-chloride-cotransporter,390,0.5455,false,false,hub,hub
target/muscarinic-acetylcholine-receptor-m4,target/vitamin-d-receptor,390,0.5455,false,false,hub,hub
target/pgrc1,target/prostaglandin-secretion,390,0.5455,false,false,hub,hub
target/abcb1,target/integrin-alpha-iib-beta-3,390,0.5453,false,false,hub,hub
target/adrenergic-receptor-alpha-1,target/cysteinyl-leukotriene-receptor-1,390,0.5453,false,false,hub,hub
target/alpha-2a-adrenergic-receptor-alpha-2a-adrenergic-receptor,target/ren,390,0.5453,false,false,hub,hub
target/apj,target/hmdh,390,0.5453,false,false,hub,hub
target/apj,target/kir2-3,390,0.5453,false,false,hub,hub
target/h2-receptor,target/kir2-3,390,0.5453,false,false,hub,hub
target/human-immunodeficiency-virus-type-1-protease,target/tspo,390,0.5453,false,false,hub,hub
target/mdr1a,target/q9z1j7,390,0.5453,false,false,hub,hub
target/q9z1j7,target/ren,390,0.5453,false,false,hub,hub
target/abcg2,target/pncb,390,0.5451,false,false,hub,hub
target/adrenergic-receptor-alpha-2,target/cysteinyl-leukotriene-receptor-1,390,0.5451,false,false,hub,hub
target/aryl-hydrocarbon-receptor,target/protein-farnesyltransferase,390,0.5451,false,false,hub,hub
target/beta-amyloid-a4-protein,target/sulfonylurea-receptors-k-atp-channels,390,0.5451,false,false,hub,hub
target/hepatocyte-growth-factor-receptor-hepatocyte-growth-factor-receptor,target/nitric-oxide-synthase-inducible,390,0.5451,false,false,hub,hub
target/integrin-alpha-iib-beta-3,target/sodium-glucose-cotransporter-2-sodium-glucose-cotransporter-2,390,0.5451,false,false,hub,hub
target/kcnk2,target/pncb,390,0.5451,false,false,hub,hub
target/kcnq1,target/nitric-oxide-synthase-inducible,390,0.5451,false,false,hub,hub
target/lt4r2,target/tspo,390,0.5451,false,false,hub,hub
target/nitric-oxide-synthase-inducible,target/serotonin-2a-receptor-chembl322,390,0.5451,false,false,hub,hub
target/acvr1,target/pdpk1,390,0.545,false,false,hub,hub
target/amine-oxidase-flavin-containing-a,target/type-1-angiotensin-ii-receptor-type-1-angiotensin-ii-receptor,390,0.5449,false,false,hub,hub
target/angiogenesis,target/response-to-oxidative-stress,390,0.5449,false,false,hub,hub
target/asic3,target/kir2-3,390,0.5449,false,false,hub,hub
target/protein-kinase-dna-activated-catalytic-subunit,target/serotonin-2-receptor,390,0.5449,false,false,hub,hub
target/at1-receptor,target/kir2-3,390,0.5447,false,false,hub,hub
target/catechol-o-methyltransferase,target/monoamine-oxidase-a,390,0.5447,false,false,hub,hub
target/hepatitis-b-virus,target/sstr3,390,0.5447,false,false,hub,hub
target/fpr1,target/pncb,390,0.5446,false,false,hub,hub
target/2b-adrenoceptor,target/vrac,390,0.5445,false,false,hub,hub
target/angiogenesis,target/serotonin-3-receptor,390,0.5445,false,false,hub,hub
target/cac1a,target/comt,390,0.5445,false,false,hub,hub
target/cac1a,target/tlr4,390,0.5445,false,false,hub,hub
target/glun1,target/prostaglandin-secretion,390,0.5445,false,false,hub,hub
target/il13,target/kir2-3,390,0.5445,false,false,hub,hub
target/kcnk2,target/tpa,390,0.5445,false,false,hub,hub
target/aoxa,target/q9z1j7,390,0.5444,false,false,hub,hub
target/hmdh,target/type-1-angiotensin-ii-receptor-type-1-angiotensin-ii-receptor,390,0.5444,false,false,hub,hub
target/arachidonate-5-lipoxygenase-arachidonate-5-lipoxygenase,target/cell-proliferation,390,0.5443,false,false,hub,hub
target/arachidonate-5-lipoxygenase-arachidonate-5-lipoxygenase,target/dopamine-beta-hydroxylase,390,0.5443,false,false,hub,hub
target/kcnk2,target/prostaglandin-secretion,390,0.5443,false,false,hub,hub
target/kir2-3,target/kv11-1,390,0.5443,false,false,hub,hub
target/cytochrome-p450-2c19,target/hepatitis-c-virus,390,0.5442,false,false,hub,hub
target/protein-kinase-dna-activated-catalytic-subunit,target/serotonin-2a-receptor-chembl322,390,0.5442,false,false,hub,hub
target/aryl-hydrocarbon-receptor,target/serotonin-2-receptor,390,0.5441,false,false,hub,hub
target/aryl-hydrocarbon-receptor-aryl-hydrocarbon-receptor,target/serotonin-7-receptor,390,0.5441,false,false,hub,hub
target/cysteinyl-leukotriene-receptor-1,target/prostaglandin-secretion,390,0.5441,false,false,hub,hub
target/glun1,target/m5-receptor,390,0.5441,false,false,hub,hub
target/phosphodiesterase-4a-phosphodiesterase-4a,target/vrac,390,0.5441,false,false,hub,hub
target/pncb,target/tpa,390,0.5441,false,false,hub,hub
target/angiogenesis,target/cytochrome-p450-1a1,390,0.544,false,false,hub,hub
target/aryl-hydrocarbon-receptor,target/opioid-receptors-mu-kappa-delta,390,0.544,false,false,hub,hub
target/at1a1,target/hmdh,390,0.544,false,false,hub,hub
target/cats,target/comt,390,0.544,false,false,hub,hub
target/comt,target/tysy,390,0.544,false,false,hub,hub
target/hmdh,target/kpcd1,390,0.544,false,false,hub,hub
target/alpha-2a-adrenergic-receptor-alpha-2a-adrenergic-receptor,target/serotonin-7-receptor,390,0.5439,false,false,hub,hub
target/alpha-2a-adrenergic-receptor-alpha-2a-adrenergic-receptor,target/topoisomerase-iv,390,0.5439,false,false,hub,hub
target/aoc3,target/comt,390,0.5439,false,false,hub,hub
target/tlr4,target/vrac,390,0.5439,false,false,hub,hub
target/alpha-2b-adrenergic-receptor,target/thiazide-sensitive-sodium-chloride-cotransporter,390,0.5437,false,false,hub,hub
target/beta-1-adrenergic-receptor-beta-1-adrenergic-receptor,target/protein-kinase-dna-activated-catalytic-subunit,390,0.5437,false,false,hub,hub
target/kcna5,target/ren,390,0.5437,false,false,hub,hub
target/monoamine-oxidase-a,target/trpc4,390,0.5437,false,false,hub,hub
target/neprilysin,target/thromboxane-a2-receptor,390,0.5437,false,false,hub,hub
target/nitric-oxide-synthase-inducible,target/serum-albumin,390,0.5437,false,false,hub,hub
target/lt4r2,target/tlr4,390,0.5436,false,false,hub,hub
target/q9z1j7,target/vitamin-d-receptor,390,0.5436,false,false,hub,hub
target/alpha-2b-adrenergic-receptor,target/mycobacterium-tuberculosis,390,0.5435,false,false,hub,hub
target/angiogenesis,target/kpym,390,0.5435,false,false,hub,hub
target/arachidonate-5-lipoxygenase-arachidonate-5-lipoxygenase,target/serotonin-2-receptor,390,0.5435,false,false,hub,hub
target/aryl-hydrocarbon-receptor,target/q9z1j7,390,0.5435,false,false,hub,hub
target/m3k7,target/pd2r,390,0.5435,false,false,hub,hub
target/mycobacterium-tuberculosis-h37rv,target/neprilysin,390,0.5435,false,false,hub,hub
target/catechol-o-methyltransferase,target/phosphodiesterase-4a,390,0.5434,false,false,hub,hub
target/cell-proliferation,target/nitric-oxide-synthase-inducible,390,0.5434,false,false,hub,hub
target/hepatitis-c-virus,target/prostaglandin-secretion,390,0.5434,false,false,hub,hub
target/cysteinyl-leukotriene-receptor-1,target/serotonin-3-receptor,390,0.5433,false,false,hub,hub
target/dopamine-beta-hydroxylase,target/serotonin-1b-receptor,390,0.5433,false,false,hub,hub
target/pncb,target/streptococcus-pneumoniae,390,0.5433,false,false,hub,hub
target/aldo-keto-reductase-family-1-member-b,target/p2y2-receptor,390,0.5432,false,false,hub,hub
target/arachidonate-5-lipoxygenase-arachidonate-5-lipoxygenase,target/sodium-glucose-cotransporter-2-sodium-glucose-cotransporter-2,390,0.5432,false,false,hub,hub
target/aryl-hydrocarbon-receptor-aryl-hydrocarbon-receptor,target/human-immunodeficiency-virus-type-1-protease,390,0.5432,false,false,hub,hub
target/human-immunodeficiency-virus-type-1-protease,target/m5-receptor,390,0.5432,false,false,hub,hub
target/angiogenesis,target/kcnk2,390,0.5431,false,false,hub,hub
target/m5-receptor,target/rorg,390,0.543,false,false,hub,hub
target/serotonin-7-receptor,target/tspo,390,0.543,false,false,hub,hub
target/alpha-2a-adrenergic-receptor-alpha-2a-adrenergic-receptor,target/human-immunodeficiency-virus-type-1-protease,390,0.5429,false,false,hub,hub
target/alpha-2b-adrenergic-receptor,target/serotonin-1d-receptor,390,0.5429,false,false,hub,hub
target/amine-oxidase-flavin-containing-a,target/hmdh,390,0.5429,false,false,hub,hub
target/arachidonate-5-lipoxygenase-arachidonate-5-lipoxygenase,target/q9z1j7,390,0.5429,false,false,hub,hub
target/asic3,target/clk1,390,0.5429,false,false,hub,hub
target/cac1a,target/tspo,390,0.5429,false,false,hub,hub
target/gsk3a,target/protein-kinase-dna-activated-catalytic-subunit,390,0.5429,false,false,hub,hub
target/streptococcus-pneumoniae,target/tpa,390,0.5429,false,false,hub,hub
target/aldo-keto-reductase-family-1-member-b,target/catechol-o-methyltransferase,390,0.5428,false,false,hub,hub
target/human-immunodeficiency-virus-type-1-protease,target/serotonin-3-receptor,390,0.5428,false,false,hub,hub
target/mmp12,target/pgrc1,390,0.5428,false,false,hub,hub
target/prostaglandin-biosynthetic-process,target/trpc4,390,0.5428,false,false,hub,hub
target/arachidonate-5-lipoxygenase-arachidonate-5-lipoxygenase,target/serotonin-2a-receptor-chembl322,390,0.5427,false,false,hub,hub
target/aryl-hydrocarbon-receptor,target/gaba-a-receptor-agonist-gaba-site,390,0.5427,false,false,hub,hub
target/d1-receptor,target/p2y2-receptor,390,0.5427,false,false,hub,hub
target/dopamine-beta-hydroxylase,target/m3k7,390,0.5427,false,false,hub,hub
target/m2-receptor,target/p2y2-receptor,390,0.5427,false,false,hub,hub
target/nitric-oxide-synthase-inducible,target/tlr4,390,0.5427,false,false,hub,hub
target/aldo-keto-reductase-family-1-member-b,target/nitric-oxide-synthase-inducible,390,0.5426,false,false,hub,hub
target/beta-amyloid-a4-protein,target/nitric-oxide-synthase-inducible,390,0.5426,false,false,hub,hub
target/cysteinyl-leukotriene-receptor-1,target/tspo,390,0.5426,false,false,hub,hub
target/hepatitis-b-virus,target/thiazide-sensitive-sodium-chloride-cotransporter,390,0.5426,false,false,hub,hub
target/catechol-o-methyltransferase,target/sodium-glucose-cotransporter-2-sodium-glucose-cotransporter-2,390,0.5425,false,false,hub,hub
target/hdac9,target/tlr4,390,0.5425,false,false,hub,hub
target/alpha-2b-adrenergic-receptor,target/vitamin-d-receptor,390,0.5424,false,false,hub,hub
target/cac1a,target/hmdh,390,0.5424,false,false,hub,hub
target/catechol-o-methyltransferase,target/m5-receptor,390,0.5424,false,false,hub,hub
target/integrin-alpha-iib-beta-3,target/thromboxane-a2-receptor,390,0.5424,false,false,hub,hub
target/lt4r2,target/pgrc1,390,0.5424,false,false,hub,hub
target/neprilysin,target/pgrc1,390,0.5424,false,false,hub,hub
target/thiazide-sensitive-sodium-chloride-cotransporter,target/tpa,390,0.5424,false,false,hub,hub
target/2b-adrenoceptor,target/alpha-2b-adrenergic-receptor,390,0.5423,false,false,hub,hub
target/alpha-2b-adrenergic-receptor,target/monoamine-oxidase,390,0.5423,false,false,hub,hub
target/aryl-hydrocarbon-receptor,target/plasmodium-falciparum,390,0.5423,false,false,hub,hub
target/cysteinyl-leukotriene-receptor-1,target/plasmodium-falciparum,390,0.5423,false,false,hub,hub
target/hepatitis-b-virus,target/mycobacterium-tuberculosis,390,0.5423,false,false,hub,hub
target/nitric-oxide-synthase-inducible,target/sodium-glucose-cotransporter-2-sodium-glucose-cotransporter-2,390,0.5423,false,false,hub,hub
target/pregnane-x-receptor,target/serotonin-3-receptor,390,0.5423,false,false,hub,hub
target/beta-amyloid-a4-protein,target/pgrc1,390,0.5422,false,false,hub,hub
target/cyp11b1,target/cysteinyl-leukotriene-receptor-1,390,0.5422,false,false,hub,hub
target/arachidonate-5-lipoxygenase,target/nitric-oxide-synthase-inducible,390,0.5421,false,false,hub,hub
target/cysteinyl-leukotriene-receptor-1,target/hmdh,390,0.542,false,false,hub,hub
target/cysteinyl-leukotriene-receptor-1,target/sstr3,390,0.542,false,false,hub,hub
target/cytochrome-p450-2c19,target/hmdh,390,0.542,false,false,hub,hub
target/pgrc1,target/type-1-angiotensin-ii-receptor-type-1-angiotensin-ii-receptor,390,0.542,false,false,hub,hub
target/pgrc1,target/psb8,390,0.5419,false,false,hub,hub
target/angiogenesis,target/psb8,390,0.5418,false,false,hub,hub
target/integrin-alpha-iib-beta-3,target/m5-receptor,390,0.5418,false,false,hub,hub
target/mmp13-mmp13,target/mycobacterium-tuberculosis-h37rv,390,0.5418,false,false,hub,hub
target/serotonin-3-receptor-chembl2111332,target/sstr3,390,0.5418,false,false,hub,hub
target/apj,target/cysteinyl-leukotriene-receptor-1,390,0.5417,false,false,hub,hub
target/kca2-2,target/vrac,390,0.5417,false,false,hub,hub
target/pncb,target/vitamin-d-receptor,390,0.5417,false,false,hub,hub
target/pregnane-x-receptor,target/trpc4,390,0.5417,false,false,hub,hub
target/mdr1a,target/xdh,390,0.5416,false,false,hub,hub
target/neuronal-acetylcholine-receptor-alpha3-beta4,target/nitric-oxide-synthase-inducible,390,0.5416,false,false,hub,hub
target/phosphodiesterase-4a,target/prostaglandin-biosynthetic-process,390,0.5416,false,false,hub,hub
target/adrenergic-receptor-alpha-2,target/serotonin-3-receptor-chembl2111332,390,0.5415,false,false,hub,hub
target/arachidonate-5-lipoxygenase-arachidonate-5-lipoxygenase,target/serum-albumin,390,0.5415,false,false,hub,hub
target/dopamine-beta-hydroxylase,target/serotonin-3-receptor-chembl2111332,390,0.5415,false,false,hub,hub
target/serotonin-3-receptor-chembl2111332,target/smooth-muscle-contraction,390,0.5415,false,false,hub,hub
target/carbonic-anhydrase-vii,target/kir2-3,390,0.5414,false,false,hub,hub
target/comt,target/enpp2,390,0.5414,false,false,hub,hub
target/m3k7,target/q9z1j7,390,0.5414,false,false,hub,hub
target/alpha-2b-adrenergic-receptor,target/type-1-angiotensin-ii-receptor-type-1-angiotensin-ii-receptor,390,0.5413,false,false,hub,hub
target/amine-oxidase-flavin-containing-a,target/aryl-hydrocarbon-receptor-aryl-hydrocarbon-receptor,390,0.5413,false,false,hub,hub
target/aryl-hydrocarbon-receptor-aryl-hydrocarbon-receptor,target/tspo,390,0.5413,false,false,hub,hub
target/camp-dependent-protein-kinase,target/pregnane-x-receptor,390,0.5413,false,false,hub,hub
target/ret4,target/syua,390,0.5413,false,false,hub,hub
target/streptococcus-pneumoniae,target/trace-amine-associated-receptor-1,390,0.5413,false,false,hub,hub
target/abcb1,target/cyp11b1,390,0.5412,false,false,hub,hub
target/acvr1,target/alpha-2a-adrenergic-receptor-alpha-2a-adrenergic-receptor,390,0.5412,false,false,hub,hub
target/amine-oxidase-flavin-containing-a,target/catechol-o-methyltransferase,390,0.5412,false,false,hub,hub
target/aryl-hydrocarbon-receptor,target/thromboxane-a2-receptor,390,0.5412,false,false,hub,hub
target/cac1a,target/cac1b,390,0.5412,false,false,hub,hub
target/cell-proliferation,target/neprilysin,390,0.5412,false,false,hub,hub
target/comt,target/cp51,390,0.5412,false,false,hub,hub
target/cysteinyl-leukotriene-receptor-1,target/hepatitis-c-virus,390,0.5412,false,false,hub,hub
target/cytochrome-p450-2c19,target/hepatitis-b-virus,390,0.5412,false,false,hub,hub
target/gaba-a-receptor-agonist-gaba-site,target/nitric-oxide-synthase-inducible,390,0.5412,false,false,hub,hub
target/hdac9,target/pgrc1,390,0.5412,false,false,hub,hub
target/hepatitis-b-virus,target/monoamine-oxidase,390,0.5412,false,false,hub,hub
target/neprilysin,target/prostaglandin-biosynthetic-process,390,0.5412,false,false,hub,hub
target/null,target/prostaglandin-secretion,390,0.5412,false,false,hub,hub
target/alpha-2a-adrenergic-receptor-alpha-2a-adrenergic-receptor,target/beta-1-adrenergic-receptor-beta-1-adrenergic-receptor,390,0.5411,false,false,hub,hub
target/aoc3,target/pncb,390,0.5411,false,false,hub,hub
target/hmdh,target/mycobacterium-tuberculosis-h37rv,390,0.5411,false,false,hub,hub
target/hmdh,target/p2y2-receptor,390,0.5411,false,false,hub,hub
target/integrin-alpha-iib-beta-3,target/thiazide-sensitive-sodium-chloride-cotransporter,390,0.5411,false,false,hub,hub
target/lipid-oxidation,target/nitric-oxide-synthase-inducible,390,0.5411,false,false,hub,hub
target/monoamine-oxidase,target/neprilysin,390,0.5411,false,false,hub,hub
target/pd2r,target/q9z1j7,390,0.5411,false,false,hub,hub
target/5ht1f,target/tspo,390,0.541,false,false,hub,hub
target/arachidonate-5-lipoxygenase-arachidonate-5-lipoxygenase,target/smooth-muscle-contraction,390,0.541,false,false,hub,hub
target/folh1,target/serine-threonine-protein-kinase-aurora-c,390,0.541,false,false,hub,hub
target/mycobacterium-tuberculosis-h37rv,target/prostaglandin-biosynthetic-process,390,0.541,false,false,hub,hub
target/prostaglandin-secretion,target/vitamin-d-receptor,390,0.541,false,false,hub,hub
target/alpha-2b-adrenergic-receptor,target/streptococcus-pneumoniae,390,0.5409,false,false,hub,hub
target/beta-amyloid-a4-protein,target/dopamine-beta-hydroxylase,390,0.5409,false,false,hub,hub
target/acha,target/net,390,0.5408,false,false,hub,hub
target/acvr1,target/pgrc1,390,0.5408,false,false,hub,hub
target/alpha-2a-adrenergic-receptor-alpha-2a-adrenergic-receptor,target/histamine-h1-receptor-histamine-h1-receptor-hrh1-human,390,0.5408,false,false,hub,hub
target/aryl-hydrocarbon-receptor,target/matrix-metalloproteinase-13,390,0.5408,false,false,hub,hub
target/cytochrome-p450-2c19,target/response-to-oxidative-stress,390,0.5408,false,false,hub,hub
target/hmdh,target/xanthine-dehydrogenase,390,0.5408,false,false,hub,hub
target/abcb1,target/cysteinyl-leukotriene-receptor-1,390,0.5407,false,false,hub,hub
target/acvr1,target/angiogenesis,390,0.5407,false,false,hub,hub
target/alpha-2a-adrenergic-receptor-alpha-2a-adrenergic-receptor,target/sc5a1,390,0.5407,false,false,hub,hub
target/blk,target/hck,390,0.5407,false,false,hub,hub
target/m5-receptor,target/sstr3,390,0.5407,false,false,hub,hub
target/muscarinic-acetylcholine-receptor-m4,target/nitric-oxide-synthase-inducible,390,0.5407,false,false,hub,hub
target/mycobacterium-tuberculosis,target/pgrc1,390,0.5407,false,false,hub,hub
target/angiogenesis,target/monoamine-oxidase-a,390,0.5406,false,false,hub,hub
target/c-jun-n-terminal-kinase-1,target/serotonin-3-receptor-chembl2111332,390,0.5406,false,false,hub,hub
target/integrin-alpha-iib-beta-3,target/tspo,390,0.5406,false,false,hub,hub
target/amine-oxidase-flavin-containing-a,target/pgrc1,390,0.5405,false,false,hub,hub
target/arachidonate-5-lipoxygenase-arachidonate-5-lipoxygenase,target/hepg2,390,0.5405,false,false,hub,hub
target/pd2r,target/pgrc1,390,0.5405,false,false,hub,hub
target/phosphodiesterase-4a,target/pregnane-x-receptor,390,0.5405,false,false,hub,hub
target/comt,target/hepatitis-c-virus,390,0.5404,false,false,hub,hub
target/integrin-alpha-iib-beta-3,target/plasmodium-falciparum,390,0.5404,false,false,hub,hub
target/kcnk2,target/nitric-oxide-synthase-inducible,390,0.5404,false,false,hub,hub
target/adrenergic-receptor-alpha-2,target/catechol-o-methyltransferase,390,0.5403,false,false,hub,hub
target/aryl-hydrocarbon-receptor,target/mu-type-opioid-receptor,390,0.5403,false,false,hub,hub
target/beta-2-adrenergic-receptor-beta-2-adrenergic-receptor,target/nitric-oxide-synthase-inducible,390,0.5403,false,false,hub,hub
target/bmx,target/scn1b,390,0.5403,false,false,hub,hub
target/catechol-o-methyltransferase,target/smooth-muscle-contraction,390,0.5403,false,false,hub,hub
target/alpha-2b-adrenergic-receptor,target/monoamine-oxidase-a,390,0.5402,false,false,hub,hub
target/prostaglandin-biosynthetic-process,target/serotonin-3-receptor,390,0.5402,false,false,hub,hub
target/alpha-2b-adrenergic-receptor,target/mmp13-mmp13,390,0.5401,false,false,hub,hub
target/cac1a,target/pgrc1,390,0.5401,false,false,hub,hub
target/kna1-2,target/vrac,390,0.5401,false,false,hub,hub
target/neprilysin,target/pregnane-x-receptor,390,0.5401,false,false,hub,hub
target/q9z1j7,target/serotonin-3-receptor-chembl2111332,390,0.5401,false,false,hub,hub
target/adrenergic-receptor-alpha-2,target/nitric-oxide-synthase-inducible,390,0.54,false,false,hub,hub
target/alpha-2a-adrenergic-receptor-alpha-2a-adrenergic-receptor,target/smooth-muscle-contraction,390,0.54,false,false,hub,hub
target/angiogenesis,target/cyp11b1,390,0.54,false,false,hub,hub
target/mycobacterium-tuberculosis-h37rv,target/opioid-receptors-mu-kappa-delta,390,0.54,false,false,hub,hub
target/neprilysin,target/type-1-angiotensin-ii-receptor-type-1-angiotensin-ii-receptor,390,0.54,false,false,hub,hub
target/nitric-oxide-synthase-inducible,target/smooth-muscle-contraction,390,0.54,false,false,hub,hub
target/aoxa,target/kcnk2,390,0.5398,false,false,hub,hub
target/kir2-3,target/mycobacterium-tuberculosis,390,0.5398,false,false,hub,hub
target/abcg2,target/kpym,390,0.5397,false,false,hub,hub
target/alpha-2a-adrenergic-receptor-alpha-2a-adrenergic-receptor,target/net,390,0.5397,false,false,hub,hub
target/angiogenesis,target/protein-farnesyltransferase,390,0.5397,false,false,hub,hub
target/apj,target/integrin-alpha-iib-beta-3,390,0.5397,false,false,hub,hub
target/bmr1b,target/hmdh,390,0.5397,false,false,hub,hub
target/cats,target/pgrc1,390,0.5397,false,false,hub,hub
target/fibroblast-growth-factor-receptor-4,target/nitric-oxide-synthase-inducible,390,0.5397,false,false,hub,hub
target/finc,target/tspo,390,0.5397,false,false,hub,hub
target/hepatitis-b-virus,target/streptococcus-pneumoniae,390,0.5397,false,false,hub,hub
target/kcnk2,target/pd2r,390,0.5397,false,false,hub,hub
target/2b-adrenoceptor,target/pgrc1,390,0.5396,false,false,hub,hub
target/arachidonate-5-lipoxygenase-arachidonate-5-lipoxygenase,target/cyclin-dependent-kinase-8,390,0.5396,false,false,hub,hub
target/arachidonate-5-lipoxygenase-arachidonate-5-lipoxygenase,target/kcnq1,390,0.5396,false,false,hub,hub
target/at1a2,target/hmdh,390,0.5396,false,false,hub,hub
target/cysteinyl-leukotriene-receptor-1,target/monoamine-oxidase-a,390,0.5396,false,false,hub,hub
target/dopamine-beta-hydroxylase,target/pgrc1,390,0.5396,false,false,hub,hub
target/hmdh,target/mtlr,390,0.5396,false,false,hub,hub
target/hmdh,target/trpc4,390,0.5396,false,false,hub,hub
target/neprilysin,target/streptococcus-pneumoniae,390,0.5396,false,false,hub,hub
target/q9z1j7,target/tlr4,390,0.5396,false,false,hub,hub
target/alpha-1a-adrenergic-receptor,target/protein-kinase-dna-activated-catalytic-subunit,390,0.5395,false,false,hub,hub
target/cysteinyl-leukotriene-receptor-1,target/mycobacterium-tuberculosis,390,0.5395,false,false,hub,hub
target/m3k7,target/rir1,390,0.5395,false,false,hub,hub
target/arachidonate-5-lipoxygenase-arachidonate-5-lipoxygenase,target/carbonic-anhydrase-xii,390,0.5394,false,false,hub,hub
target/beta-1-adrenergic-receptor-beta-1-adrenergic-receptor,target/cysteinyl-leukotriene-receptor-1,390,0.5394,false,false,hub,hub
target/cyclin-dependent-kinase-8,target/p2y2-receptor,390,0.5394,false,false,hub,hub
target/h2-receptor,target/mmp13-mmp13,390,0.5394,false,false,hub,hub
target/h2-receptor,target/trpc4,390,0.5394,false,false,hub,hub
target/prostaglandin-biosynthetic-process,target/tspo,390,0.5394,false,false,hub,hub
target/prostaglandin-secretion,target/streptococcus-pneumoniae,390,0.5394,false,false,hub,hub
target/acetylcholinesterase-acetylcholinesterase,target/serotonin-3-receptor-chembl2111332,390,0.5393,false,false,hub,hub
target/enpp2,target/kcna5,390,0.5393,false,false,hub,hub
target/hepatitis-c-virus,target/integrin-alpha-iib-beta-3,390,0.5393,false,false,hub,hub
target/net,target/sulfonylurea-receptors-k-atp-channels,390,0.5393,false,false,hub,hub
target/thiazide-sensitive-sodium-chloride-cotransporter,target/vrac,390,0.5393,false,false,hub,hub
target/alpha-2a-adrenergic-receptor-alpha-2a-adrenergic-receptor,target/psb8,390,0.5392,false,false,hub,hub
target/aryl-hydrocarbon-receptor,target/camp-dependent-protein-kinase,390,0.5392,false,false,hub,hub
target/comt,target/ret4,390,0.5392,false,false,hub,hub
target/hepatitis-c-virus,target/m3k7,390,0.5392,false,false,hub,hub
target/hepatitis-b-virus,target/monoamine-oxidase-a,390,0.5391,false,false,hub,hub
target/mycobacterium-tuberculosis,target/vrac,390,0.539,false,false,hub,hub
target/alpha-2b-adrenergic-receptor,target/phosphodiesterase-4a,390,0.5389,false,false,hub,hub
target/angiogenesis,target/thromboxane-a2-receptor,390,0.5389,false,false,hub,hub
target/apj,target/finc,390,0.5389,false,false,hub,hub
target/hepatitis-b-virus,target/mmp13-mmp13,390,0.5389,false,false,hub,hub
target/m5-receptor,target/q9z1j7,390,0.5389,false,false,hub,hub
target/monoamine-oxidase,target/serotonin-7-receptor,390,0.5389,false,false,hub,hub
target/plasmodium-falciparum,target/serotonin-3-receptor-chembl2111332,390,0.5389,false,false,hub,hub
target/acetylcholinesterase-acetylcholinesterase,target/arachidonate-5-lipoxygenase-arachidonate-5-lipoxygenase,390,0.5388,false,false,hub,hub
target/aoc3,target/tspo,390,0.5388,false,false,hub,hub
target/arachidonate-5-lipoxygenase-arachidonate-5-lipoxygenase,target/hypoxia-inducible-factor-1-alpha,390,0.5388,false,false,hub,hub
target/camp-dependent-protein-kinase,target/vrac,390,0.5388,false,false,hub,hub
target/catechol-o-methyltransferase,target/serotonin-3-receptor,390,0.5388,false,false,hub,hub
target/angiogenesis,target/p2y2-receptor,390,0.5386,false,false,hub,hub
target/arachidonate-5-lipoxygenase-arachidonate-5-lipoxygenase,target/peptidoglycan-biosynthesis,390,0.5386,false,false,hub,hub
target/cyclin-dependent-kinase-8,target/nitric-oxide-synthase-inducible,390,0.5386,false,false,hub,hub
target/hepatitis-b-virus,target/serotonin-1d-receptor,390,0.5386,false,false,hub,hub
target/il13,target/tspo,390,0.5386,false,false,hub,hub
target/kcna5,target/pncb,390,0.5386,false,false,hub,hub
target/kir2-3,target/phosphodiesterase-4a,390,0.5386,false,false,hub,hub
target/kir2-3,target/pncb,390,0.5386,false,false,hub,hub
target/kna1-2,target/protein-kinase-dna-activated-catalytic-subunit,390,0.5386,false,false,hub,hub
target/adrenergic-receptor-alpha-1,target/human-immunodeficiency-virus-type-1-protease,390,0.5385,false,false,hub,hub
target/adrenergic-receptor-alpha-1,target/vrac,390,0.5385,false,false,hub,hub
target/alpha-2a-adrenergic-receptor-alpha-2a-adrenergic-receptor,target/serotonin-3-receptor,390,0.5385,false,false,hub,hub
target/amine-oxidase-flavin-containing-a,target/opioid-receptors-mu-kappa-delta,390,0.5385,false,false,hub,hub
target/angiogenesis,target/pregnane-x-receptor,390,0.5385,false,false,hub,hub
target/apj,target/aryl-hydrocarbon-receptor,390,0.5385,false,false,hub,hub
target/hmdh,target/rir1,390,0.5385,false,false,hub,hub
target/hmdh,target/rxfp1,390,0.5385,false,false,hub,hub
target/hmdh,target/serotonin-3-receptor-chembl2111332,390,0.5385,false,false,hub,hub
target/mmp13-mmp13,target/pregnane-x-receptor,390,0.5385,false,false,hub,hub
target/adrenergic-receptor-alpha-2,target/aryl-hydrocarbon-receptor,390,0.5383,false,false,hub,hub
target/amine-oxidase-flavin-containing-a,target/sodium-glucose-cotransporter-2-sodium-glucose-cotransporter-2,390,0.5383,false,false,hub,hub
target/aryl-hydrocarbon-receptor,target/pncb,390,0.5383,false,false,hub,hub
target/aryl-hydrocarbon-receptor-aryl-hydrocarbon-receptor,target/mmp13-mmp13,390,0.5383,false,false,hub,hub
target/asic3,target/vitamin-d-receptor,390,0.5383,false,false,hub,hub
target/comt,target/klrba,390,0.5383,false,false,hub,hub
target/integrin-alpha-iib-beta-3,target/streptococcus-pneumoniae,390,0.5383,false,false,hub,hub
target/pregnane-x-receptor,target/tspo,390,0.5383,false,false,hub,hub
target/beta-amyloid-a4-protein,target/gaba-a-receptor-anion-channel,390,0.5382,false,false,hub,hub
target/cyp11b1,target/kv11-1,390,0.5382,false,false,hub,hub
target/kcma1,target/tspo,390,0.5382,false,false,hub,hub
target/phosphodiesterase-4a,target/phosphodiesterase-4a-phosphodiesterase-4a,390,0.5382,false,false,hub,hub
target/acetylcholinesterase-acetylcholinesterase,target/catechol-o-methyltransferase,390,0.5381,false,false,hub,hub
target/cyp11b1,target/mycobacterium-tuberculosis-h37rv,390,0.5381,false,false,hub,hub
target/hepatitis-b-virus,target/vitamin-d-receptor,390,0.5381,false,false,hub,hub
target/kir2-3,target/neprilysin,390,0.5381,false,false,hub,hub
target/serotonin-3-receptor,target/thiazide-sensitive-sodium-chloride-cotransporter,390,0.5381,false,false,hub,hub
target/apj,target/human-immunodeficiency-virus-type-1-protease,390,0.538,false,false,hub,hub
target/bmx,target/vitamin-d-receptor,390,0.538,false,false,hub,hub
target/histamine-h1-receptor-histamine-h1-receptor-hrh1-human,target/m2-receptor,390,0.538,false,false,hub,hub
target/monoamine-oxidase,target/vrac,390,0.538,false,false,hub,hub
target/mycobacterium-tuberculosis,target/streptococcus-pneumoniae,390,0.538,false,false,hub,hub
target/net,target/pncb,390,0.538,false,false,hub,hub
target/serotonin-7-receptor,target/sodium-glucose-cotransporter-2-sodium-glucose-cotransporter-2,390,0.538,false,false,hub,hub
target/acha,target/asic3,390,0.5379,false,false,hub,hub
target/acetylcholinesterase-acetylcholinesterase,target/nitric-oxide-synthase-inducible,390,0.5378,false,false,hub,hub
target/alpha-2b-adrenergic-receptor,target/m5-receptor,390,0.5378,false,false,hub,hub
target/apj,target/arachidonate-5-lipoxygenase-arachidonate-5-lipoxygenase,390,0.5378,false,false,hub,hub
target/at1-receptor,target/hmdh,390,0.5378,false,false,hub,hub
target/catechol-o-methyltransferase,target/plasmodium-falciparum,390,0.5378,false,false,hub,hub
target/hepatitis-b-virus,target/phosphodiesterase-4a,390,0.5378,false,false,hub,hub
target/human-immunodeficiency-virus-type-1-protease,target/phosphodiesterase-4a,390,0.5378,false,false,hub,hub
target/pncb,target/vrac,390,0.5378,false,false,hub,hub
target/pregnane-x-receptor,target/sstr3,390,0.5378,false,false,hub,hub
target/abl2,target/angiogenesis,390,0.5377,false,false,hub,hub
target/adrenergic-receptor-alpha-1,target/m5-receptor,390,0.5377,false,false,hub,hub
target/aldo-keto-reductase-family-1-member-b,target/h2-receptor,390,0.5377,false,false,hub,hub
target/alpha-2a-adrenergic-receptor-alpha-2a-adrenergic-receptor,target/amp-activated-protein-kinase-ampk,390,0.5377,false,false,hub,hub
target/alpha-2a-adrenergic-receptor-alpha-2a-adrenergic-receptor,target/lipid-metabolic-process,390,0.5377,false,false,hub,hub
target/apj,target/comt,390,0.5377,false,false,hub,hub
target/catechol-o-methyltransferase,target/cyp11b1,390,0.5377,false,false,hub,hub
target/cyp11b1,target/d1-receptor,390,0.5377,false,false,hub,hub
target/cyp11b1,target/m2-receptor,390,0.5377,false,false,hub,hub
target/cysteinyl-leukotriene-receptor-1,target/opioid-receptors-mu-kappa-delta,390,0.5377,false,false,hub,hub
target/hdac9,target/tspo,390,0.5377,false,false,hub,hub
target/integrin-alpha-iib-beta-3,target/monoamine-oxidase-a,390,0.5377,false,false,hub,hub
target/pgrc1,target/sulfonylurea-receptors-k-atp-channels,390,0.5377,false,false,hub,hub
target/vitamin-d-receptor,target/xanthine-dehydrogenase,390,0.5377,false,false,hub,hub
target/adrenergic-receptor-alpha-2,target/arachidonate-5-lipoxygenase-arachidonate-5-lipoxygenase,390,0.5376,false,false,hub,hub
target/adrenergic-receptor-alpha-2,target/neprilysin,390,0.5376,false,false,hub,hub
target/alpha-2a-adrenergic-receptor-alpha-2a-adrenergic-receptor,target/peptidoglycan-biosynthesis,390,0.5376,false,false,hub,hub
target/alpha-2a-adrenergic-receptor-alpha-2a-adrenergic-receptor,target/tspo,390,0.5376,false,false,hub,hub
target/cac1a,target/cacna2d1,390,0.5376,false,false,hub,hub
target/neprilysin,target/smooth-muscle-contraction,390,0.5376,false,false,hub,hub
target/nitric-oxide-synthase-inducible,target/peptidoglycan-biosynthesis,390,0.5376,false,false,hub,hub
target/acyl-coenzyme-a-cholesterol-acyltransferase-1,target/tlr4,390,0.5375,false,false,hub,hub
target/alpha-2b-adrenergic-receptor,target/serotonin-3-receptor,390,0.5375,false,false,hub,hub
target/angiogenesis,target/m3k7,390,0.5375,false,false,hub,hub
target/arachidonate-5-lipoxygenase-arachidonate-5-lipoxygenase,target/fibroblast-growth-factor-receptor-4,390,0.5375,false,false,hub,hub
target/aryl-hydrocarbon-receptor-aryl-hydrocarbon-receptor,target/prostaglandin-biosynthetic-process,390,0.5375,false,false,hub,hub
target/asic3,target/beta-amyloid-a4-protein,390,0.5375,false,false,hub,hub
target/cyclin-dependent-kinase-8,target/cyp11b1,390,0.5375,false,false,hub,hub
target/prostaglandin-secretion,target/serotonin-3-receptor-chembl2111332,390,0.5375,false,false,hub,hub
target/bmx,target/tpa,390,0.5374,false,false,hub,hub
target/m2-receptor,target/prostaglandin-biosynthetic-process,390,0.5374,false,false,hub,hub
target/angiogenesis,target/aoxa,390,0.5373,false,false,hub,hub
target/catechol-o-methyltransferase,target/hmdh,390,0.5373,false,false,hub,hub
target/cysteinyl-leukotriene-receptor-1,target/type-1-angiotensin-ii-receptor-type-1-angiotensin-ii-receptor,390,0.5373,false,false,hub,hub
target/kcnq1,target/kir2-3,390,0.5373,false,false,hub,hub
target/muscarinic-acetylcholine-receptor-m4,target/sulfonylurea-receptors-k-atp-channels,390,0.5373,false,false,hub,hub
target/5ht1f,target/hmdh,390,0.5372,false,false,hub,hub
target/aldo-keto-reductase-family-1-member-b,target/human-immunodeficiency-virus-type-1-protease,390,0.5372,false,false,hub,hub
target/apj,target/catechol-o-methyltransferase,390,0.5372,false,false,hub,hub
target/apj,target/m5-receptor,390,0.5372,false,false,hub,hub
target/clk1,target/vitamin-d-receptor,390,0.5372,false,false,hub,hub
target/comt,target/lt4r2,390,0.5372,false,false,hub,hub
target/comt,target/q38720,390,0.5372,false,false,hub,hub
target/dna-topoisomerase-1,target/nitric-oxide-synthase-inducible,390,0.5372,false,false,hub,hub
target/hepatitis-b-virus,target/opioid-receptors-mu-kappa-delta,390,0.5372,false,false,hub,hub
target/kir2-3,target/neuronal-acetylcholine-receptor-alpha3-beta4,390,0.5372,false,false,hub,hub
target/kir2-3,target/serotonin-3-receptor,390,0.5372,false,false,hub,hub
target/mdr1a,target/pncb,390,0.5372,false,false,hub,hub
target/thiazide-sensitive-sodium-chloride-cotransporter,target/topoisomerase-iv,390,0.5372,false,false,hub,hub
target/angiogenesis,target/mmp13-mmp13,390,0.5371,false,false,hub,hub
target/human-immunodeficiency-virus-type-1-protease,target/sodium-glucose-cotransporter-2-sodium-glucose-cotransporter-2,390,0.5371,false,false,hub,hub
target/2b-adrenoceptor,target/streptococcus-pneumoniae,390,0.537,false,false,hub,hub
target/acetylcholinesterase-acetylcholinesterase,target/amine-oxidase-flavin-containing-a,390,0.537,false,false,hub,hub
target/adrenergic-receptor-alpha-1,target/integrin-alpha-iib-beta-3,390,0.537,false,false,hub,hub
target/alpha-2b-adrenergic-receptor,target/pgrc1,390,0.537,false,false,hub,hub
target/amine-oxidase-flavin-containing-a,target/mycobacterium-tuberculosis,390,0.537,false,false,hub,hub
target/arachidonate-5-lipoxygenase-arachidonate-5-lipoxygenase,target/prostaglandin-secretion,390,0.537,false,false,hub,hub
target/neprilysin,target/opioid-receptors-mu-kappa-delta,390,0.537,false,false,hub,hub
target/aldo-keto-reductase-family-1-member-b,target/kv11-1,390,0.5369,false,false,hub,hub
target/alpha-2b-adrenergic-receptor,target/hypoxia-inducible-factor-1-alpha,390,0.5369,false,false,hub,hub
target/hmdh,target/il2ra,390,0.5369,false,false,hub,hub
target/acha,target/clk1,390,0.5368,false,false,hub,hub
target/angiogenesis,target/glun1,390,0.5368,false,false,hub,hub
target/hepatitis-b-virus,target/type-1-angiotensin-ii-receptor-type-1-angiotensin-ii-receptor,390,0.5368,false,false,hub,hub
target/aryl-hydrocarbon-receptor-aryl-hydrocarbon-receptor,target/neprilysin,390,0.5367,false,false,hub,hub
target/asic3,target/q9z1j7,390,0.5367,false,false,hub,hub
target/cytochrome-p450-2c19,target/thiazide-sensitive-sodium-chloride-cotransporter,390,0.5367,false,false,hub,hub
target/dna-topoisomerase-1,target/hypoxia-inducible-factor-1-alpha,390,0.5367,false,false,hub,hub
target/integrin-alpha-iib-beta-3,target/vitamin-d-receptor,390,0.5367,false,false,hub,hub
target/type-1-angiotensin-ii-receptor-type-1-angiotensin-ii-receptor,target/vrac,390,0.5367,false,false,hub,hub
target/acha,target/alpha-2a-adrenergic-receptor-alpha-2a-adrenergic-receptor,390,0.5366,false,false,hub,hub
target/acyl-coenzyme-a-cholesterol-acyltransferase-1,target/nitric-oxide-synthase-inducible,390,0.5366,false,false,hub,hub
target/adrenergic-receptor-alpha-2,target/alpha-2a-adrenergic-receptor-alpha-2a-adrenergic-receptor,390,0.5366,false,false,hub,hub
target/arachidonate-5-lipoxygenase-arachidonate-5-lipoxygenase,target/mu-type-opioid-receptor,390,0.5366,false,false,hub,hub
target/aryl-hydrocarbon-receptor,target/serotonin-2a-receptor-chembl322,390,0.5366,false,false,hub,hub
target/aryl-hydrocarbon-receptor-aryl-hydrocarbon-receptor,target/p2y2-receptor,390,0.5366,false,false,hub,hub
target/hmdh,target/integrin-alpha-iib-beta-3,390,0.5366,false,false,hub,hub
target/nitric-oxide-synthase-inducible,target/pncb,390,0.5366,false,false,hub,hub
target/angiogenesis,target/kcna5,390,0.5365,false,false,hub,hub
target/angiogenesis,target/sstr3,390,0.5365,false,false,hub,hub
target/arachidonate-5-lipoxygenase-arachidonate-5-lipoxygenase,target/d1-receptor,390,0.5365,false,false,hub,hub
target/arachidonate-5-lipoxygenase-arachidonate-5-lipoxygenase,target/m2-receptor,390,0.5365,false,false,hub,hub
target/cysteinyl-leukotriene-receptor-1,target/thiazide-sensitive-sodium-chloride-cotransporter,390,0.5365,false,false,hub,hub
target/streptococcus-pneumoniae,target/vrac,390,0.5365,false,false,hub,hub
target/aldo-keto-reductase-family-1-member-b,target/d1-receptor,390,0.5364,false,false,hub,hub
target/alpha-2a-adrenergic-receptor-alpha-2a-adrenergic-receptor,target/thromboxane-a2-receptor,390,0.5364,false,false,hub,hub
target/aryl-hydrocarbon-receptor-aryl-hydrocarbon-receptor,target/pregnane-x-receptor,390,0.5364,false,false,hub,hub
target/kv11-1,target/m5-receptor,390,0.5364,false,false,hub,hub
target/lt4r2,target/nitric-oxide-synthase-inducible,390,0.5364,false,false,hub,hub
target/pncb,target/sulfonylurea-receptors-k-atp-channels,390,0.5364,false,false,hub,hub
target/alpha-2a-adrenergic-receptor-alpha-2a-adrenergic-receptor,target/reactive-oxygen-species-biosynthetic-process,390,0.5363,false,false,hub,hub
target/cyclin-dependent-kinase-2-cyclin-e,target/serotonin-3-receptor,390,0.5363,false,false,hub,hub
target/enpp2,target/fpr1,390,0.5363,false,false,hub,hub
target/hmdh,target/mmp13-mmp13,390,0.5363,false,false,hub,hub
target/kpcd1,target/kpcd3,390,0.5363,false,false,hub,hub
target/amine-oxidase-flavin-containing-a,target/vitamin-d-receptor,390,0.5362,false,false,hub,hub
target/angiogenesis,target/monoamine-oxidase,390,0.5362,false,false,hub,hub
target/cyclin-dependent-kinase-2-cyclin-e,target/nitric-oxide-synthase-inducible,390,0.5362,false,false,hub,hub
target/cyp11b1,target/serotonin-7-receptor,390,0.5362,false,false,hub,hub
target/alpha-2a-adrenergic-receptor-alpha-2a-adrenergic-receptor,target/response-to-oxidative-stress,390,0.5361,false,false,hub,hub
target/comt,target/hdac9,390,0.5361,false,false,hub,hub
target/cyp11b1,target/sstr3,390,0.5361,false,false,hub,hub
target/beta-1-adrenergic-receptor-beta-1-adrenergic-receptor,target/serotonin-3-receptor-chembl2111332,390,0.536,false,false,hub,hub
target/hdac8,target/histone-deacetylase-1-histone-deacetylase-1,390,0.536,false,false,hub,hub
target/nitric-oxide-synthase-inducible,target/prostaglandin-secretion,390,0.536,false,false,hub,hub
target/abcb1,target/nitric-oxide-synthase-inducible,390,0.5359,false,false,hub,hub
target/alpha-2a-adrenergic-receptor-alpha-2a-adrenergic-receptor,target/pregnane-x-receptor,390,0.5359,false,false,hub,hub
target/angiogenesis,target/monoamine-oxidase-b,390,0.5359,false,false,hub,hub
target/arachidonate-5-lipoxygenase-arachidonate-5-lipoxygenase,target/sulfonylurea-receptors-k-atp-channels,390,0.5359,false,false,hub,hub
target/hepatitis-b-virus,target/hypoxia-inducible-factor-1-alpha,390,0.5359,false,false,hub,hub
target/hepatitis-c-virus,target/pd2r,390,0.5359,false,false,hub,hub
target/matrix-metalloproteinase-1,target/nitric-oxide-synthase-inducible,390,0.5359,false,false,hub,hub
target/mycobacterium-tuberculosis,target/serotonin-3-receptor-chembl2111332,390,0.5359,false,false,hub,hub
target/neurotrophic-receptor-tyrosine-kinase-3,target/trpc4,390,0.5359,false,false,hub,hub
target/serotonin-1b-receptor,target/streptococcus-pneumoniae,390,0.5359,false,false,hub,hub
target/glun1,target/serotonin-3-receptor-chembl2111332,390,0.5358,false,false,hub,hub
target/hepatitis-b-virus,target/pgrc1,390,0.5358,false,false,hub,hub
target/muscarinic-acetylcholine-receptor-m4,target/serotonin-3-receptor-chembl2111332,390,0.5358,false,false,hub,hub
target/streptococcus-pneumoniae,target/type-1-angiotensin-ii-receptor-type-1-angiotensin-ii-receptor,390,0.5358,false,false,hub,hub
target/integrin-alpha-iib-beta-3,target/prostaglandin-secretion,390,0.5357,false,false,hub,hub
target/matrix-metalloproteinase-1,target/mmp1,390,0.5357,false,false,hub,hub
target/mycobacterium-tuberculosis-h37rv,target/thiazide-sensitive-sodium-chloride-cotransporter,390,0.5357,false,false,hub,hub
target/alpha-2a-adrenergic-receptor-alpha-2a-adrenergic-receptor,target/hepatocyte-growth-factor-receptor-hepatocyte-growth-factor-receptor,390,0.5356,false,false,hub,hub
target/amine-oxidase-flavin-containing-a,target/human-immunodeficiency-virus-type-1-protease,390,0.5356,false,false,hub,hub
target/angiogenesis,target/aoc3,390,0.5356,false,false,hub,hub
target/cyp11b1,target/serotonin-3-receptor-chembl2111332,390,0.5356,false,false,hub,hub
target/d1-receptor,target/nitric-oxide-synthase-inducible,390,0.5356,false,false,hub,hub
target/gdf8,target/tlr4,390,0.5356,false,false,hub,hub
target/hepatitis-c-virus,target/muscarinic-acetylcholine-receptor-m4,390,0.5356,false,false,hub,hub
target/mu-type-opioid-receptor,target/nitric-oxide-synthase-inducible,390,0.5356,false,false,hub,hub
target/phosphodiesterase-4a,target/serotonin-7-receptor,390,0.5356,false,false,hub,hub
target/rorg,target/tspo,390,0.5356,false,false,hub,hub
target/arachidonate-5-lipoxygenase-arachidonate-5-lipoxygenase,target/beta-1-adrenergic-receptor-beta-1-adrenergic-receptor,390,0.5355,false,false,hub,hub
target/aryl-hydrocarbon-receptor,target/cell-proliferation,390,0.5355,false,false,hub,hub
target/aryl-hydrocarbon-receptor,target/hmg-coa-reductase,390,0.5355,false,false,hub,hub
target/cell-proliferation,target/cysteinyl-leukotriene-receptor-1,390,0.5355,false,false,hub,hub
target/human-immunodeficiency-virus-type-1-protease,target/plasmodium-falciparum,390,0.5355,false,false,hub,hub
target/kir2-3,target/phosphodiesterase-4a-phosphodiesterase-4a,390,0.5355,false,false,hub,hub
target/mmp13-mmp13,target/neprilysin,390,0.5355,false,false,hub,hub
target/monoamine-oxidase,target/prostaglandin-biosynthetic-process,390,0.5355,false,false,hub,hub
target/neprilysin,target/trpc4,390,0.5355,false,false,hub,hub
target/s22a1,target/t2r46,390,0.5355,false,false,hub,hub
target/amine-oxidase-flavin-containing-a,target/matrix-metalloproteinase-13,390,0.5354,false,false,hub,hub
target/comt,target/histamine-h1-receptor-histamine-h1-receptor-hrh1-human,390,0.5354,false,false,hub,hub
target/mycobacterium-tuberculosis-h37rv,target/trpc4,390,0.5354,false,false,hub,hub
target/pncb,target/sstr3,390,0.5354,false,false,hub,hub
target/scn1b,target/tspo,390,0.5354,false,false,hub,hub
target/cac1a,target/vrac,390,0.5353,false,false,hub,hub
target/comt,target/mmp13-mmp13,390,0.5353,false,false,hub,hub
target/cyp11b1,target/human-immunodeficiency-virus-type-1-protease,390,0.5353,false,false,hub,hub
target/muscarinic-acetylcholine-receptor-m4,target/neprilysin,390,0.5353,false,false,hub,hub
target/5-hydroxytryptamine-receptor-1a,target/prostaglandin-biosynthetic-process,390,0.5352,false,false,hub,hub
target/amine-oxidase-flavin-containing-a,target/comt,390,0.5352,false,false,hub,hub
target/catechol-o-methyltransferase,target/thiazide-sensitive-sodium-chloride-cotransporter,390,0.5352,false,false,hub,hub
target/h1-receptor,target/h2-receptor,390,0.5352,false,false,hub,hub
target/hmdh,target/pdpk1,390,0.5352,false,false,hub,hub
target/integrin-alpha-iib-beta-3,target/type-1-angiotensin-ii-receptor-type-1-angiotensin-ii-receptor,390,0.5352,false,false,hub,hub
target/lt4r2,target/sstr3,390,0.5352,false,false,hub,hub
target/mmp12,target/pncb,390,0.5352,false,false,hub,hub
target/mycobacterium-tuberculosis-h37rv,target/plasmodium-falciparum,390,0.5352,false,false,hub,hub
target/prostaglandin-secretion,target/topoisomerase-iv,390,0.5352,false,false,hub,hub
target/q9z1j7,target/sulfonylurea-receptors-k-atp-channels,390,0.5352,false,false,hub,hub
target/ripk1,target/tspo,390,0.5352,false,false,hub,hub
target/comt,target/glun1,390,0.5351,false,false,hub,hub
target/alpha-1a-adrenergic-receptor,target/cysteinyl-leukotriene-receptor-1,390,0.535,false,false,hub,hub
target/angiogenesis,target/hepatocyte-growth-factor-receptor-hepatocyte-growth-factor-receptor,390,0.535,false,false,hub,hub
target/clk1,target/pd2r,390,0.535,false,false,hub,hub
target/hmdh,target/t2r46,390,0.535,false,false,hub,hub
target/alpha-1a-adrenergic-receptor,target/serotonin-3-receptor-chembl2111332,390,0.5349,false,false,hub,hub
target/at1-receptor,target/cyp11b1,390,0.5349,false,false,hub,hub
target/kir2-3,target/tlr4,390,0.5349,false,false,hub,hub
target/vitamin-d-receptor,target/vrac,390,0.5349,false,false,hub,hub
target/5-hydroxytryptamine-receptor-1a,target/serotonin-3-receptor-chembl2111332,390,0.5348,false,false,hub,hub
target/angiogenesis,target/histamine-h2-receptor,390,0.5348,false,false,hub,hub
target/catechol-o-methyltransferase,target/mycobacterium-tuberculosis,390,0.5348,false,false,hub,hub
target/cyclin-dependent-kinase-8,target/mmp13-mmp13,390,0.5348,false,false,hub,hub
target/cyclin-dependent-kinase-8,target/trpc4,390,0.5348,false,false,hub,hub
target/cysteinyl-leukotriene-receptor-1,target/thromboxane-a2-receptor,390,0.5348,false,false,hub,hub
target/histamine-h1-receptor-histamine-h1-receptor-hrh1-human,target/streptococcus-pneumoniae,390,0.5348,false,false,hub,hub
target/kcnq1,target/trpc4,390,0.5348,false,false,hub,hub
target/dopamine-beta-hydroxylase,target/response-to-oxidative-stress,390,0.5347,false,false,hub,hub
target/enpp2,target/q9z1j7,390,0.5347,false,false,hub,hub
target/hmdh,target/il13,390,0.5347,false,false,hub,hub
target/matrix-metalloproteinase-13,target/monoamine-oxidase,390,0.5347,false,false,hub,hub
target/rxfp1,target/tlr4,390,0.5347,false,false,hub,hub
target/adrenergic-receptor-alpha-1,target/catechol-o-methyltransferase,390,0.5346,false,false,hub,hub
target/arachidonate-5-lipoxygenase-arachidonate-5-lipoxygenase,target/h2-receptor,390,0.5346,false,false,hub,hub
target/comt,target/mmp12,390,0.5346,false,false,hub,hub
target/cysteinyl-leukotriene-receptor-1,target/tlr4,390,0.5346,false,false,hub,hub
target/monoamine-oxidase,target/mycobacterium-tuberculosis-h37rv,390,0.5346,false,false,hub,hub
target/net,target/vrac,390,0.5346,false,false,hub,hub
target/serotonin-2a-receptor-chembl322,target/thiazide-sensitive-sodium-chloride-cotransporter,390,0.5346,false,false,hub,hub
target/streptococcus-pneumoniae,target/topoisomerase-iv,390,0.5346,false,false,hub,hub
target/adrenergic-receptor-alpha-2,target/human-immunodeficiency-virus-type-1-protease,390,0.5345,false,false,hub,hub
target/human-immunodeficiency-virus-type-1-protease,target/smooth-muscle-contraction,390,0.5345,false,false,hub,hub
target/map-kinase-p38-beta,target/mitogen-activated-protein-kinase-11,390,0.5345,false,false,hub,hub
target/abl2,target/amine-oxidase-flavin-containing-a,390,0.5344,false,false,hub,hub
target/aldo-keto-reductase-family-1-member-b,target/aryl-hydrocarbon-receptor,390,0.5344,false,false,hub,hub
target/aryl-hydrocarbon-receptor,target/prostaglandin-secretion,390,0.5344,false,false,hub,hub
target/aryl-hydrocarbon-receptor,target/sodium-glucose-cotransporter-2-sodium-glucose-cotransporter-2,390,0.5344,false,false,hub,hub
target/beta-amyloid-a4-protein,target/hepatitis-c-virus,390,0.5344,false,false,hub,hub
target/bmr1b,target/pgrc1,390,0.5344,false,false,hub,hub
target/cysteinyl-leukotriene-receptor-1,target/p2y2-receptor,390,0.5344,false,false,hub,hub
target/human-immunodeficiency-virus-type-1-protease,target/rorg,390,0.5344,false,false,hub,hub
target/neprilysin,target/phosphodiesterase-4a,390,0.5344,false,false,hub,hub
target/opioid-receptors-mu-kappa-delta,target/serotonin-3-receptor-chembl2111332,390,0.5344,false,false,hub,hub
target/pncb,target/tlr4,390,0.5344,false,false,hub,hub
target/5-hydroxytryptamine-receptor-1a,target/neprilysin,390,0.5343,false,false,hub,hub
target/alpha-2a-adrenergic-receptor-alpha-2a-adrenergic-receptor,target/glun1,390,0.5343,false,false,hub,hub
target/arachidonate-5-lipoxygenase-arachidonate-5-lipoxygenase,target/pncb,390,0.5343,false,false,hub,hub
target/lipid-metabolic-process,target/thiazide-sensitive-sodium-chloride-cotransporter,390,0.5343,false,false,hub,hub
target/neprilysin,target/pncb,390,0.5343,false,false,hub,hub
target/peptidoglycan-biosynthesis,target/serotonin-3-receptor,390,0.5343,false,false,hub,hub
target/scn1b,target/tpa,390,0.5343,false,false,hub,hub
target/abcb1,target/serotonin-3-receptor-chembl2111332,390,0.5342,false,false,hub,hub
target/adrenergic-receptor-alpha-2,target/prostaglandin-secretion,390,0.5342,false,false,hub,hub
target/arachidonate-5-lipoxygenase-arachidonate-5-lipoxygenase,target/hepatitis-c-virus,390,0.5342,false,false,hub,hub
target/arachidonate-5-lipoxygenase-arachidonate-5-lipoxygenase,target/lt4r2,390,0.5342,false,false,hub,hub
target/aryl-hydrocarbon-receptor-aryl-hydrocarbon-receptor,target/hmdh,390,0.5342,false,false,hub,hub
target/beta-amyloid-a4-protein,target/bmx,390,0.5342,false,false,hub,hub
target/cac1a,target/nitric-oxide-synthase-inducible,390,0.5342,false,false,hub,hub
target/comt,target/serotonin-3-receptor-chembl2111332,390,0.5342,false,false,hub,hub
target/hmdh,target/serotonin-1b-receptor,390,0.5342,false,false,hub,hub
target/hmdh,target/serotonin-2-receptor,390,0.5342,false,false,hub,hub
target/integrin-alpha-iib-beta-3,target/pgrc1,390,0.5342,false,false,hub,hub
target/abcg2,target/m3k7,390,0.5341,false,false,hub,hub
target/amine-oxidase-flavin-containing-a,target/gaba-a-receptor-agonist-gaba-site,390,0.5341,false,false,hub,hub
target/cytochrome-p450-2c19,target/streptococcus-pneumoniae,390,0.5341,false,false,hub,hub
target/integrin-alpha-iib-beta-3,target/mycobacterium-tuberculosis,390,0.5341,false,false,hub,hub
target/alpha-2a-adrenergic-receptor-alpha-2a-adrenergic-receptor,target/cyp11b1,390,0.534,false,false,hub,hub
target/alpha-2a-adrenergic-receptor-alpha-2a-adrenergic-receptor,target/protein-farnesyltransferase,390,0.534,false,false,hub,hub
target/amine-oxidase-flavin-containing-a,target/hypoxia-inducible-factor-1-alpha,390,0.534,false,false,hub,hub
target/apj,target/kcnq1,390,0.534,false,false,hub,hub
target/arachidonate-5-lipoxygenase-arachidonate-5-lipoxygenase,target/cyclin-dependent-kinase-2-cyclin-e,390,0.534,false,false,hub,hub
target/opioid-receptors-mu-kappa-delta,target/vrac,390,0.534,false,false,hub,hub
target/alpha-2a-adrenergic-receptor-alpha-2a-adrenergic-receptor,target/kcnk2,390,0.5339,false,false,hub,hub
target/arachidonate-5-lipoxygenase-arachidonate-5-lipoxygenase,target/kv11-1,390,0.5339,false,false,hub,hub
target/hmdh,target/kcnq1,390,0.5339,false,false,hub,hub
target/hmdh,target/m5-receptor,390,0.5339,false,false,hub,hub
target/hmdh,target/xdh,390,0.5339,false,false,hub,hub
target/kcnk2,target/m3k7,390,0.5339,false,false,hub,hub
target/macrophage-stimulating-protein-receptor,target/nitric-oxide-synthase-inducible,390,0.5339,false,false,hub,hub
target/alpha-2a-adrenergic-receptor-alpha-2a-adrenergic-receptor,target/prostaglandin-biosynthetic-process,390,0.5338,false,false,hub,hub
target/angiogenesis,target/beta-1-adrenergic-receptor-beta-1-adrenergic-receptor,390,0.5338,false,false,hub,hub
target/angiogenesis,target/trpc4,390,0.5338,false,false,hub,hub
target/aoxa,target/kcna5,390,0.5338,false,false,hub,hub
target/cyp11b1,target/integrin-alpha-iib-beta-3,390,0.5338,false,false,hub,hub
target/cysteinyl-leukotriene-receptor-1,target/streptococcus-pneumoniae,390,0.5338,false,false,hub,hub
target/serotonin-3-receptor-chembl2111332,target/type-1-angiotensin-ii-receptor-type-1-angiotensin-ii-receptor,390,0.5338,false,false,hub,hub
target/acha,target/streptococcus-pneumoniae,390,0.5337,false,false,hub,hub
target/angiogenesis,target/sc5a1,390,0.5337,false,false,hub,hub
target/aoxa,target/s22a2,390,0.5337,false,false,hub,hub
target/arachidonate-5-lipoxygenase-arachidonate-5-lipoxygenase,target/matrix-metalloproteinase-1,390,0.5337,false,false,hub,hub
target/casp1,target/tlr4,390,0.5337,false,false,hub,hub
target/hypoxia-inducible-factor-1-alpha,target/serotonin-7-receptor,390,0.5337,false,false,hub,hub
target/net,target/streptococcus-pneumoniae,390,0.5337,false,false,hub,hub
target/serotonin-1d-receptor,target/trpc4,390,0.5337,false,false,hub,hub
target/abcb1,target/arachidonate-5-lipoxygenase-arachidonate-5-lipoxygenase,390,0.5336,false,false,hub,hub
target/abcb1,target/p2y2-receptor,390,0.5336,false,false,hub,hub
target/dopamine-beta-hydroxylase,target/sulfonylurea-receptors-k-atp-channels,390,0.5336,false,false,hub,hub
target/finc,target/mmp13-mmp13,390,0.5336,false,false,hub,hub
target/gaba-a-receptor-agonist-gaba-site,target/kir2-3,390,0.5336,false,false,hub,hub
target/abcg2,target/angiogenesis,390,0.5335,false,false,hub,hub
target/alpha-2b-adrenergic-receptor,target/plasmodium-falciparum,390,0.5335,false,false,hub,hub
target/amine-oxidase-flavin-containing-a,target/serum-albumin,390,0.5335,false,false,hub,hub
target/angiogenesis,target/serum-albumin,390,0.5335,false,false,hub,hub
target/cyp11b1,target/pgrc1,390,0.5335,false,false,hub,hub
target/hepatitis-b-virus,target/m5-receptor,390,0.5335,false,false,hub,hub
target/kcnj8,target/pde3a,390,0.5335,false,false,hub,hub
target/monoamine-oxidase-a,target/prostaglandin-biosynthetic-process,390,0.5335,false,false,hub,hub
target/mu-type-opioid-receptor,target/neprilysin,390,0.5335,false,false,hub,hub
target/5ht1f,target/vrac,390,0.5333,false,false,hub,hub
target/adrenergic-receptor-alpha-1,target/alpha-2b-adrenergic-receptor,390,0.5333,false,false,hub,hub
target/aldo-keto-reductase-family-1-member-b,target/m2-receptor,390,0.5333,false,false,hub,hub
target/amine-oxidase-flavin-containing-a,target/serotonin-7-receptor,390,0.5333,false,false,hub,hub
target/camp-dependent-protein-kinase,target/prostaglandin-biosynthetic-process,390,0.5333,false,false,hub,hub
target/carbonic-anhydrase-vii,target/nitric-oxide-synthase-inducible,390,0.5333,false,false,hub,hub
target/catechol-o-methyltransferase,target/opioid-receptors-mu-kappa-delta,390,0.5333,false,false,hub,hub
target/hepg2,target/nitric-oxide-synthase-inducible,390,0.5333,false,false,hub,hub
target/human-immunodeficiency-virus-type-1-protease,target/streptococcus-pneumoniae,390,0.5333,false,false,hub,hub
target/monoamine-oxidase-b,target/nitric-oxide-synthase-inducible,390,0.5333,false,false,hub,hub
target/prostaglandin-secretion,target/ren,390,0.5333,false,false,hub,hub
target/2b-adrenoceptor,target/histamine-h1-receptor-histamine-h1-receptor-hrh1-human,390,0.5332,false,false,hub,hub
target/aoc3,target/q9z1j7,390,0.5332,false,false,hub,hub
target/catechol-o-methyltransferase,target/p2y2-receptor,390,0.5332,false,false,hub,hub
target/catechol-o-methyltransferase,target/prostaglandin-secretion,390,0.5332,false,false,hub,hub
target/chle,target/glun1,390,0.5332,false,false,hub,hub
target/cysteinyl-leukotriene-receptor-1,target/hypoxia-inducible-factor-1-alpha,390,0.5332,false,false,hub,hub
target/hepatitis-b-virus,target/serotonin-3-receptor,390,0.5332,false,false,hub,hub
target/kcnk2,target/tspo,390,0.5332,false,false,hub,hub
target/m2-receptor,target/pregnane-x-receptor,390,0.5332,false,false,hub,hub
target/m5-receptor,target/neprilysin,390,0.5332,false,false,hub,hub
target/ptger1,target/ptgfr,390,0.5332,false,false,hub,hub
target/scn1b,target/streptococcus-pneumoniae,390,0.5332,false,false,hub,hub
target/streptococcus-pneumoniae,target/xanthine-dehydrogenase,390,0.5332,false,false,hub,hub
target/abcb1,target/catechol-o-methyltransferase,390,0.5331,false,false,hub,hub
target/cac1a,target/sstr3,390,0.5331,false,false,hub,hub
target/kir2-3,target/serotonin-1d-receptor,390,0.5331,false,false,hub,hub
target/mycobacterium-tuberculosis-h37rv,target/streptococcus-pneumoniae,390,0.5331,false,false,hub,hub
target/apj,target/pgrc1,390,0.533,false,false,hub,hub
target/comt,target/m5-receptor,390,0.533,false,false,hub,hub
target/mycobacterium-tuberculosis,target/vitamin-d-receptor,390,0.533,false,false,hub,hub
target/serotonin-3-receptor-chembl2111332,target/thiazide-sensitive-sodium-chloride-cotransporter,390,0.533,false,false,hub,hub
target/alpha-2b-adrenergic-receptor,target/hmg-coa-reductase,390,0.5329,false,false,hub,hub
target/angiogenesis,target/mapk-signaling-pathway,390,0.5329,false,false,hub,hub
target/angiotensin-converting-enzyme-angiotensin-converting-enzyme-ace-human,target/thiazide-sensitive-sodium-chloride-cotransporter,390,0.5329,false,false,hub,hub
target/aryl-hydrocarbon-receptor-aryl-hydrocarbon-receptor,target/type-1-angiotensin-ii-receptor-type-1-angiotensin-ii-receptor,390,0.5329,false,false,hub,hub
target/atm,target/tspo,390,0.5329,false,false,hub,hub
target/camp-dependent-protein-kinase,target/serotonin-3-receptor-chembl2111332,390,0.5329,false,false,hub,hub
target/d1-receptor,target/m2-receptor,390,0.5329,false,false,hub,hub
target/hmdh,target/urok,390,0.5329,false,false,hub,hub
target/mmp13-mmp13,target/phosphodiesterase-4a,390,0.5329,false,false,hub,hub
target/monoamine-oxidase-a,target/thromboxane-a2-receptor,390,0.5329,false,false,hub,hub
target/phosphodiesterase-4a,target/trpc4,390,0.5329,false,false,hub,hub
target/rxfp1,target/tspo,390,0.5329,false,false,hub,hub
target/thiazide-sensitive-sodium-chloride-cotransporter,target/thromboxane-a2-receptor,390,0.5329,false,false,hub,hub
target/alpha-2a-adrenergic-receptor-alpha-2a-adrenergic-receptor,target/p2y2-receptor,390,0.5328,false,false,hub,hub
target/angiogenesis,target/phosphodiesterase-4a,390,0.5328,false,false,hub,hub
target/aryl-hydrocarbon-receptor,target/muscarinic-acetylcholine-receptor-m4,390,0.5328,false,false,hub,hub
target/comt,target/thas,390,0.5328,false,false,hub,hub
target/enpp2,target/pncb,390,0.5328,false,false,hub,hub
target/hmdh,target/topoisomerase-iv,390,0.5328,false,false,hub,hub
target/human-immunodeficiency-virus-type-1-protease,target/monoamine-oxidase-a,390,0.5328,false,false,hub,hub
target/mmp13-mmp13,target/neurotrophic-receptor-tyrosine-kinase-3,390,0.5328,false,false,hub,hub
target/5ht1f,target/kcnq1,390,0.5327,false,false,hub,hub
target/acetylcholinesterase-acetylcholinesterase,target/human-immunodeficiency-virus-type-1-protease,390,0.5327,false,false,hub,hub
target/aryl-hydrocarbon-receptor,target/serum-albumin,390,0.5327,false,false,hub,hub
target/cyp11b1,target/h2-receptor,390,0.5327,false,false,hub,hub
target/cytochrome-p450-2c19,target/vitamin-d-receptor,390,0.5327,false,false,hub,hub
target/dopamine-beta-hydroxylase,target/serotonin-7-receptor,390,0.5327,false,false,hub,hub
target/integrin-alpha-iib-beta-3,target/opioid-receptors-mu-kappa-delta,390,0.5327,false,false,hub,hub
target/thiazide-sensitive-sodium-chloride-cotransporter,target/xanthine-dehydrogenase,390,0.5327,false,false,hub,hub
target/alpha-2a-adrenergic-receptor-alpha-2a-adrenergic-receptor,target/at1-receptor,390,0.5326,false,false,hub,hub
target/cannabinoid-receptor-2,target/cnr2,390,0.5326,false,false,hub,hub
target/mycobacterium-tuberculosis,target/pncb,390,0.5326,false,false,hub,hub
target/alpha-2b-adrenergic-receptor,target/asic3,390,0.5325,false,false,hub,hub
target/apj,target/kcnk2,390,0.5325,false,false,hub,hub
target/catechol-o-methyltransferase,target/streptococcus-pneumoniae,390,0.5325,false,false,hub,hub
target/finc,target/serotonin-3-receptor-chembl2111332,390,0.5325,false,false,hub,hub
target/fpr1,target/hmdh,390,0.5325,false,false,hub,hub
target/hmdh,target/tysy,390,0.5325,false,false,hub,hub
target/il13,target/pgrc1,390,0.5325,false,false,hub,hub
target/mmp13,target/mmp13-mmp13,390,0.5325,false,false,hub,hub
target/tpa,target/tspo,390,0.5325,false,false,hub,hub
target/alpha-2a-adrenergic-receptor-alpha-2a-adrenergic-receptor,target/histamine-h2-receptor,390,0.5324,false,false,hub,hub
target/alpha-2b-adrenergic-receptor,target/thromboxane-a2-receptor,390,0.5324,false,false,hub,hub
target/arachidonate-5-lipoxygenase-arachidonate-5-lipoxygenase,target/camp-dependent-protein-kinase,390,0.5324,false,false,hub,hub
target/aryl-hydrocarbon-receptor,target/kcnk2,390,0.5324,false,false,hub,hub
target/aryl-hydrocarbon-receptor,target/macrophage-stimulating-protein-receptor,390,0.5324,false,false,hub,hub
target/beta-amyloid-a4-protein,target/muscarinic-acetylcholine-receptor-m4,390,0.5324,false,false,hub,hub
target/chle,target/hmdh,390,0.5324,false,false,hub,hub
target/hepatitis-b-virus,target/plasmodium-falciparum,390,0.5324,false,false,hub,hub
target/hmdh,target/ks6a1,390,0.5324,false,false,hub,hub
target/kpym,target/scn1b,390,0.5324,false,false,hub,hub
target/leukocyte-elastase,target/nitric-oxide-synthase-inducible,390,0.5324,false,false,hub,hub
target/m5-receptor,target/serotonin-3-receptor,390,0.5324,false,false,hub,hub
target/monoamine-oxidase-a,target/pregnane-x-receptor,390,0.5324,false,false,hub,hub
target/cell-proliferation,target/serotonin-3-receptor-chembl2111332,390,0.5323,false,false,hub,hub
target/clk1,target/m3k7,390,0.5323,false,false,hub,hub
target/kcna5,target/tpa,390,0.5323,false,false,hub,hub
target/sodium-glucose-cotransporter-2-sodium-glucose-cotransporter-2,target/trpc4,390,0.5323,false,false,hub,hub
target/5ht1f,target/nitric-oxide-synthase-inducible,390,0.5322,false,false,hub,hub
target/adrenergic-receptor-alpha-2,target/serotonin-7-receptor,390,0.5322,false,false,hub,hub
target/angiogenesis,target/tlr4,390,0.5322,false,false,hub,hub
target/aoxa,target/clk1,390,0.5322,false,false,hub,hub
target/clk1,target/nitric-oxide-synthase-inducible,390,0.5322,false,false,hub,hub
target/muscarinic-acetylcholine-receptor-m4,target/vrac,390,0.5322,false,false,hub,hub
target/serotonin-1d-receptor,target/vrac,390,0.5322,false,false,hub,hub
target/serotonin-2-receptor,target/thiazide-sensitive-sodium-chloride-cotransporter,390,0.5322,false,false,hub,hub
target/serotonin-7-receptor,target/smooth-muscle-contraction,390,0.5322,false,false,hub,hub
target/alpha-2a-adrenergic-receptor-alpha-2a-adrenergic-receptor,target/cytochrome-p450-1a1,390,0.5321,false,false,hub,hub
target/alpha-2b-adrenergic-receptor,target/matrix-metalloproteinase-13,390,0.5321,false,false,hub,hub
target/aryl-hydrocarbon-receptor,target/dopamine-beta-hydroxylase,390,0.5321,false,false,hub,hub
target/comt,target/trpc4,390,0.5321,false,false,hub,hub
target/neprilysin,target/plasmodium-falciparum,390,0.5321,false,false,hub,hub
target/neprilysin,target/serotonin-1d-receptor,390,0.5321,false,false,hub,hub
target/serotonin-3-receptor-chembl2111332,target/vitamin-d-receptor,390,0.5321,false,false,hub,hub
target/acyl-coenzyme-a-cholesterol-acyltransferase-1,target/aryl-hydrocarbon-receptor,390,0.532,false,false,hub,hub
target/acyl-coenzyme-a-cholesterol-acyltransferase-1,target/cysteinyl-leukotriene-receptor-1,390,0.532,false,false,hub,hub
target/carbonic-anhydrase-xii,target/integrin-alpha-iib-beta-3,390,0.532,false,false,hub,hub
target/catechol-o-methyltransferase,target/hypoxia-inducible-factor-1-alpha,390,0.532,false,false,hub,hub
target/cltr2,target/hmdh,390,0.532,false,false,hub,hub
target/integrin-alpha-iib-beta-3,target/kcnq1,390,0.532,false,false,hub,hub
target/kir2-3,target/tpa,390,0.532,false,false,hub,hub
target/plasmodium-falciparum,target/pregnane-x-receptor,390,0.532,false,false,hub,hub
target/tpa,target/vitamin-d-receptor,390,0.532,false,false,hub,hub
target/5-hydroxytryptamine-receptor-1a,target/aryl-hydrocarbon-receptor,390,0.5319,false,false,hub,hub
target/angiogenesis,target/at1-receptor,390,0.5319,false,false,hub,hub
target/aryl-hydrocarbon-receptor,target/hepg2,390,0.5319,false,false,hub,hub
target/cytochrome-p450-1a1,target/thiazide-sensitive-sodium-chloride-cotransporter,390,0.5319,false,false,hub,hub
target/hepatitis-b-virus,target/hmg-coa-reductase,390,0.5318,false,false,hub,hub
target/histamine-h1-receptor-histamine-h1-receptor,target/histamine-h1-receptor-histamine-h1-receptor-hrh1-human,390,0.5318,false,false,hub,hub
target/kpcd1,target/pdpk1,390,0.5318,false,false,hub,hub
target/alpha-2a-adrenergic-receptor-alpha-2a-adrenergic-receptor,target/aoxa,390,0.5317,false,false,hub,hub
target/arachidonate-5-lipoxygenase,target/serotonin-7-receptor,390,0.5317,false,false,hub,hub
target/arachidonate-5-lipoxygenase-arachidonate-5-lipoxygenase,target/macrophage-stimulating-protein-receptor,390,0.5317,false,false,hub,hub
target/cah3,target/mdr1a,390,0.5317,false,false,hub,hub
target/cytochrome-p450-2c19,target/prostaglandin-secretion,390,0.5317,false,false,hub,hub
target/dopamine-beta-hydroxylase,target/human-immunodeficiency-virus-type-1-protease,390,0.5317,false,false,hub,hub
target/kcnq1,target/mmp13-mmp13,390,0.5317,false,false,hub,hub
target/m2-receptor,target/tspo,390,0.5317,false,false,hub,hub
target/scn1b,target/vitamin-d-receptor,390,0.5317,false,false,hub,hub
target/aryl-hydrocarbon-receptor-aryl-hydrocarbon-receptor,target/cyp11b1,390,0.5316,false,false,hub,hub
target/clk1,target/tspo,390,0.5316,false,false,hub,hub
target/hmdh,target/rorg,390,0.5316,false,false,hub,hub
target/kcma1,target/sstr3,390,0.5316,false,false,hub,hub
target/mycobacterium-tuberculosis-h37rv,target/vitamin-d-receptor,390,0.5316,false,false,hub,hub
target/alpha-2a-adrenergic-receptor-alpha-2a-adrenergic-receptor,target/monoamine-oxidase-a,390,0.5315,false,false,hub,hub
target/angiogenesis,target/m5-receptor,390,0.5315,false,false,hub,hub
target/asic3,target/bmx,390,0.5315,false,false,hub,hub
target/cytochrome-p450-1a1,target/muscarinic-acetylcholine-receptor-m4,390,0.5315,false,false,hub,hub
target/hmdh,target/human-immunodeficiency-virus-type-1-protease,390,0.5315,false,false,hub,hub
target/neprilysin,target/vitamin-d-receptor,390,0.5315,false,false,hub,hub
target/aryl-hydrocarbon-receptor,target/tlr4,390,0.5314,false,false,hub,hub
target/aryl-hydrocarbon-receptor-aryl-hydrocarbon-receptor,target/sstr3,390,0.5314,false,false,hub,hub
target/cyclin-dependent-kinase-2-cyclin-e,target/serotonin-3-receptor-chembl2111332,390,0.5314,false,false,hub,hub
target/cysteinyl-leukotriene-receptor-1,target/kv11-1,390,0.5314,false,false,hub,hub
target/dopamine-beta-hydroxylase,target/neprilysin,390,0.5314,false,false,hub,hub
target/h2-receptor,target/p2y2-receptor,390,0.5314,false,false,hub,hub
target/m2-receptor,target/serotonin-7-receptor,390,0.5314,false,false,hub,hub
target/serotonin-1b-receptor,target/vitamin-d-receptor,390,0.5314,false,false,hub,hub
target/apj,target/pregnane-x-receptor,390,0.5313,false,false,hub,hub
target/cac1a,target/q9z1j7,390,0.5313,false,false,hub,hub
target/kcnk2,target/ren,390,0.5313,false,false,hub,hub
target/monoamine-oxidase,target/pregnane-x-receptor,390,0.5313,false,false,hub,hub
target/mycobacterium-tuberculosis-h37rv,target/phosphodiesterase-4a,390,0.5313,false,false,hub,hub
target/5ht1f,target/sstr3,390,0.5312,false,false,hub,hub
target/amine-oxidase-flavin-containing-a,target/sulfonylurea-receptors-k-atp-channels,390,0.5312,false,false,hub,hub
target/anandamide-amidohydrolase,target/nitric-oxide-synthase-inducible,390,0.5312,false,false,hub,hub
target/beta-amyloid-a4-protein,target/hepatitis-b-virus,390,0.5312,false,false,hub,hub
target/catechol-o-methyltransferase,target/cell-proliferation,390,0.5312,false,false,hub,hub
target/clk1,target/kcnk2,390,0.5312,false,false,hub,hub
target/clk1,target/sstr3,390,0.5312,false,false,hub,hub
target/hmdh,target/ripk1,390,0.5312,false,false,hub,hub
target/monoamine-oxidase-a,target/thiazide-sensitive-sodium-chloride-cotransporter,390,0.5312,false,false,hub,hub
target/5-hydroxytryptamine-receptor-1a,target/pregnane-x-receptor,390,0.5311,false,false,hub,hub
target/arachidonate-5-lipoxygenase-arachidonate-5-lipoxygenase,target/monoamine-oxidase-b,390,0.5311,false,false,hub,hub
target/aryl-hydrocarbon-receptor,target/hepatocyte-growth-factor-receptor-hepatocyte-growth-factor-receptor,390,0.5311,false,false,hub,hub
target/casp1,target/hmdh,390,0.5311,false,false,hub,hub
target/catechol-o-methyltransferase,target/sstr3,390,0.5311,false,false,hub,hub
target/hepatitis-b-virus,target/matrix-metalloproteinase-13,390,0.5311,false,false,hub,hub
target/kcma1,target/serotonin-3-receptor-chembl2111332,390,0.5311,false,false,hub,hub
target/p2y2-receptor,target/serotonin-3-receptor-chembl2111332,390,0.5311,false,false,hub,hub
target/finc,target/nitric-oxide-synthase-inducible,390,0.531,false,false,hub,hub
target/il13,target/vrac,390,0.531,false,false,hub,hub
target/peroxisome-proliferator-activated-receptor-delta,target/prostaglandin-e2-receptor-ep2-subtype,390,0.531,false,false,hub,hub
target/alpha-2a-adrenergic-receptor-alpha-2a-adrenergic-receptor,target/kcna5,390,0.5309,false,false,hub,hub
target/angiogenesis,target/pd2r,390,0.5309,false,false,hub,hub
target/clk1,target/dopamine-beta-hydroxylase,390,0.5309,false,false,hub,hub
target/hepatitis-b-virus,target/sodium-glucose-cotransporter-2-sodium-glucose-cotransporter-2,390,0.5309,false,false,hub,hub
target/hepatitis-c-virus,target/serotonin-1b-receptor,390,0.5309,false,false,hub,hub
target/human-immunodeficiency-virus-type-1-protease,target/prostaglandin-secretion,390,0.5309,false,false,hub,hub
target/kir2-3,target/nicotinic-acetylcholine-receptor-4-subunit,390,0.5309,false,false,hub,hub
target/aoc3,target/scn1b,390,0.5308,false,false,hub,hub
target/aryl-hydrocarbon-receptor,target/carbonic-anhydrase-xii,390,0.5308,false,false,hub,hub
target/carbonic-anhydrase-xii,target/cysteinyl-leukotriene-receptor-1,390,0.5308,false,false,hub,hub
target/acetylcholinesterase-acetylcholinesterase,target/angiogenesis,390,0.5307,false,false,hub,hub
target/acha,target/q9z1j7,390,0.5307,false,false,hub,hub
target/angiogenesis,target/progesterone-receptor-progesterone-receptor-prgr-human,390,0.5307,false,false,hub,hub
target/aoc3,target/vrac,390,0.5307,false,false,hub,hub
target/apj,target/q9z1j7,390,0.5307,false,false,hub,hub
target/aryl-hydrocarbon-receptor,target/kcnq1,390,0.5307,false,false,hub,hub
target/carbonic-anhydrase-xii,target/serotonin-3-receptor-chembl2111332,390,0.5307,false,false,hub,hub
target/cyclin-dependent-kinase-8,target/hmdh,390,0.5307,false,false,hub,hub
target/cysteinyl-leukotriene-receptor-1,target/kcnq1,390,0.5307,false,false,hub,hub
target/finc,target/integrin-alpha-iib-beta-3,390,0.5307,false,false,hub,hub
target/m5-receptor,target/phosphodiesterase-4a,390,0.5307,false,false,hub,hub
target/sodium-glucose-cotransporter-2-sodium-glucose-cotransporter-2,target/vrac,390,0.5307,false,false,hub,hub
target/angiogenesis,target/enpp2,390,0.5306,false,false,hub,hub
target/gaba-a-receptor-agonist-gaba-site,target/prostaglandin-biosynthetic-process,390,0.5306,false,false,hub,hub
target/integrin-alpha-iib-beta-3,target/peptidoglycan-biosynthesis,390,0.5306,false,false,hub,hub
target/kcma1,target/vrac,390,0.5306,false,false,hub,hub
target/kcnq1,target/serotonin-3-receptor-chembl2111332,390,0.5306,false,false,hub,hub
target/monoamine-oxidase-a,target/serotonin-7-receptor,390,0.5306,false,false,hub,hub
target/muscarinic-acetylcholine-receptor-m4,target/topoisomerase-iv,390,0.5306,false,false,hub,hub
target/pd2r,target/sstr3,390,0.5306,false,false,hub,hub
target/acetylcholinesterase-acetylcholinesterase,target/serotonin-7-receptor,390,0.5305,false,false,hub,hub
target/amine-oxidase-flavin-containing-a,target/trpc4,390,0.5305,false,false,hub,hub
target/angiogenesis,target/null,390,0.5305,false,false,hub,hub
target/cell-proliferation,target/integrin-alpha-iib-beta-3,390,0.5305,false,false,hub,hub
target/glun1,target/pgrc1,390,0.5305,false,false,hub,hub
target/hdac9,target/lt4r2,390,0.5305,false,false,hub,hub
target/muscarinic-acetylcholine-receptor-m4,target/pgrc1,390,0.5305,false,false,hub,hub
target/pd2r,target/pdpk1,390,0.5305,false,false,hub,hub
target/pgrc1,target/topoisomerase-iv,390,0.5305,false,false,hub,hub
target/amine-oxidase-flavin-containing-a,target/tspo,390,0.5304,false,false,hub,hub
target/angiogenesis,target/serotonin-1d-receptor,390,0.5304,false,false,hub,hub
target/at1-receptor,target/p2y2-receptor,390,0.5304,false,false,hub,hub
target/cyclin-dependent-kinase-8,target/tek-receptor-tyrosine-kinase,390,0.5304,false,false,hub,hub
target/kcnk2,target/thiazide-sensitive-sodium-chloride-cotransporter,390,0.5304,false,false,hub,hub
target/lt4r2,target/q9z1j7,390,0.5304,false,false,hub,hub
target/serotonin-3-receptor-chembl2111332,target/streptococcus-pneumoniae,390,0.5304,false,false,hub,hub
target/beta-1-adrenergic-receptor-beta-1-adrenergic-receptor,target/serotonin-7-receptor,390,0.5303,false,false,hub,hub
target/kir2-3,target/monoamine-oxidase-a,390,0.5303,false,false,hub,hub
target/5-hydroxytryptamine-receptor-1a,target/nitric-oxide-synthase-inducible,390,0.5302,false,false,hub,hub
target/angiogenesis,target/cats,390,0.5302,false,false,hub,hub
target/arachidonate-5-lipoxygenase-arachidonate-5-lipoxygenase,target/leukocyte-elastase,390,0.5302,false,false,hub,hub
target/beta-amyloid-a4-protein,target/q9z1j7,390,0.5302,false,false,hub,hub
target/hmg-coa-reductase,target/thiazide-sensitive-sodium-chloride-cotransporter,390,0.5302,false,false,hub,hub
target/kcna5,target/tspo,390,0.5302,false,false,hub,hub
target/kcnk2,target/kpym,390,0.5302,false,false,hub,hub
target/kcnk2,target/null,390,0.5302,false,false,hub,hub
target/kir2-3,target/thiazide-sensitive-sodium-chloride-cotransporter,390,0.5302,false,false,hub,hub
target/lt4r1,target/lt4r2,390,0.5302,false,false,hub,hub
target/neprilysin,target/serotonin-2-receptor,390,0.5302,false,false,hub,hub
target/plasmodium-falciparum,target/serotonin-7-receptor,390,0.5302,false,false,hub,hub
target/2b-adrenoceptor,target/thiazide-sensitive-sodium-chloride-cotransporter,390,0.5301,false,false,hub,hub
target/acetylcholinesterase-acetylcholinesterase,target/kir2-3,390,0.5301,false,false,hub,hub
target/alpha-2a-adrenergic-receptor-alpha-2a-adrenergic-receptor,target/monoamine-oxidase-b,390,0.5301,false,false,hub,hub
target/alpha-2b-adrenergic-receptor,target/protein-farnesyltransferase,390,0.5301,false,false,hub,hub
target/comt,target/il2ra,390,0.5301,false,false,hub,hub
target/nicotinic-acetylcholine-receptor-4-subunit,target/vrac,390,0.5301,false,false,hub,hub
target/5ht1f,target/arachidonate-5-lipoxygenase-arachidonate-5-lipoxygenase,390,0.53,false,false,hub,hub
target/abl2,target/scn1b,390,0.53,false,false,hub,hub
target/finc,target/sstr3,390,0.53,false,false,hub,hub
target/hdac9,target/vrac,390,0.53,false,false,hub,hub
target/kcma1,target/m5-receptor,390,0.53,false,false,hub,hub
target/m5-receptor,target/mycobacterium-tuberculosis-h37rv,390,0.53,false,false,hub,hub
target/mmp13-mmp13,target/phosphodiesterase-4a-phosphodiesterase-4a,390,0.53,false,false,hub,hub
target/2b-adrenoceptor,target/trpc4,390,0.5299,false,false,hub,hub
target/abl2,target/mdr1a,390,0.5299,false,false,hub,hub
target/amine-oxidase-flavin-containing-a,target/prostaglandin-biosynthetic-process,390,0.5299,false,false,hub,hub
target/angiogenesis,target/histone-deacetylase-8,390,0.5299,false,false,hub,hub
target/angiotensin-converting-enzyme,target/angiotensin-converting-enzyme-angiotensin-converting-enzyme-ace-human,390,0.5299,false,false,hub,hub
target/bmx,target/pd2r,390,0.5299,false,false,hub,hub
target/comt,target/kcnq1,390,0.5299,false,false,hub,hub
target/ftsi,target/mrca,390,0.5299,false,false,hub,hub
target/hmdh,target/serotonin-2a-receptor-chembl322,390,0.5299,false,false,hub,hub
target/il13,target/nitric-oxide-synthase-inducible,390,0.5299,false,false,hub,hub
target/kca2-2,target/trpc4,390,0.5299,false,false,hub,hub
target/mycobacterium-tuberculosis-h37rv,target/type-1-angiotensin-ii-receptor-type-1-angiotensin-ii-receptor,390,0.5299,false,false,hub,hub
target/pde9a,target/tspo,390,0.5299,false,false,hub,hub
target/amine-oxidase-flavin-containing-a,target/fibroblast-growth-factor-receptor-4,390,0.5298,false,false,hub,hub
target/at1-receptor,target/m5-receptor,390,0.5298,false,false,hub,hub
target/comt,target/trace-amine-associated-receptor-1,390,0.5298,false,false,hub,hub
target/cyclin-dependent-kinase-2-cyclin-e,target/monoamine-oxidase-a,390,0.5298,false,false,hub,hub
target/human-immunodeficiency-virus-type-1-protease,target/hypoxia-inducible-factor-1-alpha,390,0.5298,false,false,hub,hub
target/prostaglandin-secretion,target/sulfonylurea-receptors-k-atp-channels,390,0.5298,false,false,hub,hub
target/serotonin-3-receptor,target/vrac,390,0.5298,false,false,hub,hub
target/5ntd,target/hmdh,390,0.5297,false,false,hub,hub
target/alpha-2a-adrenergic-receptor-alpha-2a-adrenergic-receptor,target/sodium-glucose-cotransporter-2-sodium-glucose-cotransporter-2,390,0.5297,false,false,hub,hub
target/asic3,target/trpc4,390,0.5297,false,false,hub,hub
target/pgrc1,target/t2r46,390,0.5297,false,false,hub,hub
target/phosphodiesterase-4a,target/tspo,390,0.5297,false,false,hub,hub
target/adrenergic-receptor-alpha-1,target/phosphodiesterase-4a,390,0.5296,false,false,hub,hub
target/kcnk2,target/mmp12,390,0.5296,false,false,hub,hub
target/muscarinic-acetylcholine-receptor-m4,target/reactive-oxygen-species-biosynthetic-process,390,0.5296,false,false,hub,hub
target/abl2,target/ret4,390,0.5295,false,false,hub,hub
target/adrenergic-receptor-alpha-2,target/thiazide-sensitive-sodium-chloride-cotransporter,390,0.5295,false,false,hub,hub
target/alpha-2a-adrenergic-receptor-alpha-2a-adrenergic-receptor,target/aoc3,390,0.5295,false,false,hub,hub
target/angiogenesis,target/type-1-angiotensin-ii-receptor,390,0.5295,false,false,hub,hub
target/aoc3,target/nitric-oxide-synthase-inducible,390,0.5295,false,false,hub,hub
target/apj,target/serotonin-7-receptor,390,0.5295,false,false,hub,hub
target/comt,target/mtlr,390,0.5295,false,false,hub,hub
target/cyclin-dependent-kinase-8,target/m5-receptor,390,0.5295,false,false,hub,hub
target/cysteinyl-leukotriene-receptor-1,target/pgrc1,390,0.5295,false,false,hub,hub
target/integrin-alpha-iib-beta-3,target/matrix-metalloproteinase-13,390,0.5295,false,false,hub,hub
target/kcma1,target/nitric-oxide-synthase-inducible,390,0.5295,false,false,hub,hub
target/prostaglandin-biosynthetic-process,target/sstr3,390,0.5295,false,false,hub,hub
target/smooth-muscle-contraction,target/thiazide-sensitive-sodium-chloride-cotransporter,390,0.5295,false,false,hub,hub
target/abl2,target/clk1,390,0.5294,false,false,hub,hub
target/amine-oxidase-flavin-containing-a,target/pncb,390,0.5294,false,false,hub,hub
target/angiogenesis,target/angiotensin-converting-enzyme-angiotensin-converting-enzyme-ace-human,390,0.5294,false,false,hub,hub
target/dopamine-beta-hydroxylase,target/kcnk2,390,0.5294,false,false,hub,hub
target/err3,target/trpc5,390,0.5294,false,false,hub,hub
target/hepatitis-c-virus,target/pgrc1,390,0.5294,false,false,hub,hub
target/integrin-alpha-iib-beta-3,target/matrix-metalloproteinase-1,390,0.5294,false,false,hub,hub
target/integrin-alpha-iib-beta-3,target/tlr4,390,0.5294,false,false,hub,hub
target/nitric-oxide-synthase-inducible,target/serotonin-1b-receptor,390,0.5294,false,false,hub,hub
target/5ntd,target/tlr4,390,0.5293,false,false,hub,hub
target/acvr1,target/streptococcus-pneumoniae,390,0.5293,false,false,hub,hub
target/alpha-1a-adrenergic-receptor,target/angiogenesis,390,0.5293,false,false,hub,hub
target/beta-1-adrenergic-receptor-beta-1-adrenergic-receptor,target/human-immunodeficiency-virus-type-1-protease,390,0.5293,false,false,hub,hub
target/cysteinyl-leukotriene-receptor-1,target/peptidoglycan-biosynthesis,390,0.5293,false,false,hub,hub
target/histamine-h1-receptor-histamine-h1-receptor-hrh1-human,target/serotonin-1b-receptor,390,0.5293,false,false,hub,hub
target/integrin-alpha-iib-beta-3,target/p2y2-receptor,390,0.5293,false,false,hub,hub
target/mdr1a,target/urok,390,0.5293,false,false,hub,hub
target/acetylcholinesterase-acetylcholinesterase,target/neprilysin,390,0.5292,false,false,hub,hub
target/adrenergic-receptor-alpha-1,target/hepatitis-b-virus,390,0.5292,false,false,hub,hub
target/gprc6,target/q9z1j7,390,0.5292,false,false,hub,hub
target/kir2-3,target/monoamine-oxidase,390,0.5292,false,false,hub,hub
target/kir2-3,target/net,390,0.5292,false,false,hub,hub
target/serotonin-1b-receptor,target/thiazide-sensitive-sodium-chloride-cotransporter,390,0.5292,false,false,hub,hub
target/abcg2,target/scn1b,390,0.5291,false,false,hub,hub
target/anandamide-amidohydrolase,target/arachidonate-5-lipoxygenase-arachidonate-5-lipoxygenase,390,0.5291,false,false,hub,hub
target/apj,target/phosphodiesterase-4a,390,0.5291,false,false,hub,hub
target/cyclin-dependent-kinase-2-cyclin-e,target/serotonin-7-receptor,390,0.5291,false,false,hub,hub
target/hepatitis-b-virus,target/protein-farnesyltransferase,390,0.5291,false,false,hub,hub
target/amine-oxidase-flavin-containing-a,target/tlr4,390,0.529,false,false,hub,hub
target/aryl-hydrocarbon-receptor-aryl-hydrocarbon-receptor,target/thiazide-sensitive-sodium-chloride-cotransporter,390,0.529,false,false,hub,hub
target/pgrc1,target/ripk1,390,0.529,false,false,hub,hub
target/plasmodium-falciparum,target/vrac,390,0.529,false,false,hub,hub
target/serotonin-3-receptor,target/streptococcus-pneumoniae,390,0.529,false,false,hub,hub
target/arachidonate-5-lipoxygenase-arachidonate-5-lipoxygenase,target/beta-2-adrenergic-receptor-beta-2-adrenergic-receptor,390,0.5289,false,false,hub,hub
target/aryl-hydrocarbon-receptor,target/fibroblast-growth-factor-receptor-4,390,0.5289,false,false,hub,hub
target/casp1,target/pgrc1,390,0.5289,false,false,hub,hub
target/cysteinyl-leukotriene-receptor-1,target/h2-receptor,390,0.5289,false,false,hub,hub
target/hdac9,target/nitric-oxide-synthase-inducible,390,0.5289,false,false,hub,hub
target/il13,target/sstr3,390,0.5289,false,false,hub,hub
target/kv11-1,target/serotonin-7-receptor,390,0.5289,false,false,hub,hub
target/mycobacterium-tuberculosis-h37rv,target/pgrc1,390,0.5289,false,false,hub,hub
target/neprilysin,target/topoisomerase-iv,390,0.5289,false,false,hub,hub
target/p2y2-receptor,target/pgrc1,390,0.5289,false,false,hub,hub
target/abl2,target/alpha-2a-adrenergic-receptor-alpha-2a-adrenergic-receptor,390,0.5288,false,false,hub,hub
target/angiogenesis,target/mdr1a,390,0.5288,false,false,hub,hub
target/aryl-hydrocarbon-receptor-aryl-hydrocarbon-receptor,target/trpc4,390,0.5288,false,false,hub,hub
target/camp-dependent-protein-kinase,target/m5-receptor,390,0.5288,false,false,hub,hub
target/carbonic-anhydrase-vii,target/cysteinyl-leukotriene-receptor-1,390,0.5288,false,false,hub,hub
target/kir2-3,target/lt4r2,390,0.5288,false,false,hub,hub
target/kir2-3,target/rorg,390,0.5288,false,false,hub,hub
target/mycobacterium-tuberculosis,target/prostaglandin-secretion,390,0.5288,false,false,hub,hub
target/neprilysin,target/tspo,390,0.5288,false,false,hub,hub
target/protein-farnesyltransferase,target/vrac,390,0.5288,false,false,hub,hub
target/acha,target/bmx,390,0.5287,false,false,hub,hub
target/alpha-2b-adrenergic-receptor,target/hepatocyte-growth-factor-receptor-hepatocyte-growth-factor-receptor,390,0.5287,false,false,hub,hub
target/bmx,target/dopamine-beta-hydroxylase,390,0.5287,false,false,hub,hub
target/clk1,target/kpym,390,0.5287,false,false,hub,hub
target/neprilysin,target/protein-farnesyltransferase,390,0.5287,false,false,hub,hub
target/abl2,target/klrba,390,0.5286,false,false,hub,hub
target/hmdh,target/ptn11,390,0.5286,false,false,hub,hub
target/kir2-3,target/matrix-metalloproteinase-13,390,0.5286,false,false,hub,hub
target/q9z1j7,target/sc5a1,390,0.5286,false,false,hub,hub
target/abcg2,target/clk1,390,0.5285,false,false,hub,hub
target/abl2,target/kpym,390,0.5285,false,false,hub,hub
target/alpha-1a-adrenergic-receptor,target/aryl-hydrocarbon-receptor,390,0.5285,false,false,hub,hub
target/alpha-2b-adrenergic-receptor,target/comt,390,0.5285,false,false,hub,hub
target/aoc3,target/sstr3,390,0.5285,false,false,hub,hub
target/aryl-hydrocarbon-receptor,target/beta-amyloid-a4-protein,390,0.5285,false,false,hub,hub
target/aryl-hydrocarbon-receptor,target/cyclin-dependent-kinase-2-cyclin-e,390,0.5285,false,false,hub,hub
target/aryl-hydrocarbon-receptor-aryl-hydrocarbon-receptor,target/mycobacterium-tuberculosis,390,0.5285,false,false,hub,hub
target/comt,target/mycobacterium-tuberculosis,390,0.5285,false,false,hub,hub
target/hepatitis-c-virus,target/response-to-oxidative-stress,390,0.5285,false,false,hub,hub
target/hepatitis-c-virus,target/serotonin-3-receptor-chembl2111332,390,0.5285,false,false,hub,hub
target/hypoxia-inducible-factor-1-alpha,target/nitric-oxide-synthase-inducible,390,0.5285,false,false,hub,hub
target/alpha-2a-adrenergic-receptor-alpha-2a-adrenergic-receptor,target/progesterone-receptor-progesterone-receptor-prgr-human,390,0.5284,false,false,hub,hub
target/alpha-2b-adrenergic-receptor,target/serotonin-2-receptor,390,0.5284,false,false,hub,hub
target/bmx,target/psb8,390,0.5284,false,false,hub,hub
target/comt,target/cyp11b1,390,0.5284,false,false,hub,hub
target/2b-adrenoceptor,target/serotonin-1b-receptor,390,0.5283,false,false,hub,hub
target/acetylcholinesterase-acetylcholinesterase,target/hypoxia-inducible-factor-1-alpha,390,0.5283,false,false,hub,hub
target/angiogenesis,target/cyclin-dependent-kinase-8,390,0.5283,false,false,hub,hub
target/aryl-hydrocarbon-receptor,target/smooth-muscle-contraction,390,0.5283,false,false,hub,hub
target/clk2,target/ita4,390,0.5283,false,false,hub,hub
target/cysteinyl-leukotriene-receptor-1,target/matrix-metalloproteinase-13,390,0.5283,false,false,hub,hub
target/grm2,target/grm3,390,0.5283,false,false,hub,hub
target/hmg-coa-reductase,target/vrac,390,0.5283,false,false,hub,hub
target/mmp13-mmp13,target/q9z1j7,390,0.5283,false,false,hub,hub
target/muscarinic-acetylcholine-receptor-m4,target/q9z1j7,390,0.5283,false,false,hub,hub
target/aryl-hydrocarbon-receptor-aryl-hydrocarbon-receptor,target/vitamin-d-receptor,390,0.5282,false,false,hub,hub
target/clk1,target/mmp12,390,0.5282,false,false,hub,hub
target/cysteinyl-leukotriene-receptor-1,target/matrix-metalloproteinase-1,390,0.5282,false,false,hub,hub
target/hepatitis-b-virus,target/thromboxane-a2-receptor,390,0.5282,false,false,hub,hub
target/hypoxia-inducible-factor-1-alpha,target/integrin-alpha-iib-beta-3,390,0.5282,false,false,hub,hub
target/kpym,target/mmp2,390,0.5282,false,false,hub,hub
target/alpha-2a-adrenergic-receptor-alpha-2a-adrenergic-receptor,target/kpym,390,0.5281,false,false,hub,hub
target/arachidonate-5-lipoxygenase,target/aryl-hydrocarbon-receptor,390,0.5281,false,false,hub,hub
target/arachidonate-5-lipoxygenase,target/cysteinyl-leukotriene-receptor-1,390,0.5281,false,false,hub,hub
target/aryl-hydrocarbon-receptor-aryl-hydrocarbon-receptor,target/monoamine-oxidase,390,0.5281,false,false,hub,hub
target/cyclin-dependent-kinase-2-cyclin-e,target/human-immunodeficiency-virus-type-1-protease,390,0.5281,false,false,hub,hub
target/histamine-h1-receptor-histamine-h1-receptor-hrh1-human,target/thiazide-sensitive-sodium-chloride-cotransporter,390,0.5281,false,false,hub,hub
target/hmdh,target/map2,390,0.5281,false,false,hub,hub
target/hmg-coa-reductase,target/neprilysin,390,0.5281,false,false,hub,hub
target/5ht1f,target/atm,390,0.528,false,false,hub,hub
target/cysteinyl-leukotriene-receptor-1,target/mu-type-opioid-receptor,390,0.528,false,false,hub,hub
target/hdac9,target/sstr3,390,0.528,false,false,hub,hub
target/pd2r,target/tysy,390,0.528,false,false,hub,hub
target/rorg,target/vrac,390,0.528,false,false,hub,hub
target/alpha-2a-adrenergic-receptor-alpha-2a-adrenergic-receptor,target/cats,390,0.5279,false,false,hub,hub
target/alpha-2a-adrenergic-receptor-alpha-2a-adrenergic-receptor,target/trpc4,390,0.5279,false,false,hub,hub
target/cyclin-dependent-kinase-8,target/h2-receptor,390,0.5279,false,false,hub,hub
target/pncb,target/ptgfr,390,0.5279,false,false,hub,hub
target/trace-amine-associated-receptor-1,target/vitamin-d-receptor,390,0.5279,false,false,hub,hub
target/arachidonate-5-lipoxygenase-arachidonate-5-lipoxygenase,target/rorg,390,0.5278,false,false,hub,hub
target/cytochrome-p450-1a1,target/reactive-oxygen-species-biosynthetic-process,390,0.5278,false,false,hub,hub
target/ita4,target/itb1,390,0.5278,false,false,hub,hub
target/kcnk2,target/streptococcus-pneumoniae,390,0.5278,false,false,hub,hub
target/mmp13-mmp13,target/monoamine-oxidase-a,390,0.5278,false,false,hub,hub
target/5-hydroxytryptamine-receptor-1a,target/m5-receptor,390,0.5277,false,false,hub,hub
target/abcb1,target/kv11-1,390,0.5277,false,false,hub,hub
target/adrenergic-receptor-alpha-2,target/mycobacterium-tuberculosis-h37rv,390,0.5277,false,false,hub,hub
target/amine-oxidase-flavin-containing-a,target/serotonin-2a-receptor-chembl322,390,0.5277,false,false,hub,hub
target/arachidonate-5-lipoxygenase-arachidonate-5-lipoxygenase,target/il13,390,0.5277,false,false,hub,hub
target/beta-1-adrenergic-receptor-beta-1-adrenergic-receptor,target/integrin-alpha-iib-beta-3,390,0.5277,false,false,hub,hub
target/cysltr1,target/tspo,390,0.5277,false,false,hub,hub
target/cysteinyl-leukotriene-receptor-1,target/d1-receptor,390,0.5277,false,false,hub,hub
target/kca2-2,target/m5-receptor,390,0.5277,false,false,hub,hub
target/matrix-metalloproteinase-13,target/vrac,390,0.5277,false,false,hub,hub
target/mu-type-opioid-receptor,target/opioid-receptors-mu-kappa-delta,390,0.5277,false,false,hub,hub
target/prostaglandin-biosynthetic-process,target/q9z1j7,390,0.5277,false,false,hub,hub
target/prostaglandin-secretion,target/smooth-muscle-contraction,390,0.5277,false,false,hub,hub
target/tspo,target/urok,390,0.5277,false,false,hub,hub
target/type-1-angiotensin-ii-receptor-type-1-angiotensin-ii-receptor,target/vitamin-d-receptor,390,0.5277,false,false,hub,hub
target/abcb1,target/human-immunodeficiency-virus-type-1-protease,390,0.5276,false,false,hub,hub
target/acha,target/sulfonylurea-receptors-k-atp-channels,390,0.5276,false,false,hub,hub
target/clk1,target/psb8,390,0.5276,false,false,hub,hub
target/cyclin-dependent-kinase-8,target/lt4r2,390,0.5276,false,false,hub,hub
target/pgrc1,target/serotonin-2a-receptor-chembl322,390,0.5276,false,false,hub,hub
target/prostaglandin-secretion,target/scn1b,390,0.5276,false,false,hub,hub
target/q38720,target/q9z1j7,390,0.5276,false,false,hub,hub
target/q9z1j7,target/t2r46,390,0.5276,false,false,hub,hub
target/ripk1,target/vrac,390,0.5276,false,false,hub,hub
target/abl2,target/asic3,390,0.5275,false,false,hub,hub
target/alpha-2b-adrenergic-receptor,target/serotonin-2a-receptor-chembl322,390,0.5275,false,false,hub,hub
target/catechol-o-methyltransferase,target/monoamine-oxidase-b,390,0.5275,false,false,hub,hub
target/gper1,target/hmdh,390,0.5275,false,false,hub,hub
target/kir2-3,target/streptococcus-pneumoniae,390,0.5275,false,false,hub,hub
target/kir2-3,target/type-1-angiotensin-ii-receptor-type-1-angiotensin-ii-receptor,390,0.5275,false,false,hub,hub
target/matrix-metalloproteinase-1,target/neprilysin,390,0.5275,false,false,hub,hub
target/scn1b,target/vrac,390,0.5275,false,false,hub,hub
target/alpha-2a-adrenergic-receptor-alpha-2a-adrenergic-receptor,target/sstr3,390,0.5274,false,false,hub,hub
target/beta-amyloid-a4-protein,target/trace-amine-associated-receptor-1,390,0.5274,false,false,hub,hub
target/catechol-o-methyltransferase,target/hepatitis-c-virus,390,0.5274,false,false,hub,hub
target/comt,target/hepatitis-b-virus,390,0.5274,false,false,hub,hub
target/hmdh,target/thas,390,0.5274,false,false,hub,hub
target/p2y2-receptor,target/pregnane-x-receptor,390,0.5274,false,false,hub,hub
target/aoxa,target/mrp1,390,0.5273,false,false,hub,hub
target/cp51,target/glun1,390,0.5273,false,false,hub,hub
target/psb8,target/q9z1j7,390,0.5273,false,false,hub,hub
target/serotonin-7-receptor,target/thiazide-sensitive-sodium-chloride-cotransporter,390,0.5273,false,false,hub,hub
target/alpha-2a-adrenergic-receptor-alpha-2a-adrenergic-receptor,target/monoamine-oxidase,390,0.5272,false,false,hub,hub
target/alpha-2a-adrenergic-receptor-alpha-2a-adrenergic-receptor,target/type-1-angiotensin-ii-receptor,390,0.5272,false,false,hub,hub
target/amine-oxidase-flavin-containing-a,target/protein-farnesyltransferase,390,0.5272,false,false,hub,hub
target/angiogenesis,target/plasmodium-falciparum,390,0.5272,false,false,hub,hub
target/aoc3,target/arachidonate-5-lipoxygenase-arachidonate-5-lipoxygenase,390,0.5272,false,false,hub,hub
target/arachidonate-5-lipoxygenase-arachidonate-5-lipoxygenase,target/peroxisome-proliferator-activated-receptor-alpha-peroxisome-proliferator-activated-receptor-alpha,390,0.5272,false,false,hub,hub
target/catechol-o-methyltransferase,target/kv11-1,390,0.5272,false,false,hub,hub
target/comt,target/prostaglandin-secretion,390,0.5272,false,false,hub,hub
target/gper1,target/tlr4,390,0.5272,false,false,hub,hub
target/m3k7,target/pncb,390,0.5272,false,false,hub,hub
target/mapk-signaling-pathway,target/muscarinic-acetylcholine-receptor-m4,390,0.5272,false,false,hub,hub
target/mmp13-mmp13,target/pgrc1,390,0.5272,false,false,hub,hub
target/monoamine-oxidase,target/monoamine-oxidase-a,390,0.5272,false,false,hub,hub
target/neprilysin,target/platelet-activating-factor-receptor,390,0.5272,false,false,hub,hub
target/peptidoglycan-biosynthesis,target/thiazide-sensitive-sodium-chloride-cotransporter,390,0.5272,false,false,hub,hub
target/pgrc1,target/trpc4,390,0.5272,false,false,hub,hub
target/5-hydroxytryptamine-receptor-1a,target/monoamine-oxidase-a,390,0.5271,false,false,hub,hub
target/alpha-2a-adrenergic-receptor-alpha-2a-adrenergic-receptor,target/phosphodiesterase-4a,390,0.5271,false,false,hub,hub
target/amp-activated-protein-kinase-ampk,target/hmdh,390,0.5271,false,false,hub,hub
target/arachidonate-5-lipoxygenase-arachidonate-5-lipoxygenase,target/neuronal-acetylcholine-receptor-alpha3-beta4,390,0.5271,false,false,hub,hub
target/bmx,target/sulfonylurea-receptors-k-atp-channels,390,0.5271,false,false,hub,hub
target/c-c-chemokine-receptor-type-5,target/ccr5,390,0.5271,false,false,hub,hub
target/comt,target/xdh,390,0.5271,false,false,hub,hub
target/cysltr1,target/kir2-3,390,0.5271,false,false,hub,hub
target/monoamine-oxidase-a,target/phosphodiesterase-4a,390,0.5271,false,false,hub,hub
target/amine-oxidase-flavin-containing-a,target/cyp11b1,390,0.527,false,false,hub,hub
target/asic3,target/nitric-oxide-synthase-inducible,390,0.527,false,false,hub,hub
target/comt,target/neprilysin,390,0.527,false,false,hub,hub
target/kcnk2,target/trpc4,390,0.527,false,false,hub,hub
target/c-jun-n-terminal-kinase-1,target/nitric-oxide-synthase-inducible,390,0.5269,false,false,hub,hub
target/carbonic-anhydrase-vii,target/integrin-alpha-iib-beta-3,390,0.5269,false,false,hub,hub
target/hepatitis-c-virus,target/nitric-oxide-synthase-inducible,390,0.5269,false,false,hub,hub
target/hypoxia-inducible-factor-1-alpha,target/serotonin-3-receptor-chembl2111332,390,0.5269,false,false,hub,hub
target/nitric-oxide-synthase-inducible,target/rorg,390,0.5269,false,false,hub,hub
target/phosphodiesterase-4a-phosphodiesterase-4a,target/trpc4,390,0.5269,false,false,hub,hub
target/prostaglandin-biosynthetic-process,target/serotonin-1d-receptor,390,0.5269,false,false,hub,hub
target/cysltr1,target/rorg,390,0.5268,false,false,hub,hub
target/gprc6,target/vrac,390,0.5268,false,false,hub,hub
target/kcma1,target/q9z1j7,390,0.5268,false,false,hub,hub
target/mycobacterium-tuberculosis,target/serotonin-7-receptor,390,0.5268,false,false,hub,hub
target/5-hydroxytryptamine-receptor-2a,target/angiogenesis,390,0.5267,false,false,hub,hub
target/abcg2,target/dopamine-beta-hydroxylase,390,0.5267,false,false,hub,hub
target/acetylcholinesterase-acetylcholinesterase,target/aryl-hydrocarbon-receptor,390,0.5267,false,false,hub,hub
target/arachidonate-5-lipoxygenase-arachidonate-5-lipoxygenase,target/hdac9,390,0.5267,false,false,hub,hub
target/bmx,target/nitric-oxide-synthase-inducible,390,0.5267,false,false,hub,hub
target/catechol-o-methyltransferase,target/platelet-activating-factor-receptor,390,0.5267,false,false,hub,hub
target/monoamine-oxidase,target/trpc4,390,0.5267,false,false,hub,hub
target/pgrc1,target/rxfp1,390,0.5267,false,false,hub,hub
target/amine-oxidase-flavin-containing-a,target/monoamine-oxidase,390,0.5266,false,false,hub,hub
target/aryl-hydrocarbon-receptor,target/dna-topoisomerase-1,390,0.5266,false,false,hub,hub
target/aryl-hydrocarbon-receptor-aryl-hydrocarbon-receptor,target/m5-receptor,390,0.5266,false,false,hub,hub
target/bmr1b,target/comt,390,0.5266,false,false,hub,hub
target/cac1a,target/kir2-3,390,0.5266,false,false,hub,hub
target/monoamine-oxidase-a,target/opioid-receptors-mu-kappa-delta,390,0.5266,false,false,hub,hub
target/mycobacterium-tuberculosis-h37rv,target/serotonin-3-receptor,390,0.5266,false,false,hub,hub
target/net,target/pgrc1,390,0.5266,false,false,hub,hub
target/sulfonylurea-receptors-k-atp-channels,target/vrac,390,0.5266,false,false,hub,hub
target/acyl-coenzyme-a-cholesterol-acyltransferase-1,target/angiogenesis,390,0.5265,false,false,hub,hub
target/alpha-1a-adrenergic-receptor,target/integrin-alpha-iib-beta-3,390,0.5265,false,false,hub,hub
target/aryl-hydrocarbon-receptor-aryl-hydrocarbon-receptor,target/streptococcus-pneumoniae,390,0.5265,false,false,hub,hub
target/gaba-a-receptor-agonist-gaba-site,target/pregnane-x-receptor,390,0.5265,false,false,hub,hub
target/hepatitis-c-virus,target/topoisomerase-iv,390,0.5265,false,false,hub,hub
target/nitric-oxide-synthase-inducible,target/ripk1,390,0.5265,false,false,hub,hub
target/arachidonate-5-lipoxygenase-arachidonate-5-lipoxygenase,target/gaba-a-receptor-agonist-gaba-site,390,0.5264,false,false,hub,hub
target/cac1a,target/lt4r2,390,0.5264,false,false,hub,hub
target/kcnq1,target/m5-receptor,390,0.5264,false,false,hub,hub
target/nitric-oxide-synthase-inducible,target/scn1b,390,0.5264,false,false,hub,hub
target/acvr1,target/q9z1j7,390,0.5263,false,false,hub,hub
target/angiogenesis,target/cell-growth,390,0.5263,false,false,hub,hub
target/catechol-o-methyltransferase,target/oxytocin-receptor,390,0.5263,false,false,hub,hub
target/clk1,target/sulfonylurea-receptors-k-atp-channels,390,0.5263,false,false,hub,hub
target/cysteinyl-leukotriene-receptor-1,target/protein-farnesyltransferase,390,0.5263,false,false,hub,hub
target/human-immunodeficiency-virus-type-1-protease,target/thiazide-sensitive-sodium-chloride-cotransporter,390,0.5263,false,false,hub,hub
target/kcnq1,target/q9z1j7,390,0.5263,false,false,hub,hub
target/alpha-2b-adrenergic-receptor,target/lt4r2,390,0.5262,false,false,hub,hub
target/arachidonate-5-lipoxygenase,target/integrin-alpha-iib-beta-3,390,0.5262,false,false,hub,hub
target/asic3,target/cyp11b1,390,0.5262,false,false,hub,hub
target/bmx,target/tspo,390,0.5262,false,false,hub,hub
target/hdac9,target/q9z1j7,390,0.5262,false,false,hub,hub
target/map-kinase-p38-beta,target/nitric-oxide-synthase-inducible,390,0.5262,false,false,hub,hub
target/nitric-oxide-synthase-inducible,target/peroxisome-proliferator-activated-receptor-alpha-peroxisome-proliferator-activated-receptor-alpha,390,0.5262,false,false,hub,hub
target/hepatitis-b-virus,target/serum-albumin,390,0.5261,false,false,hub,hub
target/kir2-3,target/vitamin-d-receptor,390,0.5261,false,false,hub,hub
target/pgrc1,target/serotonin-3-receptor-chembl2111332,390,0.5261,false,false,hub,hub
target/serotonin-7-receptor,target/thromboxane-a2-receptor,390,0.5261,false,false,hub,hub
target/sodium-glucose-cotransporter-2,target/sodium-glucose-cotransporter-2-sodium-glucose-cotransporter-2,390,0.5261,false,false,hub,hub
target/2b-adrenoceptor,target/kir2-3,390,0.526,false,false,hub,hub
target/5-hydroxytryptamine-receptor-1a,target/kir2-3,390,0.526,false,false,hub,hub
target/angiogenesis,target/cyclin-dependent-kinase-2-cyclin-e,390,0.526,false,false,hub,hub
target/aryl-hydrocarbon-receptor,target/peptidoglycan-biosynthesis,390,0.526,false,false,hub,hub
target/catechol-o-methyltransferase,target/type-1-angiotensin-ii-receptor-type-1-angiotensin-ii-receptor,390,0.526,false,false,hub,hub
target/enpp2,target/ren,390,0.526,false,false,hub,hub
target/muscarinic-acetylcholine-receptor-m4,target/prostaglandin-secretion,390,0.526,false,false,hub,hub
target/neprilysin,target/serotonin-2a-receptor-chembl322,390,0.526,false,false,hub,hub
target/rorg,target/sstr3,390,0.526,false,false,hub,hub
target/serotonin-1b-receptor,target/topoisomerase-iv,390,0.526,false,false,hub,hub
class/j01ma,class/s01ax,390,0.5259,false,false,hub,hub
target/acha,target/tpa,390,0.5259,false,false,hub,hub
target/angiogenesis,target/matrix-metalloproteinase-13,390,0.5259,false,false,hub,hub
target/arachidonate-5-lipoxygenase-arachidonate-5-lipoxygenase,target/dna-topoisomerase-1,390,0.5259,false,false,hub,hub
target/bmx,target/sstr3,390,0.5259,false,false,hub,hub
target/cell-proliferation,target/human-immunodeficiency-virus-type-1-protease,390,0.5259,false,false,hub,hub
target/clk1,target/enpp2,390,0.5259,false,false,hub,hub
target/hmdh,target/serotonin-7-receptor,390,0.5259,false,false,hub,hub
target/hmg-coa-reductase,target/kir2-3,390,0.5259,false,false,hub,hub
target/kcnk2,target/serotonin-3-receptor-chembl2111332,390,0.5259,false,false,hub,hub
target/opioid-receptors-mu-kappa-delta,target/serotonin-7-receptor,390,0.5259,false,false,hub,hub
target/pregnane-x-receptor,target/serotonin-1d-receptor,390,0.5259,false,false,hub,hub
target/thromboxane-a2-receptor,target/vitamin-d-receptor,390,0.5259,false,false,hub,hub
target/aldo-keto-reductase-family-1-member-b,target/tspo,390,0.5258,false,false,hub,hub
target/arachidonate-5-lipoxygenase-arachidonate-5-lipoxygenase,target/muscarinic-acetylcholine-receptor-m4,390,0.5258,false,false,hub,hub
target/comt,target/integrin-alpha-iib-beta-3,390,0.5258,false,false,hub,hub
target/hmdh,target/pde9a,390,0.5258,false,false,hub,hub
target/human-immunodeficiency-virus-type-1-protease,target/mycobacterium-tuberculosis,390,0.5258,false,false,hub,hub
target/adrenergic-receptor-alpha-1,target/neprilysin,390,0.5257,false,false,hub,hub
target/amine-oxidase-flavin-containing-a,target/pregnane-x-receptor,390,0.5257,false,false,hub,hub
target/human-immunodeficiency-virus-type-1-protease,target/sstr3,390,0.5257,false,false,hub,hub
target/m5-receptor,target/monoamine-oxidase-a,390,0.5257,false,false,hub,hub
target/ripk1,target/sstr3,390,0.5257,false,false,hub,hub
target/alpha-2a-adrenergic-receptor-alpha-2a-adrenergic-receptor,target/m3k7,390,0.5256,false,false,hub,hub
target/alpha-2a-adrenergic-receptor-alpha-2a-adrenergic-receptor,target/m5-receptor,390,0.5256,false,false,hub,hub
target/aryl-hydrocarbon-receptor,target/monoamine-oxidase-b,390,0.5256,false,false,hub,hub
target/chle,target/comt,390,0.5256,false,false,hub,hub
target/comt,target/finc,390,0.5256,false,false,hub,hub
target/human-immunodeficiency-virus-type-1-protease,target/vitamin-d-receptor,390,0.5256,false,false,hub,hub
target/klrba,target/q9z1j7,390,0.5256,false,false,hub,hub
target/mdr1a,target/mmp13,390,0.5256,false,false,hub,hub
target/p2y2-receptor,target/serotonin-7-receptor,390,0.5256,false,false,hub,hub
target/prostaglandin-secretion,target/serotonin-7-receptor,390,0.5256,false,false,hub,hub
target/scn1b,target/sstr3,390,0.5256,false,false,hub,hub
target/abcb1,target/serotonin-7-receptor,390,0.5255,false,false,hub,hub
target/aldo-keto-reductase-family-1-member-b,target/sstr3,390,0.5255,false,false,hub,hub
target/at1-receptor,target/mmp13-mmp13,390,0.5255,false,false,hub,hub
target/hdac4,target/hdac9,390,0.5255,false,false,hub,hub
target/hmdh,target/slc22a12,390,0.5255,false,false,hub,hub
target/kir2-3,target/opioid-receptors-mu-kappa-delta,390,0.5255,false,false,hub,hub
target/p2y2-receptor,target/phosphodiesterase-4a-phosphodiesterase-4a,390,0.5255,false,false,hub,hub
target/pncb,target/psb8,390,0.5255,false,false,hub,hub
target/alpha-2a-adrenergic-receptor-alpha-2a-adrenergic-receptor,target/pd2r,390,0.5254,false,false,hub,hub
target/amp-activated-protein-kinase-ampk,target/thiazide-sensitive-sodium-chloride-cotransporter,390,0.5254,false,false,hub,hub
target/angiogenesis,target/ret4,390,0.5254,false,false,hub,hub
target/comt,target/pdpk1,390,0.5254,false,false,hub,hub
target/cyclin-dependent-kinase-2-cyclin-e,target/cysteinyl-leukotriene-receptor-1,390,0.5254,false,false,hub,hub
target/serotonin-3-receptor-chembl2111332,target/thromboxane-a2-receptor,390,0.5254,false,false,hub,hub
target/aldo-keto-reductase-family-1-member-b,target/apj,390,0.5253,false,false,hub,hub
target/at1-receptor,target/pgrc1,390,0.5253,false,false,hub,hub
target/cats,target/q9z1j7,390,0.5253,false,false,hub,hub
target/cyp11b1,target/neprilysin,390,0.5253,false,false,hub,hub
target/kcnk2,target/vrac,390,0.5253,false,false,hub,hub
target/5ht1f,target/pgrc1,390,0.5252,false,false,hub,hub
target/aryl-hydrocarbon-receptor,target/matrix-metalloproteinase-1,390,0.5252,false,false,hub,hub
target/beta-1-adrenergic-receptor-beta-1-adrenergic-receptor,target/catechol-o-methyltransferase,390,0.5252,false,false,hub,hub
target/comt,target/pde9a,390,0.5252,false,false,hub,hub
target/d1-receptor,target/phosphodiesterase-4a-phosphodiesterase-4a,390,0.5252,false,false,hub,hub
target/gaba-a-receptor-agonist-gaba-site,target/muscarinic-acetylcholine-receptor-m4,390,0.5252,false,false,hub,hub
target/hepatitis-b-virus,target/lt4r2,390,0.5252,false,false,hub,hub
target/hepatitis-c-virus,target/human-immunodeficiency-virus-type-1-protease,390,0.5252,false,false,hub,hub
target/integrin-alpha-iib-beta-3,target/serotonin-2-receptor-chembl2095200,390,0.5252,false,false,hub,hub
target/kcnq1,target/pgrc1,390,0.5252,false,false,hub,hub
target/matrix-metalloproteinase-13,target/serotonin-3-receptor-chembl2111332,390,0.5252,false,false,hub,hub
target/adrenergic-receptor-alpha-1,target/serotonin-3-receptor,390,0.5251,false,false,hub,hub
target/arachidonate-5-lipoxygenase-arachidonate-5-lipoxygenase,target/neurotrophic-receptor-tyrosine-kinase-3,390,0.5251,false,false,hub,hub
target/aryl-hydrocarbon-receptor,target/kcma1,390,0.5251,false,false,hub,hub
target/asic3,target/p2y2-receptor,390,0.5251,false,false,hub,hub
target/atm,target/kcnq1,390,0.5251,false,false,hub,hub
target/casp1,target/lt4r2,390,0.5251,false,false,hub,hub
target/cp51,target/q9z1j7,390,0.5251,false,false,hub,hub
target/hmg-coa-reductase,target/mycobacterium-tuberculosis-h37rv,390,0.5251,false,false,hub,hub
target/nav1-7,target/scn9a,390,0.5251,false,false,hub,hub
target/prostaglandin-secretion,target/response-to-oxidative-stress,390,0.5251,false,false,hub,hub
target/q9z1j7,target/trpc4,390,0.5251,false,false,hub,hub
target/abcg2,target/pd2r,390,0.525,false,false,hub,hub
target/aoxa,target/tspo,390,0.525,false,false,hub,hub
target/arachidonate-5-lipoxygenase,target/serotonin-3-receptor-chembl2111332,390,0.525,false,false,hub,hub
target/aryl-hydrocarbon-receptor-aryl-hydrocarbon-receptor,target/phosphodiesterase-4a,390,0.525,false,false,hub,hub
target/cdk8,target/tspo,390,0.525,false,false,hub,hub
target/comt,target/ptn11,390,0.525,false,false,hub,hub
target/h2-receptor,target/m2-receptor,390,0.525,false,false,hub,hub
target/hdac9,target/rxfp1,390,0.525,false,false,hub,hub
target/human-immunodeficiency-virus-type-1-protease,target/kv11-1,390,0.525,false,false,hub,hub
target/human-immunodeficiency-virus-type-1-protease,target/opioid-receptors-mu-kappa-delta,390,0.525,false,false,hub,hub
target/opioid-receptors-mu-kappa-delta,target/sodium-glucose-cotransporter-2-sodium-glucose-cotransporter-2,390,0.525,false,false,hub,hub
target/5ht1f,target/apj,390,0.5249,false,false,hub,hub
target/alpha-2b-adrenergic-receptor,target/q9z1j7,390,0.5249,false,false,hub,hub
target/aryl-hydrocarbon-receptor,target/leukocyte-elastase,390,0.5249,false,false,hub,hub
target/camp-dependent-protein-kinase,target/trpc4,390,0.5249,false,false,hub,hub
target/catechol-o-methyltransferase,target/pgrc1,390,0.5249,false,false,hub,hub
target/cdc7,target/hmdh,390,0.5249,false,false,hub,hub
target/cysteinyl-leukotriene-receptor-1,target/platelet-activating-factor-receptor,390,0.5249,false,false,hub,hub
target/m2-receptor,target/phosphodiesterase-4a,390,0.5249,false,false,hub,hub
target/m5-receptor,target/pgrc1,390,0.5249,false,false,hub,hub
target/m5-receptor,target/phosphodiesterase-4a-phosphodiesterase-4a,390,0.5249,false,false,hub,hub
target/mu-type-opioid-receptor,target/serotonin-3-receptor-chembl2111332,390,0.5249,false,false,hub,hub
target/staphylococcus-aureus,target/streptococcus-pneumoniae,390,0.5249,false,false,hub,hub
target/alpha-2a-adrenergic-receptor-alpha-2a-adrenergic-receptor,target/serotonin-1d-receptor,390,0.5248,false,false,hub,hub
target/arachidonate-5-lipoxygenase-arachidonate-5-lipoxygenase,target/asic3,390,0.5248,false,false,hub,hub
target/co5,target/lt4r2,390,0.5248,false,false,hub,hub
target/kv11-1,target/p2y2-receptor,390,0.5248,false,false,hub,hub
target/matrix-metalloproteinase-13,target/mycobacterium-tuberculosis-h37rv,390,0.5248,false,false,hub,hub
target/mycobacterium-tuberculosis-h37rv,target/pncb,390,0.5248,false,false,hub,hub
target/nitric-oxide-synthase-inducible,target/topoisomerase-iv,390,0.5248,false,false,hub,hub
target/platelet-activating-factor-receptor,target/serotonin-3-receptor-chembl2111332,390,0.5248,false,false,hub,hub
target/serotonin-7-receptor,target/streptococcus-pneumoniae,390,0.5248,false,false,hub,hub
target/thromboxane-a2-receptor,target/vrac,390,0.5248,false,false,hub,hub
target/tpa,target/vrac,390,0.5248,false,false,hub,hub
target/5ht1f,target/kir2-3,390,0.5247,false,false,hub,hub
target/abcg2,target/alpha-2a-adrenergic-receptor-alpha-2a-adrenergic-receptor,390,0.5247,false,false,hub,hub
target/adrenergic-receptor-alpha-2,target/hmdh,390,0.5247,false,false,hub,hub
target/alpha-2a-adrenergic-receptor-alpha-2a-adrenergic-receptor,target/serum-albumin,390,0.5247,false,false,hub,hub
target/alpha-2b-adrenergic-receptor,target/camp-dependent-protein-kinase,390,0.5247,false,false,hub,hub
target/aoc3,target/aryl-hydrocarbon-receptor,390,0.5247,false,false,hub,hub
target/at1a1,target/comt,390,0.5247,false,false,hub,hub
target/catechol-o-methyltransferase,target/vitamin-d-receptor,390,0.5247,false,false,hub,hub
target/comt,target/kpcd1,390,0.5247,false,false,hub,hub
target/hepatitis-b-virus,target/hepatocyte-growth-factor-receptor-hepatocyte-growth-factor-receptor,390,0.5247,false,false,hub,hub
target/hepatitis-b-virus,target/tlr4,390,0.5247,false,false,hub,hub
target/hmdh,target/smooth-muscle-contraction,390,0.5247,false,false,hub,hub
target/ren,target/tpa,390,0.5247,false,false,hub,hub
target/5ntd,target/tspo,390,0.5246,false,false,hub,hub
target/acetylcholinesterase-acetylcholinesterase,target/trpc4,390,0.5246,false,false,hub,hub
target/aldo-keto-reductase-family-1-member-b,target/hmdh,390,0.5246,false,false,hub,hub
target/alpha-2a-adrenergic-receptor-alpha-2a-adrenergic-receptor,target/mmp13-mmp13,390,0.5246,false,false,hub,hub
target/aryl-hydrocarbon-receptor,target/d1-receptor,390,0.5246,false,false,hub,hub
target/beta-1-adrenergic-receptor-beta-1-adrenergic-receptor,target/nitric-oxide-synthase-inducible,390,0.5246,false,false,hub,hub
target/cysteinyl-leukotriene-receptor-1,target/m2-receptor,390,0.5246,false,false,hub,hub
target/human-immunodeficiency-virus-type-1-protease,target/p2y2-receptor,390,0.5246,false,false,hub,hub
target/kcnq1,target/rorg,390,0.5246,false,false,hub,hub
target/scn1b,target/tlr4,390,0.5246,false,false,hub,hub
target/5-hydroxytryptamine-receptor-1a,target/gaba-a-receptor-agonist-gaba-site,390,0.5245,false,false,hub,hub
target/acvr1,target/pncb,390,0.5245,false,false,hub,hub
target/aryl-hydrocarbon-receptor,target/oxytocin-receptor,390,0.5245,false,false,hub,hub
target/comt,target/il13,390,0.5245,false,false,hub,hub
target/cysteinyl-leukotriene-receptor-1,target/oxytocin-receptor,390,0.5245,false,false,hub,hub
target/cytochrome-p450-2c19,target/nitric-oxide-synthase-inducible,390,0.5245,false,false,hub,hub
target/d1-receptor,target/serotonin-3-receptor-chembl2111332,390,0.5245,false,false,hub,hub
target/dopamine-beta-hydroxylase,target/q9z1j7,390,0.5245,false,false,hub,hub
target/mu-type-opioid-receptor,target/mycobacterium-tuberculosis-h37rv,390,0.5245,false,false,hub,hub
target/arachidonate-5-lipoxygenase-arachidonate-5-lipoxygenase,target/ripk1,390,0.5244,false,false,hub,hub
target/aryl-hydrocarbon-receptor,target/hdac9,390,0.5244,false,false,hub,hub
target/oxytocin-receptor,target/serotonin-3-receptor-chembl2111332,390,0.5244,false,false,hub,hub
target/abl2,target/bmx,390,0.5243,false,false,hub,hub
target/adrenergic-receptor-alpha-1,target/mmp13-mmp13,390,0.5243,false,false,hub,hub
target/adrenergic-receptor-alpha-1,target/trpc4,390,0.5243,false,false,hub,hub
target/aoc3,target/tlr4,390,0.5243,false,false,hub,hub
target/hdac9,target/pncb,390,0.5243,false,false,hub,hub
target/hepatocyte-growth-factor-receptor-hepatocyte-growth-factor-receptor,target/vrac,390,0.5243,false,false,hub,hub
target/m3k7,target/tpa,390,0.5243,false,false,hub,hub
target/nitric-oxide-synthase-inducible,target/phosphodiesterase-4a-phosphodiesterase-4a,390,0.5243,false,false,hub,hub
target/serotonin-2-receptor,target/serotonin-3-receptor-chembl2111332,390,0.5243,false,false,hub,hub
target/arachidonate-5-lipoxygenase-arachidonate-5-lipoxygenase,target/scn1b,390,0.5242,false,false,hub,hub
target/bmx,target/m3k7,390,0.5242,false,false,hub,hub
target/catechol-o-methyltransferase,target/cyclin-dependent-kinase-2-cyclin-e,390,0.5242,false,false,hub,hub
target/fpr1,target/pgrc1,390,0.5242,false,false,hub,hub
target/gprc6,target/hmdh,390,0.5242,false,false,hub,hub
target/streptococcus-pneumoniae,target/thromboxane-a2-receptor,390,0.5242,false,false,hub,hub
target/alpha-1a-adrenergic-receptor,target/catechol-o-methyltransferase,390,0.5241,false,false,hub,hub
target/alpha-2b-adrenergic-receptor,target/serum-albumin,390,0.5241,false,false,hub,hub
target/aoxa,target/bmx,390,0.5241,false,false,hub,hub
target/arachidonate-5-lipoxygenase-arachidonate-5-lipoxygenase,target/map-kinase-p38-beta,390,0.5241,false,false,hub,hub
target/chle,target/pgrc1,390,0.5241,false,false,hub,hub
target/comt,target/serotonin-1b-receptor,390,0.5241,false,false,hub,hub
target/hepatitis-b-virus,target/serotonin-2-receptor,390,0.5241,false,false,hub,hub
target/kcnq1,target/tlr4,390,0.5241,false,false,hub,hub
target/pd2r,target/tpa,390,0.5241,false,false,hub,hub
target/abcb1,target/d1-receptor,390,0.524,false,false,hub,hub
target/abcb1,target/m2-receptor,390,0.524,false,false,hub,hub
target/h2-receptor,target/nitric-oxide-synthase-inducible,390,0.524,false,false,hub,hub
target/adrenergic-receptor-alpha-1,target/angiogenesis,390,0.5239,false,false,hub,hub
target/alpha-2b-adrenergic-receptor,target/cell-proliferation,390,0.5239,false,false,hub,hub
target/camp-dependent-protein-kinase,target/cysteinyl-leukotriene-receptor-1,390,0.5239,false,false,hub,hub
target/plasmodium-falciparum,target/prostaglandin-biosynthetic-process,390,0.5239,false,false,hub,hub
target/topoisomerase-iv,target/vitamin-d-receptor,390,0.5239,false,false,hub,hub
target/trpv3,target/tspo,390,0.5239,false,false,hub,hub
target/2b-adrenoceptor,target/glun1,390,0.5238,false,false,hub,hub
target/catechol-o-methyltransferase,target/mu-type-opioid-receptor,390,0.5238,false,false,hub,hub
target/cell-proliferation,target/serotonin-7-receptor,390,0.5238,false,false,hub,hub
target/clk1,target/vrac,390,0.5238,false,false,hub,hub
target/d1-receptor,target/neprilysin,390,0.5238,false,false,hub,hub
target/dopamine-beta-hydroxylase,target/glun1,390,0.5238,false,false,hub,hub
target/hepatitis-b-virus,target/q9z1j7,390,0.5238,false,false,hub,hub
target/monoamine-oxidase,target/plasmodium-falciparum,390,0.5238,false,false,hub,hub
target/arachidonate-5-lipoxygenase-arachidonate-5-lipoxygenase,target/at1-receptor,390,0.5237,false,false,hub,hub
target/clk1,target/ren,390,0.5237,false,false,hub,hub
target/hmdh,target/serotonin-3-receptor,390,0.5237,false,false,hub,hub
target/nitric-oxide-synthase-inducible,target/tpa,390,0.5237,false,false,hub,hub
target/pncb,target/sc5a1,390,0.5237,false,false,hub,hub
target/psb8,target/thiazide-sensitive-sodium-chloride-cotransporter,390,0.5237,false,false,hub,hub
target/5-hydroxytryptamine-receptor-1a,target/5-hydroxytryptamine-receptor-2a,390,0.5236,false,false,hub,hub
target/5-hydroxytryptamine-receptor-1a,target/amine-oxidase-flavin-containing-a,390,0.5236,false,false,hub,hub
target/angiogenesis,target/mmp12,390,0.5236,false,false,hub,hub
target/asic3,target/glun1,390,0.5236,false,false,hub,hub
target/camp-dependent-protein-kinase,target/hepatitis-b-virus,390,0.5236,false,false,hub,hub
target/cysteinyl-leukotriene-receptor-1,target/dna-topoisomerase-1,390,0.5236,false,false,hub,hub
target/gdf8,target/hmdh,390,0.5236,false,false,hub,hub
target/histamine-h1-receptor-histamine-h1-receptor-hrh1-human,target/hmdh,390,0.5236,false,false,hub,hub
target/hmdh,target/lipid-metabolic-process,390,0.5236,false,false,hub,hub
target/kpym,target/tpa,390,0.5236,false,false,hub,hub
target/mmp13-mmp13,target/monoamine-oxidase,390,0.5236,false,false,hub,hub
target/monoamine-oxidase-b,target/thiazide-sensitive-sodium-chloride-cotransporter,390,0.5236,false,false,hub,hub
target/pde9a,target/pgrc1,390,0.5236,false,false,hub,hub
target/sstr3,target/trpv3,390,0.5236,false,false,hub,hub
target/2b-adrenoceptor,target/amine-oxidase-flavin-containing-a,390,0.5235,false,false,hub,hub
target/alpha-1a-adrenergic-receptor,target/nitric-oxide-synthase-inducible,390,0.5235,false,false,hub,hub
target/at1a2,target/comt,390,0.5235,false,false,hub,hub
target/dna-topoisomerase-1,target/serotonin-3-receptor-chembl2111332,390,0.5235,false,false,hub,hub
target/finc,target/kir2-3,390,0.5235,false,false,hub,hub
target/grik1,target/hmdh,390,0.5235,false,false,hub,hub
target/kv11-1,target/nitric-oxide-synthase-inducible,390,0.5235,false,false,hub,hub
target/mmp12,target/t2r46,390,0.5235,false,false,hub,hub
target/pregnane-x-receptor,target/q9z1j7,390,0.5235,false,false,hub,hub
target/serotonin-7-receptor,target/sstr3,390,0.5235,false,false,hub,hub
target/abcg2,target/tpa,390,0.5234,false,false,hub,hub
target/alpha-2b-adrenergic-receptor,target/dopamine-beta-hydroxylase,390,0.5234,false,false,hub,hub
target/asic3,target/mmp13-mmp13,390,0.5234,false,false,hub,hub
target/cats,target/pncb,390,0.5234,false,false,hub,hub
target/cyclin-dependent-kinase-2-cyclin-e,target/integrin-alpha-iib-beta-3,390,0.5234,false,false,hub,hub
target/cysteinyl-leukotriene-receptor-1,target/muscarinic-acetylcholine-receptor-m4,390,0.5234,false,false,hub,hub
target/cytochrome-p450-2c19,target/kpcd1,390,0.5234,false,false,hub,hub
target/kca2-2,target/mmp13-mmp13,390,0.5234,false,false,hub,hub
target/kcnk2,target/sstr3,390,0.5234,false,false,hub,hub
target/mrp1,target/pgrc1,390,0.5234,false,false,hub,hub
target/serotonin-2a-receptor-chembl322,target/serotonin-3-receptor-chembl2111332,390,0.5234,false,false,hub,hub
target/abcg2,target/bmx,390,0.5233,false,false,hub,hub
target/amine-oxidase-flavin-containing-a,target/hmg-coa-reductase,390,0.5233,false,false,hub,hub
target/angiogenesis,target/hepg2,390,0.5233,false,false,hub,hub
target/aryl-hydrocarbon-receptor,target/cac1a,390,0.5233,false,false,hub,hub
target/aryl-hydrocarbon-receptor-aryl-hydrocarbon-receptor,target/serotonin-3-receptor,390,0.5233,false,false,hub,hub
target/cysteinyl-leukotriene-receptor-1,target/finc,390,0.5233,false,false,hub,hub
target/hyes,target/lkha4,390,0.5233,false,false,hub,hub
target/integrin-alpha-iib-beta-3,target/kv11-1,390,0.5233,false,false,hub,hub
target/q9z1j7,target/thas,390,0.5233,false,false,hub,hub
target/alpha-2a-adrenergic-receptor-alpha-2a-adrenergic-receptor,target/tlr4,390,0.5232,false,false,hub,hub
target/hepatitis-b-virus,target/serotonin-2a-receptor-chembl322,390,0.5232,false,false,hub,hub
target/monoamine-oxidase-a,target/mycobacterium-tuberculosis-h37rv,390,0.5232,false,false,hub,hub
target/acetylcholinesterase-acetylcholinesterase,target/smooth-muscle-contraction,390,0.5231,false,false,hub,hub
target/amp-activated-protein-kinase-ampk,target/streptococcus-pneumoniae,390,0.5231,false,false,hub,hub
target/at1a1,target/pgrc1,390,0.5231,false,false,hub,hub
target/cysltr1,target/vrac,390,0.5231,false,false,hub,hub
target/cysteinyl-leukotriene-receptor-1,target/cytochrome-p450-2c19,390,0.5231,false,false,hub,hub
target/hepatocyte-growth-factor-receptor-hepatocyte-growth-factor-receptor,target/macrophage-stimulating-protein-receptor,390,0.5231,false,false,hub,hub
target/hmg-coa-reductase,target/pgrc1,390,0.5231,false,false,hub,hub
target/kpcd1,target/pgrc1,390,0.5231,false,false,hub,hub
target/maoa,target/monoamine-oxidase-a,390,0.5231,false,false,hub,hub
target/nitric-oxide-synthase-inducible,target/platelet-activating-factor-receptor,390,0.5231,false,false,hub,hub
target/protein-farnesyltransferase,target/serotonin-3-receptor-chembl2111332,390,0.5231,false,false,hub,hub
target/2b-adrenoceptor,target/dopamine-beta-hydroxylase,390,0.523,false,false,hub,hub
target/aldo-keto-reductase-family-1-member-b,target/glun1,390,0.523,false,false,hub,hub
target/alpha-2b-adrenergic-receptor,target/beta-amyloid-a4-protein,390,0.523,false,false,hub,hub
target/clk1,target/sc5a1,390,0.523,false,false,hub,hub
target/comt,target/type-1-angiotensin-ii-receptor-type-1-angiotensin-ii-receptor,390,0.523,false,false,hub,hub
target/finc,target/hmdh,390,0.523,false,false,hub,hub
target/gaba-a-receptor-agonist-gaba-site,target/m5-receptor,390,0.523,false,false,hub,hub
target/integrin-alpha-iib-beta-3,target/mu-type-opioid-receptor,390,0.523,false,false,hub,hub
target/integrin-alpha-iib-beta-3,target/platelet-activating-factor-receptor,390,0.523,false,false,hub,hub
target/mmp13-mmp13,target/sodium-glucose-cotransporter-2-sodium-glucose-cotransporter-2,390,0.523,false,false,hub,hub
target/pgrc1,target/rorg,390,0.523,false,false,hub,hub
target/sstr3,target/tpa,390,0.523,false,false,hub,hub
target/adrenergic-receptor-alpha-1,target/mycobacterium-tuberculosis-h37rv,390,0.5229,false,false,hub,hub
target/adrenergic-receptor-alpha-2,target/serotonin-1d-receptor,390,0.5229,false,false,hub,hub
target/angiogenesis,target/lt4r2,390,0.5229,false,false,hub,hub
target/bmx,target/kcnk2,390,0.5229,false,false,hub,hub
target/cdk14,target/clk1,390,0.5229,false,false,hub,hub
target/cell-proliferation,target/hepatitis-b-virus,390,0.5229,false,false,hub,hub
target/hmdh,target/lat1,390,0.5229,false,false,hub,hub
target/hmdh,target/protein-farnesyltransferase,390,0.5229,false,false,hub,hub
target/mapk-signaling-pathway,target/serotonin-1b-receptor,390,0.5229,false,false,hub,hub
target/prostaglandin-biosynthetic-process,target/rorg,390,0.5229,false,false,hub,hub
target/alpha-1a-adrenergic-receptor,target/serotonin-7-receptor,390,0.5228,false,false,hub,hub
target/alpha-2b-adrenergic-receptor,target/arachidonate-5-lipoxygenase,390,0.5228,false,false,hub,hub
target/camp-dependent-protein-kinase,target/catechol-o-methyltransferase,390,0.5228,false,false,hub,hub
target/comt,target/monoamine-oxidase-a,390,0.5228,false,false,hub,hub
target/mycobacterium-tuberculosis-h37rv,target/protein-farnesyltransferase,390,0.5228,false,false,hub,hub
target/nitric-oxide-synthase-inducible,target/oxytocin-receptor,390,0.5228,false,false,hub,hub
target/alpha-2a-adrenergic-receptor-alpha-2a-adrenergic-receptor,target/cyclin-dependent-kinase-8,390,0.5227,false,false,hub,hub
target/amine-oxidase-flavin-containing-a,target/map-kinase-p38-beta,390,0.5227,false,false,hub,hub
target/angiogenesis,target/opioid-receptors-mu-kappa-delta,390,0.5227,false,false,hub,hub
target/at1-receptor,target/nitric-oxide-synthase-inducible,390,0.5227,false,false,hub,hub
target/glun1,target/m2-receptor,390,0.5227,false,false,hub,hub
target/il2ra,target/pgrc1,390,0.5227,false,false,hub,hub
target/pgrc1,target/xdh,390,0.5227,false,false,hub,hub
target/serotonin-2-receptor-chembl2095200,target/serotonin-3-receptor,390,0.5227,false,false,hub,hub
target/alpha-2b-adrenergic-receptor,target/tlr4,390,0.5226,false,false,hub,hub
target/amine-oxidase-flavin-containing-a,target/p2y2-receptor,390,0.5226,false,false,hub,hub
target/amine-oxidase-flavin-containing-a,target/prostaglandin-secretion,390,0.5226,false,false,hub,hub
target/amine-oxidase-flavin-containing-a,target/smooth-muscle-contraction,390,0.5226,false,false,hub,hub
target/cltr2,target/lkha4,390,0.5226,false,false,hub,hub
target/histamine-h1-receptor-histamine-h1-receptor-hrh1-human,target/serotonin-3-receptor,390,0.5226,false,false,hub,hub
target/integrin-alpha-iib-beta-3,target/oxytocin-receptor,390,0.5226,false,false,hub,hub
target/monoamine-oxidase-a,target/sulfonylurea-receptors-k-atp-channels,390,0.5226,false,false,hub,hub
target/peptidoglycan-biosynthesis,target/serotonin-3-receptor-chembl2111332,390,0.5226,false,false,hub,hub
target/sc5a1,target/streptococcus-pneumoniae,390,0.5226,false,false,hub,hub
target/tpa,target/xanthine-dehydrogenase,390,0.5226,false,false,hub,hub
target/5-ht5a-receptor,target/serotonin-1b-receptor,390,0.5225,false,false,hub,hub
target/aldo-keto-reductase-family-1-member-b,target/alpha-2b-adrenergic-receptor,390,0.5225,false,false,hub,hub
target/carbonic-anhydrase-vii,target/hepatitis-b-virus,390,0.5225,false,false,hub,hub
target/carbonic-anhydrase-vii,target/human-immunodeficiency-virus-type-1-protease,390,0.5225,false,false,hub,hub
target/comt,target/rir1,390,0.5225,false,false,hub,hub
target/comt,target/topoisomerase-iv,390,0.5225,false,false,hub,hub
target/dopamine-beta-hydroxylase,target/pncb,390,0.5225,false,false,hub,hub
target/hepatitis-b-virus,target/hepg2,390,0.5225,false,false,hub,hub
target/kcna5,target/vrac,390,0.5225,false,false,hub,hub
target/platelet-activating-factor-receptor,target/serotonin-7-receptor,390,0.5225,false,false,hub,hub
target/serotonin-3-receptor,target/type-1-angiotensin-ii-receptor-type-1-angiotensin-ii-receptor,390,0.5225,false,false,hub,hub
target/arachidonate-5-lipoxygenase-arachidonate-5-lipoxygenase,target/cytochrome-p450-2c19,390,0.5224,false,false,hub,hub
target/at1a1,target/pncb,390,0.5224,false,false,hub,hub
target/beta-1-adrenergic-receptor-beta-1-adrenergic-receptor,target/neprilysin,390,0.5224,false,false,hub,hub
target/cac1a,target/hdac9,390,0.5224,false,false,hub,hub
target/clk1,target/kcna5,390,0.5224,false,false,hub,hub
target/cysteinyl-leukotriene-receptor-1,target/monoamine-oxidase-b,390,0.5224,false,false,hub,hub
target/hmdh,target/prostaglandin-biosynthetic-process,390,0.5224,false,false,hub,hub
target/hmdh,target/reactive-oxygen-species-biosynthetic-process,390,0.5224,false,false,hub,hub
target/monoamine-oxidase-a,target/streptococcus-pneumoniae,390,0.5224,false,false,hub,hub
target/adrenergic-receptor-alpha-2,target/pgrc1,390,0.5223,false,false,hub,hub
target/aldo-keto-reductase-family-1-member-b,target/neurotrophic-receptor-tyrosine-kinase-3,390,0.5223,false,false,hub,hub
target/apj,target/tlr4,390,0.5223,false,false,hub,hub
target/arachidonate-5-lipoxygenase-arachidonate-5-lipoxygenase,target/trpv3,390,0.5223,false,false,hub,hub
target/at1-receptor,target/trpc4,390,0.5223,false,false,hub,hub
target/c-jun-n-terminal-kinase-1,target/human-immunodeficiency-virus-type-1-protease,390,0.5223,false,false,hub,hub
target/camp-dependent-protein-kinase,target/monoamine-oxidase-a,390,0.5223,false,false,hub,hub
target/comt,target/cytochrome-p450-2c19,390,0.5223,false,false,hub,hub
target/cyclin-dependent-kinase-8,target/tspo,390,0.5223,false,false,hub,hub
target/fpr1,target/q9z1j7,390,0.5223,false,false,hub,hub
target/h2-receptor,target/hmdh,390,0.5223,false,false,hub,hub
target/h2-receptor,target/tlr4,390,0.5223,false,false,hub,hub
target/hmdh,target/peptidoglycan-biosynthesis,390,0.5223,false,false,hub,hub
target/hmdh,target/response-to-oxidative-stress,390,0.5223,false,false,hub,hub
target/kpct,target/tlr4,390,0.5223,false,false,hub,hub
target/lt4r2,target/pncb,390,0.5223,false,false,hub,hub
target/m5-receptor,target/serotonin-1d-receptor,390,0.5223,false,false,hub,hub
target/pde9a,target/vrac,390,0.5223,false,false,hub,hub
target/pgrc1,target/smooth-muscle-contraction,390,0.5223,false,false,hub,hub
target/rorg,target/serotonin-3-receptor-chembl2111332,390,0.5223,false,false,hub,hub
target/apj,target/mycobacterium-tuberculosis-h37rv,390,0.5222,false,false,hub,hub
target/apj,target/p2y2-receptor,390,0.5222,false,false,hub,hub
target/arachidonate-5-lipoxygenase-arachidonate-5-lipoxygenase,target/atm,390,0.5222,false,false,hub,hub
target/arachidonate-5-lipoxygenase-arachidonate-5-lipoxygenase,target/rxfp1,390,0.5222,false,false,hub,hub
target/aryl-hydrocarbon-receptor-aryl-hydrocarbon-receptor,target/pgrc1,390,0.5222,false,false,hub,hub
target/beta-amyloid-a4-protein,target/pncb,390,0.5222,false,false,hub,hub
target/dopamine-beta-hydroxylase,target/mycobacterium-tuberculosis-h37rv,390,0.5222,false,false,hub,hub
target/kcnq1,target/trpv3,390,0.5222,false,false,hub,hub
target/oxytocin-receptor,target/serotonin-7-receptor,390,0.5222,false,false,hub,hub
target/pgrc1,target/thas,390,0.5222,false,false,hub,hub
target/serotonin-2a-receptor-chembl322,target/streptococcus-pneumoniae,390,0.5222,false,false,hub,hub
target/tie2,target/tyrosine-protein-kinase-tie-2,390,0.5222,false,false,hub,hub
target/alpha-2a-adrenergic-receptor-alpha-2a-adrenergic-receptor,target/enpp2,390,0.5221,false,false,hub,hub
target/asic3,target/scn1b,390,0.5221,false,false,hub,hub
target/catechol-o-methyltransferase,target/protein-farnesyltransferase,390,0.5221,false,false,hub,hub
target/comt,target/rxfp1,390,0.5221,false,false,hub,hub
target/kv11-1,target/serotonin-3-receptor-chembl2111332,390,0.5221,false,false,hub,hub
target/m2-receptor,target/sstr3,390,0.5221,false,false,hub,hub
target/muscarinic-acetylcholine-receptor-m4,target/serotonin-3-receptor,390,0.5221,false,false,hub,hub
target/5-ht1e-receptor,target/5ht1f,390,0.522,false,false,hub,hub
target/alpha-2a-adrenergic-receptor-alpha-2a-adrenergic-receptor,target/null,390,0.522,false,false,hub,hub
target/camp-dependent-protein-kinase,target/integrin-alpha-iib-beta-3,390,0.522,false,false,hub,hub
target/carbonic-anhydrase-vii,target/neprilysin,390,0.522,false,false,hub,hub
target/catechol-o-methyltransferase,target/cytochrome-p450-2c19,390,0.522,false,false,hub,hub
target/comt,target/slc22a12,390,0.522,false,false,hub,hub
target/hmdh,target/kca2-2,390,0.522,false,false,hub,hub
target/matrix-metalloproteinase-1,target/serotonin-3-receptor-chembl2111332,390,0.522,false,false,hub,hub
target/5-hydroxytryptamine-receptor-2a,target/histamine-h1-receptor-histamine-h1-receptor-hrh1-human,390,0.5219,false,false,hub,hub
target/apj,target/trpm8,390,0.5219,false,false,hub,hub
target/comt,target/t2r46,390,0.5219,false,false,hub,hub
target/d1-receptor,target/h2-receptor,390,0.5219,false,false,hub,hub
target/il13,target/tlr4,390,0.5219,false,false,hub,hub
target/mycobacterium-tuberculosis-h37rv,target/thromboxane-a2-receptor,390,0.5219,false,false,hub,hub
target/sc5a1,target/thiazide-sensitive-sodium-chloride-cotransporter,390,0.5219,false,false,hub,hub
target/acetylcholinesterase-acetylcholinesterase,target/alpha-2a-adrenergic-receptor-alpha-2a-adrenergic-receptor,390,0.5218,false,false,hub,hub
target/cysteinyl-leukotriene-receptor-1,target/leukocyte-elastase,390,0.5218,false,false,hub,hub
target/hmdh,target/ptgfr,390,0.5218,false,false,hub,hub
target/pgrc1,target/serotonin-2-receptor,390,0.5218,false,false,hub,hub
target/pregnane-x-receptor,target/rorg,390,0.5218,false,false,hub,hub
target/alpha-2a-adrenergic-receptor,target/alpha-2a-adrenergic-receptor-alpha-2a-adrenergic-receptor,390,0.5217,false,false,hub,hub
target/arachidonate-5-lipoxygenase,target/hepatitis-b-virus,390,0.5217,false,false,hub,hub
target/comt,target/xanthine-dehydrogenase,390,0.5217,false,false,hub,hub
target/gaba-a-receptor-agonist-gaba-site,target/serotonin-7-receptor,390,0.5217,false,false,hub,hub
target/kcnk2,target/sulfonylurea-receptors-k-atp-channels,390,0.5217,false,false,hub,hub
target/mdr1a,target/scn1b,390,0.5217,false,false,hub,hub
target/abcb1,target/aryl-hydrocarbon-receptor,390,0.5216,false,false,hub,hub
target/adrenergic-receptor-alpha-1,target/alpha-2a-adrenergic-receptor-alpha-2a-adrenergic-receptor,390,0.5216,false,false,hub,hub
target/alpha-1a-adrenergic-receptor,target/prostaglandin-secretion,390,0.5216,false,false,hub,hub
target/alpha-2a-adrenergic-receptor-alpha-2a-adrenergic-receptor,target/histone-deacetylase-8,390,0.5216,false,false,hub,hub
target/alpha-2a-adrenergic-receptor-alpha-2a-adrenergic-receptor,target/mapk-signaling-pathway,390,0.5216,false,false,hub,hub
target/aoc3,target/kir2-3,390,0.5216,false,false,hub,hub
target/bmx,target/ren,390,0.5216,false,false,hub,hub
target/cell-proliferation,target/monoamine-oxidase-a,390,0.5216,false,false,hub,hub
target/hepatitis-c-virus,target/neprilysin,390,0.5216,false,false,hub,hub
target/hmdh,target/kcnj8,390,0.5216,false,false,hub,hub
target/kca2-2,target/neprilysin,390,0.5216,false,false,hub,hub
target/q9z1j7,target/serotonin-7-receptor,390,0.5216,false,false,hub,hub
target/acetylcholinesterase-acetylcholinesterase,target/mmp13-mmp13,390,0.5215,false,false,hub,hub
target/aldo-keto-reductase-family-1-member-b,target/hepatitis-b-virus,390,0.5215,false,false,hub,hub
target/angiogenesis,target/hypoxia-inducible-factor-1-alpha,390,0.5215,false,false,hub,hub
target/catechol-o-methyltransferase,target/peptidoglycan-biosynthesis,390,0.5215,false,false,hub,hub
target/gdf8,target/pgrc1,390,0.5215,false,false,hub,hub
target/hdac9,target/kir2-3,390,0.5215,false,false,hub,hub
target/integrin-alpha-iib-beta-3,target/serotonin-2a-receptor-chembl322,390,0.5215,false,false,hub,hub
target/kcna5,target/nitric-oxide-synthase-inducible,390,0.5215,false,false,hub,hub
target/m5-receptor,target/monoamine-oxidase,390,0.5215,false,false,hub,hub
target/monoamine-oxidase-a,target/tspo,390,0.5215,false,false,hub,hub
target/pgrc1,target/serotonin-3-receptor,390,0.5215,false,false,hub,hub
target/abl2,target/tpa,390,0.5214,false,false,hub,hub
target/anandamide-amidohydrolase,target/serotonin-7-receptor,390,0.5214,false,false,hub,hub
target/apj,target/pd2r,390,0.5214,false,false,hub,hub
target/aryl-hydrocarbon-receptor,target/cyclin-dependent-kinase-8,390,0.5214,false,false,hub,hub
target/co5,target/hmdh,390,0.5214,false,false,hub,hub
target/histamine-h1-receptor-histamine-h1-receptor-hrh1-human,target/vitamin-d-receptor,390,0.5214,false,false,hub,hub
target/integrin-alpha-iib-beta-3,target/serum-albumin,390,0.5214,false,false,hub,hub
target/pgrc1,target/urok,390,0.5214,false,false,hub,hub
target/ret4,target/scn1b,390,0.5214,false,false,hub,hub
target/serotonin-3-receptor,target/vitamin-d-receptor,390,0.5214,false,false,hub,hub
target/serotonin-7-receptor,target/type-1-angiotensin-ii-receptor-type-1-angiotensin-ii-receptor,390,0.5214,false,false,hub,hub
target/alpha-1a-adrenergic-receptor,target/arachidonate-5-lipoxygenase-arachidonate-5-lipoxygenase,390,0.5213,false,false,hub,hub
target/alpha-1a-adrenergic-receptor,target/neprilysin,390,0.5213,false,false,hub,hub
target/angiogenesis,target/klrba,390,0.5213,false,false,hub,hub
target/aryl-hydrocarbon-receptor,target/at1-receptor,390,0.5213,false,false,hub,hub
target/aryl-hydrocarbon-receptor-aryl-hydrocarbon-receptor,target/hepatocyte-growth-factor-receptor-hepatocyte-growth-factor-receptor,390,0.5213,false,false,hub,hub
target/comt,target/cysteinyl-leukotriene-receptor-1,390,0.5213,false,false,hub,hub
target/cytochrome-p450-1a1,target/hmdh,390,0.5213,false,false,hub,hub
target/dopamine-beta-hydroxylase,target/histamine-h1-receptor-histamine-h1-receptor-hrh1-human,390,0.5213,false,false,hub,hub
target/hepatitis-c-virus,target/sulfonylurea-receptors-k-atp-channels,390,0.5213,false,false,hub,hub
target/hmdh,target/pregnane-x-receptor,390,0.5213,false,false,hub,hub
target/integrin-alpha-iib-beta-3,target/protein-farnesyltransferase,390,0.5213,false,false,hub,hub
target/kcna5,target/thiazide-sensitive-sodium-chloride-cotransporter,390,0.5213,false,false,hub,hub
target/monoamine-oxidase,target/serotonin-3-receptor,390,0.5213,false,false,hub,hub
target/protein-farnesyltransferase,target/thiazide-sensitive-sodium-chloride-cotransporter,390,0.5213,false,false,hub,hub
target/sc5a1,target/vitamin-d-receptor,390,0.5213,false,false,hub,hub
target/sulfonylurea-receptors-k-atp-channels,target/tpa,390,0.5213,false,false,hub,hub
target/amine-oxidase-flavin-containing-a,target/muscarinic-acetylcholine-receptor-m4,390,0.5212,false,false,hub,hub
target/bmr1b,target/scn1b,390,0.5212,false,false,hub,hub
target/comt,target/ripk1,390,0.5212,false,false,hub,hub
target/cysteinyl-leukotriene-receptor-1,target/serotonin-2-receptor,390,0.5212,false,false,hub,hub
target/cytochrome-p450-1a1,target/prostaglandin-secretion,390,0.5212,false,false,hub,hub
target/cytochrome-p450-2c19,target/integrin-alpha-iib-beta-3,390,0.5212,false,false,hub,hub
target/human-immunodeficiency-virus-type-1-protease,target/m2-receptor,390,0.5212,false,false,hub,hub
target/kcnk2,target/tysy,390,0.5212,false,false,hub,hub
target/nitric-oxide-synthase-inducible,target/pde9a,390,0.5212,false,false,hub,hub
target/acyl-coenzyme-a-cholesterol-acyltransferase-1,target/alpha-2a-adrenergic-receptor-alpha-2a-adrenergic-receptor,390,0.5211,false,false,hub,hub
target/adrenergic-receptor-alpha-1,target/tspo,390,0.5211,false,false,hub,hub
target/casp1,target/comt,390,0.5211,false,false,hub,hub
target/pgrc1,target/tysy,390,0.5211,false,false,hub,hub
target/thiazide-sensitive-sodium-chloride-cotransporter,target/tspo,390,0.5211,false,false,hub,hub
target/aldo-keto-reductase-family-1-member-b,target/cyclin-dependent-kinase-8,390,0.521,false,false,hub,hub
target/alpha-2a-adrenergic-receptor-alpha-2a-adrenergic-receptor,target/angiotensin-converting-enzyme-angiotensin-converting-enzyme-ace-human,390,0.521,false,false,hub,hub
target/arachidonate-5-lipoxygenase-arachidonate-5-lipoxygenase,target/platelet-activating-factor-receptor,390,0.521,false,false,hub,hub
target/aryl-hydrocarbon-receptor,target/serotonin-2-receptor-chembl2095200,390,0.521,false,false,hub,hub
target/carbonic-anhydrase-xii,target/neprilysin,390,0.521,false,false,hub,hub
target/carbonic-anhydrase-xii,target/vrac,390,0.521,false,false,hub,hub
target/catechol-o-methyltransferase,target/matrix-metalloproteinase-1,390,0.521,false,false,hub,hub
target/catechol-o-methyltransferase,target/matrix-metalloproteinase-13,390,0.521,false,false,hub,hub
target/clk1,target/ret4,390,0.521,false,false,hub,hub
target/cyclin-dependent-kinase-8,target/tlr4,390,0.521,false,false,hub,hub
target/cysteinyl-leukotriene-receptor-1,target/gaba-a-receptor-agonist-gaba-site,390,0.521,false,false,hub,hub
target/gpr55,target/pregnane-x-receptor,390,0.521,false,false,hub,hub
target/monoamine-oxidase-a,target/peptidoglycan-biosynthesis,390,0.521,false,false,hub,hub
target/serotonin-3-receptor-chembl2111332,target/sulfonylurea-receptors-k-atp-channels,390,0.521,false,false,hub,hub
target/amine-oxidase-flavin-containing-a,target/mmp13-mmp13,390,0.5209,false,false,hub,hub
target/bace1,target/beta-secretase-1,390,0.5209,false,false,hub,hub
target/bmx,target/enpp2,390,0.5209,false,false,hub,hub
target/cytochrome-p450-1a1,target/neprilysin,390,0.5209,false,false,hub,hub
target/finc,target/kcnk2,390,0.5209,false,false,hub,hub
target/hypoxia-inducible-factor-1-alpha,target/sodium-glucose-cotransporter-2-sodium-glucose-cotransporter-2,390,0.5209,false,false,hub,hub
target/opioid-receptors-mu-kappa-delta,target/serotonin-3-receptor,390,0.5209,false,false,hub,hub
target/pd2r,target/pncb,390,0.5209,false,false,hub,hub
target/atp-binding-cassette-sub-family-c-member-8,target/thiazide-sensitive-sodium-chloride-cotransporter,390,0.5208,false,false,hub,hub
target/comt,target/mycobacterium-tuberculosis-h37rv,390,0.5208,false,false,hub,hub
target/comt,target/p2y2-receptor,390,0.5208,false,false,hub,hub
target/dopamine-beta-hydroxylase,target/mapk-signaling-pathway,390,0.5208,false,false,hub,hub
target/dopamine-beta-hydroxylase,target/topoisomerase-iv,390,0.5208,false,false,hub,hub
target/finc,target/pgrc1,390,0.5208,false,false,hub,hub
target/histamine-h1-receptor-histamine-h1-receptor-hrh1-human,target/serotonin-3-receptor-chembl2111332,390,0.5208,false,false,hub,hub
target/integrin-alpha-iib-beta-3,target/kcnk2,390,0.5208,false,false,hub,hub
target/kcna5,target/sstr3,390,0.5208,false,false,hub,hub
target/m3k7,target/scn1b,390,0.5208,false,false,hub,hub
target/matrix-metalloproteinase-1,target/serotonin-3-receptor,390,0.5208,false,false,hub,hub
target/monoamine-oxidase,target/serotonin-1d-receptor,390,0.5208,false,false,hub,hub
target/reactive-oxygen-species-biosynthetic-process,target/thiazide-sensitive-sodium-chloride-cotransporter,390,0.5208,false,false,hub,hub
target/thromboxane-a2-receptor,target/type-1-angiotensin-ii-receptor-type-1-angiotensin-ii-receptor,390,0.5208,false,false,hub,hub
target/arachidonate-5-lipoxygenase-arachidonate-5-lipoxygenase,target/lipid-oxidation,390,0.5207,false,false,hub,hub
target/arachidonate-5-lipoxygenase-arachidonate-5-lipoxygenase,target/oxytocin-receptor,390,0.5207,false,false,hub,hub
target/catechol-o-methyltransferase,target/leukocyte-elastase,390,0.5207,false,false,hub,hub
target/cysltr1,target/serotonin-3-receptor-chembl2111332,390,0.5207,false,false,hub,hub
target/cytochrome-p450-2c19,target/pgrc1,390,0.5207,false,false,hub,hub
target/h2-receptor,target/integrin-alpha-iib-beta-3,390,0.5207,false,false,hub,hub
target/hmdh,target/kna1-2,390,0.5207,false,false,hub,hub
target/klrba,target/pncb,390,0.5207,false,false,hub,hub
target/mycobacterium-tuberculosis,target/protein-farnesyltransferase,390,0.5207,false,false,hub,hub
target/mycobacterium-tuberculosis-h37rv,target/sulfonylurea-receptors-k-atp-channels,390,0.5207,false,false,hub,hub
target/5ht1f,target/neprilysin,390,0.5206,false,false,hub,hub
target/alpha-2b-adrenergic-receptor,target/fibroblast-growth-factor-receptor-4,390,0.5206,false,false,hub,hub
target/amine-oxidase-flavin-containing-a,target/sstr3,390,0.5206,false,false,hub,hub
target/angiogenesis,target/cell-proliferation,390,0.5206,false,false,hub,hub
target/arachidonate-5-lipoxygenase-arachidonate-5-lipoxygenase,target/clk1,390,0.5206,false,false,hub,hub
target/comt,target/gprc6,390,0.5206,false,false,hub,hub
target/kcnq1,target/neprilysin,390,0.5206,false,false,hub,hub
target/sulfonylurea-receptors-k-atp-channels,target/trace-amine-associated-receptor-1,390,0.5206,false,false,hub,hub
target/2b-adrenoceptor,target/mmp13-mmp13,390,0.5205,false,false,hub,hub
target/alpha-2a-adrenergic-receptor,target/aryl-hydrocarbon-receptor,390,0.5205,false,false,hub,hub
target/alpha-2a-adrenergic-receptor-alpha-2a-adrenergic-receptor,target/cyclin-dependent-kinase-2-cyclin-e,390,0.5205,false,false,hub,hub
target/cyp11b1,target/neurotrophic-receptor-tyrosine-kinase-3,390,0.5205,false,false,hub,hub
target/cytochrome-p450-1a1,target/streptococcus-pneumoniae,390,0.5205,false,false,hub,hub
target/integrin-alpha-iib-beta-3,target/monoamine-oxidase-b,390,0.5205,false,false,hub,hub
target/kir2-3,target/plasmodium-falciparum,390,0.5205,false,false,hub,hub
target/pde9a,target/sstr3,390,0.5205,false,false,hub,hub
target/prostaglandin-secretion,target/q9z1j7,390,0.5205,false,false,hub,hub
target/tlr4,target/urok,390,0.5205,false,false,hub,hub
target/kcnq1,target/kcnq2,390,0.5204,false,false,hub,hub
target/monoamine-oxidase,target/tspo,390,0.5204,false,false,hub,hub
target/mycobacterium-tuberculosis,target/tspo,390,0.5204,false,false,hub,hub
target/serotonin-2-receptor,target/vrac,390,0.5204,false,false,hub,hub
target/alpha-2b-adrenergic-receptor,target/apj,390,0.5203,false,false,hub,hub
target/amine-oxidase-flavin-containing-a,target/peptidoglycan-biosynthesis,390,0.5203,false,false,hub,hub
target/amine-oxidase-flavin-containing-a,target/phosphodiesterase-4a,390,0.5203,false,false,hub,hub
target/aryl-hydrocarbon-receptor,target/topoisomerase-iv,390,0.5203,false,false,hub,hub
target/bmx,target/kcna5,390,0.5203,false,false,hub,hub
target/c-jun-n-terminal-kinase-1,target/serotonin-7-receptor,390,0.5203,false,false,hub,hub
target/catechol-o-methyltransferase,target/d1-receptor,390,0.5203,false,false,hub,hub
target/catechol-o-methyltransferase,target/m2-receptor,390,0.5203,false,false,hub,hub
target/cyp11b1,target/mycobacterium-tuberculosis,390,0.5203,false,false,hub,hub
target/cyp11b1,target/prostaglandin-biosynthetic-process,390,0.5203,false,false,hub,hub
target/cysteinyl-leukotriene-receptor-1,target/serotonin-2a-receptor-chembl322,390,0.5203,false,false,hub,hub
target/human-immunodeficiency-virus-type-1-protease,target/type-1-angiotensin-ii-receptor-type-1-angiotensin-ii-receptor,390,0.5203,false,false,hub,hub
target/neprilysin,target/sulfonylurea-receptors-k-atp-channels,390,0.5203,false,false,hub,hub
target/serotonin-1d-receptor,target/sodium-glucose-cotransporter-2-sodium-glucose-cotransporter-2,390,0.5203,false,false,hub,hub
target/serotonin-7-receptor,target/vitamin-d-receptor,390,0.5203,false,false,hub,hub
target/anandamide-amidohydrolase,target/pregnane-x-receptor,390,0.5202,false,false,hub,hub
target/aryl-hydrocarbon-receptor,target/finc,390,0.5202,false,false,hub,hub
target/cysteinyl-leukotriene-receptor-1,target/serum-albumin,390,0.5202,false,false,hub,hub
target/dopamine-d2-receptor-chembl339,target/serotonin-1a-receptor-chembl273,390,0.5202,false,false,hub,hub
target/hmdh,target/monoamine-oxidase-a,390,0.5202,false,false,hub,hub
target/hypoxia-inducible-factor-1-alpha,target/neprilysin,390,0.5202,false,false,hub,hub
target/lt4r2,target/rxfp1,390,0.5202,false,false,hub,hub
target/m2-receptor,target/q9z1j7,390,0.5202,false,false,hub,hub
target/ren,target/streptococcus-pneumoniae,390,0.5202,false,false,hub,hub
target/2b-adrenoceptor,target/vitamin-d-receptor,390,0.5201,false,false,hub,hub
target/amine-oxidase-flavin-containing-a,target/beta-amyloid-a4-protein,390,0.5201,false,false,hub,hub
target/apj,target/prostaglandin-biosynthetic-process,390,0.5201,false,false,hub,hub
target/beta-amyloid-a4-protein,target/tspo,390,0.5201,false,false,hub,hub
target/catechol-o-methyltransferase,target/comt,390,0.5201,false,false,hub,hub
target/cp51,target/pncb,390,0.5201,false,false,hub,hub
target/dopamine-beta-hydroxylase,target/psb8,390,0.5201,false,false,hub,hub
target/histamine-h2-receptor,target/topoisomerase-iv,390,0.5201,false,false,hub,hub
target/opioid-receptors-mu-kappa-delta,target/trpc4,390,0.5201,false,false,hub,hub
target/phosphodiesterase-4a,target/sstr3,390,0.5201,false,false,hub,hub
target/alpha-2a-adrenergic-receptor-alpha-2a-adrenergic-receptor,target/ret4,390,0.52,false,false,hub,hub
target/aryl-hydrocarbon-receptor,target/beta-1-adrenergic-receptor-beta-1-adrenergic-receptor,390,0.52,false,false,hub,hub
target/comt,target/ks6a1,390,0.52,false,false,hub,hub
target/cytochrome-p450-2c19,target/serotonin-3-receptor-chembl2111332,390,0.52,false,false,hub,hub
target/hepatitis-c-virus,target/serotonin-7-receptor,390,0.52,false,false,hub,hub
target/peptidoglycan-biosynthesis,target/pgrc1,390,0.52,false,false,hub,hub
target/acetylcholinesterase-acetylcholinesterase,target/adrenergic-receptor-alpha-2,390,0.5199,false,false,hub,hub
target/aldo-keto-reductase-family-1-member-b,target/serotonin-1d-receptor,390,0.5199,false,false,hub,hub
target/comt,target/urok,390,0.5199,false,false,hub,hub
target/cytochrome-p450-1a1,target/topoisomerase-iv,390,0.5199,false,false,hub,hub
target/gper1,target/nitric-oxide-synthase-inducible,390,0.5199,false,false,hub,hub
target/integrin-alpha-iib-beta-3,target/leukocyte-elastase,390,0.5199,false,false,hub,hub
target/integrin-alpha-iib-beta-3,target/peroxisome-proliferator-activated-receptor-alpha-peroxisome-proliferator-activated-receptor-alpha,390,0.5199,false,false,hub,hub
target/m3k7,target/streptococcus-pneumoniae,390,0.5199,false,false,hub,hub
target/serotonin-2-receptor,target/streptococcus-pneumoniae,390,0.5199,false,false,hub,hub
target/amine-oxidase-flavin-containing-a,target/hepatocyte-growth-factor-receptor-hepatocyte-growth-factor-receptor,390,0.5198,false,false,hub,hub
target/apj,target/rorg,390,0.5198,false,false,hub,hub
target/aryl-hydrocarbon-receptor,target/carbonic-anhydrase-vii,390,0.5198,false,false,hub,hub
target/aryl-hydrocarbon-receptor-aryl-hydrocarbon-receptor,target/plasmodium-falciparum,390,0.5198,false,false,hub,hub
target/casp1,target/tspo,390,0.5198,false,false,hub,hub
target/cp51,target/prostaglandin-secretion,390,0.5198,false,false,hub,hub
target/cp51,target/scn1b,390,0.5198,false,false,hub,hub
target/nitric-oxide-synthase-inducible,target/trace-amine-associated-receptor-1,390,0.5198,false,false,hub,hub
target/acvr1,target/thiazide-sensitive-sodium-chloride-cotransporter,390,0.5197,false,false,hub,hub
target/adrenergic-receptor-alpha-1,target/adrenergic-receptor-alpha-2,390,0.5197,false,false,hub,hub
target/alpha-2b-adrenergic-receptor,target/mu-type-opioid-receptor,390,0.5197,false,false,hub,hub
target/cysltr1,target/m5-receptor,390,0.5197,false,false,hub,hub
target/histamine-h1-receptor-histamine-h1-receptor-hrh1-human,target/q9z1j7,390,0.5197,false,false,hub,hub
target/mmp12,target/scn1b,390,0.5197,false,false,hub,hub
target/opioid-receptors-mu-kappa-delta,target/prostaglandin-biosynthetic-process,390,0.5197,false,false,hub,hub
target/pncb,target/q38720,390,0.5197,false,false,hub,hub
target/5ht1f,target/serotonin-1d-receptor,390,0.5196,false,false,hub,hub
target/acyl-coenzyme-a-cholesterol-acyltransferase-1,target/hepatitis-b-virus,390,0.5196,false,false,hub,hub
target/asic3,target/tpa,390,0.5196,false,false,hub,hub
target/c-jun-n-terminal-kinase-1,target/cysteinyl-leukotriene-receptor-1,390,0.5196,false,false,hub,hub
target/fibroblast-growth-factor-receptor-4,target/hepatitis-b-virus,390,0.5196,false,false,hub,hub
target/hmdh,target/trpv3,390,0.5196,false,false,hub,hub
target/m3k7,target/tysy,390,0.5196,false,false,hub,hub
target/mu-type-opioid-receptor,target/serotonin-7-receptor,390,0.5196,false,false,hub,hub
target/nicotinic-acetylcholine-receptor-4-subunit,target/trpc4,390,0.5196,false,false,hub,hub
target/prostaglandin-secretion,target/trpc4,390,0.5196,false,false,hub,hub
target/acha,target/scn1b,390,0.5195,false,false,hub,hub
target/angiogenesis,target/histamine-h1-receptor-histamine-h1-receptor,390,0.5195,false,false,hub,hub
target/angiogenesis,target/sodium-glucose-cotransporter-2-sodium-glucose-cotransporter-2,390,0.5195,false,false,hub,hub
target/apj,target/kcma1,390,0.5195,false,false,hub,hub
target/arachidonate-5-lipoxygenase-arachidonate-5-lipoxygenase,target/topoisomerase-iv,390,0.5195,false,false,hub,hub
target/aryl-hydrocarbon-receptor,target/h2-receptor,390,0.5195,false,false,hub,hub
target/atm,target/hmdh,390,0.5195,false,false,hub,hub
target/catechol-o-methyltransferase,target/dna-topoisomerase-1,390,0.5195,false,false,hub,hub
target/d1-receptor,target/integrin-alpha-iib-beta-3,390,0.5195,false,false,hub,hub
target/gper1,target/tspo,390,0.5195,false,false,hub,hub
target/integrin-alpha-iib-beta-3,target/m2-receptor,390,0.5195,false,false,hub,hub
target/null,target/streptococcus-pneumoniae,390,0.5195,false,false,hub,hub
target/serotonin-2a-receptor-chembl322,target/vrac,390,0.5195,false,false,hub,hub
target/serum-albumin,target/vrac,390,0.5195,false,false,hub,hub
target/adrenergic-receptor-alpha-2,target/trpc4,390,0.5194,false,false,hub,hub
target/arachidonate-5-lipoxygenase-arachidonate-5-lipoxygenase,target/cac1a,390,0.5194,false,false,hub,hub
target/carbonic-anhydrase-xii,target/sstr3,390,0.5194,false,false,hub,hub
target/cyp11b1,target/tlr4,390,0.5194,false,false,hub,hub
target/leukocyte-elastase,target/prostaglandin-biosynthetic-process,390,0.5194,false,false,hub,hub
target/m3k7,target/pdpk1,390,0.5194,false,false,hub,hub
target/mmp13-mmp13,target/smooth-muscle-contraction,390,0.5194,false,false,hub,hub
target/neprilysin,target/serum-albumin,390,0.5194,false,false,hub,hub
target/smooth-muscle-contraction,target/trpc4,390,0.5194,false,false,hub,hub
target/5ht1f,target/trpc4,390,0.5193,false,false,hub,hub
target/abl2,target/thiazide-sensitive-sodium-chloride-cotransporter,390,0.5193,false,false,hub,hub
target/adrenergic-receptor-alpha-2,target/amine-oxidase-flavin-containing-a,390,0.5193,false,false,hub,hub
target/apj,target/hepatitis-b-virus,390,0.5193,false,false,hub,hub
target/aryl-hydrocarbon-receptor,target/hepatitis-c-virus,390,0.5193,false,false,hub,hub
target/aryl-hydrocarbon-receptor,target/lt4r2,390,0.5193,false,false,hub,hub
target/aryl-hydrocarbon-receptor,target/rorg,390,0.5193,false,false,hub,hub
target/co5,target/pgrc1,390,0.5193,false,false,hub,hub
target/cysteinyl-leukotriene-receptor-1,target/rorg,390,0.5193,false,false,hub,hub
target/d1-receptor,target/tspo,390,0.5193,false,false,hub,hub
target/dopamine-beta-hydroxylase,target/hepatitis-b-virus,390,0.5193,false,false,hub,hub
target/gper1,target/sstr3,390,0.5193,false,false,hub,hub
target/hmdh,target/kpct,390,0.5193,false,false,hub,hub
target/human-immunodeficiency-virus-type-1-protease,target/pgrc1,390,0.5193,false,false,hub,hub
target/kcnk2,target/tlr4,390,0.5193,false,false,hub,hub
target/monoamine-oxidase-b,target/serotonin-3-receptor-chembl2111332,390,0.5193,false,false,hub,hub
target/ren,target/tspo,390,0.5193,false,false,hub,hub
target/tlr4,target/vitamin-d-receptor,390,0.5193,false,false,hub,hub
target/trpv3,target/vrac,390,0.5193,false,false,hub,hub
target/abl2,target/mmp12,390,0.5192,false,false,hub,hub
target/acetylcholinesterase-acetylcholinesterase,target/serotonin-3-receptor,390,0.5192,false,false,hub,hub
target/adrenergic-receptor-alpha-2,target/alpha-2b-adrenergic-receptor,390,0.5192,false,false,hub,hub
target/alpha-2b-adrenergic-receptor,target/d1-receptor,390,0.5192,false,false,hub,hub
target/alpha-2b-adrenergic-receptor,target/m2-receptor,390,0.5192,false,false,hub,hub
target/alpha-2b-adrenergic-receptor,target/smooth-muscle-contraction,390,0.5192,false,false,hub,hub
target/angiogenesis,target/neuronal-acetylcholine-receptor-alpha3-beta4,390,0.5192,false,false,hub,hub
target/aryl-hydrocarbon-receptor,target/il13,390,0.5192,false,false,hub,hub
target/cdk14,target/pdpk1,390,0.5192,false,false,hub,hub
target/histamine-h1-receptor-histamine-h1-receptor-hrh1-human,target/topoisomerase-iv,390,0.5192,false,false,hub,hub
target/kcma1,target/rorg,390,0.5192,false,false,hub,hub
target/kir2-3,target/ripk1,390,0.5192,false,false,hub,hub
target/mdr1a,target/tpa,390,0.5192,false,false,hub,hub
target/nitric-oxide-synthase-inducible,target/serotonin-2-receptor-chembl2095200,390,0.5192,false,false,hub,hub
target/p2y12,target/tspo,390,0.5192,false,false,hub,hub
target/p2y2-receptor,target/prostaglandin-biosynthetic-process,390,0.5192,false,false,hub,hub
target/aldo-keto-reductase-family-1-member-b,target/angiogenesis,390,0.5191,false,false,hub,hub
target/alpha-2b-adrenergic-receptor,target/cyclin-dependent-kinase-8,390,0.5191,false,false,hub,hub
target/arachidonate-5-lipoxygenase-arachidonate-5-lipoxygenase,target/pde9a,390,0.5191,false,false,hub,hub
target/catechol-o-methyltransferase,target/finc,390,0.5191,false,false,hub,hub
target/cysteinyl-leukotriene-receptor-1,target/hmg-coa-reductase,390,0.5191,false,false,hub,hub
target/gaba-a-receptor-agonist-gaba-site,target/integrin-alpha-iib-beta-3,390,0.5191,false,false,hub,hub
target/5-hydroxytryptamine-receptor-1a,target/arachidonate-5-lipoxygenase-arachidonate-5-lipoxygenase,390,0.519,false,false,hub,hub
target/angiogenesis,target/bacterial-dna-gyrase,390,0.519,false,false,hub,hub
target/angiogenesis,target/gprc6,390,0.519,false,false,hub,hub
target/at1a2,target/pgrc1,390,0.519,false,false,hub,hub
target/cysltr1,target/nitric-oxide-synthase-inducible,390,0.519,false,false,hub,hub
target/kcna5,target/streptococcus-pneumoniae,390,0.519,false,false,hub,hub
target/mtlr,target/pgrc1,390,0.519,false,false,hub,hub
target/muscarinic-acetylcholine-receptor-m4,target/null,390,0.519,false,false,hub,hub
target/protein-farnesyltransferase,target/streptococcus-pneumoniae,390,0.519,false,false,hub,hub
target/serotonin-1d-receptor,target/serotonin-3-receptor,390,0.519,false,false,hub,hub
target/serotonin-3-receptor,target/topoisomerase-iv,390,0.519,false,false,hub,hub
target/adrenergic-receptor-alpha-2,target/dopamine-beta-hydroxylase,390,0.5189,false,false,hub,hub
target/alpha-2b-adrenergic-receptor,target/sulfonylurea-receptors-k-atp-channels,390,0.5189,false,false,hub,hub
target/amine-oxidase-flavin-containing-a,target/serotonin-2-receptor,390,0.5189,false,false,hub,hub
target/amp-activated-protein-kinase-ampk,target/vitamin-d-receptor,390,0.5189,false,false,hub,hub
target/bmx,target/ret4,390,0.5189,false,false,hub,hub
target/dopamine-beta-hydroxylase,target/smooth-muscle-contraction,390,0.5189,false,false,hub,hub
target/human-immunodeficiency-virus-type-1-protease,target/matrix-metalloproteinase-13,390,0.5189,false,false,hub,hub
target/mmp12,target/pd2r,390,0.5189,false,false,hub,hub
target/protein-kinase-dna-activated-catalytic-subunit,target/serine-threonine-protein-kinase-aurora-c,390,0.5189,false,false,hub,hub
target/rorg,target/t2r39,390,0.5189,false,false,hub,hub
target/streptococcus-pneumoniae,target/type-1-angiotensin-ii-receptor,390,0.5189,false,false,hub,hub
target/abl2,target/kcnk2,390,0.5188,false,false,hub,hub
target/amine-oxidase-flavin-containing-a,target/m5-receptor,390,0.5188,false,false,hub,hub
target/aryl-hydrocarbon-receptor,target/platelet-activating-factor-receptor,390,0.5188,false,false,hub,hub
target/beta-amyloid-a4-protein,target/prostaglandin-secretion,390,0.5188,false,false,hub,hub
target/cell-proliferation,target/serotonin-3-receptor,390,0.5188,false,false,hub,hub
target/cyclin-dependent-kinase-8,target/pgrc1,390,0.5188,false,false,hub,hub
target/cysteinyl-leukotriene-receptor-1,target/peroxisome-proliferator-activated-receptor-alpha-peroxisome-proliferator-activated-receptor-alpha,390,0.5188,false,false,hub,hub
target/hmdh,target/thromboxane-a2-receptor,390,0.5188,false,false,hub,hub
target/kir2-3,target/scn1b,390,0.5188,false,false,hub,hub
target/neprilysin,target/sstr3,390,0.5188,false,false,hub,hub
target/abcb1,target/p-glycoprotein-1,390,0.5187,false,false,hub,hub
target/adrenergic-receptor-alpha-1,target/monoamine-oxidase-a,390,0.5187,false,false,hub,hub
target/aldo-keto-reductase-family-1-member-b,target/sodium-glucose-cotransporter-2-sodium-glucose-cotransporter-2,390,0.5187,false,false,hub,hub
target/alpha-1a-adrenergic-receptor,target/human-immunodeficiency-virus-type-1-protease,390,0.5187,false,false,hub,hub
target/alpha-2a-adrenergic-receptor,target/nitric-oxide-synthase-inducible,390,0.5187,false,false,hub,hub
target/amine-oxidase-flavin-containing-a,target/q9z1j7,390,0.5187,false,false,hub,hub
target/angiogenesis,target/hdac9,390,0.5187,false,false,hub,hub
target/arachidonate-5-lipoxygenase,target/human-immunodeficiency-virus-type-1-protease,390,0.5187,false,false,hub,hub
target/aryl-hydrocarbon-receptor,target/scn1b,390,0.5187,false,false,hub,hub
target/aryl-hydrocarbon-receptor-aryl-hydrocarbon-receptor,target/thromboxane-a2-receptor,390,0.5187,false,false,hub,hub
target/gprc6,target/kir2-3,390,0.5187,false,false,hub,hub
target/human-immunodeficiency-virus-type-1-protease,target/mu-type-opioid-receptor,390,0.5187,false,false,hub,hub
target/integrin-alpha-iib-beta-3,target/p53-binding-protein-mdm-2,390,0.5187,false,false,hub,hub
target/leukocyte-elastase,target/serotonin-3-receptor-chembl2111332,390,0.5187,false,false,hub,hub
target/mycobacterium-tuberculosis-h37rv,target/sodium-glucose-cotransporter-2-sodium-glucose-cotransporter-2,390,0.5187,false,false,hub,hub
target/net,target/q9z1j7,390,0.5187,false,false,hub,hub
target/ripk1,target/tlr4,390,0.5187,false,false,hub,hub
target/streptococcus-pneumoniae,target/tspo,390,0.5187,false,false,hub,hub
target/amp-activated-protein-kinase-ampk,target/beta-amyloid-a4-protein,390,0.5186,false,false,hub,hub
target/aryl-hydrocarbon-receptor-aryl-hydrocarbon-receptor,target/hmg-coa-reductase,390,0.5186,false,false,hub,hub
target/aryl-hydrocarbon-receptor-aryl-hydrocarbon-receptor,target/matrix-metalloproteinase-13,390,0.5186,false,false,hub,hub
target/clk1,target/hepatitis-c-virus,390,0.5186,false,false,hub,hub
target/gamma-aminobutyric-acid-receptor-subunit-alpha-1,target/neprilysin,390,0.5186,false,false,hub,hub
target/serotonin-2-receptor,target/vitamin-d-receptor,390,0.5186,false,false,hub,hub
target/alpha-2a-adrenergic-receptor-alpha-2a-adrenergic-receptor,target/plasmodium-falciparum,390,0.5185,false,false,hub,hub
target/aryl-hydrocarbon-receptor,target/lipid-oxidation,390,0.5185,false,false,hub,hub
target/cyp11b1,target/q9z1j7,390,0.5185,false,false,hub,hub
target/glun1,target/nitric-oxide-synthase-inducible,390,0.5185,false,false,hub,hub
target/hepatocyte-growth-factor-receptor-hepatocyte-growth-factor-receptor,target/mycobacterium-tuberculosis-h37rv,390,0.5185,false,false,hub,hub
target/hmdh,target/kcma1,390,0.5185,false,false,hub,hub
target/kpcd1,target/pd2r,390,0.5185,false,false,hub,hub
target/reactive-oxygen-species-biosynthetic-process,target/streptococcus-pneumoniae,390,0.5185,false,false,hub,hub
target/2b-adrenoceptor,target/m5-receptor,390,0.5184,false,false,hub,hub
target/angiogenesis,target/gaba-a-receptor-agonist-gaba-site,390,0.5184,false,false,hub,hub
target/angiogenesis,target/kna1-2,390,0.5184,false,false,hub,hub
target/at1a2,target/pncb,390,0.5184,false,false,hub,hub
target/beta-amyloid-a4-protein,target/vrac,390,0.5184,false,false,hub,hub
target/bmx,target/vrac,390,0.5184,false,false,hub,hub
target/clk1,target/kir2-3,390,0.5184,false,false,hub,hub
target/comt,target/rorg,390,0.5184,false,false,hub,hub
target/cysltr1,target/sstr3,390,0.5184,false,false,hub,hub
target/cytochrome-p450-2c19,target/muscarinic-acetylcholine-receptor-m4,390,0.5184,false,false,hub,hub
target/enpp2,target/kcnk2,390,0.5184,false,false,hub,hub
target/gprc6,target/pncb,390,0.5184,false,false,hub,hub
target/histamine-h2-receptor,target/hmdh,390,0.5184,false,false,hub,hub
target/kcma1,target/m2-receptor,390,0.5184,false,false,hub,hub
target/kna1-2,target/pgrc1,390,0.5184,false,false,hub,hub
target/leukocyte-elastase,target/pregnane-x-receptor,390,0.5184,false,false,hub,hub
target/psb8,target/streptococcus-pneumoniae,390,0.5184,false,false,hub,hub
target/2b-adrenoceptor,target/q9z1j7,390,0.5183,false,false,hub,hub
target/5ht1f,target/aryl-hydrocarbon-receptor,390,0.5183,false,false,hub,hub
target/5ht1f,target/cysteinyl-leukotriene-receptor-1,390,0.5183,false,false,hub,hub
target/5ht1f,target/kcma1,390,0.5183,false,false,hub,hub
target/alpha-2b-adrenergic-receptor,target/macrophage-stimulating-protein-receptor,390,0.5183,false,false,hub,hub
target/aoxa,target/tpa,390,0.5183,false,false,hub,hub
target/dopamine-beta-hydroxylase,target/sc5a1,390,0.5183,false,false,hub,hub
target/serum-albumin,target/thiazide-sensitive-sodium-chloride-cotransporter,390,0.5183,false,false,hub,hub
target/5ntd,target/pgrc1,390,0.5182,false,false,hub,hub
target/acetylcholinesterase-acetylcholinesterase,target/alpha-2b-adrenergic-receptor,390,0.5182,false,false,hub,hub
target/alpha-2a-adrenergic-receptor-alpha-2a-adrenergic-receptor,target/mmp12,390,0.5182,false,false,hub,hub
target/arachidonate-5-lipoxygenase,target/vrac,390,0.5182,false,false,hub,hub
target/asic3,target/m5-receptor,390,0.5182,false,false,hub,hub
target/cats,target/vitamin-d-receptor,390,0.5182,false,false,hub,hub
target/dopamine-beta-hydroxylase,target/null,390,0.5182,false,false,hub,hub
target/kir2-3,target/sulfonylurea-receptors-k-atp-channels,390,0.5182,false,false,hub,hub
target/kpym,target/tspo,390,0.5182,false,false,hub,hub
target/muscarinic-acetylcholine-receptor-m4,target/trpc4,390,0.5182,false,false,hub,hub
target/mycobacterium-tuberculosis-h37rv,target/prostaglandin-secretion,390,0.5182,false,false,hub,hub
target/neprilysin,target/sodium-glucose-cotransporter-2-sodium-glucose-cotransporter-2,390,0.5182,false,false,hub,hub
target/plasmodium-falciparum,target/trpc4,390,0.5182,false,false,hub,hub
target/pncb,target/progesterone-receptor-progesterone-receptor-prgr-human,390,0.5182,false,false,hub,hub
target/thiazide-sensitive-sodium-chloride-cotransporter,target/type-1-angiotensin-ii-receptor,390,0.5182,false,false,hub,hub
target/acetylcholinesterase-acetylcholinesterase,target/c-jun-n-terminal-kinase-1,390,0.5181,false,false,hub,hub
target/adrenergic-receptor-alpha-2,target/hepatitis-b-virus,390,0.5181,false,false,hub,hub
target/alpha-2b-adrenergic-receptor,target/muscarinic-acetylcholine-receptor-m4,390,0.5181,false,false,hub,hub
target/catechol-o-methyltransferase,target/thromboxane-a2-receptor,390,0.5181,false,false,hub,hub
target/cyclin-dependent-kinase-8,target/hepatitis-b-virus,390,0.5181,false,false,hub,hub
target/hepatitis-b-virus,target/smooth-muscle-contraction,390,0.5181,false,false,hub,hub
target/mycobacterium-tuberculosis,target/serotonin-3-receptor,390,0.5181,false,false,hub,hub
target/neprilysin,target/serotonin-1b-receptor,390,0.5181,false,false,hub,hub
target/phosphodiesterase-4a,target/serotonin-3-receptor,390,0.5181,false,false,hub,hub
target/q9z1j7,target/rorg,390,0.5181,false,false,hub,hub
target/serotonin-1d-receptor,target/tspo,390,0.5181,false,false,hub,hub
target/alpha-2a-adrenergic-receptor-alpha-2a-adrenergic-receptor,target/hepg2,390,0.518,false,false,hub,hub
target/bmx,target/sc5a1,390,0.518,false,false,hub,hub
target/catechol-o-methyltransferase,target/hmg-coa-reductase,390,0.518,false,false,hub,hub
target/clk1,target/tlr4,390,0.518,false,false,hub,hub
target/m2-receptor,target/mycobacterium-tuberculosis-h37rv,390,0.518,false,false,hub,hub
target/neuronal-acetylcholine-receptor-alpha3-beta4,target/vrac,390,0.518,false,false,hub,hub
target/neurotrophic-receptor-tyrosine-kinase-3,target/nitric-oxide-synthase-inducible,390,0.518,false,false,hub,hub
target/serotonin-1b-receptor,target/sulfonylurea-receptors-k-atp-channels,390,0.518,false,false,hub,hub
target/acyl-coenzyme-a-cholesterol-acyltransferase-1,target/integrin-alpha-iib-beta-3,390,0.5179,false,false,hub,hub
target/alpha-2a-adrenergic-receptor-alpha-2a-adrenergic-receptor,target/cell-growth,390,0.5179,false,false,hub,hub
target/aryl-hydrocarbon-receptor,target/histamine-h1-receptor-histamine-h1-receptor-hrh1-human,390,0.5179,false,false,hub,hub
target/aryl-hydrocarbon-receptor,target/hypoxia-inducible-factor-1-alpha,390,0.5179,false,false,hub,hub
target/at1a1,target/muscarinic-acetylcholine-receptor-m4,390,0.5179,false,false,hub,hub
target/fibroblast-growth-factor-receptor-4,target/integrin-alpha-iib-beta-3,390,0.5179,false,false,hub,hub
target/gaba-a-receptor-agonist-gaba-site,target/pncb,390,0.5179,false,false,hub,hub
target/hepatitis-b-virus,target/sulfonylurea-receptors-k-atp-channels,390,0.5179,false,false,hub,hub
target/hmg-coa-reductase,target/streptococcus-pneumoniae,390,0.5179,false,false,hub,hub
target/human-immunodeficiency-virus-type-1-protease,target/m3k7,390,0.5179,false,false,hub,hub
target/monoamine-oxidase-a,target/mycobacterium-tuberculosis,390,0.5179,false,false,hub,hub
target/pgrc1,target/rir1,390,0.5179,false,false,hub,hub
target/sc5a1,target/sodium-glucose-cotransporter-2-sodium-glucose-cotransporter-2,390,0.5179,false,false,hub,hub
target/bmx,target/cats,390,0.5178,false,false,hub,hub
target/cysltr1,target/kcma1,390,0.5178,false,false,hub,hub
target/dopamine-beta-hydroxylase,target/serotonin-1d-receptor,390,0.5178,false,false,hub,hub
target/gaba-a-receptor-agonist-gaba-site,target/human-immunodeficiency-virus-type-1-protease,390,0.5178,false,false,hub,hub
target/neprilysin,target/tlr4,390,0.5178,false,false,hub,hub
target/adrenergic-receptor-alpha-1,target/monoamine-oxidase,390,0.5177,false,false,hub,hub
target/aldo-keto-reductase-family-1-member-b,target/neprilysin,390,0.5177,false,false,hub,hub
target/anandamide-amidohydrolase,target/aryl-hydrocarbon-receptor,390,0.5177,false,false,hub,hub
target/anandamide-amidohydrolase,target/cysteinyl-leukotriene-receptor-1,390,0.5177,false,false,hub,hub
target/cyp11b1,target/thiazide-sensitive-sodium-chloride-cotransporter,390,0.5177,false,false,hub,hub
target/hepatitis-c-virus,target/histone-deacetylase-8,390,0.5177,false,false,hub,hub
target/mycobacterium-tuberculosis,target/serotonin-1d-receptor,390,0.5177,false,false,hub,hub
target/neprilysin,target/p2y2-receptor,390,0.5177,false,false,hub,hub
target/phosphodiesterase-4a,target/plasmodium-falciparum,390,0.5177,false,false,hub,hub
target/phosphodiesterase-4a,target/serotonin-1d-receptor,390,0.5177,false,false,hub,hub
target/response-to-oxidative-stress,target/thiazide-sensitive-sodium-chloride-cotransporter,390,0.5177,false,false,hub,hub
target/abl2,target/ren,390,0.5176,false,false,hub,hub
target/acyl-coenzyme-a-cholesterol-acyltransferase-1,target/alpha-2b-adrenergic-receptor,390,0.5176,false,false,hub,hub
target/aryl-hydrocarbon-receptor,target/beta-2-adrenergic-receptor-beta-2-adrenergic-receptor,390,0.5176,false,false,hub,hub
target/asic3,target/muscarinic-acetylcholine-receptor-m4,390,0.5176,false,false,hub,hub
target/beta-2-adrenergic-receptor-beta-2-adrenergic-receptor,target/cysteinyl-leukotriene-receptor-1,390,0.5176,false,false,hub,hub
target/bmx,target/kpym,390,0.5176,false,false,hub,hub
target/carbonic-anhydrase-xii,target/catechol-o-methyltransferase,390,0.5176,false,false,hub,hub
target/cell-proliferation,target/prostaglandin-biosynthetic-process,390,0.5176,false,false,hub,hub
target/cyp11b1,target/phosphodiesterase-4a-phosphodiesterase-4a,390,0.5176,false,false,hub,hub
target/cytochrome-p450-1a1,target/histamine-h1-receptor-histamine-h1-receptor-hrh1-human,390,0.5176,false,false,hub,hub
target/hda11,target/hdac8,390,0.5176,false,false,hub,hub
target/m5-receptor,target/nicotinic-acetylcholine-receptor-4-subunit,390,0.5176,false,false,hub,hub
target/mycobacterium-tuberculosis-h37rv,target/serotonin-2-receptor,390,0.5176,false,false,hub,hub
target/prostaglandin-biosynthetic-process,target/thiazide-sensitive-sodium-chloride-cotransporter,390,0.5176,false,false,hub,hub
target/abcg2,target/hepatitis-c-virus,390,0.5175,false,false,hub,hub
target/alpha-2a-adrenergic-receptor-alpha-2a-adrenergic-receptor,target/lt4r2,390,0.5175,false,false,hub,hub
target/angiogenesis,target/cp51,390,0.5175,false,false,hub,hub
target/angiogenesis,target/dopamine-receptor,390,0.5175,false,false,hub,hub
target/aoc3,target/hdac9,390,0.5175,false,false,hub,hub
target/beta-amyloid-a4-protein,target/topoisomerase-iv,390,0.5175,false,false,hub,hub
target/camp-dependent-protein-kinase,target/mycobacterium-tuberculosis-h37rv,390,0.5175,false,false,hub,hub
target/carbonic-anhydrase-vii,target/serotonin-7-receptor,390,0.5175,false,false,hub,hub
target/dopamine-beta-hydroxylase,target/mmp12,390,0.5175,false,false,hub,hub
target/smooth-muscle-contraction,target/vrac,390,0.5175,false,false,hub,hub
target/5ht1f,target/comt,390,0.5174,false,false,hub,hub
target/acyl-coenzyme-a-cholesterol-acyltransferase-1,target/vitamin-d-receptor,390,0.5174,false,false,hub,hub
target/angiogenesis,target/pi3k-akt-signaling-pathway,390,0.5174,false,false,hub,hub
target/dopamine-beta-hydroxylase,target/mmp13-mmp13,390,0.5174,false,false,hub,hub
target/kcnk2,target/t2r46,390,0.5174,false,false,hub,hub
target/mycobacterium-tuberculosis-h37rv,target/q9z1j7,390,0.5174,false,false,hub,hub
target/opioid-receptors-mu-kappa-delta,target/serotonin-1d-receptor,390,0.5174,false,false,hub,hub
target/p2y2-receptor,target/q9z1j7,390,0.5174,false,false,hub,hub
target/tspo,target/vitamin-d-receptor,390,0.5174,false,false,hub,hub
target/alpha-2a-adrenergic-receptor-alpha-2a-adrenergic-receptor,target/histamine-h1-receptor-histamine-h1-receptor,390,0.5173,false,false,hub,hub
target/alpha-2a-adrenergic-receptor-alpha-2a-adrenergic-receptor,target/matrix-metalloproteinase-13,390,0.5173,false,false,hub,hub
target/amine-oxidase-flavin-containing-a,target/dopamine-beta-hydroxylase,390,0.5173,false,false,hub,hub
target/angiogenesis,target/atp-binding-cassette-sub-family-c-member-8,390,0.5173,false,false,hub,hub
target/beta-amyloid-a4-protein,target/cytochrome-p450-2c19,390,0.5173,false,false,hub,hub
target/kir2-3,target/serum-albumin,390,0.5173,false,false,hub,hub
target/lag3,target/tlr4,390,0.5173,false,false,hub,hub
target/prostaglandin-secretion,target/serotonin-3-receptor,390,0.5173,false,false,hub,hub
target/5ht1f,target/m5-receptor,390,0.5172,false,false,hub,hub
target/abcg2,target/mdr1a,390,0.5172,false,false,hub,hub
target/acetylcholinesterase-acetylcholinesterase,target/hepatitis-b-virus,390,0.5172,false,false,hub,hub
target/alpha-2a-adrenergic-receptor-alpha-2a-adrenergic-receptor,target/mdr1a,390,0.5172,false,false,hub,hub
target/angiogenesis,target/q38720,390,0.5172,false,false,hub,hub
target/catechol-o-methyltransferase,target/kcnq1,390,0.5172,false,false,hub,hub
target/cysltr1,target/kcnq1,390,0.5172,false,false,hub,hub
target/gaba-a-receptor-agonist-gaba-site,target/vrac,390,0.5172,false,false,hub,hub
target/hypoxia-inducible-factor-1-alpha,target/vrac,390,0.5172,false,false,hub,hub
target/kir2-3,target/protein-farnesyltransferase,390,0.5172,false,false,hub,hub
target/kpct,target/pgrc1,390,0.5172,false,false,hub,hub
target/kpym,target/ret4,390,0.5172,false,false,hub,hub
target/mmp13-mmp13,target/rorg,390,0.5172,false,false,hub,hub
target/sstr3,target/vitamin-d-receptor,390,0.5172,false,false,hub,hub
target/adrenergic-receptor-alpha-2,target/streptococcus-pneumoniae,390,0.5171,false,false,hub,hub
target/amine-oxidase-flavin-containing-a,target/lt4r2,390,0.5171,false,false,hub,hub
target/arachidonate-5-lipoxygenase-arachidonate-5-lipoxygenase,target/serotonin-2-receptor-chembl2095200,390,0.5171,false,false,hub,hub
target/at1a2,target/rir1,390,0.5171,false,false,hub,hub
target/hmg-coa-reductase,target/integrin-alpha-iib-beta-3,390,0.5171,false,false,hub,hub
target/kir2-3,target/trpv3,390,0.5171,false,false,hub,hub
target/pgrc1,target/serotonin-7-receptor,390,0.5171,false,false,hub,hub
target/serotonin-3-receptor-chembl2111332,target/serum-albumin,390,0.5171,false,false,hub,hub
target/smooth-muscle-contraction,target/streptococcus-pneumoniae,390,0.5171,false,false,hub,hub
target/abl2,target/streptococcus-pneumoniae,390,0.517,false,false,hub,hub
target/adrenergic-receptor-alpha-2,target/serotonin-3-receptor,390,0.517,false,false,hub,hub
target/alpha-2b-adrenergic-receptor,target/cyclin-dependent-kinase-2-cyclin-e,390,0.517,false,false,hub,hub
target/alpha-2b-adrenergic-receptor,target/peptidoglycan-biosynthesis,390,0.517,false,false,hub,hub
target/apj,target/monoamine-oxidase,390,0.517,false,false,hub,hub
target/arachidonate-5-lipoxygenase-arachidonate-5-lipoxygenase,target/urok,390,0.517,false,false,hub,hub
target/aryl-hydrocarbon-receptor,target/trpv3,390,0.517,false,false,hub,hub
target/aryl-hydrocarbon-receptor-aryl-hydrocarbon-receptor,target/monoamine-oxidase-a,390,0.517,false,false,hub,hub
target/cats,target/clk1,390,0.517,false,false,hub,hub
target/fibroblast-growth-factor-receptor-4,target/kir2-3,390,0.517,false,false,hub,hub
target/gaba-a-receptor-agonist-gaba-site,target/histamine-h1-receptor-histamine-h1-receptor-hrh1-human,390,0.517,false,false,hub,hub
target/hepatitis-b-virus,target/muscarinic-acetylcholine-receptor-m4,390,0.517,false,false,hub,hub
target/kpym,target/thas,390,0.517,false,false,hub,hub
target/kv11-1,target/tspo,390,0.517,false,false,hub,hub
target/lipid-metabolic-process,target/neprilysin,390,0.517,false,false,hub,hub
target/monoamine-oxidase-b,target/serotonin-7-receptor,390,0.517,false,false,hub,hub
target/muscarinic-acetylcholine-receptor-m4,target/scn1b,390,0.517,false,false,hub,hub
target/rorg,target/serotonin-7-receptor,390,0.517,false,false,hub,hub
target/serotonin-3-receptor,target/smooth-muscle-contraction,390,0.517,false,false,hub,hub
target/dna-topoisomerase-1,target/vrac,390,0.5169,false,false,hub,hub
target/hepatitis-c-virus,target/kcnk2,390,0.5169,false,false,hub,hub
target/kcma1,target/mmp13-mmp13,390,0.5169,false,false,hub,hub
target/kcma1,target/trpc4,390,0.5169,false,false,hub,hub
target/mycobacterium-tuberculosis,target/prostaglandin-biosynthetic-process,390,0.5169,false,false,hub,hub
target/neprilysin,target/q9z1j7,390,0.5169,false,false,hub,hub
target/prostaglandin-secretion,target/serotonin-1d-receptor,390,0.5169,false,false,hub,hub
target/alpha-2b-adrenergic-receptor,target/matrix-metalloproteinase-1,390,0.5168,false,false,hub,hub
target/angiogenesis,target/h2-receptor,390,0.5168,false,false,hub,hub
target/aoxa,target/streptococcus-pneumoniae,390,0.5168,false,false,hub,hub
target/asic3,target/dopamine-beta-hydroxylase,390,0.5168,false,false,hub,hub
target/catechol-o-methyltransferase,target/serotonin-2-receptor,390,0.5168,false,false,hub,hub
target/comt,target/null,390,0.5168,false,false,hub,hub
target/cyclin-dependent-kinase-2-cyclin-e,target/prostaglandin-biosynthetic-process,390,0.5168,false,false,hub,hub
target/cysteinyl-leukotriene-receptor-1,target/fibroblast-growth-factor-receptor-4,390,0.5168,false,false,hub,hub
target/cytochrome-p450-2c19,target/human-immunodeficiency-virus-type-1-protease,390,0.5168,false,false,hub,hub
target/dopamine-beta-hydroxylase,target/mycobacterium-tuberculosis,390,0.5168,false,false,hub,hub
target/kcna5,target/tlr4,390,0.5168,false,false,hub,hub
target/mycobacterium-tuberculosis-h37rv,target/serum-albumin,390,0.5168,false,false,hub,hub
target/ta2r,target/thromboxane-a2-receptor,390,0.5168,false,false,hub,hub
target/abl2,target/pdpk1,390,0.5167,false,false,hub,hub
target/adrenergic-receptor-alpha-1,target/aryl-hydrocarbon-receptor-aryl-hydrocarbon-receptor,390,0.5167,false,false,hub,hub
target/aldo-keto-reductase-family-1-member-b,target/alpha-2a-adrenergic-receptor-alpha-2a-adrenergic-receptor,390,0.5167,false,false,hub,hub
target/alpha-2a-adrenergic-receptor,target/arachidonate-5-lipoxygenase-arachidonate-5-lipoxygenase,390,0.5167,false,false,hub,hub
target/at1a2,target/cp51,390,0.5167,false,false,hub,hub
target/carbonic-anhydrase-vii,target/serotonin-3-receptor-chembl2111332,390,0.5167,false,false,hub,hub
target/cell-proliferation,target/mycobacterium-tuberculosis-h37rv,390,0.5167,false,false,hub,hub
target/comt,target/fpr1,390,0.5167,false,false,hub,hub
target/comt,target/serotonin-3-receptor,390,0.5167,false,false,hub,hub
target/folh1,target/protein-kinase-dna-activated-catalytic-subunit,390,0.5167,false,false,hub,hub
target/kcnk2,target/kir2-3,390,0.5167,false,false,hub,hub
target/mycobacterium-tuberculosis-h37rv,target/serotonin-2a-receptor-chembl322,390,0.5167,false,false,hub,hub
target/pgrc1,target/thromboxane-a2-receptor,390,0.5167,false,false,hub,hub
target/pncb,target/t2r46,390,0.5167,false,false,hub,hub
target/t2r14,target/t2r39,390,0.5167,false,false,hub,hub
target/thiazide-sensitive-sodium-chloride-cotransporter,target/tlr4,390,0.5167,false,false,hub,hub
target/acetylcholinesterase-acetylcholinesterase,target/vrac,390,0.5166,false,false,hub,hub
target/adrenergic-receptor-alpha-1,target/m2-receptor,390,0.5166,false,false,hub,hub
target/aldo-keto-reductase-family-1-member-b,target/phosphodiesterase-4a-phosphodiesterase-4a,390,0.5166,false,false,hub,hub
target/alpha-2b-adrenergic-receptor,target/pncb,390,0.5166,false,false,hub,hub
target/amine-oxidase-flavin-containing-a,target/neuronal-acetylcholine-receptor-alpha3-beta4,390,0.5166,false,false,hub,hub
target/arachidonate-5-lipoxygenase,target/prostaglandin-biosynthetic-process,390,0.5166,false,false,hub,hub
target/aryl-hydrocarbon-receptor-aryl-hydrocarbon-receptor,target/protein-farnesyltransferase,390,0.5166,false,false,hub,hub
target/cysltr1,target/q9z1j7,390,0.5166,false,false,hub,hub
target/finc,target/kcnq1,390,0.5166,false,false,hub,hub
target/hmdh,target/mrp1,390,0.5166,false,false,hub,hub
target/hmg-coa-reductase,target/vitamin-d-receptor,390,0.5166,false,false,hub,hub
target/il2ra,target/tpa,390,0.5166,false,false,hub,hub
target/kcma1,target/prostaglandin-biosynthetic-process,390,0.5166,false,false,hub,hub
target/mmp13-mmp13,target/nicotinic-acetylcholine-receptor-4-subunit,390,0.5166,false,false,hub,hub
target/monoamine-oxidase-b,target/thromboxane-a2-receptor,390,0.5166,false,false,hub,hub
target/prostaglandin-biosynthetic-process,target/sodium-glucose-cotransporter-2-sodium-glucose-cotransporter-2,390,0.5166,false,false,hub,hub
target/beta-1-adrenergic-receptor-beta-1-adrenergic-receptor,target/prostaglandin-secretion,390,0.5165,false,false,hub,hub
target/cdc7,target/pgrc1,390,0.5165,false,false,hub,hub
target/cyp11b1,target/pncb,390,0.5165,false,false,hub,hub
target/cysteinyl-leukotriene-receptor-1,target/kcnk2,390,0.5165,false,false,hub,hub
target/kpym,target/m3k7,390,0.5165,false,false,hub,hub
target/map2,target/pgrc1,390,0.5165,false,false,hub,hub
target/pregnane-x-receptor,target/thiazide-sensitive-sodium-chloride-cotransporter,390,0.5165,false,false,hub,hub
target/q9z1j7,target/serotonin-3-receptor,390,0.5165,false,false,hub,hub
target/abcg2,target/abl2,390,0.5164,false,false,hub,hub
target/carbonic-anhydrase-xii,target/prostaglandin-biosynthetic-process,390,0.5164,false,false,hub,hub
target/peroxisome-proliferator-activated-receptor-alpha-peroxisome-proliferator-activated-receptor-alpha,target/prostaglandin-biosynthetic-process,390,0.5164,false,false,hub,hub
target/psb8,target/scn1b,390,0.5164,false,false,hub,hub
target/5ht1f,target/integrin-alpha-iib-beta-3,390,0.5163,false,false,hub,hub
target/abcb1,target/tspo,390,0.5163,false,false,hub,hub
target/adrenergic-receptor-alpha-1,target/gaba-a-receptor-agonist-gaba-site,390,0.5163,false,false,hub,hub
target/alpha-2b-adrenergic-receptor,target/prostaglandin-secretion,390,0.5163,false,false,hub,hub
target/angiogenesis,target/arachidonate-5-lipoxygenase,390,0.5163,false,false,hub,hub
target/angiogenesis,target/kca2-2,390,0.5163,false,false,hub,hub
target/arachidonate-5-lipoxygenase-arachidonate-5-lipoxygenase,target/finc,390,0.5163,false,false,hub,hub
target/cytochrome-p450-1a1,target/vitamin-d-receptor,390,0.5163,false,false,hub,hub
target/h2-receptor,target/serotonin-3-receptor-chembl2111332,390,0.5163,false,false,hub,hub
target/kir2-3,target/thromboxane-a2-receptor,390,0.5163,false,false,hub,hub
target/mapk-signaling-pathway,target/streptococcus-pneumoniae,390,0.5163,false,false,hub,hub
target/2b-adrenoceptor,target/2c-adrenoceptor,390,0.5162,false,false,hub,hub
target/5ht1f,target/mmp13-mmp13,390,0.5162,false,false,hub,hub
target/angiogenesis,target/map-kinase-p38-beta,390,0.5162,false,false,hub,hub
target/aryl-hydrocarbon-receptor,target/tpa,390,0.5162,false,false,hub,hub
target/atp-binding-cassette-sub-family-c-member-8,target/sulfonylurea-receptors-k-atp-channels,390,0.5162,false,false,hub,hub
target/beta-amyloid-a4-protein,target/serotonin-1b-receptor,390,0.5162,false,false,hub,hub
target/cyp11b1,target/pregnane-x-receptor,390,0.5162,false,false,hub,hub
target/m3k7,target/mmp12,390,0.5162,false,false,hub,hub
target/acvr1,target/asic3,390,0.5161,false,false,hub,hub
target/adrenergic-receptor-alpha-2,target/mmp13-mmp13,390,0.5161,false,false,hub,hub
target/aldo-keto-reductase-family-1-member-b,target/prostaglandin-biosynthetic-process,390,0.5161,false,false,hub,hub
target/aoc3,target/thiazide-sensitive-sodium-chloride-cotransporter,390,0.5161,false,false,hub,hub
target/aoxa,target/thiazide-sensitive-sodium-chloride-cotransporter,390,0.5161,false,false,hub,hub
target/arachidonate-5-lipoxygenase-arachidonate-5-lipoxygenase,target/phosphodiesterase-4a-phosphodiesterase-4a,390,0.5161,false,false,hub,hub
target/atm,target/vrac,390,0.5161,false,false,hub,hub
target/beta-amyloid-a4-protein,target/cysteinyl-leukotriene-receptor-1,390,0.5161,false,false,hub,hub
target/d1-receptor,target/serotonin-7-receptor,390,0.5161,false,false,hub,hub
target/fibroblast-growth-factor-receptor-4,target/vrac,390,0.5161,false,false,hub,hub
target/finc,target/m5-receptor,390,0.5161,false,false,hub,hub
target/glun1,target/null,390,0.5161,false,false,hub,hub
target/gper1,target/pgrc1,390,0.5161,false,false,hub,hub
target/histamine-h1-receptor-histamine-h1-receptor-hrh1-human,target/nitric-oxide-synthase-inducible,390,0.5161,false,false,hub,hub
target/nitric-oxide-synthase-inducible,target/pd2r,390,0.5161,false,false,hub,hub
target/pgrc1,target/trace-amine-associated-receptor-1,390,0.5161,false,false,hub,hub
target/pregnane-x-receptor,target/vitamin-d-receptor,390,0.5161,false,false,hub,hub
target/rxfp1,target/vrac,390,0.5161,false,false,hub,hub
target/abcb1,target/apj,390,0.516,false,false,hub,hub
target/abcb1,target/h2-receptor,390,0.516,false,false,hub,hub
target/abcg2,target/streptococcus-pneumoniae,390,0.516,false,false,hub,hub
target/acvr1,target/tpa,390,0.516,false,false,hub,hub
target/acyl-coenzyme-a-cholesterol-acyltransferase-1,target/neprilysin,390,0.516,false,false,hub,hub
target/aryl-hydrocarbon-receptor,target/ripk1,390,0.516,false,false,hub,hub
target/cysteinyl-leukotriene-receptor-1,target/map2,390,0.516,false,false,hub,hub
target/dopamine-beta-hydroxylase,target/pregnane-x-receptor,390,0.516,false,false,hub,hub
target/finc,target/q9z1j7,390,0.516,false,false,hub,hub
target/hepatocyte-growth-factor-receptor-hepatocyte-growth-factor-receptor,target/kir2-3,390,0.516,false,false,hub,hub
target/kir2-3,target/mu-type-opioid-receptor,390,0.516,false,false,hub,hub
target/plasmodium-falciparum,target/serotonin-3-receptor,390,0.516,false,false,hub,hub
target/serum-albumin,target/streptococcus-pneumoniae,390,0.516,false,false,hub,hub
target/apj,target/m2-receptor,390,0.5159,false,false,hub,hub
target/aryl-hydrocarbon-receptor,target/serotonin-1b-receptor,390,0.5159,false,false,hub,hub
target/beta-amyloid-a4-protein,target/human-immunodeficiency-virus-type-1-protease,390,0.5159,false,false,hub,hub
target/beta-amyloid-a4-protein,target/scn1b,390,0.5159,false,false,hub,hub
target/cyclin-dependent-kinase-2-cyclin-e,target/hepatitis-b-virus,390,0.5159,false,false,hub,hub
target/cysteinyl-leukotriene-receptor-1,target/hepatocyte-growth-factor-receptor-hepatocyte-growth-factor-receptor,390,0.5159,false,false,hub,hub
target/hepatitis-b-virus,target/peptidoglycan-biosynthesis,390,0.5159,false,false,hub,hub
target/hmdh,target/monoamine-oxidase,390,0.5159,false,false,hub,hub
target/hmg-coa-reductase,target/serotonin-3-receptor-chembl2111332,390,0.5159,false,false,hub,hub
target/human-immunodeficiency-virus-type-1-protease,target/peptidoglycan-biosynthesis,390,0.5159,false,false,hub,hub
target/hypoxia-inducible-factor-1-alpha,target/trpc4,390,0.5159,false,false,hub,hub
target/integrin-alpha-iib-beta-3,target/serotonin-2-receptor,390,0.5159,false,false,hub,hub
target/kcnq1,target/prostaglandin-biosynthetic-process,390,0.5159,false,false,hub,hub
target/m2-receptor,target/monoamine-oxidase,390,0.5159,false,false,hub,hub
target/thromboxane-a2-receptor,target/tlr4,390,0.5159,false,false,hub,hub
target/tlr4,target/tpa,390,0.5159,false,false,hub,hub
target/2b-adrenoceptor,target/clk1,390,0.5158,false,false,hub,hub
target/anandamide-amidohydrolase,target/integrin-alpha-iib-beta-3,390,0.5158,false,false,hub,hub
target/aryl-hydrocarbon-receptor,target/map-kinase-p38-beta,390,0.5158,false,false,hub,hub
target/aryl-hydrocarbon-receptor,target/peroxisome-proliferator-activated-receptor-alpha-peroxisome-proliferator-activated-receptor-alpha,390,0.5158,false,false,hub,hub
target/beta-amyloid-a4-protein,target/mycobacterium-tuberculosis-h37rv,390,0.5158,false,false,hub,hub
target/clk2,target/dyr1a,390,0.5158,false,false,hub,hub
target/cytochrome-p450-1a1,target/serotonin-1b-receptor,390,0.5158,false,false,hub,hub
target/hepatitis-b-virus,target/matrix-metalloproteinase-1,390,0.5158,false,false,hub,hub
target/hmdh,target/phosphodiesterase-4a,390,0.5158,false,false,hub,hub
target/human-immunodeficiency-virus-type-1-protease,target/matrix-metalloproteinase-1,390,0.5158,false,false,hub,hub
target/kcma1,target/rara,390,0.5158,false,false,hub,hub
target/kpcd1,target/m3k7,390,0.5158,false,false,hub,hub
target/mycobacterium-tuberculosis,target/pregnane-x-receptor,390,0.5158,false,false,hub,hub
target/null,target/thiazide-sensitive-sodium-chloride-cotransporter,390,0.5158,false,false,hub,hub
target/pd2r,target/tspo,390,0.5158,false,false,hub,hub
target/prostaglandin-biosynthetic-process,target/smooth-muscle-contraction,390,0.5158,false,false,hub,hub
target/sulfonylurea-receptors-k-atp-channels,target/xanthine-dehydrogenase,390,0.5158,false,false,hub,hub
target/2b-adrenoceptor,target/abl2,390,0.5157,false,false,hub,hub
target/asic3,target/cyclin-dependent-kinase-8,390,0.5157,false,false,hub,hub
target/carbonic-anhydrase-vii,target/catechol-o-methyltransferase,390,0.5157,false,false,hub,hub
target/cyclin-dependent-kinase-2-cyclin-e,target/pregnane-x-receptor,390,0.5157,false,false,hub,hub
target/dna-topoisomerase-1,target/integrin-alpha-iib-beta-3,390,0.5157,false,false,hub,hub
target/hepatitis-b-virus,target/mu-type-opioid-receptor,390,0.5157,false,false,hub,hub
target/hmdh,target/monoamine-oxidase-b,390,0.5157,false,false,hub,hub
target/hmg-coa-reductase,target/lipid-oxidation,390,0.5157,false,false,hub,hub
target/kcnj8,target/tlr4,390,0.5157,false,false,hub,hub
target/kna1-2,target/trpc4,390,0.5157,false,false,hub,hub
target/map2,target/tlr4,390,0.5157,false,false,hub,hub
target/neuronal-acetylcholine-receptor-alpha3-beta4,target/serotonin-3-receptor-chembl2111332,390,0.5157,false,false,hub,hub
target/opioid-receptors-mu-kappa-delta,target/pregnane-x-receptor,390,0.5157,false,false,hub,hub
target/serotonin-2-receptor-chembl2095200,target/serotonin-7-receptor,390,0.5157,false,false,hub,hub
target/5ht1f,target/rorg,390,0.5156,false,false,hub,hub
target/aoxa,target/vitamin-d-receptor,390,0.5156,false,false,hub,hub
target/arachidonate-5-lipoxygenase,target/mycobacterium-tuberculosis-h37rv,390,0.5156,false,false,hub,hub
target/aryl-hydrocarbon-receptor-aryl-hydrocarbon-receptor,target/opioid-receptors-mu-kappa-delta,390,0.5156,false,false,hub,hub
target/camp-dependent-protein-kinase,target/serotonin-7-receptor,390,0.5156,false,false,hub,hub
target/d1-receptor,target/kv11-1,390,0.5156,false,false,hub,hub
target/human-immunodeficiency-virus-type-1-protease,target/platelet-activating-factor-receptor,390,0.5156,false,false,hub,hub
target/kir2-3,target/prostaglandin-secretion,390,0.5156,false,false,hub,hub
target/kv11-1,target/m2-receptor,390,0.5156,false,false,hub,hub
target/pd2r,target/vitamin-d-receptor,390,0.5156,false,false,hub,hub
target/rara,target/serotonin-3-receptor-chembl2111332,390,0.5156,false,false,hub,hub
target/serotonin-2-receptor,target/serotonin-7-receptor,390,0.5156,false,false,hub,hub
target/type-1-angiotensin-ii-receptor,target/type-1-angiotensin-ii-receptor-type-1-angiotensin-ii-receptor,390,0.5156,false,false,hub,hub
target/alpha-2b-adrenergic-receptor,target/beta-2-adrenergic-receptor-beta-2-adrenergic-receptor,390,0.5155,false,false,hub,hub
target/apj,target/neprilysin,390,0.5155,false,false,hub,hub
target/co5,target/tlr4,390,0.5155,false,false,hub,hub
target/comt,target/prostaglandin-biosynthetic-process,390,0.5155,false,false,hub,hub
target/cyp11b1,target/kna1-2,390,0.5155,false,false,hub,hub
target/h2-receptor,target/neprilysin,390,0.5155,false,false,hub,hub
target/hepatitis-b-virus,target/pncb,390,0.5155,false,false,hub,hub
target/kir2-3,target/m4-receptor,390,0.5155,false,false,hub,hub
target/lipid-oxidation,target/serotonin-3-receptor-chembl2111332,390,0.5155,false,false,hub,hub
target/mmp13-mmp13,target/serotonin-3-receptor,390,0.5155,false,false,hub,hub
target/response-to-oxidative-stress,target/streptococcus-pneumoniae,390,0.5155,false,false,hub,hub
target/serotonin-3-receptor,target/trpc4,390,0.5155,false,false,hub,hub
target/serotonin-3-receptor-chembl2111332,target/tlr4,390,0.5155,false,false,hub,hub
target/abcg2,target/cp51,390,0.5154,false,false,hub,hub
target/acvr1,target/scn1b,390,0.5154,false,false,hub,hub
target/anandamide-amidohydrolase,target/prostaglandin-biosynthetic-process,390,0.5154,false,false,hub,hub
target/apj,target/cysltr1,390,0.5154,false,false,hub,hub
target/carbonic-anhydrase-xii,target/mycobacterium-tuberculosis-h37rv,390,0.5154,false,false,hub,hub
target/catechol-o-methyltransferase,target/kcnk2,390,0.5154,false,false,hub,hub
target/clk1,target/mdr1a,390,0.5154,false,false,hub,hub
target/cp51,target/kcna5,390,0.5154,false,false,hub,hub
target/cyp11b1,target/streptococcus-pneumoniae,390,0.5154,false,false,hub,hub
target/d1-receptor,target/kca2-2,390,0.5154,false,false,hub,hub
target/human-immunodeficiency-virus-type-1-protease,target/oxytocin-receptor,390,0.5154,false,false,hub,hub
target/kcnq1,target/ripk1,390,0.5154,false,false,hub,hub
target/kpcd1,target/q9z1j7,390,0.5154,false,false,hub,hub
target/rara,target/tlr4,390,0.5154,false,false,hub,hub
target/arachidonate-5-lipoxygenase-arachidonate-5-lipoxygenase,target/bmx,390,0.5153,false,false,hub,hub
target/beta-amyloid-a4-protein,target/neprilysin,390,0.5153,false,false,hub,hub
target/casp1,target/hdac9,390,0.5153,false,false,hub,hub
target/dna-topoisomerase-1,target/prostaglandin-biosynthetic-process,390,0.5153,false,false,hub,hub
target/fpr1,target/kcnk2,390,0.5153,false,false,hub,hub
target/hepatitis-b-virus,target/prostaglandin-secretion,390,0.5153,false,false,hub,hub
target/hepatitis-c-virus,target/histamine-h1-receptor-histamine-h1-receptor-hrh1-human,390,0.5153,false,false,hub,hub
target/integrin-alpha-iib-beta-3,target/muscarinic-acetylcholine-receptor-m4,390,0.5153,false,false,hub,hub
target/integrin-alpha-iib-beta-3,target/topoisomerase-iv,390,0.5153,false,false,hub,hub
target/kpym,target/thiazide-sensitive-sodium-chloride-cotransporter,390,0.5153,false,false,hub,hub
target/peptidoglycan-biosynthesis,target/vrac,390,0.5153,false,false,hub,hub
target/prostaglandin-biosynthetic-process,target/streptococcus-pneumoniae,390,0.5153,false,false,hub,hub
target/5ht1f,target/serotonin-3-receptor-chembl2111332,390,0.5152,false,false,hub,hub
target/acyl-coenzyme-a-cholesterol-acyltransferase-1,target/protein-farnesyltransferase,390,0.5152,false,false,hub,hub
target/adrenergic-receptor-alpha-2,target/kir2-3,390,0.5152,false,false,hub,hub
target/aldo-keto-reductase-family-1-member-b,target/mycobacterium-tuberculosis-h37rv,390,0.5152,false,false,hub,hub
target/carbonic-anhydrase-xii,target/kcnq1,390,0.5152,false,false,hub,hub
target/cell-growth,target/topoisomerase-iv,390,0.5152,false,false,hub,hub
target/dopamine-beta-hydroxylase,target/serotonin-3-receptor,390,0.5152,false,false,hub,hub
target/err3,target/tlr4,390,0.5152,false,false,hub,hub
target/hck,target/lyn,390,0.5152,false,false,hub,hub
target/mmp13-mmp13,target/plasmodium-falciparum,390,0.5152,false,false,hub,hub
target/mycobacterium-tuberculosis-h37rv,target/tlr4,390,0.5152,false,false,hub,hub
target/nitric-oxide-synthase-inducible,target/trpv3,390,0.5152,false,false,hub,hub
target/p2y2-receptor,target/tlr4,390,0.5152,false,false,hub,hub
target/amine-oxidase-flavin-containing-a,target/plasmodium-falciparum,390,0.5151,false,false,hub,hub
target/amine-oxidase-flavin-containing-a,target/serotonin-1d-receptor,390,0.5151,false,false,hub,hub
target/arachidonate-5-lipoxygenase,target/neprilysin,390,0.5151,false,false,hub,hub
target/arachidonate-5-lipoxygenase-arachidonate-5-lipoxygenase,target/kcma1,390,0.5151,false,false,hub,hub
target/atm,target/nitric-oxide-synthase-inducible,390,0.5151,false,false,hub,hub
target/bmr1b,target/ren,390,0.5151,false,false,hub,hub
target/catechol-o-methyltransferase,target/rorg,390,0.5151,false,false,hub,hub
target/d1-receptor,target/hepatitis-b-virus,390,0.5151,false,false,hub,hub
target/hepatitis-b-virus,target/m2-receptor,390,0.5151,false,false,hub,hub
target/mu-type-opioid-receptor,target/vrac,390,0.5151,false,false,hub,hub
target/nitric-oxide-synthase-inducible,target/rxfp1,390,0.5151,false,false,hub,hub
target/acetylcholinesterase-acetylcholinesterase,target/prostaglandin-biosynthetic-process,390,0.515,false,false,hub,hub
target/aoc3,target/cysteinyl-leukotriene-receptor-1,390,0.515,false,false,hub,hub
target/camp-dependent-protein-kinase,target/kir2-3,390,0.515,false,false,hub,hub
target/cats,target/tpa,390,0.515,false,false,hub,hub
target/clk1,target/clk2,390,0.515,false,false,hub,hub
target/comt,target/kcma1,390,0.515,false,false,hub,hub
target/cytochrome-p450-2c19,target/reactive-oxygen-species-biosynthetic-process,390,0.515,false,false,hub,hub
target/dopamine-beta-hydroxylase,target/histone-deacetylase-8,390,0.515,false,false,hub,hub
target/dopamine-beta-hydroxylase,target/monoamine-oxidase-a,390,0.515,false,false,hub,hub
target/hepatitis-c-virus,target/q9z1j7,390,0.515,false,false,hub,hub
target/hepatocyte-growth-factor-receptor-hepatocyte-growth-factor-receptor,target/neprilysin,390,0.515,false,false,hub,hub
target/monoamine-oxidase-a,target/vitamin-d-receptor,390,0.515,false,false,hub,hub
target/mycobacterium-tuberculosis,target/q9z1j7,390,0.515,false,false,hub,hub
target/tspo,target/type-1-angiotensin-ii-receptor-type-1-angiotensin-ii-receptor,390,0.515,false,false,hub,hub
target/2b-adrenoceptor,target/kpym,390,0.5149,false,false,hub,hub
target/aldo-keto-reductase-family-1-member-b,target/kcnq1,390,0.5149,false,false,hub,hub
target/err3,target/hmdh,390,0.5149,false,false,hub,hub
target/finc,target/serotonin-7-receptor,390,0.5149,false,false,hub,hub
target/hdac9,target/scn1b,390,0.5149,false,false,hub,hub
target/kcnk2,target/muscarinic-acetylcholine-receptor-m4,390,0.5149,false,false,hub,hub
target/kcnk2,target/topoisomerase-iv,390,0.5149,false,false,hub,hub
target/o39930,target/rna-directed-rna-polymerase,390,0.5149,false,false,hub,hub
target/pdpk1,target/pgrc1,390,0.5149,false,false,hub,hub
target/peptidoglycan-biosynthesis,target/streptococcus-pneumoniae,390,0.5149,false,false,hub,hub
target/protein-farnesyltransferase,target/serotonin-7-receptor,390,0.5149,false,false,hub,hub
target/arachidonate-5-lipoxygenase-arachidonate-5-lipoxygenase,target/trace-amine-associated-receptor-1,390,0.5148,false,false,hub,hub
target/aryl-hydrocarbon-receptor,target/urok,390,0.5148,false,false,hub,hub
target/atp4a,target/kcnk2,390,0.5148,false,false,hub,hub
target/cytochrome-p450-2c19,target/serotonin-7-receptor,390,0.5148,false,false,hub,hub
target/nitric-oxide-synthase-inducible,target/xanthine-dehydrogenase,390,0.5148,false,false,hub,hub
target/prostaglandin-biosynthetic-process,target/type-1-angiotensin-ii-receptor-type-1-angiotensin-ii-receptor,390,0.5148,false,false,hub,hub
target/5ntd,target/gper1,390,0.5147,false,false,hub,hub
target/acyl-coenzyme-a-cholesterol-acyltransferase-1,target/amine-oxidase-flavin-containing-a,390,0.5147,false,false,hub,hub
target/anandamide-amidohydrolase,target/serotonin-3-receptor-chembl2111332,390,0.5147,false,false,hub,hub
target/c-jun-n-terminal-kinase-1,target/integrin-alpha-iib-beta-3,390,0.5147,false,false,hub,hub
target/camp-dependent-protein-kinase,target/human-immunodeficiency-virus-type-1-protease,390,0.5147,false,false,hub,hub
target/d1-receptor,target/kcnq1,390,0.5147,false,false,hub,hub
target/leukocyte-elastase,target/m5-receptor,390,0.5147,false,false,hub,hub
target/mu-type-opioid-receptor,target/serotonin-3-receptor,390,0.5147,false,false,hub,hub
target/pncb,target/urok,390,0.5147,false,false,hub,hub
target/protein-farnesyltransferase,target/vitamin-d-receptor,390,0.5147,false,false,hub,hub
target/acha,target/kcnk2,390,0.5146,false,false,hub,hub
target/alpha-2b-adrenergic-receptor,target/carbonic-anhydrase-vii,390,0.5146,false,false,hub,hub
target/alpha-2b-adrenergic-receptor,target/hepg2,390,0.5146,false,false,hub,hub
target/amp-activated-protein-kinase-ampk,target/arachidonate-5-lipoxygenase-arachidonate-5-lipoxygenase,390,0.5146,false,false,hub,hub
target/aryl-hydrocarbon-receptor-aryl-hydrocarbon-receptor,target/sulfonylurea-receptors-k-atp-channels,390,0.5146,false,false,hub,hub
target/atm,target/sstr3,390,0.5146,false,false,hub,hub
target/beta-2-adrenergic-receptor-beta-2-adrenergic-receptor,target/serotonin-3-receptor-chembl2111332,390,0.5146,false,false,hub,hub
target/cac1a,target/tpa,390,0.5146,false,false,hub,hub
target/catechol-o-methyltransferase,target/nicotinic-acetylcholine-receptor-4-subunit,390,0.5146,false,false,hub,hub
target/cell-proliferation,target/monoamine-oxidase,390,0.5146,false,false,hub,hub
target/cysteinyl-leukotriene-receptor-1,target/q9z1j7,390,0.5146,false,false,hub,hub
target/glun1,target/tpa,390,0.5146,false,false,hub,hub
target/m4-receptor,target/vrac,390,0.5146,false,false,hub,hub
target/pgrc1,target/ptn11,390,0.5146,false,false,hub,hub
target/prostaglandin-secretion,target/vrac,390,0.5146,false,false,hub,hub
target/rxfp1,target/sstr3,390,0.5146,false,false,hub,hub
target/sc5a1,target/scn1b,390,0.5146,false,false,hub,hub
target/serotonin-2a-receptor-chembl322,target/serotonin-7-receptor,390,0.5146,false,false,hub,hub
target/slc22a12,target/tpa,390,0.5146,false,false,hub,hub
target/aldo-keto-reductase-family-1-member-b,target/at1-receptor,390,0.5145,false,false,hub,hub
target/alpha-2a-adrenergic-receptor-alpha-2a-adrenergic-receptor,target/h2-receptor,390,0.5145,false,false,hub,hub
target/bmr1b,target/q9z1j7,390,0.5145,false,false,hub,hub
target/chle,target/pncb,390,0.5145,false,false,hub,hub
target/comt,target/pregnane-x-receptor,390,0.5145,false,false,hub,hub
target/dna-topoisomerase-1,target/hepatitis-b-virus,390,0.5145,false,false,hub,hub
target/m1-receptor,target/m5-receptor,390,0.5145,false,false,hub,hub
target/monoamine-oxidase-a,target/mu-type-opioid-receptor,390,0.5145,false,false,hub,hub
target/npy1r,target/npy5r,390,0.5145,false,false,hub,hub
target/q9z1j7,target/rara,390,0.5145,false,false,hub,hub
target/serotonin-2a-receptor-chembl322,target/vitamin-d-receptor,390,0.5145,false,false,hub,hub
target/acetylcholinesterase-acetylcholinesterase,target/platelet-activating-factor-receptor,390,0.5144,false,false,hub,hub
target/arachidonate-5-lipoxygenase,target/plasmodium-falciparum,390,0.5144,false,false,hub,hub
target/aryl-hydrocarbon-receptor-aryl-hydrocarbon-receptor,target/comt,390,0.5144,false,false,hub,hub
target/carbonic-anhydrase-xii,target/monoamine-oxidase-a,390,0.5144,false,false,hub,hub
target/cats,target/scn1b,390,0.5144,false,false,hub,hub
target/ctla4,target/hmdh,390,0.5144,false,false,hub,hub
target/dopamine-beta-hydroxylase,target/t2r46,390,0.5144,false,false,hub,hub
target/h2-receptor,target/neurotrophic-receptor-tyrosine-kinase-3,390,0.5144,false,false,hub,hub
target/hepatitis-b-virus,target/macrophage-stimulating-protein-receptor,390,0.5144,false,false,hub,hub
target/human-immunodeficiency-virus-type-1-protease,target/q9z1j7,390,0.5144,false,false,hub,hub
target/m5-receptor,target/tlr4,390,0.5144,false,false,hub,hub
target/monoamine-oxidase,target/thiazide-sensitive-sodium-chloride-cotransporter,390,0.5144,false,false,hub,hub
target/reactive-oxygen-species-biosynthetic-process,target/vitamin-d-receptor,390,0.5144,false,false,hub,hub
target/rorg,target/trpv3,390,0.5144,false,false,hub,hub
target/abl2,target/vrac,390,0.5143,false,false,hub,hub
target/aryl-hydrocarbon-receptor-aryl-hydrocarbon-receptor,target/serotonin-2-receptor,390,0.5143,false,false,hub,hub
target/at1-receptor,target/cyclin-dependent-kinase-8,390,0.5143,false,false,hub,hub
target/bmx,target/mmp12,390,0.5143,false,false,hub,hub
target/cac1a,target/casp1,390,0.5143,false,false,hub,hub
target/comt,target/grik1,390,0.5143,false,false,hub,hub
target/dopamine-beta-hydroxylase,target/trpc4,390,0.5143,false,false,hub,hub
target/net,target/tpa,390,0.5143,false,false,hub,hub
target/response-to-oxidative-stress,target/vitamin-d-receptor,390,0.5143,false,false,hub,hub
target/streptococcus-pneumoniae,target/tlr4,390,0.5143,false,false,hub,hub
target/5ntd,target/hdac9,390,0.5142,false,false,hub,hub
target/adrenergic-receptor-alpha-2,target/vrac,390,0.5142,false,false,hub,hub
target/angiogenesis,target/fibroblast-growth-factor-receptor-4,390,0.5142,false,false,hub,hub
target/cysteinyl-leukotriene-receptor-1,target/glun1,390,0.5142,false,false,hub,hub
target/cysteinyl-leukotriene-receptor-1,target/topoisomerase-iv,390,0.5142,false,false,hub,hub
target/fibroblast-growth-factor-receptor-4,target/matrix-metalloproteinase-13,390,0.5142,false,false,hub,hub
target/hdac9,target/urok,390,0.5142,false,false,hub,hub
target/histamine-h1-receptor-histamine-h1-receptor-hrh1-human,target/sulfonylurea-receptors-k-atp-channels,390,0.5142,false,false,hub,hub
target/integrin-alpha-iib-beta-3,target/rorg,390,0.5142,false,false,hub,hub
target/kcna5,target/kir2-3,390,0.5142,false,false,hub,hub
target/pregnane-x-receptor,target/streptococcus-pneumoniae,390,0.5142,false,false,hub,hub
target/5ht1f,target/catechol-o-methyltransferase,390,0.5141,false,false,hub,hub
target/alpha-1a-adrenergic-receptor,target/serotonin-1d-receptor,390,0.5141,false,false,hub,hub
target/alpha-2b-adrenergic-receptor,target/monoamine-oxidase-b,390,0.5141,false,false,hub,hub
target/apj,target/cyp11b1,390,0.5141,false,false,hub,hub
target/cac1a,target/pncb,390,0.5141,false,false,hub,hub
target/cell-proliferation,target/kir2-3,390,0.5141,false,false,hub,hub
target/cyp11b1,target/monoamine-oxidase,390,0.5141,false,false,hub,hub
target/cyp11b1,target/phosphodiesterase-4a,390,0.5141,false,false,hub,hub
target/glun1,target/gprc6,390,0.5141,false,false,hub,hub
target/glun1,target/pncb,390,0.5141,false,false,hub,hub
target/kcnk2,target/vitamin-d-receptor,390,0.5141,false,false,hub,hub
target/lt4r2,target/trpc4,390,0.5141,false,false,hub,hub
target/m2-receptor,target/serotonin-3-receptor,390,0.5141,false,false,hub,hub
target/monoamine-oxidase-a,target/prostaglandin-secretion,390,0.5141,false,false,hub,hub
target/muscarinic-acetylcholine-receptor-m4,target/pncb,390,0.5141,false,false,hub,hub
target/oxytocin-receptor,target/serotonin-1d-receptor,390,0.5141,false,false,hub,hub
target/pncb,target/topoisomerase-iv,390,0.5141,false,false,hub,hub
target/rorg,target/trpc4,390,0.5141,false,false,hub,hub
target/thiazide-sensitive-sodium-chloride-cotransporter,target/voltage-gated-t-type-calcium-channel,390,0.5141,false,false,hub,hub
target/amine-oxidase-flavin-containing-a,target/cyclin-dependent-kinase-2-cyclin-e,390,0.514,false,false,hub,hub
target/aoc3,target/neprilysin,390,0.514,false,false,hub,hub
target/beta-amyloid-a4-protein,target/xanthine-dehydrogenase,390,0.514,false,false,hub,hub
target/camp-dependent-protein-kinase,target/neprilysin,390,0.514,false,false,hub,hub
target/h2-receptor,target/prostaglandin-biosynthetic-process,390,0.514,false,false,hub,hub
target/kir2-3,target/pde9a,390,0.514,false,false,hub,hub
target/mmp12,target/ret4,390,0.514,false,false,hub,hub
target/pgrc1,target/xanthine-dehydrogenase,390,0.514,false,false,hub,hub
target/pncb,target/type-1-angiotensin-ii-receptor-type-1-angiotensin-ii-receptor,390,0.514,false,false,hub,hub
target/5ntd,target/arachidonate-5-lipoxygenase-arachidonate-5-lipoxygenase,390,0.5139,false,false,hub,hub
target/abcb1,target/acetylcholinesterase-acetylcholinesterase,390,0.5139,false,false,hub,hub
target/alpha-2a-adrenergic-receptor-alpha-2a-adrenergic-receptor,target/neuronal-acetylcholine-receptor-alpha3-beta4,390,0.5139,false,false,hub,hub
target/alpha-2b-adrenergic-receptor,target/kv11-1,390,0.5139,false,false,hub,hub
target/angiogenesis,target/kpcd1,390,0.5139,false,false,hub,hub
target/aryl-hydrocarbon-receptor,target/rxfp1,390,0.5139,false,false,hub,hub
target/beta-amyloid-a4-protein,target/serotonin-7-receptor,390,0.5139,false,false,hub,hub
target/catechol-o-methyltransferase,target/gaba-a-receptor-agonist-gaba-site,390,0.5139,false,false,hub,hub
target/comt,target/gdf8,390,0.5139,false,false,hub,hub
target/cp51,target/mtlr,390,0.5139,false,false,hub,hub
target/cysteinyl-leukotriene-receptor-1,target/trpv3,390,0.5139,false,false,hub,hub
target/finc,target/human-immunodeficiency-virus-type-1-protease,390,0.5139,false,false,hub,hub
target/glun1,target/scn1b,390,0.5139,false,false,hub,hub
target/histamine-h2-receptor,target/thiazide-sensitive-sodium-chloride-cotransporter,390,0.5139,false,false,hub,hub
target/human-immunodeficiency-virus-type-1-protease,target/protein-farnesyltransferase,390,0.5139,false,false,hub,hub
target/map2,target/tspo,390,0.5139,false,false,hub,hub
target/reactive-oxygen-species-biosynthetic-process,target/serotonin-1b-receptor,390,0.5139,false,false,hub,hub
target/serum-albumin,target/tlr4,390,0.5139,false,false,hub,hub
target/sstr3,target/thromboxane-a2-receptor,390,0.5139,false,false,hub,hub
target/2b-adrenoceptor,target/hepatitis-c-virus,390,0.5138,false,false,hub,hub
target/5-hydroxytryptamine-receptor-1a,target/cysteinyl-leukotriene-receptor-1,390,0.5138,false,false,hub,hub
target/5ntd,target/comt,390,0.5138,false,false,hub,hub
target/abcg2,target/prostaglandin-secretion,390,0.5138,false,false,hub,hub
target/alpha-2a-adrenergic-receptor-alpha-2a-adrenergic-receptor,target/bacterial-dna-gyrase,390,0.5138,false,false,hub,hub
target/alpha-2a-adrenergic-receptor-alpha-2a-adrenergic-receptor,target/gprc6,390,0.5138,false,false,hub,hub
target/fibroblast-growth-factor-receptor-4,target/serotonin-3-receptor-chembl2111332,390,0.5138,false,false,hub,hub
target/kcnq1,target/monoamine-oxidase-a,390,0.5138,false,false,hub,hub
target/matrix-metalloproteinase-1,target/serotonin-7-receptor,390,0.5138,false,false,hub,hub
target/matrix-metalloproteinase-13,target/serotonin-7-receptor,390,0.5138,false,false,hub,hub
target/pd2r,target/streptococcus-pneumoniae,390,0.5138,false,false,hub,hub
target/pncb,target/rxfp1,390,0.5138,false,false,hub,hub
target/protein-farnesyltransferase,target/tlr4,390,0.5138,false,false,hub,hub
target/serotonin-3-receptor,target/sulfonylurea-receptors-k-atp-channels,390,0.5138,false,false,hub,hub
target/alpha-2b-adrenergic-receptor,target/leukocyte-elastase,390,0.5137,false,false,hub,hub
target/anandamide-amidohydrolase,target/catechol-o-methyltransferase,390,0.5137,false,false,hub,hub
target/aryl-hydrocarbon-receptor,target/c-jun-n-terminal-kinase-1,390,0.5137,false,false,hub,hub
target/asic3,target/thromboxane-a2-receptor,390,0.5137,false,false,hub,hub
target/cell-proliferation,target/pregnane-x-receptor,390,0.5137,false,false,hub,hub
target/clk1,target/muscarinic-acetylcholine-receptor-m4,390,0.5137,false,false,hub,hub
target/kcma1,target/serotonin-7-receptor,390,0.5137,false,false,hub,hub
target/monoamine-oxidase,target/opioid-receptors-mu-kappa-delta,390,0.5137,false,false,hub,hub
target/pde9a,target/tlr4,390,0.5137,false,false,hub,hub
target/peptidoglycan-biosynthesis,target/serotonin-7-receptor,390,0.5137,false,false,hub,hub
target/pregnane-x-receptor,target/type-1-angiotensin-ii-receptor-type-1-angiotensin-ii-receptor,390,0.5137,false,false,hub,hub
target/prostaglandin-secretion,target/type-1-angiotensin-ii-receptor-type-1-angiotensin-ii-receptor,390,0.5137,false,false,hub,hub
target/5-hydroxytryptamine-receptor-1a,target/human-immunodeficiency-virus-type-1-protease,390,0.5136,false,false,hub,hub
target/alpha-2b-adrenergic-receptor,target/carbonic-anhydrase-xii,390,0.5136,false,false,hub,hub
target/apj,target/map2,390,0.5136,false,false,hub,hub
target/aryl-hydrocarbon-receptor,target/xanthine-dehydrogenase,390,0.5136,false,false,hub,hub
target/aryl-hydrocarbon-receptor-aryl-hydrocarbon-receptor,target/cell-proliferation,390,0.5136,false,false,hub,hub
target/at1a2,target/response-to-oxidative-stress,390,0.5136,false,false,hub,hub
target/beta-2-adrenergic-receptor-beta-2-adrenergic-receptor,target/catechol-o-methyltransferase,390,0.5136,false,false,hub,hub
target/beta-amyloid-a4-protein,target/tpa,390,0.5136,false,false,hub,hub
target/cltr2,target/cysltr1,390,0.5136,false,false,hub,hub
target/cyp11b1,target/kca2-2,390,0.5136,false,false,hub,hub
target/fibroblast-growth-factor-receptor-4,target/mycobacterium-tuberculosis-h37rv,390,0.5136,false,false,hub,hub
target/lck,target/yes,390,0.5136,false,false,hub,hub
target/leukocyte-elastase,target/serotonin-7-receptor,390,0.5136,false,false,hub,hub
target/lt4r2,target/tpa,390,0.5136,false,false,hub,hub
target/monoamine-oxidase,target/mycobacterium-tuberculosis,390,0.5136,false,false,hub,hub
target/mycobacterium-tuberculosis,target/phosphodiesterase-4a,390,0.5136,false,false,hub,hub
target/phosphodiesterase-4a,target/sodium-glucose-cotransporter-2-sodium-glucose-cotransporter-2,390,0.5136,false,false,hub,hub
target/abl2,target/kcna5,390,0.5135,false,false,hub,hub
target/alpha-1a-adrenergic-receptor,target/alpha-2b-adrenergic-receptor,390,0.5135,false,false,hub,hub
target/angiotensin-converting-enzyme,target/thiazide-sensitive-sodium-chloride-cotransporter,390,0.5135,false,false,hub,hub
target/aoxa,target/kpym,390,0.5135,false,false,hub,hub
target/aryl-hydrocarbon-receptor,target/gamma-aminobutyric-acid-receptor-subunit-alpha-1,390,0.5135,false,false,hub,hub
target/beta-1-adrenergic-receptor-beta-1-adrenergic-receptor,target/hepatitis-b-virus,390,0.5135,false,false,hub,hub
target/catechol-o-methyltransferase,target/q9z1j7,390,0.5135,false,false,hub,hub
target/cltr2,target/comt,390,0.5135,false,false,hub,hub
target/histamine-h2-receptor,target/vitamin-d-receptor,390,0.5135,false,false,hub,hub
target/hmdh,target/serum-albumin,390,0.5135,false,false,hub,hub
target/mycobacterium-tuberculosis,target/thromboxane-a2-receptor,390,0.5135,false,false,hub,hub
target/q9z1j7,target/tysy,390,0.5135,false,false,hub,hub
target/serotonin-1d-receptor,target/smooth-muscle-contraction,390,0.5135,false,false,hub,hub
target/5-hydroxytryptamine-receptor-1a-5-hydroxytryptamine-receptor-1a-5ht1a-human,target/d-dopamine-receptor-d-2-dopamine-receptor-drd2-human,390,0.5134,false,false,hub,hub
target/abcg2,target/aoxa,390,0.5134,false,false,hub,hub
target/acha,target/ren,390,0.5134,false,false,hub,hub
target/acvr1,target/vitamin-d-receptor,390,0.5134,false,false,hub,hub
target/aryl-hydrocarbon-receptor-aryl-hydrocarbon-receptor,target/serotonin-2a-receptor-chembl322,390,0.5134,false,false,hub,hub
target/beta-amyloid-a4-protein,target/mycobacterium-tuberculosis,390,0.5134,false,false,hub,hub
target/c-jun-n-terminal-kinase-1,target/pregnane-x-receptor,390,0.5134,false,false,hub,hub
target/clk1,target/net,390,0.5134,false,false,hub,hub
target/cytochrome-p450-1a1,target/dopamine-beta-hydroxylase,390,0.5134,false,false,hub,hub
target/cytochrome-p450-2c19,target/m3k7,390,0.5134,false,false,hub,hub
target/cytochrome-p450-2c19,target/sulfonylurea-receptors-k-atp-channels,390,0.5134,false,false,hub,hub
target/mmp13-mmp13,target/tlr4,390,0.5134,false,false,hub,hub
target/pe2r3,target/pe2r4,390,0.5134,false,false,hub,hub
target/tlr4,target/trpc4,390,0.5134,false,false,hub,hub
target/alpha-2a-adrenergic-receptor-alpha-2a-adrenergic-receptor,target/hdac9,390,0.5133,false,false,hub,hub
target/at1a2,target/kcnk2,390,0.5133,false,false,hub,hub
target/cytochrome-p450-2c19,target/pd2r,390,0.5133,false,false,hub,hub
target/kcnj8,target/pgrc1,390,0.5133,false,false,hub,hub
target/kpym,target/neprilysin,390,0.5133,false,false,hub,hub
target/mmp13-mmp13,target/prostaglandin-secretion,390,0.5133,false,false,hub,hub
target/2b-adrenoceptor,target/pncb,390,0.5132,false,false,hub,hub
target/abcb1,target/alpha-2b-adrenergic-receptor,390,0.5132,false,false,hub,hub
target/angiogenesis,target/mu-type-opioid-receptor,390,0.5132,false,false,hub,hub
target/apj,target/pncb,390,0.5132,false,false,hub,hub
target/asic3,target/trace-amine-associated-receptor-1,390,0.5132,false,false,hub,hub
target/beta-2-adrenergic-receptor-beta-2-adrenergic-receptor,target/plasmodium-falciparum,390,0.5132,false,false,hub,hub
target/beta-amyloid-a4-protein,target/cytochrome-p450-1a1,390,0.5132,false,false,hub,hub
target/bmx,target/kir2-3,390,0.5132,false,false,hub,hub
target/cyclin-dependent-kinase-2-cyclin-e,target/kir2-3,390,0.5132,false,false,hub,hub
target/gper1,target/lt4r2,390,0.5132,false,false,hub,hub
target/hepatitis-c-virus,target/trace-amine-associated-receptor-1,390,0.5132,false,false,hub,hub
target/pgrc1,target/serotonin-1b-receptor,390,0.5132,false,false,hub,hub
target/abcg2,target/fpr1,390,0.5131,false,false,hub,hub
target/alpha-2a-adrenergic-receptor-alpha-2a-adrenergic-receptor,target/gaba-a-receptor-agonist-gaba-site,390,0.5131,false,false,hub,hub
target/amine-oxidase-flavin-containing-a,target/cyclin-dependent-kinase-8,390,0.5131,false,false,hub,hub
target/angiogenesis,target/platelet-activating-factor-receptor,390,0.5131,false,false,hub,hub
target/catechol-o-methyltransferase,target/muscarinic-acetylcholine-receptor-m4,390,0.5131,false,false,hub,hub
target/dopamine-beta-hydroxylase,target/scn1b,390,0.5131,false,false,hub,hub
target/hepatitis-c-virus,target/pncb,390,0.5131,false,false,hub,hub
target/kir2-3,target/sodium-glucose-cotransporter-2-sodium-glucose-cotransporter-2,390,0.5131,false,false,hub,hub
target/kpym,target/streptococcus-pneumoniae,390,0.5131,false,false,hub,hub
target/m3k7,target/thiazide-sensitive-sodium-chloride-cotransporter,390,0.5131,false,false,hub,hub
target/m5-receptor,target/plasmodium-falciparum,390,0.5131,false,false,hub,hub
target/prostaglandin-biosynthetic-process,target/prostaglandin-secretion,390,0.5131,false,false,hub,hub
target/rxfp1,target/urok,390,0.5131,false,false,hub,hub
target/5ht1f,target/alpha-2b-adrenergic-receptor,390,0.513,false,false,hub,hub
target/abl2,target/tspo,390,0.513,false,false,hub,hub
target/acyl-coenzyme-a-cholesterol-acyltransferase-1,target/vrac,390,0.513,false,false,hub,hub
target/aldo-keto-reductase-family-1-member-b,target/dopamine-beta-hydroxylase,390,0.513,false,false,hub,hub
target/alpha-2b-adrenergic-receptor,target/kcnq1,390,0.513,false,false,hub,hub
target/arachidonate-5-lipoxygenase,target/kir2-3,390,0.513,false,false,hub,hub
target/aryl-hydrocarbon-receptor,target/kv11-1,390,0.513,false,false,hub,hub
target/asic3,target/hepatitis-b-virus,390,0.513,false,false,hub,hub
target/beta-1-adrenergic-receptor-beta-1-adrenergic-receptor,target/hmdh,390,0.513,false,false,hub,hub
target/catechol-o-methyltransferase,target/serum-albumin,390,0.513,false,false,hub,hub
target/fpr1,target/mmp12,390,0.513,false,false,hub,hub
target/gprc6,target/pgrc1,390,0.513,false,false,hub,hub
target/h2-receptor,target/pregnane-x-receptor,390,0.513,false,false,hub,hub
target/hepatitis-b-virus,target/hepatitis-c-virus,390,0.513,false,false,hub,hub
target/hepatitis-b-virus,target/monoamine-oxidase-b,390,0.513,false,false,hub,hub
target/hmdh,target/ngf,390,0.513,false,false,hub,hub
target/human-immunodeficiency-virus-type-1-protease,target/monoamine-oxidase-b,390,0.513,false,false,hub,hub
target/human-immunodeficiency-virus-type-1-protease,target/thromboxane-a2-receptor,390,0.513,false,false,hub,hub
target/2b-adrenoceptor,target/d1-receptor,390,0.5129,false,false,hub,hub
target/abl2,target/alpha-2b-adrenergic-receptor,390,0.5129,false,false,hub,hub
target/asic3,target/prostaglandin-secretion,390,0.5129,false,false,hub,hub
target/bmx,target/tlr4,390,0.5129,false,false,hub,hub
target/carbonic-anhydrase-xii,target/kir2-3,390,0.5129,false,false,hub,hub
target/cyclin-dependent-kinase-8,target/sstr3,390,0.5129,false,false,hub,hub
target/cyp11b1,target/hdac9,390,0.5129,false,false,hub,hub
target/hepatitis-b-virus,target/kv11-1,390,0.5129,false,false,hub,hub
target/hepg2,target/neprilysin,390,0.5129,false,false,hub,hub
target/hypoxia-inducible-factor-1-alpha,target/mmp13-mmp13,390,0.5129,false,false,hub,hub
target/lt4r2,target/scn1b,390,0.5129,false,false,hub,hub
target/m3k7,target/tspo,390,0.5129,false,false,hub,hub
target/map2,target/serotonin-3-receptor-chembl2111332,390,0.5129,false,false,hub,hub
target/ren,target/vitamin-d-receptor,390,0.5129,false,false,hub,hub
target/acetylcholinesterase-acetylcholinesterase,target/serotonin-1d-receptor,390,0.5128,false,false,hub,hub
target/alpha-2b-adrenergic-receptor,target/serotonin-2-receptor-chembl2095200,390,0.5128,false,false,hub,hub
target/amine-oxidase-flavin-containing-a,target/camp-dependent-protein-kinase,390,0.5128,false,false,hub,hub
target/amine-oxidase-flavin-containing-a,target/serotonin-2-receptor-chembl2095200,390,0.5128,false,false,hub,hub
target/arachidonate-5-lipoxygenase-arachidonate-5-lipoxygenase,target/c-jun-n-terminal-kinase-1,390,0.5128,false,false,hub,hub
target/arachidonate-5-lipoxygenase-arachidonate-5-lipoxygenase,target/xanthine-dehydrogenase,390,0.5128,false,false,hub,hub
target/beta-2-adrenergic-receptor-beta-2-adrenergic-receptor,target/integrin-alpha-iib-beta-3,390,0.5128,false,false,hub,hub
target/camp-dependent-protein-kinase,target/mmp13-mmp13,390,0.5128,false,false,hub,hub
target/gdf8,target/tspo,390,0.5128,false,false,hub,hub
target/hepatocyte-growth-factor-receptor-hepatocyte-growth-factor-receptor,target/serotonin-3-receptor-chembl2111332,390,0.5128,false,false,hub,hub
target/monoamine-oxidase-a,target/plasmodium-falciparum,390,0.5128,false,false,hub,hub
target/monoamine-oxidase-a,target/serotonin-1d-receptor,390,0.5128,false,false,hub,hub
target/peroxisome-proliferator-activated-receptor-alpha-peroxisome-proliferator-activated-receptor-alpha,target/serotonin-3-receptor-chembl2111332,390,0.5128,false,false,hub,hub
target/q9z1j7,target/rxfp1,390,0.5128,false,false,hub,hub
target/aldo-keto-reductase-family-1-member-b,target/pgrc1,390,0.5127,false,false,hub,hub
target/catechol-o-methyltransferase,target/serotonin-2a-receptor-chembl322,390,0.5127,false,false,hub,hub
target/hepatitis-b-virus,target/leukocyte-elastase,390,0.5127,false,false,hub,hub
target/human-immunodeficiency-virus-type-1-protease,target/leukocyte-elastase,390,0.5127,false,false,hub,hub
target/kpym,target/muscarinic-acetylcholine-receptor-m4,390,0.5127,false,false,hub,hub
target/monoamine-oxidase-a,target/protein-farnesyltransferase,390,0.5127,false,false,hub,hub
target/mycobacterium-tuberculosis,target/scn1b,390,0.5127,false,false,hub,hub
target/nitric-oxide-synthase-inducible,target/sc6a9,390,0.5127,false,false,hub,hub
target/plasmodium-falciparum,target/serotonin-1d-receptor,390,0.5127,false,false,hub,hub
target/pregnane-x-receptor,target/sodium-glucose-cotransporter-2-sodium-glucose-cotransporter-2,390,0.5127,false,false,hub,hub
target/adrenergic-receptor-alpha-1,target/plasmodium-falciparum,390,0.5126,false,false,hub,hub
target/adrenergic-receptor-alpha-1,target/serotonin-1d-receptor,390,0.5126,false,false,hub,hub
target/adrenergic-receptor-alpha-2,target/prostaglandin-biosynthetic-process,390,0.5126,false,false,hub,hub
target/alpha-2b-adrenergic-receptor,target/anandamide-amidohydrolase,390,0.5126,false,false,hub,hub
target/aoc3,target/cyp11b1,390,0.5126,false,false,hub,hub
target/aryl-hydrocarbon-receptor-aryl-hydrocarbon-receptor,target/sodium-glucose-cotransporter-2-sodium-glucose-cotransporter-2,390,0.5126,false,false,hub,hub
target/c-jun-n-terminal-kinase-1,target/catechol-o-methyltransferase,390,0.5126,false,false,hub,hub
target/carbonic-anhydrase-xii,target/hepatitis-b-virus,390,0.5126,false,false,hub,hub
target/cathepsin-k,target/neprilysin,390,0.5126,false,false,hub,hub
target/cyclooxygenase,target/pncb,390,0.5126,false,false,hub,hub
target/cysteinyl-leukotriene-receptor-1,target/pncb,390,0.5126,false,false,hub,hub
target/histamine-h2-receptor,target/prostaglandin-secretion,390,0.5126,false,false,hub,hub
target/hmg-coa-reductase,target/human-immunodeficiency-virus-type-1-protease,390,0.5126,false,false,hub,hub
target/integrin-alpha-iib-beta-3,target/q9z1j7,390,0.5126,false,false,hub,hub
target/kcma1,target/pregnane-x-receptor,390,0.5126,false,false,hub,hub
target/ks6a1,target/pgrc1,390,0.5126,false,false,hub,hub
target/serotonin-2a-receptor-chembl322,target/serotonin-3-receptor,390,0.5126,false,false,hub,hub
target/alpha-2a-adrenergic-receptor-alpha-2a-adrenergic-receptor,target/dopamine-receptor,390,0.5125,false,false,hub,hub
target/angiogenesis,target/d1-receptor,390,0.5125,false,false,hub,hub
target/angiogenesis,target/m2-receptor,390,0.5125,false,false,hub,hub
target/apoptosis-regulator-bcl-2,target/cysteinyl-leukotriene-receptor-1,390,0.5125,false,false,hub,hub
target/aryl-hydrocarbon-receptor-aryl-hydrocarbon-receptor,target/mu-type-opioid-receptor,390,0.5125,false,false,hub,hub
target/at1a2,target/mtlr,390,0.5125,false,false,hub,hub
target/beta-amyloid-a4-protein,target/m3k7,390,0.5125,false,false,hub,hub
target/camp-dependent-protein-kinase,target/phosphodiesterase-4a,390,0.5125,false,false,hub,hub
target/comt,target/serotonin-7-receptor,390,0.5125,false,false,hub,hub
target/gaba-a-receptor-agonist-gaba-site,target/thromboxane-a2-receptor,390,0.5125,false,false,hub,hub
target/mycobacterium-tuberculosis-h37rv,target/neuronal-acetylcholine-receptor-alpha3-beta4,390,0.5125,false,false,hub,hub
target/peroxisome-proliferator-activated-receptor-alpha-peroxisome-proliferator-activated-receptor-alpha,target/pregnane-x-receptor,390,0.5125,false,false,hub,hub
target/2b-adrenoceptor,target/neprilysin,390,0.5124,false,false,hub,hub
target/adrenergic-receptor-alpha-2,target/hepatitis-c-virus,390,0.5124,false,false,hub,hub
target/cac1a,target/rxfp1,390,0.5124,false,false,hub,hub
target/cox-2,target/q9z1j7,390,0.5124,false,false,hub,hub
target/cyclin-dependent-kinase-2-cyclin-e,target/gaba-a-receptor-agonist-gaba-site,390,0.5124,false,false,hub,hub
target/dopamine-beta-hydroxylase,target/vrac,390,0.5124,false,false,hub,hub
target/kca2-2,target/p2y2-receptor,390,0.5124,false,false,hub,hub
target/sc6a9,target/tspo,390,0.5124,false,false,hub,hub
target/serum-albumin,target/type-1-angiotensin-ii-receptor-type-1-angiotensin-ii-receptor,390,0.5124,false,false,hub,hub
target/abcg2,target/t2r46,390,0.5123,false,false,hub,hub
target/acetylcholinesterase-acetylcholinesterase,target/thiazide-sensitive-sodium-chloride-cotransporter,390,0.5123,false,false,hub,hub
target/alpha-1a-adrenergic-receptor,target/mycobacterium-tuberculosis-h37rv,390,0.5123,false,false,hub,hub
target/amine-oxidase-flavin-containing-a,target/serotonin-2b-receptor,390,0.5123,false,false,hub,hub
target/aoc3,target/lt4r2,390,0.5123,false,false,hub,hub
target/aoc3,target/rorg,390,0.5123,false,false,hub,hub
target/at1-receptor,target/h2-receptor,390,0.5123,false,false,hub,hub
target/ctla4,target/pgrc1,390,0.5123,false,false,hub,hub
target/dopamine-beta-hydroxylase,target/tysy,390,0.5123,false,false,hub,hub
target/kcnk2,target/m5-receptor,390,0.5123,false,false,hub,hub
target/kcnk2,target/rir1,390,0.5123,false,false,hub,hub
target/kpym,target/nitric-oxide-synthase-inducible,390,0.5123,false,false,hub,hub
target/lipid-oxidation,target/pregnane-x-receptor,390,0.5123,false,false,hub,hub
target/lt4r2,target/urok,390,0.5123,false,false,hub,hub
target/mycobacterium-tuberculosis,target/sulfonylurea-receptors-k-atp-channels,390,0.5123,false,false,hub,hub
target/sc6a9,target/sstr3,390,0.5123,false,false,hub,hub
target/serotonin-3-receptor,target/tspo,390,0.5123,false,false,hub,hub
target/aoxa,target/estrogen-receptor-2,390,0.5122,false,false,hub,hub
target/comt,target/thromboxane-a2-receptor,390,0.5122,false,false,hub,hub
target/cp51,target/q38720,390,0.5122,false,false,hub,hub
target/cp51,target/t2r46,390,0.5122,false,false,hub,hub
target/cyclin-dependent-kinase-2-cyclin-e,target/vrac,390,0.5122,false,false,hub,hub
target/dopamine-beta-hydroxylase,target/pdpk1,390,0.5122,false,false,hub,hub
target/glun1,target/thiazide-sensitive-sodium-chloride-cotransporter,390,0.5122,false,false,hub,hub
target/hepatocyte-growth-factor-receptor-hepatocyte-growth-factor-receptor,target/hmdh,390,0.5122,false,false,hub,hub
target/histamine-h1-receptor-histamine-h1-receptor-hrh1-human,target/pgrc1,390,0.5122,false,false,hub,hub
target/kcna5,target/q38720,390,0.5122,false,false,hub,hub
target/lipid-metabolic-process,target/pgrc1,390,0.5122,false,false,hub,hub
target/mapk-signaling-pathway,target/vitamin-d-receptor,390,0.5122,false,false,hub,hub
target/sstr3,target/streptococcus-pneumoniae,390,0.5122,false,false,hub,hub
target/5-ht5a-receptor,target/serotonin-7-receptor,390,0.5121,false,false,hub,hub
target/abcb1,target/hepatitis-b-virus,390,0.5121,false,false,hub,hub
target/aldo-keto-reductase-family-1-member-b,target/tlr4,390,0.5121,false,false,hub,hub
target/alpha-2a-adrenergic-receptor-alpha-2a-adrenergic-receptor,target/cell-proliferation,390,0.5121,false,false,hub,hub
target/aryl-hydrocarbon-receptor,target/clk1,390,0.5121,false,false,hub,hub
target/casp1,target/vrac,390,0.5121,false,false,hub,hub
target/cytochrome-p450-1a1,target/sulfonylurea-receptors-k-atp-channels,390,0.5121,false,false,hub,hub
target/lyn,target/yes,390,0.5121,false,false,hub,hub
target/matrix-metalloproteinase-1,target/vrac,390,0.5121,false,false,hub,hub
target/matrix-metalloproteinase-13,target/neprilysin,390,0.5121,false,false,hub,hub
target/monoamine-oxidase,target/streptococcus-pneumoniae,390,0.5121,false,false,hub,hub
target/5ht1f,target/hepatitis-b-virus,390,0.512,false,false,hub,hub
target/5ht1f,target/human-immunodeficiency-virus-type-1-protease,390,0.512,false,false,hub,hub
target/5ht1f,target/tlr4,390,0.512,false,false,hub,hub
target/abcg2,target/mmp13-mmp13,390,0.512,false,false,hub,hub
target/adrenergic-receptor-alpha-1,target/amine-oxidase-flavin-containing-a,390,0.512,false,false,hub,hub
target/aldo-keto-reductase-family-1-member-b,target/aryl-hydrocarbon-receptor-aryl-hydrocarbon-receptor,390,0.512,false,false,hub,hub
target/aldo-keto-reductase-family-1-member-b,target/pregnane-x-receptor,390,0.512,false,false,hub,hub
target/at1a2,target/m3k7,390,0.512,false,false,hub,hub
target/beta-amyloid-a4-protein,target/catechol-o-methyltransferase,390,0.512,false,false,hub,hub
target/cell-proliferation,target/mmp13-mmp13,390,0.512,false,false,hub,hub
target/cell-proliferation,target/trpc4,390,0.512,false,false,hub,hub
target/comt,target/map2,390,0.512,false,false,hub,hub
target/cyp11b1,target/glun1,390,0.512,false,false,hub,hub
target/cyp11b1,target/serotonin-1d-receptor,390,0.512,false,false,hub,hub
target/cysteinyl-leukotriene-receptor-1,target/sulfonylurea-receptors-k-atp-channels,390,0.512,false,false,hub,hub
target/d1-receptor,target/human-immunodeficiency-virus-type-1-protease,390,0.512,false,false,hub,hub
target/glun1,target/serotonin-7-receptor,390,0.512,false,false,hub,hub
target/hepatitis-b-virus,target/kcnq1,390,0.512,false,false,hub,hub
target/histamine-h1-receptor-histamine-h1-receptor-hrh1-human,target/kir2-3,390,0.512,false,false,hub,hub
target/il13,target/q9z1j7,390,0.512,false,false,hub,hub
target/integrin-alpha-iib-beta-3,target/trpv3,390,0.512,false,false,hub,hub
target/leukocyte-elastase,target/neprilysin,390,0.512,false,false,hub,hub
target/m5-receptor,target/tpa,390,0.512,false,false,hub,hub
target/monoamine-oxidase-a,target/sstr3,390,0.512,false,false,hub,hub
target/plasmodium-falciparum,target/tspo,390,0.512,false,false,hub,hub
target/ren,target/tlr4,390,0.512,false,false,hub,hub
target/acetylcholinesterase-acetylcholinesterase,target/dopamine-beta-hydroxylase,390,0.5119,false,false,hub,hub
target/adrenergic-receptor-alpha-1,target/sstr3,390,0.5119,false,false,hub,hub
target/alpha-1a-adrenergic-receptor,target/hmdh,390,0.5119,false,false,hub,hub
target/cac1a,target/kcnk2,390,0.5119,false,false,hub,hub
target/co5,target/comt,390,0.5119,false,false,hub,hub
target/cyclin-dependent-kinase-8,target/mycobacterium-tuberculosis-h37rv,390,0.5119,false,false,hub,hub
target/glun1,target/prostaglandin-biosynthetic-process,390,0.5119,false,false,hub,hub
target/glun1,target/vitamin-d-receptor,390,0.5119,false,false,hub,hub
target/gper1,target/vrac,390,0.5119,false,false,hub,hub
target/hmdh,target/p2y12,390,0.5119,false,false,hub,hub
target/integrin-alpha-iib-beta-3,target/neurotrophic-receptor-tyrosine-kinase-3,390,0.5119,false,false,hub,hub
target/kcnq1,target/pregnane-x-receptor,390,0.5119,false,false,hub,hub
target/kir2-3,target/urok,390,0.5119,false,false,hub,hub
target/muscarinic-acetylcholine-receptor-m4,target/prostaglandin-biosynthetic-process,390,0.5119,false,false,hub,hub
target/plasmodium-falciparum,target/sstr3,390,0.5119,false,false,hub,hub
target/serotonin-2-receptor-chembl2095200,target/serotonin-3-receptor-chembl2111332,390,0.5119,false,false,hub,hub
target/2b-adrenoceptor,target/topoisomerase-iv,390,0.5118,false,false,hub,hub
target/adrenergic-receptor-alpha-2,target/pncb,390,0.5118,false,false,hub,hub
target/apj,target/cac1a,390,0.5118,false,false,hub,hub
target/apj,target/serotonin-1d-receptor,390,0.5118,false,false,hub,hub
target/arachidonate-5-lipoxygenase-arachidonate-5-lipoxygenase,target/kca2-2,390,0.5118,false,false,hub,hub
target/aryl-hydrocarbon-receptor,target/null,390,0.5118,false,false,hub,hub
target/catechol-o-methyltransferase,target/hepatocyte-growth-factor-receptor-hepatocyte-growth-factor-receptor,390,0.5118,false,false,hub,hub
target/catechol-o-methyltransferase,target/peroxisome-proliferator-activated-receptor-alpha-peroxisome-proliferator-activated-receptor-alpha,390,0.5118,false,false,hub,hub
target/clk1,target/ks6a1,390,0.5118,false,false,hub,hub
target/cltr2,target/pgrc1,390,0.5118,false,false,hub,hub
target/ctla4,target/tlr4,390,0.5118,false,false,hub,hub
target/cyclin-dependent-kinase-8,target/d1-receptor,390,0.5118,false,false,hub,hub
target/cyclin-dependent-kinase-8,target/m2-receptor,390,0.5118,false,false,hub,hub
target/hmdh,target/progesterone-receptor-progesterone-receptor-prgr-human,390,0.5118,false,false,hub,hub
target/ita4,target/rara,390,0.5118,false,false,hub,hub
target/kcna5,target/vitamin-d-receptor,390,0.5118,false,false,hub,hub
target/lat1,target/pgrc1,390,0.5118,false,false,hub,hub
target/lipid-metabolic-process,target/pncb,390,0.5118,false,false,hub,hub
target/lipid-oxidation,target/vrac,390,0.5118,false,false,hub,hub
target/m5-receptor,target/mycobacterium-tuberculosis,390,0.5118,false,false,hub,hub
target/scn1b,target/sulfonylurea-receptors-k-atp-channels,390,0.5118,false,false,hub,hub
target/acetylcholinesterase-acetylcholinesterase,target/cyclin-dependent-kinase-2-cyclin-e,390,0.5117,false,false,hub,hub
target/amine-oxidase-flavin-containing-a,target/hepg2,390,0.5117,false,false,hub,hub
target/cltr2,target/hyes,390,0.5117,false,false,hub,hub
target/cyp11b1,target/net,390,0.5117,false,false,hub,hub
target/cyp11b1,target/type-1-angiotensin-ii-receptor-type-1-angiotensin-ii-receptor,390,0.5117,false,false,hub,hub
target/cysteinyl-leukotriene-receptor-1,target/p53-binding-protein-mdm-2,390,0.5117,false,false,hub,hub
target/gaba-a-receptor-agonist-gaba-site,target/mycobacterium-tuberculosis-h37rv,390,0.5117,false,false,hub,hub
target/histamine-h2-receptor,target/streptococcus-pneumoniae,390,0.5117,false,false,hub,hub
target/kir2-3,target/serotonin-2-receptor,390,0.5117,false,false,hub,hub
target/muscarinic-acetylcholine-receptor-m4,target/tpa,390,0.5117,false,false,hub,hub
target/neurotrophic-receptor-tyrosine-kinase-3,target/tspo,390,0.5117,false,false,hub,hub
target/null,target/serotonin-3-receptor-chembl2111332,390,0.5117,false,false,hub,hub
target/p2y12,target/vrac,390,0.5117,false,false,hub,hub
target/pd2r,target/scn1b,390,0.5117,false,false,hub,hub
target/serotonin-1b-receptor,target/serotonin-3-receptor,390,0.5117,false,false,hub,hub
target/5-hydroxytryptamine-receptor-1a,target/serotonin-7-receptor,390,0.5116,false,false,hub,hub
target/abcb1,target/hmdh,390,0.5116,false,false,hub,hub
target/acha,target/vitamin-d-receptor,390,0.5116,false,false,hub,hub
target/amp-activated-protein-kinase-ampk,target/comt,390,0.5116,false,false,hub,hub
target/anandamide-amidohydrolase,target/hepatitis-b-virus,390,0.5116,false,false,hub,hub
target/anandamide-amidohydrolase,target/human-immunodeficiency-virus-type-1-protease,390,0.5116,false,false,hub,hub
target/aoxa,target/ren,390,0.5116,false,false,hub,hub
target/bmx,target/muscarinic-acetylcholine-receptor-m4,390,0.5116,false,false,hub,hub
target/cysteinyl-leukotriene-receptor-1,target/macrophage-stimulating-protein-receptor,390,0.5116,false,false,hub,hub
target/cytochrome-p450-1a1,target/serotonin-3-receptor,390,0.5116,false,false,hub,hub
target/enpp2,target/tlr4,390,0.5116,false,false,hub,hub
target/histamine-h1-receptor-histamine-h1-receptor-hrh1-human,target/prostaglandin-secretion,390,0.5116,false,false,hub,hub
target/hmdh,target/taar1,390,0.5116,false,false,hub,hub
target/kcna5,target/lt4r2,390,0.5116,false,false,hub,hub
target/klrba,target/scn1b,390,0.5116,false,false,hub,hub
target/macrophage-stimulating-protein-receptor,target/serotonin-3-receptor-chembl2111332,390,0.5116,false,false,hub,hub
target/mmp13-mmp13,target/thiazide-sensitive-sodium-chloride-cotransporter,390,0.5116,false,false,hub,hub
target/monoamine-oxidase-a,target/pgrc1,390,0.5116,false,false,hub,hub
target/mycobacterium-tuberculosis-h37rv,target/smooth-muscle-contraction,390,0.5116,false,false,hub,hub
target/net,target/vitamin-d-receptor,390,0.5116,false,false,hub,hub
target/pgrc1,target/slc22a12,390,0.5116,false,false,hub,hub
target/2b-adrenoceptor,target/reactive-oxygen-species-biosynthetic-process,390,0.5115,false,false,hub,hub
target/abl2,target/aoxa,390,0.5115,false,false,hub,hub
target/alpha-2a-adrenergic-receptor,target/hepatitis-b-virus,390,0.5115,false,false,hub,hub
target/atm,target/rorg,390,0.5115,false,false,hub,hub
target/beta-2-adrenergic-receptor-beta-2-adrenergic-receptor,target/mycobacterium-tuberculosis-h37rv,390,0.5115,false,false,hub,hub
target/c-jun-n-terminal-kinase-1,target/mk10,390,0.5115,false,false,hub,hub
target/c-jun-n-terminal-kinase-1,target/prostaglandin-biosynthetic-process,390,0.5115,false,false,hub,hub
target/cell-proliferation,target/opioid-receptors-mu-kappa-delta,390,0.5115,false,false,hub,hub
target/comt,target/human-immunodeficiency-virus-type-1-protease,390,0.5115,false,false,hub,hub
target/d1-receptor,target/hmdh,390,0.5115,false,false,hub,hub
target/dopamine-beta-hydroxylase,target/reactive-oxygen-species-biosynthetic-process,390,0.5115,false,false,hub,hub
target/histamine-h1-receptor-histamine-h1-receptor,target/nitric-oxide-synthase-inducible,390,0.5115,false,false,hub,hub
target/hmdh,target/m2-receptor,390,0.5115,false,false,hub,hub
target/kcnk2,target/kpcd1,390,0.5115,false,false,hub,hub
target/mmp12,target/tpa,390,0.5115,false,false,hub,hub
target/mu-type-opioid-receptor,target/serotonin-1d-receptor,390,0.5115,false,false,hub,hub
target/neprilysin,target/scn1b,390,0.5115,false,false,hub,hub
target/psb8,target/vitamin-d-receptor,390,0.5115,false,false,hub,hub
target/alpha-2b-adrenergic-receptor,target/beta-1-adrenergic-receptor-beta-1-adrenergic-receptor,390,0.5114,false,false,hub,hub
target/dopamine-beta-hydroxylase,target/xanthine-dehydrogenase,390,0.5114,false,false,hub,hub
target/hepatocyte-growth-factor-receptor-hepatocyte-growth-factor-receptor,target/protein-farnesyltransferase,390,0.5114,false,false,hub,hub
target/pgrc1,target/serum-albumin,390,0.5114,false,false,hub,hub
target/sstr3,target/thiazide-sensitive-sodium-chloride-cotransporter,390,0.5114,false,false,hub,hub
target/angiogenesis,target/cac1a,390,0.5113,false,false,hub,hub
target/aoc3,target/clk1,390,0.5113,false,false,hub,hub
target/atm,target/kcma1,390,0.5113,false,false,hub,hub
target/catechol-o-methyltransferase,target/tlr4,390,0.5113,false,false,hub,hub
target/cell-proliferation,target/mu-type-opioid-receptor,390,0.5113,false,false,hub,hub
target/fyn,target/hck,390,0.5113,false,false,hub,hub
target/kna1-2,target/p2y2-receptor,390,0.5113,false,false,hub,hub
target/mrp1,target/pncb,390,0.5113,false,false,hub,hub
target/pgrc1,target/protein-farnesyltransferase,390,0.5113,false,false,hub,hub
target/pncb,target/serotonin-3-receptor,390,0.5113,false,false,hub,hub
target/psb8,target/tpa,390,0.5113,false,false,hub,hub
target/ren,target/vrac,390,0.5113,false,false,hub,hub
target/alpha-2a-adrenergic-receptor-alpha-2a-adrenergic-receptor,target/opioid-receptors-mu-kappa-delta,390,0.5112,false,false,hub,hub
target/bmr1b,target/kcna5,390,0.5112,false,false,hub,hub
target/comt,target/cyclin-dependent-kinase-8,390,0.5112,false,false,hub,hub
target/cysltr1,target/hmdh,390,0.5112,false,false,hub,hub
target/cytochrome-p450-1a1,target/cytochrome-p450-2c19,390,0.5112,false,false,hub,hub
target/pgrc1,target/trpv3,390,0.5112,false,false,hub,hub
target/phosphodiesterase-4a,target/thiazide-sensitive-sodium-chloride-cotransporter,390,0.5112,false,false,hub,hub
target/serotonin-2a-receptor-chembl322,target/thromboxane-a2-receptor,390,0.5112,false,false,hub,hub
class/a02ad,class/a02bx,390,0.5111,false,false,hub,hub
target/2b-adrenoceptor,target/cyp11b1,390,0.5111,false,false,hub,hub
target/5-hydroxytryptamine-receptor-1a,target/angiogenesis,390,0.5111,false,false,hub,hub
target/aryl-hydrocarbon-receptor-aryl-hydrocarbon-receptor,target/q9z1j7,390,0.5111,false,false,hub,hub
target/beta-amyloid-a4-protein,target/integrin-alpha-iib-beta-3,390,0.5111,false,false,hub,hub
target/casp1,target/nitric-oxide-synthase-inducible,390,0.5111,false,false,hub,hub
target/cell-growth,target/histamine-h2-receptor,390,0.5111,false,false,hub,hub
target/cyp11b1,target/vitamin-d-receptor,390,0.5111,false,false,hub,hub
target/histamine-h1-receptor-histamine-h1-receptor-hrh1-human,target/null,390,0.5111,false,false,hub,hub
target/matrix-metalloproteinase-13,target/thiazide-sensitive-sodium-chloride-cotransporter,390,0.5111,false,false,hub,hub
target/serotonin-2-receptor-chembl2095200,target/vrac,390,0.5111,false,false,hub,hub
target/serotonin-3-receptor-chembl2111332,target/topoisomerase-iv,390,0.5111,false,false,hub,hub
target/2b-adrenoceptor,target/kcnk2,390,0.511,false,false,hub,hub
target/5ht1f,target/q9z1j7,390,0.511,false,false,hub,hub
target/acetylcholinesterase-acetylcholinesterase,target/mycobacterium-tuberculosis-h37rv,390,0.511,false,false,hub,hub
target/acetylcholinesterase-acetylcholinesterase,target/prostaglandin-secretion,390,0.511,false,false,hub,hub
target/alpha-2a-adrenergic-receptor-alpha-2a-adrenergic-receptor,target/map-kinase-p38-beta,390,0.511,false,false,hub,hub
target/alpha-2a-adrenergic-receptor-alpha-2a-adrenergic-receptor,target/mu-type-opioid-receptor,390,0.511,false,false,hub,hub
target/amine-oxidase-flavin-containing-a,target/il13,390,0.511,false,false,hub,hub
target/aoc3,target/urok,390,0.511,false,false,hub,hub
target/d1-receptor,target/serotonin-3-receptor,390,0.511,false,false,hub,hub
target/dopamine-beta-hydroxylase,target/prostaglandin-biosynthetic-process,390,0.511,false,false,hub,hub
target/glun1,target/human-immunodeficiency-virus-type-1-protease,390,0.511,false,false,hub,hub
target/histamine-h1-receptor-histamine-h1-receptor-hrh1-human,target/neprilysin,390,0.511,false,false,hub,hub
target/hmdh,target/lag3,390,0.511,false,false,hub,hub
target/kir2-3,target/rxfp1,390,0.511,false,false,hub,hub
target/mdr1a,target/thiazide-sensitive-sodium-chloride-cotransporter,390,0.511,false,false,hub,hub
target/mmp13-mmp13,target/opioid-receptors-mu-kappa-delta,390,0.511,false,false,hub,hub
target/monoamine-oxidase,target/sstr3,390,0.511,false,false,hub,hub
target/neprilysin,target/serotonin-2-receptor-chembl2095200,390,0.511,false,false,hub,hub
target/ngf,target/pgrc1,390,0.511,false,false,hub,hub
target/prostaglandin-biosynthetic-process,target/vitamin-d-receptor,390,0.511,false,false,hub,hub
target/urok,target/vrac,390,0.511,false,false,hub,hub
target/alpha-2b-adrenergic-receptor,target/il13,390,0.5109,false,false,hub,hub
target/angiogenesis,target/at1a1,390,0.5109,false,false,hub,hub
target/aryl-hydrocarbon-receptor,target/pde9a,390,0.5109,false,false,hub,hub
target/erbb4,target/receptor-tyrosine-protein-kinase-erbb-4,390,0.5109,false,false,hub,hub
target/hepatocyte-growth-factor-receptor-hepatocyte-growth-factor-receptor,target/integrin-alpha-iib-beta-3,390,0.5109,false,false,hub,hub
target/histone-deacetylase-8,target/hmdh,390,0.5109,false,false,hub,hub
target/hmdh,target/sc6a9,390,0.5109,false,false,hub,hub
target/matrix-metalloproteinase-13,target/tspo,390,0.5109,false,false,hub,hub
target/nitric-oxide-synthase-inducible,target/t2r39,390,0.5109,false,false,hub,hub
target/p2y2-receptor,target/plasmodium-falciparum,390,0.5109,false,false,hub,hub
target/p2y2-receptor,target/serotonin-1d-receptor,390,0.5109,false,false,hub,hub
target/2b-adrenoceptor,target/beta-amyloid-a4-protein,390,0.5108,false,false,hub,hub
target/2b-adrenoceptor,target/bmx,390,0.5108,false,false,hub,hub
target/5ht1f,target/monoamine-oxidase-a,390,0.5108,false,false,hub,hub
target/abcb1,target/glun1,390,0.5108,false,false,hub,hub
target/acyl-coenzyme-a-cholesterol-acyltransferase-1,target/serotonin-3-receptor-chembl2111332,390,0.5108,false,false,hub,hub
target/aldo-keto-reductase-family-1-member-b,target/finc,390,0.5108,false,false,hub,hub
target/angiogenesis,target/gamma-aminobutyric-acid-receptor-subunit-alpha-1,390,0.5108,false,false,hub,hub
target/apj,target/lt4r2,390,0.5108,false,false,hub,hub
target/aryl-hydrocarbon-receptor-aryl-hydrocarbon-receptor,target/serum-albumin,390,0.5108,false,false,hub,hub
target/c-jun-n-terminal-kinase-1,target/kir2-3,390,0.5108,false,false,hub,hub
target/comt,target/lag3,390,0.5108,false,false,hub,hub
target/cysteinyl-leukotriene-receptor-1,target/hepg2,390,0.5108,false,false,hub,hub
target/cysteinyl-leukotriene-receptor-1,target/neurotrophic-receptor-tyrosine-kinase-3,390,0.5108,false,false,hub,hub
target/dopamine-beta-hydroxylase,target/tpa,390,0.5108,false,false,hub,hub
target/hmdh,target/type-1-angiotensin-ii-receptor,390,0.5108,false,false,hub,hub
target/kcnj8,target/tspo,390,0.5108,false,false,hub,hub
target/kcnq1,target/kpym,390,0.5108,false,false,hub,hub
target/kpym,target/ren,390,0.5108,false,false,hub,hub
target/macrophage-stimulating-protein-receptor,target/vrac,390,0.5108,false,false,hub,hub
target/muscarinic-acetylcholine-receptor-m4,target/pregnane-x-receptor,390,0.5108,false,false,hub,hub
target/pgrc1,target/ptgfr,390,0.5108,false,false,hub,hub
target/5ht3c,target/hmdh,390,0.5107,false,false,hub,hub
target/alpha-2a-adrenergic-receptor-alpha-2a-adrenergic-receptor,target/kca2-2,390,0.5107,false,false,hub,hub
target/alpha-2b-adrenergic-receptor,target/neuronal-acetylcholine-receptor-alpha3-beta4,390,0.5107,false,false,hub,hub
target/asic3,target/hepatitis-c-virus,390,0.5107,false,false,hub,hub
target/casp1,target/sstr3,390,0.5107,false,false,hub,hub
target/cdc7,target/h2-receptor,390,0.5107,false,false,hub,hub
target/co5,target/tspo,390,0.5107,false,false,hub,hub
target/hepatocyte-growth-factor-receptor-hepatocyte-growth-factor-receptor,target/serotonin-7-receptor,390,0.5107,false,false,hub,hub
target/kca2-2,target/nitric-oxide-synthase-inducible,390,0.5107,false,false,hub,hub
target/kcnk2,target/mdr1a,390,0.5107,false,false,hub,hub
target/kir2-3,target/serotonin-2a-receptor-chembl322,390,0.5107,false,false,hub,hub
target/matrix-metalloproteinase-13,target/phosphodiesterase-4a,390,0.5107,false,false,hub,hub
target/mmp13-mmp13,target/mycobacterium-tuberculosis,390,0.5107,false,false,hub,hub
target/mmp2,target/mmp9,390,0.5107,false,false,hub,hub
target/monoamine-oxidase,target/sodium-glucose-cotransporter-2-sodium-glucose-cotransporter-2,390,0.5107,false,false,hub,hub
target/mycobacterium-tuberculosis,target/trpc4,390,0.5107,false,false,hub,hub
target/nitric-oxide-synthase-inducible,target/p2y12,390,0.5107,false,false,hub,hub
target/opioid-receptors-mu-kappa-delta,target/phosphodiesterase-4a,390,0.5107,false,false,hub,hub
target/q9z1j7,target/urok,390,0.5107,false,false,hub,hub
target/t2r39,target/tspo,390,0.5107,false,false,hub,hub
target/5-ht3a,target/kir2-3,390,0.5106,false,false,hub,hub
target/5-hydroxytryptamine-receptor-2a,target/comt,390,0.5106,false,false,hub,hub
target/acyl-coenzyme-a-cholesterol-acyltransferase-1,target/mycobacterium-tuberculosis-h37rv,390,0.5106,false,false,hub,hub
target/angiotensin-converting-enzyme-angiotensin-converting-enzyme-ace-human,target/prostaglandin-secretion,390,0.5106,false,false,hub,hub
target/arachidonate-5-lipoxygenase,target/phosphodiesterase-4a,390,0.5106,false,false,hub,hub
target/arachidonate-5-lipoxygenase-arachidonate-5-lipoxygenase,target/kna1-2,390,0.5106,false,false,hub,hub
target/at1-receptor,target/comt,390,0.5106,false,false,hub,hub
target/carbonic-anhydrase-xii,target/serotonin-7-receptor,390,0.5106,false,false,hub,hub
target/cdc7,target/lt4r2,390,0.5106,false,false,hub,hub
target/cell-growth,target/prostaglandin-secretion,390,0.5106,false,false,hub,hub
target/cyp11b1,target/nicotinic-acetylcholine-receptor-4-subunit,390,0.5106,false,false,hub,hub
target/glun1,target/m3k7,390,0.5106,false,false,hub,hub
target/hmdh,target/ptger1,390,0.5106,false,false,hub,hub
target/hypoxia-inducible-factor-1-alpha,target/monoamine-oxidase-a,390,0.5106,false,false,hub,hub
target/idhc,target/trpc4,390,0.5106,false,false,hub,hub
target/kpym,target/pd2r,390,0.5106,false,false,hub,hub
target/monoamine-oxidase,target/mu-type-opioid-receptor,390,0.5106,false,false,hub,hub
target/mu-type-opioid-receptor,target/prostaglandin-biosynthetic-process,390,0.5106,false,false,hub,hub
target/q38720,target/scn1b,390,0.5106,false,false,hub,hub
target/rara,target/tspo,390,0.5106,false,false,hub,hub
target/sstr3,target/t2r39,390,0.5106,false,false,hub,hub
target/sstr5,target/tlr4,390,0.5106,false,false,hub,hub
target/t2r31,target/tspo,390,0.5106,false,false,hub,hub
target/tlr4,target/type-1-angiotensin-ii-receptor-type-1-angiotensin-ii-receptor,390,0.5106,false,false,hub,hub
target/2b-adrenoceptor,target/cytochrome-p450-1a1,390,0.5105,false,false,hub,hub
target/angiogenesis,target/apj,390,0.5105,false,false,hub,hub
target/at1a1,target/scn1b,390,0.5105,false,false,hub,hub
target/bmr1b,target/kcnk2,390,0.5105,false,false,hub,hub
target/cp51,target/m3k7,390,0.5105,false,false,hub,hub
target/glun1,target/pd2r,390,0.5105,false,false,hub,hub
target/h2-receptor,target/pgrc1,390,0.5105,false,false,hub,hub
target/hmg-coa-reductase,target/tspo,390,0.5105,false,false,hub,hub
target/kcnk2,target/thas,390,0.5105,false,false,hub,hub
target/m2-receptor,target/neurotrophic-receptor-tyrosine-kinase-3,390,0.5105,false,false,hub,hub
target/muscarinic-acetylcholine-receptor-m4,target/pd2r,390,0.5105,false,false,hub,hub
target/mycobacterium-tuberculosis,target/sstr3,390,0.5105,false,false,hub,hub
target/ngf,target/tlr4,390,0.5105,false,false,hub,hub
target/p2y2-receptor,target/type-1-angiotensin-ii-receptor-type-1-angiotensin-ii-receptor,390,0.5105,false,false,hub,hub
target/peptidoglycan-biosynthesis,target/prostaglandin-biosynthetic-process,390,0.5105,false,false,hub,hub
target/pgrc1,target/prostaglandin-biosynthetic-process,390,0.5105,false,false,hub,hub
target/5-hydroxytryptamine-receptor-2a,target/streptococcus-pneumoniae,390,0.5104,false,false,hub,hub
target/abl2,target/t2r46,390,0.5104,false,false,hub,hub
target/at1a2,target/dopamine-beta-hydroxylase,390,0.5104,false,false,hub,hub
target/cdc7,target/kcnj8,390,0.5104,false,false,hub,hub
target/comt,target/mrp1,390,0.5104,false,false,hub,hub
target/comt,target/ptger1,390,0.5104,false,false,hub,hub
target/cytochrome-p450-1a1,target/hepatitis-c-virus,390,0.5104,false,false,hub,hub
target/hmg-coa-reductase,target/serotonin-7-receptor,390,0.5104,false,false,hub,hub
target/kcnk2,target/mtlr,390,0.5104,false,false,hub,hub
target/kna1-2,target/m5-receptor,390,0.5104,false,false,hub,hub
target/monoamine-oxidase-b,target/mycobacterium-tuberculosis,390,0.5104,false,false,hub,hub
target/p2y12,target/sstr3,390,0.5104,false,false,hub,hub
target/pe2r3,target/ptgfr,390,0.5104,false,false,hub,hub
target/pncb,target/trpc4,390,0.5104,false,false,hub,hub
target/2b-adrenoceptor,target/kca2-2,390,0.5103,false,false,hub,hub
target/acvr1,target/beta-amyloid-a4-protein,390,0.5103,false,false,hub,hub
target/asic3,target/gprc6,390,0.5103,false,false,hub,hub
target/kpym,target/vrac,390,0.5103,false,false,hub,hub
target/nitric-oxide-synthase-inducible,target/ren,390,0.5103,false,false,hub,hub
target/p2y2-receptor,target/thiazide-sensitive-sodium-chloride-cotransporter,390,0.5103,false,false,hub,hub
target/progesterone-receptor-progesterone-receptor-prgr-human,target/vitamin-d-receptor,390,0.5103,false,false,hub,hub
target/5ntd,target/rxfp1,390,0.5102,false,false,hub,hub
target/acyl-coenzyme-a-cholesterol-acyltransferase-1,target/hmdh,390,0.5102,false,false,hub,hub
target/aldo-keto-reductase-family-1-member-b,target/amine-oxidase-flavin-containing-a,390,0.5102,false,false,hub,hub
target/amine-oxidase-flavin-containing-a,target/beta-2-adrenergic-receptor-beta-2-adrenergic-receptor-adrb2-human,390,0.5102,false,false,hub,hub
target/angiogenesis,target/matrix-metalloproteinase-1,390,0.5102,false,false,hub,hub
target/histamine-h1-receptor-histamine-h1-receptor-hrh1-human,target/reactive-oxygen-species-biosynthetic-process,390,0.5102,false,false,hub,hub
target/kcma1,target/pgrc1,390,0.5102,false,false,hub,hub
target/acetylcholinesterase-acetylcholinesterase,target/streptococcus-pneumoniae,390,0.5101,false,false,hub,hub
target/adrenergic-receptor-alpha-1,target/serotonin-1a-receptor-chembl273,390,0.5101,false,false,hub,hub
target/aoxa,target/nitric-oxide-synthase-inducible,390,0.5101,false,false,hub,hub
target/aryl-hydrocarbon-receptor,target/asic3,390,0.5101,false,false,hub,hub
target/beta-amyloid-a4-protein,target/kir2-3,390,0.5101,false,false,hub,hub
target/cytochrome-p450-2c19,target/neprilysin,390,0.5101,false,false,hub,hub
target/hmdh,target/ttk,390,0.5101,false,false,hub,hub
target/monoamine-oxidase-a,target/q9z1j7,390,0.5101,false,false,hub,hub
target/progesterone-receptor-progesterone-receptor-prgr-human,target/s22a2,390,0.5101,false,false,hub,hub
target/5-hydroxytryptamine-receptor-1a,target/vrac,390,0.51,false,false,hub,hub
target/5ht1f,target/serotonin-7-receptor,390,0.51,false,false,hub,hub
target/abcb1,target/prostaglandin-biosynthetic-process,390,0.51,false,false,hub,hub
target/adrenergic-receptor-alpha-1,target/q9z1j7,390,0.51,false,false,hub,hub
target/aldo-keto-reductase-family-1-member-b,target/monoamine-oxidase,390,0.51,false,false,hub,hub
target/aldo-keto-reductase-family-1-member-b,target/phosphodiesterase-4a,390,0.51,false,false,hub,hub
target/alpha-2a-adrenergic-receptor-alpha-2a-adrenergic-receptor,target/hypoxia-inducible-factor-1-alpha,390,0.51,false,false,hub,hub
target/alpha-2a-adrenergic-receptor-alpha-2a-adrenergic-receptor,target/klrba,390,0.51,false,false,hub,hub
target/alpha-2b-adrenergic-receptor,target/hdac9,390,0.51,false,false,hub,hub
target/amine-oxidase-flavin-containing-a,target/hdac9,390,0.51,false,false,hub,hub
target/beta-amyloid-a4-protein,target/serotonin-3-receptor-chembl2111332,390,0.51,false,false,hub,hub
target/carbonic-anhydrase-vii,target/vrac,390,0.51,false,false,hub,hub
target/cats,target/psb8,390,0.51,false,false,hub,hub
target/d1-receptor,target/sstr3,390,0.51,false,false,hub,hub
target/glun1,target/streptococcus-pneumoniae,390,0.51,false,false,hub,hub
target/hepg2,target/vrac,390,0.51,false,false,hub,hub
target/kcnq1,target/serotonin-7-receptor,390,0.51,false,false,hub,hub
target/mmp13-mmp13,target/sulfonylurea-receptors-k-atp-channels,390,0.51,false,false,hub,hub
target/monoamine-oxidase,target/p2y2-receptor,390,0.51,false,false,hub,hub
target/mycobacterium-tuberculosis,target/neuronal-acetylcholine-receptor-alpha3-beta4,390,0.51,false,false,hub,hub
target/nitric-oxide-synthase-inducible,target/urok,390,0.51,false,false,hub,hub
target/p2y2-receptor,target/vitamin-d-receptor,390,0.51,false,false,hub,hub
target/q9z1j7,target/topoisomerase-iv,390,0.51,false,false,hub,hub
target/ren,target/sstr3,390,0.51,false,false,hub,hub
target/serotonin-3-receptor-chembl2111332,target/tpa,390,0.51,false,false,hub,hub
target/acetylcholinesterase-acetylcholinesterase,target/monoamine-oxidase-a,390,0.5099,false,false,hub,hub
target/alpha-1a-adrenergic-receptor,target/sodium-glucose-cotransporter-2-sodium-glucose-cotransporter-2,390,0.5099,false,false,hub,hub
target/alpha-2a-adrenergic-receptor-alpha-2a-adrenergic-receptor,target/beta-2-adrenergic-receptor-beta-2-adrenergic-receptor,390,0.5099,false,false,hub,hub
target/angiotensin-converting-enzyme-angiotensin-converting-enzyme-ace-human,target/neprilysin,390,0.5099,false,false,hub,hub
target/cell-proliferation,target/m5-receptor,390,0.5099,false,false,hub,hub
target/cytochrome-p450-2c19,target/q9z1j7,390,0.5099,false,false,hub,hub
target/d1-receptor,target/prostaglandin-biosynthetic-process,390,0.5099,false,false,hub,hub
target/hepatitis-b-virus,target/il13,390,0.5099,false,false,hub,hub
target/kcma1,target/kcnq2,390,0.5099,false,false,hub,hub
target/kcnk2,target/kcnq1,390,0.5099,false,false,hub,hub
target/kpcd1,target/rir1,390,0.5099,false,false,hub,hub
target/lt4r2,target/mycobacterium-tuberculosis-h37rv,390,0.5099,false,false,hub,hub
target/lt4r2,target/p2y2-receptor,390,0.5099,false,false,hub,hub
target/neprilysin,target/reactive-oxygen-species-biosynthetic-process,390,0.5099,false,false,hub,hub
target/nitric-oxide-synthase-inducible,target/null,390,0.5099,false,false,hub,hub
target/protein-farnesyltransferase,target/serotonin-3-receptor,390,0.5099,false,false,hub,hub
target/rorg,target/tlr4,390,0.5099,false,false,hub,hub
target/serotonin-3-receptor,target/serum-albumin,390,0.5099,false,false,hub,hub
target/sulfonylurea-receptors-k-atp-channels,target/tspo,390,0.5099,false,false,hub,hub
target/acetylcholinesterase-acetylcholinesterase,target/serum-albumin,390,0.5098,false,false,hub,hub
target/acyl-coenzyme-a-cholesterol-acyltransferase-1,target/catechol-o-methyltransferase,390,0.5098,false,false,hub,hub
target/alpha-2a-adrenergic-receptor-alpha-2a-adrenergic-receptor,target/macrophage-stimulating-protein-receptor,390,0.5098,false,false,hub,hub
target/alpha-2b-adrenergic-receptor,target/gaba-a-receptor-agonist-gaba-site,390,0.5098,false,false,hub,hub
target/angiogenesis,target/d-dopamine-receptor-d-2-dopamine-receptor-drd2-human,390,0.5098,false,false,hub,hub
target/aryl-hydrocarbon-receptor-aryl-hydrocarbon-receptor,target/beta-amyloid-a4-protein,390,0.5098,false,false,hub,hub
target/asic3,target/ren,390,0.5098,false,false,hub,hub
target/catechol-o-methyltransferase,target/fibroblast-growth-factor-receptor-4,390,0.5098,false,false,hub,hub
target/cats,target/thiazide-sensitive-sodium-chloride-cotransporter,390,0.5098,false,false,hub,hub
target/cdc7,target/tlr4,390,0.5098,false,false,hub,hub
target/comt,target/kpct,390,0.5098,false,false,hub,hub
target/cox-2,target/vrac,390,0.5098,false,false,hub,hub
target/cyclin-dependent-kinase-2-cyclin-e,target/mycobacterium-tuberculosis-h37rv,390,0.5098,false,false,hub,hub
target/cysltr1,target/trpc4,390,0.5098,false,false,hub,hub
target/kca2-2,target/pgrc1,390,0.5098,false,false,hub,hub
target/kir2-3,target/lipid-oxidation,390,0.5098,false,false,hub,hub
target/kir2-3,target/rara,390,0.5098,false,false,hub,hub
target/kpym,target/topoisomerase-iv,390,0.5098,false,false,hub,hub
target/m3k7,target/vitamin-d-receptor,390,0.5098,false,false,hub,hub
target/m5-receptor,target/net,390,0.5098,false,false,hub,hub
target/matrix-metalloproteinase-1,target/mycobacterium-tuberculosis-h37rv,390,0.5098,false,false,hub,hub
target/monoamine-oxidase-a,target/topoisomerase-iv,390,0.5098,false,false,hub,hub
target/null,target/trpc4,390,0.5098,false,false,hub,hub
target/serotonin-1b-receptor,target/serotonin-3-receptor-chembl2111332,390,0.5098,false,false,hub,hub
target/abcg2,target/glun1,390,0.5097,false,false,hub,hub
target/arachidonate-5-lipoxygenase,target/aryl-hydrocarbon-receptor-aryl-hydrocarbon-receptor,390,0.5097,false,false,hub,hub
target/arachidonate-5-lipoxygenase,target/pregnane-x-receptor,390,0.5097,false,false,hub,hub
target/arachidonate-5-lipoxygenase-arachidonate-5-lipoxygenase,target/gamma-aminobutyric-acid-receptor-subunit-alpha-1,390,0.5097,false,false,hub,hub
target/bmr1b,target/pncb,390,0.5097,false,false,hub,hub
target/carbonic-anhydrase-xii,target/human-immunodeficiency-virus-type-1-protease,390,0.5097,false,false,hub,hub
target/cell-growth,target/streptococcus-pneumoniae,390,0.5097,false,false,hub,hub
target/clk1,target/lt4r2,390,0.5097,false,false,hub,hub
target/cysteinyl-leukotriene-receptor-1,target/lipid-oxidation,390,0.5097,false,false,hub,hub
target/cytochrome-p450-1a1,target/pncb,390,0.5097,false,false,hub,hub
target/enpp2,target/sstr3,390,0.5097,false,false,hub,hub
target/gaba-a-receptor-agonist-gaba-site,target/phosphodiesterase-4a,390,0.5097,false,false,hub,hub
target/glun1,target/muscarinic-acetylcholine-receptor-m4,390,0.5097,false,false,hub,hub
target/hepatitis-b-virus,target/neuronal-acetylcholine-receptor-alpha3-beta4,390,0.5097,false,false,hub,hub
target/histamine-h1-receptor-histamine-h1-receptor-hrh1-human,target/prostaglandin-biosynthetic-process,390,0.5097,false,false,hub,hub
target/kcna5,target/kpym,390,0.5097,false,false,hub,hub
target/kcnk2,target/sc5a1,390,0.5097,false,false,hub,hub
target/mapk-signaling-pathway,target/thiazide-sensitive-sodium-chloride-cotransporter,390,0.5097,false,false,hub,hub
target/mu-type-opioid-receptor,target/pregnane-x-receptor,390,0.5097,false,false,hub,hub
target/pncb,target/thas,390,0.5097,false,false,hub,hub
target/prostaglandin-secretion,target/serotonin-1b-receptor,390,0.5097,false,false,hub,hub
target/sstr3,target/urok,390,0.5097,false,false,hub,hub
target/aldo-keto-reductase-family-1-member-b,target/nicotinic-acetylcholine-receptor-4-subunit,390,0.5096,false,false,hub,hub
target/alpha-2a-adrenergic-receptor,target/amine-oxidase-flavin-containing-a,390,0.5096,false,false,hub,hub
target/alpha-2a-adrenergic-receptor-alpha-2a-adrenergic-receptor,target/kna1-2,390,0.5096,false,false,hub,hub
target/angiogenesis,target/ks6a1,390,0.5096,false,false,hub,hub
target/aoc3,target/trpc4,390,0.5096,false,false,hub,hub
target/apoptosis-regulator-bcl-2,target/serotonin-3-receptor-chembl2111332,390,0.5096,false,false,hub,hub
target/aryl-hydrocarbon-receptor-aryl-hydrocarbon-receptor,target/serotonin-1b-receptor,390,0.5096,false,false,hub,hub
target/at1-receptor,target/thiazide-sensitive-sodium-chloride-cotransporter,390,0.5096,false,false,hub,hub
target/at1a1,target/q9z1j7,390,0.5096,false,false,hub,hub
target/beta-2-adrenergic-receptor-beta-2-adrenergic-receptor,target/serotonin-7-receptor,390,0.5096,false,false,hub,hub
target/cac1a,target/kcna5,390,0.5096,false,false,hub,hub
target/comt,target/serotonin-2a-receptor-chembl322,390,0.5096,false,false,hub,hub
target/gaba-a-receptor-agonist-gaba-site,target/monoamine-oxidase-b,390,0.5096,false,false,hub,hub
target/kna1-2,target/nitric-oxide-synthase-inducible,390,0.5096,false,false,hub,hub
target/q9z1j7,target/type-1-angiotensin-ii-receptor-type-1-angiotensin-ii-receptor,390,0.5096,false,false,hub,hub
target/q9z1j7,target/xanthine-dehydrogenase,390,0.5096,false,false,hub,hub
target/sulfonylurea-receptors-k-atp-channels,target/thromboxane-a2-receptor,390,0.5096,false,false,hub,hub
target/abcb1,target/pgrc1,390,0.5095,false,false,hub,hub
target/alpha-2a-adrenergic-receptor-alpha-2a-adrenergic-receptor,target/atp-binding-cassette-sub-family-c-member-8,390,0.5095,false,false,hub,hub
target/alpha-2b-adrenergic-receptor,target/aoc3,390,0.5095,false,false,hub,hub
target/asic3,target/klrba,390,0.5095,false,false,hub,hub
target/beta-amyloid-a4-protein,target/histamine-h1-receptor-histamine-h1-receptor-hrh1-human,390,0.5095,false,false,hub,hub
target/d1-receptor,target/nicotinic-acetylcholine-receptor-4-subunit,390,0.5095,false,false,hub,hub
target/glun1,target/net,390,0.5095,false,false,hub,hub
target/histamine-h1-receptor-histamine-h1-receptor-hrh1-human,target/tpa,390,0.5095,false,false,hub,hub
target/hypoxia-inducible-factor-1-alpha,target/opioid-receptors-mu-kappa-delta,390,0.5095,false,false,hub,hub
target/kpym,target/t2r46,390,0.5095,false,false,hub,hub
target/mycobacterium-tuberculosis,target/p2y2-receptor,390,0.5095,false,false,hub,hub
target/pgrc1,target/pregnane-x-receptor,390,0.5095,false,false,hub,hub
target/trpv1,target/trpv1-trpv1,390,0.5095,false,false,hub,hub
target/2b-adrenoceptor,target/mapk-signaling-pathway,390,0.5094,false,false,hub,hub
target/5ntd,target/lt4r2,390,0.5094,false,false,hub,hub
target/abcb1,target/angiogenesis,390,0.5094,false,false,hub,hub
target/adrenergic-receptor-alpha-2,target/monoamine-oxidase,390,0.5094,false,false,hub,hub
target/arachidonate-5-lipoxygenase-arachidonate-5-lipoxygenase,target/kcnk2,390,0.5094,false,false,hub,hub
target/clk1,target/trace-amine-associated-receptor-1,390,0.5094,false,false,hub,hub
target/dopamine-beta-hydroxylase,target/rir1,390,0.5094,false,false,hub,hub
target/gaba-a-receptor-agonist-gaba-site,target/mu-type-opioid-receptor,390,0.5094,false,false,hub,hub
target/hepatitis-c-virus,target/null,390,0.5094,false,false,hub,hub
target/hepatocyte-growth-factor-receptor,target/met,390,0.5094,false,false,hub,hub
target/kna1-2,target/mmp13-mmp13,390,0.5094,false,false,hub,hub
target/m5-receptor,target/thiazide-sensitive-sodium-chloride-cotransporter,390,0.5094,false,false,hub,hub
target/monoamine-oxidase,target/smooth-muscle-contraction,390,0.5094,false,false,hub,hub
target/monoamine-oxidase-a,target/type-1-angiotensin-ii-receptor-type-1-angiotensin-ii-receptor,390,0.5094,false,false,hub,hub
target/mycobacterium-tuberculosis-h37rv,target/peptidoglycan-biosynthesis,390,0.5094,false,false,hub,hub
target/peptidoglycan-biosynthesis,target/prostaglandin-secretion,390,0.5094,false,false,hub,hub
target/pncb,target/serotonin-3-receptor-chembl2111332,390,0.5094,false,false,hub,hub
target/aldo-keto-reductase-family-1-member-b,target/kca2-2,390,0.5093,false,false,hub,hub
target/alpha-2a-adrenergic-receptor,target/opioid-receptors-mu-kappa-delta,390,0.5093,false,false,hub,hub
target/cdk8,target/cyclin-dependent-kinase-8,390,0.5093,false,false,hub,hub
target/hepatitis-c-virus,target/smooth-muscle-contraction,390,0.5093,false,false,hub,hub
target/hypoxia-inducible-factor-1-alpha,target/platelet-activating-factor-receptor,390,0.5093,false,false,hub,hub
target/mmp13-mmp13,target/streptococcus-pneumoniae,390,0.5093,false,false,hub,hub
target/type-1-angiotensin-ii-receptor,target/vitamin-d-receptor,390,0.5093,false,false,hub,hub
target/abcg2,target/nitric-oxide-synthase-inducible,390,0.5092,false,false,hub,hub
target/acvr1,target/pd2r,390,0.5092,false,false,hub,hub
target/aoc3,target/bmx,390,0.5092,false,false,hub,hub
target/aoc3,target/tpa,390,0.5092,false,false,hub,hub
target/aoxa,target/mtlr,390,0.5092,false,false,hub,hub
target/arachidonate-5-lipoxygenase-arachidonate-5-lipoxygenase,target/tpa,390,0.5092,false,false,hub,hub
target/asic3,target/at1-receptor,390,0.5092,false,false,hub,hub
target/comt,target/phosphodiesterase-4a,390,0.5092,false,false,hub,hub
target/kca2-2,target/m2-receptor,390,0.5092,false,false,hub,hub
target/m3k7,target/mtlr,390,0.5092,false,false,hub,hub
target/monoamine-oxidase-b,target/vrac,390,0.5092,false,false,hub,hub
target/p2y2-receptor,target/pncb,390,0.5092,false,false,hub,hub
target/protein-farnesyltransferase,target/type-1-angiotensin-ii-receptor-type-1-angiotensin-ii-receptor,390,0.5092,false,false,hub,hub
target/abcg2,target/thiazide-sensitive-sodium-chloride-cotransporter,390,0.5091,false,false,hub,hub
target/abl2,target/kir2-3,390,0.5091,false,false,hub,hub
target/adrenergic-receptor-alpha-1,target/serotonin-2a-receptor-chembl322,390,0.5091,false,false,hub,hub
target/alpha-2a-adrenergic-receptor-alpha-2a-adrenergic-receptor,target/cp51,390,0.5091,false,false,hub,hub
target/angiogenesis,target/camp-dependent-protein-kinase,390,0.5091,false,false,hub,hub
target/angiogenesis,target/serotonin-2-receptor-chembl2095200,390,0.5091,false,false,hub,hub
target/catechol-o-methyltransferase,target/h2-receptor,390,0.5091,false,false,hub,hub
target/cyclin-dependent-kinase-8,target/cysteinyl-leukotriene-receptor-1,390,0.5091,false,false,hub,hub
target/phosphodiesterase-4a,target/streptococcus-pneumoniae,390,0.5091,false,false,hub,hub
target/serotonin-1d-receptor,target/thiazide-sensitive-sodium-chloride-cotransporter,390,0.5091,false,false,hub,hub
target/abcg2,target/tspo,390,0.509,false,false,hub,hub
target/alpha-2a-adrenergic-receptor-alpha-2a-adrenergic-receptor,target/fibroblast-growth-factor-receptor-4,390,0.509,false,false,hub,hub
target/amine-oxidase-flavin-containing-a,target/cac1a,390,0.509,false,false,hub,hub
target/amine-oxidase-flavin-containing-a,target/topoisomerase-iv,390,0.509,false,false,hub,hub
target/arachidonate-5-lipoxygenase-arachidonate-5-lipoxygenase,target/casp1,390,0.509,false,false,hub,hub
target/arachidonate-5-lipoxygenase-arachidonate-5-lipoxygenase,target/serotonin-1b-receptor,390,0.509,false,false,hub,hub
target/aryl-hydrocarbon-receptor-aryl-hydrocarbon-receptor,target/tlr4,390,0.509,false,false,hub,hub
target/catechol-o-methyltransferase,target/il13,390,0.509,false,false,hub,hub
target/cyclin-dependent-kinase-2-cyclin-e,target/m5-receptor,390,0.509,false,false,hub,hub
target/human-immunodeficiency-virus-type-1-protease,target/kcnq1,390,0.509,false,false,hub,hub
target/lag3,target/pgrc1,390,0.509,false,false,hub,hub
target/leukocyte-elastase,target/vrac,390,0.509,false,false,hub,hub
target/abcb1,target/cyclin-dependent-kinase-8,390,0.5089,false,false,hub,hub
target/abl2,target/tlr4,390,0.5089,false,false,hub,hub
target/acetylcholinesterase-acetylcholinesterase,target/monoamine-oxidase,390,0.5089,false,false,hub,hub
target/acyl-coenzyme-a-cholesterol-acyltransferase-1,target/thiazide-sensitive-sodium-chloride-cotransporter,390,0.5089,false,false,hub,hub
target/alpha-2a-adrenergic-receptor-alpha-2a-adrenergic-receptor,target/q38720,390,0.5089,false,false,hub,hub
target/alpha-2b-adrenergic-receptor,target/finc,390,0.5089,false,false,hub,hub
target/amine-oxidase-flavin-containing-a,target/cell-proliferation,390,0.5089,false,false,hub,hub
target/angiogenesis,target/macrophage-stimulating-protein-receptor,390,0.5089,false,false,hub,hub
target/apj,target/monoamine-oxidase-a,390,0.5089,false,false,hub,hub
target/arachidonate-5-lipoxygenase-arachidonate-5-lipoxygenase,target/gper1,390,0.5089,false,false,hub,hub
target/aryl-hydrocarbon-receptor-aryl-hydrocarbon-receptor,target/d1-receptor,390,0.5089,false,false,hub,hub
target/aryl-hydrocarbon-receptor-aryl-hydrocarbon-receptor,target/m2-receptor,390,0.5089,false,false,hub,hub
target/clk1,target/mycobacterium-tuberculosis-h37rv,390,0.5089,false,false,hub,hub
target/comt,target/histamine-h2-receptor,390,0.5089,false,false,hub,hub
target/cyp11b1,target/protein-farnesyltransferase,390,0.5089,false,false,hub,hub
target/cysteinyl-leukotriene-receptor-1,target/serotonin-2-receptor-chembl2095200,390,0.5089,false,false,hub,hub
target/d1-receptor,target/mycobacterium-tuberculosis-h37rv,390,0.5089,false,false,hub,hub
target/hdac9,target/hepatitis-b-virus,390,0.5089,false,false,hub,hub
target/kcnq1,target/scn1b,390,0.5089,false,false,hub,hub
target/kpym,target/sstr3,390,0.5089,false,false,hub,hub
target/kpym,target/vitamin-d-receptor,390,0.5089,false,false,hub,hub
target/m3k7,target/serotonin-3-receptor-chembl2111332,390,0.5089,false,false,hub,hub
target/m5-receptor,target/opioid-receptors-mu-kappa-delta,390,0.5089,false,false,hub,hub
target/matrix-metalloproteinase-13,target/streptococcus-pneumoniae,390,0.5089,false,false,hub,hub
target/neprilysin,target/neuronal-acetylcholine-receptor-alpha3-beta4,390,0.5089,false,false,hub,hub
target/protein-farnesyltransferase,target/tspo,390,0.5089,false,false,hub,hub
target/q9z1j7,target/ripk1,390,0.5089,false,false,hub,hub
target/5ht1f,target/d1-receptor,390,0.5088,false,false,hub,hub
target/abcg2,target/apj,390,0.5088,false,false,hub,hub
target/abcg2,target/vitamin-d-receptor,390,0.5088,false,false,hub,hub
target/acetylcholinesterase-acetylcholinesterase,target/hepatitis-c-virus,390,0.5088,false,false,hub,hub
target/alpha-2a-adrenergic-receptor-alpha-2a-adrenergic-receptor,target/kpcd1,390,0.5088,false,false,hub,hub
target/apj,target/plasmodium-falciparum,390,0.5088,false,false,hub,hub
target/aryl-hydrocarbon-receptor,target/cysltr1,390,0.5088,false,false,hub,hub
target/aryl-hydrocarbon-receptor-aryl-hydrocarbon-receptor,target/cyclin-dependent-kinase-8,390,0.5088,false,false,hub,hub
target/casp1,target/q9z1j7,390,0.5088,false,false,hub,hub
target/cell-growth,target/thiazide-sensitive-sodium-chloride-cotransporter,390,0.5088,false,false,hub,hub
target/comt,target/cytochrome-p450-1a1,390,0.5088,false,false,hub,hub
target/comt,target/gper1,390,0.5088,false,false,hub,hub
target/cyp11b1,target/rxfp1,390,0.5088,false,false,hub,hub
target/cytochrome-p450-2c19,target/kcnk2,390,0.5088,false,false,hub,hub
target/dna-topoisomerase-1,target/kir2-3,390,0.5088,false,false,hub,hub
target/gaba-a-receptor-agonist-gaba-site,target/hepatitis-b-virus,390,0.5088,false,false,hub,hub
target/gamma-aminobutyric-acid-receptor-subunit-alpha-1,target/nitric-oxide-synthase-inducible,390,0.5088,false,false,hub,hub
target/glun1,target/h2-receptor,390,0.5088,false,false,hub,hub
target/hepatitis-b-virus,target/serotonin-2-receptor-chembl2095200,390,0.5088,false,false,hub,hub
target/idhc,target/vrac,390,0.5088,false,false,hub,hub
target/kcnq1,target/m2-receptor,390,0.5088,false,false,hub,hub
target/lipid-oxidation,target/neprilysin,390,0.5088,false,false,hub,hub
target/m5-receptor,target/mu-type-opioid-receptor,390,0.5088,false,false,hub,hub
target/mdr1a,target/streptococcus-pneumoniae,390,0.5088,false,false,hub,hub
target/mmp13-mmp13,target/net,390,0.5088,false,false,hub,hub
target/muscarinic-acetylcholine-receptor-m4,target/phosphodiesterase-4a,390,0.5088,false,false,hub,hub
target/net,target/trpc4,390,0.5088,false,false,hub,hub
target/adrenergic-receptor-alpha-1,target/monoamine-oxidase-b,390,0.5087,false,false,hub,hub
target/alpha-2a-adrenergic-receptor,target/cysteinyl-leukotriene-receptor-1,390,0.5087,false,false,hub,hub
target/alpha-2a-adrenergic-receptor,target/serotonin-3-receptor-chembl2111332,390,0.5087,false,false,hub,hub
target/apj,target/atm,390,0.5087,false,false,hub,hub
target/apj,target/mmp12,390,0.5087,false,false,hub,hub
target/apj,target/trpv3,390,0.5087,false,false,hub,hub
target/arachidonate-5-lipoxygenase-arachidonate-5-lipoxygenase,target/p2y12,390,0.5087,false,false,hub,hub
target/beta-2-adrenergic-receptor-beta-2-adrenergic-receptor,target/hepatitis-b-virus,390,0.5087,false,false,hub,hub
target/c-jun-n-terminal-kinase-1,target/trpc4,390,0.5087,false,false,hub,hub
target/cathepsin-k,target/nitric-oxide-synthase-inducible,390,0.5087,false,false,hub,hub
target/cell-proliferation,target/phosphodiesterase-4a,390,0.5087,false,false,hub,hub
target/cyclin-dependent-kinase-8,target/hdac9,390,0.5087,false,false,hub,hub
target/epidermal-growth-factor-receptor,target/integrin-alpha-iib-beta-3,390,0.5087,false,false,hub,hub
target/gaba-a-receptor-agonist-gaba-site,target/m2-receptor,390,0.5087,false,false,hub,hub
target/glun1,target/hepatitis-c-virus,390,0.5087,false,false,hub,hub
target/gper1,target/q9z1j7,390,0.5087,false,false,hub,hub
target/hepg2,target/serotonin-7-receptor,390,0.5087,false,false,hub,hub
target/kcnk2,target/q38720,390,0.5087,false,false,hub,hub
target/kir2-3,target/smooth-muscle-contraction,390,0.5087,false,false,hub,hub
target/kpct,target/tspo,390,0.5087,false,false,hub,hub
target/m5-receptor,target/t2r39,390,0.5087,false,false,hub,hub
target/matrix-metalloproteinase-1,target/monoamine-oxidase-a,390,0.5087,false,false,hub,hub
target/monoamine-oxidase-a,target/sodium-glucose-cotransporter-2-sodium-glucose-cotransporter-2,390,0.5087,false,false,hub,hub
target/muscarinic-acetylcholine-receptor-m4,target/opioid-receptors-mu-kappa-delta,390,0.5087,false,false,hub,hub
target/neurotrophic-receptor-tyrosine-kinase-3,target/sstr3,390,0.5087,false,false,hub,hub
target/p53-binding-protein-mdm-2,target/serotonin-3-receptor-chembl2111332,390,0.5087,false,false,hub,hub
target/platelet-activating-factor-receptor,target/serotonin-3-receptor,390,0.5087,false,false,hub,hub
target/q9z1j7,target/trace-amine-associated-receptor-1,390,0.5087,false,false,hub,hub
target/serum-albumin,target/thromboxane-a2-receptor,390,0.5087,false,false,hub,hub
target/acetylcholinesterase-acetylcholinesterase,target/neuronal-acetylcholine-receptor-alpha3-beta4,390,0.5086,false,false,hub,hub
target/amine-oxidase-flavin-containing-a,target/gamma-aminobutyric-acid-receptor-subunit-alpha-1,390,0.5086,false,false,hub,hub
target/beta-2-adrenergic-receptor-beta-2-adrenergic-receptor,target/pregnane-x-receptor,390,0.5086,false,false,hub,hub
target/cell-proliferation,target/cyclin-dependent-kinase-2-cyclin-e,390,0.5086,false,false,hub,hub
target/cyclin-dependent-kinase-2-cyclin-e,target/protein-farnesyltransferase,390,0.5086,false,false,hub,hub
target/cytochrome-p450-1a1,target/monoamine-oxidase-a,390,0.5086,false,false,hub,hub
target/dna-topoisomerase-1,target/pregnane-x-receptor,390,0.5086,false,false,hub,hub
target/finc,target/sodium-glucose-cotransporter-2-sodium-glucose-cotransporter-2,390,0.5086,false,false,hub,hub
target/neurotrophic-receptor-tyrosine-kinase-3,target/prostaglandin-biosynthetic-process,390,0.5086,false,false,hub,hub
target/nitric-oxide-synthase-inducible,target/tyrosine-protein-kinase-tie-2,390,0.5086,false,false,hub,hub
target/pd2r,target/ren,390,0.5086,false,false,hub,hub
target/alpha-2a-adrenergic-receptor,target/mycobacterium-tuberculosis-h37rv,390,0.5085,false,false,hub,hub
target/aryl-hydrocarbon-receptor,target/serotonin-1a-receptor-chembl273,390,0.5085,false,false,hub,hub
target/asic3,target/psb8,390,0.5085,false,false,hub,hub
target/dopamine-beta-hydroxylase,target/kpcd1,390,0.5085,false,false,hub,hub
target/gaba-a-receptor-agonist-gaba-site,target/sulfonylurea-receptors-k-atp-channels,390,0.5085,false,false,hub,hub
target/kcma1,target/trpv3,390,0.5085,false,false,hub,hub
target/kcna5,target/mdr1a,390,0.5085,false,false,hub,hub
target/macrophage-stimulating-protein-receptor,target/mycobacterium-tuberculosis-h37rv,390,0.5085,false,false,hub,hub
target/map-kinase-p38-beta,target/protein-farnesyltransferase,390,0.5085,false,false,hub,hub
target/progesterone-receptor-progesterone-receptor-prgr-human,target/q9z1j7,390,0.5085,false,false,hub,hub
target/progesterone-receptor-progesterone-receptor-prgr-human,target/streptococcus-pneumoniae,390,0.5085,false,false,hub,hub
target/q38720,target/tpa,390,0.5085,false,false,hub,hub
target/adrenergic-receptor-alpha-2,target/pregnane-x-receptor,390,0.5084,false,false,hub,hub
target/aoc3,target/hepatitis-b-virus,390,0.5084,false,false,hub,hub
target/aoxa,target/enpp2,390,0.5084,false,false,hub,hub
target/aryl-hydrocarbon-receptor,target/kna1-2,390,0.5084,false,false,hub,hub
target/at1-receptor,target/pncb,390,0.5084,false,false,hub,hub
target/beta-1-adrenergic-receptor-beta-1-adrenergic-receptor,target/thiazide-sensitive-sodium-chloride-cotransporter,390,0.5084,false,false,hub,hub
target/cd40l,target/finc,390,0.5084,false,false,hub,hub
target/mdr1a,target/t2r46,390,0.5084,false,false,hub,hub
target/monoamine-oxidase,target/type-1-angiotensin-ii-receptor-type-1-angiotensin-ii-receptor,390,0.5084,false,false,hub,hub
target/neuronal-acetylcholine-receptor-alpha3-beta4,target/protein-farnesyltransferase,390,0.5084,false,false,hub,hub
target/pregnane-x-receptor,target/smooth-muscle-contraction,390,0.5084,false,false,hub,hub
target/thiazide-sensitive-sodium-chloride-cotransporter,target/trpc4,390,0.5084,false,false,hub,hub
target/abcb1,target/neprilysin,390,0.5083,false,false,hub,hub
target/acha7,target/neuronal-acetylcholine-receptor-protein-alpha-7-subunit,390,0.5083,false,false,hub,hub
target/aryl-hydrocarbon-receptor-aryl-hydrocarbon-receptor,target/smooth-muscle-contraction,390,0.5083,false,false,hub,hub
target/human-immunodeficiency-virus-type-1-protease,target/serotonin-2-receptor,390,0.5083,false,false,hub,hub
target/kna1-2,target/pncb,390,0.5083,false,false,hub,hub
target/m5-receptor,target/pncb,390,0.5083,false,false,hub,hub
target/scn1b,target/serotonin-2-receptor,390,0.5083,false,false,hub,hub
target/aoc3,target/ren,390,0.5082,false,false,hub,hub
target/arachidonate-5-lipoxygenase-arachidonate-5-lipoxygenase,target/ren,390,0.5082,false,false,hub,hub
target/at1a1,target/cytochrome-p450-1a1,390,0.5082,false,false,hub,hub
target/beta-amyloid-a4-protein,target/type-1-angiotensin-ii-receptor-type-1-angiotensin-ii-receptor,390,0.5082,false,false,hub,hub
target/comt,target/m2-receptor,390,0.5082,false,false,hub,hub
target/cyclin-dependent-kinase-8,target/neprilysin,390,0.5082,false,false,hub,hub
target/histamine-h1-receptor-histamine-h1-receptor-hrh1-human,target/mapk-signaling-pathway,390,0.5082,false,false,hub,hub
target/m2-receptor,target/neprilysin,390,0.5082,false,false,hub,hub
target/matrix-metalloproteinase-13,target/type-1-angiotensin-ii-receptor-type-1-angiotensin-ii-receptor,390,0.5082,false,false,hub,hub
target/muscarinic-acetylcholine-receptor-m4,target/peptidoglycan-biosynthesis,390,0.5082,false,false,hub,hub
target/mycobacterium-tuberculosis,target/serum-albumin,390,0.5082,false,false,hub,hub
target/neprilysin,target/ren,390,0.5082,false,false,hub,hub
target/peptidoglycan-biosynthesis,target/topoisomerase-iv,390,0.5082,false,false,hub,hub
target/rara,target/sstr5,390,0.5082,false,false,hub,hub
target/acyl-coenzyme-a-cholesterol-acyltransferase-1,target/mycobacterium-tuberculosis,390,0.5081,false,false,hub,hub
target/alpha-2b-adrenergic-receptor,target/h2-receptor,390,0.5081,false,false,hub,hub
target/aoxa,target/vrac,390,0.5081,false,false,hub,hub
target/aryl-hydrocarbon-receptor,target/glun1,390,0.5081,false,false,hub,hub
target/at1a2,target/kpcd1,390,0.5081,false,false,hub,hub
target/atm,target/pgrc1,390,0.5081,false,false,hub,hub
target/beta-1-adrenergic-receptor-beta-1-adrenergic-receptor,target/dopamine-beta-hydroxylase,390,0.5081,false,false,hub,hub
target/cyclin-dependent-kinase-2-cyclin-e,target/thiazide-sensitive-sodium-chloride-cotransporter,390,0.5081,false,false,hub,hub
target/h2-receptor,target/tspo,390,0.5081,false,false,hub,hub
target/hdac9,target/neprilysin,390,0.5081,false,false,hub,hub
target/hepatocyte-growth-factor-receptor-hepatocyte-growth-factor-receptor,target/type-1-angiotensin-ii-receptor-type-1-angiotensin-ii-receptor,390,0.5081,false,false,hub,hub
target/hmdh,target/null,390,0.5081,false,false,hub,hub
target/hmg-coa-reductase,target/serum-albumin,390,0.5081,false,false,hub,hub
target/il13,target/integrin-alpha-iib-beta-3,390,0.5081,false,false,hub,hub
target/kcnk2,target/serotonin-7-receptor,390,0.5081,false,false,hub,hub
target/kir2-3,target/muscarinic-acetylcholine-receptor-m4,390,0.5081,false,false,hub,hub
target/monoamine-oxidase-a,target/pncb,390,0.5081,false,false,hub,hub
target/p2y2-receptor,target/streptococcus-pneumoniae,390,0.5081,false,false,hub,hub
target/serotonin-3-receptor,target/tlr4,390,0.5081,false,false,hub,hub
target/abcg2,target/cysteinyl-leukotriene-receptor-1,390,0.508,false,false,hub,hub
target/acetylcholinesterase-acetylcholinesterase,target/tlr4,390,0.508,false,false,hub,hub
target/alpha-2a-adrenergic-receptor-alpha-2a-adrenergic-receptor,target/arachidonate-5-lipoxygenase,390,0.508,false,false,hub,hub
target/alpha-2b-adrenergic-receptor,target/hepatitis-c-virus,390,0.508,false,false,hub,hub
target/alpha-2b-adrenergic-receptor,target/rorg,390,0.508,false,false,hub,hub
target/amine-oxidase-flavin-containing-a,target/hepatitis-c-virus,390,0.508,false,false,hub,hub
target/arachidonate-5-lipoxygenase-arachidonate-5-lipoxygenase,target/lipid-metabolic-process,390,0.508,false,false,hub,hub
target/aryl-hydrocarbon-receptor,target/cytochrome-p450-2c19,390,0.508,false,false,hub,hub
target/aryl-hydrocarbon-receptor,target/kcna5,390,0.508,false,false,hub,hub
target/asic3,target/tspo,390,0.508,false,false,hub,hub
target/atm,target/kir2-3,390,0.508,false,false,hub,hub
target/blk,target/bmx,390,0.508,false,false,hub,hub
target/cac1a,target/serotonin-3-receptor-chembl2111332,390,0.508,false,false,hub,hub
target/cyclin-dependent-kinase-8,target/q9z1j7,390,0.508,false,false,hub,hub
target/h2-receptor,target/sstr3,390,0.508,false,false,hub,hub
target/hepatitis-c-virus,target/mmp13-mmp13,390,0.508,false,false,hub,hub
target/hmdh,target/ita4,390,0.508,false,false,hub,hub
target/hmdh,target/ptafr,390,0.508,false,false,hub,hub
target/human-immunodeficiency-virus-type-1-protease,target/muscarinic-acetylcholine-receptor-m4,390,0.508,false,false,hub,hub
target/integrin-alpha-iib-beta-3,target/map2,390,0.508,false,false,hub,hub
target/monoamine-oxidase,target/vitamin-d-receptor,390,0.508,false,false,hub,hub
target/p2rx3,target/p2y2-receptor,390,0.508,false,false,hub,hub
target/pd2r,target/vrac,390,0.508,false,false,hub,hub
target/ptn11,target/sc5a1,390,0.508,false,false,hub,hub
target/thromboxane-a2-receptor,target/tspo,390,0.508,false,false,hub,hub
target/5ntd,target/vrac,390,0.5079,false,false,hub,hub
target/abcb1,target/serotonin-1d-receptor,390,0.5079,false,false,hub,hub
target/acetylcholinesterase-acetylcholinesterase,target/aryl-hydrocarbon-receptor-aryl-hydrocarbon-receptor,390,0.5079,false,false,hub,hub
target/acetylcholinesterase-acetylcholinesterase,target/pregnane-x-receptor,390,0.5079,false,false,hub,hub
target/alpha-2b-adrenergic-receptor,target/ripk1,390,0.5079,false,false,hub,hub
target/anandamide-amidohydrolase,target/vrac,390,0.5079,false,false,hub,hub
target/bcr-abl-fusion-protein,target/null,390,0.5079,false,false,hub,hub
target/beta-2-adrenergic-receptor-beta-2-adrenergic-receptor,target/vrac,390,0.5079,false,false,hub,hub
target/comt,target/cysltr1,390,0.5079,false,false,hub,hub
target/cyp11b1,target/il13,390,0.5079,false,false,hub,hub
target/cyp11b1,target/lt4r2,390,0.5079,false,false,hub,hub
target/cyp11b1,target/rorg,390,0.5079,false,false,hub,hub
target/cysteinyl-leukotriene-receptor-1,target/phosphodiesterase-4a-phosphodiesterase-4a,390,0.5079,false,false,hub,hub
target/finc,target/hepatitis-b-virus,390,0.5079,false,false,hub,hub
target/finc,target/tlr4,390,0.5079,false,false,hub,hub
target/glun1,target/p2y2-receptor,390,0.5079,false,false,hub,hub
target/hepatocyte-growth-factor-receptor-hepatocyte-growth-factor-receptor,target/thiazide-sensitive-sodium-chloride-cotransporter,390,0.5079,false,false,hub,hub
target/hmdh,target/mapk-signaling-pathway,390,0.5079,false,false,hub,hub
target/human-immunodeficiency-virus-type-1-protease,target/serum-albumin,390,0.5079,false,false,hub,hub
target/map2,target/mmp13-mmp13,390,0.5079,false,false,hub,hub
target/map2,target/trpc4,390,0.5079,false,false,hub,hub
target/monoamine-oxidase,target/monoamine-oxidase-b,390,0.5079,false,false,hub,hub
target/mu-type-opioid-receptor,target/trpc4,390,0.5079,false,false,hub,hub
target/opioid-receptors-mu-kappa-delta,target/tspo,390,0.5079,false,false,hub,hub
target/phosphodiesterase-4a,target/vitamin-d-receptor,390,0.5079,false,false,hub,hub
target/platelet-activating-factor-receptor,target/thiazide-sensitive-sodium-chloride-cotransporter,390,0.5079,false,false,hub,hub
class/c10aa,class/c10ba,390,0.5078,false,false,hub,hub
target/2b-adrenoceptor,target/tpa,390,0.5078,false,false,hub,hub
target/5ht1f,target/finc,390,0.5078,false,false,hub,hub
target/5ht1f,target/kpym,390,0.5078,false,false,hub,hub
target/abcb1,target/finc,390,0.5078,false,false,hub,hub
target/alpha-2b-adrenergic-receptor,target/map-kinase-p38-beta,390,0.5078,false,false,hub,hub
target/alpha-2b-adrenergic-receptor,target/peroxisome-proliferator-activated-receptor-alpha-peroxisome-proliferator-activated-receptor-alpha,390,0.5078,false,false,hub,hub
target/alpha-2b-adrenergic-receptor,target/platelet-activating-factor-receptor,390,0.5078,false,false,hub,hub
target/amine-oxidase-flavin-containing-a,target/platelet-activating-factor-receptor,390,0.5078,false,false,hub,hub
target/amp-activated-protein-kinase-ampk,target/nitric-oxide-synthase-inducible,390,0.5078,false,false,hub,hub
target/anandamide-amidohydrolase,target/streptococcus-pneumoniae,390,0.5078,false,false,hub,hub
target/angiogenesis,target/herg,390,0.5078,false,false,hub,hub
target/angiogenesis,target/il2ra,390,0.5078,false,false,hub,hub
target/apj,target/il13,390,0.5078,false,false,hub,hub
target/aryl-hydrocarbon-receptor,target/neurotrophic-receptor-tyrosine-kinase-3,390,0.5078,false,false,hub,hub
target/cac1a,target/kcnq1,390,0.5078,false,false,hub,hub
target/carbonic-anhydrase-xii,target/mmp13-mmp13,390,0.5078,false,false,hub,hub
target/catechol-o-methyltransferase,target/p53-binding-protein-mdm-2,390,0.5078,false,false,hub,hub
target/cp51,target/ren,390,0.5078,false,false,hub,hub
target/cyclin-dependent-kinase-2-cyclin-e,target/monoamine-oxidase,390,0.5078,false,false,hub,hub
target/cysteinyl-leukotriene-receptor-1,target/response-to-oxidative-stress,390,0.5078,false,false,hub,hub
target/enpp2,target/streptococcus-pneumoniae,390,0.5078,false,false,hub,hub
target/gpr55,target/nitric-oxide-synthase-inducible,390,0.5078,false,false,hub,hub
target/gprc6,target/nitric-oxide-synthase-inducible,390,0.5078,false,false,hub,hub
target/hepg2,target/human-immunodeficiency-virus-type-1-protease,390,0.5078,false,false,hub,hub
target/hepg2,target/serotonin-3-receptor-chembl2111332,390,0.5078,false,false,hub,hub
target/kcnk2,target/map2,390,0.5078,false,false,hub,hub
target/lipid-metabolic-process,target/streptococcus-pneumoniae,390,0.5078,false,false,hub,hub
target/m2-receptor,target/serotonin-1d-receptor,390,0.5078,false,false,hub,hub
target/matrix-metalloproteinase-1,target/prostaglandin-biosynthetic-process,390,0.5078,false,false,hub,hub
target/matrix-metalloproteinase-13,target/prostaglandin-biosynthetic-process,390,0.5078,false,false,hub,hub
target/mmp13-mmp13,target/rara,390,0.5078,false,false,hub,hub
target/neurotrophic-receptor-tyrosine-kinase-3,target/serotonin-3-receptor-chembl2111332,390,0.5078,false,false,hub,hub
target/peroxisome-proliferator-activated-receptor-alpha-peroxisome-proliferator-activated-receptor-alpha,target/serotonin-7-receptor,390,0.5078,false,false,hub,hub
target/tlr4,target/trpv3,390,0.5078,false,false,hub,hub
target/abl2,target/cp51,390,0.5077,false,false,hub,hub
target/alpha-2a-adrenergic-receptor,target/catechol-o-methyltransferase,390,0.5077,false,false,hub,hub
target/alpha-2a-adrenergic-receptor-alpha-2a-adrenergic-receptor,target/d-dopamine-receptor-d-2-dopamine-receptor-drd2-human,390,0.5077,false,false,hub,hub
target/alpha-2b-adrenergic-receptor,target/oxytocin-receptor,390,0.5077,false,false,hub,hub
target/angiotensin-converting-enzyme,target/nitric-oxide-synthase-inducible,390,0.5077,false,false,hub,hub
target/arachidonate-5-lipoxygenase,target/monoamine-oxidase,390,0.5077,false,false,hub,hub
target/aryl-hydrocarbon-receptor-aryl-hydrocarbon-receptor,target/fibroblast-growth-factor-receptor-4,390,0.5077,false,false,hub,hub
target/bmx,target/hepatitis-c-virus,390,0.5077,false,false,hub,hub
target/carbonic-anhydrase-vii,target/mycobacterium-tuberculosis-h37rv,390,0.5077,false,false,hub,hub
target/catechol-o-methyltransferase,target/macrophage-stimulating-protein-receptor,390,0.5077,false,false,hub,hub
target/cats,target/streptococcus-pneumoniae,390,0.5077,false,false,hub,hub
target/comt,target/lat1,390,0.5077,false,false,hub,hub
target/dopamine-beta-hydroxylase,target/histamine-h2-receptor,390,0.5077,false,false,hub,hub
target/gpr55,target/tspo,390,0.5077,false,false,hub,hub
target/hdac9,target/protein-farnesyltransferase,390,0.5077,false,false,hub,hub
target/hepatocyte-growth-factor-receptor-hepatocyte-growth-factor-receptor,target/vitamin-d-receptor,390,0.5077,false,false,hub,hub
target/hepg2,target/mycobacterium-tuberculosis-h37rv,390,0.5077,false,false,hub,hub
target/histamine-h1-receptor-histamine-h1-receptor-hrh1-human,target/monoamine-oxidase-a,390,0.5077,false,false,hub,hub
target/m2-receptor,target/phosphodiesterase-4a-phosphodiesterase-4a,390,0.5077,false,false,hub,hub
target/m3k7,target/muscarinic-acetylcholine-receptor-m4,390,0.5077,false,false,hub,hub
target/monoamine-oxidase-a,target/serotonin-2-receptor-chembl2095200,390,0.5077,false,false,hub,hub
target/neurotrophic-receptor-tyrosine-kinase-3,target/p2y2-receptor,390,0.5077,false,false,hub,hub
target/pncb,target/xanthine-dehydrogenase,390,0.5077,false,false,hub,hub
target/progesterone-receptor-progesterone-receptor-prgr-human,target/thiazide-sensitive-sodium-chloride-cotransporter,390,0.5077,false,false,hub,hub
target/q38720,target/tlr4,390,0.5077,false,false,hub,hub
target/ripk1,target/rorg,390,0.5077,false,false,hub,hub
target/apj,target/rara,390,0.5076,false,false,hub,hub
target/apj,target/t2r31,390,0.5076,false,false,hub,hub
target/bmx,target/mdr1a,390,0.5076,false,false,hub,hub
target/cac1a,target/gdf8,390,0.5076,false,false,hub,hub
target/carbonic-anhydrase-xii,target/phosphodiesterase-4a,390,0.5076,false,false,hub,hub
target/clk1,target/q38720,390,0.5076,false,false,hub,hub
target/clk1,target/rxfp1,390,0.5076,false,false,hub,hub
target/comt,target/type-1-angiotensin-ii-receptor,390,0.5076,false,false,hub,hub
target/dopamine-beta-hydroxylase,target/trace-amine-associated-receptor-1,390,0.5076,false,false,hub,hub
target/glua2,target/kir2-3,390,0.5076,false,false,hub,hub
target/gpr55,target/sstr3,390,0.5076,false,false,hub,hub
target/hepatitis-c-virus,target/histamine-h2-receptor,390,0.5076,false,false,hub,hub
target/histone-deacetylase-8,target/streptococcus-pneumoniae,390,0.5076,false,false,hub,hub
target/hypoxia-inducible-factor-1-alpha,target/serotonin-1d-receptor,390,0.5076,false,false,hub,hub
target/il13,target/ripk1,390,0.5076,false,false,hub,hub
target/kcna5,target/pd2r,390,0.5076,false,false,hub,hub
target/lat1,target/q9z1j7,390,0.5076,false,false,hub,hub
target/pncb,target/xdh,390,0.5076,false,false,hub,hub
target/prostaglandin-secretion,target/xanthine-dehydrogenase,390,0.5076,false,false,hub,hub
target/abl2,target/q38720,390,0.5075,false,false,hub,hub
target/acha,target/aoxa,390,0.5075,false,false,hub,hub
target/aryl-hydrocarbon-receptor,target/histamine-h1-receptor-histamine-h1-receptor,390,0.5075,false,false,hub,hub
target/at1-receptor,target/neprilysin,390,0.5075,false,false,hub,hub
target/cltr2,target/lt4r1,390,0.5075,false,false,hub,hub
target/gpr55,target/rorg,390,0.5075,false,false,hub,hub
target/m1-receptor,target/m4-receptor,390,0.5075,false,false,hub,hub
target/null,target/topoisomerase-iv,390,0.5075,false,false,hub,hub
target/ptgfr,target/scn1b,390,0.5075,false,false,hub,hub
target/5-hydroxytryptamine-receptor-2a,target/muscarinic-acetylcholine-receptor-m4,390,0.5074,false,false,hub,hub
target/acha,target/sc5a1,390,0.5074,false,false,hub,hub
target/adrenergic-receptor-alpha,target/prostaglandin-secretion,390,0.5074,false,false,hub,hub
target/comt,target/serotonin-2-receptor,390,0.5074,false,false,hub,hub
target/cp51,target/tysy,390,0.5074,false,false,hub,hub
target/hypoxia-inducible-factor-1-alpha,target/response-to-oxidative-stress,390,0.5074,false,false,hub,hub
target/acetylcholinesterase-acetylcholinesterase,target/hmdh,390,0.5073,false,false,hub,hub
target/adrenergic-receptor-alpha-2,target/monoamine-oxidase-a,390,0.5073,false,false,hub,hub
target/alpha-1a-adrenergic-receptor,target/thiazide-sensitive-sodium-chloride-cotransporter,390,0.5073,false,false,hub,hub
target/cytochrome-p450-2c19,target/pdpk1,390,0.5073,false,false,hub,hub
target/hmdh,target/plasmodium-falciparum,390,0.5073,false,false,hub,hub
target/hmdh,target/serotonin-1d-receptor,390,0.5073,false,false,hub,hub
target/human-immunodeficiency-virus-type-1-protease,target/serotonin-2a-receptor-chembl322,390,0.5073,false,false,hub,hub
target/integrin-alpha-iib-beta-3,target/pncb,390,0.5073,false,false,hub,hub
target/mmp13-mmp13,target/pncb,390,0.5073,false,false,hub,hub
target/monoamine-oxidase,target/pgrc1,390,0.5073,false,false,hub,hub
target/monoamine-oxidase-a,target/smooth-muscle-contraction,390,0.5073,false,false,hub,hub
target/adrenergic-receptor-alpha-1,target/hmdh,390,0.5072,false,false,hub,hub
target/arachidonate-5-lipoxygenase-arachidonate-5-lipoxygenase,target/kpym,390,0.5072,false,false,hub,hub
target/cyclin-dependent-kinase-2-cyclin-e,target/peptidoglycan-biosynthesis,390,0.5072,false,false,hub,hub
target/cytochrome-p450-2d6,target/prostaglandin-secretion,390,0.5072,false,false,hub,hub
target/idhc,target/ks6b1,390,0.5072,false,false,hub,hub
target/m5-receptor,target/streptococcus-pneumoniae,390,0.5072,false,false,hub,hub
target/mycobacterium-tuberculosis,target/opioid-receptors-mu-kappa-delta,390,0.5072,false,false,hub,hub
target/serotonin-2-receptor,target/serotonin-3-receptor,390,0.5072,false,false,hub,hub
target/5ht1f,target/5ht5a,390,0.5071,false,false,hub,hub
target/alpha-1a-adrenergic-receptor,target/dopamine-beta-hydroxylase,390,0.5071,false,false,hub,hub
target/alpha-2b-adrenergic-receptor,target/scn1b,390,0.5071,false,false,hub,hub
target/arachidonate-5-lipoxygenase-arachidonate-5-lipoxygenase,target/glun1,390,0.5071,false,false,hub,hub
target/arachidonate-5-lipoxygenase-arachidonate-5-lipoxygenase,target/kcna5,390,0.5071,false,false,hub,hub
target/cyp11b1,target/scn1b,390,0.5071,false,false,hub,hub
target/hepg2,target/hmdh,390,0.5071,false,false,hub,hub
target/histamine-h2-receptor,target/pgrc1,390,0.5071,false,false,hub,hub
target/human-immunodeficiency-virus-type-1-protease,target/kcnk2,390,0.5071,false,false,hub,hub
target/2b-adrenoceptor,target/abcb1,390,0.507,false,false,hub,hub
target/2b-adrenoceptor,target/aldo-keto-reductase-family-1-member-b,390,0.507,false,false,hub,hub
target/2b-adrenoceptor,target/p2y2-receptor,390,0.507,false,false,hub,hub
target/5ht1f,target/cyp11b1,390,0.507,false,false,hub,hub
target/abcb1,target/sstr3,390,0.507,false,false,hub,hub
target/angiogenesis,target/carbonic-anhydrase-xii,390,0.507,false,false,hub,hub
target/angiogenesis,target/leukocyte-elastase,390,0.507,false,false,hub,hub
target/angiotensin-converting-enzyme-angiotensin-converting-enzyme-ace-human,target/hmdh,390,0.507,false,false,hub,hub
target/aryl-hydrocarbon-receptor,target/bmx,390,0.507,false,false,hub,hub
target/catechol-o-methyltransferase,target/glun1,390,0.507,false,false,hub,hub
target/catechol-o-methyltransferase,target/topoisomerase-iv,390,0.507,false,false,hub,hub
target/comt,target/protein-farnesyltransferase,390,0.507,false,false,hub,hub
target/comt,target/trpv3,390,0.507,false,false,hub,hub
target/ctla4,target/integrin-alpha-iib-beta-3,390,0.507,false,false,hub,hub
target/cyp11b1,target/kcnq1,390,0.507,false,false,hub,hub
target/cysteinyl-leukotriene-receptor-1,target/il13,390,0.507,false,false,hub,hub
target/enpp2,target/nitric-oxide-synthase-inducible,390,0.507,false,false,hub,hub
target/gaba-a-receptor-agonist-gaba-site,target/thiazide-sensitive-sodium-chloride-cotransporter,390,0.507,false,false,hub,hub
target/hepatitis-b-virus,target/rorg,390,0.507,false,false,hub,hub
target/il13,target/pncb,390,0.507,false,false,hub,hub
target/integrin-alpha-iib-beta-3,target/pd2r,390,0.507,false,false,hub,hub
target/integrin-alpha-iib-beta-3,target/sulfonylurea-receptors-k-atp-channels,390,0.507,false,false,hub,hub
target/lipid-metabolic-process,target/nitric-oxide-synthase-inducible,390,0.507,false,false,hub,hub
target/p2y2-receptor,target/phosphodiesterase-4a,390,0.507,false,false,hub,hub
target/pd2r,target/thiazide-sensitive-sodium-chloride-cotransporter,390,0.507,false,false,hub,hub
target/pncb,target/thromboxane-a2-receptor,390,0.507,false,false,hub,hub
target/serotonin-1d-receptor,target/streptococcus-pneumoniae,390,0.507,false,false,hub,hub
target/5-hydroxytryptamine-receptor-2a,target/histamine-h1-receptor-histamine-h1-receptor,390,0.5069,false,false,hub,hub
target/5ntd,target/nitric-oxide-synthase-inducible,390,0.5069,false,false,hub,hub
target/aldo-keto-reductase-family-1-member-b,target/asic3,390,0.5069,false,false,hub,hub
target/aldo-keto-reductase-family-1-member-b,target/hepatitis-c-virus,390,0.5069,false,false,hub,hub
target/aldo-keto-reductase-family-1-member-b,target/thromboxane-a2-receptor,390,0.5069,false,false,hub,hub
target/amp-activated-protein-kinase-ampk,target/pgrc1,390,0.5069,false,false,hub,hub
target/angiogenesis,target/at1a2,390,0.5069,false,false,hub,hub
target/angiogenesis,target/bmr1b,390,0.5069,false,false,hub,hub
target/angiogenesis,target/mtlr,390,0.5069,false,false,hub,hub
target/apj,target/aryl-hydrocarbon-receptor-aryl-hydrocarbon-receptor,390,0.5069,false,false,hub,hub
target/apj,target/clk1,390,0.5069,false,false,hub,hub
target/arachidonate-5-lipoxygenase-arachidonate-5-lipoxygenase,target/response-to-oxidative-stress,390,0.5069,false,false,hub,hub
target/c-jun-n-terminal-kinase-1,target/neprilysin,390,0.5069,false,false,hub,hub
target/comt,target/reactive-oxygen-species-biosynthetic-process,390,0.5069,false,false,hub,hub
target/cp51,target/streptococcus-pneumoniae,390,0.5069,false,false,hub,hub
target/cysteinyl-leukotriene-receptor-1,target/kcma1,390,0.5069,false,false,hub,hub
target/cysteinyl-leukotriene-receptor-1,target/serotonin-1b-receptor,390,0.5069,false,false,hub,hub
target/enpp2,target/thiazide-sensitive-sodium-chloride-cotransporter,390,0.5069,false,false,hub,hub
target/gaba-a-receptor-agonist-gaba-site,target/trpc4,390,0.5069,false,false,hub,hub
target/hepatitis-b-virus,target/ripk1,390,0.5069,false,false,hub,hub
target/integrin-alpha-iib-beta-3,target/null,390,0.5069,false,false,hub,hub
target/m3k7,target/serotonin-7-receptor,390,0.5069,false,false,hub,hub
target/m5-receptor,target/trpv3,390,0.5069,false,false,hub,hub
target/mmp13-mmp13,target/pd2r,390,0.5069,false,false,hub,hub
target/monoamine-oxidase-b,target/mycobacterium-tuberculosis-h37rv,390,0.5069,false,false,hub,hub
target/monoamine-oxidase-b,target/prostaglandin-secretion,390,0.5069,false,false,hub,hub
target/nitric-oxide-synthase-inducible,target/p53-binding-protein-mdm-2,390,0.5069,false,false,hub,hub
target/pd2r,target/trpc4,390,0.5069,false,false,hub,hub
target/pregnane-x-receptor,target/thromboxane-a2-receptor,390,0.5069,false,false,hub,hub
target/rorg,target/scn1b,390,0.5069,false,false,hub,hub
target/2b-adrenoceptor,target/m3k7,390,0.5068,false,false,hub,hub
target/5ht1f,target/lt4r2,390,0.5068,false,false,hub,hub
target/abl2,target/vitamin-d-receptor,390,0.5068,false,false,hub,hub
target/acetylcholinesterase-acetylcholinesterase,target/protein-farnesyltransferase,390,0.5068,false,false,hub,hub
target/acyl-coenzyme-a-cholesterol-acyltransferase-1,target/streptococcus-pneumoniae,390,0.5068,false,false,hub,hub
target/alpha-2a-adrenergic-receptor,target/integrin-alpha-iib-beta-3,390,0.5068,false,false,hub,hub
target/amine-oxidase-flavin-containing-a,target/klrba,390,0.5068,false,false,hub,hub
target/angiogenesis,target/angiotensin-converting-enzyme,390,0.5068,false,false,hub,hub
target/aoxa,target/sstr3,390,0.5068,false,false,hub,hub
target/apj,target/hdac9,390,0.5068,false,false,hub,hub
target/apj,target/m3k7,390,0.5068,false,false,hub,hub
target/aryl-hydrocarbon-receptor,target/cytochrome-p450-1a1,390,0.5068,false,false,hub,hub
target/camp-dependent-protein-kinase,target/tspo,390,0.5068,false,false,hub,hub
target/carbonic-anhydrase-vii,target/serotonin-3-receptor,390,0.5068,false,false,hub,hub
target/catechol-o-methyltransferase,target/hepg2,390,0.5068,false,false,hub,hub
target/cp1a2,target/hmdh,390,0.5068,false,false,hub,hub
target/cp51,target/kpym,390,0.5068,false,false,hub,hub
target/cysltr1,target/mmp13-mmp13,390,0.5068,false,false,hub,hub
target/cysteinyl-leukotriene-receptor-1,target/neuronal-acetylcholine-receptor-alpha3-beta4,390,0.5068,false,false,hub,hub
target/cysteinyl-leukotriene-receptor-1,target/trpm8,390,0.5068,false,false,hub,hub
target/d1-receptor,target/opioid-receptors-mu-kappa-delta,390,0.5068,false,false,hub,hub
target/enpp2,target/tspo,390,0.5068,false,false,hub,hub
target/hepatitis-b-virus,target/map-kinase-p38-beta,390,0.5068,false,false,hub,hub
target/hepatitis-b-virus,target/peroxisome-proliferator-activated-receptor-alpha-peroxisome-proliferator-activated-receptor-alpha,390,0.5068,false,false,hub,hub
target/hepatocyte-growth-factor-receptor-hepatocyte-growth-factor-receptor,target/human-immunodeficiency-virus-type-1-protease,390,0.5068,false,false,hub,hub
target/human-immunodeficiency-virus-type-1-protease,target/peroxisome-proliferator-activated-receptor-alpha-peroxisome-proliferator-activated-receptor-alpha,390,0.5068,false,false,hub,hub
target/integrin-alpha-iib-beta-3,target/macrophage-stimulating-protein-receptor,390,0.5068,false,false,hub,hub
target/kcnq1,target/phosphodiesterase-4a,390,0.5068,false,false,hub,hub
target/matrix-metalloproteinase-1,target/pregnane-x-receptor,390,0.5068,false,false,hub,hub
target/matrix-metalloproteinase-13,target/pregnane-x-receptor,390,0.5068,false,false,hub,hub
target/mycobacterium-tuberculosis-h37rv,target/serotonin-1b-receptor,390,0.5068,false,false,hub,hub
target/ripk1,target/scn1b,390,0.5068,false,false,hub,hub
target/5ntd,target/sstr3,390,0.5067,false,false,hub,hub
target/alpha-2a-adrenergic-receptor-alpha-2a-adrenergic-receptor,target/pi3k-akt-signaling-pathway,390,0.5067,false,false,hub,hub
target/alpha-2b-adrenergic-receptor,target/dna-topoisomerase-1,390,0.5067,false,false,hub,hub
target/aoxa,target/asic3,390,0.5067,false,false,hub,hub
target/aoxa,target/beta-amyloid-a4-protein,390,0.5067,false,false,hub,hub
target/arachidonate-5-lipoxygenase-arachidonate-5-lipoxygenase,target/tyrosine-protein-kinase-tie-2,390,0.5067,false,false,hub,hub
target/camp-dependent-protein-kinase,target/monoamine-oxidase,390,0.5067,false,false,hub,hub
target/cell-proliferation,target/plasmodium-falciparum,390,0.5067,false,false,hub,hub
target/cell-proliferation,target/serotonin-1d-receptor,390,0.5067,false,false,hub,hub
target/clk1,target/serotonin-1b-receptor,390,0.5067,false,false,hub,hub
target/cyclin-dependent-kinase-8,target/hepatocyte-growth-factor-receptor-hepatocyte-growth-factor-receptor,390,0.5067,false,false,hub,hub
target/cysltr1,target/prostaglandin-biosynthetic-process,390,0.5067,false,false,hub,hub
target/glua2,target/vrac,390,0.5067,false,false,hub,hub
target/glun1,target/kcna5,390,0.5067,false,false,hub,hub
target/histone-deacetylase-8,target/thiazide-sensitive-sodium-chloride-cotransporter,390,0.5067,false,false,hub,hub
target/leukocyte-elastase,target/mycobacterium-tuberculosis-h37rv,390,0.5067,false,false,hub,hub
target/lipid-metabolic-process,target/vitamin-d-receptor,390,0.5067,false,false,hub,hub
target/macrophage-stimulating-protein-receptor,target/serotonin-7-receptor,390,0.5067,false,false,hub,hub
target/mdr1a,target/ren,390,0.5067,false,false,hub,hub
target/mtlr,target/pncb,390,0.5067,false,false,hub,hub
target/null,target/vitamin-d-receptor,390,0.5067,false,false,hub,hub
target/protein-farnesyltransferase,target/serum-albumin,390,0.5067,false,false,hub,hub
target/acha,target/kcna5,390,0.5066,false,false,hub,hub
target/acyl-coenzyme-a-cholesterol-acyltransferase-1,target/serum-albumin,390,0.5066,false,false,hub,hub
target/at1a1,target/kpym,390,0.5066,false,false,hub,hub
target/at1a2,target/scn1b,390,0.5066,false,false,hub,hub
target/cac1a,target/kpct,390,0.5066,false,false,hub,hub
target/chle,target/kcnk2,390,0.5066,false,false,hub,hub
target/cp51,target/mmp12,390,0.5066,false,false,hub,hub
target/enpp2,target/tpa,390,0.5066,false,false,hub,hub
target/gaba-a-receptor-agonist-gaba-site,target/opioid-receptors-mu-kappa-delta,390,0.5066,false,false,hub,hub
target/gdf8,target/lt4r2,390,0.5066,false,false,hub,hub
target/gper1,target/hdac9,390,0.5066,false,false,hub,hub
target/kcnq1,target/t2r31,390,0.5066,false,false,hub,hub
target/mycobacterium-tuberculosis-h37rv,target/oxytocin-receptor,390,0.5066,false,false,hub,hub
target/q9z1j7,target/xdh,390,0.5066,false,false,hub,hub
target/abcg2,target/xanthine-dehydrogenase,390,0.5065,false,false,hub,hub
target/angiotensin-converting-enzyme,target/prostaglandin-secretion,390,0.5065,false,false,hub,hub
target/aoxa,target/thas,390,0.5065,false,false,hub,hub
target/dopamine-receptor,target/vitamin-d-receptor,390,0.5065,false,false,hub,hub
target/hepatitis-c-virus,target/pdpk1,390,0.5065,false,false,hub,hub
target/kir2-3,target/peptidoglycan-biosynthesis,390,0.5065,false,false,hub,hub
target/tpa,target/tysy,390,0.5065,false,false,hub,hub
target/5-ht5a-receptor,target/asic3,390,0.5064,false,false,hub,hub
target/acha,target/psb8,390,0.5064,false,false,hub,hub
target/aoxa,target/gprc6,390,0.5064,false,false,hub,hub
target/at1a2,target/pd2r,390,0.5064,false,false,hub,hub
target/beta-amyloid-a4-protein,target/mapk-signaling-pathway,390,0.5064,false,false,hub,hub
target/fpr1,target/mdr1a,390,0.5064,false,false,hub,hub
target/kpym,target/lkha4,390,0.5064,false,false,hub,hub
target/m5-receptor,target/type-1-angiotensin-ii-receptor-type-1-angiotensin-ii-receptor,390,0.5064,false,false,hub,hub
target/adrenergic-receptor-alpha-2,target/vitamin-d-receptor,390,0.5063,false,false,hub,hub
target/aryl-hydrocarbon-receptor,target/kca2-2,390,0.5063,false,false,hub,hub
target/at1-receptor,target/tspo,390,0.5063,false,false,hub,hub
target/mycobacterium-tuberculosis,target/tlr4,390,0.5063,false,false,hub,hub
target/smooth-muscle-contraction,target/vitamin-d-receptor,390,0.5063,false,false,hub,hub
target/2b-adrenoceptor,target/arachidonate-5-lipoxygenase-arachidonate-5-lipoxygenase,390,0.5062,false,false,hub,hub
target/acetylcholinesterase-acetylcholinesterase,target/type-1-angiotensin-ii-receptor-type-1-angiotensin-ii-receptor,390,0.5062,false,false,hub,hub
target/alpha-2b-adrenergic-receptor,target/at1-receptor,390,0.5062,false,false,hub,hub
target/angiogenesis,target/kcnq1,390,0.5062,false,false,hub,hub
target/aoc3,target/apj,390,0.5062,false,false,hub,hub
target/aoc3,target/kcnk2,390,0.5062,false,false,hub,hub
target/aryl-hydrocarbon-receptor-aryl-hydrocarbon-receptor,target/peptidoglycan-biosynthesis,390,0.5062,false,false,hub,hub
target/cyclin-dependent-kinase-2-cyclin-e,target/hmdh,390,0.5062,false,false,hub,hub
target/hmdh,target/matrix-metalloproteinase-13,390,0.5062,false,false,hub,hub
target/kcnk2,target/neprilysin,390,0.5062,false,false,hub,hub
target/peptidoglycan-biosynthesis,target/pregnane-x-receptor,390,0.5062,false,false,hub,hub
target/streptococcus-pneumoniae,target/trpc4,390,0.5062,false,false,hub,hub
target/adrenergic-receptor-alpha-2,target/opioid-receptors-mu-kappa-delta,390,0.5061,false,false,hub,hub
target/adrenergic-receptor-alpha-2,target/sodium-glucose-cotransporter-2-sodium-glucose-cotransporter-2,390,0.5061,false,false,hub,hub
target/alpha-2a-adrenergic-receptor-alpha-2a-adrenergic-receptor,target/cac1a,390,0.5061,false,false,hub,hub
target/asic3,target/neprilysin,390,0.5061,false,false,hub,hub
target/cyp11b1,target/serotonin-3-receptor,390,0.5061,false,false,hub,hub
target/gaba-a-receptor-agonist-gaba-site,target/mycobacterium-tuberculosis,390,0.5061,false,false,hub,hub
target/glun1,target/integrin-alpha-iib-beta-3,390,0.5061,false,false,hub,hub
target/hepatitis-b-virus,target/scn1b,390,0.5061,false,false,hub,hub
target/human-immunodeficiency-virus-type-1-protease,target/tlr4,390,0.5061,false,false,hub,hub
target/lt4r2,target/neprilysin,390,0.5061,false,false,hub,hub
target/neprilysin,target/rorg,390,0.5061,false,false,hub,hub
target/plasmodium-falciparum,target/thiazide-sensitive-sodium-chloride-cotransporter,390,0.5061,false,false,hub,hub
target/smooth-muscle-contraction,target/sodium-glucose-cotransporter-2-sodium-glucose-cotransporter-2,390,0.5061,false,false,hub,hub
target/2b-adrenoceptor,target/monoamine-oxidase-a,390,0.506,false,false,hub,hub
target/2b-adrenoceptor,target/serotonin-3-receptor,390,0.506,false,false,hub,hub
target/5ht1f,target/pncb,390,0.506,false,false,hub,hub
target/abcb1,target/mycobacterium-tuberculosis-h37rv,390,0.506,false,false,hub,hub
target/angiogenesis,target/beta-2-adrenergic-receptor-beta-2-adrenergic-receptor,390,0.506,false,false,hub,hub
target/angiogenesis,target/fpr1,390,0.506,false,false,hub,hub
target/aryl-hydrocarbon-receptor-aryl-hydrocarbon-receptor,target/prostaglandin-secretion,390,0.506,false,false,hub,hub
target/cac1a,target/mmp13-mmp13,390,0.506,false,false,hub,hub
target/cac1a,target/trpc4,390,0.506,false,false,hub,hub
target/comt,target/kcnj8,390,0.506,false,false,hub,hub
target/cp51,target/thiazide-sensitive-sodium-chloride-cotransporter,390,0.506,false,false,hub,hub
target/cyclin-dependent-kinase-2-cyclin-e,target/streptococcus-pneumoniae,390,0.506,false,false,hub,hub
target/cyp11b1,target/monoamine-oxidase-a,390,0.506,false,false,hub,hub
target/cyp11b1,target/plasmodium-falciparum,390,0.506,false,false,hub,hub
target/cysteinyl-leukotriene-receptor-1,target/hdac9,390,0.506,false,false,hub,hub
target/gdf8,target/kir2-3,390,0.506,false,false,hub,hub
target/h2-receptor,target/serotonin-3-receptor,390,0.506,false,false,hub,hub
target/hepatitis-c-virus,target/serotonin-3-receptor,390,0.506,false,false,hub,hub
target/hmdh,target/ks6b1,390,0.506,false,false,hub,hub
target/hmdh,target/rara,390,0.506,false,false,hub,hub
target/hmdh,target/t2r31,390,0.506,false,false,hub,hub
target/hmdh,target/t2r39,390,0.506,false,false,hub,hub
target/kcma1,target/neprilysin,390,0.506,false,false,hub,hub
target/kcnq1,target/pncb,390,0.506,false,false,hub,hub
target/map2,target/vrac,390,0.506,false,false,hub,hub
target/muscarinic-acetylcholine-receptor-m4,target/serotonin-7-receptor,390,0.506,false,false,hub,hub
target/net,target/nitric-oxide-synthase-inducible,390,0.506,false,false,hub,hub
target/null,target/pgrc1,390,0.506,false,false,hub,hub
target/peroxisome-proliferator-activated-receptor-alpha-peroxisome-proliferator-activated-receptor-alpha,target/vrac,390,0.506,false,false,hub,hub
target/pregnane-x-receptor,target/prostaglandin-secretion,390,0.506,false,false,hub,hub
target/2b-adrenoceptor,target/abcg2,390,0.5059,false,false,hub,hub
target/5-hydroxytryptamine-receptor-1a,target/integrin-alpha-iib-beta-3,390,0.5059,false,false,hub,hub
target/5ht1f,target/aldo-keto-reductase-family-1-member-b,390,0.5059,false,false,hub,hub
target/5ht1f,target/mycobacterium-tuberculosis-h37rv,390,0.5059,false,false,hub,hub
target/5ht1f,target/p2y2-receptor,390,0.5059,false,false,hub,hub
target/adrenergic-receptor-alpha-1,target/apj,390,0.5059,false,false,hub,hub
target/adrenergic-receptor-alpha-1,target/cyp11b1,390,0.5059,false,false,hub,hub
target/alpha-2a-adrenergic-receptor-alpha-2a-adrenergic-receptor,target/at1a1,390,0.5059,false,false,hub,hub
target/alpha-2b-adrenergic-receptor,target/cytochrome-p450-2c19,390,0.5059,false,false,hub,hub
target/angiogenesis,target/pdpk1,390,0.5059,false,false,hub,hub
target/angiogenesis,target/rir1,390,0.5059,false,false,hub,hub
target/aoxa,target/tlr4,390,0.5059,false,false,hub,hub
target/asic3,target/kpym,390,0.5059,false,false,hub,hub
target/asic3,target/monoamine-oxidase-a,390,0.5059,false,false,hub,hub
target/catechol-o-methyltransferase,target/map2,390,0.5059,false,false,hub,hub
target/clk1,target/p2y2-receptor,390,0.5059,false,false,hub,hub
target/comt,target/rara,390,0.5059,false,false,hub,hub
target/comt,target/t2r31,390,0.5059,false,false,hub,hub
target/cysteinyl-leukotriene-receptor-1,target/null,390,0.5059,false,false,hub,hub
target/d1-receptor,target/pregnane-x-receptor,390,0.5059,false,false,hub,hub
target/dopamine-beta-hydroxylase,target/kpym,390,0.5059,false,false,hub,hub
target/dopamine-beta-hydroxylase,target/plasmodium-falciparum,390,0.5059,false,false,hub,hub
target/finc,target/prostaglandin-biosynthetic-process,390,0.5059,false,false,hub,hub
target/hepatitis-c-virus,target/monoamine-oxidase-a,390,0.5059,false,false,hub,hub
target/hepatocyte-growth-factor-receptor-hepatocyte-growth-factor-receptor,target/streptococcus-pneumoniae,390,0.5059,false,false,hub,hub
target/hepg2,target/integrin-alpha-iib-beta-3,390,0.5059,false,false,hub,hub
target/hepg2,target/thiazide-sensitive-sodium-chloride-cotransporter,390,0.5059,false,false,hub,hub
target/kcma1,target/serotonin-3-receptor,390,0.5059,false,false,hub,hub
target/kcnj8,target/m5-receptor,390,0.5059,false,false,hub,hub
target/kcnq1,target/mycobacterium-tuberculosis-h37rv,390,0.5059,false,false,hub,hub
target/kcnq1,target/p2y2-receptor,390,0.5059,false,false,hub,hub
target/m3k7,target/prostaglandin-secretion,390,0.5059,false,false,hub,hub
target/m5-receptor,target/peroxisome-proliferator-activated-receptor-alpha-peroxisome-proliferator-activated-receptor-alpha,390,0.5059,false,false,hub,hub
target/m5-receptor,target/sodium-glucose-cotransporter-2-sodium-glucose-cotransporter-2,390,0.5059,false,false,hub,hub
target/mmp13-mmp13,target/trpv3,390,0.5059,false,false,hub,hub
target/nitric-oxide-synthase-inducible,target/response-to-oxidative-stress,390,0.5059,false,false,hub,hub
target/prostaglandin-biosynthetic-process,target/protein-farnesyltransferase,390,0.5059,false,false,hub,hub
target/serotonin-1d-receptor,target/sstr3,390,0.5059,false,false,hub,hub
target/serotonin-7-receptor,target/serum-albumin,390,0.5059,false,false,hub,hub
target/serum-albumin,target/vitamin-d-receptor,390,0.5059,false,false,hub,hub
target/trpc4,target/trpv3,390,0.5059,false,false,hub,hub
target/5ntd,target/scn1b,390,0.5058,false,false,hub,hub
target/acetylcholinesterase-acetylcholinesterase,target/sodium-glucose-cotransporter-2-sodium-glucose-cotransporter-2,390,0.5058,false,false,hub,hub
target/adrenergic-receptor-alpha-1,target/cyclin-dependent-kinase-2-cyclin-e,390,0.5058,false,false,hub,hub
target/alpha-2a-adrenergic-receptor-alpha-2a-adrenergic-receptor,target/gamma-aminobutyric-acid-receptor-subunit-alpha-1,390,0.5058,false,false,hub,hub
target/angiogenesis,target/histone-deacetylase-11,390,0.5058,false,false,hub,hub
target/beta-2-adrenergic-receptor-beta-2-adrenergic-receptor,target/human-immunodeficiency-virus-type-1-protease,390,0.5058,false,false,hub,hub
target/cac1a,target/il13,390,0.5058,false,false,hub,hub
target/carbonic-anhydrase-xii,target/serotonin-3-receptor,390,0.5058,false,false,hub,hub
target/cdk14,target/hmdh,390,0.5058,false,false,hub,hub
target/clk1,target/hdac9,390,0.5058,false,false,hub,hub
target/cp51,target/dopamine-beta-hydroxylase,390,0.5058,false,false,hub,hub
target/cp51,target/tpa,390,0.5058,false,false,hub,hub
target/dna-topoisomerase-1,target/human-immunodeficiency-virus-type-1-protease,390,0.5058,false,false,hub,hub
target/farnesoid-x-receptor,target/vrac,390,0.5058,false,false,hub,hub
target/fibroblast-growth-factor-receptor-4,target/serotonin-7-receptor,390,0.5058,false,false,hub,hub
target/gaba-a-receptor-agonist-gaba-site,target/prostaglandin-secretion,390,0.5058,false,false,hub,hub
target/hepatitis-c-virus,target/serotonin-1d-receptor,390,0.5058,false,false,hub,hub
target/histamine-h1-receptor-histamine-h1-receptor-hrh1-human,target/pregnane-x-receptor,390,0.5058,false,false,hub,hub
target/hypoxia-inducible-factor-1-alpha,target/mycobacterium-tuberculosis-h37rv,390,0.5058,false,false,hub,hub
target/opioid-receptors-mu-kappa-delta,target/plasmodium-falciparum,390,0.5058,false,false,hub,hub
target/pregnane-x-receptor,target/sulfonylurea-receptors-k-atp-channels,390,0.5058,false,false,hub,hub
target/protein-farnesyltransferase,target/thromboxane-a2-receptor,390,0.5058,false,false,hub,hub
target/sc5a1,target/tlr4,390,0.5058,false,false,hub,hub
target/acaca,target/tlr4,390,0.5057,false,false,hub,hub
target/acha,target/beta-amyloid-a4-protein,390,0.5057,false,false,hub,hub
target/adrenergic-receptor-alpha-1,target/sodium-glucose-cotransporter-2-sodium-glucose-cotransporter-2,390,0.5057,false,false,hub,hub
target/anandamide-amidohydrolase,target/mycobacterium-tuberculosis-h37rv,390,0.5057,false,false,hub,hub
target/arachidonate-5-lipoxygenase,target/serotonin-1d-receptor,390,0.5057,false,false,hub,hub
target/aryl-hydrocarbon-receptor-aryl-hydrocarbon-receptor,target/beta-2-adrenergic-receptor-beta-2-adrenergic-receptor,390,0.5057,false,false,hub,hub
target/at1a2,target/q9z1j7,390,0.5057,false,false,hub,hub
target/beta-amyloid-a4-protein,target/net,390,0.5057,false,false,hub,hub
target/bmx,target/net,390,0.5057,false,false,hub,hub
target/cdk14,target/comt,390,0.5057,false,false,hub,hub
target/cell-growth,target/vitamin-d-receptor,390,0.5057,false,false,hub,hub
target/cell-proliferation,target/matrix-metalloproteinase-1,390,0.5057,false,false,hub,hub
target/clk1,target/klrba,390,0.5057,false,false,hub,hub
target/cysltr1,target/pregnane-x-receptor,390,0.5057,false,false,hub,hub
target/finc,target/kcma1,390,0.5057,false,false,hub,hub
target/gdf8,target/hdac9,390,0.5057,false,false,hub,hub
target/hepatitis-c-virus,target/t2r46,390,0.5057,false,false,hub,hub
target/il13,target/pde9a,390,0.5057,false,false,hub,hub
target/kcnq1,target/pd2r,390,0.5057,false,false,hub,hub
target/monoamine-oxidase-a,target/platelet-activating-factor-receptor,390,0.5057,false,false,hub,hub
target/mtlr,target/q9z1j7,390,0.5057,false,false,hub,hub
target/platelet-activating-factor-receptor,target/serotonin-1d-receptor,390,0.5057,false,false,hub,hub
target/ren,target/sc5a1,390,0.5057,false,false,hub,hub
target/abcg2,target/ret4,390,0.5056,false,false,hub,hub
target/abl2,target/enpp2,390,0.5056,false,false,hub,hub
target/aryl-hydrocarbon-receptor-aryl-hydrocarbon-receptor,target/macrophage-stimulating-protein-receptor,390,0.5056,false,false,hub,hub
target/asic3,target/cox-2,390,0.5056,false,false,hub,hub
target/c-c-chemokine-receptor-type-1,target/nitric-oxide-synthase-inducible,390,0.5056,false,false,hub,hub
target/cac1a,target/neuronal-acetylcholine-receptor-alpha3-beta4,390,0.5056,false,false,hub,hub
target/cytochrome-p450-2c19,target/trace-amine-associated-receptor-1,390,0.5056,false,false,hub,hub
target/hepatitis-c-virus,target/reactive-oxygen-species-biosynthetic-process,390,0.5056,false,false,hub,hub
target/kpct,target/lt4r2,390,0.5056,false,false,hub,hub
target/neuronal-acetylcholine-receptor-alpha3-beta4,target/serum-albumin,390,0.5056,false,false,hub,hub
target/2b-adrenoceptor,target/histamine-h1-receptor-histamine-h1-receptor,390,0.5055,false,false,hub,hub
target/acha,target/acvr1,390,0.5055,false,false,hub,hub
target/acyl-coenzyme-a-cholesterol-acyltransferase-1,target/neuronal-acetylcholine-receptor-alpha3-beta4,390,0.5055,false,false,hub,hub
target/at1a2,target/cytochrome-p450-2c19,390,0.5055,false,false,hub,hub
target/cathepsin-k,target/cyclin-dependent-kinase-2-cyclin-e,390,0.5055,false,false,hub,hub
target/dopamine-beta-hydroxylase,target/histamine-h1-receptor-histamine-h1-receptor,390,0.5055,false,false,hub,hub
target/nitric-oxide-synthase-inducible-chembl4481,target/nos2,390,0.5055,false,false,hub,hub
target/pd2r,target/rir1,390,0.5055,false,false,hub,hub
target/tpa,target/xdh,390,0.5055,false,false,hub,hub
target/acvr1,target/psb8,390,0.5054,false,false,hub,hub
target/mmp13-mmp13,target/type-1-angiotensin-ii-receptor-type-1-angiotensin-ii-receptor,390,0.5054,false,false,hub,hub
target/trpc4,target/type-1-angiotensin-ii-receptor-type-1-angiotensin-ii-receptor,390,0.5054,false,false,hub,hub
target/comt,target/hmg-coa-reductase,390,0.5053,false,false,hub,hub
target/sstr3,target/type-1-angiotensin-ii-receptor-type-1-angiotensin-ii-receptor,390,0.5053,false,false,hub,hub
target/2b-adrenoceptor,target/nitric-oxide-synthase-inducible,390,0.5052,false,false,hub,hub
target/abcb1,target/smooth-muscle-contraction,390,0.5052,false,false,hub,hub
target/acetylcholinesterase-acetylcholinesterase,target/pgrc1,390,0.5052,false,false,hub,hub
target/adrenergic-receptor-alpha-2,target/aryl-hydrocarbon-receptor-aryl-hydrocarbon-receptor,390,0.5052,false,false,hub,hub
target/aldo-keto-reductase-family-1-member-b,target/comt,390,0.5052,false,false,hub,hub
target/aldo-keto-reductase-family-1-member-b,target/smooth-muscle-contraction,390,0.5052,false,false,hub,hub
target/alpha-2a-adrenergic-receptor-alpha-2a-adrenergic-receptor,target/apj,390,0.5052,false,false,hub,hub
target/amine-oxidase-flavin-containing-a,target/beta-1-adrenergic-receptor-beta-1-adrenergic-receptor,390,0.5052,false,false,hub,hub
target/beta-1-adrenergic-receptor-beta-1-adrenergic-receptor,target/mmp13-mmp13,390,0.5052,false,false,hub,hub
target/beta-1-adrenergic-receptor-beta-1-adrenergic-receptor,target/trpc4,390,0.5052,false,false,hub,hub
target/catechol-o-methyltransferase,target/pncb,390,0.5052,false,false,hub,hub
target/dopamine-beta-hydroxylase,target/type-1-angiotensin-ii-receptor-type-1-angiotensin-ii-receptor,390,0.5052,false,false,hub,hub
target/muscarinic-acetylcholine-receptor-m4,target/mycobacterium-tuberculosis,390,0.5052,false,false,hub,hub
target/mycobacterium-tuberculosis,target/plasmodium-falciparum,390,0.5052,false,false,hub,hub
target/mycobacterium-tuberculosis,target/topoisomerase-iv,390,0.5052,false,false,hub,hub
target/phosphodiesterase-4a,target/type-1-angiotensin-ii-receptor-type-1-angiotensin-ii-receptor,390,0.5052,false,false,hub,hub
target/pncb,target/serotonin-2-receptor,390,0.5052,false,false,hub,hub
target/adrenergic-receptor-alpha-1,target/mycobacterium-tuberculosis,390,0.5051,false,false,hub,hub
target/amine-oxidase-flavin-containing-a,target/h2-receptor,390,0.5051,false,false,hub,hub
target/angiogenesis,target/rxfp1,390,0.5051,false,false,hub,hub
target/at1-receptor,target/d1-receptor,390,0.5051,false,false,hub,hub
target/at1-receptor,target/m2-receptor,390,0.5051,false,false,hub,hub
target/cell-proliferation,target/peptidoglycan-biosynthesis,390,0.5051,false,false,hub,hub
target/p2y2-receptor,target/serotonin-3-receptor,390,0.5051,false,false,hub,hub
target/trpc4,target/vitamin-d-receptor,390,0.5051,false,false,hub,hub
target/2b-adrenoceptor,target/h2-receptor,390,0.505,false,false,hub,hub
target/5ht1f,target/serotonin-3-receptor,390,0.505,false,false,hub,hub
target/abcg2,target/serotonin-3-receptor-chembl2111332,390,0.505,false,false,hub,hub
target/acetylcholinesterase-acetylcholinesterase,target/aldo-keto-reductase-family-1-member-b,390,0.505,false,false,hub,hub
target/acyl-coenzyme-a-cholesterol-acyltransferase-1,target/kir2-3,390,0.505,false,false,hub,hub
target/alpha-2a-adrenergic-receptor-alpha-2a-adrenergic-receptor,target/platelet-activating-factor-receptor,390,0.505,false,false,hub,hub
target/angiogenesis,target/carbonic-anhydrase-vii,390,0.505,false,false,hub,hub
target/angiotensin-converting-enzyme-angiotensin-converting-enzyme-ace-human,target/pgrc1,390,0.505,false,false,hub,hub
target/aoxa,target/arachidonate-5-lipoxygenase-arachidonate-5-lipoxygenase,390,0.505,false,false,hub,hub
target/apj,target/dopamine-beta-hydroxylase,390,0.505,false,false,hub,hub
target/arachidonate-5-lipoxygenase-arachidonate-5-lipoxygenase,target/cysltr1,390,0.505,false,false,hub,hub
target/arachidonate-5-lipoxygenase-arachidonate-5-lipoxygenase,target/histamine-h1-receptor-histamine-h1-receptor-hrh1-human,390,0.505,false,false,hub,hub
target/asic3,target/kcnk2,390,0.505,false,false,hub,hub
target/catechol-o-methyltransferase,target/cyclin-dependent-kinase-8,390,0.505,false,false,hub,hub
target/catechol-o-methyltransferase,target/sulfonylurea-receptors-k-atp-channels,390,0.505,false,false,hub,hub
target/comt,target/ctla4,390,0.505,false,false,hub,hub
target/dopamine-beta-hydroxylase,target/monoamine-oxidase,390,0.505,false,false,hub,hub
target/dopamine-beta-hydroxylase,target/sstr3,390,0.505,false,false,hub,hub
target/gdf8,target/vrac,390,0.505,false,false,hub,hub
target/h2-receptor,target/serotonin-7-receptor,390,0.505,false,false,hub,hub
target/hepg2,target/mycobacterium-tuberculosis,390,0.505,false,false,hub,hub
target/histamine-h2-receptor,target/nitric-oxide-synthase-inducible,390,0.505,false,false,hub,hub
target/integrin-alpha-iib-beta-3,target/ripk1,390,0.505,false,false,hub,hub
target/kcnq1,target/serotonin-3-receptor,390,0.505,false,false,hub,hub
target/kpym,target/tlr4,390,0.505,false,false,hub,hub
target/lt4r2,target/mmp13-mmp13,390,0.505,false,false,hub,hub
target/map2,target/nitric-oxide-synthase-inducible,390,0.505,false,false,hub,hub
target/matrix-metalloproteinase-1,target/mmp13-mmp13,390,0.505,false,false,hub,hub
target/nitric-oxide-synthase-inducible,target/ret4,390,0.505,false,false,hub,hub
target/null,target/vrac,390,0.505,false,false,hub,hub
target/pgrc1,target/reactive-oxygen-species-biosynthetic-process,390,0.505,false,false,hub,hub
target/scn1b,target/topoisomerase-iv,390,0.505,false,false,hub,hub
target/5-hydroxytryptamine-receptor-2a,target/hmdh,390,0.5049,false,false,hub,hub
target/abcg2,target/ren,390,0.5049,false,false,hub,hub
target/adrenergic-receptor-alpha-1,target/aldo-keto-reductase-family-1-member-b,390,0.5049,false,false,hub,hub
target/aldo-keto-reductase-family-1-member-b,target/trpv3,390,0.5049,false,false,hub,hub
target/alpha-2a-adrenergic-receptor,target/vrac,390,0.5049,false,false,hub,hub
target/alpha-2a-adrenergic-receptor-alpha-2a-adrenergic-receptor,target/mtlr,390,0.5049,false,false,hub,hub
target/amine-oxidase-flavin-containing-a,target/matrix-metalloproteinase-1,390,0.5049,false,false,hub,hub
target/amine-oxidase-flavin-containing-a,target/mu-type-opioid-receptor,390,0.5049,false,false,hub,hub
target/anandamide-amidohydrolase,target/m5-receptor,390,0.5049,false,false,hub,hub
target/anandamide-amidohydrolase,target/neprilysin,390,0.5049,false,false,hub,hub
target/angiogenesis,target/xdh,390,0.5049,false,false,hub,hub
target/apj,target/bmx,390,0.5049,false,false,hub,hub
target/apj,target/kv11-1,390,0.5049,false,false,hub,hub
target/arachidonate-5-lipoxygenase,target/mmp13-mmp13,390,0.5049,false,false,hub,hub
target/arachidonate-5-lipoxygenase-arachidonate-5-lipoxygenase,target/p53-binding-protein-mdm-2,390,0.5049,false,false,hub,hub
target/asic3,target/h2-receptor,390,0.5049,false,false,hub,hub
target/atm,target/hepatitis-b-virus,390,0.5049,false,false,hub,hub
target/atm,target/human-immunodeficiency-virus-type-1-protease,390,0.5049,false,false,hub,hub
target/bacterial-dna-gyrase,target/thiazide-sensitive-sodium-chloride-cotransporter,390,0.5049,false,false,hub,hub
target/cac1a,target/scn1b,390,0.5049,false,false,hub,hub
target/carbonic-anhydrase-xii,target/trpc4,390,0.5049,false,false,hub,hub
target/carbonic-anhydrase-xii,target/tspo,390,0.5049,false,false,hub,hub
target/catechol-o-methyltransferase,target/serotonin-2-receptor-chembl2095200,390,0.5049,false,false,hub,hub
target/cd40l,target/integrin-alpha-iib-beta-3,390,0.5049,false,false,hub,hub
target/cdc7,target/tspo,390,0.5049,false,false,hub,hub
target/cyp11b1,target/matrix-metalloproteinase-13,390,0.5049,false,false,hub,hub
target/cyp11b1,target/ripk1,390,0.5049,false,false,hub,hub
target/d1-receptor,target/monoamine-oxidase-a,390,0.5049,false,false,hub,hub
target/dopamine-beta-hydroxylase,target/phosphodiesterase-4a,390,0.5049,false,false,hub,hub
target/dopamine-beta-hydroxylase,target/thromboxane-a2-receptor,390,0.5049,false,false,hub,hub
target/fibroblast-growth-factor-receptor-4,target/human-immunodeficiency-virus-type-1-protease,390,0.5049,false,false,hub,hub
target/gaba-a-receptor-agonist-gaba-site,target/q9z1j7,390,0.5049,false,false,hub,hub
target/glun1,target/pregnane-x-receptor,390,0.5049,false,false,hub,hub
target/h2-receptor,target/kv11-1,390,0.5049,false,false,hub,hub
target/hepatitis-b-virus,target/rxfp1,390,0.5049,false,false,hub,hub
target/hepatocyte-growth-factor-receptor-hepatocyte-growth-factor-receptor,target/tspo,390,0.5049,false,false,hub,hub
target/integrin-alpha-iib-beta-3,target/lipid-oxidation,390,0.5049,false,false,hub,hub
target/integrin-alpha-iib-beta-3,target/map-kinase-p38-beta,390,0.5049,false,false,hub,hub
target/map2,target/sstr3,390,0.5049,false,false,hub,hub
target/mdr1a,target/tspo,390,0.5049,false,false,hub,hub
target/mmp12,target/prostaglandin-secretion,390,0.5049,false,false,hub,hub
target/mmp13-mmp13,target/mu-type-opioid-receptor,390,0.5049,false,false,hub,hub
target/monoamine-oxidase-b,target/prostaglandin-biosynthetic-process,390,0.5049,false,false,hub,hub
target/mycobacterium-tuberculosis-h37rv,target/topoisomerase-iv,390,0.5049,false,false,hub,hub
target/nitric-oxide-synthase-inducible,target/trpm8,390,0.5049,false,false,hub,hub
target/pregnane-x-receptor,target/protein-farnesyltransferase,390,0.5049,false,false,hub,hub
target/prostaglandin-biosynthetic-process,target/thromboxane-a2-receptor,390,0.5049,false,false,hub,hub
target/ret4,target/thiazide-sensitive-sodium-chloride-cotransporter,390,0.5049,false,false,hub,hub
target/ret4,target/tspo,390,0.5049,false,false,hub,hub
target/sc6a9,target/vrac,390,0.5049,false,false,hub,hub
target/5ntd,target/q9z1j7,390,0.5048,false,false,hub,hub
target/abcb1,target/phosphodiesterase-4a-phosphodiesterase-4a,390,0.5048,false,false,hub,hub
target/acyl-coenzyme-a-cholesterol-acyltransferase-1,target/aryl-hydrocarbon-receptor-aryl-hydrocarbon-receptor,390,0.5048,false,false,hub,hub
target/angiogenesis,target/voltage-gated-t-type-calcium-channel,390,0.5048,false,false,hub,hub
target/apj,target/ripk1,390,0.5048,false,false,hub,hub
target/apoptosis-regulator-bcl-2,target/integrin-alpha-iib-beta-3,390,0.5048,false,false,hub,hub
target/aryl-hydrocarbon-receptor-aryl-hydrocarbon-receptor,target/hepg2,390,0.5048,false,false,hub,hub
target/bmx,target/lt4r2,390,0.5048,false,false,hub,hub
target/cac1a,target/cyclin-dependent-kinase-8,390,0.5048,false,false,hub,hub
target/carbonic-anhydrase-vii,target/pregnane-x-receptor,390,0.5048,false,false,hub,hub
target/clk1,target/cp51,390,0.5048,false,false,hub,hub
target/comt,target/mapk-signaling-pathway,390,0.5048,false,false,hub,hub
target/cyclin-dependent-kinase-2-cyclin-e,target/opioid-receptors-mu-kappa-delta,390,0.5048,false,false,hub,hub
target/cyclin-dependent-kinase-8,target/protein-farnesyltransferase,390,0.5048,false,false,hub,hub
target/dna-topoisomerase-1,target/m5-receptor,390,0.5048,false,false,hub,hub
target/dopamine-beta-hydroxylase,target/sodium-glucose-cotransporter-2-sodium-glucose-cotransporter-2,390,0.5048,false,false,hub,hub
target/glun1,target/sulfonylurea-receptors-k-atp-channels,390,0.5048,false,false,hub,hub
target/h2-receptor,target/kcnj8,390,0.5048,false,false,hub,hub
target/il13,target/lt4r2,390,0.5048,false,false,hub,hub
target/kcna5,target/sulfonylurea-receptors-k-atp-channels,390,0.5048,false,false,hub,hub
target/kcnj8,target/lt4r2,390,0.5048,false,false,hub,hub
target/kcnk2,target/rara,390,0.5048,false,false,hub,hub
target/kcnk2,target/ret4,390,0.5048,false,false,hub,hub
target/kpcd1,target/pncb,390,0.5048,false,false,hub,hub
target/m2-receptor,target/trpv3,390,0.5048,false,false,hub,hub
target/m4-receptor,target/trpc4,390,0.5048,false,false,hub,hub
target/matrix-metalloproteinase-1,target/monoamine-oxidase,390,0.5048,false,false,hub,hub
target/mmp13-mmp13,target/oxytocin-receptor,390,0.5048,false,false,hub,hub
target/monoamine-oxidase-a,target/null,390,0.5048,false,false,hub,hub
target/neprilysin,target/serotonin-1a-receptor-chembl273,390,0.5048,false,false,hub,hub
target/net,target/p2y2-receptor,390,0.5048,false,false,hub,hub
target/neurotrophic-receptor-tyrosine-kinase-3,target/pregnane-x-receptor,390,0.5048,false,false,hub,hub
target/prostaglandin-secretion,target/reactive-oxygen-species-biosynthetic-process,390,0.5048,false,false,hub,hub
target/q9z1j7,target/rir1,390,0.5048,false,false,hub,hub
target/rara,target/serotonin-7-receptor,390,0.5048,false,false,hub,hub
target/ret4,target/sstr3,390,0.5048,false,false,hub,hub
target/sulfonylurea-receptors-k-atp-channels,target/topoisomerase-iv,390,0.5048,false,false,hub,hub
target/trpm8,target/tspo,390,0.5048,false,false,hub,hub
target/5-ht5a-receptor,target/m5-receptor,390,0.5047,false,false,hub,hub
target/5ht3c,target/comt,390,0.5047,false,false,hub,hub
target/abcg2,target/enpp2,390,0.5047,false,false,hub,hub
target/abcg2,target/sc5a1,390,0.5047,false,false,hub,hub
target/acvr1,target/dopamine-beta-hydroxylase,390,0.5047,false,false,hub,hub
target/acyl-coenzyme-a-cholesterol-acyltransferase-1,target/hypoxia-inducible-factor-1-alpha,390,0.5047,false,false,hub,hub
target/adrenergic-receptor-alpha-1,target/camp-dependent-protein-kinase,390,0.5047,false,false,hub,hub
target/aoxa,target/mmp12,390,0.5047,false,false,hub,hub
target/apj,target/t2r39,390,0.5047,false,false,hub,hub
target/atp4a,target/comt,390,0.5047,false,false,hub,hub
target/camp-dependent-protein-kinase,target/plasmodium-falciparum,390,0.5047,false,false,hub,hub
target/carbonic-anhydrase-xii,target/opioid-receptors-mu-kappa-delta,390,0.5047,false,false,hub,hub
target/cetp,target/tlr4,390,0.5047,false,false,hub,hub
target/cp51,target/pd2r,390,0.5047,false,false,hub,hub
target/dopamine-beta-hydroxylase,target/mtlr,390,0.5047,false,false,hub,hub
target/enpp2,target/kpym,390,0.5047,false,false,hub,hub
target/enpp2,target/mmp12,390,0.5047,false,false,hub,hub
target/fpr1,target/kpym,390,0.5047,false,false,hub,hub
target/hdac9,target/kpct,390,0.5047,false,false,hub,hub
target/hepatocyte-growth-factor-receptor-hepatocyte-growth-factor-receptor,target/lt4r2,390,0.5047,false,false,hub,hub
target/kcnj8,target/map2,390,0.5047,false,false,hub,hub
target/kpym,target/sc5a1,390,0.5047,false,false,hub,hub
target/lipid-oxidation,target/prostaglandin-biosynthetic-process,390,0.5047,false,false,hub,hub
target/lkha4,target/pncb,390,0.5047,false,false,hub,hub
target/matrix-metalloproteinase-1,target/matrix-metalloproteinase-13,390,0.5047,false,false,hub,hub
target/matrix-metalloproteinase-1,target/opioid-receptors-mu-kappa-delta,390,0.5047,false,false,hub,hub
target/muscarinic-acetylcholine-receptor-m4,target/tysy,390,0.5047,false,false,hub,hub
target/pdpk1,target/q9z1j7,390,0.5047,false,false,hub,hub
target/ret4,target/tpa,390,0.5047,false,false,hub,hub
target/sstr3,target/trpm8,390,0.5047,false,false,hub,hub
target/5ht5a,target/pncb,390,0.5046,false,false,hub,hub
target/at1a2,target/hepatitis-c-virus,390,0.5046,false,false,hub,hub
target/cytochrome-p450-2c19,target/histone-deacetylase-8,390,0.5046,false,false,hub,hub
target/cytochrome-p450-2c19,target/rir1,390,0.5046,false,false,hub,hub
target/hepatitis-c-virus,target/mtlr,390,0.5046,false,false,hub,hub
target/klrba,target/q38720,390,0.5046,false,false,hub,hub
target/map2,target/rara,390,0.5046,false,false,hub,hub
target/monoamine-oxidase-a,target/serotonin-1a-receptor-chembl273,390,0.5046,false,false,hub,hub
target/psb8,target/sulfonylurea-receptors-k-atp-channels,390,0.5046,false,false,hub,hub
target/amp-activated-protein-kinase-ampk,target/trace-amine-associated-receptor-1,390,0.5045,false,false,hub,hub
target/5-ht5a-receptor,target/net,390,0.5044,false,false,hub,hub
target/cyclin-dependent-kinase-2-cyclin-e,target/cyclin-dependent-kinase-7-cyclin-dependent-kinase-7,390,0.5044,false,false,hub,hub
target/matrix-metalloproteinase-13,target/matrix-metalloproteinase-9,390,0.5044,false,false,hub,hub
target/adrenergic-receptor-alpha-2,target/comt,390,0.5043,false,false,hub,hub
target/comt,target/smooth-muscle-contraction,390,0.5043,false,false,hub,hub
target/aoc3,target/streptococcus-pneumoniae,390,0.5042,false,false,hub,hub
target/peptidoglycan-biosynthesis,target/vitamin-d-receptor,390,0.5042,false,false,hub,hub
target/pgrc1,target/phosphodiesterase-4a,390,0.5042,false,false,hub,hub
target/scn1b,target/type-1-angiotensin-ii-receptor-type-1-angiotensin-ii-receptor,390,0.5042,false,false,hub,hub
target/adrenergic-receptor-alpha-2,target/topoisomerase-iv,390,0.5041,false,false,hub,hub
target/alpha-1a-adrenergic-receptor,target/trpc4,390,0.5041,false,false,hub,hub
target/alpha-2a-adrenergic-receptor-alpha-2a-adrenergic-receptor,target/d1-receptor,390,0.5041,false,false,hub,hub
target/alpha-2a-adrenergic-receptor-alpha-2a-adrenergic-receptor,target/m2-receptor,390,0.5041,false,false,hub,hub
target/amine-oxidase-flavin-containing-a,target/scn1b,390,0.5041,false,false,hub,hub
target/angiogenesis,target/il13,390,0.5041,false,false,hub,hub
target/angiogenesis,target/serine-threonine-protein-kinase-aurora-c,390,0.5041,false,false,hub,hub
target/aoc3,target/cac1a,390,0.5041,false,false,hub,hub
target/cyclin-dependent-kinase-2-cyclin-e,target/mycobacterium-tuberculosis,390,0.5041,false,false,hub,hub
target/dopamine-beta-hydroxylase,target/kir2-3,390,0.5041,false,false,hub,hub
target/h2-receptor,target/kca2-2,390,0.5041,false,false,hub,hub
target/hepatitis-c-virus,target/mycobacterium-tuberculosis,390,0.5041,false,false,hub,hub
target/hmg-coa-reductase,target/prostaglandin-biosynthetic-process,390,0.5041,false,false,hub,hub
target/matrix-metalloproteinase-13,target/mycobacterium-tuberculosis,390,0.5041,false,false,hub,hub
target/matrix-metalloproteinase-13,target/pgrc1,390,0.5041,false,false,hub,hub
target/monoamine-oxidase,target/peptidoglycan-biosynthesis,390,0.5041,false,false,hub,hub
target/monoamine-oxidase-b,target/pgrc1,390,0.5041,false,false,hub,hub
target/opioid-receptors-mu-kappa-delta,target/peptidoglycan-biosynthesis,390,0.5041,false,false,hub,hub
target/pde3a,target/phosphodiesterase-3,390,0.5041,false,false,hub,hub
target/sulfonylurea-receptors-k-atp-channels,target/type-1-angiotensin-ii-receptor-type-1-angiotensin-ii-receptor,390,0.5041,false,false,hub,hub
target/2b-adrenoceptor,target/prostaglandin-secretion,390,0.504,false,false,hub,hub
target/2b-adrenoceptor,target/scn1b,390,0.504,false,false,hub,hub
target/abcb1,target/amine-oxidase-flavin-containing-a,390,0.504,false,false,hub,hub
target/abcb1,target/monoamine-oxidase,390,0.504,false,false,hub,hub
target/abl2,target/nitric-oxide-synthase-inducible,390,0.504,false,false,hub,hub
target/adrenergic-receptor-alpha-1,target/serotonin-2-receptor,390,0.504,false,false,hub,hub
target/alpha-2a-adrenergic-receptor-alpha-2a-adrenergic-receptor,target/serotonin-2-receptor-chembl2095200,390,0.504,false,false,hub,hub
target/alpha-2b-adrenergic-receptor,target/clk1,390,0.504,false,false,hub,hub
target/angiogenesis,target/peroxisome-proliferator-activated-receptor-alpha-peroxisome-proliferator-activated-receptor-alpha,390,0.504,false,false,hub,hub
target/aoc3,target/rxfp1,390,0.504,false,false,hub,hub
target/apj,target/scn1b,390,0.504,false,false,hub,hub
target/aryl-hydrocarbon-receptor-aryl-hydrocarbon-receptor,target/dopamine-beta-hydroxylase,390,0.504,false,false,hub,hub
target/atm,target/neprilysin,390,0.504,false,false,hub,hub
target/cac1a,target/m5-receptor,390,0.504,false,false,hub,hub
target/casp1,target/kir2-3,390,0.504,false,false,hub,hub
target/cell-growth,target/hmdh,390,0.504,false,false,hub,hub
target/comt,target/serum-albumin,390,0.504,false,false,hub,hub
target/cox-2,target/hmdh,390,0.504,false,false,hub,hub
target/cyclin-dependent-kinase-8,target/integrin-alpha-iib-beta-3,390,0.504,false,false,hub,hub
target/cysteinyl-leukotriene-receptor-1,target/lt4r2,390,0.504,false,false,hub,hub
target/cysteinyl-leukotriene-receptor-1,target/ripk1,390,0.504,false,false,hub,hub
target/cysteinyl-leukotriene-receptor-1,target/serine-threonine-protein-kinase-aurora-c,390,0.504,false,false,hub,hub
target/cytochrome-p450-1a1,target/pgrc1,390,0.504,false,false,hub,hub
target/cytochrome-p450-2c19,target/vrac,390,0.504,false,false,hub,hub
target/gaba-a-receptor-agonist-gaba-site,target/mmp13-mmp13,390,0.504,false,false,hub,hub
target/gdf8,target/nitric-oxide-synthase-inducible,390,0.504,false,false,hub,hub
target/glrb,target/hmdh,390,0.504,false,false,hub,hub
target/h2-receptor,target/hepatitis-b-virus,390,0.504,false,false,hub,hub
target/h2-receptor,target/human-immunodeficiency-virus-type-1-protease,390,0.504,false,false,hub,hub
target/hdac9,target/mmp13-mmp13,390,0.504,false,false,hub,hub
target/hepatitis-c-virus,target/scn1b,390,0.504,false,false,hub,hub
target/hepatocyte-growth-factor-receptor-hepatocyte-growth-factor-receptor,target/mycobacterium-tuberculosis,390,0.504,false,false,hub,hub
target/il13,target/serotonin-3-receptor-chembl2111332,390,0.504,false,false,hub,hub
target/kir2-3,target/map-kinase-p38-beta,390,0.504,false,false,hub,hub
target/kir2-3,target/matrix-metalloproteinase-1,390,0.504,false,false,hub,hub
target/lt4r2,target/serotonin-3-receptor-chembl2111332,390,0.504,false,false,hub,hub
target/m5-receptor,target/muscarinic-acetylcholine-receptor-m4,390,0.504,false,false,hub,hub
target/matrix-metalloproteinase-1,target/peptidoglycan-biosynthesis,390,0.504,false,false,hub,hub
target/monoamine-oxidase-b,target/pncb,390,0.504,false,false,hub,hub
target/neprilysin,target/phosphodiesterase-4a-phosphodiesterase-4a,390,0.504,false,false,hub,hub
target/oxyr,target/oxytocin-receptor,390,0.504,false,false,hub,hub
target/plasmodium-falciparum,target/streptococcus-pneumoniae,390,0.504,false,false,hub,hub
target/pncb,target/ripk1,390,0.504,false,false,hub,hub
target/pncb,target/rorg,390,0.504,false,false,hub,hub
target/protein-farnesyltransferase,target/serotonin-2-receptor,390,0.504,false,false,hub,hub
target/serotonin-7-receptor,target/tlr4,390,0.504,false,false,hub,hub
target/5-ht3a,target/vrac,390,0.5039,false,false,hub,hub
target/5-hydroxytryptamine-receptor-1a,target/catechol-o-methyltransferase,390,0.5039,false,false,hub,hub
target/5ht1f,target/il13,390,0.5039,false,false,hub,hub
target/abcg2,target/muscarinic-acetylcholine-receptor-m4,390,0.5039,false,false,hub,hub
target/abl2,target/sstr3,390,0.5039,false,false,hub,hub
target/aldo-keto-reductase-family-1-member-b,target/map2,390,0.5039,false,false,hub,hub
target/amine-oxidase-flavin-containing-a,target/gdf8,390,0.5039,false,false,hub,hub
target/apj,target/ctla4,390,0.5039,false,false,hub,hub
target/arachidonate-5-lipoxygenase-arachidonate-5-lipoxygenase,target/reactive-oxygen-species-biosynthetic-process,390,0.5039,false,false,hub,hub
target/aryl-hydrocarbon-receptor,target/nicotinic-acetylcholine-receptor-4-subunit,390,0.5039,false,false,hub,hub
target/aryl-hydrocarbon-receptor,target/trace-amine-associated-receptor-1,390,0.5039,false,false,hub,hub
target/aryl-hydrocarbon-receptor-aryl-hydrocarbon-receptor,target/cyclin-dependent-kinase-2-cyclin-e,390,0.5039,false,false,hub,hub
target/aryl-hydrocarbon-receptor-aryl-hydrocarbon-receptor,target/lt4r2,390,0.5039,false,false,hub,hub
target/aryl-hydrocarbon-receptor-aryl-hydrocarbon-receptor,target/matrix-metalloproteinase-1,390,0.5039,false,false,hub,hub
target/c-jun-n-terminal-kinase-1,target/vrac,390,0.5039,false,false,hub,hub
target/casp1,target/pncb,390,0.5039,false,false,hub,hub
target/catechol-o-methyltransferase,target/response-to-oxidative-stress,390,0.5039,false,false,hub,hub
target/catechol-o-methyltransferase,target/trpv3,390,0.5039,false,false,hub,hub
target/comt,target/ngf,390,0.5039,false,false,hub,hub
target/comt,target/response-to-oxidative-stress,390,0.5039,false,false,hub,hub
target/ctla4,target/tspo,390,0.5039,false,false,hub,hub
target/cyp11b1,target/urok,390,0.5039,false,false,hub,hub
target/cysteinyl-leukotriene-receptor-1,target/map-kinase-p38-beta,390,0.5039,false,false,hub,hub
target/dna-topoisomerase-1,target/mmp13-mmp13,390,0.5039,false,false,hub,hub
target/dna-topoisomerase-1,target/trpc4,390,0.5039,false,false,hub,hub
target/err3,target/pgrc1,390,0.5039,false,false,hub,hub
target/finc,target/monoamine-oxidase-a,390,0.5039,false,false,hub,hub
target/gdf8,target/sstr3,390,0.5039,false,false,hub,hub
target/gper1,target/kir2-3,390,0.5039,false,false,hub,hub
target/hepatitis-b-virus,target/platelet-activating-factor-receptor,390,0.5039,false,false,hub,hub
target/hepatitis-c-virus,target/mycobacterium-tuberculosis-h37rv,390,0.5039,false,false,hub,hub
target/hepatocyte-growth-factor-receptor-hepatocyte-growth-factor-receptor,target/tlr4,390,0.5039,false,false,hub,hub
target/hepg2,target/streptococcus-pneumoniae,390,0.5039,false,false,hub,hub
target/human-immunodeficiency-virus-type-1-protease,target/kcma1,390,0.5039,false,false,hub,hub
target/hypoxia-inducible-factor-1-alpha,target/prostaglandin-biosynthetic-process,390,0.5039,false,false,hub,hub
target/il13,target/kcnq1,390,0.5039,false,false,hub,hub
target/il13,target/mycobacterium-tuberculosis-h37rv,390,0.5039,false,false,hub,hub
target/il13,target/p2y2-receptor,390,0.5039,false,false,hub,hub
target/ita4,target/tspo,390,0.5039,false,false,hub,hub
target/kcnq1,target/lt4r2,390,0.5039,false,false,hub,hub
target/kir2-3,target/p2y12,390,0.5039,false,false,hub,hub
target/klrba,target/thiazide-sensitive-sodium-chloride-cotransporter,390,0.5039,false,false,hub,hub
target/mdr1a,target/tlr4,390,0.5039,false,false,hub,hub
target/monoamine-oxidase-b,target/pregnane-x-receptor,390,0.5039,false,false,hub,hub
target/pde9a,target/q9z1j7,390,0.5039,false,false,hub,hub
target/pgrc1,target/progesterone-receptor-progesterone-receptor-prgr-human,390,0.5039,false,false,hub,hub
target/prostaglandin-biosynthetic-process,target/sulfonylurea-receptors-k-atp-channels,390,0.5039,false,false,hub,hub
target/prostaglandin-secretion,target/sodium-glucose-cotransporter-2-sodium-glucose-cotransporter-2,390,0.5039,false,false,hub,hub
target/5-hydroxytryptamine-receptor-1a,target/adrenergic-receptor-alpha-1,390,0.5038,false,false,hub,hub
target/5-hydroxytryptamine-receptor-2a,target/thiazide-sensitive-sodium-chloride-cotransporter,390,0.5038,false,false,hub,hub
target/abcg2,target/kcna5,390,0.5038,false,false,hub,hub
target/abl2,target/il13,390,0.5038,false,false,hub,hub
target/abl2,target/lt4r2,390,0.5038,false,false,hub,hub
target/aldo-keto-reductase-family-1-member-b,target/trpm8,390,0.5038,false,false,hub,hub
target/aoxa,target/mdr1a,390,0.5038,false,false,hub,hub
target/aryl-hydrocarbon-receptor,target/progesterone-receptor-progesterone-receptor-prgr-human,390,0.5038,false,false,hub,hub
target/asic3,target/m3k7,390,0.5038,false,false,hub,hub
target/bacterial-dna-gyrase,target/prostaglandin-secretion,390,0.5038,false,false,hub,hub
target/beta-2-adrenergic-receptor-beta-2-adrenergic-receptor,target/prostaglandin-biosynthetic-process,390,0.5038,false,false,hub,hub
target/bmx,target/hdac9,390,0.5038,false,false,hub,hub
target/c-jun-n-terminal-kinase-1,target/serotonin-3-receptor,390,0.5038,false,false,hub,hub
target/cac1a,target/finc,390,0.5038,false,false,hub,hub
target/carbonic-anhydrase-vii,target/monoamine-oxidase-a,390,0.5038,false,false,hub,hub
target/cyclin-dependent-kinase-2-cyclin-e,target/hypoxia-inducible-factor-1-alpha,390,0.5038,false,false,hub,hub
target/cyp19a1,target/hmdh,390,0.5038,false,false,hub,hub
target/cytochrome-p450-2c19,target/glun1,390,0.5038,false,false,hub,hub
target/cytochrome-p450-2c19,target/topoisomerase-iv,390,0.5038,false,false,hub,hub
target/dna-topoisomerase-1,target/phosphodiesterase-4a,390,0.5038,false,false,hub,hub
target/dna-topoisomerase-1,target/serotonin-7-receptor,390,0.5038,false,false,hub,hub
target/dopamine-beta-hydroxylase,target/hypoxia-inducible-factor-1-alpha,390,0.5038,false,false,hub,hub
target/dopamine-d2-receptor-chembl339,target/serotonin-3-receptor,390,0.5038,false,false,hub,hub
target/enpp2,target/vitamin-d-receptor,390,0.5038,false,false,hub,hub
target/gaba-a-receptor-agonist-gaba-site,target/kcma1,390,0.5038,false,false,hub,hub
target/hepatitis-b-virus,target/oxytocin-receptor,390,0.5038,false,false,hub,hub
target/hmdh,target/lkha4,390,0.5038,false,false,hub,hub
target/hmdh,target/maoa,390,0.5038,false,false,hub,hub
target/il2ra,target/q9z1j7,390,0.5038,false,false,hub,hub
target/kcnk2,target/pdpk1,390,0.5038,false,false,hub,hub
target/kcnq1,target/opioid-receptors-mu-kappa-delta,390,0.5038,false,false,hub,hub
target/klrba,target/tpa,390,0.5038,false,false,hub,hub
target/lipid-oxidation,target/mycobacterium-tuberculosis-h37rv,390,0.5038,false,false,hub,hub
target/m2-receptor,target/nicotinic-acetylcholine-receptor-4-subunit,390,0.5038,false,false,hub,hub
target/macrophage-stimulating-protein-receptor,target/tspo,390,0.5038,false,false,hub,hub
target/neuronal-acetylcholine-receptor-alpha3-beta4,target/tlr4,390,0.5038,false,false,hub,hub
target/nicotinic-acetylcholine-receptor-4-subunit,target/p2y2-receptor,390,0.5038,false,false,hub,hub
target/nitric-oxide-synthase-inducible,target/serotonin-1a-receptor-chembl273,390,0.5038,false,false,hub,hub
target/npy1r,target/tspo,390,0.5038,false,false,hub,hub
target/platelet-activating-factor-receptor,target/prostaglandin-secretion,390,0.5038,false,false,hub,hub
target/protein-farnesyltransferase,target/rxfp1,390,0.5038,false,false,hub,hub
target/reactive-oxygen-species-biosynthetic-process,target/topoisomerase-iv,390,0.5038,false,false,hub,hub
target/serotonin-3-receptor-chembl2111332,target/trpm8,390,0.5038,false,false,hub,hub
target/t2r31,target/tlr4,390,0.5038,false,false,hub,hub
target/tlr4,target/tn13b,390,0.5038,false,false,hub,hub
target/5-hydroxytryptamine-receptor-2a,target/dopamine-beta-hydroxylase,390,0.5037,false,false,hub,hub
target/acvr1,target/m3k7,390,0.5037,false,false,hub,hub
target/acvr1,target/sulfonylurea-receptors-k-atp-channels,390,0.5037,false,false,hub,hub
target/adrenergic-receptor-alpha-2-chembl2095158,target/prostaglandin-secretion,390,0.5037,false,false,hub,hub
target/aoxa,target/ret4,390,0.5037,false,false,hub,hub
target/at1a1,target/cp51,390,0.5037,false,false,hub,hub
target/cox-2,target/glun1,390,0.5037,false,false,hub,hub
target/dopamine-beta-hydroxylase,target/pi3k-akt-signaling-pathway,390,0.5037,false,false,hub,hub
target/dopamine-d2-receptor-chembl339,target/monoamine-oxidase-a,390,0.5037,false,false,hub,hub
target/enpp2,target/ret4,390,0.5037,false,false,hub,hub
target/hepatitis-c-virus,target/tysy,390,0.5037,false,false,hub,hub
target/hepg2,target/protein-farnesyltransferase,390,0.5037,false,false,hub,hub
target/histone-deacetylase-8,target/vitamin-d-receptor,390,0.5037,false,false,hub,hub
target/ita4,target/map2,390,0.5037,false,false,hub,hub
target/muscarinic-acetylcholine-receptor-m4,target/xanthine-dehydrogenase,390,0.5037,false,false,hub,hub
target/d-dopamine-receptor-d-2-dopamine-receptor-drd2-human,target/histamine-h1-receptor-histamine-h1-receptor-hrh1-human,390,0.5036,false,false,hub,hub
target/mtlr,target/pd2r,390,0.5036,false,false,hub,hub
target/cp1b1,target/enpp2,390,0.5035,false,false,hub,hub
target/cltr2,target/taar1,390,0.5034,false,false,hub,hub
target/muscarinic-acetylcholine-receptor-m2,target/muscarinic-acetylcholine-receptor-m4,390,0.5034,false,false,hub,hub
target/amine-oxidase-flavin-containing-a,target/aoc3,390,0.5032,false,false,hub,hub
target/aoc3,target/mmp13-mmp13,390,0.5032,false,false,hub,hub
target/beta-1-adrenergic-receptor-beta-1-adrenergic-receptor,target/vrac,390,0.5032,false,false,hub,hub
target/5ht1f,target/angiogenesis,390,0.5031,false,false,hub,hub
target/adrenergic-receptor-alpha-2,target/phosphodiesterase-4a,390,0.5031,false,false,hub,hub
target/alpha-1a-adrenergic-receptor,target/hepatitis-b-virus,390,0.5031,false,false,hub,hub
target/comt,target/h2-receptor,390,0.5031,false,false,hub,hub
target/cyp11b1,target/serotonin-2-receptor,390,0.5031,false,false,hub,hub
target/cysteinyl-leukotriene-receptor-1,target/scn1b,390,0.5031,false,false,hub,hub
target/d1-receptor,target/pgrc1,390,0.5031,false,false,hub,hub
target/hepatitis-c-virus,target/vrac,390,0.5031,false,false,hub,hub
target/hmg-coa-reductase,target/pncb,390,0.5031,false,false,hub,hub
target/hmg-coa-reductase,target/pregnane-x-receptor,390,0.5031,false,false,hub,hub
target/hmg-coa-reductase,target/prostaglandin-secretion,390,0.5031,false,false,hub,hub
target/kir2-3,target/ren,390,0.5031,false,false,hub,hub
target/m2-receptor,target/pgrc1,390,0.5031,false,false,hub,hub
target/phosphodiesterase-4a,target/smooth-muscle-contraction,390,0.5031,false,false,hub,hub
target/serotonin-1d-receptor,target/type-1-angiotensin-ii-receptor-type-1-angiotensin-ii-receptor,390,0.5031,false,false,hub,hub
target/serotonin-2-receptor,target/tspo,390,0.5031,false,false,hub,hub
target/5-hydroxytryptamine-receptor-1a,target/alpha-2a-adrenergic-receptor-alpha-2a-adrenergic-receptor,390,0.503,false,false,hub,hub
target/abcb1,target/aryl-hydrocarbon-receptor-aryl-hydrocarbon-receptor,390,0.503,false,false,hub,hub
target/abcb1,target/pregnane-x-receptor,390,0.503,false,false,hub,hub
target/abcg2,target/integrin-alpha-iib-beta-3,390,0.503,false,false,hub,hub
target/abcg2,target/trpc4,390,0.503,false,false,hub,hub
target/acetylcholinesterase-acetylcholinesterase,target/h2-receptor,390,0.503,false,false,hub,hub
target/adrenergic-receptor-alpha-1,target/thiazide-sensitive-sodium-chloride-cotransporter,390,0.503,false,false,hub,hub
target/aldo-keto-reductase-family-1-member-b,target/prostaglandin-secretion,390,0.503,false,false,hub,hub
target/alpha-2a-adrenergic-receptor-alpha-2a-adrenergic-receptor,target/rxfp1,390,0.503,false,false,hub,hub
target/alpha-2b-adrenergic-receptor,target/cac1a,390,0.503,false,false,hub,hub
target/alpha-2b-adrenergic-receptor,target/topoisomerase-iv,390,0.503,false,false,hub,hub
target/anandamide-amidohydrolase,target/angiogenesis,390,0.503,false,false,hub,hub
target/angiogenesis,target/dna-topoisomerase-1,390,0.503,false,false,hub,hub
target/angiogenesis,target/tysy,390,0.503,false,false,hub,hub
target/aoxa,target/aryl-hydrocarbon-receptor,390,0.503,false,false,hub,hub
target/aoxa,target/kir2-3,390,0.503,false,false,hub,hub
target/arachidonate-5-lipoxygenase-arachidonate-5-lipoxygenase,target/histamine-h2-receptor,390,0.503,false,false,hub,hub
target/arachidonate-5-lipoxygenase-arachidonate-5-lipoxygenase,target/map2,390,0.503,false,false,hub,hub
target/aryl-hydrocarbon-receptor-aryl-hydrocarbon-receptor,target/pncb,390,0.503,false,false,hub,hub
target/beta-1-adrenergic-receptor-beta-1-adrenergic-receptor,target/serotonin-1d-receptor,390,0.503,false,false,hub,hub
target/beta-amyloid-a4-protein,target/serotonin-3-receptor,390,0.503,false,false,hub,hub
target/catechol-o-methyltransferase,target/lt4r2,390,0.503,false,false,hub,hub
target/cell-proliferation,target/tspo,390,0.503,false,false,hub,hub
target/clk1,target/hepatitis-b-virus,390,0.503,false,false,hub,hub
target/clk1,target/prostaglandin-secretion,390,0.503,false,false,hub,hub
target/co5,target/vrac,390,0.503,false,false,hub,hub
target/cyclin-dependent-kinase-8,target/serotonin-3-receptor-chembl2111332,390,0.503,false,false,hub,hub
target/cysltr1,target/pgrc1,390,0.503,false,false,hub,hub
target/cysteinyl-leukotriene-receptor-1,target/pd2r,390,0.503,false,false,hub,hub
target/glun1,target/tspo,390,0.503,false,false,hub,hub
target/gpr55,target/hmdh,390,0.503,false,false,hub,hub
target/hdac9,target/serotonin-3-receptor-chembl2111332,390,0.503,false,false,hub,hub
target/hmdh,target/idhc,390,0.503,false,false,hub,hub
target/hmdh,target/neuronal-acetylcholine-receptor-alpha3-beta4,390,0.503,false,false,hub,hub
target/hmdh,target/trpm8,390,0.503,false,false,hub,hub
target/kcnj8,target/vrac,390,0.503,false,false,hub,hub
target/m5-receptor,target/vitamin-d-receptor,390,0.503,false,false,hub,hub
target/map-kinase-p38-beta,target/neprilysin,390,0.503,false,false,hub,hub
target/map-kinase-p38-beta,target/vrac,390,0.503,false,false,hub,hub
target/mmp12,target/nitric-oxide-synthase-inducible,390,0.503,false,false,hub,hub
target/mmp13-mmp13,target/muscarinic-acetylcholine-receptor-m4,390,0.503,false,false,hub,hub
target/monoamine-oxidase-b,target/streptococcus-pneumoniae,390,0.503,false,false,hub,hub
target/neprilysin,target/peroxisome-proliferator-activated-receptor-alpha-peroxisome-proliferator-activated-receptor-alpha,390,0.503,false,false,hub,hub
target/nitric-oxide-synthase-inducible,target/reactive-oxygen-species-biosynthetic-process,390,0.503,false,false,hub,hub
target/phosphodiesterase-4a,target/q9z1j7,390,0.503,false,false,hub,hub
target/serotonin-3-receptor,target/sstr3,390,0.503,false,false,hub,hub
target/serum-albumin,target/tspo,390,0.503,false,false,hub,hub
target/t2r39,target/vrac,390,0.503,false,false,hub,hub
target/5-hydroxytryptamine-receptor-1a,target/thiazide-sensitive-sodium-chloride-cotransporter,390,0.5029,false,false,hub,hub
target/5-hydroxytryptamine-receptor-1a,target/trpc4,390,0.5029,false,false,hub,hub
target/5ht1f,target/pregnane-x-receptor,390,0.5029,false,false,hub,hub
target/5ntd,target/aryl-hydrocarbon-receptor,390,0.5029,false,false,hub,hub
target/5ntd,target/kir2-3,390,0.5029,false,false,hub,hub
target/5ntd,target/pncb,390,0.5029,false,false,hub,hub
target/abcg2,target/asic3,390,0.5029,false,false,hub,hub
target/acetylcholinesterase-acetylcholinesterase,target/phosphodiesterase-4a,390,0.5029,false,false,hub,hub
target/acha,target/tspo,390,0.5029,false,false,hub,hub
target/acvr1,target/vrac,390,0.5029,false,false,hub,hub
target/acyl-coenzyme-a-cholesterol-acyltransferase-1,target/serotonin-7-receptor,390,0.5029,false,false,hub,hub
target/adrenergic-receptor-alpha-1,target/opioid-receptors-mu-kappa-delta,390,0.5029,false,false,hub,hub
target/alpha-2a-adrenergic-receptor-alpha-2a-adrenergic-receptor,target/il2ra,390,0.5029,false,false,hub,hub
target/alpha-2b-adrenergic-receptor,target/pde9a,390,0.5029,false,false,hub,hub
target/apj,target/glun1,390,0.5029,false,false,hub,hub
target/apoptosis-regulator-bcl-2,target/catechol-o-methyltransferase,390,0.5029,false,false,hub,hub
target/arachidonate-5-lipoxygenase,target/monoamine-oxidase-a,390,0.5029,false,false,hub,hub
target/arachidonate-5-lipoxygenase-arachidonate-5-lipoxygenase,target/nicotinic-acetylcholine-receptor-4-subunit,390,0.5029,false,false,hub,hub
target/aryl-hydrocarbon-receptor-aryl-hydrocarbon-receptor,target/camp-dependent-protein-kinase,390,0.5029,false,false,hub,hub
target/aryl-hydrocarbon-receptor-aryl-hydrocarbon-receptor,target/kcnq1,390,0.5029,false,false,hub,hub
target/atm,target/trpc4,390,0.5029,false,false,hub,hub
target/bacterial-dna-gyrase,target/streptococcus-pneumoniae,390,0.5029,false,false,hub,hub
target/c-jun-n-terminal-kinase-1,target/mmp13-mmp13,390,0.5029,false,false,hub,hub
target/carbonic-anhydrase-vii,target/prostaglandin-biosynthetic-process,390,0.5029,false,false,hub,hub
target/carbonic-anhydrase-vii,target/tspo,390,0.5029,false,false,hub,hub
target/carbonic-anhydrase-xii,target/m5-receptor,390,0.5029,false,false,hub,hub
target/catechol-o-methyltransferase,target/kcma1,390,0.5029,false,false,hub,hub
target/catechol-o-methyltransferase,target/lipid-oxidation,390,0.5029,false,false,hub,hub
target/catechol-o-methyltransferase,target/neuronal-acetylcholine-receptor-alpha3-beta4,390,0.5029,false,false,hub,hub
target/cats,target/tlr4,390,0.5029,false,false,hub,hub
target/cdk8,target/vrac,390,0.5029,false,false,hub,hub
target/cell-proliferation,target/cyp11b1,390,0.5029,false,false,hub,hub
target/cyclin-dependent-kinase-2-cyclin-e,target/muscarinic-acetylcholine-receptor-m4,390,0.5029,false,false,hub,hub
target/cyclin-dependent-kinase-2-cyclin-e,target/serotonin-1d-receptor,390,0.5029,false,false,hub,hub
target/cyp11b1,target/hepg2,390,0.5029,false,false,hub,hub
target/dopamine-d2-receptor-chembl339,target/nitric-oxide-synthase-inducible,390,0.5029,false,false,hub,hub
target/fibroblast-growth-factor-receptor-4,target/monoamine-oxidase,390,0.5029,false,false,hub,hub
target/fibroblast-growth-factor-receptor-4,target/phosphodiesterase-4a,390,0.5029,false,false,hub,hub
target/finc,target/lt4r2,390,0.5029,false,false,hub,hub
target/finc,target/rorg,390,0.5029,false,false,hub,hub
target/gamma-aminobutyric-acid-receptor-subunit-alpha-1,target/thiazide-sensitive-sodium-chloride-cotransporter,390,0.5029,false,false,hub,hub
target/gasr,target/nitric-oxide-synthase-inducible,390,0.5029,false,false,hub,hub
target/hdac9,target/mycobacterium-tuberculosis-h37rv,390,0.5029,false,false,hub,hub
target/hdac9,target/p2y2-receptor,390,0.5029,false,false,hub,hub
target/hepatocyte-growth-factor-receptor-hepatocyte-growth-factor-receptor,target/serotonin-3-receptor,390,0.5029,false,false,hub,hub
target/hepg2,target/tspo,390,0.5029,false,false,hub,hub
target/human-immunodeficiency-virus-type-1-protease,target/p53-binding-protein-mdm-2,390,0.5029,false,false,hub,hub
target/human-immunodeficiency-virus-type-1-protease,target/sulfonylurea-receptors-k-atp-channels,390,0.5029,false,false,hub,hub
target/integrin-alpha-iib-beta-3,target/response-to-oxidative-stress,390,0.5029,false,false,hub,hub
target/integrin-alpha-iib-beta-3,target/sstr5,390,0.5029,false,false,hub,hub
target/kcnk2,target/psb8,390,0.5029,false,false,hub,hub
target/kir2-3,target/macrophage-stimulating-protein-receptor,390,0.5029,false,false,hub,hub
target/kv11-1,target/serotonin-1d-receptor,390,0.5029,false,false,hub,hub
target/leukocyte-elastase,target/serotonin-3-receptor,390,0.5029,false,false,hub,hub
target/lt4r2,target/protein-farnesyltransferase,390,0.5029,false,false,hub,hub
target/m5-receptor,target/rara,390,0.5029,false,false,hub,hub
target/map2,target/q9z1j7,390,0.5029,false,false,hub,hub
target/matrix-metalloproteinase-13,target/serotonin-3-receptor,390,0.5029,false,false,hub,hub
target/monoamine-oxidase,target/protein-farnesyltransferase,390,0.5029,false,false,hub,hub
target/monoamine-oxidase-a,target/neuronal-acetylcholine-receptor-alpha3-beta4,390,0.5029,false,false,hub,hub
target/monoamine-oxidase-a,target/serotonin-1b-receptor,390,0.5029,false,false,hub,hub
target/mycobacterium-tuberculosis-h37rv,target/serotonin-2-receptor-chembl2095200,390,0.5029,false,false,hub,hub
target/ngf,target/tspo,390,0.5029,false,false,hub,hub
target/opioid-receptors-mu-kappa-delta,target/topoisomerase-iv,390,0.5029,false,false,hub,hub
target/pd2r,target/prostaglandin-secretion,390,0.5029,false,false,hub,hub
target/pd2r,target/serotonin-3-receptor-chembl2111332,390,0.5029,false,false,hub,hub
target/phosphodiesterase-4a,target/protein-farnesyltransferase,390,0.5029,false,false,hub,hub
target/plasmodium-falciparum,target/sodium-glucose-cotransporter-2-sodium-glucose-cotransporter-2,390,0.5029,false,false,hub,hub
target/pncb,target/rir1,390,0.5029,false,false,hub,hub
target/psb8,target/tspo,390,0.5029,false,false,hub,hub
target/q38720,target/thiazide-sensitive-sodium-chloride-cotransporter,390,0.5029,false,false,hub,hub
target/rara,target/vrac,390,0.5029,false,false,hub,hub
target/ren,target/sulfonylurea-receptors-k-atp-channels,390,0.5029,false,false,hub,hub
target/ret4,target/streptococcus-pneumoniae,390,0.5029,false,false,hub,hub
target/rxfp1,target/serotonin-7-receptor,390,0.5029,false,false,hub,hub
target/serotonin-1d-receptor,target/vitamin-d-receptor,390,0.5029,false,false,hub,hub
target/serotonin-3-receptor,target/sodium-glucose-cotransporter-2-sodium-glucose-cotransporter-2,390,0.5029,false,false,hub,hub
target/t2r31,target/vrac,390,0.5029,false,false,hub,hub
target/2b-adrenoceptor,target/at1a1,390,0.5028,false,false,hub,hub
target/5ntd,target/urok,390,0.5028,false,false,hub,hub
target/abcg2,target/mtlr,390,0.5028,false,false,hub,hub
target/abl2,target/sc5a1,390,0.5028,false,false,hub,hub
target/acyl-coenzyme-a-cholesterol-acyltransferase-1,target/thromboxane-a2-receptor,390,0.5028,false,false,hub,hub
target/adrenergic-receptor-alpha-1,target/carbonic-anhydrase-xii,390,0.5028,false,false,hub,hub
target/adrenergic-receptor-alpha-1,target/kcma1,390,0.5028,false,false,hub,hub
target/amine-oxidase-flavin-containing-a,target/dopamine-d2-receptor-chembl339,390,0.5028,false,false,hub,hub
target/aoxa,target/m3k7,390,0.5028,false,false,hub,hub
target/beta-amyloid-a4-protein,target/reactive-oxygen-species-biosynthetic-process,390,0.5028,false,false,hub,hub
target/bmr1b,target/cp51,390,0.5028,false,false,hub,hub
target/carbonic-anhydrase-xii,target/plasmodium-falciparum,390,0.5028,false,false,hub,hub
target/casp1,target/rxfp1,390,0.5028,false,false,hub,hub
target/cell-growth,target/hepatitis-c-virus,390,0.5028,false,false,hub,hub
target/cp1a2,target/kcnk2,390,0.5028,false,false,hub,hub
target/cysltr1,target/m2-receptor,390,0.5028,false,false,hub,hub
target/cytochrome-p450-2c19,target/serotonin-1b-receptor,390,0.5028,false,false,hub,hub
target/hepatitis-c-virus,target/xanthine-dehydrogenase,390,0.5028,false,false,hub,hub
target/histamine-h2-receptor,target/muscarinic-acetylcholine-receptor-m4,390,0.5028,false,false,hub,hub
target/histone-deacetylase-8,target/prostaglandin-secretion,390,0.5028,false,false,hub,hub
target/kcna5,target/ret4,390,0.5028,false,false,hub,hub
target/ks6a1,target/q9z1j7,390,0.5028,false,false,hub,hub
target/lipid-oxidation,target/monoamine-oxidase-a,390,0.5028,false,false,hub,hub
target/mdr1a,target/q38720,390,0.5028,false,false,hub,hub
target/monoamine-oxidase,target/reactive-oxygen-species-biosynthetic-process,390,0.5028,false,false,hub,hub
target/pd2r,target/sc5a1,390,0.5028,false,false,hub,hub
target/pde10,target/tlr4,390,0.5028,false,false,hub,hub
target/progesterone-receptor-progesterone-receptor-prgr-human,target/topoisomerase-iv,390,0.5028,false,false,hub,hub
target/t2r39,target/trpv3,390,0.5028,false,false,hub,hub
target/aoxa,target/type-1-angiotensin-ii-receptor,390,0.5027,false,false,hub,hub
target/cats,target/enpp2,390,0.5027,false,false,hub,hub
target/cytochrome-p450-1a1,target/response-to-oxidative-stress,390,0.5027,false,false,hub,hub
target/abcb1,target/adrenergic-receptor-alpha-2,390,0.5021,false,false,hub,hub
target/acetylcholinesterase-acetylcholinesterase,target/mycobacterium-tuberculosis,390,0.5021,false,false,hub,hub
target/acetylcholinesterase-acetylcholinesterase,target/peptidoglycan-biosynthesis,390,0.5021,false,false,hub,hub
target/adrenergic-receptor-alpha-2,target/aldo-keto-reductase-family-1-member-b,390,0.5021,false,false,hub,hub
target/aoc3,target/mycobacterium-tuberculosis-h37rv,390,0.5021,false,false,hub,hub
target/aoc3,target/p2y2-receptor,390,0.5021,false,false,hub,hub
target/aoc3,target/serotonin-3-receptor-chembl2111332,390,0.5021,false,false,hub,hub
target/at1-receptor,target/cysteinyl-leukotriene-receptor-1,390,0.5021,false,false,hub,hub
target/at1-receptor,target/hepatitis-b-virus,390,0.5021,false,false,hub,hub
target/comt,target/peptidoglycan-biosynthesis,390,0.5021,false,false,hub,hub
target/hmg-coa-reductase,target/q9z1j7,390,0.5021,false,false,hub,hub
target/hmg-coa-reductase,target/serotonin-3-receptor,390,0.5021,false,false,hub,hub
target/monoamine-oxidase-b,target/type-1-angiotensin-ii-receptor-type-1-angiotensin-ii-receptor,390,0.5021,false,false,hub,hub
target/serotonin-2a-receptor-chembl322,target/tspo,390,0.5021,false,false,hub,hub
target/2b-adrenoceptor,target/integrin-alpha-iib-beta-3,390,0.502,false,false,hub,hub
target/abcb1,target/comt,390,0.502,false,false,hub,hub
target/abcg2,target/aryl-hydrocarbon-receptor,390,0.502,false,false,hub,hub
target/abcg2,target/mycobacterium-tuberculosis-h37rv,390,0.502,false,false,hub,hub
target/abl2,target/arachidonate-5-lipoxygenase-arachidonate-5-lipoxygenase,390,0.502,false,false,hub,hub
target/acaca,target/hmdh,390,0.502,false,false,hub,hub
target/acvr1,target/nitric-oxide-synthase-inducible,390,0.502,false,false,hub,hub
target/adrenergic-receptor-alpha-2,target/null,390,0.502,false,false,hub,hub
target/aldo-keto-reductase-family-1-member-b,target/plasmodium-falciparum,390,0.502,false,false,hub,hub
target/aldo-keto-reductase-family-1-member-b,target/serotonin-3-receptor,390,0.502,false,false,hub,hub
target/alpha-2a-adrenergic-receptor-alpha-2a-adrenergic-receptor,target/matrix-metalloproteinase-1,390,0.502,false,false,hub,hub
target/alpha-2a-adrenergic-receptor-alpha-2a-adrenergic-receptor,target/serine-threonine-protein-kinase-aurora-c,390,0.502,false,false,hub,hub
target/amine-oxidase-flavin-containing-a,target/arachidonate-5-lipoxygenase,390,0.502,false,false,hub,hub
target/amine-oxidase-flavin-containing-a,target/casp1,390,0.502,false,false,hub,hub
target/angiogenesis,target/c-jun-n-terminal-kinase-1,390,0.502,false,false,hub,hub
target/angiogenesis,target/t2r46,390,0.502,false,false,hub,hub
target/aoc3,target/aoxa,390,0.502,false,false,hub,hub
target/apj,target/tpa,390,0.502,false,false,hub,hub
target/arachidonate-5-lipoxygenase,target/trpc4,390,0.502,false,false,hub,hub
target/arachidonate-5-lipoxygenase,target/tspo,390,0.502,false,false,hub,hub
target/arachidonate-5-lipoxygenase-arachidonate-5-lipoxygenase,target/gdf8,390,0.502,false,false,hub,hub
target/arachidonate-5-lipoxygenase-arachidonate-5-lipoxygenase,target/m3k7,390,0.502,false,false,hub,hub
target/arachidonate-5-lipoxygenase-arachidonate-5-lipoxygenase,target/pd2r,390,0.502,false,false,hub,hub
target/aryl-hydrocarbon-receptor,target/atm,390,0.502,false,false,hub,hub
target/aryl-hydrocarbon-receptor,target/net,390,0.502,false,false,hub,hub
target/aryl-hydrocarbon-receptor,target/phosphodiesterase-4a-phosphodiesterase-4a,390,0.502,false,false,hub,hub
target/atm,target/cysteinyl-leukotriene-receptor-1,390,0.502,false,false,hub,hub
target/beta-2-adrenergic-receptor-beta-2-adrenergic-receptor,target/neprilysin,390,0.502,false,false,hub,hub
target/beta-amyloid-a4-protein,target/cyp11b1,390,0.502,false,false,hub,hub
target/cac1a,target/hepatitis-b-virus,390,0.502,false,false,hub,hub
target/catechol-o-methyltransferase,target/hdac9,390,0.502,false,false,hub,hub
target/cell-growth,target/pgrc1,390,0.502,false,false,hub,hub
target/co5,target/nitric-oxide-synthase-inducible,390,0.502,false,false,hub,hub
target/cyclin-dependent-kinase-2-cyclin-e,target/mmp13-mmp13,390,0.502,false,false,hub,hub
target/cyclin-dependent-kinase-2-cyclin-e,target/trpc4,390,0.502,false,false,hub,hub
target/cyp11b1,target/sodium-glucose-cotransporter-2-sodium-glucose-cotransporter-2,390,0.502,false,false,hub,hub
target/cyp11b1,target/thromboxane-a2-receptor,390,0.502,false,false,hub,hub
target/cytochrome-p450-1a1,target/nitric-oxide-synthase-inducible,390,0.502,false,false,hub,hub
target/cytochrome-p450-2c19,target/pncb,390,0.502,false,false,hub,hub
target/dna-topoisomerase-1,target/neprilysin,390,0.502,false,false,hub,hub
target/finc,target/pregnane-x-receptor,390,0.502,false,false,hub,hub
target/gaba-a-receptor-agonist-gaba-site,target/hmdh,390,0.502,false,false,hub,hub
target/h2-receptor,target/vitamin-d-receptor,390,0.502,false,false,hub,hub
target/hdac9,target/m5-receptor,390,0.502,false,false,hub,hub
target/hepatitis-b-virus,target/topoisomerase-iv,390,0.502,false,false,hub,hub
target/hepg2,target/kir2-3,390,0.502,false,false,hub,hub
target/human-immunodeficiency-virus-type-1-protease,target/topoisomerase-iv,390,0.502,false,false,hub,hub
target/hypoxia-inducible-factor-1-alpha,target/smooth-muscle-contraction,390,0.502,false,false,hub,hub
target/il13,target/mmp13-mmp13,390,0.502,false,false,hub,hub
target/il13,target/trpc4,390,0.502,false,false,hub,hub
target/integrin-alpha-iib-beta-3,target/kcma1,390,0.502,false,false,hub,hub
target/integrin-alpha-iib-beta-3,target/lt4r2,390,0.502,false,false,hub,hub
target/integrin-alpha-iib-beta-3,target/neuronal-acetylcholine-receptor-alpha3-beta4,390,0.502,false,false,hub,hub
target/integrin-alpha-iib-beta-3,target/serine-threonine-protein-kinase-aurora-c,390,0.502,false,false,hub,hub
target/kcnj8,target/nitric-oxide-synthase-inducible,390,0.502,false,false,hub,hub
target/kir2-3,target/kpym,390,0.502,false,false,hub,hub
target/kpym,target/prostaglandin-secretion,390,0.502,false,false,hub,hub
target/m2-receptor,target/monoamine-oxidase-a,390,0.502,false,false,hub,hub
target/map-kinase-p38-beta,target/thiazide-sensitive-sodium-chloride-cotransporter,390,0.502,false,false,hub,hub
target/map2,target/serotonin-7-receptor,390,0.502,false,false,hub,hub
target/matrix-metalloproteinase-13,target/sstr3,390,0.502,false,false,hub,hub
target/mmp13-mmp13,target/vitamin-d-receptor,390,0.502,false,false,hub,hub
target/monoamine-oxidase,target/thromboxane-a2-receptor,390,0.502,false,false,hub,hub
target/muscarinic-acetylcholine-receptor-m4,target/mycobacterium-tuberculosis-h37rv,390,0.502,false,false,hub,hub
target/neprilysin,target/ptafr,390,0.502,false,false,hub,hub
target/neuronal-acetylcholine-receptor-alpha3-beta4,target/thiazide-sensitive-sodium-chloride-cotransporter,390,0.502,false,false,hub,hub
target/nicotinic-acetylcholine-receptor-4-subunit,target/nitric-oxide-synthase-inducible,390,0.502,false,false,hub,hub
target/nitric-oxide-synthase-inducible,target/rara,390,0.502,false,false,hub,hub
target/nitric-oxide-synthase-inducible,target/serine-threonine-protein-kinase-aurora-c,390,0.502,false,false,hub,hub
target/nitric-oxide-synthase-inducible,target/t2r31,390,0.502,false,false,hub,hub
target/pgrc1,target/response-to-oxidative-stress,390,0.502,false,false,hub,hub
target/pgrc1,target/ttk,390,0.502,false,false,hub,hub
target/phosphodiesterase-4a-phosphodiesterase-4a,target/serotonin-3-receptor-chembl2111332,390,0.502,false,false,hub,hub
target/pncb,target/trpv3,390,0.502,false,false,hub,hub
target/pregnane-x-receptor,target/serotonin-2-receptor,390,0.502,false,false,hub,hub
target/prostaglandin-secretion,target/serotonin-2-receptor,390,0.502,false,false,hub,hub
target/serotonin-3-receptor-chembl2111332,target/trpv3,390,0.502,false,false,hub,hub
target/sodium-glucose-cotransporter-2-sodium-glucose-cotransporter-2,target/tspo,390,0.502,false,false,hub,hub
target/2b-adrenoceptor,target/opioid-receptors-mu-kappa-delta,390,0.5019,false,false,hub,hub
target/5-hydroxytryptamine-receptor-1a,target/mycobacterium-tuberculosis-h37rv,390,0.5019,false,false,hub,hub
target/5-hydroxytryptamine-receptor-2a,target/q9z1j7,390,0.5019,false,false,hub,hub
target/5ht1f,target/trpv3,390,0.5019,false,false,hub,hub
target/5ntd,target/cac1a,390,0.5019,false,false,hub,hub
target/abcg2,target/tysy,390,0.5019,false,false,hub,hub
target/abl2,target/acha,390,0.5019,false,false,hub,hub
target/acetylcholinesterase-acetylcholinesterase,target/serotonin-2-receptor-chembl2095200,390,0.5019,false,false,hub,hub
target/acvr1,target/sstr3,390,0.5019,false,false,hub,hub
target/acvr1,target/tspo,390,0.5019,false,false,hub,hub
target/acyl-coenzyme-a-cholesterol-acyltransferase-1,target/human-immunodeficiency-virus-type-1-protease,390,0.5019,false,false,hub,hub
target/adrenergic-receptor-alpha-2-chembl2095158,target/thiazide-sensitive-sodium-chloride-cotransporter,390,0.5019,false,false,hub,hub
target/alpha-2a-adrenergic-receptor-alpha-2a-adrenergic-receptor,target/angiotensin-converting-enzyme,390,0.5019,false,false,hub,hub
target/alpha-2a-adrenergic-receptor-alpha-2a-adrenergic-receptor,target/at1a2,390,0.5019,false,false,hub,hub
target/alpha-2b-adrenergic-receptor,target/lipid-oxidation,390,0.5019,false,false,hub,hub
target/angiotensin-converting-enzyme,target/kcnk2,390,0.5019,false,false,hub,hub
target/apj,target/cd40l,390,0.5019,false,false,hub,hub
target/apj,target/gpr55,390,0.5019,false,false,hub,hub
target/apj,target/idhc,390,0.5019,false,false,hub,hub
target/apj,target/sodium-glucose-cotransporter-2-sodium-glucose-cotransporter-2,390,0.5019,false,false,hub,hub
target/apoptosis-regulator-bcl-2,target/nitric-oxide-synthase-inducible,390,0.5019,false,false,hub,hub
target/arachidonate-5-lipoxygenase-arachidonate-5-lipoxygenase,target/sc6a9,390,0.5019,false,false,hub,hub
target/aryl-hydrocarbon-receptor-aryl-hydrocarbon-receptor,target/carbonic-anhydrase-vii,390,0.5019,false,false,hub,hub
target/asic3,target/cytochrome-p450-1a1,390,0.5019,false,false,hub,hub
target/at1a1,target/clk1,390,0.5019,false,false,hub,hub
target/cac1a,target/clk1,390,0.5019,false,false,hub,hub
target/cac1a,target/urok,390,0.5019,false,false,hub,hub
target/catechol-o-methyltransferase,target/null,390,0.5019,false,false,hub,hub
target/cats,target/kcna5,390,0.5019,false,false,hub,hub
target/cd40l,target/tspo,390,0.5019,false,false,hub,hub
target/cdk8,target/nitric-oxide-synthase-inducible,390,0.5019,false,false,hub,hub
target/cdk8,target/sstr3,390,0.5019,false,false,hub,hub
target/cell-proliferation,target/d1-receptor,390,0.5019,false,false,hub,hub
target/clk1,target/kpcd1,390,0.5019,false,false,hub,hub
target/cltr2,target/q9z1j7,390,0.5019,false,false,hub,hub
target/co5,target/sstr3,390,0.5019,false,false,hub,hub
target/cox-2,target/kir2-3,390,0.5019,false,false,hub,hub
target/cp1a2,target/pgrc1,390,0.5019,false,false,hub,hub
target/cp1a2,target/pncb,390,0.5019,false,false,hub,hub
target/cyclin-dependent-kinase-2-cyclin-e,target/mu-type-opioid-receptor,390,0.5019,false,false,hub,hub
target/cyclin-dependent-kinase-2-cyclin-e,target/phosphodiesterase-4a,390,0.5019,false,false,hub,hub
target/cysteinyl-leukotriene-receptor-1,target/epidermal-growth-factor-receptor,390,0.5019,false,false,hub,hub
target/cytochrome-p450-2c19,target/hypoxia-inducible-factor-1-alpha,390,0.5019,false,false,hub,hub
target/d1-receptor,target/neurotrophic-receptor-tyrosine-kinase-3,390,0.5019,false,false,hub,hub
target/dna-topoisomerase-1,target/plasmodium-falciparum,390,0.5019,false,false,hub,hub
target/epidermal-growth-factor-receptor,target/serotonin-3-receptor-chembl2111332,390,0.5019,false,false,hub,hub
target/err3,target/nitric-oxide-synthase-inducible,390,0.5019,false,false,hub,hub
target/err3,target/sstr3,390,0.5019,false,false,hub,hub
target/err3,target/tspo,390,0.5019,false,false,hub,hub
target/gdf8,target/q9z1j7,390,0.5019,false,false,hub,hub
target/glun1,target/histamine-h1-receptor-histamine-h1-receptor-hrh1-human,390,0.5019,false,false,hub,hub
target/hepatitis-b-virus,target/pde9a,390,0.5019,false,false,hub,hub
target/hepatocyte-growth-factor-receptor-hepatocyte-growth-factor-receptor,target/prostaglandin-biosynthetic-process,390,0.5019,false,false,hub,hub
target/hepatocyte-growth-factor-receptor-hepatocyte-growth-factor-receptor,target/thromboxane-a2-receptor,390,0.5019,false,false,hub,hub
target/histamine-h2-receptor,target/serotonin-1b-receptor,390,0.5019,false,false,hub,hub
target/hypoxia-inducible-factor-1-alpha,target/serotonin-3-receptor,390,0.5019,false,false,hub,hub
target/idhc,target/tspo,390,0.5019,false,false,hub,hub
target/kcma1,target/ripk1,390,0.5019,false,false,hub,hub
target/kcna5,target/sc5a1,390,0.5019,false,false,hub,hub
target/kcnj8,target/rorg,390,0.5019,false,false,hub,hub
target/kcnj8,target/sstr3,390,0.5019,false,false,hub,hub
target/kcnq2,target/tspo,390,0.5019,false,false,hub,hub
target/kir2-3,target/xanthine-dehydrogenase,390,0.5019,false,false,hub,hub
target/klrba,target/streptococcus-pneumoniae,390,0.5019,false,false,hub,hub
target/ks6b1,target/tspo,390,0.5019,false,false,hub,hub
target/leukocyte-elastase,target/monoamine-oxidase,390,0.5019,false,false,hub,hub
target/lipid-oxidation,target/trpc4,390,0.5019,false,false,hub,hub
target/lt4r2,target/map2,390,0.5019,false,false,hub,hub
target/matrix-metalloproteinase-1,target/phosphodiesterase-4a,390,0.5019,false,false,hub,hub
target/matrix-metalloproteinase-13,target/thromboxane-a2-receptor,390,0.5019,false,false,hub,hub
target/mdr1a,target/ret4,390,0.5019,false,false,hub,hub
target/mmp13-mmp13,target/trpm8,390,0.5019,false,false,hub,hub
target/mu-type-opioid-receptor,target/phosphodiesterase-4a,390,0.5019,false,false,hub,hub
target/neuronal-acetylcholine-receptor-alpha3-beta4,target/tspo,390,0.5019,false,false,hub,hub
target/nitric-oxide-synthase-inducible,target/progesterone-receptor-progesterone-receptor-prgr-human,390,0.5019,false,false,hub,hub
target/oxytocin-receptor,target/trpc4,390,0.5019,false,false,hub,hub
target/pd2r,target/t2r46,390,0.5019,false,false,hub,hub
target/rara,target/sstr3,390,0.5019,false,false,hub,hub
target/rara,target/trpc4,390,0.5019,false,false,hub,hub
target/response-to-oxidative-stress,target/serotonin-3-receptor-chembl2111332,390,0.5019,false,false,hub,hub
target/ret4,target/vitamin-d-receptor,390,0.5019,false,false,hub,hub
target/rxfp1,target/scn1b,390,0.5019,false,false,hub,hub
target/serotonin-1a-receptor-chembl273,target/serotonin-3-receptor,390,0.5019,false,false,hub,hub
target/serotonin-7-receptor,target/trpm8,390,0.5019,false,false,hub,hub
target/sstr3,target/t2r31,390,0.5019,false,false,hub,hub
target/trpc4,target/trpm8,390,0.5019,false,false,hub,hub
target/abcg2,target/pdpk1,390,0.5018,false,false,hub,hub
target/aoxa,target/psb8,390,0.5018,false,false,hub,hub
target/at1a1,target/cltr2,390,0.5018,false,false,hub,hub
target/atp-binding-cassette-sub-family-c-member-8,target/streptococcus-pneumoniae,390,0.5018,false,false,hub,hub
target/atp4a,target/cp51,390,0.5018,false,false,hub,hub
target/c-jun-n-terminal-kinase-1,target/hypoxia-inducible-factor-1-alpha,390,0.5018,false,false,hub,hub
target/dopamine-d2-receptor-chembl339,target/gaba-a-receptor-agonist-gaba-site,390,0.5018,false,false,hub,hub
target/histamine-h1-receptor-histamine-h1-receptor,target/sulfonylurea-receptors-k-atp-channels,390,0.5018,false,false,hub,hub
target/ita4,target/sstr5,390,0.5018,false,false,hub,hub
target/monoamine-oxidase-a,target/serotonin-2b-receptor,390,0.5018,false,false,hub,hub
target/mtlr,target/thas,390,0.5018,false,false,hub,hub
target/pncb,target/ptgir,390,0.5018,false,false,hub,hub
target/d1-receptor,target/dopamine-d1-receptor,390,0.5017,false,false,hub,hub
target/matrix-metalloproteinase-1,target/matrix-metalloproteinase-9,390,0.5017,false,false,hub,hub
target/adrenergic-receptor-alpha-2,target/m5-receptor,390,0.5011,false,false,hub,hub
target/aoc3,target/catechol-o-methyltransferase,390,0.5011,false,false,hub,hub
target/aoc3,target/m5-receptor,390,0.5011,false,false,hub,hub
target/beta-1-adrenergic-receptor-beta-1-adrenergic-receptor,target/pgrc1,390,0.5011,false,false,hub,hub
target/m5-receptor,target/smooth-muscle-contraction,390,0.5011,false,false,hub,hub
target/peptidoglycan-biosynthesis,target/trpc4,390,0.5011,false,false,hub,hub
target/2b-adrenoceptor,target/klrba,390,0.501,false,false,hub,hub
target/2b-adrenoceptor,target/pd2r,390,0.501,false,false,hub,hub
target/2b-adrenoceptor,target/sulfonylurea-receptors-k-atp-channels,390,0.501,false,false,hub,hub
target/5ht1f,target/alpha-2a-adrenergic-receptor-alpha-2a-adrenergic-receptor,390,0.501,false,false,hub,hub
target/5ht1f,target/prostaglandin-biosynthetic-process,390,0.501,false,false,hub,hub
target/5ntd,target/cyp11b1,390,0.501,false,false,hub,hub
target/abcb1,target/alpha-2a-adrenergic-receptor-alpha-2a-adrenergic-receptor,390,0.501,false,false,hub,hub
target/abcb1,target/sodium-glucose-cotransporter-2-sodium-glucose-cotransporter-2,390,0.501,false,false,hub,hub
target/abcg2,target/catechol-o-methyltransferase,390,0.501,false,false,hub,hub
target/abcg2,target/vrac,390,0.501,false,false,hub,hub
target/acetylcholinesterase-acetylcholinesterase,target/cytochrome-p450-2c19,390,0.501,false,false,hub,hub
target/acetylcholinesterase-acetylcholinesterase,target/m5-receptor,390,0.501,false,false,hub,hub
target/acvr1,target/hepatitis-b-virus,390,0.501,false,false,hub,hub
target/adrenergic-receptor-alpha-1,target/cell-proliferation,390,0.501,false,false,hub,hub
target/adrenergic-receptor-alpha-1,target/comt,390,0.501,false,false,hub,hub
target/adrenergic-receptor-alpha-1,target/muscarinic-acetylcholine-receptor-m4,390,0.501,false,false,hub,hub
target/adrenergic-receptor-alpha-1,target/streptococcus-pneumoniae,390,0.501,false,false,hub,hub
target/adrenergic-receptor-alpha-2,target/cytochrome-p450-2c19,390,0.501,false,false,hub,hub
target/adrenergic-receptor-alpha-2-chembl2095158,target/angiogenesis,390,0.501,false,false,hub,hub
target/aldo-keto-reductase-family-1-member-b,target/arachidonate-5-lipoxygenase,390,0.501,false,false,hub,hub
target/aldo-keto-reductase-family-1-member-b,target/kcnk2,390,0.501,false,false,hub,hub
target/aldo-keto-reductase-family-1-member-b,target/rorg,390,0.501,false,false,hub,hub
target/aldo-keto-reductase-family-1-member-b,target/vitamin-d-receptor,390,0.501,false,false,hub,hub
target/alpha-1a-adrenergic-receptor,target/amine-oxidase-flavin-containing-a,390,0.501,false,false,hub,hub
target/alpha-1a-adrenergic-receptor,target/mmp13-mmp13,390,0.501,false,false,hub,hub
target/alpha-2a-adrenergic-receptor-alpha-2a-adrenergic-receptor,target/anandamide-amidohydrolase,390,0.501,false,false,hub,hub
target/alpha-2a-adrenergic-receptor-alpha-2a-adrenergic-receptor,target/pdpk1,390,0.501,false,false,hub,hub
target/alpha-2a-adrenergic-receptor-alpha-2a-adrenergic-receptor,target/rir1,390,0.501,false,false,hub,hub
target/amine-oxidase-flavin-containing-a,target/clk1,390,0.501,false,false,hub,hub
target/amine-oxidase-flavin-containing-a,target/ren,390,0.501,false,false,hub,hub
target/angiogenesis,target/casp1,390,0.501,false,false,hub,hub
target/angiogenesis,target/kv11-1,390,0.501,false,false,hub,hub
target/angiogenesis,target/ripk1,390,0.501,false,false,hub,hub
target/angiogenesis,target/rorg,390,0.501,false,false,hub,hub
target/angiotensin-converting-enzyme-angiotensin-converting-enzyme-ace-human,target/streptococcus-pneumoniae,390,0.501,false,false,hub,hub
target/apj,target/camp-dependent-protein-kinase,390,0.501,false,false,hub,hub
target/apj,target/d1-receptor,390,0.501,false,false,hub,hub
target/arachidonate-5-lipoxygenase-arachidonate-5-lipoxygenase,target/cathepsin-k,390,0.501,false,false,hub,hub
target/aryl-hydrocarbon-receptor,target/casp1,390,0.501,false,false,hub,hub
target/aryl-hydrocarbon-receptor,target/histamine-h2-receptor,390,0.501,false,false,hub,hub
target/aryl-hydrocarbon-receptor,target/map2,390,0.501,false,false,hub,hub
target/aryl-hydrocarbon-receptor-aryl-hydrocarbon-receptor,target/beta-1-adrenergic-receptor-beta-1-adrenergic-receptor,390,0.501,false,false,hub,hub
target/aryl-hydrocarbon-receptor-aryl-hydrocarbon-receptor,target/leukocyte-elastase,390,0.501,false,false,hub,hub
target/aryl-hydrocarbon-receptor-aryl-hydrocarbon-receptor,target/monoamine-oxidase-b,390,0.501,false,false,hub,hub
target/asic3,target/d1-receptor,390,0.501,false,false,hub,hub
target/asic3,target/m2-receptor,390,0.501,false,false,hub,hub
target/asic3,target/mycobacterium-tuberculosis-h37rv,390,0.501,false,false,hub,hub
target/at1-receptor,target/q9z1j7,390,0.501,false,false,hub,hub
target/atm,target/comt,390,0.501,false,false,hub,hub
target/atm,target/m5-receptor,390,0.501,false,false,hub,hub
target/beta-amyloid-a4-protein,target/hmg-coa-reductase,390,0.501,false,false,hub,hub
target/bmx,target/mycobacterium-tuberculosis-h37rv,390,0.501,false,false,hub,hub
target/bmx,target/p2y2-receptor,390,0.501,false,false,hub,hub
target/bmx,target/prostaglandin-secretion,390,0.501,false,false,hub,hub
target/c-jun-n-terminal-kinase-1,target/m5-receptor,390,0.501,false,false,hub,hub
target/casp1,target/cyclin-dependent-kinase-8,390,0.501,false,false,hub,hub
target/catechol-o-methyltransferase,target/phosphodiesterase-4a-phosphodiesterase-4a,390,0.501,false,false,hub,hub
target/catechol-o-methyltransferase,target/tnr4,390,0.501,false,false,hub,hub
target/cats,target/tspo,390,0.501,false,false,hub,hub
target/cetp,target/hmdh,390,0.501,false,false,hub,hub
target/comt,target/kna1-2,390,0.501,false,false,hub,hub
target/ctla4,target/kcnk2,390,0.501,false,false,hub,hub
target/cyclin-dependent-kinase-2-cyclin-e,target/cyclin-dependent-kinase-8,390,0.501,false,false,hub,hub
target/cyclin-dependent-kinase-2-cyclin-e,target/tlr4,390,0.501,false,false,hub,hub
target/cyclin-dependent-kinase-8,target/kv11-1,390,0.501,false,false,hub,hub
target/cyclin-dependent-kinase-8,target/serotonin-7-receptor,390,0.501,false,false,hub,hub
target/cyclin-dependent-kinase-8,target/thiazide-sensitive-sodium-chloride-cotransporter,390,0.501,false,false,hub,hub
target/cysltr1,target/serotonin-7-receptor,390,0.501,false,false,hub,hub
target/cysteinyl-leukotriene-receptor-1,target/histamine-h2-receptor,390,0.501,false,false,hub,hub
target/cytochrome-p450-2c19,target/smooth-muscle-contraction,390,0.501,false,false,hub,hub
target/d1-receptor,target/kcma1,390,0.501,false,false,hub,hub
target/d1-receptor,target/monoamine-oxidase,390,0.501,false,false,hub,hub
target/dopamine-beta-hydroxylase,target/lipid-metabolic-process,390,0.501,false,false,hub,hub
target/dopamine-beta-hydroxylase,target/peptidoglycan-biosynthesis,390,0.501,false,false,hub,hub
target/dopamine-d2-receptor-chembl339,target/neprilysin,390,0.501,false,false,hub,hub
target/fibroblast-growth-factor-receptor-4,target/neprilysin,390,0.501,false,false,hub,hub
target/gaba-a-receptor-agonist-gaba-site,target/monoamine-oxidase,390,0.501,false,false,hub,hub
target/gaba-a-receptor-agonist-gaba-site,target/tspo,390,0.501,false,false,hub,hub
target/gasr,target/neprilysin,390,0.501,false,false,hub,hub
target/glun1,target/mmp12,390,0.501,false,false,hub,hub
target/glun1,target/topoisomerase-iv,390,0.501,false,false,hub,hub
target/gper1,target/scn1b,390,0.501,false,false,hub,hub
target/grik1,target/pgrc1,390,0.501,false,false,hub,hub
target/gsk3a,target/hmdh,390,0.501,false,false,hub,hub
target/h2-receptor,target/hdac9,390,0.501,false,false,hub,hub
target/hdac9,target/il13,390,0.501,false,false,hub,hub
target/hdac9,target/integrin-alpha-iib-beta-3,390,0.501,false,false,hub,hub
target/hdac9,target/kcnk2,390,0.501,false,false,hub,hub
target/hdac9,target/map2,390,0.501,false,false,hub,hub
target/hdac9,target/rorg,390,0.501,false,false,hub,hub
target/hdac9,target/thiazide-sensitive-sodium-chloride-cotransporter,390,0.501,false,false,hub,hub
target/hdac9,target/tpa,390,0.501,false,false,hub,hub
target/hdac9,target/trpc4,390,0.501,false,false,hub,hub
target/hepatitis-b-virus,target/lipid-oxidation,390,0.501,false,false,hub,hub
target/hepatocyte-growth-factor-receptor-hepatocyte-growth-factor-receptor,target/p2y2-receptor,390,0.501,false,false,hub,hub
target/hepatocyte-growth-factor-receptor-hepatocyte-growth-factor-receptor,target/pgrc1,390,0.501,false,false,hub,hub
target/hepatocyte-growth-factor-receptor-hepatocyte-growth-factor-receptor,target/pregnane-x-receptor,390,0.501,false,false,hub,hub
target/histamine-h1-receptor-histamine-h1-receptor-hrh1-human,target/integrin-alpha-iib-beta-3,390,0.501,false,false,hub,hub
target/histamine-h1-receptor-histamine-h1-receptor-hrh1-human,target/serotonin-7-receptor,390,0.501,false,false,hub,hub
target/histamine-h2-receptor,target/serotonin-3-receptor-chembl2111332,390,0.501,false,false,hub,hub
target/hmdh,target/ptgir,390,0.501,false,false,hub,hub
target/hmdh,target/q91zm7,390,0.501,false,false,hub,hub
target/hmdh,target/sstr5,390,0.501,false,false,hub,hub
target/hmg-coa-reductase,target/sstr3,390,0.501,false,false,hub,hub
target/human-immunodeficiency-virus-type-1-protease,target/lipid-oxidation,390,0.501,false,false,hub,hub
target/human-immunodeficiency-virus-type-1-protease,target/map2,390,0.501,false,false,hub,hub
target/human-immunodeficiency-virus-type-1-protease,target/serine-threonine-protein-kinase-aurora-c,390,0.501,false,false,hub,hub
target/idhc,target/serotonin-3-receptor-chembl2111332,390,0.501,false,false,hub,hub
target/ighe,target/tlr4,390,0.501,false,false,hub,hub
target/kca2-2,target/kcma1,390,0.501,false,false,hub,hub
target/kcma1,target/mycobacterium-tuberculosis-h37rv,390,0.501,false,false,hub,hub
target/kcma1,target/pncb,390,0.501,false,false,hub,hub
target/kcma1,target/tlr4,390,0.501,false,false,hub,hub
target/kir2-3,target/leukocyte-elastase,390,0.501,false,false,hub,hub
target/kir2-3,target/monoamine-oxidase-b,390,0.501,false,false,hub,hub
target/kir2-3,target/oxytocin-receptor,390,0.501,false,false,hub,hub
target/kpct,target/q9z1j7,390,0.501,false,false,hub,hub
target/kpct,target/vrac,390,0.501,false,false,hub,hub
target/lag3,target/tspo,390,0.501,false,false,hub,hub
target/lt4r2,target/ren,390,0.501,false,false,hub,hub
target/m2-receptor,target/rorg,390,0.501,false,false,hub,hub
target/m3k7,target/trpc4,390,0.501,false,false,hub,hub
target/map-kinase-p38-beta,target/mycobacterium-tuberculosis-h37rv,390,0.501,false,false,hub,hub
target/map-kinase-p38-beta,target/serotonin-3-receptor-chembl2111332,390,0.501,false,false,hub,hub
target/map-kinase-p38-beta,target/tlr4,390,0.501,false,false,hub,hub
target/map2,target/pncb,390,0.501,false,false,hub,hub
target/mapk-signaling-pathway,target/nitric-oxide-synthase-inducible,390,0.501,false,false,hub,hub
target/matrix-metalloproteinase-13,target/p2y2-receptor,390,0.501,false,false,hub,hub
target/monoamine-oxidase,target/prostaglandin-secretion,390,0.501,false,false,hub,hub
target/monoamine-oxidase-a,target/serotonin-2-receptor,390,0.501,false,false,hub,hub
target/monoamine-oxidase-a,target/serum-albumin,390,0.501,false,false,hub,hub
target/mu-type-opioid-receptor,target/mycobacterium-tuberculosis,390,0.501,false,false,hub,hub
target/muscarinic-acetylcholine-receptor-m4,target/serotonin-2-receptor,390,0.501,false,false,hub,hub
target/mycobacterium-tuberculosis-h37rv,target/peroxisome-proliferator-activated-receptor-alpha-peroxisome-proliferator-activated-receptor-alpha,390,0.501,false,false,hub,hub
target/mycobacterium-tuberculosis-h37rv,target/ripk1,390,0.501,false,false,hub,hub
target/mycobacterium-tuberculosis-h37rv,target/rorg,390,0.501,false,false,hub,hub
target/neurotrophic-tyrosine-kinase-receptor-type-2,target/nitric-oxide-synthase-inducible,390,0.501,false,false,hub,hub
target/p2y12,target/pgrc1,390,0.501,false,false,hub,hub
target/p2y2-receptor,target/ripk1,390,0.501,false,false,hub,hub
target/p2y2-receptor,target/rorg,390,0.501,false,false,hub,hub
target/p2y2-receptor,target/thromboxane-a2-receptor,390,0.501,false,false,hub,hub
target/p53-binding-protein-mdm-2,target/serotonin-7-receptor,390,0.501,false,false,hub,hub
target/peptidoglycan-biosynthesis,target/phosphodiesterase-4a,390,0.501,false,false,hub,hub
target/phosphodiesterase-4a,target/prostaglandin-secretion,390,0.501,false,false,hub,hub
target/phosphodiesterase-4a,target/sulfonylurea-receptors-k-atp-channels,390,0.501,false,false,hub,hub
target/pncb,target/serotonin-2a-receptor-chembl322,390,0.501,false,false,hub,hub
target/pregnane-x-receptor,target/serotonin-2a-receptor-chembl322,390,0.501,false,false,hub,hub
target/q38720,target/streptococcus-pneumoniae,390,0.501,false,false,hub,hub
target/ripk1,target/serotonin-3-receptor-chembl2111332,390,0.501,false,false,hub,hub
target/sc5a1,target/sstr3,390,0.501,false,false,hub,hub
target/sc5a1,target/tspo,390,0.501,false,false,hub,hub
target/serine-threonine-protein-kinase-aurora-c,target/serotonin-3-receptor-chembl2111332,390,0.501,false,false,hub,hub
target/serotonin-2-receptor-chembl2095200,target/trpc4,390,0.501,false,false,hub,hub
target/sstr3,target/sulfonylurea-receptors-k-atp-channels,390,0.501,false,false,hub,hub
target/5-hydroxytryptamine-receptor-2a,target/vitamin-d-receptor,390,0.5009,false,false,hub,hub
target/5ntd,target/err3,390,0.5009,false,false,hub,hub
target/abcg2,target/kpcd1,390,0.5009,false,false,hub,hub
target/acaca,target/lt4r2,390,0.5009,false,false,hub,hub
target/acvr1,target/aoxa,390,0.5009,false,false,hub,hub
target/acvr1,target/ren,390,0.5009,false,false,hub,hub
target/acyl-coenzyme-a-cholesterol-acyltransferase-1,target/hepg2,390,0.5009,false,false,hub,hub
target/adrenergic-receptor-alpha-1,target/c-jun-n-terminal-kinase-1,390,0.5009,false,false,hub,hub
target/alpha-2a-adrenergic-receptor,target/serotonin-7-receptor,390,0.5009,false,false,hub,hub
target/amine-oxidase-flavin-containing-a,target/serotonin-1a-receptor-chembl273,390,0.5009,false,false,hub,hub
target/amp-activated-protein-kinase-ampk,target/sulfonylurea-receptors-k-atp-channels,390,0.5009,false,false,hub,hub
target/angiotensin-converting-enzyme,target/sulfonylurea-receptors-k-atp-channels,390,0.5009,false,false,hub,hub
target/aryl-hydrocarbon-receptor-aryl-hydrocarbon-receptor,target/carbonic-anhydrase-xii,390,0.5009,false,false,hub,hub
target/asic3,target/sc5a1,390,0.5009,false,false,hub,hub
target/bmx,target/klrba,390,0.5009,false,false,hub,hub
target/c-jun-n-terminal-kinase-1,target/monoamine-oxidase-a,390,0.5009,false,false,hub,hub
target/cats,target/kcnk2,390,0.5009,false,false,hub,hub
target/cdk8,target/kcnq1,390,0.5009,false,false,hub,hub
target/clk1,target/mtlr,390,0.5009,false,false,hub,hub
target/comt,target/cp1a2,390,0.5009,false,false,hub,hub
target/comt,target/histamine-h1-receptor-histamine-h1-receptor,390,0.5009,false,false,hub,hub
target/comt,target/maoa,390,0.5009,false,false,hub,hub
target/ctla4,target/map2,390,0.5009,false,false,hub,hub
target/cyclin-dependent-kinase-8,target/gper1,390,0.5009,false,false,hub,hub
target/err3,target/hdac9,390,0.5009,false,false,hub,hub
target/hck,target/rorg,390,0.5009,false,false,hub,hub
target/hdac9,target/kcnj8,390,0.5009,false,false,hub,hub
target/histamine-h1-receptor-histamine-h1-receptor,target/muscarinic-acetylcholine-receptor-m4,390,0.5009,false,false,hub,hub
target/histamine-h1-receptor-histamine-h1-receptor,target/streptococcus-pneumoniae,390,0.5009,false,false,hub,hub
target/hmdh,target/kpce,390,0.5009,false,false,hub,hub
target/inhibitor-of-nuclear-factor-kappa-b-kinase-beta-subunit,target/nitric-oxide-synthase-inducible,390,0.5009,false,false,hub,hub
target/kcnq1,target/rara,390,0.5009,false,false,hub,hub
target/kcnq1,target/t2r39,390,0.5009,false,false,hub,hub
target/kpcd1,target/response-to-oxidative-stress,390,0.5009,false,false,hub,hub
target/kpym,target/psb8,390,0.5009,false,false,hub,hub
target/ks6b1,target/tlr4,390,0.5009,false,false,hub,hub
target/mdr1a,target/sc5a1,390,0.5009,false,false,hub,hub
target/muscarinic-acetylcholine-receptor-m4,target/response-to-oxidative-stress,390,0.5009,false,false,hub,hub
target/nitric-oxide-synthase-inducible,target/phosphodiesterase-4d,390,0.5009,false,false,hub,hub
target/ptgfr,target/q9z1j7,390,0.5009,false,false,hub,hub
target/ptn11,target/tpa,390,0.5009,false,false,hub,hub
target/ren,target/ret4,390,0.5009,false,false,hub,hub
target/maoa,target/maob,390,0.5008,false,false,hub,hub
target/mdr1a,target/mmp2,390,0.5008,false,false,hub,hub
target/5-ht3a,target/h2-receptor,390,0.5,false,false,hub,hub
target/5-ht5a-receptor,target/pncb,390,0.5,false,false,hub,hub
target/5-hydroxytryptamine-receptor-1a,target/alpha-2b-adrenergic-receptor,390,0.5,false,false,hub,hub
target/5-hydroxytryptamine-receptor-2a,target/serotonin-3-receptor-chembl2111332,390,0.5,false,false,hub,hub
target/5ht1f,target/aryl-hydrocarbon-receptor-aryl-hydrocarbon-receptor,390,0.5,false,false,hub,hub
target/5ht1f,target/hdac9,390,0.5,false,false,hub,hub
target/5ht3c,target/pgrc1,390,0.5,false,false,hub,hub
target/abcb1,target/kca2-2,390,0.5,false,false,hub,hub
target/abcg2,target/acvr1,390,0.5,false,false,hub,hub
target/abcg2,target/at1a2,390,0.5,false,false,hub,hub
target/abcg2,target/beta-amyloid-a4-protein,390,0.5,false,false,hub,hub
target/abcg2,target/sstr3,390,0.5,false,false,hub,hub
target/abl2,target/m3k7,390,0.5,false,false,hub,hub
target/acaca,target/pgrc1,390,0.5,false,false,hub,hub
target/acetylcholinesterase-acetylcholinesterase,target/beta-1-adrenergic-receptor-beta-1-adrenergic-receptor,390,0.5,false,false,hub,hub
target/acetylcholinesterase-acetylcholinesterase,target/hepatocyte-growth-factor-receptor-hepatocyte-growth-factor-receptor,390,0.5,false,false,hub,hub
target/acetylcholinesterase-acetylcholinesterase,target/map-kinase-p38-beta,390,0.5,false,false,hub,hub
target/acetylcholinesterase-acetylcholinesterase,target/thromboxane-a2-receptor,390,0.5,false,false,hub,hub
target/acetylcholinesterase-acetylcholinesterase,target/vitamin-d-receptor,390,0.5,false,false,hub,hub
target/acha,target/amine-oxidase-flavin-containing-a,390,0.5,false,false,hub,hub
target/acyl-coenzyme-a-cholesterol-acyltransferase-1,target/cyclin-dependent-kinase-2-cyclin-e,390,0.5,false,false,hub,hub
target/acyl-coenzyme-a-cholesterol-acyltransferase-1,target/hepatocyte-growth-factor-receptor-hepatocyte-growth-factor-receptor,390,0.5,false,false,hub,hub
target/acyl-coenzyme-a-cholesterol-acyltransferase-1,target/sstr3,390,0.5,false,false,hub,hub
target/adrenergic-receptor-alpha-1,target/arachidonate-5-lipoxygenase,390,0.5,false,false,hub,hub
target/adrenergic-receptor-alpha-1,target/vitamin-d-receptor,390,0.5,false,false,hub,hub
target/adrenergic-receptor-alpha-2,target/kcnk2,390,0.5,false,false,hub,hub
target/adrenergic-receptor-alpha-2,target/monoamine-oxidase-b,390,0.5,false,false,hub,hub
target/aldo-keto-reductase-family-1-member-b,target/pd2r,390,0.5,false,false,hub,hub
target/alpha-1a-adrenergic-receptor,target/kir2-3,390,0.5,false,false,hub,hub
target/alpha-1a-adrenergic-receptor,target/pgrc1,390,0.5,false,false,hub,hub
target/alpha-1a-adrenergic-receptor,target/pncb,390,0.5,false,false,hub,hub
target/alpha-2a-adrenergic-receptor,target/human-immunodeficiency-virus-type-1-protease,390,0.5,false,false,hub,hub
target/alpha-2a-adrenergic-receptor-alpha-2a-adrenergic-receptor,target/carbonic-anhydrase-vii,390,0.5,false,false,hub,hub
target/alpha-2a-adrenergic-receptor-alpha-2a-adrenergic-receptor,target/finc,390,0.5,false,false,hub,hub
target/alpha-2a-adrenergic-receptor-alpha-2a-adrenergic-receptor,target/herg,390,0.5,false,false,hub,hub
target/alpha-2a-adrenergic-receptor-alpha-2a-adrenergic-receptor,target/voltage-gated-t-type-calcium-channel,390,0.5,false,false,hub,hub
target/alpha-2a-adrenergic-receptor-alpha-2a-adrenergic-receptor,target/xdh,390,0.5,false,false,hub,hub
target/amine-oxidase-flavin-containing-a,target/at1-receptor,390,0.5,false,false,hub,hub
target/amine-oxidase-flavin-containing-a,target/cell-growth,390,0.5,false,false,hub,hub
target/amine-oxidase-flavin-containing-a,target/net,390,0.5,false,false,hub,hub
target/anandamide-amidohydrolase,target/aryl-hydrocarbon-receptor-aryl-hydrocarbon-receptor,390,0.5,false,false,hub,hub
target/anandamide-amidohydrolase,target/kir2-3,390,0.5,false,false,hub,hub
target/angiogenesis,target/chle,390,0.5,false,false,hub,hub
target/angiogenesis,target/cltr2,390,0.5,false,false,hub,hub
target/angiogenesis,target/ptn11,390,0.5,false,false,hub,hub
target/angiogenesis,target/urok,390,0.5,false,false,hub,hub
target/aoc3,target/il13,390,0.5,false,false,hub,hub
target/aoc3,target/integrin-alpha-iib-beta-3,390,0.5,false,false,hub,hub
target/aoc3,target/vitamin-d-receptor,390,0.5,false,false,hub,hub
target/aoxa,target/lat1,390,0.5,false,false,hub,hub
target/aoxa,target/sc5a1,390,0.5,false,false,hub,hub
target/apj,target/kcna5,390,0.5,false,false,hub,hub
target/apj,target/kpym,390,0.5,false,false,hub,hub
target/apj,target/pde9a,390,0.5,false,false,hub,hub
target/apoptosis-regulator-bcl-2,target/arachidonate-5-lipoxygenase-arachidonate-5-lipoxygenase,390,0.5,false,false,hub,hub
target/arachidonate-5-lipoxygenase,target/m5-receptor,390,0.5,false,false,hub,hub
target/arachidonate-5-lipoxygenase,target/serotonin-3-receptor,390,0.5,false,false,hub,hub
target/arachidonate-5-lipoxygenase-arachidonate-5-lipoxygenase,target/co5,390,0.5,false,false,hub,hub
target/arachidonate-5-lipoxygenase-arachidonate-5-lipoxygenase,target/cytochrome-p450-1a1,390,0.5,false,false,hub,hub
target/arachidonate-5-lipoxygenase-arachidonate-5-lipoxygenase,target/kcnj8,390,0.5,false,false,hub,hub
target/arachidonate-5-lipoxygenase-arachidonate-5-lipoxygenase,target/progesterone-receptor-progesterone-receptor-prgr-human,390,0.5,false,false,hub,hub
target/arachidonate-5-lipoxygenase-arachidonate-5-lipoxygenase,target/serine-threonine-protein-kinase-aurora-c,390,0.5,false,false,hub,hub
target/arachidonate-5-lipoxygenase-arachidonate-5-lipoxygenase,target/t2r39,390,0.5,false,false,hub,hub
target/aryl-hydrocarbon-receptor,target/lipid-metabolic-process,390,0.5,false,false,hub,hub
target/aryl-hydrocarbon-receptor,target/sc6a9,390,0.5,false,false,hub,hub
target/aryl-hydrocarbon-receptor-aryl-hydrocarbon-receptor,target/dna-topoisomerase-1,390,0.5,false,false,hub,hub
target/aryl-hydrocarbon-receptor-aryl-hydrocarbon-receptor,target/hypoxia-inducible-factor-1-alpha,390,0.5,false,false,hub,hub
target/asic3,target/cytochrome-p450-2c19,390,0.5,false,false,hub,hub
target/asic3,target/kcna5,390,0.5,false,false,hub,hub
target/asic3,target/serotonin-3-receptor,390,0.5,false,false,hub,hub
target/at1a1,target/kcnk2,390,0.5,false,false,hub,hub
target/atm,target/cyp11b1,390,0.5,false,false,hub,hub
target/atm,target/integrin-alpha-iib-beta-3,390,0.5,false,false,hub,hub
target/atm,target/serotonin-7-receptor,390,0.5,false,false,hub,hub
target/bacterial-dna-gyrase,target/hmdh,390,0.5,false,false,hub,hub
target/bcr-abl-fusion-protein,target/prostaglandin-secretion,390,0.5,false,false,hub,hub
target/beta-1-adrenergic-receptor-beta-1-adrenergic-receptor,target/serotonin-3-receptor,390,0.5,false,false,hub,hub
target/beta-2-adrenergic-receptor-beta-2-adrenergic-receptor,target/kir2-3,390,0.5,false,false,hub,hub
target/beta-amyloid-a4-protein,target/kpym,390,0.5,false,false,hub,hub
target/beta-amyloid-a4-protein,target/monoamine-oxidase-a,390,0.5,false,false,hub,hub
target/beta-amyloid-a4-protein,target/psb8,390,0.5,false,false,hub,hub
target/beta-amyloid-a4-protein,target/response-to-oxidative-stress,390,0.5,false,false,hub,hub
target/bmx,target/cp51,390,0.5,false,false,hub,hub
target/bmx,target/q38720,390,0.5,false,false,hub,hub
target/c-jun-n-terminal-kinase-1,target/cyclin-dependent-kinase-2-cyclin-e,390,0.5,false,false,hub,hub
target/cac1a,target/co5,390,0.5,false,false,hub,hub
target/cac1a,target/cyp11b1,390,0.5,false,false,hub,hub
target/cac1a,target/gper1,390,0.5,false,false,hub,hub
target/cac1a,target/integrin-alpha-iib-beta-3,390,0.5,false,false,hub,hub
target/cac1a,target/kcnj8,390,0.5,false,false,hub,hub
target/cac1a,target/ripk1,390,0.5,false,false,hub,hub
target/carbonic-anhydrase-vii,target/monoamine-oxidase,390,0.5,false,false,hub,hub
target/carbonic-anhydrase-vii,target/opioid-receptors-mu-kappa-delta,390,0.5,false,false,hub,hub
target/casp1,target/kpct,390,0.5,false,false,hub,hub
target/catechol-o-methyltransferase,target/serine-threonine-protein-kinase-aurora-c,390,0.5,false,false,hub,hub
target/catechol-o-methyltransferase,target/serotonin-1b-receptor,390,0.5,false,false,hub,hub
target/cdc7,target/comt,390,0.5,false,false,hub,hub
target/cdc7,target/neprilysin,390,0.5,false,false,hub,hub
target/cdk8,target/m5-receptor,390,0.5,false,false,hub,hub
target/cell-growth,target/dopamine-beta-hydroxylase,390,0.5,false,false,hub,hub
target/cell-proliferation,target/thiazide-sensitive-sodium-chloride-cotransporter,390,0.5,false,false,hub,hub
target/clk1,target/tysy,390,0.5,false,false,hub,hub
target/clk2,target/hmdh,390,0.5,false,false,hub,hub
target/co5,target/q9z1j7,390,0.5,false,false,hub,hub
target/comt,target/err3,390,0.5,false,false,hub,hub
target/comt,target/monoamine-oxidase,390,0.5,false,false,hub,hub
target/comt,target/neuronal-acetylcholine-receptor-alpha3-beta4,390,0.5,false,false,hub,hub
target/comt,target/taar1,390,0.5,false,false,hub,hub
target/cox-2,target/trpc4,390,0.5,false,false,hub,hub
target/cp51,target/mdr1a,390,0.5,false,false,hub,hub
target/ctla4,target/cysteinyl-leukotriene-receptor-1,390,0.5,false,false,hub,hub
target/ctla4,target/ita4,390,0.5,false,false,hub,hub
target/cyclin-dependent-kinase-2-cyclin-e,target/plasmodium-falciparum,390,0.5,false,false,hub,hub
target/cyclin-dependent-kinase-2-cyclin-e,target/topoisomerase-iv,390,0.5,false,false,hub,hub
target/cyclin-dependent-kinase-8,target/human-immunodeficiency-virus-type-1-protease,390,0.5,false,false,hub,hub
target/cyclin-dependent-kinase-8,target/kca2-2,390,0.5,false,false,hub,hub
target/cyclin-dependent-kinase-8,target/pncb,390,0.5,false,false,hub,hub
target/cyp11b1,target/pde9a,390,0.5,false,false,hub,hub
target/cysltr1,target/human-immunodeficiency-virus-type-1-protease,390,0.5,false,false,hub,hub
target/cysteinyl-leukotriene-receptor-1,target/kca2-2,390,0.5,false,false,hub,hub
target/cysteinyl-leukotriene-receptor-1,target/m3k7,390,0.5,false,false,hub,hub
target/cysteinyl-leukotriene-receptor-1,target/tyrosine-protein-kinase-jak3,390,0.5,false,false,hub,hub
target/cysteinyl-leukotriene-receptor-1,target/vasopressin-v2-receptor,390,0.5,false,false,hub,hub
target/cytochrome-p450-2c19,target/mmp13-mmp13,390,0.5,false,false,hub,hub
target/cytochrome-p450-2c19,target/trpc4,390,0.5,false,false,hub,hub
target/dna-topoisomerase-1,target/mycobacterium-tuberculosis-h37rv,390,0.5,false,false,hub,hub
target/dopamine-beta-hydroxylase,target/m5-receptor,390,0.5,false,false,hub,hub
target/dopamine-beta-hydroxylase,target/protein-farnesyltransferase,390,0.5,false,false,hub,hub
target/dopamine-beta-hydroxylase,target/serotonin-2-receptor,390,0.5,false,false,hub,hub
target/estrogen-receptor-2,target/progesterone-receptor-progesterone-receptor-prgr-human,390,0.5,false,false,hub,hub
target/fibroblast-growth-factor-receptor-4,target/thiazide-sensitive-sodium-chloride-cotransporter,390,0.5,false,false,hub,hub
target/fibroblast-growth-factor-receptor-4,target/tspo,390,0.5,false,false,hub,hub
target/finc,target/idhc,390,0.5,false,false,hub,hub
target/finc,target/il13,390,0.5,false,false,hub,hub
target/finc,target/map2,390,0.5,false,false,hub,hub
target/gaba-a-receptor-agonist-gaba-site,target/peptidoglycan-biosynthesis,390,0.5,false,false,hub,hub
target/glua2,target/mmp13-mmp13,390,0.5,false,false,hub,hub
target/glua2,target/trpc4,390,0.5,false,false,hub,hub
target/glun1,target/kv11-1,390,0.5,false,false,hub,hub
target/gpr55,target/m5-receptor,390,0.5,false,false,hub,hub
target/gpr55,target/vrac,390,0.5,false,false,hub,hub
target/gprc6,target/m5-receptor,390,0.5,false,false,hub,hub
target/hca3-receptor,target/q9z1j7,390,0.5,false,false,hub,hub
target/hck,target/kcnq1,390,0.5,false,false,hub,hub
target/hdac9,target/kcnq1,390,0.5,false,false,hub,hub
target/hdac9,target/mycobacterium-tuberculosis,390,0.5,false,false,hub,hub
target/hepatitis-b-virus,target/urok,390,0.5,false,false,hub,hub
target/hepatitis-c-virus,target/kpcd1,390,0.5,false,false,hub,hub
target/hepatitis-c-virus,target/kpym,390,0.5,false,false,hub,hub
target/hepatitis-c-virus,target/mmp12,390,0.5,false,false,hub,hub
target/hepg2,target/vitamin-d-receptor,390,0.5,false,false,hub,hub
target/hmdh,target/ighe,390,0.5,false,false,hub,hub
target/hmdh,target/kv11-1,390,0.5,false,false,hub,hub
target/hmdh,target/opioid-receptors-mu-kappa-delta,390,0.5,false,false,hub,hub
target/hmdh,target/sodium-glucose-cotransporter-2-sodium-glucose-cotransporter-2,390,0.5,false,false,hub,hub
target/hmdh,target/tn13b,390,0.5,false,false,hub,hub
target/hmg-coa-reductase,target/p2y2-receptor,390,0.5,false,false,hub,hub
target/human-immunodeficiency-virus-type-1-protease,target/macrophage-stimulating-protein-receptor,390,0.5,false,false,hub,hub
target/human-immunodeficiency-virus-type-1-protease,target/pncb,390,0.5,false,false,hub,hub
target/human-immunodeficiency-virus-type-1-protease,target/serotonin-2-receptor-chembl2095200,390,0.5,false,false,hub,hub
target/hypoxia-inducible-factor-1-alpha,target/kir2-3,390,0.5,false,false,hub,hub
target/hypoxia-inducible-factor-1-alpha,target/prostaglandin-secretion,390,0.5,false,false,hub,hub
target/il13,target/m5-receptor,390,0.5,false,false,hub,hub
target/integrin-alpha-iib-beta-3,target/pde9a,390,0.5,false,false,hub,hub
target/integrin-alpha-iib-beta-3,target/phosphodiesterase-4a-phosphodiesterase-4a,390,0.5,false,false,hub,hub
target/ita4,target/pgrc1,390,0.5,false,false,hub,hub
target/ita4,target/tlr4,390,0.5,false,false,hub,hub
target/kca2-2,target/pncb,390,0.5,false,false,hub,hub
target/kcma1,target/monoamine-oxidase-a,390,0.5,false,false,hub,hub
target/kcnj8,target/q9z1j7,390,0.5,false,false,hub,hub
target/kcnk2,target/monoamine-oxidase-a,390,0.5,false,false,hub,hub
target/kcnk2,target/net,390,0.5,false,false,hub,hub
target/kcnk2,target/serotonin-1d-receptor,390,0.5,false,false,hub,hub
target/kcnk2,target/smooth-muscle-contraction,390,0.5,false,false,hub,hub
target/kir2-3,target/pd2r,390,0.5,false,false,hub,hub
target/klrba,target/ren,390,0.5,false,false,hub,hub
target/kna1-2,target/thiazide-sensitive-sodium-chloride-cotransporter,390,0.5,false,false,hub,hub
target/kpct,target/nitric-oxide-synthase-inducible,390,0.5,false,false,hub,hub
target/kpct,target/sstr3,390,0.5,false,false,hub,hub
target/kv11-1,target/neprilysin,390,0.5,false,false,hub,hub
target/lt4r2,target/m5-receptor,390,0.5,false,false,hub,hub
target/m3k7,target/ren,390,0.5,false,false,hub,hub
target/map-kinase-p38-beta,target/serum-albumin,390,0.5,false,false,hub,hub
target/map-kinase-p38-beta,target/streptococcus-pneumoniae,390,0.5,false,false,hub,hub
target/map2,target/sstr5,390,0.5,false,false,hub,hub
target/matrix-metalloproteinase-1,target/plasmodium-falciparum,390,0.5,false,false,hub,hub
target/matrix-metalloproteinase-13,target/serum-albumin,390,0.5,false,false,hub,hub
target/mmp12,target/sstr3,390,0.5,false,false,hub,hub
target/mmp12,target/thiazide-sensitive-sodium-chloride-cotransporter,390,0.5,false,false,hub,hub
target/mmp12,target/tspo,390,0.5,false,false,hub,hub
target/mmp13-mmp13,target/protein-farnesyltransferase,390,0.5,false,false,hub,hub
target/monoamine-oxidase,target/trpv3,390,0.5,false,false,hub,hub
target/monoamine-oxidase-b,target/serotonin-1d-receptor,390,0.5,false,false,hub,hub
target/monoamine-oxidase-b,target/smooth-muscle-contraction,390,0.5,false,false,hub,hub
target/mu-type-opioid-receptor,target/muscarinic-acetylcholine-receptor-m4,390,0.5,false,false,hub,hub
target/mu-type-opioid-receptor,target/plasmodium-falciparum,390,0.5,false,false,hub,hub
target/mu-type-opioid-receptor,target/serotonin-2-receptor,390,0.5,false,false,hub,hub
target/muscarinic-acetylcholine-receptor-m4,target/trace-amine-associated-receptor-1,390,0.5,false,false,hub,hub
target/muscarinic-acetylcholine-receptor-m4,target/tspo,390,0.5,false,false,hub,hub
target/muscarinic-acetylcholine-receptor-m4,target/type-1-angiotensin-ii-receptor-type-1-angiotensin-ii-receptor,390,0.5,false,false,hub,hub
target/mycobacterium-tuberculosis-h37rv,target/scn1b,390,0.5,false,false,hub,hub
target/neprilysin,target/oxytocin-receptor,390,0.5,false,false,hub,hub
target/neprilysin,target/serine-threonine-protein-kinase-aurora-c,390,0.5,false,false,hub,hub
target/neuronal-acetylcholine-receptor-alpha3-beta4,target/streptococcus-pneumoniae,390,0.5,false,false,hub,hub
target/oxytocin-receptor,target/vrac,390,0.5,false,false,hub,hub
target/p2y2-receptor,target/scn1b,390,0.5,false,false,hub,hub
target/pd2r,target/sulfonylurea-receptors-k-atp-channels,390,0.5,false,false,hub,hub
target/pde9a,target/ripk1,390,0.5,false,false,hub,hub
target/pdpk1,target/pncb,390,0.5,false,false,hub,hub
target/peroxisome-proliferator-activated-receptor,target/peroxisome-proliferator-activated-receptor-peroxisome-proliferator-activated-receptor,390,0.5,false,false,hub,hub
target/pgrc1,target/ptafr,390,0.5,false,false,hub,hub
target/pgrc1,target/sc6a9,390,0.5,false,false,hub,hub
target/phosphodiesterase-4a-phosphodiesterase-4a,target/sstr3,390,0.5,false,false,hub,hub
target/phosphodiesterase-4a-phosphodiesterase-4a,target/tspo,390,0.5,false,false,hub,hub
target/plasmodium-falciparum,target/type-1-angiotensin-ii-receptor-type-1-angiotensin-ii-receptor,390,0.5,false,false,hub,hub
target/plasmodium-falciparum,target/vitamin-d-receptor,390,0.5,false,false,hub,hub
target/platelet-activating-factor-receptor,target/vrac,390,0.5,false,false,hub,hub
target/pncb,target/ptger1,390,0.5,false,false,hub,hub
target/pncb,target/ptn11,390,0.5,false,false,hub,hub
target/prostaglandin-biosynthetic-process,target/serotonin-2-receptor,390,0.5,false,false,hub,hub
target/prostaglandin-biosynthetic-process,target/serum-albumin,390,0.5,false,false,hub,hub
target/protein-farnesyltransferase,target/sstr3,390,0.5,false,false,hub,hub
target/q9z1j7,target/serotonin-1b-receptor,390,0.5,false,false,hub,hub
target/q9z1j7,target/t2r31,390,0.5,false,false,hub,hub
target/scn1b,target/serotonin-3-receptor-chembl2111332,390,0.5,false,false,hub,hub
target/serotonin-1a-receptor-chembl273,target/serotonin-3-receptor-chembl2111332,390,0.5,false,false,hub,hub
target/serotonin-1d-receptor,target/thromboxane-a2-receptor,390,0.5,false,false,hub,hub
target/serotonin-2-receptor,target/thromboxane-a2-receptor,390,0.5,false,false,hub,hub
target/serotonin-2a-receptor-chembl322,target/serum-albumin,390,0.5,false,false,hub,hub
target/serotonin-3-receptor-chembl2111332,target/vasopressin-v2-receptor,390,0.5,false,false,hub,hub
target/serotonin-7-receptor,target/topoisomerase-iv,390,0.5,false,false,hub,hub
target/topoisomerase-iv,target/trace-amine-associated-receptor-1,390,0.5,false,false,hub,hub
target/topoisomerase-iv,target/type-1-angiotensin-ii-receptor-type-1-angiotensin-ii-receptor,390,0.5,false,false,hub,hub
target/trpc5,target/tspo,390,0.5,false,false,hub,hub
target/urok,target/xanthine-dehydrogenase,390,0.5514,false,false,hub,hub
